L22 SSIP denoised F3 0.65625 Hz
10.000000
11
0
Type of measurement (0=app. resistivity,1=resistance)
1
1816                
1
1
Phase Angle
mrad
0,0.65625
Error estimate for data present
Type of error estimate (0=same unit as data)
0
3  -20.000000    87.212000     200.000000    103.693000    240.000000    107.318000    1.50217E-02  3.93313E-04  9.072170  58.259200
3  -20.000000    87.212000     240.000000    107.318000    280.000000    107.758000    9.51037E-03  2.69197E-04  10.989900  68.363100
3  -20.000000    87.212000     280.000000    107.758000    320.000000    109.059000    8.97496E-03  2.67169E-04  10.532600  70.750500
3  -20.000000    87.212000     320.000000    109.059000    400.000000    112.646000    1.15794E-02  3.17673E-04  11.064600  61.456400
3  -20.000000    87.212000     360.000000    107.422000    440.000000    114.190000    1.17494E-02  3.22616E-04  10.335000  61.470500
3  -20.000000    87.212000     400.000000    112.646000    480.000000    115.862000    1.03157E-02  2.92348E-04  10.069800  68.389800
3  -20.000000    87.212000     440.000000    114.190000    520.000000    117.315000    6.38529E-03  2.04758E-04  10.288100  73.604700
3  -20.000000    87.212000     480.000000    115.862000    560.000000    107.062000    4.71358E-03  1.51380E-04  10.946800  73.463200
3  -20.000000    87.212000     520.000000    117.315000    600.000000    109.602000    4.58996E-03  1.47493E-04  10.128300  73.467200
3  -20.000000    87.212000     560.000000    107.062000    640.000000    94.241000     4.00310E-03  1.35440E-04  8.573700  74.207200
3  -20.000000    87.212000     600.000000    109.602000    680.000000    91.001000     4.30234E-03  1.45839E-04  8.703370  74.217100
3  -20.000000    87.212000     640.000000    94.241000     800.000000    112.086000    7.74640E-03  2.32057E-04  10.057000  70.775600
3  -20.000000    87.212000     680.000000    91.001000     840.000000    110.374000    6.97211E-03  2.24989E-04  9.394030  73.610400
3  -20.000000    87.212000     720.000000    99.688000     880.000000    97.963000     6.66360E-03  2.15194E-04  9.152840  73.609100
3  -20.000000    87.212000     760.000000    109.364000    920.000000    98.528000     6.91181E-03  2.25887E-04  8.190130  73.614300
3  -20.000000    87.212000     800.000000    112.086000    960.000000    99.983000     6.90607E-03  2.25663E-04  7.471670  73.604000
3  -20.000000    87.212000     840.000000    110.374000    1000.000000   109.284000    6.95671E-03  2.27079E-04  7.478960  73.593600
3  -20.000000    87.212000     880.000000    97.963000     1040.000000   125.393000    6.66059E-03  2.17244E-04  7.912870  73.587900
3  -20.000000    87.212000     920.000000    98.528000     1080.000000   127.088000    5.56061E-03  1.79760E-04  8.597700  73.450800
3  -20.000000    87.212000     960.000000    99.983000     1120.000000   112.650000    4.95462E-03  1.59983E-04  9.462730  73.449700
3  -20.000000    87.212000     1000.000000   109.284000    1160.000000   107.119000    4.98630E-03  1.60691E-04  13.642300  73.448800
3  -20.000000    87.212000     1040.000000   125.393000    1200.000000   112.156000    4.41854E-03  1.49872E-04  16.502200  74.192800
3  -20.000000    87.212000     1080.000000   127.088000    1240.000000   121.717000    4.35549E-03  1.47566E-04  18.941300  74.191800
3  -20.000000    87.212000     1120.000000   112.650000    1280.000000   118.242000    4.12996E-03  1.39863E-04  21.365500  74.192600
3  -20.000000    87.212000     1160.000000   107.119000    1320.000000   121.622000    3.31354E-03  1.12191E-04  22.214700  74.195300
3  -20.000000    87.212000     1200.000000   112.156000    1360.000000   139.168000    3.52392E-03  1.19197E-04  26.195900  74.190100
3  -20.000000    87.212000     1240.000000   121.717000    1400.000000   152.179000    3.56704E-03  1.20611E-04  27.144600  74.190600
3  -20.000000    87.212000     2000.000000   66.527000     2160.000000   41.041000     1.36397E-03  6.97703E-05  76.193600  123.455000
3  -20.000000    87.212000     2040.000000   61.428000     2200.000000   41.028000     8.42984E-04  4.30509E-05  134.198000  123.927000
3  -20.000000    87.212000     1280.000000   118.242000    1600.000000   139.326000    6.72949E-03  2.15627E-04  24.410500  73.586000
3  -20.000000    87.212000     1320.000000   121.622000    1640.000000   117.482000    7.28572E-03  2.33606E-04  22.436400  73.586700
3  -20.000000    87.212000     1360.000000   139.168000    1680.000000   108.805000    7.83344E-03  2.51439E-04  18.687000  73.586800
3  -20.000000    87.212000     1400.000000   152.179000    1720.000000   105.823000    8.11421E-03  2.60391E-04  16.909300  73.586700
3  -20.000000    87.212000     1440.000000   160.534000    1760.000000   106.406000    8.83306E-03  2.63125E-04  15.216800  70.747700
3  -20.000000    87.212000     1480.000000   164.497000    1800.000000   92.674000     8.82789E-03  2.62997E-04  13.444000  70.747500
3  -20.000000    87.212000     1520.000000   168.092000    1840.000000   86.557000     8.89841E-03  2.65117E-04  12.761900  70.747500
3  -20.000000    87.212000     1560.000000   155.128000    1880.000000   78.369000     9.30251E-03  2.77247E-04  13.088600  70.747200
3  -20.000000    87.212000     1600.000000   139.326000    1920.000000   69.798000     9.24751E-03  2.75430E-04  14.818700  70.747500
3  -20.000000    87.212000     1640.000000   117.482000    1960.000000   70.212000     8.71045E-03  2.59404E-04  16.380900  70.747000
3  -20.000000    87.212000     1680.000000   108.805000    2000.000000   66.527000     7.48249E-03  2.40017E-04  18.312500  73.584900
3  -20.000000    87.212000     1720.000000   105.823000    2040.000000   61.428000     6.55339E-03  2.10184E-04  19.566000  73.584700
3  -20.000000    87.212000     1760.000000   106.406000    2080.000000   55.293000     5.21571E-03  1.67401E-04  22.942800  73.449300
3  -20.000000    87.212000     1800.000000   92.674000     2120.000000   43.879000     4.71155E-03  1.59043E-04  32.303600  74.193400
3  -20.000000    87.212000     1840.000000   86.557000     2160.000000   41.041000     4.35050E-03  1.47507E-04  42.604500  74.197100
3  -20.000000    87.212000     1880.000000   78.369000     2200.000000   41.028000     2.97922E-03  1.19460E-04  60.843100  81.854400
3  -20.000000    87.212000     1920.000000   69.798000     2240.000000   41.064000     2.51760E-03  1.00394E-04  74.839100  81.765800
3  -20.000000    87.212000     1960.000000   70.212000     2280.000000   42.996000     1.92831E-03  7.70086E-05  100.205000  81.731700
3  60.000000     93.431000     200.000000    103.693000    240.000000    107.318000    3.91278E-02  4.86531E-04  10.143800  24.326000
3  60.000000     93.431000     240.000000    107.318000    280.000000    107.758000    2.13208E-02  4.71927E-04  2.311210  45.482500
3  60.000000     93.431000     280.000000    107.758000    320.000000    109.059000    2.04213E-02  4.70729E-04  8.329390  50.541100
3  60.000000     93.431000     320.000000    109.059000    360.000000    107.422000    1.22650E-02  3.36463E-04  7.023020  61.452000
3  60.000000     93.431000     360.000000    107.422000    400.000000    112.646000    1.14952E-02  3.15595E-04  7.874170  61.453500
3  60.000000     93.431000     400.000000    112.646000    480.000000    115.862000    2.01738E-02  4.65571E-04  9.443710  50.540200
3  60.000000     93.431000     440.000000    114.190000    520.000000    117.315000    1.24162E-02  3.40835E-04  9.957760  61.451700
3  60.000000     93.431000     480.000000    115.862000    560.000000    107.062000    9.06176E-03  2.69627E-04  11.330000  70.745800
3  60.000000     93.431000     520.000000    117.315000    600.000000    109.602000    8.55661E-03  2.54681E-04  12.250400  70.746000
3  60.000000     93.431000     560.000000    107.062000    640.000000    94.241000     7.36905E-03  2.36319E-04  12.578600  73.585100
3  60.000000     93.431000     600.000000    109.602000    680.000000    91.001000     7.71854E-03  2.29881E-04  15.040500  70.746700
3  60.000000     93.431000     640.000000    94.241000     720.000000    99.688000     7.68029E-03  2.46629E-04  17.306800  73.586900
3  60.000000     93.431000     680.000000    91.001000     760.000000    109.364000    6.83695E-03  2.19554E-04  19.193200  73.586700
3  60.000000     93.431000     720.000000    99.688000     880.000000    97.963000     1.13568E-02  3.12244E-04  22.367500  61.451800
3  60.000000     93.431000     760.000000    109.364000    920.000000    98.528000     1.17257E-02  3.33042E-04  23.233200  61.454200
3  60.000000     93.431000     800.000000    112.086000    960.000000    99.983000     1.16016E-02  3.28717E-04  24.340400  61.455800
3  60.000000     93.431000     840.000000    110.374000    1000.000000   109.284000    1.15215E-02  3.25890E-04  26.061200  61.458100
3  60.000000     93.431000     880.000000    97.963000     1040.000000   125.393000    1.08928E-02  3.17852E-04  27.856700  68.369900
3  60.000000     93.431000     920.000000    98.528000     1080.000000   127.088000    8.93793E-03  2.66197E-04  29.717600  70.753600
3  60.000000     93.431000     960.000000    99.983000     1120.000000   112.650000    7.93982E-03  2.36505E-04  31.330800  70.752600
3  60.000000     93.431000     1000.000000   109.284000    1160.000000   107.119000    7.97186E-03  2.37397E-04  34.838000  70.772000
3  60.000000     93.431000     1040.000000   125.393000    1200.000000   112.156000    7.05894E-03  2.26525E-04  37.734600  73.614800
3  60.000000     93.431000     1080.000000   127.088000    1240.000000   121.717000    6.97127E-03  2.23606E-04  40.285600  73.620200
3  60.000000     93.431000     1120.000000   112.650000    1280.000000   118.242000    6.60501E-03  2.11812E-04  43.007700  73.627800
3  60.000000     93.431000     1160.000000   107.119000    1320.000000   121.622000    5.32685E-03  1.70990E-04  46.986700  73.466000
3  60.000000     93.431000     1200.000000   112.156000    1360.000000   139.168000    5.64903E-03  1.81179E-04  49.888000  73.594500
3  60.000000     93.431000     1240.000000   121.717000    1400.000000   152.179000    5.66329E-03  1.81733E-04  53.407200  73.534600
3  60.000000     93.431000     1280.000000   118.242000    1440.000000   160.534000    5.60617E-03  1.79959E-04  57.665600  73.524400
3  60.000000     93.431000     1320.000000   121.622000    1480.000000   164.497000    5.87530E-03  1.88208E-04  61.399900  73.693300
3  60.000000     93.431000     2040.000000   61.428000     2200.000000   41.028000     1.20598E-03  6.36972E-05  132.981000  125.874000
3  60.000000     93.431000     1360.000000   139.168000    1680.000000   108.805000    1.21723E-02  3.33231E-04  78.952100  61.467000
3  60.000000     93.431000     1400.000000   152.179000    1720.000000   105.823000    1.26207E-02  3.45526E-04  84.641900  61.464800
3  60.000000     93.431000     1440.000000   160.534000    1760.000000   106.406000    1.37390E-02  3.58402E-04  89.580200  58.053800
3  60.000000     93.431000     1480.000000   164.497000    1800.000000   92.674000     1.37386E-02  3.58374E-04  93.488700  58.050400
3  60.000000     93.431000     1520.000000   168.092000    1840.000000   86.557000     1.38412E-02  3.61041E-04  96.971200  58.048300
3  60.000000     93.431000     1560.000000   155.128000    1880.000000   78.369000     1.44610E-02  3.77205E-04  101.411000  58.044300
3  60.000000     93.431000     1600.000000   139.326000    1920.000000   69.798000     1.43622E-02  3.74622E-04  105.828000  58.042900
3  60.000000     93.431000     1640.000000   117.482000    1960.000000   70.212000     1.35083E-02  3.52375E-04  111.480000  58.039900
3  60.000000     93.431000     1680.000000   108.805000    2000.000000   66.527000     1.15771E-02  3.17028E-04  116.794000  61.446600
3  60.000000     93.431000     1720.000000   105.823000    2040.000000   61.428000     1.01307E-02  2.86361E-04  120.330000  68.357900
3  60.000000     93.431000     1760.000000   106.406000    2080.000000   55.293000     8.04947E-03  2.39214E-04  125.726000  70.743500
3  60.000000     93.431000     1800.000000   92.674000     2120.000000   43.879000     7.20225E-03  2.30621E-04  129.995000  73.582600
3  60.000000     93.431000     1840.000000   86.557000     2160.000000   41.041000     6.56103E-03  2.10308E-04  135.772000  73.761300
3  60.000000     93.431000     1880.000000   78.369000     2200.000000   41.028000     4.49638E-03  1.45270E-04  138.120000  73.490100
3  140.000000    106.294000    280.000000    107.758000    320.000000    109.059000    3.53212E-02  4.73117E-04  7.835610  30.523100
3  140.000000    106.294000    320.000000    109.059000    360.000000    107.422000    2.01742E-02  4.63165E-04  4.577690  50.533300
3  140.000000    106.294000    360.000000    107.422000    400.000000    112.646000    1.80320E-02  4.08385E-04  8.587720  50.476200
3  140.000000    106.294000    400.000000    112.646000    440.000000    114.190000    1.78887E-02  4.05372E-04  9.217130  50.483000
3  140.000000    106.294000    440.000000    114.190000    480.000000    115.862000    1.23001E-02  3.37020E-04  9.084910  61.459400
3  140.000000    106.294000    480.000000    115.862000    560.000000    107.062000    1.28196E-02  3.51117E-04  10.381500  61.458700
3  140.000000    106.294000    520.000000    117.315000    600.000000    109.602000    1.19046E-02  3.26092E-04  11.616900  61.462600
3  140.000000    106.294000    560.000000    107.062000    640.000000    94.241000     1.00277E-02  2.83465E-04  12.149600  68.372700
3  140.000000    106.294000    600.000000    109.602000    680.000000    91.001000     1.03669E-02  2.93141E-04  14.821200  68.378600
3  140.000000    106.294000    640.000000    94.241000     720.000000    99.688000     1.01599E-02  2.87375E-04  17.431900  68.383200
3  140.000000    106.294000    680.000000    91.001000     760.000000    109.364000    8.92190E-03  2.65310E-04  19.365700  70.765400
3  140.000000    106.294000    720.000000    99.688000     800.000000    112.086000    7.60396E-03  2.26118E-04  22.542700  70.761300
3  140.000000    106.294000    760.000000    109.364000    840.000000    110.374000    6.83147E-03  2.18937E-04  21.541800  73.598200
3  140.000000    106.294000    800.000000    112.086000    960.000000    99.983000     1.48161E-02  3.87966E-04  23.832800  58.061500
3  140.000000    106.294000    840.000000    110.374000    1000.000000   109.284000    1.46361E-02  3.83514E-04  24.763300  58.058300
3  140.000000    106.294000    880.000000    97.963000     1040.000000   125.393000    1.37471E-02  3.60494E-04  25.328800  58.054000
3  140.000000    106.294000    920.000000    98.528000     1080.000000   127.088000    1.12087E-02  3.08228E-04  25.017700  61.455900
3  140.000000    106.294000    960.000000    99.983000     1120.000000   112.650000    9.87985E-03  2.80263E-04  24.974100  68.363600
3  140.000000    106.294000    1000.000000   109.284000    1160.000000   107.119000    9.83031E-03  2.79177E-04  26.921700  68.361200
3  140.000000    106.294000    1040.000000   125.393000    1200.000000   112.156000    8.63668E-03  2.57707E-04  27.761400  70.749600
3  140.000000    106.294000    1080.000000   127.088000    1240.000000   121.717000    8.47394E-03  2.52813E-04  28.530700  70.748400
3  140.000000    106.294000    1120.000000   112.650000    1280.000000   118.242000    7.98242E-03  2.38191E-04  29.219200  70.748800
3  140.000000    106.294000    1160.000000   107.119000    1320.000000   121.622000    6.38261E-03  2.04801E-04  29.715200  73.591400
3  140.000000    106.294000    1200.000000   112.156000    1360.000000   139.168000    6.71431E-03  2.15419E-04  30.067300  73.585200
3  140.000000    106.294000    1240.000000   121.717000    1400.000000   152.179000    6.65949E-03  2.13658E-04  22.663000  73.589900
3  140.000000    106.294000    1280.000000   118.242000    1440.000000   160.534000    6.53391E-03  2.09616E-04  16.919300  73.589500
3  140.000000    106.294000    1320.000000   121.622000    1480.000000   164.497000    6.78436E-03  2.17714E-04  9.280520  73.589100
3  140.000000    106.294000    1360.000000   139.168000    1520.000000   168.092000    6.06668E-03  1.94552E-04  1.211790  73.588500
3  140.000000    106.294000    1400.000000   152.179000    1560.000000   155.128000    5.69635E-03  1.82615E-04  2.658400  73.588800
3  220.000000    103.976000    0.000000      85.461000     40.000000     89.773000     4.95604E-02  5.24721E-04  0.990140  8.952910
3  220.000000    103.976000    40.000000     89.773000     80.000000     95.232000     3.80734E-02  4.65965E-04  4.826830  24.290000
3  220.000000    103.976000    80.000000     95.232000     120.000000    103.752000    4.75551E-02  5.03490E-04  10.528000  8.952910
3  220.000000    103.976000    360.000000    107.422000    400.000000    112.646000    3.01682E-02  4.86486E-04  11.342600  36.347200
3  220.000000    103.976000    400.000000    112.646000    440.000000    114.190000    2.77867E-02  4.48825E-04  6.279380  36.348000
3  220.000000    103.976000    440.000000    114.190000    480.000000    115.862000    1.83191E-02  4.21112E-04  5.783150  50.530900
3  220.000000    103.976000    480.000000    115.862000    520.000000    117.315000    8.44378E-03  2.50936E-04  6.677320  70.743200
3  220.000000    103.976000    520.000000    117.315000    560.000000    107.062000    9.67162E-03  2.73544E-04  6.908660  68.358200
3  220.000000    103.976000    560.000000    107.062000    640.000000    94.241000     1.33690E-02  3.66268E-04  7.365190  61.447100
3  220.000000    103.976000    600.000000    109.602000    680.000000    91.001000     1.35114E-02  3.52781E-04  9.272820  58.039600
3  220.000000    103.976000    640.000000    94.241000     720.000000    99.688000     1.29903E-02  3.55950E-04  11.270300  61.447700
3  220.000000    103.976000    680.000000    91.001000     760.000000    109.364000    1.12314E-02  3.17524E-04  12.486600  68.358500
3  220.000000    103.976000    720.000000    99.688000     800.000000    112.086000    9.43738E-03  2.80446E-04  14.692900  70.743800
3  220.000000    103.976000    760.000000    109.364000    840.000000    110.374000    8.43417E-03  2.50614E-04  13.908200  70.743900
3  220.000000    103.976000    800.000000    112.086000    880.000000    97.963000     8.69529E-03  2.58379E-04  13.517500  70.744400
3  220.000000    103.976000    840.000000    110.374000    920.000000    98.528000     1.00242E-02  2.83372E-04  15.069500  68.360600
3  220.000000    103.976000    880.000000    97.963000     1040.000000   125.393000    1.65545E-02  3.74676E-04  16.067400  50.474500
3  220.000000    103.976000    920.000000    98.528000     1080.000000   127.088000    1.34227E-02  3.50192E-04  16.360300  58.042600
3  220.000000    103.976000    960.000000    99.983000     1120.000000   112.650000    1.17824E-02  3.22594E-04  16.711400  61.450000
3  220.000000    103.976000    1000.000000   109.284000    1160.000000   107.119000    1.16778E-02  3.19733E-04  19.790800  61.448600
3  220.000000    103.976000    1040.000000   125.393000    1200.000000   112.156000    1.02293E-02  2.89039E-04  21.599600  68.367700
3  220.000000    103.976000    1080.000000   127.088000    1240.000000   121.717000    1.00167E-02  2.83054E-04  23.694400  68.365800
3  220.000000    103.976000    1120.000000   112.650000    1280.000000   118.242000    9.41976E-03  2.66209E-04  25.655400  68.365900
3  220.000000    103.976000    1160.000000   107.119000    1320.000000   121.622000    7.51437E-03  2.40644E-04  27.282500  73.593600
3  220.000000    103.976000    1200.000000   112.156000    1360.000000   139.168000    7.89880E-03  2.34853E-04  30.983500  70.743600
3  220.000000    103.976000    1240.000000   121.717000    1400.000000   152.179000    7.83553E-03  2.33108E-04  28.169200  70.743600
3  220.000000    103.976000    1280.000000   118.242000    1440.000000   160.534000    7.69121E-03  2.28901E-04  27.040800  70.743700
3  220.000000    103.976000    1320.000000   121.622000    1480.000000   164.497000    7.99156E-03  2.37900E-04  24.619100  70.744300
3  220.000000    103.976000    1400.000000   152.179000    1560.000000   155.128000    6.70776E-03  2.15053E-04  22.161500  73.583200
3  220.000000    103.976000    1440.000000   160.534000    1600.000000   139.326000    6.55776E-03  2.10090E-04  22.206500  73.582900
3  220.000000    103.976000    1480.000000   164.497000    1640.000000   117.482000    7.24660E-03  2.32493E-04  23.593500  73.582900
3  220.000000    103.976000    1520.000000   168.092000    1840.000000   86.557000     1.80548E-02  4.10669E-04  24.272400  50.470300
3  220.000000    103.976000    1560.000000   155.128000    1880.000000   78.369000     1.87940E-02  4.33628E-04  24.901300  50.530000
3  220.000000    103.976000    1600.000000   139.326000    1920.000000   69.798000     1.86064E-02  4.23337E-04  25.280200  50.470000
3  220.000000    103.976000    1640.000000   117.482000    1960.000000   70.212000     1.74220E-02  3.96065E-04  25.488100  50.469800
3  220.000000    103.976000    1680.000000   108.805000    2000.000000   66.527000     1.48700E-02  3.87888E-04  25.301800  58.038500
3  220.000000    103.976000    1720.000000   105.823000    2040.000000   61.428000     1.29776E-02  3.55286E-04  25.642200  61.446400
3  220.000000    103.976000    1760.000000   106.406000    2080.000000   55.293000     1.02748E-02  2.90306E-04  27.048600  68.357500
3  220.000000    103.976000    1800.000000   92.674000     2120.000000   43.879000     9.13740E-03  2.71423E-04  28.001700  70.742800
3  220.000000    103.976000    1840.000000   86.557000     2160.000000   41.041000     8.29795E-03  2.46611E-04  29.165300  70.743500
3  220.000000    103.976000    1880.000000   78.369000     2200.000000   41.028000     5.65744E-03  1.81937E-04  32.171200  73.448500
3  300.000000    106.205000    40.000000     89.773000     80.000000     95.232000     2.51226E-02  4.37128E-04  5.070310  37.102900
3  300.000000    106.205000    80.000000     95.232000     120.000000    103.752000    2.45978E-02  4.27997E-04  9.576230  37.102900
3  300.000000    106.205000    120.000000    103.752000    160.000000    106.465000    2.48721E-02  4.32770E-04  5.623680  37.102900
3  300.000000    106.205000    160.000000    106.465000    200.000000    103.693000    4.68640E-02  5.25866E-04  6.391580  15.460700
3  300.000000    106.205000    440.000000    114.190000    480.000000    115.862000    3.58056E-02  4.41576E-04  6.173140  24.290700
3  300.000000    106.205000    480.000000    115.862000    520.000000    117.315000    1.53890E-02  4.01662E-04  6.395330  58.038600
3  300.000000    106.205000    520.000000    117.315000    560.000000    107.062000    1.62294E-02  3.67714E-04  7.305720  50.469800
3  300.000000    106.205000    560.000000    107.062000    600.000000    109.602000    1.05061E-02  2.96995E-04  8.525680  68.357400
3  300.000000    106.205000    600.000000    109.602000    640.000000    94.241000     1.03022E-02  2.91304E-04  8.035050  68.357400
3  300.000000    106.205000    640.000000    94.241000     720.000000    99.688000     1.87135E-02  4.30132E-04  12.745500  50.529600
3  300.000000    106.205000    680.000000    91.001000     760.000000    109.364000    1.57416E-02  3.56851E-04  14.237100  50.469700
3  300.000000    106.205000    720.000000    99.688000     800.000000    112.086000    1.28046E-02  3.50979E-04  16.456400  61.446500
3  300.000000    106.205000    760.000000    109.364000    840.000000    110.374000    1.13283E-02  3.20464E-04  15.519300  68.357500
3  300.000000    106.205000    800.000000    112.086000    880.000000    97.963000     1.15612E-02  3.17168E-04  15.295700  61.446600
3  300.000000    106.205000    840.000000    110.374000    920.000000    98.528000     1.31810E-02  3.62317E-04  17.495500  61.446800
3  300.000000    106.205000    880.000000    97.963000     960.000000    99.983000     1.21464E-02  3.34105E-04  19.187400  61.447200
3  300.000000    106.205000    920.000000    98.528000     1000.000000   109.284000    9.80792E-03  2.78251E-04  19.744800  68.358400
3  300.000000    106.205000    960.000000    99.983000     1120.000000   112.650000    1.47742E-02  3.87182E-04  21.960700  58.040100
3  300.000000    106.205000    1000.000000   109.284000    1160.000000   107.119000    1.45258E-02  3.82813E-04  25.855200  58.040400
3  300.000000    106.205000    1040.000000   125.393000    1200.000000   112.156000    1.26536E-02  3.49761E-04  28.545900  61.448900
3  300.000000    106.205000    1080.000000   127.088000    1240.000000   121.717000    1.23421E-02  3.41649E-04  30.655000  61.448600
3  300.000000    106.205000    1120.000000   112.650000    1280.000000   118.242000    1.15562E-02  3.20559E-04  32.866600  61.448800
3  300.000000    106.205000    1160.000000   107.119000    1320.000000   121.622000    9.18200E-03  2.74220E-04  34.822700  70.744700
3  300.000000    106.205000    1200.000000   112.156000    1360.000000   139.168000    9.58988E-03  2.75669E-04  38.147400  68.358400
3  300.000000    106.205000    1240.000000   121.717000    1400.000000   152.179000    9.44548E-03  2.83305E-04  35.824300  70.743200
3  300.000000    106.205000    1280.000000   118.242000    1440.000000   160.534000    9.21018E-03  2.76292E-04  34.461500  70.743600
3  300.000000    106.205000    1320.000000   121.622000    1480.000000   164.497000    9.50067E-03  2.86105E-04  31.504600  70.744100
3  300.000000    106.205000    1360.000000   139.168000    1520.000000   168.092000    8.44286E-03  2.52406E-04  26.825400  70.743700
3  300.000000    106.205000    1400.000000   152.179000    1560.000000   155.128000    7.89997E-03  2.35887E-04  28.245800  70.743100
3  300.000000    106.205000    1440.000000   160.534000    1600.000000   139.326000    7.69824E-03  2.47372E-04  27.706300  73.582500
3  300.000000    106.205000    1480.000000   164.497000    1640.000000   117.482000    8.47024E-03  2.52747E-04  28.236900  70.742900
3  300.000000    106.205000    2000.000000   66.527000     2160.000000   41.041000     2.74019E-03  1.09400E-04  45.692800  81.680600
3  300.000000    106.205000    2040.000000   61.428000     2200.000000   41.028000     1.67478E-03  8.63120E-05  67.004900  123.530000
3  300.000000    106.205000    2080.000000   55.293000     2240.000000   41.064000     1.74693E-03  6.97298E-05  85.641000  81.697200
3  380.000000    113.072000    0.000000      85.461000     40.000000     89.773000     2.66811E-02  4.64988E-04  -0.290706  37.105800
3  380.000000    113.072000    40.000000     89.773000     80.000000     95.232000     1.80599E-02  4.08582E-04  5.181460  50.469700
3  380.000000    113.072000    80.000000     95.232000     120.000000    103.752000    1.64429E-02  3.71999E-04  9.424750  50.469700
3  380.000000    113.072000    120.000000    103.752000    160.000000    106.465000    1.56008E-02  3.52948E-04  8.429910  50.469700
3  380.000000    113.072000    160.000000    106.465000    200.000000    103.693000    2.52824E-02  4.39911E-04  7.722790  37.102900
3  380.000000    113.072000    200.000000    103.693000    240.000000    107.318000    3.89958E-02  4.77254E-04  7.740460  24.290000
3  380.000000    113.072000    240.000000    107.318000    280.000000    107.758000    5.51655E-02  5.81682E-04  8.992950  8.038320
3  380.000000    113.072000    560.000000    107.062000    600.000000    109.602000    1.88427E-02  4.32500E-04  7.362550  50.530100
3  380.000000    113.072000    600.000000    109.602000    640.000000    94.241000     1.72783E-02  3.91170E-04  7.235040  50.470300
3  380.000000    113.072000    640.000000    94.241000     680.000000    91.001000     1.54389E-02  4.02949E-04  11.300800  58.039100
3  380.000000    113.072000    680.000000    91.001000     720.000000    99.688000     1.33250E-02  3.65001E-04  11.855400  61.446900
3  380.000000    113.072000    720.000000    99.688000     800.000000    112.086000    1.80313E-02  4.13955E-04  14.334500  50.529800
3  380.000000    113.072000    760.000000    109.364000    840.000000    110.374000    1.56943E-02  3.55350E-04  13.566400  50.469900
3  380.000000    113.072000    800.000000    112.086000    880.000000    97.963000     1.57694E-02  3.57208E-04  13.361700  50.469900
3  380.000000    113.072000    840.000000    110.374000    920.000000    98.528000     1.76700E-02  4.00759E-04  15.190700  50.469900
3  380.000000    113.072000    880.000000    97.963000     960.000000    99.983000     1.60032E-02  3.63175E-04  16.565700  50.469700
3  380.000000    113.072000    920.000000    98.528000     1000.000000   109.284000    1.26402E-02  3.46735E-04  16.494500  61.446400
3  380.000000    113.072000    960.000000    99.983000     1040.000000   125.393000    1.15222E-02  3.16191E-04  17.004500  61.446800
3  380.000000    113.072000    1000.000000   109.284000    1080.000000   127.088000    9.00241E-03  2.67869E-04  18.638900  70.743400
3  380.000000    113.072000    1040.000000   125.393000    1200.000000   112.156000    1.56323E-02  3.55482E-04  25.320400  50.471400
3  380.000000    113.072000    1080.000000   127.088000    1240.000000   121.717000    1.51526E-02  3.96741E-04  27.761500  58.040000
3  380.000000    113.072000    1120.000000   112.650000    1280.000000   118.242000    1.40993E-02  3.69287E-04  30.196100  58.040100
3  380.000000    113.072000    1160.000000   107.119000    1320.000000   121.622000    1.11244E-02  3.15441E-04  32.623100  68.358700
3  380.000000    113.072000    1200.000000   112.156000    1360.000000   139.168000    1.15294E-02  3.16435E-04  36.380500  61.447000
3  380.000000    113.072000    1240.000000   121.717000    1400.000000   152.179000    1.12614E-02  3.08998E-04  34.094900  61.446800
3  380.000000    113.072000    1280.000000   118.242000    1440.000000   160.534000    1.09022E-02  3.08672E-04  32.894000  68.357800
3  380.000000    113.072000    1320.000000   121.622000    1480.000000   164.497000    1.11606E-02  3.06438E-04  30.027400  61.447200
3  380.000000    113.072000    1360.000000   139.168000    1520.000000   168.092000    9.85035E-03  2.78995E-04  25.409100  68.357900
3  380.000000    113.072000    1400.000000   152.179000    1560.000000   155.128000    9.18588E-03  2.73335E-04  27.397000  70.743100
3  380.000000    113.072000    1440.000000   160.534000    1600.000000   139.326000    8.91866E-03  2.65301E-04  27.304000  70.743000
3  380.000000    113.072000    1480.000000   164.497000    1640.000000   117.482000    9.76552E-03  2.76427E-04  28.626600  68.357600
3  380.000000    113.072000    1520.000000   168.092000    1680.000000   108.805000    1.20699E-02  3.31445E-04  29.979900  61.446500
3  460.000000    116.789000    0.000000      85.461000     40.000000     89.773000     2.00558E-02  4.60178E-04  -0.425186  50.537800
3  460.000000    116.789000    120.000000    103.752000    160.000000    106.465000    9.84145E-03  2.78038E-04  11.575500  68.357400
3  460.000000    116.789000    160.000000    106.465000    200.000000    103.693000    1.48196E-02  3.86549E-04  8.718420  58.038500
3  460.000000    116.789000    200.000000    103.693000    240.000000    107.318000    2.03876E-02  4.67716E-04  9.853070  50.529500
3  460.000000    116.789000    240.000000    107.318000    280.000000    107.758000    2.45936E-02  4.27924E-04  10.375200  37.102900
3  460.000000    116.789000    280.000000    107.758000    320.000000    109.059000    3.64098E-02  4.45605E-04  10.126900  24.290000
3  460.000000    116.789000    560.000000    107.062000    600.000000    109.602000    5.02542E-02  5.32674E-04  8.399820  8.953290
3  460.000000    116.789000    600.000000    109.602000    640.000000    94.241000     3.93472E-02  4.82039E-04  9.151110  24.290200
3  460.000000    116.789000    640.000000    94.241000     680.000000    91.001000     3.14062E-02  4.19791E-04  12.745500  30.517500
3  460.000000    116.789000    680.000000    91.001000     720.000000    99.688000     2.45124E-02  4.26741E-04  14.124300  37.103000
3  460.000000    116.789000    720.000000    99.688000     760.000000    109.364000    1.65156E-02  3.73733E-04  15.958700  50.469800
3  460.000000    116.789000    760.000000    109.364000    800.000000    112.086000    1.34572E-02  3.51075E-04  16.472100  58.038600
3  460.000000    116.789000    0.000000      85.461000     80.000000     95.232000     3.30666E-02  4.41578E-04  2.434240  30.517400
3  460.000000    116.789000    40.000000     89.773000     120.000000    103.752000    2.40315E-02  4.18143E-04  8.817880  37.102900
3  460.000000    116.789000    800.000000    112.086000    880.000000    97.963000     2.46714E-02  4.29544E-04  14.735500  37.103100
3  460.000000    116.789000    840.000000    110.374000    920.000000    98.528000     2.69040E-02  4.68670E-04  16.780600  37.103400
3  460.000000    116.789000    880.000000    97.963000     960.000000    99.983000     2.37149E-02  4.13208E-04  17.887700  37.103500
3  460.000000    116.789000    920.000000    98.528000     1000.000000   109.284000    1.81072E-02  4.15701E-04  17.036700  50.530000
3  460.000000    116.789000    960.000000    99.983000     1040.000000   125.393000    1.61553E-02  3.65829E-04  16.673300  50.470300
3  460.000000    116.789000    1000.000000   109.284000    1080.000000   127.088000    1.24289E-02  3.40433E-04  17.621100  61.446800
3  460.000000    116.789000    1040.000000   125.393000    1120.000000   112.650000    9.67572E-03  2.73479E-04  19.321800  68.357700
3  460.000000    116.789000    1080.000000   127.088000    1160.000000   107.119000    1.22325E-02  3.35352E-04  23.731800  61.447400
3  460.000000    116.789000    1120.000000   112.650000    1280.000000   118.242000    1.86219E-02  4.28041E-04  26.714800  50.530400
3  460.000000    116.789000    1160.000000   107.119000    1320.000000   121.622000    1.45499E-02  3.79921E-04  28.902800  58.039000
3  460.000000    116.789000    1200.000000   112.156000    1360.000000   139.168000    1.49359E-02  3.90407E-04  32.354000  58.039200
3  460.000000    116.789000    1240.000000   121.717000    1400.000000   152.179000    1.44611E-02  3.77595E-04  30.967400  58.038700
3  460.000000    116.789000    1280.000000   118.242000    1440.000000   160.534000    1.38864E-02  3.62560E-04  30.231800  58.038700
3  460.000000    116.789000    1320.000000   121.622000    1480.000000   164.497000    1.40948E-02  3.68229E-04  27.806100  58.039000
3  460.000000    116.789000    1360.000000   139.168000    1520.000000   168.092000    1.23486E-02  3.38303E-04  24.000900  61.446700
3  460.000000    116.789000    1400.000000   152.179000    1560.000000   155.128000    1.14589E-02  3.13883E-04  25.679400  61.446600
3  460.000000    116.789000    1440.000000   160.534000    1600.000000   139.326000    1.10801E-02  3.13182E-04  25.749200  68.357500
3  460.000000    116.789000    1480.000000   164.497000    1640.000000   117.482000    1.20651E-02  3.30469E-04  27.211600  61.446500
3  460.000000    116.789000    1520.000000   168.092000    1680.000000   108.805000    1.48267E-02  3.87075E-04  28.931000  58.038600
3  460.000000    116.789000    1560.000000   155.128000    1720.000000   105.823000    1.61916E-02  3.66724E-04  29.417700  50.469800
3  460.000000    116.789000    1600.000000   139.326000    1760.000000   106.406000    1.84940E-02  4.24709E-04  29.809400  50.529600
3  460.000000    116.789000    1640.000000   117.482000    1800.000000   92.674000     1.71031E-02  3.87288E-04  30.085600  50.469800
3  460.000000    116.789000    1680.000000   108.805000    1840.000000   86.557000     1.42289E-02  3.71296E-04  29.645800  58.038600
3  460.000000    116.789000    1720.000000   105.823000    1880.000000   78.369000     1.38281E-02  3.60817E-04  31.137600  58.038600
3  460.000000    116.789000    2000.000000   66.527000     2160.000000   41.041000     3.55951E-03  1.20165E-04  38.335400  74.430600
3  460.000000    116.789000    2040.000000   61.428000     2200.000000   41.028000     2.19178E-03  8.73994E-05  54.354500  81.691500
3  460.000000    116.789000    2080.000000   55.293000     2240.000000   41.064000     2.29371E-03  9.15571E-05  62.103000  81.680700
3  460.000000    116.789000    1760.000000   106.406000    2080.000000   55.293000     1.59058E-02  3.59886E-04  35.736000  50.469700
3  460.000000    116.789000    1800.000000   92.674000     2120.000000   43.879000     1.40072E-02  3.65406E-04  37.481100  58.038800
3  460.000000    116.789000    1840.000000   86.557000     2160.000000   41.041000     1.25809E-02  3.44457E-04  38.051800  61.457900
3  460.000000    116.789000    1880.000000   78.369000     2200.000000   41.028000     8.56347E-03  2.54381E-04  43.207800  70.743000
3  460.000000    116.789000    1920.000000   69.798000     2240.000000   41.064000     7.13677E-03  2.28569E-04  47.549300  73.582400
3  460.000000    116.789000    1960.000000   70.212000     2280.000000   42.996000     5.30738E-03  1.70293E-04  53.848900  73.446400
3  540.000000    107.724000    0.000000      85.461000     40.000000     89.773000     1.73137E-02  3.91700E-04  0.883123  50.469700
3  540.000000    107.724000    200.000000    103.693000    240.000000    107.318000    1.50709E-02  3.93106E-04  15.166700  58.190000
3  540.000000    107.724000    240.000000    107.318000    280.000000    107.758000    1.72763E-02  3.90856E-04  12.488500  50.488900
3  540.000000    107.724000    280.000000    107.758000    320.000000    109.059000    2.34095E-02  5.16451E-04  12.463500  45.474900
3  540.000000    107.724000    320.000000    109.059000    360.000000    107.422000    2.98851E-02  6.42279E-04  18.369600  37.195100
3  540.000000    107.724000    360.000000    107.422000    400.000000    112.646000    4.68943E-02  5.26215E-04  12.267200  15.463100
3  540.000000    107.724000    400.000000    112.646000    440.000000    114.190000    8.67870E-02  8.90417E-04  13.708100  6.169990
3  540.000000    107.724000    640.000000    94.241000     680.000000    91.001000     5.68234E-02  6.01129E-04  12.787800  8.039050
3  540.000000    107.724000    680.000000    91.001000     720.000000    99.688000     3.61083E-02  4.42702E-04  14.517900  24.290100
3  540.000000    107.724000    720.000000    99.688000     760.000000    109.364000    2.36382E-02  4.11553E-04  15.899900  37.102900
3  540.000000    107.724000    760.000000    109.364000    800.000000    112.086000    1.86057E-02  4.26995E-04  16.025800  50.529500
3  540.000000    107.724000    800.000000    112.086000    840.000000    110.374000    1.57341E-02  3.56132E-04  14.498100  50.581800
3  540.000000    107.724000    840.000000    110.374000    880.000000    97.963000     1.67560E-02  3.79342E-04  15.684500  50.469700
3  540.000000    107.724000    2240.000000   41.064000     2280.000000   42.996000     5.12552E-04  2.61741E-05  95.809400  128.898000
3  540.000000    107.724000    0.000000      85.461000     80.000000     95.232000     2.83502E-02  4.56322E-04  3.015430  36.345700
3  540.000000    107.724000    40.000000     89.773000     120.000000    103.752000    2.01977E-02  4.63359E-04  8.647520  50.529500
3  540.000000    107.724000    80.000000     95.232000     160.000000    106.465000    1.72246E-02  3.89684E-04  12.221500  50.469700
3  540.000000    107.724000    120.000000    103.752000    200.000000    103.693000    1.95395E-02  4.48260E-04  7.615000  50.529600
3  540.000000    107.724000    880.000000    97.963000     960.000000    99.983000     3.00002E-02  4.83516E-04  17.956700  36.345700
3  540.000000    107.724000    920.000000    98.528000     1000.000000   109.284000    2.26226E-02  4.99342E-04  16.956600  45.474500
3  540.000000    107.724000    960.000000    99.983000     1040.000000   125.393000    1.98424E-02  4.55417E-04  16.373000  50.529500
3  540.000000    107.724000    1000.000000   109.284000    1080.000000   127.088000    1.50705E-02  3.93207E-04  16.909800  58.038500
3  540.000000    107.724000    1040.000000   125.393000    1120.000000   112.650000    1.15636E-02  3.16611E-04  18.385900  61.446400
3  540.000000    107.724000    1080.000000   127.088000    1160.000000   107.119000    1.44461E-02  3.77105E-04  22.829600  58.038600
3  540.000000    107.724000    1120.000000   112.650000    1200.000000   112.156000    1.33181E-02  3.47461E-04  24.676300  58.038600
3  540.000000    107.724000    1160.000000   107.119000    1240.000000   121.717000    9.23972E-03  2.74459E-04  24.614700  70.742800
3  540.000000    107.724000    2080.000000   55.293000     2160.000000   41.041000     2.45731E-03  9.79973E-05  -15.488100  93.742200
3  540.000000    107.724000    2200.000000   41.028000     2280.000000   42.996000     1.10936E-03  5.66514E-05  104.529000  124.481000
3  540.000000    107.724000    1200.000000   112.156000    1360.000000   139.168000    1.70518E-02  3.97225E-04  30.073000  50.469800
3  540.000000    107.724000    1240.000000   121.717000    1400.000000   152.179000    1.64059E-02  4.02248E-04  26.584500  50.469800
3  540.000000    107.724000    1280.000000   118.242000    1440.000000   160.534000    1.56996E-02  4.22385E-04  24.271300  50.469800
3  540.000000    107.724000    1320.000000   121.622000    1480.000000   164.497000    1.58881E-02  3.59724E-04  19.981100  50.469800
3  540.000000    107.724000    1360.000000   139.168000    1520.000000   168.092000    1.38711E-02  3.61890E-04  14.087500  58.038600
3  540.000000    107.724000    1400.000000   152.179000    1560.000000   155.128000    1.28319E-02  3.51350E-04  16.044300  61.446400
3  540.000000    107.724000    1440.000000   160.534000    1600.000000   139.326000    1.23579E-02  3.38361E-04  15.390900  61.446400
3  540.000000    107.724000    1480.000000   164.497000    1640.000000   117.482000    1.33798E-02  3.49059E-04  16.130600  58.038500
3  540.000000    107.724000    1520.000000   168.092000    1680.000000   108.805000    1.63569E-02  3.70183E-04  18.182600  50.470300
3  540.000000    107.724000    1560.000000   155.128000    1720.000000   105.823000    1.78152E-02  4.03176E-04  17.625500  50.470800
3  540.000000    107.724000    1600.000000   139.326000    1760.000000   106.406000    2.03055E-02  4.65983E-04  16.487300  54.582500
3  540.000000    107.724000    1640.000000   117.482000    1800.000000   92.674000     1.87417E-02  4.30073E-04  16.083600  54.991200
3  540.000000    107.724000    1680.000000   108.805000    1840.000000   86.557000     1.55780E-02  3.52483E-04  13.430500  55.946800
3  540.000000    107.724000    1720.000000   105.823000    1880.000000   78.369000     1.51086E-02  3.94118E-04  7.011850  66.381400
3  540.000000    107.724000    1760.000000   106.406000    1920.000000   69.798000     1.20716E-02  3.30473E-04  7.451150  62.144000
3  540.000000    107.724000    1800.000000   92.674000     1960.000000   70.212000     1.12798E-02  3.08799E-04  14.135600  61.555200
3  540.000000    107.724000    2000.000000   66.527000     2160.000000   41.041000     3.85905E-03  1.30252E-04  9.218320  79.682800
3  540.000000    107.724000    2040.000000   61.428000     2200.000000   41.028000     2.36783E-03  9.44378E-05  3.858740  82.818600
3  540.000000    107.724000    1840.000000   86.557000     2160.000000   41.041000     1.36921E-02  3.57145E-04  16.444700  64.488700
3  540.000000    107.724000    1880.000000   78.369000     2200.000000   41.028000     9.32110E-03  2.76865E-04  30.452200  71.653100
3  540.000000    107.724000    1920.000000   69.798000     2240.000000   41.064000     7.76290E-03  2.30649E-04  39.906700  72.406800
3  540.000000    107.724000    1960.000000   70.212000     2280.000000   42.996000     5.77825E-03  1.85393E-04  41.317300  76.081400
3  620.000000    104.048000    0.000000      85.461000     40.000000     89.773000     1.52597E-02  3.98028E-04  5.224170  58.038500
3  620.000000    104.048000    280.000000    107.758000    320.000000    109.059000    1.73329E-02  3.92134E-04  16.030100  50.469700
3  620.000000    104.048000    320.000000    109.059000    360.000000    107.422000    2.03632E-02  4.67156E-04  17.896900  50.529500
3  620.000000    104.048000    360.000000    107.422000    400.000000    112.646000    2.96120E-02  4.76632E-04  15.127200  36.345700
3  620.000000    104.048000    400.000000    112.646000    440.000000    114.190000    4.74607E-02  5.02490E-04  17.005000  8.952910
3  620.000000    104.048000    440.000000    114.190000    480.000000    115.862000    4.94068E-02  5.23094E-04  15.503300  8.952910
3  620.000000    104.048000    480.000000    115.862000    520.000000    117.315000    3.96195E-02  4.84887E-04  16.894300  24.290000
3  620.000000    104.048000    520.000000    117.315000    560.000000    107.062000    1.43409E-01  1.44652E-03  13.637000  4.013500
3  620.000000    104.048000    680.000000    91.001000     720.000000    99.688000     9.94721E-02  1.01703E-03  15.936200  5.511240
3  620.000000    104.048000    720.000000    99.688000     760.000000    109.364000    4.94211E-02  5.24630E-04  16.197000  8.953010
3  620.000000    104.048000    760.000000    109.364000    800.000000    112.086000    3.41800E-02  4.57175E-04  16.465400  30.517400
3  620.000000    104.048000    800.000000    112.086000    840.000000    110.374000    2.65727E-02  4.62814E-04  14.421700  37.102900
3  620.000000    104.048000    840.000000    110.374000    880.000000    97.963000     2.65291E-02  4.62357E-04  15.560000  37.102900
3  620.000000    104.048000    880.000000    97.963000     920.000000    98.528000     2.66478E-02  4.65079E-04  17.935300  37.102900
3  620.000000    104.048000    920.000000    98.528000     960.000000    99.983000     1.73071E-02  3.92655E-04  21.170800  50.651600
3  620.000000    104.048000    2240.000000   41.064000     2280.000000   42.996000     5.44292E-04  2.77963E-05  16.207300  123.454000
3  620.000000    104.048000    0.000000      85.461000     80.000000     95.232000     2.48628E-02  4.32608E-04  7.780240  37.102900
3  620.000000    104.048000    40.000000     89.773000     120.000000    103.752000    1.74250E-02  3.94218E-04  12.871900  50.469700
3  620.000000    104.048000    80.000000     95.232000     160.000000    106.465000    1.46105E-02  3.81096E-04  16.787800  58.038500
3  620.000000    104.048000    120.000000    103.752000    200.000000    103.693000    1.61861E-02  3.66191E-04  13.796900  50.469700
3  620.000000    104.048000    160.000000    106.465000    240.000000    107.318000    2.13687E-02  4.71430E-04  13.978800  45.474500
3  620.000000    104.048000    200.000000    103.693000    280.000000    107.758000    2.52747E-02  4.39775E-04  16.472000  37.102900
3  620.000000    104.048000    960.000000    99.983000     1040.000000   125.393000    2.67358E-02  4.66342E-04  13.614200  37.102900
3  620.000000    104.048000    1000.000000   109.284000    1080.000000   127.088000    1.97795E-02  4.54272E-04  13.784900  50.529500
3  620.000000    104.048000    1040.000000   125.393000    1120.000000   112.650000    1.48258E-02  3.86940E-04  14.745500  58.038500
3  620.000000    104.048000    1080.000000   127.088000    1160.000000   107.119000    1.81735E-02  4.17225E-04  18.406300  50.529500
3  620.000000    104.048000    1120.000000   112.650000    1200.000000   112.156000    1.65669E-02  3.76498E-04  20.093800  50.469700
3  620.000000    104.048000    1160.000000   107.119000    1240.000000   121.717000    1.13016E-02  3.10758E-04  20.935700  61.446400
3  620.000000    104.048000    1200.000000   112.156000    1280.000000   118.242000    1.01264E-02  2.86146E-04  22.194800  68.357400
3  620.000000    104.048000    1240.000000   121.717000    1320.000000   121.622000    9.01837E-03  2.68024E-04  24.167600  70.742800
3  620.000000    104.048000    2200.000000   41.028000     2280.000000   42.996000     1.20342E-03  6.14680E-05  18.246200  123.454000
3  620.000000    104.048000    1280.000000   118.242000    1440.000000   160.534000    1.85199E-02  4.25117E-04  18.304400  50.529500
3  620.000000    104.048000    1320.000000   121.622000    1480.000000   164.497000    1.86120E-02  4.27345E-04  14.106700  50.529500
3  620.000000    104.048000    1360.000000   139.168000    1520.000000   168.092000    1.61568E-02  3.65834E-04  8.585990  50.469700
3  620.000000    104.048000    1400.000000   152.179000    1560.000000   155.128000    1.48681E-02  3.87980E-04  9.022660  58.038600
3  620.000000    104.048000    1440.000000   160.534000    1600.000000   139.326000    1.42659E-02  3.72239E-04  8.643690  58.038600
3  620.000000    104.048000    1480.000000   164.497000    1640.000000   117.482000    1.53722E-02  4.01127E-04  9.015780  58.038600
3  620.000000    104.048000    1520.000000   168.092000    1680.000000   108.805000    1.87050E-02  4.29478E-04  9.201840  50.529600
3  620.000000    104.048000    1560.000000   155.128000    1720.000000   105.823000    2.03080E-02  4.66296E-04  8.865000  50.529600
3  620.000000    104.048000    1600.000000   139.326000    1760.000000   106.406000    2.30811E-02  5.09753E-04  8.117530  45.474600
3  620.000000    104.048000    1640.000000   117.482000    1800.000000   92.674000     2.12383E-02  4.69086E-04  7.419280  45.474600
3  620.000000    104.048000    1680.000000   108.805000    1840.000000   86.557000     1.76035E-02  3.98617E-04  5.995850  50.469800
3  620.000000    104.048000    1720.000000   105.823000    1880.000000   78.369000     1.70558E-02  3.86239E-04  6.669700  50.469800
3  620.000000    104.048000    1760.000000   106.406000    1920.000000   69.798000     1.36062E-02  3.55010E-04  7.713770  58.038600
3  620.000000    104.048000    1800.000000   92.674000     1960.000000   70.212000     1.26891E-02  3.47462E-04  8.583030  61.446400
3  620.000000    104.048000    1840.000000   86.557000     2000.000000   66.527000     1.10457E-02  3.12135E-04  9.972500  68.357400
3  620.000000    104.048000    1880.000000   78.369000     2040.000000   61.428000     7.77935E-03  2.31093E-04  10.159100  70.742800
3  620.000000    104.048000    2000.000000   66.527000     2160.000000   41.041000     4.25992E-03  1.43780E-04  10.360300  74.212500
3  620.000000    104.048000    2040.000000   61.428000     2200.000000   41.028000     2.63018E-03  1.04905E-04  14.826100  81.731600
3  620.000000    104.048000    2080.000000   55.293000     2240.000000   41.064000     2.75134E-03  1.11598E-04  14.481700  81.740200
3  620.000000    104.048000    2120.000000   43.879000     2280.000000   42.996000     1.98776E-03  8.25455E-05  16.093200  81.736000
3  620.000000    104.048000    1920.000000   69.798000     2240.000000   41.064000     8.65034E-03  2.57286E-04  12.616700  70.742900
3  620.000000    104.048000    1960.000000   70.212000     2280.000000   42.996000     6.40510E-03  2.06142E-04  13.920200  73.587100
3  700.000000    93.247000     0.000000      85.461000     40.000000     89.773000     1.30118E-02  3.56199E-04  4.354490  61.446400
3  700.000000    93.247000     360.000000    107.422000    400.000000    112.646000    1.96883E-02  4.51673E-04  17.237600  50.529500
3  700.000000    93.247000     400.000000    112.646000    440.000000    114.190000    2.92450E-02  4.70725E-04  18.906800  36.345700
3  700.000000    93.247000     440.000000    114.190000    480.000000    115.862000    2.80088E-02  4.50827E-04  17.853400  36.345700
3  700.000000    93.247000     480.000000    115.862000    520.000000    117.315000    1.93553E-02  4.44034E-04  18.466500  50.529500
3  700.000000    93.247000     520.000000    117.315000    560.000000    107.062000    4.38601E-02  4.92159E-04  19.383500  15.460700
3  700.000000    93.247000     560.000000    107.062000    600.000000    109.602000    5.81730E-02  6.13394E-04  19.651200  8.038320
3  700.000000    93.247000     600.000000    109.602000    640.000000    94.241000     1.18084E-01  1.19448E-03  15.767900  4.536810
3  700.000000    93.247000     760.000000    109.364000    800.000000    112.086000    1.38378E-01  1.39578E-03  14.653200  4.013500
3  700.000000    93.247000     840.000000    110.374000    880.000000    97.963000     6.66090E-02  6.90429E-04  16.448000  6.686230
3  700.000000    93.247000     880.000000    97.963000     920.000000    98.528000     5.68543E-02  5.99642E-04  20.612600  8.038540
3  700.000000    93.247000     920.000000    98.528000     960.000000    99.983000     3.36939E-02  4.50012E-04  19.994700  30.517400
3  700.000000    93.247000     960.000000    99.983000     1000.000000   109.284000    2.62230E-02  4.56314E-04  17.389300  37.102900
3  700.000000    93.247000     1000.000000   109.284000    1040.000000   125.393000    2.05663E-02  4.71840E-04  18.339600  50.529500
3  700.000000    93.247000     2240.000000   41.064000     2280.000000   42.996000     6.22175E-04  3.17721E-05  19.847200  123.493000
3  700.000000    93.247000     0.000000      85.461000     80.000000     95.232000     2.11204E-02  4.65950E-04  6.754800  45.474500
3  700.000000    93.247000     40.000000     89.773000     120.000000    103.752000    1.46692E-02  3.82626E-04  12.158700  58.038500
3  700.000000    93.247000     80.000000     95.232000     160.000000    106.465000    1.22377E-02  3.35008E-04  16.830500  61.446400
3  700.000000    93.247000     120.000000    103.752000    200.000000    103.693000    1.32177E-02  3.61837E-04  14.122900  61.446400
3  700.000000    93.247000     160.000000    106.465000    240.000000    107.318000    1.68514E-02  3.81243E-04  13.951200  50.469700
3  700.000000    93.247000     200.000000    103.693000    280.000000    107.758000    1.94476E-02  4.46151E-04  16.524200  50.529500
3  700.000000    93.247000     240.000000    107.318000    320.000000    109.059000    2.31819E-02  5.11430E-04  16.395500  45.474500
3  700.000000    93.247000     280.000000    107.758000    360.000000    107.422000    2.72022E-02  4.37844E-04  17.483700  36.345700
3  700.000000    93.247000     1040.000000   125.393000    1120.000000   112.650000    2.28707E-02  5.04578E-04  20.311600  45.474500
3  700.000000    93.247000     1080.000000   127.088000    1160.000000   107.119000    2.66630E-02  4.63947E-04  24.969500  37.102900
3  700.000000    93.247000     1120.000000   112.650000    1200.000000   112.156000    2.38127E-02  4.14562E-04  27.629300  37.102900
3  700.000000    93.247000     1160.000000   107.119000    1240.000000   121.717000    1.55007E-02  3.50948E-04  29.372700  50.469700
3  700.000000    93.247000     1200.000000   112.156000    1280.000000   118.242000    1.33493E-02  3.48223E-04  31.032800  58.038500
3  700.000000    93.247000     1240.000000   121.717000    1320.000000   121.622000    1.15208E-02  3.15411E-04  33.372200  61.446400
3  700.000000    93.247000     1280.000000   118.242000    1360.000000   139.168000    1.28999E-02  3.53203E-04  36.648200  61.446400
3  700.000000    93.247000     1320.000000   121.622000    1400.000000   152.179000    1.30891E-02  3.58378E-04  29.003300  61.446500
3  700.000000    93.247000     2200.000000   41.028000     2280.000000   42.996000     1.38027E-03  7.07911E-05  25.752100  123.600000
3  700.000000    93.247000     1360.000000   139.168000    1520.000000   168.092000    1.99669E-02  4.58113E-04  20.265800  50.529500
3  700.000000    93.247000     1400.000000   152.179000    1560.000000   155.128000    1.81691E-02  4.16854E-04  21.162200  50.529500
3  700.000000    93.247000     1440.000000   160.534000    1600.000000   139.326000    1.72675E-02  3.90679E-04  21.085800  50.469700
3  700.000000    93.247000     1480.000000   164.497000    1640.000000   117.482000    1.83655E-02  4.21354E-04  22.199900  50.529500
3  700.000000    93.247000     1520.000000   168.092000    1680.000000   108.805000    2.20995E-02  4.87599E-04  23.054800  45.474500
3  700.000000    93.247000     1560.000000   155.128000    1720.000000   105.823000    2.38621E-02  4.15255E-04  23.100100  37.102900
3  700.000000    93.247000     1600.000000   139.326000    1760.000000   106.406000    2.70022E-02  4.69892E-04  22.709100  37.102900
3  700.000000    93.247000     1640.000000   117.482000    1800.000000   92.674000     2.47308E-02  4.30355E-04  22.437600  37.102900
3  700.000000    93.247000     1680.000000   108.805000    1840.000000   86.557000     2.04583E-02  4.69352E-04  21.240100  50.529500
3  700.000000    93.247000     1720.000000   105.823000    1880.000000   78.369000     1.97770E-02  4.53718E-04  22.180300  50.529500
3  700.000000    93.247000     1760.000000   106.406000    1920.000000   69.798000     1.57601E-02  3.56555E-04  23.539300  50.469700
3  700.000000    93.247000     1800.000000   92.674000     1960.000000   70.212000     1.46933E-02  3.83257E-04  24.565900  58.038500
3  700.000000    93.247000     1840.000000   86.557000     2000.000000   66.527000     1.27795E-02  3.49843E-04  26.161200  61.446400
3  700.000000    93.247000     1880.000000   78.369000     2040.000000   61.428000     8.98838E-03  2.66983E-04  26.479500  70.742800
3  700.000000    93.247000     1920.000000   69.798000     2080.000000   55.293000     6.79471E-03  2.17527E-04  28.018100  73.582300
3  700.000000    93.247000     1960.000000   70.212000     2120.000000   43.879000     5.05035E-03  1.61957E-04  26.413800  73.446400
3  700.000000    93.247000     2000.000000   66.527000     2160.000000   41.041000     4.84425E-03  1.55346E-04  20.192300  73.446400
3  700.000000    93.247000     2040.000000   61.428000     2200.000000   41.028000     3.01459E-03  1.01747E-04  26.614300  74.186100
3  700.000000    93.247000     2080.000000   55.293000     2240.000000   41.064000     3.15882E-03  1.06632E-04  25.520000  74.187000
3  700.000000    93.247000     2120.000000   43.879000     2280.000000   42.996000     2.30347E-03  9.20444E-05  27.756400  81.685800
3  740.000000    105.187000    0.000000      85.461000     40.000000     89.773000     1.22941E-02  3.36655E-04  5.124580  61.461400
3  740.000000    105.187000    400.000000    112.646000    440.000000    114.190000    2.54792E-02  4.43333E-04  18.736000  37.102900
3  740.000000    105.187000    440.000000    114.190000    480.000000    115.862000    2.39856E-02  4.17345E-04  17.808300  37.102900
3  740.000000    105.187000    480.000000    115.862000    520.000000    117.315000    1.62349E-02  3.67294E-04  18.663600  50.469700
3  740.000000    105.187000    520.000000    117.315000    560.000000    107.062000    3.43706E-02  4.58992E-04  19.698600  30.517400
3  740.000000    105.187000    560.000000    107.062000    600.000000    109.602000    4.18521E-02  4.69627E-04  21.525600  15.460700
3  740.000000    105.187000    600.000000    109.602000    640.000000    94.241000     7.45481E-02  7.64700E-04  17.692200  6.162920
3  740.000000    105.187000    640.000000    94.241000     680.000000    91.001000     1.55907E-01  1.56920E-03  17.861800  3.534080
3  740.000000    105.187000    800.000000    112.086000    840.000000    110.374000    1.62551E-01  1.63611E-03  11.604500  3.534160
3  740.000000    105.187000    840.000000    110.374000    880.000000    97.963000     1.13319E-01  1.14637E-03  15.843100  4.536850
3  740.000000    105.187000    880.000000    97.963000     920.000000    98.528000     8.74492E-02  8.90871E-04  20.720100  5.510830
3  740.000000    105.187000    920.000000    98.528000     960.000000    99.983000     4.77772E-02  5.05894E-04  20.684800  8.953100
3  740.000000    105.187000    960.000000    99.983000     1000.000000   109.284000    3.50776E-02  4.68465E-04  18.908100  30.517400
3  740.000000    105.187000    1000.000000   109.284000    1040.000000   125.393000    2.63690E-02  4.58834E-04  19.856000  37.102900
3  740.000000    105.187000    1040.000000   125.393000    1080.000000   127.088000    1.47544E-02  3.84852E-04  20.923800  58.038500
3  740.000000    105.187000    2240.000000   41.064000     2280.000000   42.996000     6.61412E-04  3.40086E-05  80.387300  123.647000
3  740.000000    105.187000    0.000000      85.461000     80.000000     95.232000     1.99388E-02  4.57641E-04  6.829500  50.530700
3  740.000000    105.187000    40.000000     89.773000     120.000000    103.752000    1.37980E-02  3.59902E-04  12.088500  58.038600
3  740.000000    105.187000    80.000000     95.232000     160.000000    106.465000    1.14573E-02  3.13645E-04  16.649700  61.446500
3  740.000000    105.187000    120.000000    103.752000    200.000000    103.693000    1.22992E-02  3.36692E-04  12.736500  61.446400
3  740.000000    105.187000    160.000000    106.465000    240.000000    107.318000    1.55714E-02  3.52283E-04  13.125000  50.469700
3  740.000000    105.187000    200.000000    103.693000    280.000000    107.758000    1.78515E-02  4.03867E-04  15.911100  50.469700
3  740.000000    105.187000    240.000000    107.318000    320.000000    109.059000    2.11294E-02  4.66148E-04  15.950100  45.474500
3  740.000000    105.187000    280.000000    107.758000    360.000000    107.422000    2.45280E-02  4.26782E-04  16.853300  37.102900
3  740.000000    105.187000    320.000000    109.059000    400.000000    112.646000    3.01015E-02  4.84511E-04  17.177600  36.345700
3  740.000000    105.187000    1080.000000   127.088000    1160.000000   107.119000    3.20465E-02  4.27997E-04  27.366400  30.517400
3  740.000000    105.187000    1120.000000   112.650000    1200.000000   112.156000    2.82362E-02  4.54524E-04  30.401600  36.345900
3  740.000000    105.187000    1160.000000   107.119000    1240.000000   121.717000    1.80118E-02  4.13225E-04  32.281300  50.529600
3  740.000000    105.187000    1200.000000   112.156000    1280.000000   118.242000    1.52752E-02  3.45595E-04  34.122000  50.469700
3  740.000000    105.187000    1240.000000   121.717000    1320.000000   121.622000    1.30386E-02  3.56946E-04  37.303000  61.446500
3  740.000000    105.187000    1280.000000   118.242000    1360.000000   139.168000    1.44433E-02  3.76765E-04  41.428200  58.038700
3  740.000000    105.187000    1320.000000   121.622000    1400.000000   152.179000    1.45419E-02  3.79339E-04  34.777900  58.038700
3  740.000000    105.187000    1360.000000   139.168000    1440.000000   160.534000    1.13443E-02  3.10571E-04  26.195100  61.446500
3  740.000000    105.187000    2200.000000   41.028000     2280.000000   42.996000     1.46835E-03  7.67065E-05  80.691600  124.106000
3  740.000000    105.187000    1400.000000   152.179000    1560.000000   155.128000    1.99404E-02  4.57489E-04  28.577800  50.529700
3  740.000000    105.187000    1440.000000   160.534000    1600.000000   139.326000    1.88934E-02  4.33464E-04  28.652100  50.529600
3  740.000000    105.187000    1480.000000   164.497000    1640.000000   117.482000    2.00124E-02  4.59140E-04  30.292700  50.529700
3  740.000000    105.187000    1520.000000   168.092000    1680.000000   108.805000    2.39860E-02  4.17505E-04  31.641700  37.103700
3  740.000000    105.187000    1560.000000   155.128000    1720.000000   105.823000    2.58398E-02  4.49752E-04  31.974100  37.103600
3  740.000000    105.187000    1600.000000   139.326000    1760.000000   106.406000    2.91808E-02  4.69852E-04  32.166300  36.346400
3  740.000000    105.187000    1640.000000   117.482000    1800.000000   92.674000     2.66722E-02  4.64251E-04  32.329500  37.103700
3  740.000000    105.187000    1680.000000   108.805000    1840.000000   86.557000     2.20319E-02  4.86096E-04  31.842900  45.474800
3  740.000000    105.187000    1720.000000   105.823000    1880.000000   78.369000     2.12710E-02  4.69302E-04  33.228200  45.474800
3  740.000000    105.187000    1760.000000   106.406000    1920.000000   69.798000     1.69317E-02  3.83063E-04  35.540000  50.469800
3  740.000000    105.187000    1800.000000   92.674000     1960.000000   70.212000     1.57700E-02  3.56779E-04  37.387800  50.469800
3  740.000000    105.187000    1840.000000   86.557000     2000.000000   66.527000     1.37054E-02  3.57488E-04  39.551700  58.038600
3  740.000000    105.187000    1880.000000   78.369000     2040.000000   61.428000     9.62897E-03  2.72036E-04  40.922000  68.357400
3  740.000000    105.187000    1920.000000   69.798000     2080.000000   55.293000     7.27360E-03  2.32857E-04  42.554200  73.582300
3  740.000000    105.187000    1960.000000   70.212000     2120.000000   43.879000     5.38585E-03  1.72717E-04  42.844900  73.446400
3  740.000000    105.187000    2000.000000   66.527000     2160.000000   41.041000     5.14813E-03  1.65088E-04  41.328200  73.446300
3  740.000000    105.187000    2040.000000   61.428000     2200.000000   41.028000     3.20006E-03  1.08008E-04  54.722200  74.186100
3  740.000000    105.187000    2080.000000   55.293000     2240.000000   41.064000     3.35234E-03  1.13147E-04  60.917400  74.207300
3  740.000000    105.187000    2120.000000   43.879000     2280.000000   42.996000     2.44990E-03  9.76939E-05  79.999100  81.763800
3  780.000000    111.181000    0.000000      85.461000     40.000000     89.773000     1.16581E-02  3.19142E-04  1.704650  61.446400
3  780.000000    111.181000    440.000000    114.190000    480.000000    115.862000    2.10049E-02  4.63402E-04  18.319300  45.474500
3  780.000000    111.181000    480.000000    115.862000    520.000000    117.315000    1.37846E-02  3.59552E-04  19.429100  58.038500
3  780.000000    111.181000    520.000000    117.315000    560.000000    107.062000    2.82725E-02  4.55071E-04  20.072400  36.345700
3  780.000000    111.181000    560.000000    107.062000    600.000000    109.602000    3.30245E-02  4.41016E-04  20.957600  30.517400
3  780.000000    111.181000    640.000000    94.241000     680.000000    91.001000     1.04256E-01  1.05460E-03  20.079700  4.536810
3  780.000000    111.181000    680.000000    91.001000     720.000000    99.688000     2.16888E-01  2.17936E-03  16.729600  3.023070
3  780.000000    111.181000    840.000000    110.374000    880.000000    97.963000     2.13922E-01  2.14977E-03  14.659800  3.026640
3  780.000000    111.181000    880.000000    97.963000     920.000000    98.528000     1.43146E-01  1.44407E-03  20.480400  4.020540
3  780.000000    111.181000    920.000000    98.528000     960.000000    99.983000     6.98803E-02  7.24253E-04  20.341900  6.690050
3  780.000000    111.181000    960.000000    99.983000     1000.000000   109.284000    4.77650E-02  5.05717E-04  19.426800  8.956120
3  780.000000    111.181000    1000.000000   109.284000    1040.000000   125.393000    3.44103E-02  4.59525E-04  19.414100  30.518400
3  780.000000    111.181000    1040.000000   125.393000    1080.000000   127.088000    1.85203E-02  4.24878E-04  20.304100  50.529900
3  780.000000    111.181000    1080.000000   127.088000    1120.000000   112.650000    1.64955E-02  3.73191E-04  22.696900  50.470100
3  780.000000    111.181000    2240.000000   41.064000     2280.000000   42.996000     6.97420E-04  3.56144E-05  -6.619480  124.707000
3  780.000000    111.181000    0.000000      85.461000     80.000000     95.232000     1.88774E-02  4.33070E-04  4.137110  50.529500
3  780.000000    111.181000    40.000000     89.773000     120.000000    103.752000    1.29912E-02  3.55635E-04  9.485980  61.446400
3  780.000000    111.181000    80.000000     95.232000     160.000000    106.465000    1.07188E-02  3.02824E-04  14.921800  68.357400
3  780.000000    111.181000    120.000000    103.752000    200.000000    103.693000    1.14694E-02  3.13977E-04  12.534200  61.446400
3  780.000000    111.181000    160.000000    106.465000    240.000000    107.318000    1.44670E-02  3.77354E-04  12.252400  58.038500
3  780.000000    111.181000    200.000000    103.693000    280.000000    107.758000    1.64888E-02  3.73038E-04  15.417700  50.469700
3  780.000000    111.181000    240.000000    107.318000    320.000000    109.059000    1.93590E-02  4.44119E-04  15.597300  50.529500
3  780.000000    111.181000    280.000000    107.758000    360.000000    107.422000    2.23061E-02  4.92108E-04  16.774200  45.474500
3  780.000000    111.181000    320.000000    109.059000    400.000000    112.646000    2.71248E-02  4.36598E-04  17.511800  36.345700
3  780.000000    111.181000    360.000000    107.422000    440.000000    114.190000    3.82401E-02  4.68005E-04  18.628700  24.290000
3  780.000000    111.181000    1120.000000   112.650000    1200.000000   112.156000    3.36657E-02  4.49605E-04  29.321200  30.519700
3  780.000000    111.181000    1160.000000   107.119000    1240.000000   121.717000    2.10542E-02  4.64506E-04  31.185700  45.476000
3  780.000000    111.181000    1200.000000   112.156000    1280.000000   118.242000    1.76161E-02  4.04140E-04  32.508200  50.529900
3  780.000000    111.181000    1240.000000   121.717000    1320.000000   121.622000    1.49076E-02  3.88853E-04  34.743800  58.039000
3  780.000000    111.181000    1280.000000   118.242000    1360.000000   139.168000    1.63165E-02  3.69171E-04  37.950000  50.470500
3  780.000000    111.181000    1320.000000   121.622000    1400.000000   152.179000    1.62091E-02  3.66734E-04  30.321900  50.470600
3  780.000000    111.181000    1360.000000   139.168000    1440.000000   160.534000    1.25172E-02  3.42676E-04  20.498700  61.446900
3  780.000000    111.181000    1400.000000   152.179000    1480.000000   164.497000    1.21690E-02  3.33145E-04  21.113800  61.446900
3  780.000000    111.181000    2200.000000   41.028000     2280.000000   42.996000     1.55061E-03  6.95090E-05  -6.359300  85.128300
3  780.000000    111.181000    1440.000000   160.534000    1600.000000   139.326000    2.07056E-02  4.56819E-04  20.365700  45.475000
3  780.000000    111.181000    1480.000000   164.497000    1640.000000   117.482000    2.18646E-02  4.82390E-04  20.688300  45.475100
3  780.000000    111.181000    1520.000000   168.092000    1680.000000   108.805000    2.61198E-02  4.54722E-04  20.518300  37.103900
3  780.000000    111.181000    1560.000000   155.128000    1720.000000   105.823000    2.80661E-02  4.51993E-04  19.781500  36.346800
3  780.000000    111.181000    1600.000000   139.326000    1760.000000   106.406000    3.16206E-02  4.22578E-04  18.793400  30.518800
3  780.000000    111.181000    1640.000000   117.482000    1800.000000   92.674000     2.88378E-02  4.64482E-04  17.726700  36.346900
3  780.000000    111.181000    1680.000000   108.805000    1840.000000   86.557000     2.37628E-02  4.13530E-04  15.890700  37.103700
3  780.000000    111.181000    1720.000000   105.823000    1880.000000   78.369000     2.29087E-02  5.05451E-04  16.140400  45.475200
3  780.000000    111.181000    1760.000000   106.406000    1920.000000   69.798000     1.82025E-02  4.17596E-04  16.667200  50.529800
3  780.000000    111.181000    1800.000000   92.674000     1960.000000   70.212000     1.69222E-02  3.82848E-04  16.903100  50.470000
3  780.000000    111.181000    1840.000000   86.557000     2000.000000   66.527000     1.46885E-02  3.83132E-04  17.794100  58.038800
3  780.000000    111.181000    1880.000000   78.369000     2040.000000   61.428000     1.03015E-02  2.91035E-04  17.384200  68.357600
3  780.000000    111.181000    1920.000000   69.798000     2080.000000   55.293000     7.77817E-03  2.31034E-04  18.844500  70.743000
3  780.000000    111.181000    1960.000000   70.212000     2120.000000   43.879000     5.72599E-03  1.83626E-04  20.693300  73.446500
3  780.000000    111.181000    2000.000000   66.527000     2160.000000   41.041000     5.44018E-03  1.74456E-04  17.382400  73.446600
3  780.000000    111.181000    2040.000000   61.428000     2200.000000   41.028000     3.38170E-03  1.14138E-04  21.530200  74.188500
3  780.000000    111.181000    2080.000000   55.293000     2240.000000   41.064000     3.53896E-03  1.21494E-04  13.297300  74.222900
3  780.000000    111.181000    2120.000000   43.879000     2280.000000   42.996000     2.59298E-03  1.06612E-04  2.025370  81.930200
3  820.000000    111.774000    0.000000      85.461000     40.000000     89.773000     1.09980E-02  3.11152E-04  8.022580  68.389300
3  820.000000    111.774000    480.000000    115.862000    520.000000    117.315000    1.18388E-02  3.24088E-04  20.115700  61.446400
3  820.000000    111.774000    520.000000    117.315000    560.000000    107.062000    2.34768E-02  5.17936E-04  20.979300  45.474500
3  820.000000    111.774000    560.000000    107.062000    600.000000    109.602000    2.63722E-02  4.58871E-04  21.877900  37.102900
3  820.000000    111.774000    600.000000    109.602000    640.000000    94.241000     4.15864E-02  4.66645E-04  19.477400  15.460700
3  820.000000    111.774000    640.000000    94.241000     680.000000    91.001000     7.31433E-02  7.58043E-04  22.063600  6.686090
3  820.000000    111.774000    680.000000    91.001000     720.000000    99.688000     1.29860E-01  1.30986E-03  19.993400  4.013500
3  820.000000    111.774000    720.000000    99.688000     760.000000    109.364000    2.36041E-01  2.36936E-03  17.121000  2.635000
3  820.000000    111.774000    880.000000    97.963000     920.000000    98.528000     2.69078E-01  2.70426E-03  18.120100  2.637470
3  820.000000    111.774000    920.000000    98.528000     960.000000    99.983000     1.10557E-01  1.12171E-03  18.954100  4.539890
3  820.000000    111.774000    960.000000    99.983000     1000.000000   109.284000    6.84043E-02  7.11302E-04  18.938700  6.688370
3  820.000000    111.774000    1000.000000   109.284000    1040.000000   125.393000    4.65020E-02  5.23352E-04  18.840900  15.461900
3  820.000000    111.774000    1040.000000   125.393000    1080.000000   127.088000    2.40931E-02  4.19485E-04  19.919300  37.103100
3  820.000000    111.774000    1080.000000   127.088000    1120.000000   112.650000    2.06736E-02  4.56304E-04  22.710900  45.474800
3  820.000000    111.774000    1120.000000   112.650000    1160.000000   107.119000    2.74129E-02  4.41438E-04  29.144800  36.346700
3  820.000000    111.774000    2240.000000   41.064000     2280.000000   42.996000     7.27580E-04  3.71640E-05  -12.816900  123.454000
3  820.000000    111.774000    0.000000      85.461000     80.000000     95.232000     1.77956E-02  4.02787E-04  9.057160  50.473300
3  820.000000    111.774000    40.000000     89.773000     120.000000    103.752000    1.22131E-02  3.34353E-04  12.459200  61.446800
3  820.000000    111.774000    120.000000    103.752000    200.000000    103.693000    1.06898E-02  3.02033E-04  14.232100  68.357400
3  820.000000    111.774000    160.000000    106.465000    240.000000    107.318000    1.33972E-02  3.49450E-04  15.072300  58.039300
3  820.000000    111.774000    200.000000    103.693000    280.000000    107.758000    1.51850E-02  3.96079E-04  17.763700  58.038500
3  820.000000    111.774000    240.000000    107.318000    320.000000    109.059000    1.77350E-02  4.01231E-04  17.372100  50.469700
3  820.000000    111.774000    280.000000    107.758000    360.000000    107.422000    2.02612E-02  4.64816E-04  18.233900  50.529500
3  820.000000    111.774000    320.000000    109.059000    400.000000    112.646000    2.43667E-02  4.23976E-04  18.664300  37.102900
3  820.000000    111.774000    360.000000    107.422000    440.000000    114.190000    3.39970E-02  4.54006E-04  19.624800  30.517400
3  820.000000    111.774000    400.000000    112.646000    480.000000    115.862000    3.83803E-02  4.69721E-04  19.718700  24.290000
3  820.000000    111.774000    1160.000000   107.119000    1240.000000   121.717000    2.48750E-02  4.36243E-04  31.767700  37.103400
3  820.000000    111.774000    1200.000000   112.156000    1280.000000   118.242000    2.03428E-02  4.66782E-04  33.302600  50.529900
3  820.000000    111.774000    1240.000000   121.717000    1320.000000   121.622000    1.69235E-02  3.83165E-04  35.983000  50.470200
3  820.000000    111.774000    1280.000000   118.242000    1360.000000   139.168000    1.82559E-02  4.19473E-04  39.540500  50.530400
3  820.000000    111.774000    1320.000000   121.622000    1400.000000   152.179000    1.79916E-02  4.13346E-04  32.314700  50.530300
3  820.000000    111.774000    1360.000000   139.168000    1440.000000   160.534000    1.38212E-02  3.60804E-04  22.519900  58.039100
3  820.000000    111.774000    1400.000000   152.179000    1480.000000   164.497000    1.33607E-02  3.48766E-04  23.467300  58.039000
3  820.000000    111.774000    1440.000000   160.534000    1520.000000   168.092000    1.27899E-02  3.50372E-04  23.747200  61.446900
3  820.000000    111.774000    2200.000000   41.028000     2280.000000   42.996000     1.61692E-03  8.15615E-05  -15.666600  81.680700
3  820.000000    111.774000    0.000000      85.461000     160.000000    106.465000    2.78398E-02  4.48107E-04  11.868400  36.346800
3  820.000000    111.774000    1480.000000   164.497000    1640.000000   117.482000    2.36898E-02  5.23083E-04  24.074200  45.475100
3  820.000000    111.774000    1520.000000   168.092000    1680.000000   108.805000    2.81584E-02  4.54344E-04  24.669600  36.346800
3  820.000000    111.774000    1560.000000   155.128000    1720.000000   105.823000    3.01693E-02  4.86770E-04  24.127400  36.346800
3  820.000000    111.774000    1600.000000   139.326000    1760.000000   106.406000    3.39077E-02  4.54316E-04  23.382200  30.518800
3  820.000000    111.774000    1640.000000   117.482000    1800.000000   92.674000     3.08467E-02  4.97641E-04  22.690900  36.346900
3  820.000000    111.774000    1680.000000   108.805000    1840.000000   86.557000     2.53767E-02  4.42115E-04  20.818800  37.103700
3  820.000000    111.774000    1720.000000   105.823000    1880.000000   78.369000     2.44294E-02  4.25460E-04  21.150900  37.103400
3  820.000000    111.774000    1760.000000   106.406000    1920.000000   69.798000     1.93838E-02  4.44759E-04  21.537100  50.529600
3  820.000000    111.774000    1800.000000   92.674000     1960.000000   70.212000     1.79999E-02  4.12974E-04  21.447500  50.529500
3  820.000000    111.774000    1840.000000   86.557000     2000.000000   66.527000     1.56083E-02  3.53132E-04  22.116400  50.469700
3  820.000000    111.774000    1880.000000   78.369000     2040.000000   61.428000     1.09314E-02  3.08831E-04  21.506300  68.357400
3  820.000000    111.774000    1920.000000   69.798000     2080.000000   55.293000     8.24616E-03  2.44937E-04  23.046000  70.742900
3  820.000000    111.774000    1960.000000   70.212000     2120.000000   43.879000     6.05026E-03  1.93745E-04  22.050100  73.582400
3  820.000000    111.774000    2000.000000   66.527000     2160.000000   41.041000     5.72561E-03  1.83620E-04  14.456900  73.446600
3  820.000000    111.774000    2040.000000   61.428000     2200.000000   41.028000     3.55071E-03  1.19894E-04  9.068780  74.194700
3  820.000000    111.774000    2080.000000   55.293000     2240.000000   41.064000     3.70599E-03  1.25217E-04  -1.796600  74.209700
3  820.000000    111.774000    2120.000000   43.879000     2280.000000   42.996000     2.70736E-03  1.07983E-04  -16.715600  81.680700
3  860.000000    103.921000    0.000000      85.461000     40.000000     89.773000     1.03578E-02  2.92751E-04  13.159500  68.421100
3  860.000000    103.921000    440.000000    114.190000    480.000000    115.862000    1.61075E-02  3.64411E-04  20.006200  50.469700
3  860.000000    103.921000    520.000000    117.315000    560.000000    107.062000    1.96368E-02  4.50492E-04  21.848200  50.529500
3  860.000000    103.921000    560.000000    107.062000    600.000000    109.602000    2.13016E-02  4.69947E-04  22.867200  45.474500
3  860.000000    103.921000    600.000000    109.602000    640.000000    94.241000     3.20008E-02  4.27345E-04  20.879200  30.517400
3  860.000000    103.921000    640.000000    94.241000     680.000000    91.001000     5.39106E-02  5.70778E-04  22.495100  8.952910
3  860.000000    103.921000    680.000000    91.001000     720.000000    99.688000     8.61155E-02  8.83356E-04  22.181200  6.162930
3  860.000000    103.921000    720.000000    99.688000     760.000000    109.364000    1.34906E-01  1.36076E-03  21.432900  4.013500
3  860.000000    103.921000    760.000000    109.364000    800.000000    112.086000    2.17707E-01  2.18759E-03  19.145100  3.023070
3  860.000000    103.921000    920.000000    98.528000     960.000000    99.983000     2.51204E-01  2.52156E-03  14.452600  2.635000
3  860.000000    103.921000    960.000000    99.983000     1000.000000   109.284000    1.27495E-01  1.28600E-03  15.433800  4.013500
3  860.000000    103.921000    1040.000000   125.393000    1080.000000   127.088000    3.53989E-02  4.33640E-04  17.220600  24.290500
3  860.000000    103.921000    1080.000000   127.088000    1120.000000   112.650000    2.90095E-02  4.67331E-04  20.632100  36.346200
3  860.000000    103.921000    1120.000000   112.650000    1160.000000   107.119000    3.63405E-02  4.46101E-04  27.095800  24.291600
3  860.000000    103.921000    1160.000000   107.119000    1200.000000   112.156000    1.72494E-02  3.91430E-04  29.401700  50.469900
3  860.000000    103.921000    2240.000000   41.064000     2280.000000   42.996000     7.80836E-04  3.98746E-05  18.978900  123.454000
3  860.000000    103.921000    0.000000      85.461000     80.000000     95.232000     1.67433E-02  3.78887E-04  12.744700  50.469700
3  860.000000    103.921000    40.000000     89.773000     120.000000    103.752000    1.14402E-02  3.13191E-04  14.010200  61.446400
3  860.000000    103.921000    160.000000    106.465000    240.000000    107.318000    1.23796E-02  3.38925E-04  15.913600  61.446400
3  860.000000    103.921000    200.000000    103.693000    280.000000    107.758000    1.39508E-02  3.63916E-04  18.867100  58.038500
3  860.000000    103.921000    240.000000    107.318000    320.000000    109.059000    1.61776E-02  3.65999E-04  18.438900  50.470200
3  860.000000    103.921000    280.000000    107.758000    360.000000    107.422000    1.83481E-02  4.20927E-04  19.120100  50.529500
3  860.000000    103.921000    440.000000    114.190000    520.000000    117.315000    2.62617E-02  4.56948E-04  20.317100  37.102900
3  860.000000    103.921000    1200.000000   112.156000    1280.000000   118.242000    2.48752E-02  4.33202E-04  32.121800  37.103100
3  860.000000    103.921000    1240.000000   121.717000    1320.000000   121.622000    2.03114E-02  4.48577E-04  34.901500  45.474700
3  860.000000    103.921000    1280.000000   118.242000    1360.000000   139.168000    2.14467E-02  4.73983E-04  38.660500  45.474600
3  860.000000    103.921000    1320.000000   121.622000    1400.000000   152.179000    2.06860E-02  4.57034E-04  32.597400  45.474600
3  860.000000    103.921000    1360.000000   139.168000    1440.000000   160.534000    1.56376E-02  3.54121E-04  24.202100  50.469700
3  860.000000    103.921000    1400.000000   152.179000    1480.000000   164.497000    1.50490E-02  3.92800E-04  25.558400  58.038600
3  860.000000    103.921000    1440.000000   160.534000    1520.000000   168.092000    1.43733E-02  3.75165E-04  26.005400  58.038600
3  860.000000    103.921000    1480.000000   164.497000    1560.000000   155.128000    1.18699E-02  3.25076E-04  27.153000  61.446500
3  860.000000    103.921000    2200.000000   41.028000     2280.000000   42.996000     1.73674E-03  7.25860E-05  37.415000  82.238600
3  860.000000    103.921000    0.000000      85.461000     160.000000    106.465000    2.60967E-02  4.54077E-04  14.828600  37.121800
3  860.000000    103.921000    40.000000     89.773000     200.000000    103.693000    2.13597E-02  4.71229E-04  14.634900  45.474900
3  860.000000    103.921000    1520.000000   168.092000    1680.000000   108.805000    3.12611E-02  4.18839E-04  30.211800  30.518500
3  860.000000    103.921000    1560.000000   155.128000    1720.000000   105.823000    3.33819E-02  4.47237E-04  30.532300  30.518200
3  860.000000    103.921000    1600.000000   139.326000    1760.000000   106.406000    3.74095E-02  4.59624E-04  30.554100  24.290900
3  860.000000    103.921000    1640.000000   117.482000    1800.000000   92.674000     3.39357E-02  4.54711E-04  30.714900  30.518300
3  860.000000    103.921000    1680.000000   108.805000    1840.000000   86.557000     2.78432E-02  4.49030E-04  29.189500  36.346500
3  860.000000    103.921000    1720.000000   105.823000    1880.000000   78.369000     2.67569E-02  4.31415E-04  30.202600  36.346400
3  860.000000    103.921000    1760.000000   106.406000    1920.000000   69.798000     2.11843E-02  4.67544E-04  31.561500  45.474700
3  860.000000    103.921000    1800.000000   92.674000     1960.000000   70.212000     1.96260E-02  4.50428E-04  32.525700  50.529700
3  860.000000    103.921000    1840.000000   86.557000     2000.000000   66.527000     1.69934E-02  3.84664E-04  33.942400  50.469900
3  860.000000    103.921000    1880.000000   78.369000     2040.000000   61.428000     1.18772E-02  3.25303E-04  34.288400  61.446600
3  860.000000    103.921000    1920.000000   69.798000     2080.000000   55.293000     8.95845E-03  2.66211E-04  35.828200  70.742900
3  860.000000    103.921000    1960.000000   70.212000     2120.000000   43.879000     6.53748E-03  2.09484E-04  35.560000  73.582400
3  860.000000    103.921000    2000.000000   66.527000     2160.000000   41.041000     6.15761E-03  1.97152E-04  30.629700  73.582300
3  860.000000    103.921000    2040.000000   61.428000     2200.000000   41.028000     3.82467E-03  1.29094E-04  48.946300  74.195900
3  860.000000    103.921000    2080.000000   55.293000     2240.000000   41.064000     3.98710E-03  1.34664E-04  50.511200  74.189600
3  860.000000    103.921000    2120.000000   43.879000     2280.000000   42.996000     2.92367E-03  1.16697E-04  53.992300  75.651800
3  900.000000    97.405000     0.000000      85.461000     40.000000     89.773000     9.51384E-03  2.68782E-04  9.320000  68.357400
3  900.000000    97.405000     560.000000    107.062000    600.000000    109.602000    1.64890E-02  3.73042E-04  23.924100  50.469700
3  900.000000    97.405000     600.000000    109.602000    640.000000    94.241000     2.41001E-02  4.19337E-04  22.219200  37.102900
3  900.000000    97.405000     640.000000    94.241000     680.000000    91.001000     3.70117E-02  4.52971E-04  24.132900  24.290000
3  900.000000    97.405000     680.000000    91.001000     720.000000    99.688000     5.63358E-02  5.94022E-04  24.006500  8.038320
3  900.000000    97.405000     720.000000    99.688000     760.000000    109.364000    7.49387E-02  7.68706E-04  23.580000  6.162930
3  900.000000    97.405000     760.000000    109.364000    800.000000    112.086000    1.03236E-01  1.04428E-03  22.633900  4.536810
3  900.000000    97.405000     800.000000    112.086000    840.000000    110.374000    2.10204E-01  2.11219E-03  15.181000  3.023090
3  900.000000    97.405000     960.000000    99.983000     1000.000000   109.284000    3.70037E-01  3.71125E-03  12.691300  2.156260
3  900.000000    97.405000     1000.000000   109.284000    1040.000000   125.393000    1.60636E-01  1.61680E-03  13.518000  3.534080
3  900.000000    97.405000     1080.000000   127.088000    1120.000000   112.650000    4.92918E-02  5.21892E-04  19.656100  8.952920
3  900.000000    97.405000     1120.000000   112.650000    1160.000000   107.119000    5.79416E-02  6.11023E-04  25.790300  8.038380
3  900.000000    97.405000     1160.000000   107.119000    1200.000000   112.156000    2.59387E-02  4.51341E-04  29.734400  37.456300
3  900.000000    97.405000     1200.000000   112.156000    1240.000000   121.717000    1.94960E-02  4.47269E-04  33.287400  50.529500
3  900.000000    97.405000     2240.000000   41.064000     2280.000000   42.996000     8.46875E-04  4.33396E-05  31.749500  123.454000
3  900.000000    97.405000     0.000000      85.461000     80.000000     95.232000     1.53579E-02  4.00591E-04  11.765700  58.038500
3  900.000000    97.405000     40.000000     89.773000     120.000000    103.752000    1.04694E-02  2.95778E-04  16.624500  68.357400
3  900.000000    97.405000     200.000000    103.693000    280.000000    107.758000    1.24266E-02  3.40179E-04  19.902800  61.446400
3  900.000000    97.405000     240.000000    107.318000    320.000000    109.059000    1.43788E-02  3.75051E-04  20.023000  58.038500
3  900.000000    97.405000     280.000000    107.758000    360.000000    107.422000    1.61035E-02  3.64321E-04  20.322300  50.469700
3  900.000000    97.405000     440.000000    114.190000    520.000000    117.315000    2.19537E-02  4.84334E-04  21.423000  45.474500
3  900.000000    97.405000     480.000000    115.862000    560.000000    107.062000    2.41602E-02  4.20383E-04  22.449400  37.102900
3  900.000000    97.405000     1240.000000   121.717000    1320.000000   121.622000    2.57147E-02  4.47443E-04  34.325600  37.102900
3  900.000000    97.405000     1280.000000   118.242000    1360.000000   139.168000    2.59768E-02  4.52017E-04  37.190900  37.103000
3  900.000000    97.405000     1320.000000   121.622000    1400.000000   152.179000    2.47157E-02  4.30068E-04  30.667500  37.103000
3  900.000000    97.405000     1360.000000   139.168000    1440.000000   160.534000    1.85812E-02  4.26282E-04  21.632000  50.529600
3  900.000000    97.405000     1400.000000   152.179000    1480.000000   164.497000    1.75721E-02  3.97553E-04  22.143100  50.469700
3  900.000000    97.405000     1440.000000   160.534000    1520.000000   168.092000    1.65539E-02  3.74517E-04  21.937800  50.469700
3  900.000000    97.405000     1480.000000   164.497000    1560.000000   155.128000    1.34563E-02  3.50993E-04  21.273100  58.038600
3  900.000000    97.405000     1520.000000   168.092000    1600.000000   139.326000    1.22059E-02  3.34140E-04  20.418100  61.446400
3  900.000000    97.405000     2200.000000   41.028000     2280.000000   42.996000     1.88818E-03  7.79454E-05  37.985100  81.680500
3  900.000000    97.405000     0.000000      85.461000     160.000000    106.465000    2.39180E-02  4.16168E-04  15.362100  37.102900
3  900.000000    97.405000     40.000000     89.773000     200.000000    103.693000    1.94632E-02  4.46509E-04  17.564900  50.529500
3  900.000000    97.405000     80.000000     95.232000     240.000000    107.318000    1.96575E-02  4.50967E-04  19.144300  50.529500
3  900.000000    97.405000     1560.000000   155.128000    1720.000000   105.823000    3.67154E-02  4.49378E-04  21.845600  24.290200
3  900.000000    97.405000     1600.000000   139.326000    1760.000000   106.406000    4.09697E-02  4.59766E-04  21.072800  15.461000
3  900.000000    97.405000     1640.000000   117.482000    1800.000000   92.674000     3.69988E-02  4.52847E-04  20.595200  24.290200
3  900.000000    97.405000     1680.000000   108.805000    1840.000000   86.557000     3.03187E-02  4.88025E-04  19.138700  36.345800
3  900.000000    97.405000     1720.000000   105.823000    1880.000000   78.369000     2.90891E-02  4.68233E-04  19.900800  36.345800
3  900.000000    97.405000     1760.000000   106.406000    1920.000000   69.798000     2.30294E-02  5.08070E-04  21.231300  45.474500
3  900.000000    97.405000     1800.000000   92.674000     1960.000000   70.212000     2.13575E-02  4.71187E-04  22.173000  45.474500
3  900.000000    97.405000     1840.000000   86.557000     2000.000000   66.527000     1.84921E-02  4.24235E-04  23.832900  50.529500
3  900.000000    97.405000     1880.000000   78.369000     2040.000000   61.428000     1.29227E-02  3.53763E-04  24.227500  61.446400
3  900.000000    97.405000     1920.000000   69.798000     2080.000000   55.293000     9.71921E-03  2.74585E-04  25.640100  68.357400
3  900.000000    97.405000     1960.000000   70.212000     2120.000000   43.879000     7.06957E-03  2.26327E-04  24.816900  73.582300
3  900.000000    97.405000     2000.000000   66.527000     2160.000000   41.041000     6.64459E-03  2.13083E-04  19.139200  73.582300
3  900.000000    97.405000     2040.000000   61.428000     2200.000000   41.028000     4.13550E-03  1.39599E-04  26.677300  74.188700
3  900.000000    97.405000     2080.000000   55.293000     2240.000000   41.064000     4.32055E-03  1.46305E-04  29.014100  74.189100
3  900.000000    97.405000     2120.000000   43.879000     2280.000000   42.996000     3.18052E-03  1.09730E-04  35.724200  74.210500
3  940.000000    100.145000    0.000000      85.461000     40.000000     89.773000     9.00031E-03  2.67335E-04  10.277800  70.742800
3  940.000000    100.145000    600.000000    109.602000    640.000000    94.241000     1.94446E-02  4.46082E-04  22.278300  50.529500
3  940.000000    100.145000    640.000000    94.241000     680.000000    91.001000     2.88513E-02  4.64388E-04  24.615500  36.345700
3  940.000000    100.145000    680.000000    91.001000     720.000000    99.688000     4.18380E-02  4.69468E-04  25.278500  15.527000
3  940.000000    100.145000    720.000000    99.688000     760.000000    109.364000    5.06289E-02  5.56199E-04  23.839200  9.144410
3  940.000000    100.145000    760.000000    109.364000    800.000000    112.086000    6.54396E-02  6.78203E-04  23.008300  6.703360
3  940.000000    100.145000    800.000000    112.086000    840.000000    110.374000    1.14056E-01  1.15842E-03  18.410600  4.552620
3  940.000000    100.145000    840.000000    110.374000    880.000000    97.963000     3.37135E-01  3.38126E-03  13.124000  2.156780
3  940.000000    100.145000    1000.000000   109.284000    1040.000000   125.393000    3.28414E-01  3.29389E-03  10.640100  2.157340
3  940.000000    100.145000    1040.000000   125.393000    1080.000000   127.088000    1.18673E-01  1.20046E-03  11.697800  4.537390
3  940.000000    100.145000    1080.000000   127.088000    1120.000000   112.650000    8.14380E-02  8.35399E-04  17.748500  6.163350
3  940.000000    100.145000    1120.000000   112.650000    1160.000000   107.119000    8.79292E-02  8.95673E-04  23.935400  5.511030
3  940.000000    100.145000    1160.000000   107.119000    1200.000000   112.156000    3.62073E-02  9.37823E-04  28.971200  33.595800
3  940.000000    100.145000    1200.000000   112.156000    1240.000000   121.717000    2.62557E-02  4.56849E-04  32.744300  37.102900
3  940.000000    100.145000    1240.000000   121.717000    1280.000000   118.242000    1.82306E-02  4.18235E-04  33.177300  50.529500
3  940.000000    100.145000    2240.000000   41.064000     2280.000000   42.996000     8.98467E-04  4.58811E-05  22.186600  123.454000
3  940.000000    100.145000    0.000000      85.461000     80.000000     95.232000     1.45060E-02  3.78369E-04  12.614400  58.038500
3  940.000000    100.145000    40.000000     89.773000     120.000000    103.752000    9.82763E-03  2.77647E-04  18.763100  68.357400
3  940.000000    100.145000    240.000000    107.318000    320.000000    109.059000    1.31614E-02  3.60295E-04  18.807600  61.446400
3  940.000000    100.145000    280.000000    107.758000    360.000000    107.422000    1.46721E-02  3.82701E-04  20.011300  58.038500
3  940.000000    100.145000    360.000000    107.422000    440.000000    114.190000    2.27509E-02  5.01921E-04  20.853700  45.474500
3  940.000000    100.145000    440.000000    114.190000    520.000000    117.315000    1.93153E-02  4.43116E-04  20.929400  50.529500
3  940.000000    100.145000    480.000000    115.862000    560.000000    107.062000    2.08105E-02  4.59113E-04  22.377900  45.474500
3  940.000000    100.145000    520.000000    117.315000    600.000000    109.602000    2.71694E-02  4.37316E-04  23.392300  36.345700
3  940.000000    100.145000    1280.000000   118.242000    1360.000000   139.168000    3.21173E-02  4.28933E-04  39.021100  30.517500
3  940.000000    100.145000    1320.000000   121.622000    1400.000000   152.179000    2.95759E-02  4.76077E-04  33.519300  36.345800
3  940.000000    100.145000    1360.000000   139.168000    1440.000000   160.534000    2.17196E-02  4.79176E-04  25.394200  45.474600
3  940.000000    100.145000    1400.000000   152.179000    1480.000000   164.497000    2.03387E-02  4.66600E-04  26.190500  50.529500
3  940.000000    100.145000    1440.000000   160.534000    1520.000000   168.092000    1.90359E-02  4.36712E-04  25.626200  50.529500
3  940.000000    100.145000    1480.000000   164.497000    1560.000000   155.128000    1.53525E-02  3.47333E-04  25.991100  50.469700
3  940.000000    100.145000    1520.000000   168.092000    1600.000000   139.326000    1.38056E-02  3.60103E-04  24.575100  58.038500
3  940.000000    100.145000    1560.000000   155.128000    1640.000000   117.482000    1.81418E-02  4.16200E-04  25.105500  50.529500
3  940.000000    100.145000    2200.000000   41.028000     2280.000000   42.996000     2.00349E-03  8.00000E-05  23.556000  81.680500
3  940.000000    100.145000    0.000000      85.461000     160.000000    106.465000    2.24859E-02  4.96075E-04  16.143600  45.474500
3  940.000000    100.145000    40.000000     89.773000     200.000000    103.693000    1.81918E-02  4.17342E-04  17.944800  50.530100
3  940.000000    100.145000    80.000000     95.232000     240.000000    107.318000    1.82585E-02  4.24724E-04  19.061400  50.532500
3  940.000000    100.145000    120.000000    103.752000    280.000000    107.758000    1.98092E-02  4.55522E-04  18.124000  50.530800
3  940.000000    100.145000    1600.000000   139.326000    1760.000000   106.406000    4.54906E-02  5.10477E-04  24.976300  15.460900
3  940.000000    100.145000    1640.000000   117.482000    1800.000000   92.674000     4.08938E-02  4.58894E-04  24.377200  15.460900
3  940.000000    100.145000    1680.000000   108.805000    1840.000000   86.557000     3.33859E-02  4.45852E-04  22.651600  30.517400
3  940.000000    100.145000    1720.000000   105.823000    1880.000000   78.369000     3.19476E-02  4.26641E-04  23.315900  30.517400
3  940.000000    100.145000    1760.000000   106.406000    1920.000000   69.798000     2.52263E-02  4.38935E-04  24.586200  37.102900
3  940.000000    100.145000    1800.000000   92.674000     1960.000000   70.212000     2.33295E-02  4.05929E-04  25.329700  37.102900
3  940.000000    100.145000    1840.000000   86.557000     2000.000000   66.527000     2.01619E-02  4.62538E-04  26.681500  50.529500
3  940.000000    100.145000    1880.000000   78.369000     2040.000000   61.428000     1.40570E-02  3.66657E-04  26.898200  58.038500
3  940.000000    100.145000    1920.000000   69.798000     2080.000000   55.293000     1.05643E-02  2.98459E-04  28.341700  68.357400
3  940.000000    100.145000    1960.000000   70.212000     2120.000000   43.879000     7.63932E-03  2.26911E-04  26.872600  70.742800
3  940.000000    100.145000    2000.000000   66.527000     2160.000000   41.041000     7.12087E-03  2.27968E-04  21.047200  73.582300
3  940.000000    100.145000    2040.000000   61.428000     2200.000000   41.028000     4.41044E-03  1.41432E-04  27.448400  73.446400
3  940.000000    100.145000    2080.000000   55.293000     2240.000000   41.064000     4.59098E-03  1.47222E-04  24.555900  73.450100
3  940.000000    100.145000    2120.000000   43.879000     2280.000000   42.996000     3.37076E-03  1.13847E-04  27.018500  74.202100
3  980.000000    106.286000    0.000000      85.461000     40.000000     89.773000     8.35112E-03  2.48052E-04  8.532030  70.742800
3  980.000000    106.286000    640.000000    94.241000     680.000000    91.001000     2.16481E-02  4.77592E-04  25.953700  45.474500
3  980.000000    106.286000    680.000000    91.001000     720.000000    99.688000     2.78902E-02  4.48918E-04  24.112100  36.345700
3  980.000000    106.286000    720.000000    99.688000     760.000000    109.364000    3.24471E-02  4.33305E-04  26.012700  30.517400
3  980.000000    106.286000    760.000000    109.364000    800.000000    112.086000    3.92269E-02  4.80082E-04  24.610500  24.290000
3  980.000000    106.286000    800.000000    112.086000    840.000000    110.374000    5.62284E-02  5.92889E-04  21.669000  8.038320
3  980.000000    106.286000    840.000000    110.374000    880.000000    97.963000     1.28711E-01  1.29827E-03  16.824200  4.013500
3  980.000000    106.286000    880.000000    97.963000     920.000000    98.528000     3.33194E-01  3.34174E-03  14.133900  2.156260
3  980.000000    106.286000    1040.000000   125.393000    1080.000000   127.088000    3.57254E-01  3.58329E-03  7.026890  2.156580
3  980.000000    106.286000    1080.000000   127.088000    1120.000000   112.650000    1.99492E-01  2.00475E-03  13.113600  3.023160
3  980.000000    106.286000    1120.000000   112.650000    1160.000000   107.119000    1.78472E-01  1.79661E-03  19.171500  3.534090
3  980.000000    106.286000    1160.000000   107.119000    1200.000000   112.156000    6.63902E-02  1.28257E-03  24.895900  18.207600
3  980.000000    106.286000    1200.000000   112.156000    1240.000000   121.717000    4.43017E-02  4.97145E-04  28.683800  15.460800
3  980.000000    106.286000    1240.000000   121.717000    1280.000000   118.242000    2.89616E-02  4.66186E-04  29.673500  36.345700
3  980.000000    106.286000    1280.000000   118.242000    1320.000000   121.622000    2.26802E-02  5.00377E-04  35.306200  45.474500
3  980.000000    106.286000    2240.000000   41.064000     2280.000000   42.996000     9.93966E-04  5.07580E-05  35.918100  123.544000
3  980.000000    106.286000    0.000000      85.461000     80.000000     95.232000     1.34342E-02  3.50412E-04  10.777800  58.038500
3  980.000000    106.286000    40.000000     89.773000     120.000000    103.752000    9.01126E-03  2.67661E-04  18.371200  70.742800
3  980.000000    106.286000    280.000000    107.758000    360.000000    107.422000    1.29332E-02  3.54048E-04  20.432800  61.446400
3  980.000000    106.286000    360.000000    107.422000    440.000000    114.190000    2.00875E-02  4.60831E-04  21.330800  50.529500
3  980.000000    106.286000    440.000000    114.190000    520.000000    117.315000    1.63882E-02  3.70762E-04  21.792500  50.469700
3  980.000000    106.286000    480.000000    115.862000    560.000000    107.062000    1.71898E-02  3.88897E-04  23.412400  50.469700
3  980.000000    106.286000    520.000000    117.315000    600.000000    109.602000    2.20139E-02  4.85662E-04  24.441100  45.474500
3  980.000000    106.286000    560.000000    107.062000    640.000000    94.241000     2.54855E-02  4.43443E-04  24.206600  37.102900
3  980.000000    106.286000    1320.000000   121.622000    1400.000000   152.179000    4.05879E-02  4.55510E-04  32.826900  15.460800
3  980.000000    106.286000    1360.000000   139.168000    1440.000000   160.534000    2.81223E-02  4.52673E-04  24.937400  36.345700
3  980.000000    106.286000    1400.000000   152.179000    1480.000000   164.497000    2.59818E-02  4.52096E-04  25.235100  37.102900
3  980.000000    106.286000    1440.000000   160.534000    1520.000000   168.092000    2.42090E-02  4.21249E-04  24.377900  37.102900
3  980.000000    106.286000    1480.000000   164.497000    1560.000000   155.128000    1.94021E-02  4.45113E-04  25.006500  50.529500
3  980.000000    106.286000    1520.000000   168.092000    1600.000000   139.326000    1.72285E-02  3.89778E-04  23.980900  50.469700
3  980.000000    106.286000    1560.000000   155.128000    1640.000000   117.482000    2.24781E-02  4.95916E-04  24.179400  45.474500
3  980.000000    106.286000    1600.000000   139.326000    1680.000000   108.805000    3.08014E-02  4.11377E-04  26.148400  30.517400
3  980.000000    106.286000    2200.000000   41.028000     2280.000000   42.996000     2.22052E-03  8.87737E-05  33.332300  81.697300
3  980.000000    106.286000    0.000000      85.461000     160.000000    106.465000    2.06403E-02  4.73513E-04  14.360200  50.529500
3  980.000000    106.286000    40.000000     89.773000     200.000000    103.693000    1.65617E-02  3.74692E-04  16.628800  50.469700
3  980.000000    106.286000    80.000000     95.232000     240.000000    107.318000    1.65080E-02  3.73475E-04  18.276600  50.469700
3  980.000000    106.286000    120.000000    103.752000    280.000000    107.758000    1.78362E-02  4.03521E-04  17.022800  50.469700
3  980.000000    106.286000    160.000000    106.465000    320.000000    109.059000    2.09613E-02  4.62440E-04  17.766200  45.474500
3  980.000000    106.286000    1640.000000   117.482000    1800.000000   92.674000     4.94315E-02  5.23410E-04  24.421500  8.952930
3  980.000000    106.286000    1680.000000   108.805000    1840.000000   86.557000     3.99748E-02  4.89264E-04  23.117400  24.290000
3  980.000000    106.286000    1720.000000   105.823000    1880.000000   78.369000     3.80688E-02  4.65932E-04  24.048700  24.290000
3  980.000000    106.286000    1760.000000   106.406000    1920.000000   69.798000     2.98450E-02  4.80388E-04  25.776900  36.345700
3  980.000000    106.286000    1800.000000   92.674000     1960.000000   70.212000     2.73717E-02  4.40578E-04  26.920200  36.345700
3  980.000000    106.286000    1840.000000   86.557000     2000.000000   66.527000     2.35390E-02  4.09579E-04  28.575600  37.102900
3  980.000000    106.286000    1880.000000   78.369000     2040.000000   61.428000     1.63037E-02  3.68852E-04  29.352700  50.469700
3  980.000000    106.286000    1920.000000   69.798000     2080.000000   55.293000     1.22689E-02  3.35862E-04  30.969000  61.446400
3  980.000000    106.286000    1960.000000   70.212000     2120.000000   43.879000     8.73898E-03  2.59575E-04  31.474000  70.742800
3  980.000000    106.286000    2000.000000   66.527000     2160.000000   41.041000     7.99601E-03  2.37505E-04  28.083700  70.742900
3  980.000000    106.286000    2040.000000   61.428000     2200.000000   41.028000     4.88953E-03  1.56795E-04  35.438600  73.446700
3  980.000000    106.286000    2080.000000   55.293000     2240.000000   41.064000     5.05668E-03  1.62166E-04  32.767500  73.446500
3  980.000000    106.286000    2120.000000   43.879000     2280.000000   42.996000     3.71381E-03  1.25349E-04  36.560100  74.213900
3  1020.000000   115.870000    0.000000      85.461000     40.000000     89.773000     8.03434E-03  2.43202E-04  10.245100  71.064600
3  1020.000000   115.870000    680.000000    91.001000     720.000000    99.688000     2.27761E-02  5.02477E-04  27.036500  45.474500
3  1020.000000   115.870000    720.000000    99.688000     760.000000    109.364000    2.68881E-02  4.32788E-04  29.242100  36.345700
3  1020.000000   115.870000    760.000000    109.364000    800.000000    112.086000    3.14219E-02  4.19614E-04  29.442600  30.517400
3  1020.000000   115.870000    800.000000    112.086000    840.000000    110.374000    4.14331E-02  4.64925E-04  23.064600  15.460700
3  1020.000000   115.870000    840.000000    110.374000    880.000000    97.963000     8.81666E-02  8.98047E-04  19.842300  5.510560
3  1020.000000   115.870000    880.000000    97.963000     920.000000    98.528000     2.01552E-01  2.02525E-03  18.123400  3.023090
3  1020.000000   115.870000    920.000000    98.528000     960.000000    99.983000     3.84821E-01  3.85952E-03  11.284400  2.156270
3  1020.000000   115.870000    1080.000000   127.088000    1120.000000   112.650000    3.85982E-01  3.87530E-03  11.638900  2.156700
3  1020.000000   115.870000    1120.000000   112.650000    1160.000000   107.119000    2.90735E-01  2.92000E-03  17.965700  2.652180
3  1020.000000   115.870000    1160.000000   107.119000    1200.000000   112.156000    9.98880E-02  2.22166E-03  24.044800  5.518890
3  1020.000000   115.870000    1200.000000   112.156000    1240.000000   121.717000    6.34603E-02  6.58242E-04  27.696100  6.693540
3  1020.000000   115.870000    1240.000000   121.717000    1280.000000   118.242000    3.91254E-02  4.79349E-04  27.883600  24.292300
3  1020.000000   115.870000    1280.000000   118.242000    1320.000000   121.622000    2.97000E-02  4.78437E-04  33.250900  36.348000
3  1020.000000   115.870000    1320.000000   121.622000    1360.000000   139.168000    3.07375E-02  4.12141E-04  35.905800  30.522700
3  1020.000000   115.870000    0.000000      85.461000     80.000000     95.232000     1.29120E-02  3.54044E-04  13.094600  61.465200
3  1020.000000   115.870000    40.000000     89.773000     120.000000    103.752000    8.61937E-03  2.56020E-04  19.318000  70.742800
3  1020.000000   115.870000    360.000000    107.422000    440.000000    114.190000    1.86296E-02  4.27385E-04  23.354100  50.529700
3  1020.000000   115.870000    440.000000    114.190000    520.000000    117.315000    1.50367E-02  3.92211E-04  23.841000  58.038500
3  1020.000000   115.870000    480.000000    115.862000    560.000000    107.062000    1.55813E-02  3.52507E-04  25.866000  50.469700
3  1020.000000   115.870000    520.000000    117.315000    600.000000    109.602000    1.97841E-02  4.53871E-04  27.044900  50.529500
3  1020.000000   115.870000    560.000000    107.062000    640.000000    94.241000     2.24423E-02  4.95113E-04  26.435500  45.474500
3  1020.000000   115.870000    600.000000    109.602000    680.000000    91.001000     3.14491E-02  4.19978E-04  27.310200  30.517400
3  1020.000000   115.870000    1360.000000   139.168000    1440.000000   160.534000    3.33304E-02  4.45277E-04  21.353800  30.519500
3  1020.000000   115.870000    1400.000000   152.179000    1480.000000   164.497000    3.04305E-02  4.89952E-04  21.875600  36.347500
3  1020.000000   115.870000    1440.000000   160.534000    1520.000000   168.092000    2.81533E-02  4.53274E-04  20.684000  36.347400
3  1020.000000   115.870000    1480.000000   164.497000    1560.000000   155.128000    2.23625E-02  4.93388E-04  20.867500  45.475300
3  1020.000000   115.870000    1520.000000   168.092000    1600.000000   139.326000    1.96418E-02  4.50624E-04  19.738500  50.530000
3  1020.000000   115.870000    1560.000000   155.128000    1640.000000   117.482000    2.54273E-02  4.42481E-04  20.105600  37.104300
3  1020.000000   115.870000    1600.000000   139.326000    1680.000000   108.805000    3.46166E-02  4.62301E-04  20.970900  30.519800
3  1020.000000   115.870000    1640.000000   117.482000    1720.000000   105.823000    3.09476E-02  4.13308E-04  20.732100  30.519500
3  1020.000000   115.870000    2200.000000   41.028000     2280.000000   42.996000     2.33018E-03  1.46316E-04  3.618890  94.509900
3  1020.000000   115.870000    0.000000      85.461000     160.000000    106.465000    1.97557E-02  4.53484E-04  16.848100  50.544900
3  1020.000000   115.870000    40.000000     89.773000     200.000000    103.693000    1.57788E-02  3.56976E-04  18.409300  50.469800
3  1020.000000   115.870000    80.000000     95.232000     240.000000    107.318000    1.56537E-02  3.54223E-04  19.955100  50.469700
3  1020.000000   115.870000    120.000000    103.752000    280.000000    107.758000    1.68619E-02  3.81553E-04  19.369800  50.469700
3  1020.000000   115.870000    160.000000    106.465000    320.000000    109.059000    1.97422E-02  4.52981E-04  18.663900  50.529900
3  1020.000000   115.870000    200.000000    103.693000    360.000000    107.422000    2.17916E-02  4.80758E-04  21.420500  45.474600
3  1020.000000   115.870000    1680.000000   108.805000    1840.000000   86.557000     4.41110E-02  4.95009E-04  20.149900  15.460900
3  1020.000000   115.870000    1720.000000   105.823000    1880.000000   78.369000     4.18754E-02  4.69963E-04  21.441200  15.460800
3  1020.000000   115.870000    1760.000000   106.406000    1920.000000   69.798000     3.26982E-02  4.36681E-04  23.543700  30.517400
3  1020.000000   115.870000    1800.000000   92.674000     1960.000000   70.212000     2.98601E-02  4.80652E-04  24.991500  36.345800
3  1020.000000   115.870000    1840.000000   86.557000     2000.000000   66.527000     2.56077E-02  4.45602E-04  26.849000  37.102900
3  1020.000000   115.870000    1880.000000   78.369000     2040.000000   61.428000     1.76697E-02  4.05394E-04  27.562500  50.529600
3  1020.000000   115.870000    1920.000000   69.798000     2080.000000   55.293000     1.32958E-02  3.46821E-04  28.470600  58.038600
3  1020.000000   115.870000    1960.000000   70.212000     2120.000000   43.879000     9.39194E-03  2.65349E-04  22.184200  68.359500
3  1020.000000   115.870000    2000.000000   66.527000     2160.000000   41.041000     8.50423E-03  2.52631E-04  9.865520  70.742800
3  1020.000000   115.870000    2040.000000   61.428000     2200.000000   41.028000     5.15846E-03  1.65499E-04  23.613600  73.446400
3  1020.000000   115.870000    2080.000000   55.293000     2240.000000   41.064000     5.30712E-03  1.82669E-04  12.711400  73.474600
3  1060.000000   129.120000    0.000000      85.461000     40.000000     89.773000     7.69946E-03  2.46491E-04  -3.046720  73.582300
3  1060.000000   129.120000    720.000000    99.688000     760.000000    109.364000    2.26224E-02  4.99086E-04  31.993500  45.474500
3  1060.000000   129.120000    760.000000    109.364000    800.000000    112.086000    2.56659E-02  4.46582E-04  31.572400  37.102900
3  1060.000000   129.120000    800.000000    112.086000    840.000000    110.374000    3.20422E-02  4.27901E-04  25.895100  30.517400
3  1060.000000   129.120000    840.000000    110.374000    880.000000    97.963000     6.35697E-02  6.58830E-04  23.482100  6.686130
3  1060.000000   129.120000    880.000000    97.963000     920.000000    98.528000     1.33045E-01  1.34199E-03  22.795900  4.013650
3  1060.000000   129.120000    920.000000    98.528000     960.000000    99.983000     2.19943E-01  2.21005E-03  15.762100  3.023250
3  1060.000000   129.120000    960.000000    99.983000     1000.000000   109.284000    5.00796E-01  5.01687E-03  12.869000  1.753490
3  1060.000000   129.120000    1120.000000   112.650000    1160.000000   107.119000    4.76036E-01  4.76945E-03  18.176800  1.753770
3  1060.000000   129.120000    1160.000000   107.119000    1200.000000   112.156000    1.47364E-01  1.48673E-03  24.897800  4.013630
3  1060.000000   129.120000    1200.000000   112.156000    1240.000000   121.717000    8.68672E-02  8.85003E-04  28.334000  5.510700
3  1060.000000   129.120000    1240.000000   121.717000    1280.000000   118.242000    5.12983E-02  5.43198E-04  27.991700  8.953010
3  1060.000000   129.120000    1280.000000   118.242000    1320.000000   121.622000    3.76539E-02  4.60869E-04  33.732700  24.290000
3  1060.000000   129.120000    1320.000000   121.622000    1360.000000   139.168000    3.73885E-02  4.57628E-04  36.237500  24.290100
3  1060.000000   129.120000    1360.000000   139.168000    1400.000000   152.179000    2.23205E-02  4.92437E-04  19.370200  45.474500
3  1060.000000   129.120000    2240.000000   41.064000     2280.000000   42.996000     1.11204E-03  6.57510E-05  8.961960  125.381000
3  1060.000000   129.120000    0.000000      85.461000     80.000000     95.232000     1.23638E-02  3.38461E-04  -0.452748  61.446400
3  1060.000000   129.120000    40.000000     89.773000     120.000000    103.752000    8.22361E-03  2.44265E-04  6.370460  70.742800
3  1060.000000   129.120000    360.000000    107.422000    440.000000    114.190000    1.73996E-02  3.93897E-04  24.261900  50.472500
3  1060.000000   129.120000    440.000000    114.190000    520.000000    117.315000    1.39233E-02  3.63170E-04  24.311100  58.038500
3  1060.000000   129.120000    480.000000    115.862000    560.000000    107.062000    1.42910E-02  3.72762E-04  26.348600  58.038500
3  1060.000000   129.120000    520.000000    117.315000    600.000000    109.602000    1.80228E-02  4.13465E-04  27.855800  50.529500
3  1060.000000   129.120000    560.000000    107.062000    640.000000    94.241000     2.01115E-02  4.61382E-04  27.720200  50.529500
3  1060.000000   129.120000    600.000000    109.602000    680.000000    91.001000     2.78919E-02  4.48948E-04  28.662700  36.345700
3  1060.000000   129.120000    640.000000    94.241000     720.000000    99.688000     3.59470E-02  4.39945E-04  29.288800  24.290000
3  1060.000000   129.120000    1400.000000   152.179000    1480.000000   164.497000    3.51043E-02  4.29663E-04  21.806800  24.290000
3  1060.000000   129.120000    1440.000000   160.534000    1520.000000   168.092000    3.22028E-02  4.30078E-04  20.248400  30.517400
3  1060.000000   129.120000    1480.000000   164.497000    1560.000000   155.128000    2.53241E-02  4.40649E-04  19.747800  37.102900
3  1060.000000   129.120000    1520.000000   168.092000    1600.000000   139.326000    2.20136E-02  4.85664E-04  17.796500  45.474500
3  1060.000000   129.120000    1560.000000   155.128000    1640.000000   117.482000    2.82681E-02  4.55040E-04  17.339100  36.345700
3  1060.000000   129.120000    1600.000000   139.326000    1680.000000   108.805000    3.82309E-02  4.68007E-04  18.255700  24.290100
3  1060.000000   129.120000    1640.000000   117.482000    1720.000000   105.823000    3.39385E-02  4.53310E-04  16.691200  30.517400
3  1060.000000   129.120000    1680.000000   108.805000    1760.000000   106.406000    2.96168E-02  4.76762E-04  12.929300  36.345800
3  1060.000000   129.120000    2200.000000   41.028000     2280.000000   42.996000     2.48284E-03  1.42452E-04  8.389890  85.562500
3  1060.000000   129.120000    0.000000      85.461000     160.000000    106.465000    1.88626E-02  4.32746E-04  3.511440  50.529500
3  1060.000000   129.120000    40.000000     89.773000     200.000000    103.693000    1.50197E-02  3.91902E-04  7.920820  58.038500
3  1060.000000   129.120000    80.000000     95.232000     240.000000    107.318000    1.48665E-02  3.87839E-04  12.362400  58.038500
3  1060.000000   129.120000    120.000000    103.752000    280.000000    107.758000    1.59878E-02  3.61711E-04  14.353600  50.469700
3  1060.000000   129.120000    160.000000    106.465000    320.000000    109.059000    1.86703E-02  4.28319E-04  16.186500  50.529500
3  1060.000000   129.120000    200.000000    103.693000    360.000000    107.422000    2.05576E-02  4.71616E-04  19.597500  50.529500
3  1060.000000   129.120000    1720.000000   105.823000    1880.000000   78.369000     4.54882E-02  5.10532E-04  13.215100  15.460900
3  1060.000000   129.120000    1760.000000   106.406000    1920.000000   69.798000     3.54350E-02  4.33703E-04  14.249200  24.290000
3  1060.000000   129.120000    1800.000000   92.674000     1960.000000   70.212000     3.22834E-02  4.31148E-04  14.732800  30.517400
3  1060.000000   129.120000    1840.000000   86.557000     2000.000000   66.527000     2.76433E-02  4.44963E-04  15.949000  36.345700
3  1060.000000   129.120000    1880.000000   78.369000     2040.000000   61.428000     1.90340E-02  4.36670E-04  15.981400  50.529500
3  1060.000000   129.120000    1920.000000   69.798000     2080.000000   55.293000     1.43172E-02  3.73447E-04  17.431000  58.038500
3  1060.000000   129.120000    1960.000000   70.212000     2120.000000   43.879000     1.00542E-02  2.84052E-04  16.076900  68.357400
3  1060.000000   129.120000    2000.000000   66.527000     2160.000000   41.041000     9.04671E-03  2.68866E-04  9.981400  70.742800
3  1060.000000   129.120000    2040.000000   61.428000     2200.000000   41.028000     5.48259E-03  1.76271E-04  9.742700  73.446400
3  1060.000000   129.120000    2080.000000   55.293000     2240.000000   41.064000     5.63458E-03  1.91620E-04  5.406690  73.504000
3  1060.000000   129.120000    2120.000000   43.879000     2280.000000   42.996000     4.14657E-03  1.76459E-04  4.422980  74.498100
3  1100.000000   118.586000    0.000000      85.461000     40.000000     89.773000     7.29610E-03  2.34833E-04  7.639340  73.584600
3  1100.000000   118.586000    760.000000    109.364000    800.000000    112.086000    2.06379E-02  4.55305E-04  32.521500  45.474500
3  1100.000000   118.586000    800.000000    112.086000    840.000000    110.374000    2.43949E-02  4.24466E-04  27.897100  37.102900
3  1100.000000   118.586000    840.000000    110.374000    880.000000    97.963000     4.52679E-02  5.07960E-04  26.737300  15.460700
3  1100.000000   118.586000    880.000000    97.963000     920.000000    98.528000     8.71381E-02  8.87571E-04  27.648200  5.510550
3  1100.000000   118.586000    920.000000    98.528000     960.000000    99.983000     1.30295E-01  1.31425E-03  20.733800  4.013510
3  1100.000000   118.586000    960.000000    99.983000     1000.000000   109.284000    2.42085E-01  2.43003E-03  18.475000  2.635010
3  1100.000000   118.586000    1160.000000   107.119000    1200.000000   112.156000    3.16632E-01  4.93556E-03  23.348100  2.156310
3  1100.000000   118.586000    1200.000000   112.156000    1240.000000   121.717000    1.52113E-01  1.53120E-03  28.653700  3.534100
3  1100.000000   118.586000    1240.000000   121.717000    1280.000000   118.242000    7.90463E-02  8.10944E-04  28.389600  6.162940
3  1100.000000   118.586000    1280.000000   118.242000    1320.000000   121.622000    5.40068E-02  5.69556E-04  34.346800  8.038340
3  1100.000000   118.586000    1320.000000   121.622000    1360.000000   139.168000    5.03177E-02  5.32905E-04  37.402500  8.953020
3  1100.000000   118.586000    1360.000000   139.168000    1400.000000   152.179000    2.86906E-02  4.61847E-04  22.520300  36.345700
3  1100.000000   118.586000    1400.000000   152.179000    1440.000000   160.534000    2.06457E-02  4.55500E-04  26.584300  45.474500
3  1100.000000   118.586000    2240.000000   41.064000     2280.000000   42.996000     1.17735E-03  6.01311E-05  28.458000  123.454000
3  1100.000000   118.586000    0.000000      85.461000     80.000000     95.232000     1.17105E-02  3.20826E-04  9.990120  61.446800
3  1100.000000   118.586000    40.000000     89.773000     120.000000    103.752000    7.76267E-03  2.30583E-04  16.229400  70.742900
3  1100.000000   118.586000    440.000000    114.190000    520.000000    117.315000    1.26974E-02  3.47593E-04  24.006100  61.446400
3  1100.000000   118.586000    480.000000    115.862000    560.000000    107.062000    1.29010E-02  3.53166E-04  25.817300  61.446400
3  1100.000000   118.586000    520.000000    117.315000    600.000000    109.602000    1.61605E-02  3.65610E-04  27.022600  50.469700
3  1100.000000   118.586000    560.000000    107.062000    640.000000    94.241000     1.76837E-02  4.00071E-04  27.451800  50.469700
3  1100.000000   118.586000    600.000000    109.602000    680.000000    91.001000     2.43131E-02  4.23043E-04  28.505800  37.102900
3  1100.000000   118.586000    640.000000    94.241000     720.000000    99.688000     3.04847E-02  4.90679E-04  30.069900  36.345700
3  1100.000000   118.586000    680.000000    91.001000     760.000000    109.364000    3.47455E-02  4.63998E-04  31.710700  30.517400
3  1100.000000   118.586000    1440.000000   160.534000    1520.000000   168.092000    3.90479E-02  4.77997E-04  23.748200  24.290000
3  1100.000000   118.586000    1480.000000   164.497000    1560.000000   155.128000    3.00970E-02  4.84480E-04  23.402200  36.345700
3  1100.000000   118.586000    1520.000000   168.092000    1600.000000   139.326000    2.56808E-02  4.46861E-04  21.795200  37.102900
3  1100.000000   118.586000    1560.000000   155.128000    1640.000000   117.482000    3.24718E-02  4.33706E-04  21.477300  30.517400
3  1100.000000   118.586000    1600.000000   139.326000    1680.000000   108.805000    4.33507E-02  4.86577E-04  22.804700  15.460800
3  1100.000000   118.586000    1640.000000   117.482000    1720.000000   105.823000    3.80470E-02  4.65722E-04  21.835700  24.290000
3  1100.000000   118.586000    1680.000000   108.805000    1760.000000   106.406000    3.29529E-02  4.40089E-04  18.679700  30.517400
3  1100.000000   118.586000    1720.000000   105.823000    1800.000000   92.674000     2.88277E-02  4.64019E-04  18.337500  36.345700
3  1100.000000   118.586000    2200.000000   41.028000     2280.000000   42.996000     2.63345E-03  1.05409E-04  29.853900  81.680600
3  1100.000000   118.586000    0.000000      85.461000     160.000000    106.465000    1.78086E-02  4.02980E-04  13.557600  50.469800
3  1100.000000   118.586000    40.000000     89.773000     200.000000    103.693000    1.41362E-02  3.68724E-04  16.252600  58.038500
3  1100.000000   118.586000    80.000000     95.232000     240.000000    107.318000    1.39448E-02  3.63732E-04  18.434800  58.038500
3  1100.000000   118.586000    120.000000    103.752000    280.000000    107.758000    1.49639E-02  3.90312E-04  18.458000  58.038500
3  1100.000000   118.586000    160.000000    106.465000    320.000000    109.059000    1.74206E-02  3.94129E-04  18.796400  50.469700
3  1100.000000   118.586000    200.000000    103.693000    360.000000    107.422000    1.91278E-02  4.38819E-04  21.232600  50.529500
3  1100.000000   118.586000    280.000000    107.758000    440.000000    114.190000    2.65590E-02  4.62121E-04  22.798300  37.102900
3  1100.000000   118.586000    1760.000000   106.406000    1920.000000   69.798000     3.90470E-02  4.77885E-04  20.895400  24.290000
3  1100.000000   118.586000    1800.000000   92.674000     1960.000000   70.212000     3.54687E-02  4.34091E-04  21.904800  24.290000
3  1100.000000   118.586000    1840.000000   86.557000     2000.000000   66.527000     3.03008E-02  4.87722E-04  23.478600  36.345700
3  1100.000000   118.586000    1880.000000   78.369000     2040.000000   61.428000     2.07981E-02  4.58839E-04  23.983100  45.474500
3  1100.000000   118.586000    1920.000000   69.798000     2080.000000   55.293000     1.56221E-02  3.53431E-04  25.367100  50.469700
3  1100.000000   118.586000    1960.000000   70.212000     2120.000000   43.879000     1.08856E-02  3.07538E-04  25.313700  68.357400
3  1100.000000   118.586000    2000.000000   66.527000     2160.000000   41.041000     9.70663E-03  2.74229E-04  21.545000  68.357400
3  1100.000000   118.586000    2040.000000   61.428000     2200.000000   41.028000     5.84673E-03  1.87177E-04  28.127600  73.582300
3  1100.000000   118.586000    2080.000000   55.293000     2240.000000   41.064000     5.98493E-03  1.91602E-04  26.947200  73.582500
3  1100.000000   118.586000    2120.000000   43.879000     2280.000000   42.996000     4.39514E-03  1.40946E-04  31.054500  73.451300
3  1140.000000   108.477000    0.000000      85.461000     40.000000     89.773000     6.88182E-03  2.20962E-04  16.300800  73.588900
3  1140.000000   108.477000    480.000000    115.862000    520.000000    117.315000    4.15278E-03  1.40188E-04  29.808500  74.193800
3  1140.000000   108.477000    800.000000    112.086000    840.000000    110.374000    1.85693E-02  4.26002E-04  32.123800  50.529500
3  1140.000000   108.477000    840.000000    110.374000    880.000000    97.963000     3.24492E-02  4.33336E-04  31.035500  30.517400
3  1140.000000   108.477000    880.000000    97.963000     920.000000    98.528000     5.78712E-02  6.10217E-04  33.403200  8.038360
3  1140.000000   108.477000    920.000000    98.528000     960.000000    99.983000     8.10899E-02  8.31812E-04  26.599600  6.162950
3  1140.000000   108.477000    960.000000    99.983000     1000.000000   109.284000    1.35894E-01  1.37072E-03  23.108800  4.013580
3  1140.000000   108.477000    1000.000000   109.284000    1040.000000   125.393000    2.39217E-01  2.40126E-03  24.706500  2.635090
3  1140.000000   108.477000    1040.000000   125.393000    1080.000000   127.088000    3.18969E-01  3.19907E-03  24.328300  2.156280
3  1140.000000   108.477000    1200.000000   112.156000    1240.000000   121.717000    3.78112E-01  3.79224E-03  28.305400  2.156280
3  1140.000000   108.477000    1240.000000   121.717000    1280.000000   118.242000    1.57223E-01  1.58247E-03  28.789500  3.534100
3  1140.000000   108.477000    1280.000000   118.242000    1320.000000   121.622000    9.58409E-02  9.76226E-04  34.599000  5.510560
3  1140.000000   108.477000    1320.000000   121.622000    1360.000000   139.168000    7.82888E-02  8.03102E-04  37.838400  6.162950
3  1140.000000   108.477000    1360.000000   139.168000    1400.000000   152.179000    4.10006E-02  4.60076E-04  23.579300  15.460700
3  1140.000000   108.477000    1400.000000   152.179000    1440.000000   160.534000    2.83338E-02  4.56061E-04  27.519200  36.345700
3  1140.000000   108.477000    1440.000000   160.534000    1480.000000   164.497000    3.01577E-02  4.85418E-04  24.368200  36.345700
3  1140.000000   108.477000    2240.000000   41.064000     2280.000000   42.996000     1.28215E-03  6.56702E-05  12.245000  123.454000
3  1140.000000   108.477000    0.000000      85.461000     80.000000     95.232000     1.10277E-02  3.11957E-04  18.757200  68.358300
3  1140.000000   108.477000    40.000000     89.773000     120.000000    103.752000    7.27148E-03  2.32789E-04  24.987100  73.582300
3  1140.000000   108.477000    480.000000    115.862000    560.000000    107.062000    1.15111E-02  3.15131E-04  30.094200  61.447800
3  1140.000000   108.477000    520.000000    117.315000    600.000000    109.602000    1.43233E-02  3.73605E-04  30.973400  58.038500
3  1140.000000   108.477000    560.000000    107.062000    640.000000    94.241000     1.53729E-02  3.47793E-04  31.312600  50.469700
3  1140.000000   108.477000    600.000000    109.602000    680.000000    91.001000     2.09775E-02  4.62799E-04  32.185300  45.474500
3  1140.000000   108.477000    640.000000    94.241000     720.000000    99.688000     2.56038E-02  4.45504E-04  33.481700  37.102900
3  1140.000000   108.477000    680.000000    91.001000     760.000000    109.364000    2.83961E-02  4.57064E-04  34.983800  36.345700
3  1140.000000   108.477000    720.000000    99.688000     800.000000    112.086000    3.18984E-02  4.25981E-04  35.463600  30.517400
3  1140.000000   108.477000    1480.000000   164.497000    1560.000000   155.128000    3.82686E-02  4.68354E-04  22.493300  24.290000
3  1140.000000   108.477000    1520.000000   168.092000    1600.000000   139.326000    3.16904E-02  4.23200E-04  19.973300  30.517400
3  1140.000000   108.477000    1560.000000   155.128000    1640.000000   117.482000    3.90531E-02  4.77955E-04  18.630200  24.290000
3  1140.000000   108.477000    1600.000000   139.326000    1680.000000   108.805000    5.10215E-02  5.40190E-04  19.732500  8.952990
3  1140.000000   108.477000    1640.000000   117.482000    1720.000000   105.823000    4.39965E-02  4.93694E-04  17.972300  15.460800
3  1140.000000   108.477000    1680.000000   108.805000    1760.000000   106.406000    3.77398E-02  4.61882E-04  13.330700  24.290000
3  1140.000000   108.477000    1720.000000   105.823000    1800.000000   92.674000     3.28261E-02  4.38366E-04  12.685600  30.517400
3  1140.000000   108.477000    1760.000000   106.406000    1840.000000   86.557000     2.30656E-02  5.08864E-04  12.781500  45.474500
3  1140.000000   108.477000    2200.000000   41.028000     2280.000000   42.996000     2.87294E-03  1.15499E-04  12.650600  81.683100
3  1140.000000   108.477000    0.000000      85.461000     160.000000    106.465000    1.67055E-02  3.78978E-04  22.119100  50.470100
3  1140.000000   108.477000    40.000000     89.773000     200.000000    103.693000    1.31977E-02  3.61290E-04  24.498600  61.446400
3  1140.000000   108.477000    80.000000     95.232000     240.000000    107.318000    1.29716E-02  3.55112E-04  26.101100  61.446400
3  1140.000000   108.477000    120.000000    103.752000    280.000000    107.758000    1.38820E-02  3.62098E-04  25.588600  58.038500
3  1140.000000   108.477000    160.000000    106.465000    320.000000    109.059000    1.61036E-02  3.64329E-04  25.461200  50.469700
3  1140.000000   108.477000    200.000000    103.693000    360.000000    107.422000    1.76199E-02  3.98627E-04  27.447100  50.469700
3  1140.000000   108.477000    280.000000    107.758000    440.000000    114.190000    2.25651E-02  5.04608E-04  1.469830  46.565200
3  1140.000000   108.477000    320.000000    109.059000    480.000000    115.862000    2.67605E-02  4.65748E-04  28.603600  37.103000
3  1140.000000   108.477000    1800.000000   92.674000     1960.000000   70.212000     3.99689E-02  4.89163E-04  14.898600  24.290000
3  1140.000000   108.477000    1840.000000   86.557000     2000.000000   66.527000     3.40577E-02  4.54813E-04  16.120500  30.517400
3  1140.000000   108.477000    1880.000000   78.369000     2040.000000   61.428000     2.32955E-02  5.13936E-04  16.134800  45.474500
3  1140.000000   108.477000    1920.000000   69.798000     2080.000000   55.293000     1.74588E-02  3.94983E-04  17.467100  50.469700
3  1140.000000   108.477000    1960.000000   70.212000     2120.000000   43.879000     1.20556E-02  3.30023E-04  16.773400  61.446400
3  1140.000000   108.477000    2000.000000   66.527000     2160.000000   41.041000     1.06446E-02  3.00728E-04  11.765600  68.357400
3  1140.000000   108.477000    2040.000000   61.428000     2200.000000   41.028000     6.39632E-03  2.04793E-04  14.122800  73.582300
3  1140.000000   108.477000    2080.000000   55.293000     2240.000000   41.064000     6.53003E-03  2.09133E-04  10.784000  73.582400
3  1180.000000   111.428000    0.000000      85.461000     40.000000     89.773000     6.50324E-03  2.08405E-04  2.221370  73.600400
3  1180.000000   111.428000    840.000000    110.374000    880.000000    97.963000     2.32472E-02  5.12870E-04  30.137700  45.474500
3  1180.000000   111.428000    880.000000    97.963000     920.000000    98.528000     3.78958E-02  4.63792E-04  33.197100  24.290000
3  1180.000000   111.428000    920.000000    98.528000     960.000000    99.983000     5.08281E-02  5.38143E-04  27.267600  8.952920
3  1180.000000   111.428000    960.000000    99.983000     1000.000000   109.284000    7.72439E-02  7.92352E-04  25.004400  6.163010
3  1180.000000   111.428000    1000.000000   109.284000    1040.000000   125.393000    1.17891E-01  1.19253E-03  27.405200  4.536960
3  1180.000000   111.428000    1040.000000   125.393000    1080.000000   127.088000    1.27798E-01  1.28906E-03  30.795900  4.013620
3  1180.000000   111.428000    1080.000000   127.088000    1120.000000   112.650000    3.05370E-01  3.06268E-03  27.468500  2.156330
3  1180.000000   111.428000    1240.000000   121.717000    1280.000000   118.242000    3.06006E-01  3.06906E-03  25.101800  2.156340
3  1180.000000   111.428000    1280.000000   118.242000    1320.000000   121.622000    1.66090E-01  1.67171E-03  32.238500  3.534100
3  1180.000000   111.428000    1320.000000   121.622000    1360.000000   139.168000    1.23092E-01  1.24160E-03  38.046600  4.013670
3  1180.000000   111.428000    1360.000000   139.168000    1400.000000   152.179000    5.80859E-02  6.12481E-04  25.886100  8.038330
3  1180.000000   111.428000    1400.000000   152.179000    1440.000000   160.534000    3.81113E-02  4.66433E-04  31.415100  24.290000
3  1180.000000   111.428000    1440.000000   160.534000    1480.000000   164.497000    3.95323E-02  4.83824E-04  28.717000  24.290000
3  1180.000000   111.428000    1480.000000   164.497000    1520.000000   168.092000    2.72841E-02  4.39165E-04  27.349500  36.345700
3  1180.000000   111.428000    2240.000000   41.064000     2280.000000   42.996000     1.38116E-03  7.05303E-05  28.581500  123.474000
3  1180.000000   111.428000    0.000000      85.461000     80.000000     95.232000     1.04156E-02  2.94270E-04  5.691890  68.358500
3  1180.000000   111.428000    40.000000     89.773000     120.000000    103.752000    6.83724E-03  2.18887E-04  14.001500  73.582400
3  1180.000000   111.428000    480.000000    115.862000    560.000000    107.062000    1.03153E-02  2.91425E-04  24.645300  68.357400
3  1180.000000   111.428000    520.000000    117.315000    600.000000    109.602000    1.27758E-02  3.49739E-04  26.004700  61.446400
3  1180.000000   111.428000    560.000000    107.062000    640.000000    94.241000     1.34035E-02  3.49612E-04  26.723100  58.038500
3  1180.000000   111.428000    600.000000    109.602000    680.000000    91.001000     1.82168E-02  4.17915E-04  27.935800  50.529500
3  1180.000000   111.428000    640.000000    94.241000     720.000000    99.688000     2.15794E-02  4.76076E-04  29.646700  45.474500
3  1180.000000   111.428000    680.000000    91.001000     760.000000    109.364000    2.33065E-02  4.05528E-04  31.773200  37.102900
3  1180.000000   111.428000    720.000000    99.688000     800.000000    112.086000    2.61208E-02  4.54497E-04  32.341900  37.102900
3  1180.000000   111.428000    760.000000    109.364000    840.000000    110.374000    2.75762E-02  4.43864E-04  30.997800  36.345700
3  1180.000000   111.428000    1520.000000   168.092000    1600.000000   139.326000    3.93282E-02  4.81326E-04  25.891400  24.290000
3  1180.000000   111.428000    1560.000000   155.128000    1640.000000   117.482000    4.73134E-02  5.00935E-04  25.063200  8.952920
3  1180.000000   111.428000    1600.000000   139.326000    1680.000000   108.805000    6.06390E-02  6.39408E-04  26.187700  8.038340
3  1180.000000   111.428000    1640.000000   117.482000    1720.000000   105.823000    5.13128E-02  5.43285E-04  25.137500  8.952920
3  1180.000000   111.428000    1680.000000   108.805000    1760.000000   106.406000    4.34175E-02  4.87196E-04  21.984800  15.460700
3  1180.000000   111.428000    1720.000000   105.823000    1800.000000   92.674000     3.75718E-02  4.59830E-04  21.601400  24.290000
3  1180.000000   111.428000    1760.000000   106.406000    1840.000000   86.557000     2.62817E-02  4.57296E-04  21.999200  37.102900
3  1180.000000   111.428000    1800.000000   92.674000     1880.000000   78.369000     2.75032E-02  4.42692E-04  24.071000  36.345700
3  1180.000000   111.428000    2200.000000   41.028000     2280.000000   42.996000     3.10130E-03  1.04976E-04  29.385400  74.246400
3  1180.000000   111.428000    0.000000      85.461000     160.000000    106.465000    1.57094E-02  3.55419E-04  9.919990  50.469800
3  1180.000000   111.428000    40.000000     89.773000     200.000000    103.693000    1.23587E-02  3.38321E-04  13.755100  61.446400
3  1180.000000   111.428000    80.000000     95.232000     240.000000    107.318000    1.20972E-02  3.31162E-04  15.785300  61.446400
3  1180.000000   111.428000    120.000000    103.752000    280.000000    107.758000    1.29149E-02  3.53547E-04  15.579500  61.446400
3  1180.000000   111.428000    160.000000    106.465000    320.000000    109.059000    1.49318E-02  3.89481E-04  16.782400  58.038800
3  1180.000000   111.428000    200.000000    103.693000    360.000000    107.422000    1.62890E-02  3.68519E-04  18.607300  50.469700
3  1180.000000   111.428000    280.000000    107.758000    440.000000    114.190000    2.19893E-02  4.85266E-04  16.917100  45.474500
3  1180.000000   111.428000    320.000000    109.059000    480.000000    115.862000    2.45034E-02  4.26418E-04  20.728000  37.105200
3  1180.000000   111.428000    360.000000    107.422000    520.000000    117.315000    2.37098E-02  4.12719E-04  21.764400  37.102900
3  1180.000000   111.428000    1840.000000   86.557000     2000.000000   66.527000     3.82763E-02  4.68448E-04  26.745400  24.290000
3  1180.000000   111.428000    1880.000000   78.369000     2040.000000   61.428000     2.60564E-02  4.53376E-04  27.254300  37.102900
3  1180.000000   111.428000    1920.000000   69.798000     2080.000000   55.293000     1.95040E-02  4.47445E-04  28.667200  50.529500
3  1180.000000   111.428000    1960.000000   70.212000     2120.000000   43.879000     1.33267E-02  3.47608E-04  28.807800  58.038500
3  1180.000000   111.428000    2000.000000   66.527000     2160.000000   41.041000     1.16184E-02  3.18055E-04  25.014900  61.446400
3  1180.000000   111.428000    2040.000000   61.428000     2200.000000   41.028000     6.93552E-03  2.22033E-04  31.272100  73.582400
3  1180.000000   111.428000    2080.000000   55.293000     2240.000000   41.064000     7.04654E-03  2.25594E-04  28.919000  73.584300
3  1220.000000   118.238000    0.000000      85.461000     40.000000     89.773000     6.13639E-03  1.96450E-04  6.139410  73.582300
3  1220.000000   118.238000    880.000000    97.963000     920.000000    98.528000     2.97489E-02  4.78835E-04  31.434000  36.345700
3  1220.000000   118.238000    920.000000    98.528000     960.000000    99.983000     3.81627E-02  4.67058E-04  26.283500  24.290000
3  1220.000000   118.238000    960.000000    99.983000     1000.000000   109.284000    5.37530E-02  5.69110E-04  25.240600  8.952960
3  1220.000000   118.238000    1000.000000   109.284000    1040.000000   125.393000    7.55987E-02  7.75476E-04  27.763300  6.163040
3  1220.000000   118.238000    1040.000000   125.393000    1080.000000   127.088000    7.29381E-02  7.55916E-04  31.308900  6.686170
3  1220.000000   118.238000    1080.000000   127.088000    1120.000000   112.650000    1.39184E-01  1.40391E-03  30.004900  4.013640
3  1220.000000   118.238000    1120.000000   112.650000    1160.000000   107.119000    4.05632E-01  4.06825E-03  30.357000  2.156380
3  1220.000000   118.238000    1280.000000   118.242000    1320.000000   121.622000    3.42969E-01  3.43977E-03  24.801700  2.156360
3  1220.000000   118.238000    1320.000000   121.622000    1360.000000   139.168000    2.14913E-01  2.15951E-03  33.562700  3.023170
3  1220.000000   118.238000    1360.000000   139.168000    1400.000000   152.179000    8.91393E-02  9.07955E-04  23.771000  5.510570
3  1220.000000   118.238000    1400.000000   152.179000    1440.000000   160.534000    5.47528E-02  5.77335E-04  32.056300  8.038330
3  1220.000000   118.238000    1440.000000   160.534000    1480.000000   164.497000    5.44246E-02  5.73875E-04  29.460300  8.038340
3  1220.000000   118.238000    1480.000000   164.497000    1520.000000   168.092000    3.60258E-02  4.40909E-04  28.224500  24.290000
3  1220.000000   118.238000    1520.000000   168.092000    1560.000000   155.128000    2.73571E-02  4.40337E-04  29.241700  36.345700
3  1220.000000   118.238000    2240.000000   41.064000     2280.000000   42.996000     1.48355E-03  7.57590E-05  32.016500  123.454000
3  1220.000000   118.238000    0.000000      85.461000     80.000000     95.232000     9.82390E-03  2.77542E-04  8.431380  68.357400
3  1220.000000   118.238000    40.000000     89.773000     120.000000    103.752000    6.44208E-03  2.06236E-04  14.940100  73.582300
3  1220.000000   118.238000    520.000000    117.315000    600.000000    109.602000    1.16488E-02  3.18887E-04  25.154300  61.446400
3  1220.000000   118.238000    560.000000    107.062000    640.000000    94.241000     1.21575E-02  3.32813E-04  25.737100  61.446400
3  1220.000000   118.238000    600.000000    109.602000    680.000000    91.001000     1.64059E-02  3.71162E-04  27.066600  50.469700
3  1220.000000   118.238000    640.000000    94.241000     720.000000    99.688000     1.92480E-02  4.41572E-04  28.613500  50.529500
3  1220.000000   118.238000    680.000000    91.001000     760.000000    109.364000    2.05456E-02  4.53269E-04  30.775700  45.474500
3  1220.000000   118.238000    720.000000    99.688000     800.000000    112.086000    2.27978E-02  5.02956E-04  31.998100  45.474500
3  1220.000000   118.238000    760.000000    109.364000    840.000000    110.374000    2.36049E-02  4.10721E-04  30.146900  37.102900
3  1220.000000   118.238000    800.000000    112.086000    880.000000    97.963000     3.09547E-02  4.13375E-04  29.188500  30.517400
3  1220.000000   118.238000    1560.000000   155.128000    1640.000000   117.482000    5.68735E-02  5.99697E-04  26.114700  8.038340
3  1220.000000   118.238000    1600.000000   139.326000    1680.000000   108.805000    7.05956E-02  7.31646E-04  27.385100  6.686110
3  1220.000000   118.238000    1640.000000   117.482000    1720.000000   105.823000    5.82731E-02  6.14455E-04  26.448900  8.038340
3  1220.000000   118.238000    1680.000000   108.805000    1760.000000   106.406000    4.87758E-02  5.16414E-04  23.305200  8.952920
3  1220.000000   118.238000    1720.000000   105.823000    1800.000000   92.674000     4.18289E-02  4.69366E-04  22.925500  15.460700
3  1220.000000   118.238000    1760.000000   106.406000    1840.000000   86.557000     2.90852E-02  4.68152E-04  23.330200  36.345700
3  1220.000000   118.238000    1800.000000   92.674000     1880.000000   78.369000     3.04006E-02  4.89325E-04  25.396500  36.345700
3  1220.000000   118.238000    1840.000000   86.557000     1920.000000   69.798000     2.62319E-02  4.56430E-04  27.860500  37.102900
3  1220.000000   118.238000    2200.000000   41.028000     2280.000000   42.996000     3.33007E-03  1.12438E-04  32.833300  74.186100
3  1220.000000   118.238000    0.000000      85.461000     160.000000    106.465000    1.48091E-02  3.86275E-04  12.065700  58.038500
3  1220.000000   118.238000    40.000000     89.773000     200.000000    103.693000    1.16288E-02  3.18340E-04  14.522800  61.446400
3  1220.000000   118.238000    80.000000     95.232000     240.000000    107.318000    1.13578E-02  3.10931E-04  16.382300  61.446400
3  1220.000000   118.238000    120.000000    103.752000    280.000000    107.758000    1.20995E-02  3.31227E-04  15.884800  61.446400
3  1220.000000   118.238000    160.000000    106.465000    320.000000    109.059000    1.39601E-02  3.64166E-04  16.036900  58.038500
3  1220.000000   118.238000    200.000000    103.693000    360.000000    107.422000    1.51947E-02  3.96351E-04  18.525700  58.038500
3  1220.000000   118.238000    280.000000    107.758000    440.000000    114.190000    2.06328E-02  4.55226E-04  20.203000  45.474500
3  1220.000000   118.238000    320.000000    109.059000    480.000000    115.862000    2.26674E-02  5.00149E-04  20.695600  45.474500
3  1220.000000   118.238000    360.000000    107.422000    520.000000    117.315000    2.18960E-02  4.83146E-04  21.042500  45.474500
3  1220.000000   118.238000    1880.000000   78.369000     2040.000000   61.428000     2.86289E-02  4.60808E-04  28.710600  36.345700
3  1220.000000   118.238000    1920.000000   69.798000     2080.000000   55.293000     2.13416E-02  4.70830E-04  30.146900  45.474500
3  1220.000000   118.238000    1960.000000   70.212000     2120.000000   43.879000     1.44779E-02  3.77636E-04  30.521000  58.038500
3  1220.000000   118.238000    2000.000000   66.527000     2160.000000   41.041000     1.25154E-02  3.42610E-04  27.397300  61.477400
3  1220.000000   118.238000    2040.000000   61.428000     2200.000000   41.028000     7.49717E-03  2.40018E-04  33.398700  73.582300
3  1220.000000   118.238000    2080.000000   55.293000     2240.000000   41.064000     7.60201E-03  2.25818E-04  31.473400  70.743000
3  1260.000000   119.928000    0.000000      85.461000     40.000000     89.773000     5.98846E-03  1.91714E-04  3.534070  73.582300
3  1260.000000   119.928000    920.000000    98.528000     960.000000    99.983000     3.31627E-02  4.42868E-04  27.648800  30.517400
3  1260.000000   119.928000    960.000000    99.983000     1000.000000   109.284000    4.75620E-02  5.03572E-04  27.272000  8.953000
3  1260.000000   119.928000    1000.000000   109.284000    1040.000000   125.393000    6.21893E-02  6.55749E-04  34.144100  8.038440
3  1260.000000   119.928000    1040.000000   125.393000    1080.000000   127.088000    5.69088E-02  6.00069E-04  37.598100  8.038380
3  1260.000000   119.928000    1080.000000   127.088000    1120.000000   112.650000    9.82228E-02  1.00048E-03  35.080200  5.510620
3  1260.000000   119.928000    1120.000000   112.650000    1160.000000   107.119000    2.63187E-01  2.64187E-03  35.062400  2.635430
3  1260.000000   119.928000    1160.000000   107.119000    1200.000000   112.156000    3.17418E-01  3.23592E-03  23.148500  3.256580
3  1260.000000   119.928000    1320.000000   121.622000    1360.000000   139.168000    3.17093E-01  3.18028E-03  29.153300  2.156270
3  1260.000000   119.928000    1360.000000   139.168000    1400.000000   152.179000    1.14039E-01  1.15357E-03  18.532400  4.536840
3  1260.000000   119.928000    1400.000000   152.179000    1440.000000   160.534000    6.76632E-02  7.01255E-04  30.281100  6.686090
3  1260.000000   119.928000    1440.000000   160.534000    1480.000000   164.497000    6.57318E-02  6.81251E-04  27.638200  6.686090
3  1260.000000   119.928000    1480.000000   164.497000    1520.000000   168.092000    4.28037E-02  4.80313E-04  26.235600  15.460700
3  1260.000000   119.928000    1520.000000   168.092000    1560.000000   155.128000    3.18548E-02  4.25402E-04  27.166000  30.517400
3  1260.000000   119.928000    1560.000000   155.128000    1600.000000   139.326000    2.47491E-02  4.30632E-04  21.815000  37.102900
3  1260.000000   119.928000    2240.000000   41.064000     2280.000000   42.996000     1.54073E-03  7.86789E-05  18.197500  123.455000
3  1260.000000   119.928000    0.000000      85.461000     80.000000     95.232000     9.58324E-03  2.70743E-04  5.980040  68.357400
3  1260.000000   119.928000    40.000000     89.773000     120.000000    103.752000    6.27170E-03  2.00782E-04  12.726100  73.582300
3  1260.000000   119.928000    560.000000    107.062000    640.000000    94.241000     1.15455E-02  3.16059E-04  28.760600  61.446400
3  1260.000000   119.928000    600.000000    109.602000    680.000000    91.001000     1.55602E-02  3.52029E-04  30.110000  50.469700
3  1260.000000   119.928000    640.000000    94.241000     720.000000    99.688000     1.81100E-02  4.15465E-04  31.296600  50.529500
3  1260.000000   119.928000    680.000000    91.001000     760.000000    109.364000    1.91895E-02  4.40230E-04  33.402200  50.529500
3  1260.000000   119.928000    720.000000    99.688000     800.000000    112.086000    2.13042E-02  4.70005E-04  34.890100  45.474500
3  1260.000000   119.928000    760.000000    109.364000    840.000000    110.374000    2.17950E-02  4.80833E-04  32.355300  45.474500
3  1260.000000   119.928000    800.000000    112.086000    880.000000    97.963000     2.80252E-02  4.51094E-04  30.850000  36.345700
3  1260.000000   119.928000    840.000000    110.374000    920.000000    98.528000     4.30984E-02  4.83620E-04  32.201900  15.460800
3  1260.000000   119.928000    1600.000000   139.326000    1680.000000   108.805000    7.86396E-02  8.06716E-04  24.234200  6.162930
3  1260.000000   119.928000    1640.000000   117.482000    1720.000000   105.823000    6.38965E-02  6.62242E-04  22.717200  6.686090
3  1260.000000   119.928000    1680.000000   108.805000    1760.000000   106.406000    5.29093E-02  5.60193E-04  18.931500  8.952910
3  1260.000000   119.928000    1720.000000   105.823000    1800.000000   92.674000     4.51892E-02  5.07091E-04  18.311500  15.460700
3  1260.000000   119.928000    1760.000000   106.406000    1840.000000   86.557000     3.13150E-02  4.18193E-04  18.477900  30.517400
3  1260.000000   119.928000    1800.000000   92.674000     1880.000000   78.369000     3.26005E-02  4.35367E-04  20.126800  30.517400
3  1260.000000   119.928000    1840.000000   86.557000     1920.000000   69.798000     2.80211E-02  4.51030E-04  22.117800  36.345700
3  1260.000000   119.928000    1880.000000   78.369000     1960.000000   70.212000     2.05876E-02  4.54197E-04  21.874600  45.474500
3  1260.000000   119.928000    2200.000000   41.028000     2280.000000   42.996000     3.46069E-03  1.16882E-04  18.796800  74.189300
3  1260.000000   119.928000    0.000000      85.461000     160.000000    106.465000    1.44244E-02  3.76240E-04  9.888610  58.038500
3  1260.000000   119.928000    40.000000     89.773000     200.000000    103.693000    1.13064E-02  3.09514E-04  13.076900  61.446400
3  1260.000000   119.928000    80.000000     95.232000     240.000000    107.318000    1.10256E-02  3.11492E-04  15.991600  68.357400
3  1260.000000   119.928000    120.000000    103.752000    280.000000    107.758000    1.17347E-02  3.21246E-04  16.502500  61.446400
3  1260.000000   119.928000    160.000000    106.465000    320.000000    109.059000    1.35203E-02  3.52720E-04  17.177000  58.038600
3  1260.000000   119.928000    200.000000    103.693000    360.000000    107.422000    1.46961E-02  3.83337E-04  20.347500  58.038500
3  1260.000000   119.928000    280.000000    107.758000    440.000000    114.190000    1.98977E-02  4.56477E-04  23.071000  50.529500
3  1260.000000   119.928000    320.000000    109.059000    480.000000    115.862000    2.18395E-02  4.81816E-04  23.946100  45.474500
3  1260.000000   119.928000    360.000000    107.422000    520.000000    117.315000    2.10661E-02  4.64756E-04  24.466000  45.474500
3  1260.000000   119.928000    440.000000    114.190000    600.000000    109.602000    2.02965E-02  4.65626E-04  27.012800  50.529500
3  1260.000000   119.928000    1920.000000   69.798000     2080.000000   55.293000     2.26602E-02  4.99923E-04  23.653800  45.474500
3  1260.000000   119.928000    1960.000000   70.212000     2120.000000   43.879000     1.52751E-02  3.45581E-04  23.289800  50.469700
3  1260.000000   119.928000    2000.000000   66.527000     2160.000000   41.041000     1.31242E-02  3.42329E-04  18.536700  58.038500
3  1260.000000   119.928000    2040.000000   61.428000     2200.000000   41.028000     7.81038E-03  2.32025E-04  22.089300  70.742800
3  1260.000000   119.928000    2080.000000   55.293000     2240.000000   41.064000     7.89392E-03  2.34521E-04  18.503100  70.742800
3  1300.000000   120.477000    0.000000      85.461000     40.000000     89.773000     5.71150E-03  1.83239E-04  9.198180  73.460300
3  1300.000000   120.477000    960.000000    99.983000     1000.000000   109.284000    3.73883E-02  4.57580E-04  24.184800  24.950600
3  1300.000000   120.477000    1000.000000   109.284000    1040.000000   125.393000    4.86520E-02  5.15123E-04  31.117400  12.395300
3  1300.000000   120.477000    1080.000000   127.088000    1120.000000   112.650000    6.60533E-02  7.59626E-04  29.540900  6.686090
3  1300.000000   120.477000    1120.000000   112.650000    1160.000000   107.119000    1.62984E-01  2.19724E-03  33.111600  3.722450
3  1300.000000   120.477000    1160.000000   107.119000    1200.000000   112.156000    1.65329E-01  1.72514E-03  26.138400  7.707740
3  1300.000000   120.477000    1200.000000   112.156000    1240.000000   121.717000    3.44432E-01  3.48386E-03  24.541800  2.979490
3  1300.000000   120.477000    1360.000000   139.168000    1400.000000   152.179000    2.04749E-01  2.10623E-03  22.636100  3.101870
3  1300.000000   120.477000    1400.000000   152.179000    1440.000000   160.534000    1.02180E-01  1.03361E-03  30.842300  4.536810
3  1300.000000   120.477000    1440.000000   160.534000    1480.000000   164.497000    9.32374E-02  9.49698E-04  28.616600  5.510550
3  1300.000000   120.477000    1480.000000   164.497000    1520.000000   168.092000    5.72782E-02  6.03959E-04  27.401000  8.038320
3  1300.000000   120.477000    1520.000000   168.092000    1560.000000   155.128000    4.13153E-02  1.10688E-03  42.752400  20.305700
3  1300.000000   120.477000    1560.000000   155.128000    1600.000000   139.326000    3.05904E-02  4.92380E-04  24.037800  36.345700
3  1300.000000   120.477000    1600.000000   139.326000    1640.000000   117.482000    4.70479E-02  4.98120E-04  26.817500  8.952910
3  1300.000000   120.477000    2240.000000   41.064000     2280.000000   42.996000     1.63303E-03  6.51181E-05  36.644700  81.680500
3  1300.000000   120.477000    0.000000      85.461000     80.000000     95.232000     9.14277E-03  2.71588E-04  11.512900  70.745800
3  1300.000000   120.477000    40.000000     89.773000     120.000000    103.752000    5.98369E-03  1.91565E-04  17.514600  73.582300
3  1300.000000   120.477000    600.000000    109.602000    680.000000    91.001000     1.44030E-02  3.75684E-04  26.320600  58.038500
3  1300.000000   120.477000    640.000000    94.241000     720.000000    99.688000     1.66775E-02  3.77308E-04  27.598200  50.469700
3  1300.000000   120.477000    680.000000    91.001000     760.000000    109.364000    1.75563E-02  3.97188E-04  29.689500  50.469700
3  1300.000000   120.477000    720.000000    99.688000     800.000000    112.086000    1.93685E-02  4.44337E-04  31.445600  50.529500
3  1300.000000   120.477000    760.000000    109.364000    840.000000    110.374000    1.96238E-02  4.50194E-04  29.111600  50.529500
3  1300.000000   120.477000    800.000000    112.086000    880.000000    97.963000     2.47873E-02  4.31294E-04  27.943500  37.102900
3  1300.000000   120.477000    840.000000    110.374000    920.000000    98.528000     3.72116E-02  4.55418E-04  29.777000  24.290000
3  1300.000000   120.477000    880.000000    97.963000     960.000000    99.983000     4.99553E-02  5.28902E-04  27.998700  8.952920
3  1300.000000   120.477000    1640.000000   117.482000    1720.000000   105.823000    7.21304E-02  7.47552E-04  26.367900  6.686090
3  1300.000000   120.477000    1680.000000   108.805000    1760.000000   106.406000    5.92368E-02  6.24611E-04  23.429700  8.038320
3  1300.000000   120.477000    1720.000000   105.823000    1800.000000   92.674000     5.00807E-02  5.30229E-04  23.002400  8.952910
3  1300.000000   120.477000    1760.000000   106.406000    1840.000000   86.557000     3.44622E-02  4.60215E-04  23.435400  30.517400
3  1300.000000   120.477000    1800.000000   92.674000     1880.000000   78.369000     3.57889E-02  4.38006E-04  25.622200  24.290000
3  1300.000000   120.477000    1840.000000   86.557000     1920.000000   69.798000     3.06930E-02  4.09880E-04  28.291500  30.517400
3  1300.000000   120.477000    1880.000000   78.369000     1960.000000   70.212000     2.24619E-02  4.95545E-04  28.875800  45.474500
3  1300.000000   120.477000    1920.000000   69.798000     2000.000000   66.527000     1.84052E-02  4.22237E-04  29.204200  50.529500
3  1300.000000   120.477000    0.000000      85.461000     160.000000    106.465000    1.37580E-02  3.58902E-04  14.874400  58.038500
3  1300.000000   120.477000    40.000000     89.773000     200.000000    103.693000    1.07772E-02  3.04474E-04  16.943900  68.357400
3  1300.000000   120.477000    80.000000     95.232000     240.000000    107.318000    1.04915E-02  2.96403E-04  18.089200  68.357400
3  1300.000000   120.477000    120.000000    103.752000    280.000000    107.758000    1.11497E-02  3.14998E-04  17.193000  68.357400
3  1300.000000   120.477000    160.000000    106.465000    320.000000    109.059000    1.28293E-02  3.51221E-04  16.739600  61.446400
3  1300.000000   120.477000    200.000000    103.693000    360.000000    107.422000    1.39168E-02  3.63006E-04  18.675900  58.038500
3  1300.000000   120.477000    280.000000    107.758000    440.000000    114.190000    1.87674E-02  4.30556E-04  20.069800  50.529500
3  1300.000000   120.477000    320.000000    109.059000    480.000000    115.862000    2.05572E-02  4.71650E-04  20.467900  50.529500
3  1300.000000   120.477000    360.000000    107.422000    520.000000    117.315000    1.98079E-02  4.54427E-04  20.927100  50.529500
3  1300.000000   120.477000    440.000000    114.190000    600.000000    109.602000    1.89808E-02  4.35442E-04  23.176600  50.529500
3  1300.000000   120.477000    480.000000    115.862000    640.000000    94.241000     1.91943E-02  4.40373E-04  24.205600  50.529500
3  1300.000000   120.477000    1960.000000   70.212000     2120.000000   43.879000     1.64404E-02  3.71946E-04  31.096000  50.469700
3  1300.000000   120.477000    2000.000000   66.527000     2160.000000   41.041000     1.40145E-02  3.65550E-04  27.952700  58.038500
3  1300.000000   120.477000    2040.000000   61.428000     2200.000000   41.028000     8.33558E-03  2.47599E-04  35.973700  70.742800
3  1300.000000   120.477000    2080.000000   55.293000     2240.000000   41.064000     8.40368E-03  2.49614E-04  34.993700  70.742800
3  1340.000000   126.284000    1000.000000   109.284000    1040.000000   125.393000    3.68009E-02  4.50391E-04  24.147600  24.290100
3  1340.000000   126.284000    1040.000000   125.393000    1080.000000   127.088000    3.07360E-02  4.10455E-04  27.459900  30.517400
3  1340.000000   126.284000    1080.000000   127.088000    1120.000000   112.650000    4.40925E-02  4.94766E-04  30.888600  15.460800
3  1340.000000   126.284000    1120.000000   112.650000    1160.000000   107.119000    9.81872E-02  1.00012E-03  38.635000  5.510690
3  1340.000000   126.284000    1160.000000   107.119000    1200.000000   112.156000    8.77998E-02  8.94311E-04  33.533300  9.322110
3  1340.000000   126.284000    1200.000000   112.156000    1240.000000   121.717000    1.49178E-01  1.50148E-03  30.363400  3.534100
3  1340.000000   126.284000    1240.000000   121.717000    1280.000000   118.242000    2.64962E-01  2.65966E-03  29.959000  2.635030
3  1340.000000   126.284000    1400.000000   152.179000    1440.000000   160.534000    3.24820E-01  3.25775E-03  29.160600  2.156330
3  1340.000000   126.284000    1440.000000   160.534000    1480.000000   164.497000    2.22712E-01  2.23790E-03  28.186300  3.023210
3  1340.000000   126.284000    1480.000000   164.497000    1520.000000   168.092000    1.17618E-01  1.18979E-03  26.780100  4.536920
3  1340.000000   126.284000    1520.000000   168.092000    1560.000000   155.128000    7.39534E-02  7.58614E-04  29.766200  6.162990
3  1340.000000   126.284000    1560.000000   155.128000    1600.000000   139.326000    4.88358E-02  5.17054E-04  23.741200  8.952950
3  1340.000000   126.284000    1600.000000   139.326000    1640.000000   117.482000    6.91884E-02  7.17089E-04  26.158500  6.686300
3  1340.000000   126.284000    1640.000000   117.482000    1680.000000   108.805000    5.71341E-02  6.02462E-04  26.507400  8.038470
3  1340.000000   126.284000    2240.000000   41.064000     2280.000000   42.996000     1.77981E-03  7.09710E-05  40.565400  81.680500
3  1340.000000   126.284000    40.000000     89.773000     120.000000    103.752000    5.63585E-03  1.80900E-04  23.885600  73.448700
3  1340.000000   126.284000    640.000000    94.241000     720.000000    99.688000     1.50815E-02  3.93380E-04  25.911300  58.038500
3  1340.000000   126.284000    680.000000    91.001000     760.000000    109.364000    1.58025E-02  3.57511E-04  27.916300  50.469700
3  1340.000000   126.284000    720.000000    99.688000     800.000000    112.086000    1.72118E-02  3.89395E-04  29.291000  50.469700
3  1340.000000   126.284000    760.000000    109.364000    840.000000    110.374000    1.73199E-02  3.91840E-04  27.362200  50.469700
3  1340.000000   126.284000    800.000000    112.086000    880.000000    97.963000     2.15708E-02  4.75886E-04  26.161600  45.474500
3  1340.000000   126.284000    840.000000    110.374000    920.000000    98.528000     3.17094E-02  4.23454E-04  27.988000  30.517400
3  1340.000000   126.284000    880.000000    97.963000     960.000000    99.983000     4.13705E-02  4.64223E-04  25.957300  15.460800
3  1340.000000   126.284000    920.000000    98.528000     1000.000000   109.284000    5.20760E-02  5.51355E-04  22.238000  8.952950
3  1340.000000   126.284000    1680.000000   108.805000    1760.000000   106.406000    7.24404E-02  7.50772E-04  23.529900  6.686170
3  1340.000000   126.284000    1720.000000   105.823000    1800.000000   92.674000     5.95856E-02  6.28300E-04  22.880200  8.038370
3  1340.000000   126.284000    1760.000000   106.406000    1840.000000   86.557000     4.02519E-02  4.92631E-04  23.244100  24.290000
3  1340.000000   126.284000    1800.000000   92.674000     1880.000000   78.369000     4.16453E-02  4.67310E-04  25.804600  15.460800
3  1340.000000   126.284000    1840.000000   86.557000     1920.000000   69.798000     3.55937E-02  4.35617E-04  28.933300  24.290000
3  1340.000000   126.284000    1880.000000   78.369000     1960.000000   70.212000     2.58588E-02  4.49938E-04  30.010600  37.102900
3  1340.000000   126.284000    1920.000000   69.798000     2000.000000   66.527000     2.09850E-02  4.62963E-04  30.152100  45.474500
3  1340.000000   126.284000    1960.000000   70.212000     2040.000000   61.428000     1.20371E-02  3.29517E-04  31.161900  61.446400
3  1340.000000   126.284000    2200.000000   41.028000     2280.000000   42.996000     4.00823E-03  1.36228E-04  42.443400  74.191100
3  1340.000000   126.284000    0.000000      85.461000     160.000000    106.465000    1.29706E-02  3.55487E-04  22.358300  61.446400
3  1340.000000   126.284000    40.000000     89.773000     200.000000    103.693000    1.01375E-02  2.86402E-04  23.533500  68.357400
3  1340.000000   126.284000    80.000000     95.232000     240.000000    107.318000    9.84306E-03  2.78183E-04  24.022100  68.357500
3  1340.000000   126.284000    120.000000    103.752000    280.000000    107.758000    1.04278E-02  2.94678E-04  22.006300  68.357400
3  1340.000000   126.284000    160.000000    106.465000    320.000000    109.059000    1.19737E-02  3.27835E-04  20.596700  61.446500
3  1340.000000   126.284000    200.000000    103.693000    360.000000    107.422000    1.29505E-02  3.54576E-04  21.157000  61.446400
3  1340.000000   126.284000    280.000000    107.758000    440.000000    114.190000    1.73568E-02  3.92687E-04  20.598900  50.469700
3  1340.000000   126.284000    320.000000    109.059000    480.000000    115.862000    1.89434E-02  4.34603E-04  20.111100  50.529500
3  1340.000000   126.284000    360.000000    107.422000    520.000000    117.315000    1.82412E-02  4.18495E-04  20.296800  50.529500
3  1340.000000   126.284000    440.000000    114.190000    600.000000    109.602000    1.73696E-02  3.92965E-04  22.117400  50.469700
3  1340.000000   126.284000    480.000000    115.862000    640.000000    94.241000     1.75441E-02  3.96912E-04  23.082000  50.469700
3  1340.000000   126.284000    520.000000    117.315000    680.000000    91.001000     2.25052E-02  4.96501E-04  24.112500  45.474500
3  1340.000000   126.284000    2000.000000   66.527000     2160.000000   41.041000     1.54631E-02  3.49836E-04  29.977900  50.469700
3  1340.000000   126.284000    2040.000000   61.428000     2200.000000   41.028000     9.20790E-03  2.73521E-04  38.876900  70.742800
3  1340.000000   126.284000    2080.000000   55.293000     2240.000000   41.064000     9.25009E-03  2.75012E-04  38.891900  70.743000
3  1380.000000   148.857000    0.000000      85.461000     40.000000     89.773000     5.08889E-03  1.63311E-04  18.428900  73.446400
3  1380.000000   148.857000    1040.000000   125.393000    1080.000000   127.088000    2.46301E-02  4.28566E-04  24.968500  37.102900
3  1380.000000   148.857000    1080.000000   127.088000    1120.000000   112.650000    3.32151E-02  4.43578E-04  28.333700  30.517400
3  1380.000000   148.857000    1120.000000   112.650000    1160.000000   107.119000    7.13394E-02  7.39440E-04  33.590700  6.687150
3  1380.000000   148.857000    1160.000000   107.119000    1200.000000   112.156000    5.96742E-02  6.29253E-04  28.998000  8.038510
3  1380.000000   148.857000    1200.000000   112.156000    1240.000000   121.717000    8.98883E-02  9.15638E-04  29.496500  5.510720
3  1380.000000   148.857000    1240.000000   121.717000    1280.000000   118.242000    1.31258E-01  1.32401E-03  31.696800  4.013620
3  1380.000000   148.857000    1280.000000   118.242000    1320.000000   121.622000    2.63465E-01  2.64471E-03  26.841200  2.635110
3  1380.000000   148.857000    1440.000000   160.534000    1480.000000   164.497000    6.67667E-01  6.68862E-03  17.128700  1.753580
3  1380.000000   148.857000    1480.000000   164.497000    1520.000000   168.092000    2.96509E-01  2.97642E-03  17.525500  2.635160
3  1380.000000   148.857000    1520.000000   168.092000    1560.000000   155.128000    1.65433E-01  1.66515E-03  21.368500  3.534240
3  1380.000000   148.857000    1560.000000   155.128000    1600.000000   139.326000    9.33068E-02  9.50432E-04  16.656100  5.510630
3  1380.000000   148.857000    1600.000000   139.326000    1640.000000   117.482000    1.22880E-01  1.23963E-03  19.789000  4.014170
3  1380.000000   148.857000    1640.000000   117.482000    1680.000000   108.805000    8.72172E-02  8.88473E-04  21.768400  5.510780
3  1380.000000   148.857000    1680.000000   108.805000    1720.000000   105.823000    4.94104E-02  5.23157E-04  20.540300  8.952980
3  1380.000000   148.857000    2240.000000   41.064000     2280.000000   42.996000     1.95938E-03  7.81315E-05  28.040000  81.680500
3  1380.000000   148.857000    0.000000      85.461000     80.000000     95.232000     8.13500E-03  2.41656E-04  18.472800  70.742800
3  1380.000000   148.857000    40.000000     89.773000     120.000000    103.752000    5.30829E-03  1.70232E-04  19.386600  73.447500
3  1380.000000   148.857000    680.000000    91.001000     760.000000    109.364000    1.42667E-02  3.72130E-04  27.927000  58.038500
3  1380.000000   148.857000    720.000000    99.688000     800.000000    112.086000    1.54996E-02  3.50661E-04  29.303900  50.469700
3  1380.000000   148.857000    760.000000    109.364000    840.000000    110.374000    1.55038E-02  3.50755E-04  27.235600  50.469700
3  1380.000000   148.857000    800.000000    112.086000    880.000000    97.963000     1.90966E-02  4.38101E-04  25.812700  50.529500
3  1380.000000   148.857000    840.000000    110.374000    920.000000    98.528000     2.76590E-02  4.45205E-04  27.351400  36.345700
3  1380.000000   148.857000    880.000000    97.963000     960.000000    99.983000     3.56469E-02  4.36282E-04  25.196800  24.290100
3  1380.000000   148.857000    920.000000    98.528000     1000.000000   109.284000    4.41802E-02  4.95781E-04  21.466500  15.460800
3  1380.000000   148.857000    960.000000    99.983000     1040.000000   125.393000    5.50337E-02  5.80341E-04  21.565200  8.038560
3  1380.000000   148.857000    1720.000000   105.823000    1800.000000   92.674000     7.98070E-02  8.18684E-04  18.919500  6.163010
3  1380.000000   148.857000    1760.000000   106.406000    1840.000000   86.557000     5.25804E-02  5.56711E-04  19.327900  8.952950
3  1380.000000   148.857000    1800.000000   92.674000     1880.000000   78.369000     5.34236E-02  5.65660E-04  21.620700  8.952940
3  1380.000000   148.857000    1840.000000   86.557000     1920.000000   69.798000     4.48878E-02  5.03713E-04  24.478200  15.460700
3  1380.000000   148.857000    1880.000000   78.369000     1960.000000   70.212000     3.18857E-02  4.25824E-04  25.134500  30.517400
3  1380.000000   148.857000    1920.000000   69.798000     2000.000000   66.527000     2.57195E-02  4.47524E-04  25.213900  37.102900
3  1380.000000   148.857000    1960.000000   70.212000     2040.000000   61.428000     1.46406E-02  3.81882E-04  26.136300  58.038500
3  1380.000000   148.857000    2000.000000   66.527000     2080.000000   55.293000     8.29378E-03  2.46350E-04  30.850900  70.742800
3  1380.000000   148.857000    2200.000000   41.028000     2280.000000   42.996000     4.42401E-03  1.41867E-04  25.702000  73.507500
3  1380.000000   148.857000    0.000000      85.461000     160.000000    106.465000    1.22245E-02  3.34720E-04  18.140700  61.450800
3  1380.000000   148.857000    40.000000     89.773000     200.000000    103.693000    9.53131E-03  2.83173E-04  14.912600  70.749400
3  1380.000000   148.857000    80.000000     95.232000     240.000000    107.318000    9.23041E-03  2.74378E-04  11.772600  70.748400
3  1380.000000   148.857000    120.000000    103.752000    280.000000    107.758000    9.76028E-03  2.75825E-04  9.296650  68.361500
3  1380.000000   148.857000    160.000000    106.465000    320.000000    109.059000    1.11838E-02  3.16897E-04  9.873170  68.358300
3  1380.000000   148.857000    200.000000    103.693000    360.000000    107.422000    1.20693E-02  3.31637E-04  11.962600  61.449400
3  1380.000000   148.857000    280.000000    107.758000    440.000000    114.190000    1.60996E-02  3.65826E-04  15.515900  50.476200
3  1380.000000   148.857000    320.000000    109.059000    480.000000    115.862000    1.75486E-02  3.97937E-04  16.547600  50.473200
3  1380.000000   148.857000    360.000000    107.422000    520.000000    117.315000    1.68656E-02  3.82933E-04  17.384500  50.473100
3  1380.000000   148.857000    440.000000    114.190000    600.000000    109.602000    1.59740E-02  3.61391E-04  21.407500  50.469700
3  1380.000000   148.857000    480.000000    115.862000    640.000000    94.241000     1.60641E-02  3.63669E-04  22.707600  50.471000
3  1380.000000   148.857000    520.000000    117.315000    680.000000    91.001000     2.05634E-02  4.53662E-04  24.181800  45.474500
3  1380.000000   148.857000    560.000000    107.062000    720.000000    99.688000     2.26323E-02  4.99307E-04  25.067900  45.474500
3  1380.000000   148.857000    2080.000000   55.293000     2240.000000   41.064000     1.02474E-02  2.89761E-04  27.699300  68.365300
3  1420.000000   158.796000    0.000000      85.461000     40.000000     89.773000     4.85039E-03  1.55694E-04  3.237990  73.447400
3  1420.000000   158.796000    1080.000000   127.088000    1120.000000   112.650000    2.74381E-02  4.41641E-04  26.197800  36.345700
3  1420.000000   158.796000    1120.000000   112.650000    1160.000000   107.119000    5.78406E-02  6.09889E-04  31.783900  8.038910
3  1420.000000   158.796000    1160.000000   107.119000    1200.000000   112.156000    4.65202E-02  7.98961E-04  27.881100  8.952920
3  1420.000000   158.796000    1200.000000   112.156000    1240.000000   121.717000    6.75602E-02  7.00180E-04  29.074700  6.686100
3  1420.000000   158.796000    1240.000000   121.717000    1280.000000   118.242000    8.87643E-02  9.04135E-04  30.905000  5.510550
3  1420.000000   158.796000    1280.000000   118.242000    1320.000000   121.622000    1.46798E-01  1.48071E-03  25.892200  4.013510
3  1420.000000   158.796000    1480.000000   164.497000    1520.000000   168.092000    5.99866E-01  6.00934E-03  12.407300  1.753480
3  1420.000000   158.796000    1520.000000   168.092000    1560.000000   155.128000    2.96121E-01  2.97243E-03  15.924400  2.635000
3  1420.000000   158.796000    1560.000000   155.128000    1600.000000   139.326000    1.51918E-01  1.52905E-03  12.036500  3.534080
3  1420.000000   158.796000    1600.000000   139.326000    1640.000000   117.482000    1.89108E-01  1.90021E-03  15.369700  3.023070
3  1420.000000   158.796000    1640.000000   117.482000    1680.000000   108.805000    1.20181E-01  1.21569E-03  18.482100  4.536810
3  1420.000000   158.796000    1680.000000   108.805000    1720.000000   105.823000    6.52294E-02  6.76024E-04  18.054400  6.686090
3  1420.000000   158.796000    2240.000000   41.064000     2280.000000   42.996000     2.12021E-03  8.45446E-05  25.185400  81.680500
3  1420.000000   158.796000    0.000000      85.461000     80.000000     95.232000     7.75261E-03  2.30275E-04  5.120580  70.743100
3  1420.000000   158.796000    40.000000     89.773000     120.000000    103.752000    5.04936E-03  1.61921E-04  8.730480  73.446300
3  1420.000000   158.796000    440.000000    114.190000    520.000000    117.315000    6.84898E-03  2.19263E-04  15.814100  73.582300
3  1420.000000   158.796000    720.000000    99.688000     800.000000    112.086000    1.43048E-02  3.73122E-04  26.735400  58.038500
3  1420.000000   158.796000    760.000000    109.364000    840.000000    110.374000    1.42548E-02  3.71817E-04  24.830100  58.038500
3  1420.000000   158.796000    800.000000    112.086000    880.000000    97.963000     1.74267E-02  3.94256E-04  24.111000  50.469700
3  1420.000000   158.796000    840.000000    110.374000    920.000000    98.528000     2.49529E-02  4.34175E-04  25.319100  37.102900
3  1420.000000   158.796000    880.000000    97.963000     960.000000    99.983000     3.20687E-02  4.28252E-04  23.472000  30.517400
3  1420.000000   158.796000    920.000000    98.528000     1000.000000   109.284000    3.96525E-02  4.85291E-04  19.755100  24.290000
3  1420.000000   158.796000    960.000000    99.983000     1040.000000   125.393000    4.87888E-02  5.16551E-04  19.699400  8.952950
3  1420.000000   158.796000    1000.000000   109.284000    1080.000000   127.088000    4.79729E-02  5.07913E-04  21.600400  8.952940
3  1420.000000   158.796000    1760.000000   106.406000    1840.000000   86.557000     6.52082E-02  6.75805E-04  17.833500  6.686120
3  1420.000000   158.796000    1800.000000   92.674000     1880.000000   78.369000     6.53916E-02  6.77705E-04  20.365700  6.686150
3  1420.000000   158.796000    1840.000000   86.557000     1920.000000   69.798000     5.42355E-02  5.71875E-04  23.644600  8.038380
3  1420.000000   158.796000    1880.000000   78.369000     1960.000000   70.212000     3.78507E-02  4.63240E-04  24.850900  24.290000
3  1420.000000   158.796000    1920.000000   69.798000     2000.000000   66.527000     3.03805E-02  4.89001E-04  25.200700  36.345700
3  1420.000000   158.796000    1960.000000   70.212000     2040.000000   61.428000     1.71766E-02  3.88598E-04  26.147300  50.469700
3  1420.000000   158.796000    2000.000000   66.527000     2080.000000   55.293000     9.64878E-03  2.72594E-04  30.584000  68.357400
3  1420.000000   158.796000    2040.000000   61.428000     2120.000000   43.879000     7.98292E-03  2.37116E-04  30.742700  70.742800
3  1420.000000   158.796000    2200.000000   41.028000     2280.000000   42.996000     4.79384E-03  1.53903E-04  26.425700  73.446300
3  1420.000000   158.796000    0.000000      85.461000     160.000000    106.465000    1.16271E-02  3.18447E-04  8.835690  61.448500
3  1420.000000   158.796000    40.000000     89.773000     200.000000    103.693000    9.04861E-03  2.68783E-04  11.138400  70.743300
3  1420.000000   158.796000    80.000000     95.232000     240.000000    107.318000    8.75292E-03  2.60063E-04  12.644600  70.743600
3  1420.000000   158.796000    120.000000    103.752000    280.000000    107.758000    9.24772E-03  2.74716E-04  13.228800  70.745500
3  1420.000000   158.796000    160.000000    106.465000    320.000000    109.059000    1.05928E-02  2.99285E-04  12.990600  68.357400
3  1420.000000   158.796000    200.000000    103.693000    360.000000    107.422000    1.14013E-02  3.12135E-04  12.668200  61.446700
3  1420.000000   158.796000    440.000000    114.190000    600.000000    109.602000    1.49648E-02  3.90336E-04  18.171000  58.038500
3  1420.000000   158.796000    480.000000    115.862000    640.000000    94.241000     1.49821E-02  3.90787E-04  19.727700  58.038500
3  1420.000000   158.796000    520.000000    117.315000    680.000000    91.001000     1.91803E-02  4.40019E-04  21.363600  50.529500
3  1420.000000   158.796000    560.000000    107.062000    720.000000    99.688000     2.09967E-02  4.63221E-04  22.440700  45.474500
3  1420.000000   158.796000    600.000000    109.602000    760.000000    109.364000    2.42090E-02  4.21232E-04  24.319300  37.102900
3  1420.000000   158.796000    2080.000000   55.293000     2240.000000   41.064000     1.11178E-02  3.04601E-04  30.187000  61.450000
3  1460.000000   159.081000    0.000000      85.461000     40.000000     89.773000     4.55357E-03  1.46022E-04  -5.479400  73.446400
3  1460.000000   159.081000    440.000000    114.190000    480.000000    115.862000    4.10949E-03  1.38703E-04  33.394200  75.047700
3  1460.000000   159.081000    1120.000000   112.650000    1160.000000   107.119000    4.62924E-02  4.90130E-04  30.938600  8.953290
3  1460.000000   159.081000    1160.000000   107.119000    1200.000000   112.156000    3.58014E-02  6.49488E-04  27.629400  24.290000
3  1460.000000   159.081000    1200.000000   112.156000    1240.000000   121.717000    5.02678E-02  5.32210E-04  27.451900  8.952950
3  1460.000000   159.081000    1240.000000   121.717000    1280.000000   118.242000    6.02205E-02  6.34983E-04  29.077000  8.038340
3  1460.000000   159.081000    1320.000000   121.622000    1360.000000   139.168000    4.06537E-01  1.04466E-02  18.375700  3.886020
3  1460.000000   159.081000    1360.000000   139.168000    1400.000000   152.179000    7.48061E-01  7.87596E-03  6.558900  1.863220
3  1460.000000   159.081000    1560.000000   155.128000    1600.000000   139.326000    2.70883E-01  2.71964E-03  8.544420  2.635130
3  1460.000000   159.081000    1600.000000   139.326000    1640.000000   117.482000    3.11280E-01  3.12466E-03  12.228600  2.157090
3  1460.000000   159.081000    1640.000000   117.482000    1680.000000   108.805000    1.75293E-01  1.77023E-03  15.470900  3.535190
3  1460.000000   159.081000    1680.000000   108.805000    1720.000000   105.823000    8.79625E-02  8.99812E-04  15.219900  5.510970
3  1460.000000   159.081000    1720.000000   105.823000    1760.000000   106.406000    8.43026E-02  8.72296E-04  13.681300  6.163970
3  1460.000000   159.081000    1760.000000   106.406000    1800.000000   92.674000     4.60523E-02  5.18512E-04  16.072900  15.461100
3  1460.000000   159.081000    2240.000000   41.064000     2280.000000   42.996000     2.32667E-03  9.27778E-05  27.855800  81.680500
3  1460.000000   159.081000    0.000000      85.461000     80.000000     95.232000     7.27513E-03  2.32905E-04  -2.440090  73.582300
3  1460.000000   159.081000    40.000000     89.773000     120.000000    103.752000    4.72724E-03  1.51591E-04  3.667270  73.446300
3  1460.000000   159.081000    440.000000    114.190000    520.000000    117.315000    6.35377E-03  2.03412E-04  19.111200  73.600600
3  1460.000000   159.081000    760.000000    109.364000    840.000000    110.374000    1.29418E-02  3.54283E-04  24.632000  61.446400
3  1460.000000   159.081000    800.000000    112.086000    880.000000    97.963000     1.56783E-02  3.54701E-04  23.819100  50.469700
3  1460.000000   159.081000    840.000000    110.374000    920.000000    98.528000     2.22162E-02  4.90127E-04  25.109600  45.474500
3  1460.000000   159.081000    880.000000    97.963000     960.000000    99.983000     2.84907E-02  4.58586E-04  23.312600  36.345700
3  1460.000000   159.081000    920.000000    98.528000     1000.000000   109.284000    3.51488E-02  4.69395E-04  19.524000  30.517400
3  1460.000000   159.081000    960.000000    99.983000     1040.000000   125.393000    4.27053E-02  4.79213E-04  19.148600  15.460800
3  1460.000000   159.081000    1000.000000   109.284000    1080.000000   127.088000    4.14206E-02  4.64793E-04  20.864700  15.460800
3  1460.000000   159.081000    1040.000000   125.393000    1120.000000   112.650000    4.06160E-02  4.55760E-04  23.765100  15.460800
3  1460.000000   159.081000    1800.000000   92.674000     1880.000000   78.369000     8.18908E-02  9.82567E-04  18.248200  6.170350
3  1460.000000   159.081000    1840.000000   86.557000     1920.000000   69.798000     6.70843E-02  8.56351E-04  21.739700  6.696460
3  1460.000000   159.081000    1880.000000   78.369000     1960.000000   70.212000     4.60038E-02  5.16296E-04  22.590800  15.460800
3  1460.000000   159.081000    1920.000000   69.798000     2000.000000   66.527000     3.66845E-02  4.49055E-04  22.965700  24.290100
3  1460.000000   159.081000    1960.000000   70.212000     2040.000000   61.428000     2.05898E-02  4.54277E-04  24.031700  45.474500
3  1460.000000   159.081000    2000.000000   66.527000     2080.000000   55.293000     1.14486E-02  3.13424E-04  28.665400  61.446400
3  1460.000000   159.081000    2040.000000   61.428000     2120.000000   43.879000     9.00635E-03  2.67542E-04  29.823600  70.742800
3  1460.000000   159.081000    2080.000000   55.293000     2160.000000   41.041000     1.13012E-02  3.09410E-04  19.743300  61.446400
3  1460.000000   159.081000    2200.000000   41.028000     2280.000000   42.996000     5.27503E-03  1.69159E-04  29.008900  73.446400
3  1460.000000   159.081000    0.000000      85.461000     160.000000    106.465000    1.08882E-02  3.07615E-04  2.323170  68.357500
3  1460.000000   159.081000    40.000000     89.773000     200.000000    103.693000    8.46361E-03  2.51410E-04  8.408710  70.743400
3  1460.000000   159.081000    80.000000     95.232000     240.000000    107.318000    8.18502E-03  2.43220E-04  12.456900  70.747500
3  1460.000000   159.081000    120.000000    103.752000    280.000000    107.758000    8.65077E-03  2.56961E-04  14.987800  70.744000
3  1460.000000   159.081000    160.000000    106.465000    320.000000    109.059000    9.89171E-03  2.79573E-04  13.666400  68.360800
3  1460.000000   159.081000    200.000000    103.693000    360.000000    107.422000    1.06552E-02  3.01029E-04  14.700000  68.357700
3  1460.000000   159.081000    440.000000    114.190000    600.000000    109.602000    1.38558E-02  3.61411E-04  20.105100  58.040200
3  1460.000000   159.081000    480.000000    115.862000    640.000000    94.241000     1.38092E-02  3.60265E-04  16.214700  58.038800
3  1460.000000   159.081000    520.000000    117.315000    680.000000    91.001000     1.76749E-02  3.99872E-04  21.823400  50.469700
3  1460.000000   159.081000    560.000000    107.062000    720.000000    99.688000     1.92326E-02  4.41219E-04  22.397500  50.529500
3  1460.000000   159.081000    600.000000    109.602000    760.000000    109.364000    2.21299E-02  4.88221E-04  24.233800  45.474500
3  1460.000000   159.081000    640.000000    94.241000     800.000000    112.086000    2.46467E-02  4.28848E-04  25.248500  37.102900
3  1500.000000   168.145000    1160.000000   107.119000    1200.000000   112.156000    2.90527E-02  4.67635E-04  27.092200  36.345700
3  1500.000000   168.145000    1200.000000   112.156000    1240.000000   121.717000    3.99089E-02  4.88437E-04  26.841500  24.290000
3  1500.000000   168.145000    1240.000000   121.717000    1280.000000   118.242000    4.49534E-02  5.04436E-04  28.954700  15.460800
3  1500.000000   168.145000    1280.000000   118.242000    1320.000000   121.622000    6.21125E-02  6.54945E-04  23.776700  8.038340
3  1500.000000   168.145000    1320.000000   121.622000    1360.000000   139.168000    2.49570E-01  2.50526E-03  19.582100  2.635060
3  1500.000000   168.145000    1360.000000   139.168000    1400.000000   152.179000    4.15060E-01  4.16297E-03  7.175680  2.156680
3  1500.000000   168.145000    1400.000000   152.179000    1440.000000   160.534000    6.00069E-01  6.01137E-03  7.886590  1.753510
3  1500.000000   168.145000    1560.000000   155.128000    1600.000000   139.326000    4.99738E-01  5.00628E-03  7.253800  1.753500
3  1500.000000   168.145000    1600.000000   139.326000    1640.000000   117.482000    5.07970E-01  5.08874E-03  10.878300  1.753520
3  1500.000000   168.145000    1640.000000   117.482000    1680.000000   108.805000    2.47369E-01  2.48307E-03  13.872400  2.635010
3  1500.000000   168.145000    1680.000000   108.805000    1720.000000   105.823000    1.15172E-01  1.16502E-03  13.668900  4.536820
3  1500.000000   168.145000    1720.000000   105.823000    1760.000000   106.406000    1.06140E-01  1.07366E-03  12.263300  4.536830
3  1500.000000   168.145000    1760.000000   106.406000    1800.000000   92.674000     5.58742E-02  5.89154E-04  14.897400  8.038330
3  1500.000000   168.145000    1800.000000   92.674000     1840.000000   86.557000     4.44013E-02  4.98231E-04  13.065800  15.460700
3  1500.000000   168.145000    2240.000000   41.064000     2280.000000   42.996000     2.52047E-03  1.00505E-04  27.566900  81.680500
3  1500.000000   168.145000    800.000000    112.086000    880.000000    97.963000     1.43811E-02  3.75112E-04  23.223000  58.038500
3  1500.000000   168.145000    840.000000    110.374000    920.000000    98.528000     2.02286E-02  4.64072E-04  24.624800  50.529500
3  1500.000000   168.145000    880.000000    97.963000     960.000000    99.983000     2.58298E-02  4.49444E-04  22.524300  37.102900
3  1500.000000   168.145000    920.000000    98.528000     1000.000000   109.284000    3.17044E-02  4.23409E-04  18.599800  30.517400
3  1500.000000   168.145000    960.000000    99.983000     1040.000000   125.393000    3.81364E-02  4.66767E-04  18.301100  24.290100
3  1500.000000   168.145000    1000.000000   109.284000    1080.000000   127.088000    3.66211E-02  4.48209E-04  19.781900  24.290100
3  1500.000000   168.145000    1040.000000   125.393000    1120.000000   112.650000    3.50538E-02  4.68126E-04  22.398100  30.517400
3  1500.000000   168.145000    1080.000000   127.088000    1160.000000   107.119000    5.77259E-02  6.08714E-04  27.832600  8.038540
3  1500.000000   168.145000    1840.000000   86.557000     1920.000000   69.798000     8.00100E-02  8.20727E-04  20.086300  6.162950
3  1500.000000   168.145000    1880.000000   78.369000     1960.000000   70.212000     5.42075E-02  5.73922E-04  21.659300  8.952920
3  1500.000000   168.145000    1920.000000   69.798000     2000.000000   66.527000     4.28232E-02  4.80523E-04  22.186600  15.460700
3  1500.000000   168.145000    1960.000000   70.212000     2040.000000   61.428000     2.38248E-02  4.14547E-04  23.269100  37.102900
3  1500.000000   168.145000    2000.000000   66.527000     2080.000000   55.293000     1.30898E-02  3.58335E-04  27.846400  61.446400
3  1500.000000   168.145000    2040.000000   61.428000     2120.000000   43.879000     9.94443E-03  2.80948E-04  29.425300  68.357400
3  1500.000000   168.145000    2080.000000   55.293000     2160.000000   41.041000     1.22741E-02  3.36051E-04  19.280900  61.446400
3  1500.000000   168.145000    2200.000000   41.028000     2280.000000   42.996000     5.73052E-03  1.83763E-04  30.973400  73.451700
3  1500.000000   168.145000    80.000000     95.232000     240.000000    107.318000    7.78446E-03  2.56842E-04  9.002480  73.590500
3  1500.000000   168.145000    120.000000    103.752000    280.000000    107.758000    8.21835E-03  2.46748E-04  6.066440  70.743700
3  1500.000000   168.145000    160.000000    106.465000    320.000000    109.059000    9.38508E-03  2.79955E-04  3.396770  70.743000
3  1500.000000   168.145000    200.000000    103.693000    360.000000    107.422000    1.00851E-02  2.85329E-04  5.933800  68.364900
3  1500.000000   168.145000    240.000000    107.318000    400.000000    112.646000    1.11727E-02  3.15652E-04  7.597860  68.357400
3  1500.000000   168.145000    280.000000    107.758000    440.000000    114.190000    1.33473E-02  3.48148E-04  10.205600  58.038600
3  1500.000000   168.145000    320.000000    109.059000    480.000000    115.862000    1.45296E-02  3.78986E-04  11.838500  58.038500
3  1500.000000   168.145000    360.000000    107.422000    520.000000    117.315000    1.38995E-02  3.62550E-04  13.078800  58.038500
3  1500.000000   168.145000    400.000000    112.646000    560.000000    107.062000    1.41595E-02  3.69332E-04  14.969500  58.038600
3  1500.000000   168.145000    440.000000    114.190000    600.000000    109.602000    1.29945E-02  3.55726E-04  16.772500  61.446400
3  1500.000000   168.145000    480.000000    115.862000    640.000000    94.241000     1.29046E-02  3.53266E-04  18.520000  61.446400
3  1500.000000   168.145000    520.000000    117.315000    680.000000    91.001000     1.64982E-02  3.73252E-04  20.571700  50.469700
3  1500.000000   168.145000    560.000000    107.062000    720.000000    99.688000     1.78938E-02  4.10507E-04  21.724300  50.529500
3  1500.000000   168.145000    600.000000    109.602000    760.000000    109.364000    2.05557E-02  4.53494E-04  23.988400  45.474600
3  1500.000000   168.145000    640.000000    94.241000     800.000000    112.086000    2.28620E-02  5.04375E-04  24.895300  45.474600
3  1500.000000   168.145000    680.000000    91.001000     840.000000    110.374000    2.30189E-02  5.07836E-04  24.703300  45.474500
3  1540.000000   164.126000    0.000000      85.461000     40.000000     89.773000     4.16156E-03  1.40481E-04  -14.424900  85.348600
3  1540.000000   164.126000    1200.000000   112.156000    1240.000000   121.717000    3.32153E-02  4.43567E-04  26.224600  30.517400
3  1540.000000   164.126000    1240.000000   121.717000    1280.000000   118.242000    3.60110E-02  4.40728E-04  27.425200  24.290100
3  1540.000000   164.126000    1280.000000   118.242000    1320.000000   121.622000    4.71773E-02  4.99494E-04  22.222200  8.953060
3  1540.000000   164.126000    1320.000000   121.622000    1360.000000   139.168000    1.72852E-01  1.73981E-03  19.180900  3.534620
3  1540.000000   164.126000    1360.000000   139.168000    1400.000000   152.179000    2.67991E-01  2.69015E-03  7.103120  2.650260
3  1540.000000   164.126000    1400.000000   152.179000    1440.000000   160.534000    3.42638E-01  6.82672E-03  19.832800  25.004100
3  1540.000000   164.126000    1440.000000   160.534000    1480.000000   164.497000    7.35857E-01  7.44364E-03  7.537100  1.865330
3  1540.000000   164.126000    1600.000000   139.326000    1640.000000   117.482000    9.25811E-01  2.26333E-02  4.718160  12.069300
3  1540.000000   164.126000    1640.000000   117.482000    1680.000000   108.805000    3.60763E-01  3.61824E-03  13.414100  2.156260
3  1540.000000   164.126000    1680.000000   108.805000    1720.000000   105.823000    1.51783E-01  1.52770E-03  13.177500  3.534080
3  1540.000000   164.126000    1720.000000   105.823000    1760.000000   106.406000    1.32970E-01  1.34123E-03  11.990700  4.013510
3  1540.000000   164.126000    1760.000000   106.406000    1800.000000   92.674000     6.55722E-02  6.79577E-04  14.837600  6.686090
3  1540.000000   164.126000    1800.000000   92.674000     1840.000000   86.557000     5.27369E-02  5.58352E-04  13.027600  8.952920
3  1540.000000   164.126000    1840.000000   86.557000     1880.000000   78.369000     6.26922E-02  6.61045E-04  19.554300  8.038320
3  1540.000000   164.126000    2240.000000   41.064000     2280.000000   42.996000     2.70718E-03  1.07950E-04  38.682700  81.680500
3  1540.000000   164.126000    0.000000      85.461000     80.000000     95.232000     6.63407E-03  2.12382E-04  -17.800000  73.582300
3  1540.000000   164.126000    40.000000     89.773000     120.000000    103.752000    4.28746E-03  1.44708E-04  -18.456900  74.346600
3  1540.000000   164.126000    840.000000    110.374000    920.000000    98.528000     1.87125E-02  4.29287E-04  20.827700  50.529600
3  1540.000000   164.126000    880.000000    97.963000     960.000000    99.983000     2.37382E-02  4.13040E-04  19.672700  37.103000
3  1540.000000   164.126000    920.000000    98.528000     1000.000000   109.284000    2.89127E-02  4.65379E-04  16.407300  36.345800
3  1540.000000   164.126000    960.000000    99.983000     1040.000000   125.393000    3.45396E-02  4.61256E-04  15.707600  30.517600
3  1540.000000   164.126000    1000.000000   109.284000    1080.000000   127.088000    3.29586E-02  4.40139E-04  17.222200  30.517500
3  1540.000000   164.126000    1040.000000   125.393000    1120.000000   112.650000    3.11586E-02  4.16101E-04  20.096700  30.517400
3  1540.000000   164.126000    1080.000000   127.088000    1160.000000   107.119000    5.04706E-02  5.34357E-04  25.673700  8.953320
3  1540.000000   164.126000    1120.000000   112.650000    1200.000000   112.156000    5.84707E-02  6.16538E-04  26.691800  8.039720
3  1540.000000   164.126000    1880.000000   78.369000     1960.000000   70.212000     6.30942E-02  6.65284E-04  22.072800  8.038320
3  1540.000000   164.126000    1920.000000   69.798000     2000.000000   66.527000     4.92038E-02  5.20945E-04  22.598200  8.952910
3  1540.000000   164.126000    1960.000000   70.212000     2040.000000   61.428000     2.70749E-02  4.35795E-04  23.996700  36.345700
3  1540.000000   164.126000    2000.000000   66.527000     2080.000000   55.293000     1.46556E-02  3.82271E-04  29.439800  58.038500
3  1540.000000   164.126000    2040.000000   61.428000     2120.000000   43.879000     1.08529E-02  3.06613E-04  32.699600  68.357400
3  1540.000000   164.126000    2080.000000   55.293000     2160.000000   41.041000     1.32805E-02  3.63564E-04  23.472600  61.446400
3  1540.000000   164.126000    2200.000000   41.028000     2280.000000   42.996000     6.16417E-03  1.97846E-04  39.424000  74.494800
3  1540.000000   164.126000    0.000000      85.461000     160.000000    106.465000    9.89982E-03  2.79687E-04  -15.627900  68.363400
3  1540.000000   164.126000    40.000000     89.773000     200.000000    103.693000    7.66423E-03  2.45364E-04  -16.300900  73.654400
3  1540.000000   164.126000    80.000000     95.232000     240.000000    107.318000    7.38672E-03  2.37311E-04  -10.523400  73.584900
3  1540.000000   164.126000    120.000000    103.752000    280.000000    107.758000    7.79226E-03  2.31592E-04  -7.904730  70.745700
3  1540.000000   164.126000    160.000000    106.465000    320.000000    109.059000    8.89311E-03  2.64205E-04  -4.705220  70.743000
3  1540.000000   164.126000    200.000000    103.693000    360.000000    107.422000    9.55399E-03  2.69975E-04  1.020270  68.357500
3  1540.000000   164.126000    240.000000    107.318000    400.000000    112.646000    1.05797E-02  2.98901E-04  5.247900  68.357400
3  1540.000000   164.126000    280.000000    107.758000    440.000000    114.190000    1.26268E-02  3.45662E-04  9.624630  61.446500
3  1540.000000   164.126000    320.000000    109.059000    480.000000    115.862000    1.37285E-02  3.58090E-04  11.985900  58.039100
3  1540.000000   164.126000    360.000000    107.422000    520.000000    117.315000    1.31261E-02  3.59330E-04  13.045300  61.448300
3  1540.000000   164.126000    400.000000    112.646000    560.000000    107.062000    1.33546E-02  3.48337E-04  14.378400  58.039400
3  1540.000000   164.126000    440.000000    114.190000    600.000000    109.602000    1.22389E-02  3.35041E-04  14.969400  61.446500
3  1540.000000   164.126000    480.000000    115.862000    640.000000    94.241000     1.21466E-02  3.32514E-04  15.589800  61.446400
3  1540.000000   164.126000    520.000000    117.315000    680.000000    91.001000     1.54985E-02  3.50635E-04  16.840100  50.469700
3  1540.000000   164.126000    560.000000    107.062000    720.000000    99.688000     1.68031E-02  3.80148E-04  17.464300  50.469700
3  1540.000000   164.126000    600.000000    109.602000    760.000000    109.364000    1.92718E-02  4.42118E-04  19.387400  50.529500
3  1540.000000   164.126000    640.000000    94.241000     800.000000    112.086000    2.14050E-02  4.72229E-04  20.720700  45.474600
3  1540.000000   164.126000    680.000000    91.001000     840.000000    110.374000    2.15088E-02  4.74519E-04  20.497300  45.474500
3  1540.000000   164.126000    720.000000    99.688000     880.000000    97.963000     2.46644E-02  4.29156E-04  20.584300  37.102900
3  1580.000000   146.735000    1240.000000   121.717000    1280.000000   118.242000    2.85687E-02  4.59845E-04  27.970100  36.345700
3  1580.000000   146.735000    1280.000000   118.242000    1320.000000   121.622000    3.49258E-02  4.66413E-04  21.902200  30.517400
3  1580.000000   146.735000    1320.000000   121.622000    1360.000000   139.168000    1.21951E-01  1.23369E-03  20.084700  4.537050
3  1580.000000   146.735000    1360.000000   139.168000    1400.000000   152.179000    1.81524E-01  1.82715E-03  8.281640  3.534490
3  1580.000000   146.735000    1400.000000   152.179000    1440.000000   160.534000    2.09111E-01  2.10123E-03  7.371290  3.023150
3  1580.000000   146.735000    1440.000000   160.534000    1480.000000   164.497000    3.90068E-01  3.91215E-03  7.097980  2.156300
3  1580.000000   146.735000    1480.000000   164.497000    1520.000000   168.092000    6.27484E-01  1.94459E-02  8.838180  16.150200
3  1580.000000   146.735000    1640.000000   117.482000    1680.000000   108.805000    7.34117E-01  1.46397E-02  15.119900  14.804200
3  1580.000000   146.735000    1680.000000   108.805000    1720.000000   105.823000    2.27069E-01  2.28166E-03  11.281700  3.023080
3  1580.000000   146.735000    1720.000000   105.823000    1760.000000   106.406000    1.81431E-01  1.82610E-03  9.899120  3.534130
3  1580.000000   146.735000    1760.000000   106.406000    1800.000000   92.674000     8.34746E-02  8.56266E-04  12.836100  6.162940
3  1580.000000   146.735000    1800.000000   92.674000     1840.000000   86.557000     6.48555E-02  6.72149E-04  10.570900  6.686130
3  1580.000000   146.735000    1840.000000   86.557000     1880.000000   78.369000     7.66377E-02  7.86134E-04  16.835700  6.163000
3  1580.000000   146.735000    1880.000000   78.369000     1920.000000   69.798000     3.68135E-02  4.50546E-04  18.548000  24.290000
3  1580.000000   146.735000    2240.000000   41.064000     2280.000000   42.996000     2.92806E-03  1.16758E-04  23.208800  81.680500
3  1580.000000   146.735000    880.000000    97.963000     960.000000    99.983000     2.18085E-02  4.81133E-04  23.787200  45.474500
3  1580.000000   146.735000    920.000000    98.528000     1000.000000   109.284000    2.65600E-02  4.62149E-04  20.043300  37.102900
3  1580.000000   146.735000    960.000000    99.983000     1040.000000   125.393000    3.15345E-02  4.21137E-04  18.765300  30.517500
3  1580.000000   146.735000    1000.000000   109.284000    1080.000000   127.088000    2.98892E-02  4.81103E-04  19.955600  36.345800
3  1580.000000   146.735000    1040.000000   125.393000    1120.000000   112.650000    2.77297E-02  4.46340E-04  22.367600  36.345700
3  1580.000000   146.735000    1080.000000   127.088000    1160.000000   107.119000    4.41023E-02  4.94907E-04  27.537400  15.461000
3  1580.000000   146.735000    1120.000000   112.650000    1200.000000   112.156000    5.04961E-02  5.34663E-04  28.444300  8.953520
3  1580.000000   146.735000    1160.000000   107.119000    1240.000000   121.717000    4.88645E-02  5.17372E-04  27.239000  8.953020
3  1580.000000   146.735000    1920.000000   69.798000     2000.000000   66.527000     5.82211E-02  6.13901E-04  19.277700  8.038380
3  1580.000000   146.735000    1960.000000   70.212000     2040.000000   61.428000     3.17568E-02  4.24090E-04  20.553600  30.517400
3  1580.000000   146.735000    2000.000000   66.527000     2080.000000   55.293000     1.69968E-02  3.84531E-04  25.792500  50.469700
3  1580.000000   146.735000    2040.000000   61.428000     2120.000000   43.879000     1.20859E-02  3.30853E-04  28.129800  61.446400
3  1580.000000   146.735000    2080.000000   55.293000     2160.000000   41.041000     1.44851E-02  3.77824E-04  17.853700  58.038500
3  1580.000000   146.735000    2200.000000   41.028000     2280.000000   42.996000     6.68627E-03  2.14054E-04  24.018300  73.582300
3  1580.000000   146.735000    80.000000     95.232000     240.000000    107.318000    7.01912E-03  2.24726E-04  24.794000  73.588200
3  1580.000000   146.735000    120.000000    103.752000    280.000000    107.758000    7.39779E-03  2.36840E-04  23.556600  73.582700
3  1580.000000   146.735000    160.000000    106.465000    320.000000    109.059000    8.43140E-03  2.50514E-04  20.139300  70.745100
3  1580.000000   146.735000    200.000000    103.693000    360.000000    107.422000    9.04901E-03  2.68837E-04  19.797700  70.743200
3  1580.000000   146.735000    240.000000    107.318000    400.000000    112.646000    1.00004E-02  2.82532E-04  18.742600  68.357500
3  1580.000000   146.735000    280.000000    107.758000    440.000000    114.190000    1.19192E-02  3.26292E-04  18.990300  61.446500
3  1580.000000   146.735000    320.000000    109.059000    480.000000    115.862000    1.29542E-02  3.54623E-04  18.970600  61.446400
3  1580.000000   146.735000    360.000000    107.422000    520.000000    117.315000    1.23716E-02  3.38674E-04  19.143500  61.446400
3  1580.000000   146.735000    400.000000    112.646000    560.000000    107.062000    1.25734E-02  3.44198E-04  20.158100  61.446400
3  1580.000000   146.735000    440.000000    114.190000    600.000000    109.602000    1.15065E-02  3.14992E-04  21.056300  61.446400
3  1580.000000   146.735000    480.000000    115.862000    640.000000    94.241000     1.13846E-02  3.11655E-04  21.738400  61.446400
3  1580.000000   146.735000    520.000000    117.315000    680.000000    91.001000     1.45215E-02  3.78773E-04  23.353600  58.038500
3  1580.000000   146.735000    560.000000    107.062000    720.000000    99.688000     1.56851E-02  3.54855E-04  23.774300  50.469700
3  1580.000000   146.735000    600.000000    109.602000    760.000000    109.364000    1.79687E-02  4.12224E-04  25.201800  50.529500
3  1580.000000   146.735000    640.000000    94.241000     800.000000    112.086000    1.99478E-02  4.57626E-04  26.375900  50.529500
3  1580.000000   146.735000    680.000000    91.001000     840.000000    110.374000    1.99859E-02  4.58501E-04  25.780200  50.529500
3  1580.000000   146.735000    720.000000    99.688000     880.000000    97.963000     2.28825E-02  5.04825E-04  25.678700  45.474500
3  1580.000000   146.735000    760.000000    109.364000    920.000000    98.528000     2.75411E-02  4.43302E-04  25.279800  36.345700
3  1620.000000   129.172000    1280.000000   118.242000    1320.000000   121.622000    2.55905E-02  4.45810E-04  25.315400  37.103000
3  1620.000000   129.172000    1320.000000   121.622000    1360.000000   139.168000    8.50830E-02  8.83442E-04  20.932000  6.164740
3  1620.000000   129.172000    1360.000000   139.168000    1400.000000   152.179000    1.21590E-01  1.23621E-03  12.347100  4.537960
3  1620.000000   129.172000    1400.000000   152.179000    1440.000000   160.534000    1.32273E-01  1.33518E-03  9.442310  4.013830
3  1620.000000   129.172000    1440.000000   160.534000    1480.000000   164.497000    2.21631E-01  2.22726E-03  10.326600  3.023180
3  1620.000000   129.172000    1480.000000   164.497000    1520.000000   168.092000    3.00268E-01  3.01409E-03  13.933200  2.635050
3  1620.000000   129.172000    1520.000000   168.092000    1560.000000   155.128000    6.96300E-01  6.97553E-03  9.659320  1.753510
3  1620.000000   129.172000    1680.000000   108.805000    1720.000000   105.823000    4.48451E-01  4.49249E-03  9.977200  1.753480
3  1620.000000   129.172000    1760.000000   106.406000    1800.000000   92.674000     1.18434E-01  1.19803E-03  11.279100  4.536810
3  1620.000000   129.172000    1800.000000   92.674000     1840.000000   86.557000     9.02325E-02  9.19090E-04  6.956160  5.510570
3  1620.000000   129.172000    1840.000000   86.557000     1880.000000   78.369000     1.03830E-01  1.05032E-03  12.628400  4.536810
3  1620.000000   129.172000    1880.000000   78.369000     1920.000000   69.798000     4.89354E-02  5.18113E-04  13.022200  8.952910
3  1620.000000   129.172000    1920.000000   69.798000     1960.000000   70.212000     4.94884E-02  5.24018E-04  13.301200  8.952910
3  1620.000000   129.172000    2240.000000   41.064000     2280.000000   42.996000     3.29734E-03  1.11290E-04  -2.423840  74.186100
3  1620.000000   129.172000    920.000000    98.528000     1000.000000   109.284000    2.33717E-02  4.08633E-04  31.903900  37.102900
3  1620.000000   129.172000    960.000000    99.983000     1040.000000   125.393000    2.75468E-02  4.45704E-04  29.283200  36.345900
3  1620.000000   129.172000    1000.000000   109.284000    1080.000000   127.088000    2.59426E-02  4.52730E-04  29.344500  37.103000
3  1620.000000   129.172000    1040.000000   125.393000    1120.000000   112.650000    2.37753E-02  4.14356E-04  30.548500  37.103000
3  1620.000000   129.172000    1080.000000   127.088000    1160.000000   107.119000    3.72195E-02  4.57491E-04  34.225800  24.290200
3  1620.000000   129.172000    1120.000000   112.650000    1200.000000   112.156000    4.20996E-02  4.78660E-04  34.318200  15.461900
3  1620.000000   129.172000    1160.000000   107.119000    1240.000000   121.717000    3.97284E-02  4.90419E-04  32.667600  24.290800
3  1620.000000   129.172000    1200.000000   112.156000    1280.000000   118.242000    4.44726E-02  5.00530E-04  32.385300  15.461400
3  1620.000000   129.172000    1960.000000   70.212000     2040.000000   61.428000     3.99683E-02  4.89224E-04  13.894900  24.290000
3  1620.000000   129.172000    2000.000000   66.527000     2080.000000   55.293000     2.09019E-02  4.61134E-04  18.127900  45.474500
3  1620.000000   129.172000    2040.000000   61.428000     2120.000000   43.879000     1.41322E-02  3.68630E-04  16.906200  58.038500
3  1620.000000   129.172000    2080.000000   55.293000     2160.000000   41.041000     1.65695E-02  3.82407E-04  4.324360  50.469700
3  1620.000000   129.172000    2200.000000   41.028000     2280.000000   42.996000     7.55548E-03  2.78942E-04  3.577830  73.749400
3  1620.000000   129.172000    200.000000    103.693000    360.000000    107.422000    8.42452E-03  2.51431E-04  -18.669900  71.615600
3  1620.000000   129.172000    240.000000    107.318000    400.000000    112.646000    9.24076E-03  2.65774E-04  -4.691410  70.756700
3  1620.000000   129.172000    280.000000    107.758000    440.000000    114.190000    1.09490E-02  3.08235E-04  13.575800  62.228000
3  1620.000000   129.172000    320.000000    109.059000    480.000000    115.862000    1.18494E-02  3.27363E-04  28.311300  61.605600
3  1620.000000   129.172000    360.000000    107.422000    520.000000    117.315000    1.13170E-02  3.09982E-04  32.562300  61.493800
3  1620.000000   129.172000    400.000000    112.646000    560.000000    107.062000    1.14806E-02  3.14315E-04  40.369600  61.446500
3  1620.000000   129.172000    440.000000    114.190000    600.000000    109.602000    1.04840E-02  2.96216E-04  46.093700  68.358200
3  1620.000000   129.172000    480.000000    115.862000    640.000000    94.241000     1.03553E-02  2.92601E-04  48.908000  68.357600
3  1620.000000   129.172000    520.000000    117.315000    680.000000    91.001000     1.31714E-02  3.43943E-04  52.869700  58.039600
3  1620.000000   129.172000    560.000000    107.062000    720.000000    99.688000     1.42249E-02  3.71428E-04  52.567500  58.038700
3  1620.000000   129.172000    600.000000    109.602000    760.000000    109.364000    1.62676E-02  3.68508E-04  52.412200  50.469800
3  1620.000000   129.172000    640.000000    94.241000     800.000000    112.086000    1.80210E-02  4.13849E-04  52.676400  50.529500
3  1620.000000   129.172000    680.000000    91.001000     840.000000    110.374000    1.80185E-02  4.13654E-04  50.445700  50.529500
3  1620.000000   129.172000    720.000000    99.688000     880.000000    97.963000     2.05509E-02  4.53780E-04  48.614800  45.474600
3  1620.000000   129.172000    760.000000    109.364000    920.000000    98.528000     2.46303E-02  4.29350E-04  45.896400  37.102900
3  1620.000000   129.172000    800.000000    112.086000    960.000000    99.983000     3.03763E-02  4.06891E-04  41.069400  30.517400
3  1660.000000   114.079000    1320.000000   121.622000    1360.000000   139.168000    5.74242E-02  6.05814E-04  19.444200  8.038490
3  1660.000000   114.079000    1360.000000   139.168000    1400.000000   152.179000    7.70862E-02  7.91120E-04  10.132400  6.162930
3  1660.000000   114.079000    1400.000000   152.179000    1440.000000   160.534000    7.96824E-02  8.17549E-04  8.141170  6.163070
3  1660.000000   114.079000    1440.000000   160.534000    1480.000000   164.497000    1.23252E-01  1.24703E-03  7.674190  4.537040
3  1660.000000   114.079000    1480.000000   164.497000    1520.000000   168.092000    1.39305E-01  1.40528E-03  10.715600  4.013630
3  1660.000000   114.079000    1520.000000   168.092000    1560.000000   155.128000    2.22499E-01  2.23589E-03  8.373950  3.023230
3  1660.000000   114.079000    1560.000000   155.128000    1600.000000   139.326000    4.03229E-01  4.04427E-03  7.862250  2.156390
3  1660.000000   114.079000    1760.000000   106.406000    1800.000000   92.674000     2.14301E-01  2.15336E-03  11.127200  3.023080
3  1660.000000   114.079000    1800.000000   92.674000     1840.000000   86.557000     1.51217E-01  1.52200E-03  8.968310  3.534110
3  1660.000000   114.079000    1840.000000   86.557000     1880.000000   78.369000     1.64316E-01  1.65384E-03  15.228400  3.534110
3  1660.000000   114.079000    1880.000000   78.369000     1920.000000   69.798000     7.67775E-02  7.87568E-04  17.038300  6.162930
3  1660.000000   114.079000    1920.000000   69.798000     1960.000000   70.212000     7.21718E-02  7.47974E-04  17.583000  6.686110
3  1660.000000   114.079000    1960.000000   70.212000     2000.000000   66.527000     3.61565E-02  4.42505E-04  17.819900  24.290000
3  1660.000000   114.079000    2240.000000   41.064000     2280.000000   42.996000     3.91038E-03  1.31981E-04  20.830200  74.186100
3  1660.000000   114.079000    960.000000    99.983000     1040.000000   125.393000    2.21494E-02  4.88784E-04  18.681900  45.474700
3  1660.000000   114.079000    1000.000000   109.284000    1080.000000   127.088000    2.07564E-02  4.57996E-04  19.977300  45.474600
3  1660.000000   114.079000    1040.000000   125.393000    1120.000000   112.650000    1.90974E-02  4.38152E-04  21.949800  50.529500
3  1660.000000   114.079000    1080.000000   127.088000    1160.000000   107.119000    2.96615E-02  4.77500E-04  26.583200  36.345800
3  1660.000000   114.079000    1120.000000   112.650000    1200.000000   112.156000    3.31111E-02  4.42493E-04  27.662200  30.517500
3  1660.000000   114.079000    1160.000000   107.119000    1240.000000   121.717000    3.06023E-02  4.08868E-04  26.842400  30.517400
3  1660.000000   114.079000    1200.000000   112.156000    1280.000000   118.242000    3.38662E-02  4.52280E-04  27.266400  30.517400
3  1660.000000   114.079000    1240.000000   121.717000    1320.000000   121.622000    3.60805E-02  4.41618E-04  25.104300  24.290000
3  1660.000000   114.079000    2000.000000   66.527000     2080.000000   55.293000     2.81024E-02  4.52333E-04  23.979800  36.345700
3  1660.000000   114.079000    2040.000000   61.428000     2120.000000   43.879000     1.77385E-02  4.01311E-04  26.458500  50.469700
3  1660.000000   114.079000    2080.000000   55.293000     2160.000000   41.041000     2.03143E-02  4.66036E-04  15.609000  50.529500
3  1660.000000   114.079000    2200.000000   41.028000     2280.000000   42.996000     9.03147E-03  2.68446E-04  21.785700  70.743000
3  1660.000000   114.079000    240.000000    107.318000    400.000000    112.646000    8.02294E-03  2.38650E-04  30.649900  70.742800
3  1660.000000   114.079000    280.000000    107.758000    440.000000    114.190000    9.51574E-03  2.69200E-04  28.625700  68.357500
3  1660.000000   114.079000    320.000000    109.059000    480.000000    115.862000    1.02829E-02  2.91075E-04  26.163600  68.357600
3  1660.000000   114.079000    360.000000    107.422000    520.000000    117.315000    9.81602E-03  2.77904E-04  25.665200  68.357600
3  1660.000000   114.079000    400.000000    112.646000    560.000000    107.062000    9.93810E-03  2.80787E-04  25.482000  68.357500
3  1660.000000   114.079000    440.000000    114.190000    600.000000    109.602000    9.06090E-03  2.69139E-04  25.057700  70.742800
3  1660.000000   114.079000    480.000000    115.862000    640.000000    94.241000     8.97214E-03  2.66505E-04  25.035200  70.742900
3  1660.000000   114.079000    520.000000    117.315000    680.000000    91.001000     1.13365E-02  3.10350E-04  25.649300  61.446600
3  1660.000000   114.079000    560.000000    107.062000    720.000000    99.688000     1.22956E-02  3.36613E-04  25.819400  61.446600
3  1660.000000   114.079000    600.000000    109.602000    760.000000    109.364000    1.40012E-02  3.65227E-04  27.416900  58.038700
3  1660.000000   114.079000    640.000000    94.241000     800.000000    112.086000    1.54125E-02  3.48726E-04  28.142000  50.469900
3  1660.000000   114.079000    680.000000    91.001000     840.000000    110.374000    1.54238E-02  3.48973E-04  27.542900  50.469800
3  1660.000000   114.079000    720.000000    99.688000     880.000000    97.963000     1.74467E-02  3.94754E-04  27.119900  50.469800
3  1660.000000   114.079000    760.000000    109.364000    920.000000    98.528000     2.08761E-02  4.60625E-04  26.251800  45.474600
3  1660.000000   114.079000    800.000000    112.086000    960.000000    99.983000     2.54197E-02  4.42404E-04  24.464600  37.103000
3  1660.000000   114.079000    840.000000    110.374000    1000.000000   109.284000    3.19205E-02  4.26480E-04  22.355500  30.517600
3  1700.000000   106.988000    1360.000000   139.168000    1400.000000   152.179000    5.58228E-02  5.89718E-04  13.530200  8.038510
3  1700.000000   106.988000    1400.000000   152.179000    1440.000000   160.534000    5.62292E-02  5.93443E-04  8.605340  8.038490
3  1700.000000   106.988000    1440.000000   160.534000    1480.000000   164.497000    8.34514E-02  8.56804E-04  8.370460  6.163130
3  1700.000000   106.988000    1480.000000   164.497000    1520.000000   168.092000    8.71982E-02  8.94880E-04  10.878800  6.162990
3  1700.000000   106.988000    1520.000000   168.092000    1560.000000   155.128000    1.22970E-01  1.24437E-03  11.951100  4.536940
3  1700.000000   106.988000    1560.000000   155.128000    1600.000000   139.326000    1.88871E-01  1.89830E-03  10.329100  3.023170
3  1700.000000   106.988000    1600.000000   139.326000    1640.000000   117.482000    5.60980E-01  5.62068E-03  12.464200  1.753620
3  1700.000000   106.988000    1760.000000   106.406000    1800.000000   92.674000     4.69057E-01  4.69892E-03  9.329700  1.753500
3  1700.000000   106.988000    1800.000000   92.674000     1840.000000   86.557000     2.63157E-01  2.64154E-03  7.569740  2.635050
3  1700.000000   106.988000    1840.000000   86.557000     1880.000000   78.369000     2.65695E-01  2.66702E-03  14.222600  2.635040
3  1700.000000   106.988000    1880.000000   78.369000     1920.000000   69.798000     1.14913E-01  1.16240E-03  16.114700  4.536820
3  1700.000000   106.988000    1920.000000   69.798000     1960.000000   70.212000     1.04239E-01  1.05443E-03  16.652400  4.536840
3  1700.000000   106.988000    1960.000000   70.212000     2000.000000   66.527000     5.11406E-02  5.41451E-04  16.873800  8.952940
3  1700.000000   106.988000    2000.000000   66.527000     2040.000000   61.428000     2.79405E-02  4.49730E-04  19.733700  36.345700
3  1700.000000   106.988000    2240.000000   41.064000     2280.000000   42.996000     4.51785E-03  1.44876E-04  19.221500  73.446300
3  1700.000000   106.988000    1000.000000   109.284000    1080.000000   127.088000    1.76329E-02  3.99048E-04  21.693100  50.469800
3  1700.000000   106.988000    1040.000000   125.393000    1120.000000   112.650000    1.60693E-02  3.63608E-04  23.116600  50.469700
3  1700.000000   106.988000    1080.000000   127.088000    1160.000000   107.119000    2.46870E-02  4.29680E-04  27.353400  37.103000
3  1700.000000   106.988000    1120.000000   112.650000    1200.000000   112.156000    2.73456E-02  4.40683E-04  28.390500  36.345800
3  1700.000000   106.988000    1160.000000   107.119000    1240.000000   121.717000    2.48637E-02  4.32952E-04  27.714800  37.102900
3  1700.000000   106.988000    1200.000000   112.156000    1280.000000   118.242000    2.69677E-02  4.34126E-04  27.842100  36.345700
3  1700.000000   106.988000    1240.000000   121.717000    1320.000000   121.622000    2.77440E-02  4.46642E-04  24.923100  36.345700
3  1700.000000   106.988000    1280.000000   118.242000    1360.000000   139.168000    5.65771E-02  5.97386E-04  20.706200  8.038460
3  1700.000000   106.988000    2040.000000   61.428000     2120.000000   43.879000     2.23058E-02  4.92102E-04  26.552900  45.474500
3  1700.000000   106.988000    2080.000000   55.293000     2160.000000   41.041000     2.42226E-02  4.21468E-04  15.510500  37.102900
3  1700.000000   106.988000    2200.000000   41.028000     2280.000000   42.996000     1.05142E-02  2.97104E-04  20.028600  68.357600
3  1700.000000   106.988000    280.000000    107.758000    440.000000    114.190000    8.48006E-03  2.51887E-04  28.027400  70.760900
3  1700.000000   106.988000    320.000000    109.059000    480.000000    115.862000    9.14614E-03  2.71691E-04  29.733200  70.812200
3  1700.000000   106.988000    360.000000    107.422000    520.000000    117.315000    8.72271E-03  2.59103E-04  30.242300  70.808200
3  1700.000000   106.988000    400.000000    112.646000    560.000000    107.062000    8.81353E-03  2.61794E-04  29.636700  70.760400
3  1700.000000   106.988000    440.000000    114.190000    600.000000    109.602000    8.01999E-03  2.38221E-04  28.165200  70.742800
3  1700.000000   106.988000    480.000000    115.862000    640.000000    94.241000     7.92215E-03  2.35315E-04  28.666700  70.742800
3  1700.000000   106.988000    520.000000    117.315000    680.000000    91.001000     9.98601E-03  2.82124E-04  28.895500  68.357400
3  1700.000000   106.988000    560.000000    107.062000    720.000000    99.688000     1.08106E-02  3.05425E-04  28.713800  68.357500
3  1700.000000   106.988000    600.000000    109.602000    760.000000    109.364000    1.22874E-02  3.36380E-04  30.112300  61.446400
3  1700.000000   106.988000    640.000000    94.241000     800.000000    112.086000    1.35006E-02  3.52166E-04  30.523900  58.038600
3  1700.000000   106.988000    680.000000    91.001000     840.000000    110.374000    1.34831E-02  3.51705E-04  29.811400  58.038500
3  1700.000000   106.988000    720.000000    99.688000     880.000000    97.963000     1.52077E-02  3.96707E-04  29.302200  58.038600
3  1700.000000   106.988000    760.000000    109.364000    920.000000    98.528000     1.81233E-02  4.15830E-04  28.116600  50.529600
3  1700.000000   106.988000    800.000000    112.086000    960.000000    99.983000     2.19811E-02  4.85033E-04  26.348400  45.474600
3  1700.000000   106.988000    840.000000    110.374000    1000.000000   109.284000    2.74847E-02  4.42608E-04  24.422600  36.345800
3  1700.000000   106.988000    880.000000    97.963000     1040.000000   125.393000    3.27234E-02  4.37368E-04  22.985200  30.517600
3  1780.000000   102.279000    160.000000    106.465000    200.000000    103.693000    1.01179E-03  5.32672E-05  37.757700  124.147000
3  1780.000000   102.279000    1440.000000   160.534000    1480.000000   164.497000    4.03573E-02  4.94191E-04  9.217930  24.291200
3  1780.000000   102.279000    1480.000000   164.497000    1520.000000   168.092000    3.86526E-02  4.73181E-04  21.874800  24.290800
3  1780.000000   102.279000    1520.000000   168.092000    1560.000000   155.128000    4.92273E-02  5.21337E-04  10.268900  8.954130
3  1780.000000   102.279000    1560.000000   155.128000    1600.000000   139.326000    6.29024E-02  6.63381E-04  15.965600  8.038960
3  1780.000000   102.279000    1600.000000   139.326000    1640.000000   117.482000    1.42870E-01  1.44134E-03  16.115400  4.014240
3  1780.000000   102.279000    1680.000000   108.805000    1720.000000   105.823000    6.51649E-01  7.17120E-03  8.486400  1.793720
3  1780.000000   102.279000    1840.000000   86.557000     1880.000000   78.369000     8.61715E-01  1.49839E-02  13.524100  11.289700
3  1780.000000   102.279000    1880.000000   78.369000     1920.000000   69.798000     2.82465E-01  2.83536E-03  15.376800  2.635000
3  1780.000000   102.279000    1920.000000   69.798000     1960.000000   70.212000     2.35543E-01  2.36436E-03  15.706100  2.635000
3  1780.000000   102.279000    1960.000000   70.212000     2000.000000   66.527000     1.08615E-01  1.09871E-03  15.963800  4.536850
3  1780.000000   102.279000    2000.000000   66.527000     2040.000000   61.428000     5.69201E-02  6.00188E-04  18.771200  8.038470
3  1780.000000   102.279000    2040.000000   61.428000     2080.000000   55.293000     2.03373E-02  4.66562E-04  31.480600  50.529500
3  1780.000000   102.279000    2120.000000   43.879000     2160.000000   41.041000     1.87224E-02  4.29554E-04  11.709500  50.530300
3  1780.000000   102.279000    2240.000000   41.064000     2280.000000   42.996000     6.28405E-03  2.01177E-04  21.578500  73.582300
3  1780.000000   102.279000    160.000000    106.465000    240.000000    107.318000    2.14558E-03  9.08072E-05  33.449500  82.433800
3  1780.000000   102.279000    200.000000    103.693000    280.000000    107.758000    2.26631E-03  9.85888E-05  32.525500  82.925900
3  1780.000000   102.279000    1080.000000   127.088000    1160.000000   107.119000    1.59296E-02  3.60436E-04  24.816100  50.470400
3  1780.000000   102.279000    1120.000000   112.650000    1200.000000   112.156000    1.73885E-02  3.93460E-04  26.270300  50.472300
3  1780.000000   102.279000    1160.000000   107.119000    1240.000000   121.717000    1.54493E-02  3.49568E-04  25.496000  50.471500
3  1780.000000   102.279000    1200.000000   112.156000    1280.000000   118.242000    1.64500E-02  3.72213E-04  25.865900  50.469900
3  1780.000000   102.279000    1240.000000   121.717000    1320.000000   121.622000    1.65010E-02  3.73352E-04  23.788400  50.470000
3  1780.000000   102.279000    1280.000000   118.242000    1360.000000   139.168000    3.12699E-02  4.17972E-04  21.524400  30.519300
3  1780.000000   102.279000    1320.000000   121.622000    1400.000000   152.179000    5.16843E-02  5.48350E-04  20.257100  8.964780
3  1780.000000   102.279000    1360.000000   139.168000    1440.000000   160.534000    5.72396E-02  6.04353E-04  14.517600  8.046520
3  1780.000000   102.279000    160.000000    106.465000    320.000000    109.059000    4.58595E-03  1.56113E-04  30.878700  74.235200
3  1780.000000   102.279000    360.000000    107.422000    520.000000    117.315000    6.43121E-03  2.05889E-04  14.563900  73.582800
3  1780.000000   102.279000    400.000000    112.646000    560.000000    107.062000    6.47364E-03  2.07248E-04  14.795500  73.582700
3  1780.000000   102.279000    440.000000    114.190000    600.000000    109.602000    5.86736E-03  1.88155E-04  13.756600  73.446400
3  1780.000000   102.279000    480.000000    115.862000    640.000000    94.241000     5.79329E-03  1.85779E-04  13.644800  73.446500
3  1780.000000   102.279000    520.000000    117.315000    680.000000    91.001000     7.24001E-03  2.31784E-04  14.845400  73.583000
3  1780.000000   102.279000    560.000000    107.062000    720.000000    99.688000     7.85131E-03  2.33213E-04  15.805500  70.743400
3  1780.000000   102.279000    600.000000    109.602000    760.000000    109.364000    8.87271E-03  2.63552E-04  18.537000  70.743500
3  1780.000000   102.279000    640.000000    94.241000     800.000000    112.086000    9.67225E-03  2.73265E-04  19.790100  68.358200
3  1780.000000   102.279000    680.000000    91.001000     840.000000    110.374000    9.64336E-03  2.72446E-04  19.555700  68.358000
3  1780.000000   102.279000    720.000000    99.688000     880.000000    97.963000     1.07599E-02  3.03991E-04  19.889100  68.357800
3  1780.000000   102.279000    760.000000    109.364000    920.000000    98.528000     1.27474E-02  3.48969E-04  19.809600  61.446900
3  1780.000000   102.279000    800.000000    112.086000    960.000000    99.983000     1.52267E-02  3.97178E-04  19.277700  58.039200
3  1780.000000   102.279000    840.000000    110.374000    1000.000000   109.284000    1.87156E-02  4.29373E-04  18.650100  50.530400
3  1780.000000   102.279000    880.000000    97.963000     1040.000000   125.393000    2.19471E-02  4.84210E-04  18.116900  45.475500
3  1780.000000   102.279000    920.000000    98.528000     1080.000000   127.088000    2.24064E-02  4.94343E-04  17.601200  45.475600
3  1780.000000   102.279000    960.000000    99.983000     1120.000000   112.650000    2.29740E-02  5.06868E-04  18.161500  45.475700
3  1780.000000   102.279000    40.000000     89.773000     360.000000    107.422000    8.95174E-03  4.47184E-04  26.708200  70.828900
3  1780.000000   102.279000    80.000000     95.232000     400.000000    112.646000    9.22057E-03  4.14562E-04  24.225600  70.745500
3  1780.000000   102.279000    120.000000    103.752000    440.000000    114.190000    1.03384E-02  2.96366E-04  21.577500  68.394400
3  1780.000000   102.279000    160.000000    106.465000    480.000000    115.862000    1.13360E-02  3.14998E-04  20.968500  61.637400
3  1860.000000   83.352000     0.000000      85.461000     40.000000     89.773000     1.69697E-03  6.77137E-05  72.527100  81.680600
3  1860.000000   83.352000     1520.000000   168.092000    1560.000000   155.128000    2.29439E-02  5.07154E-04  12.422700  45.475800
3  1860.000000   83.352000     1560.000000   155.128000    1600.000000   139.326000    2.85003E-02  4.59989E-04  11.811900  36.347100
3  1860.000000   83.352000     1600.000000   139.326000    1640.000000   117.482000    6.10825E-02  6.48440E-04  19.652600  8.047620
3  1860.000000   83.352000     1640.000000   117.482000    1680.000000   108.805000    1.43296E-01  1.45097E-03  15.861700  4.022630
3  1860.000000   83.352000     1680.000000   108.805000    1720.000000   105.823000    1.77438E-01  1.78749E-03  13.814100  3.535820
3  1860.000000   83.352000     1720.000000   105.823000    1760.000000   106.406000    3.45395E-01  3.46497E-03  13.351200  2.157150
3  1860.000000   83.352000     1760.000000   106.406000    1800.000000   92.674000     3.30368E-01  3.31352E-03  13.904200  2.156470
3  1860.000000   83.352000     1960.000000   70.212000     2000.000000   66.527000     2.67063E-01  2.68075E-03  12.812900  2.635010
3  1860.000000   83.352000     2000.000000   66.527000     2040.000000   61.428000     1.22516E-01  1.23932E-03  14.999300  4.536960
3  1860.000000   83.352000     2040.000000   61.428000     2080.000000   55.293000     3.95521E-02  4.84066E-04  28.597500  24.290000
3  1860.000000   83.352000     2120.000000   43.879000     2160.000000   41.041000     2.73537E-02  4.52923E-04  17.045600  36.720700
3  1860.000000   83.352000     2240.000000   41.064000     2280.000000   42.996000     8.42895E-03  2.50364E-04  23.506400  70.742800
3  1860.000000   83.352000     0.000000      85.461000     80.000000     95.232000     2.69966E-03  1.07652E-04  65.620800  81.680500
3  1860.000000   83.352000     40.000000     89.773000     120.000000    103.752000    1.73589E-03  6.92710E-05  48.601300  81.680500
3  1860.000000   83.352000     1160.000000   107.119000    1240.000000   121.717000    9.35066E-03  2.64471E-04  20.533100  68.359000
3  1860.000000   83.352000     1200.000000   112.156000    1280.000000   118.242000    9.87878E-03  2.79408E-04  22.109100  68.358400
3  1860.000000   83.352000     1240.000000   121.717000    1320.000000   121.622000    9.94660E-03  2.81214E-04  22.015700  68.358100
3  1860.000000   83.352000     1280.000000   118.242000    1360.000000   139.168000    1.73905E-02  3.95717E-04  22.319900  50.472400
3  1860.000000   83.352000     1320.000000   121.622000    1400.000000   152.179000    2.66637E-02  4.77475E-04  28.911000  37.123700
3  1860.000000   83.352000     1360.000000   139.168000    1440.000000   160.534000    2.86173E-02  4.70697E-04  22.279500  36.360300
3  1860.000000   83.352000     1400.000000   152.179000    1480.000000   164.497000    3.41953E-02  4.60512E-04  10.361100  30.519800
3  1860.000000   83.352000     1440.000000   160.534000    1520.000000   168.092000    3.89281E-02  4.80797E-04  11.687900  24.293400
3  1860.000000   83.352000     2200.000000   41.028000     2280.000000   42.996000     2.05025E-02  4.52318E-04  23.544100  45.474500
3  1860.000000   83.352000     0.000000      85.461000     160.000000    106.465000    4.01936E-03  1.40273E-04  57.032800  74.186800
3  1860.000000   83.352000     40.000000     89.773000     200.000000    103.693000    3.07554E-03  1.05100E-04  38.452100  74.186200
3  1860.000000   83.352000     560.000000    107.062000    720.000000    99.688000     5.64533E-03  1.81126E-04  3.263790  73.446500
3  1860.000000   83.352000     600.000000    109.602000    760.000000    109.364000    6.33551E-03  2.02904E-04  5.588630  73.582800
3  1860.000000   83.352000     640.000000    94.241000     800.000000    112.086000    6.83802E-03  2.18990E-04  5.799450  73.582900
3  1860.000000   83.352000     680.000000    91.001000     840.000000    110.374000    6.81488E-03  2.18219E-04  6.840930  73.582800
3  1860.000000   83.352000     720.000000    99.688000     880.000000    97.963000     7.50041E-03  2.22852E-04  6.588640  70.743400
3  1860.000000   83.352000     760.000000    109.364000    920.000000    98.528000     8.84101E-03  2.62689E-04  7.699320  70.743400
3  1860.000000   83.352000     800.000000    112.086000    960.000000    99.983000     1.03497E-02  2.92524E-04  7.989530  68.358700
3  1860.000000   83.352000     840.000000    110.374000    1000.000000   109.284000    1.24195E-02  3.40186E-04  7.723470  61.447900
3  1860.000000   83.352000     880.000000    97.963000     1040.000000   125.393000    1.42648E-02  3.72368E-04  8.118370  58.040400
3  1860.000000   83.352000     920.000000    98.528000     1080.000000   127.088000    1.42686E-02  3.72456E-04  8.115720  58.040600
3  1860.000000   83.352000     960.000000    99.983000     1120.000000   112.650000    1.45806E-02  3.80616E-04  9.603110  58.041100
3  1860.000000   83.352000     1000.000000   109.284000    1160.000000   107.119000    1.72912E-02  3.91810E-04  14.603700  50.472100
3  1860.000000   83.352000     1040.000000   125.393000    1200.000000   112.156000    1.74248E-02  3.94844E-04  17.158800  50.471500
3  1860.000000   83.352000     0.000000      85.461000     320.000000    109.059000    7.43550E-03  2.43475E-04  24.349100  74.551800
3  1940.000000   71.729000     1600.000000   139.326000    1640.000000   117.482000    2.56805E-02  4.48094E-04  16.428300  37.125000
3  1940.000000   71.729000     1640.000000   117.482000    1680.000000   108.805000    5.27477E-02  5.78489E-04  18.428200  9.077920
3  1940.000000   71.729000     1680.000000   108.805000    1720.000000   105.823000    5.88494E-02  6.40770E-04  16.707100  8.117370
3  1940.000000   71.729000     1720.000000   105.823000    1760.000000   106.406000    1.03027E-01  1.08258E-03  16.404700  5.601110
3  1940.000000   71.729000     1760.000000   106.406000    1800.000000   92.674000     8.33011E-02  8.63782E-04  17.422600  6.187500
3  1940.000000   71.729000     1800.000000   92.674000     1840.000000   86.557000     1.49960E-01  1.52727E-03  11.269600  3.565430
3  1940.000000   71.729000     1840.000000   86.557000     1880.000000   78.369000     4.09545E-01  4.13546E-03  11.328700  2.177100
3  1940.000000   71.729000     2000.000000   66.527000     2040.000000   61.428000     3.31196E-01  3.32170E-03  10.819000  2.156510
3  1940.000000   71.729000     2040.000000   61.428000     2080.000000   55.293000     9.30830E-02  9.48125E-04  24.922900  5.510550
3  1940.000000   71.729000     2120.000000   43.879000     2160.000000   41.041000     4.22583E-02  4.74633E-04  13.046700  15.467900
3  1940.000000   71.729000     2200.000000   41.028000     2240.000000   41.064000     1.77082E-02  4.00625E-04  21.285900  50.469700
3  1940.000000   71.729000     2240.000000   41.064000     2280.000000   42.996000     1.17189E-02  3.20806E-04  21.242500  61.446400
3  1940.000000   71.729000     1240.000000   121.717000    1320.000000   121.622000    5.99049E-03  1.91889E-04  10.812900  73.587200
3  1940.000000   71.729000     1280.000000   118.242000    1360.000000   139.168000    9.68999E-03  2.74282E-04  16.592400  68.369400
3  1940.000000   71.729000     1320.000000   121.622000    1400.000000   152.179000    1.35693E-02  3.55779E-04  49.451400  58.269700
3  1940.000000   71.729000     1360.000000   139.168000    1440.000000   160.534000    1.40263E-02  3.66821E-04  43.300700  58.260900
3  1940.000000   71.729000     1400.000000   152.179000    1480.000000   164.497000    1.68201E-02  3.80987E-04  7.843040  50.479500
3  1940.000000   71.729000     1440.000000   160.534000    1520.000000   168.092000    1.86759E-02  4.28702E-04  9.119350  50.541200
3  1940.000000   71.729000     1480.000000   164.497000    1560.000000   155.128000    1.93284E-02  4.43490E-04  12.089800  50.539500
3  1940.000000   71.729000     1520.000000   168.092000    1600.000000   139.326000    2.27136E-02  5.01187E-04  12.304700  45.484800
3  1940.000000   71.729000     1000.000000   109.284000    1160.000000   107.119000    1.11796E-02  3.16323E-04  -5.706620  68.364100
3  1940.000000   71.729000     1040.000000   125.393000    1200.000000   112.156000    1.11433E-02  3.15038E-04  -1.002750  68.363900
3  1940.000000   71.729000     1080.000000   127.088000    1240.000000   121.717000    1.22028E-02  3.34340E-04  3.240960  61.455200
3  1940.000000   71.729000     1120.000000   112.650000    1280.000000   118.242000    1.28115E-02  3.51147E-04  6.341340  61.458200
3  2018.000000   63.729000     1680.000000   108.805000    1720.000000   105.823000    1.88875E-02  4.44557E-04  10.420000  50.592700
3  2018.000000   63.729000     1720.000000   105.823000    1760.000000   106.406000    3.05034E-02  5.72073E-04  12.794000  36.430900
3  2018.000000   63.729000     1760.000000   106.406000    1800.000000   92.674000     2.10020E-02  4.66664E-04  16.016800  45.492700
3  2018.000000   63.729000     1800.000000   92.674000     1840.000000   86.557000     3.08360E-02  4.25358E-04  13.980600  30.543700
3  2018.000000   63.729000     1840.000000   86.557000     1880.000000   78.369000     6.62599E-02  7.36373E-04  22.002400  6.735260
3  2018.000000   63.729000     1880.000000   78.369000     1920.000000   69.798000     8.75381E-02  9.19894E-04  16.106500  5.558010
3  2018.000000   63.729000     2200.000000   41.028000     2240.000000   41.064000     2.38454E-02  4.14905E-04  20.997700  37.102900
3  2018.000000   63.729000     2240.000000   41.064000     2280.000000   42.996000     1.50290E-02  3.92010E-04  21.825200  58.038500
3  2018.000000   63.729000     1320.000000   121.622000    1400.000000   152.179000    7.33669E-03  2.18477E-04  53.660200  71.096100
3  2018.000000   63.729000     1360.000000   139.168000    1440.000000   160.534000    7.16105E-03  2.29408E-04  49.931300  73.982700
3  2018.000000   63.729000     1400.000000   152.179000    1480.000000   164.497000    8.68861E-03  2.62393E-04  -9.045040  70.802100
3  2018.000000   63.729000     1440.000000   160.534000    1520.000000   168.092000    9.40169E-03  2.69478E-04  -8.336010  68.428300
3  2018.000000   63.729000     1480.000000   164.497000    1560.000000   155.128000    9.30084E-03  2.78477E-04  -4.478870  70.795600
3  2018.000000   63.729000     1520.000000   168.092000    1600.000000   139.326000    1.03239E-02  2.93630E-04  -1.230050  68.403300
3  2018.000000   63.729000     1560.000000   155.128000    1640.000000   117.482000    1.63060E-02  3.74632E-04  2.593250  50.559500
3  2018.000000   63.729000     1600.000000   139.326000    1680.000000   108.805000    3.01195E-02  5.21013E-04  6.424170  36.504700
3  2100.000000   50.391000     1760.000000   106.406000    1800.000000   92.674000     1.08514E-02  3.15542E-04  21.679000  68.434600
3  2100.000000   50.391000     1800.000000   92.674000     1840.000000   86.557000     1.29301E-02  3.64696E-04  20.541700  61.548200
3  2100.000000   50.391000     1840.000000   86.557000     1880.000000   78.369000     2.34184E-02  5.56566E-04  25.521500  45.729400
3  2100.000000   50.391000     1880.000000   78.369000     1920.000000   69.798000     2.61534E-02  4.95115E-04  23.051700  37.327600
3  2100.000000   50.391000     2200.000000   41.028000     2240.000000   41.064000     3.87062E-02  4.73710E-04  21.587700  24.290000
3  2100.000000   50.391000     1560.000000   155.128000    1640.000000   117.482000    1.14312E-02  3.38527E-04  14.188300  61.498400
3  2100.000000   50.391000     1600.000000   139.326000    1680.000000   108.805000    1.97441E-02  5.40214E-04  20.021800  50.692900
3  2100.000000   50.391000     1640.000000   117.482000    1720.000000   105.823000    2.30780E-02  6.04923E-04  20.527800  45.713500
3  2100.000000   50.391000     1680.000000   108.805000    1760.000000   106.406000    2.70122E-02  5.78963E-04  20.925300  37.438800
3  2180.000000   41.040000     1840.000000   86.557000     1880.000000   78.369000     1.27614E-02  3.57142E-04  12.188000  61.505600
3  2180.000000   41.040000     1880.000000   78.369000     1920.000000   69.798000     1.29773E-02  3.61946E-04  11.885800  61.488400
3  2180.000000   41.040000     1920.000000   69.798000     1960.000000   70.212000     1.57654E-02  3.65198E-04  14.934400  50.508400
3  2180.000000   41.040000     1960.000000   70.212000     2000.000000   66.527000     1.17377E-02  3.23194E-04  16.434200  61.458500
3  2180.000000   41.040000     1520.000000   168.092000    1600.000000   139.326000    5.60926E-03  1.80540E-04  -14.296500  73.461400
3  2180.000000   41.040000     1560.000000   155.128000    1640.000000   117.482000    8.48076E-03  2.54178E-04  -6.878800  70.775300
3  2180.000000   41.040000     1600.000000   139.326000    1680.000000   108.805000    1.36832E-02  3.68673E-04  -6.250150  58.212900
3  2180.000000   41.040000     1640.000000   117.482000    1720.000000   105.823000    1.53998E-02  4.17564E-04  -6.045100  58.226700
3  2180.000000   41.040000     1680.000000   108.805000    1760.000000   106.406000    1.76301E-02  4.12298E-04  -1.576820  50.567500
3  2180.000000   41.040000     1720.000000   105.823000    1800.000000   92.674000     1.71389E-02  3.98798E-04  1.040870  50.547800
3  2180.000000   41.040000     1760.000000   106.406000    1840.000000   86.557000     1.43392E-02  3.77974E-04  4.381880  58.068400
3  2180.000000   41.040000     1240.000000   121.717000    1400.000000   152.179000    7.35250E-03  2.36256E-04  34.090300  73.612200
3  2180.000000   41.040000     1280.000000   118.242000    1440.000000   160.534000    8.21029E-03  2.44872E-04  28.735800  70.837100
3  2180.000000   41.040000     1320.000000   121.622000    1480.000000   164.497000    9.75544E-03  2.77094E-04  19.785500  68.465800
3  2180.000000   41.040000     1360.000000   139.168000    1520.000000   168.092000    9.80061E-03  2.77954E-04  15.892500  68.458100
3  2260.000000   42.469000     1920.000000   69.798000     1960.000000   70.212000     8.62934E-03  2.61073E-04  8.713100  70.775400
3  2260.000000   42.469000     1960.000000   70.212000     2000.000000   66.527000     5.88294E-03  1.89511E-04  10.487900  73.456800
3  2260.000000   42.469000     2160.000000   41.041000     2200.000000   41.028000     2.75192E-01  2.82311E-03  9.702070  2.857940
3  2260.000000   42.469000     1760.000000   106.406000    1840.000000   86.557000     9.78168E-03  2.80907E-04  -0.839113  68.378300
3  2260.000000   42.469000     1800.000000   92.674000     1880.000000   78.369000     1.30201E-02  3.66830E-04  4.494670  61.492900
3  2260.000000   42.469000     1840.000000   86.557000     1920.000000   69.798000     1.54952E-02  4.18164E-04  6.609940  58.096000
3  2260.000000   42.469000     1240.000000   121.717000    1400.000000   152.179000    6.10986E-03  2.10190E-04  33.282900  73.462000
3  2260.000000   42.469000     1280.000000   118.242000    1440.000000   160.534000    6.80488E-03  2.39616E-04  26.530300  73.646000
3  2260.000000   42.469000     1320.000000   121.622000    1480.000000   164.497000    8.06837E-03  2.67531E-04  16.684400  70.847400
3  2260.000000   42.469000     1360.000000   139.168000    1520.000000   168.092000    8.05369E-03  2.68221E-04  13.857900  70.853500
3  2411.000000   51.327000     2240.000000   41.064000     2280.000000   42.996000     4.79542E-02  5.18409E-04  8.330460  9.139000
3  2411.000000   51.327000     1880.000000   78.369000     1960.000000   70.212000     7.36157E-03  2.39502E-04  1.572390  73.646600
3  2411.000000   51.327000     1920.000000   69.798000     2000.000000   66.527000     6.57557E-03  2.13077E-04  5.189850  73.623600
3  2585.000000   52.947000     2240.000000   41.064000     2280.000000   42.996000     8.70715E-03  2.66522E-04  6.612930  70.837600
3  2747.000000   62.815000     2240.000000   41.064000     2280.000000   42.996000     5.20663E-03  1.84515E-04  4.255590  73.852500
