L22 SSIP denoised F2 0.40625 Hz
10.000000
11
0
Type of measurement (0=app. resistivity,1=resistance)
1
1918                
1
1
Phase Angle
mrad
0,0.40625
Error estimate for data present
Type of error estimate (0=same unit as data)
0
3  -20.000000    87.212000     40.000000     89.773000     80.000000     95.232000     9.43740E-02  9.82150E-04  8.035670  5.561600
3  -20.000000    87.212000     80.000000     95.232000     120.000000    103.752000    3.19968E-02  4.30341E-04  -1.032730  30.535100
3  -20.000000    87.212000     120.000000    103.752000    160.000000    106.465000    1.68007E-02  3.80754E-04  18.644400  50.484700
3  -20.000000    87.212000     160.000000    106.465000    200.000000    103.693000    1.10511E-02  3.12334E-04  8.736900  68.408300
3  -20.000000    87.212000     200.000000    103.693000    240.000000    107.318000    1.50011E-02  3.92774E-04  10.891300  58.097300
3  -20.000000    87.212000     240.000000    107.318000    280.000000    107.758000    9.52263E-03  2.69544E-04  8.796420  68.369000
3  -20.000000    87.212000     280.000000    107.758000    320.000000    109.059000    8.99021E-03  2.67623E-04  9.450530  70.762000
3  -20.000000    87.212000     320.000000    109.059000    400.000000    112.646000    1.15995E-02  3.18224E-04  10.635900  61.465400
3  -20.000000    87.212000     360.000000    107.422000    440.000000    114.190000    1.17637E-02  3.23009E-04  12.421000  61.472900
3  -20.000000    87.212000     400.000000    112.646000    480.000000    115.862000    1.03308E-02  2.92776E-04  13.790200  68.381300
3  -20.000000    87.212000     440.000000    114.190000    520.000000    117.315000    6.39337E-03  2.05017E-04  14.204300  73.595200
3  -20.000000    87.212000     480.000000    115.862000    560.000000    107.062000    4.71768E-03  1.51512E-04  15.110300  73.454400
3  -20.000000    87.212000     520.000000    117.315000    600.000000    109.602000    4.59456E-03  1.47641E-04  18.126900  73.454800
3  -20.000000    87.212000     560.000000    107.062000    640.000000    94.241000     4.00597E-03  1.35537E-04  18.994700  74.193300
3  -20.000000    87.212000     600.000000    109.602000    680.000000    91.001000     4.30592E-03  1.45961E-04  22.524900  74.194900
3  -20.000000    87.212000     640.000000    94.241000     800.000000    112.086000    7.75808E-03  2.32406E-04  29.919200  70.752400
3  -20.000000    87.212000     680.000000    91.001000     840.000000    110.374000    6.98073E-03  2.25267E-04  31.596800  73.591100
3  -20.000000    87.212000     720.000000    99.688000     880.000000    97.963000     6.67156E-03  2.15451E-04  35.227800  73.592700
3  -20.000000    87.212000     760.000000    109.364000    920.000000    98.528000     6.91697E-03  2.26056E-04  37.712500  73.597600
3  -20.000000    87.212000     800.000000    112.086000    960.000000    99.983000     6.90724E-03  2.25702E-04  40.205000  73.601600
3  -20.000000    87.212000     840.000000    110.374000    1000.000000   109.284000    6.95471E-03  2.27014E-04  42.999400  73.603100
3  -20.000000    87.212000     880.000000    97.963000     1040.000000   125.393000    6.65481E-03  2.17055E-04  45.807700  73.602100
3  -20.000000    87.212000     920.000000    98.528000     1080.000000   127.088000    5.55227E-03  1.79490E-04  48.077700  73.461600
3  -20.000000    87.212000     960.000000    99.983000     1120.000000   112.650000    4.94490E-03  1.59669E-04  50.604600  73.460800
3  -20.000000    87.212000     1000.000000   109.284000    1160.000000   107.119000    4.97653E-03  1.60376E-04  56.336300  73.462000
3  -20.000000    87.212000     1040.000000   125.393000    1200.000000   112.156000    4.41200E-03  1.49651E-04  60.824500  74.199200
3  -20.000000    87.212000     1080.000000   127.088000    1240.000000   121.717000    4.34873E-03  1.47337E-04  64.922800  74.198900
3  -20.000000    87.212000     1120.000000   112.650000    1280.000000   118.242000    4.12377E-03  1.39654E-04  68.840500  74.200400
3  -20.000000    87.212000     1160.000000   107.119000    1320.000000   121.622000    3.30911E-03  1.12042E-04  74.137700  74.196900
3  -20.000000    87.212000     1200.000000   112.156000    1360.000000   139.168000    3.51880E-03  1.19024E-04  80.520200  74.199500
3  -20.000000    87.212000     1240.000000   121.717000    1400.000000   152.179000    3.56030E-03  1.20383E-04  80.393000  74.191900
3  -20.000000    87.212000     2000.000000   66.527000     2160.000000   41.041000     1.36785E-03  6.99688E-05  93.669700  123.469000
3  -20.000000    87.212000     2040.000000   61.428000     2200.000000   41.028000     8.46664E-04  4.32389E-05  119.094000  123.532000
3  -20.000000    87.212000     1280.000000   118.242000    1600.000000   139.326000    6.70729E-03  2.14916E-04  83.585000  73.587400
3  -20.000000    87.212000     1320.000000   121.622000    1640.000000   117.482000    7.25769E-03  2.32707E-04  85.704900  73.591300
3  -20.000000    87.212000     1360.000000   139.168000    1680.000000   108.805000    7.79820E-03  2.50307E-04  88.376800  73.592400
3  -20.000000    87.212000     1400.000000   152.179000    1720.000000   105.823000    8.07714E-03  2.59201E-04  91.840500  73.591100
3  -20.000000    87.212000     1440.000000   160.534000    1760.000000   106.406000    8.79118E-03  2.61878E-04  93.878700  70.751900
3  -20.000000    87.212000     1480.000000   164.497000    1800.000000   92.674000     8.78488E-03  2.61716E-04  95.942600  70.751300
3  -20.000000    87.212000     1520.000000   168.092000    1840.000000   86.557000     8.85514E-03  2.63827E-04  97.154600  70.750800
3  -20.000000    87.212000     1560.000000   155.128000    1880.000000   78.369000     9.25994E-03  2.75979E-04  98.754200  70.750800
3  -20.000000    87.212000     1600.000000   139.326000    1920.000000   69.798000     9.20960E-03  2.74301E-04  99.975200  70.749100
3  -20.000000    87.212000     1640.000000   117.482000    1960.000000   70.212000     8.67885E-03  2.58463E-04  101.290000  70.747600
3  -20.000000    87.212000     1680.000000   108.805000    2000.000000   66.527000     7.45836E-03  2.39243E-04  101.918000  73.585300
3  -20.000000    87.212000     1720.000000   105.823000    2040.000000   61.428000     6.53464E-03  2.09582E-04  102.898000  73.584300
3  -20.000000    87.212000     1760.000000   106.406000    2080.000000   55.293000     5.20537E-03  1.67069E-04  104.725000  73.447000
3  -20.000000    87.212000     1800.000000   92.674000     2120.000000   43.879000     4.70739E-03  1.58903E-04  103.548000  74.191600
3  -20.000000    87.212000     1840.000000   86.557000     2160.000000   41.041000     4.35286E-03  1.47587E-04  102.524000  74.196800
3  -20.000000    87.212000     1880.000000   78.369000     2200.000000   41.028000     2.98567E-03  1.19719E-04  110.766000  81.688000
3  -20.000000    87.212000     1920.000000   69.798000     2240.000000   41.064000     2.52510E-03  1.00693E-04  115.004000  81.680700
3  -20.000000    87.212000     1960.000000   70.212000     2280.000000   42.996000     1.93612E-03  7.73205E-05  119.877000  81.681800
3  60.000000     93.431000     120.000000    103.752000    160.000000    106.465000    6.68598E-02  7.02737E-04  9.571260  6.703120
3  60.000000     93.431000     160.000000    106.465000    200.000000    103.693000    2.82348E-02  4.55735E-04  1.412120  36.348800
3  60.000000     93.431000     200.000000    103.693000    240.000000    107.318000    3.92584E-02  4.88155E-04  7.963650  24.305800
3  60.000000     93.431000     240.000000    107.318000    280.000000    107.758000    2.13224E-02  4.71963E-04  7.512520  45.481600
3  60.000000     93.431000     280.000000    107.758000    320.000000    109.059000    2.04848E-02  4.72193E-04  7.192820  50.536600
3  60.000000     93.431000     320.000000    109.059000    360.000000    107.422000    1.23009E-02  3.37448E-04  4.439850  61.449600
3  60.000000     93.431000     360.000000    107.422000    400.000000    112.646000    1.15268E-02  3.16463E-04  7.027270  61.450200
3  60.000000     93.431000     400.000000    112.646000    480.000000    115.862000    2.02399E-02  4.67096E-04  8.041200  50.534400
3  60.000000     93.431000     440.000000    114.190000    520.000000    117.315000    1.24549E-02  3.41897E-04  7.791550  61.448700
3  60.000000     93.431000     480.000000    115.862000    560.000000    107.062000    9.09097E-03  2.70496E-04  8.195580  70.744000
3  60.000000     93.431000     520.000000    117.315000    600.000000    109.602000    8.58521E-03  2.55532E-04  9.792400  70.743900
3  60.000000     93.431000     560.000000    107.062000    640.000000    94.241000     7.39261E-03  2.37074E-04  10.109400  73.583100
3  60.000000     93.431000     600.000000    109.602000    680.000000    91.001000     7.74659E-03  2.30717E-04  12.344100  70.743700
3  60.000000     93.431000     640.000000    94.241000     720.000000    99.688000     7.71244E-03  2.47661E-04  14.835100  73.583300
3  60.000000     93.431000     680.000000    91.001000     760.000000    109.364000    6.86763E-03  2.20539E-04  16.758000  73.583000
3  60.000000     93.431000     720.000000    99.688000     880.000000    97.963000     1.14090E-02  3.13679E-04  19.743900  61.447100
3  60.000000     93.431000     760.000000    109.364000    920.000000    98.528000     1.17803E-02  3.34592E-04  20.925400  61.447200
3  60.000000     93.431000     800.000000    112.086000    960.000000    99.983000     1.16534E-02  3.30185E-04  22.350400  61.447600
3  60.000000     93.431000     840.000000    110.374000    1000.000000   109.284000    1.15711E-02  3.27293E-04  24.321700  61.448300
3  60.000000     93.431000     880.000000    97.963000     1040.000000   125.393000    1.09368E-02  3.19136E-04  26.432200  68.360000
3  60.000000     93.431000     920.000000    98.528000     1080.000000   127.088000    8.96802E-03  2.67093E-04  28.329600  70.745300
3  60.000000     93.431000     960.000000    99.983000     1120.000000   112.650000    7.96440E-03  2.37237E-04  29.868800  70.745900
3  60.000000     93.431000     1000.000000   109.284000    1160.000000   107.119000    8.00368E-03  2.38345E-04  34.009000  70.748800
3  60.000000     93.431000     1040.000000   125.393000    1200.000000   112.156000    7.08807E-03  2.27460E-04  36.833700  73.589000
3  60.000000     93.431000     1080.000000   127.088000    1240.000000   121.717000    7.00134E-03  2.24571E-04  39.078700  73.590000
3  60.000000     93.431000     1120.000000   112.650000    1280.000000   118.242000    6.63395E-03  2.12740E-04  41.504600  73.591000
3  60.000000     93.431000     1160.000000   107.119000    1320.000000   121.622000    5.34707E-03  1.71639E-04  43.905400  73.453000
3  60.000000     93.431000     1200.000000   112.156000    1360.000000   139.168000    5.67395E-03  1.81978E-04  48.423400  73.461500
3  60.000000     93.431000     1240.000000   121.717000    1400.000000   152.179000    5.65850E-03  1.81579E-04  48.021100  73.452800
3  60.000000     93.431000     1280.000000   118.242000    1440.000000   160.534000    5.57490E-03  1.78955E-04  48.853700  73.451700
3  60.000000     93.431000     1320.000000   121.622000    1480.000000   164.497000    5.80822E-03  1.86059E-04  48.403900  73.592600
3  60.000000     93.431000     2000.000000   66.527000     2160.000000   41.041000     1.84936E-03  7.37527E-05  70.174100  81.777000
3  60.000000     93.431000     2040.000000   61.428000     2200.000000   41.028000     1.13484E-03  5.99398E-05  86.690400  124.959000
3  60.000000     93.431000     1360.000000   139.168000    1680.000000   108.805000    1.18686E-02  3.24917E-04  51.664200  61.453700
3  60.000000     93.431000     1400.000000   152.179000    1720.000000   105.823000    1.22657E-02  3.35807E-04  53.986000  61.451900
3  60.000000     93.431000     1440.000000   160.534000    1760.000000   106.406000    1.33037E-02  3.47047E-04  55.195700  58.042700
3  60.000000     93.431000     1480.000000   164.497000    1800.000000   92.674000     1.32705E-02  3.46164E-04  56.401000  58.041400
3  60.000000     93.431000     1520.000000   168.092000    1840.000000   86.557000     1.33350E-02  3.47837E-04  57.328200  58.040700
3  60.000000     93.431000     1560.000000   155.128000    1880.000000   78.369000     1.38921E-02  3.62366E-04  58.991700  58.039800
3  60.000000     93.431000     1600.000000   139.326000    1920.000000   69.798000     1.37564E-02  3.58821E-04  60.844800  58.039800
3  60.000000     93.431000     1640.000000   117.482000    1960.000000   70.212000     1.28855E-02  3.36129E-04  62.803400  58.039600
3  60.000000     93.431000     1680.000000   108.805000    2000.000000   66.527000     1.09956E-02  3.01105E-04  64.378500  61.447300
3  60.000000     93.431000     1720.000000   105.823000    2040.000000   61.428000     9.59962E-03  2.71350E-04  65.857100  68.358400
3  60.000000     93.431000     1760.000000   106.406000    2080.000000   55.293000     7.60581E-03  2.26029E-04  68.809500  70.743700
3  60.000000     93.431000     1800.000000   92.674000     2120.000000   43.879000     6.78423E-03  2.17236E-04  70.165300  73.582400
3  60.000000     93.431000     1840.000000   86.557000     2160.000000   41.041000     6.17873E-03  1.98054E-04  72.066200  73.589600
3  60.000000     93.431000     1880.000000   78.369000     2200.000000   41.028000     4.21239E-03  1.36095E-04  78.618200  73.454600
3  140.000000    106.294000    0.000000      85.461000     40.000000     89.773000     8.10050E-02  8.30933E-04  2.967410  6.162920
3  140.000000    106.294000    40.000000     89.773000     80.000000     95.232000     8.59093E-02  8.81240E-04  5.115810  6.162920
3  140.000000    106.294000    200.000000    103.693000    240.000000    107.318000    1.02159E-01  1.05893E-03  6.665230  5.622510
3  140.000000    106.294000    240.000000    107.318000    280.000000    107.758000    4.30091E-02  6.43769E-04  -9.493660  20.703400
3  140.000000    106.294000    280.000000    107.758000    320.000000    109.059000    3.53871E-02  4.74000E-04  7.347210  30.517400
3  140.000000    106.294000    320.000000    109.059000    360.000000    107.422000    2.02010E-02  4.63781E-04  3.024170  50.529500
3  140.000000    106.294000    360.000000    107.422000    400.000000    112.646000    1.80705E-02  4.09257E-04  7.783120  50.469700
3  140.000000    106.294000    400.000000    112.646000    440.000000    114.190000    1.79236E-02  4.06163E-04  7.736610  50.470000
3  140.000000    106.294000    440.000000    114.190000    480.000000    115.862000    1.23221E-02  3.37623E-04  7.187980  61.447000
3  140.000000    106.294000    480.000000    115.862000    560.000000    107.062000    1.28495E-02  3.51936E-04  7.632810  61.446700
3  140.000000    106.294000    520.000000    117.315000    600.000000    109.602000    1.19353E-02  3.26933E-04  8.969000  61.446700
3  140.000000    106.294000    560.000000    107.062000    640.000000    94.241000     1.00541E-02  2.84211E-04  9.245820  68.357700
3  140.000000    106.294000    600.000000    109.602000    680.000000    91.001000     1.03997E-02  2.94068E-04  11.348900  68.357800
3  140.000000    106.294000    640.000000    94.241000     720.000000    99.688000     1.01982E-02  2.88458E-04  13.693700  68.357800
3  140.000000    106.294000    680.000000    91.001000     760.000000    109.364000    8.96065E-03  2.66462E-04  15.298800  70.743200
3  140.000000    106.294000    720.000000    99.688000     800.000000    112.086000    7.64564E-03  2.27358E-04  17.843100  70.743200
3  140.000000    106.294000    760.000000    109.364000    840.000000    110.374000    6.86679E-03  2.20069E-04  16.888100  73.582700
3  140.000000    106.294000    800.000000    112.086000    960.000000    99.983000     1.49051E-02  3.90296E-04  18.670200  58.039800
3  140.000000    106.294000    840.000000    110.374000    1000.000000   109.284000    1.47350E-02  3.86106E-04  19.474900  58.040200
3  140.000000    106.294000    880.000000    97.963000     1040.000000   125.393000    1.38530E-02  3.63271E-04  20.212400  58.040800
3  140.000000    106.294000    920.000000    98.528000     1080.000000   127.088000    1.13078E-02  3.10953E-04  20.384700  61.448600
3  140.000000    106.294000    960.000000    99.983000     1120.000000   112.650000    9.97758E-03  2.83035E-04  20.617100  68.359600
3  140.000000    106.294000    1000.000000   109.284000    1160.000000   107.119000    9.95122E-03  2.82611E-04  23.000200  68.362200
3  140.000000    106.294000    1040.000000   125.393000    1200.000000   112.156000    8.76309E-03  2.61479E-04  24.567000  70.748700
3  140.000000    106.294000    1080.000000   127.088000    1240.000000   121.717000    8.61077E-03  2.56895E-04  25.945500  70.750100
3  140.000000    106.294000    1120.000000   112.650000    1280.000000   118.242000    8.12464E-03  2.42434E-04  27.467400  70.751000
3  140.000000    106.294000    1160.000000   107.119000    1320.000000   121.622000    6.50751E-03  2.08809E-04  29.276100  73.588700
3  140.000000    106.294000    1200.000000   112.156000    1360.000000   139.168000    6.86305E-03  2.20191E-04  31.785000  73.591300
3  140.000000    106.294000    1240.000000   121.717000    1400.000000   152.179000    6.82261E-03  2.18892E-04  27.848800  73.594500
3  140.000000    106.294000    1280.000000   118.242000    1440.000000   160.534000    6.70734E-03  2.15180E-04  25.938400  73.592500
3  140.000000    106.294000    1320.000000   121.622000    1480.000000   164.497000    6.97493E-03  2.23830E-04  22.567600  73.591700
3  140.000000    106.294000    1360.000000   139.168000    1520.000000   168.092000    6.23678E-03  2.00007E-04  18.512200  73.590600
3  140.000000    106.294000    1400.000000   152.179000    1560.000000   155.128000    5.85617E-03  1.87738E-04  22.168600  73.590100
3  220.000000    103.976000    0.000000      85.461000     40.000000     89.773000     4.96186E-02  5.25337E-04  1.858680  8.952910
3  220.000000    103.976000    40.000000     89.773000     80.000000     95.232000     3.81533E-02  4.66943E-04  4.164850  24.290000
3  220.000000    103.976000    80.000000     95.232000     120.000000    103.752000    4.77252E-02  5.05291E-04  9.772670  8.952910
3  220.000000    103.976000    120.000000    103.752000    160.000000    106.465000    6.27067E-02  6.61198E-04  1.934700  8.038320
3  220.000000    103.976000    280.000000    107.758000    320.000000    109.059000    8.61635E-02  8.86140E-04  6.006470  6.164990
3  220.000000    103.976000    320.000000    109.059000    360.000000    107.422000    3.78481E-02  4.64124E-04  -2.289580  24.290300
3  220.000000    103.976000    360.000000    107.422000    400.000000    112.646000    3.02933E-02  4.88504E-04  10.623400  36.346100
3  220.000000    103.976000    400.000000    112.646000    440.000000    114.190000    2.78529E-02  4.49894E-04  7.574410  36.346400
3  220.000000    103.976000    440.000000    114.190000    480.000000    115.862000    1.83578E-02  4.22002E-04  7.262350  50.530000
3  220.000000    103.976000    480.000000    115.862000    520.000000    117.315000    8.46247E-03  2.51492E-04  7.154160  70.742900
3  220.000000    103.976000    520.000000    117.315000    560.000000    107.062000    9.69487E-03  2.74202E-04  8.762650  68.357700
3  220.000000    103.976000    560.000000    107.062000    640.000000    94.241000     1.34040E-02  3.67227E-04  10.272200  61.446600
3  220.000000    103.976000    600.000000    109.602000    680.000000    91.001000     1.35562E-02  3.53951E-04  12.671300  58.038900
3  220.000000    103.976000    640.000000    94.241000     720.000000    99.688000     1.30417E-02  3.57358E-04  15.274100  61.446800
3  220.000000    103.976000    680.000000    91.001000     760.000000    109.364000    1.12808E-02  3.18921E-04  17.134300  68.357700
3  220.000000    103.976000    720.000000    99.688000     800.000000    112.086000    9.48487E-03  2.81857E-04  19.817600  70.743000
3  220.000000    103.976000    760.000000    109.364000    840.000000    110.374000    8.47271E-03  2.51759E-04  19.372400  70.743000
3  220.000000    103.976000    800.000000    112.086000    880.000000    97.963000     8.73485E-03  2.59554E-04  19.654600  70.743100
3  220.000000    103.976000    840.000000    110.374000    920.000000    98.528000     1.00769E-02  2.84862E-04  22.043700  68.357800
3  220.000000    103.976000    880.000000    97.963000     1040.000000   125.393000    1.66341E-02  3.76478E-04  25.667300  50.469900
3  220.000000    103.976000    920.000000    98.528000     1080.000000   127.088000    1.34795E-02  3.51673E-04  27.355700  58.038600
3  220.000000    103.976000    960.000000    99.983000     1120.000000   112.650000    1.18291E-02  3.23872E-04  28.786700  61.446500
3  220.000000    103.976000    1000.000000   109.284000    1160.000000   107.119000    1.17292E-02  3.21141E-04  32.927600  61.446400
3  220.000000    103.976000    1040.000000   125.393000    1200.000000   112.156000    1.02824E-02  2.90539E-04  35.938000  68.357400
3  220.000000    103.976000    1080.000000   127.088000    1240.000000   121.717000    1.00692E-02  2.84537E-04  38.537500  68.357500
3  220.000000    103.976000    1120.000000   112.650000    1280.000000   118.242000    9.47001E-03  2.67629E-04  41.265400  68.357500
3  220.000000    103.976000    1160.000000   107.119000    1320.000000   121.622000    7.55520E-03  2.41952E-04  44.065100  73.582500
3  220.000000    103.976000    1200.000000   112.156000    1360.000000   139.168000    7.93206E-03  2.35842E-04  49.267900  70.746900
3  220.000000    103.976000    1240.000000   121.717000    1400.000000   152.179000    7.84629E-03  2.33428E-04  47.505100  70.743300
3  220.000000    103.976000    1280.000000   118.242000    1440.000000   160.534000    7.68070E-03  2.28588E-04  47.508900  70.743100
3  220.000000    103.976000    1320.000000   121.622000    1480.000000   164.497000    7.95081E-03  2.36687E-04  46.138400  70.743700
3  220.000000    103.976000    1400.000000   152.179000    1560.000000   155.128000    6.63520E-03  2.12727E-04  45.787100  73.582500
3  220.000000    103.976000    1440.000000   160.534000    1600.000000   139.326000    6.47185E-03  2.07338E-04  46.951200  73.582500
3  220.000000    103.976000    1480.000000   164.497000    1640.000000   117.482000    7.13273E-03  2.28840E-04  50.382100  73.582500
3  220.000000    103.976000    1520.000000   168.092000    1840.000000   86.557000     1.76696E-02  4.01907E-04  53.209800  50.469900
3  220.000000    103.976000    1560.000000   155.128000    1880.000000   78.369000     1.83712E-02  4.23873E-04  54.394000  50.529700
3  220.000000    103.976000    1600.000000   139.326000    1920.000000   69.798000     1.81766E-02  4.13558E-04  54.766200  50.469800
3  220.000000    103.976000    1640.000000   117.482000    1960.000000   70.212000     1.69997E-02  3.86464E-04  55.179200  50.469800
3  220.000000    103.976000    1680.000000   108.805000    2000.000000   66.527000     1.44936E-02  3.78070E-04  54.857300  58.038600
3  220.000000    103.976000    1720.000000   105.823000    2040.000000   61.428000     1.26434E-02  3.46137E-04  55.317900  61.446500
3  220.000000    103.976000    1760.000000   106.406000    2080.000000   55.293000     1.00097E-02  2.82816E-04  56.757100  68.357400
3  220.000000    103.976000    1800.000000   92.674000     2120.000000   43.879000     8.91457E-03  2.64804E-04  54.400600  70.745700
3  220.000000    103.976000    1840.000000   86.557000     2160.000000   41.041000     8.10318E-03  2.40822E-04  50.672900  70.774100
3  220.000000    103.976000    1880.000000   78.369000     2200.000000   41.028000     5.52795E-03  1.77773E-04  52.490000  73.447600
3  300.000000    106.205000    40.000000     89.773000     80.000000     95.232000     2.51891E-02  4.38285E-04  5.194620  37.102900
3  300.000000    106.205000    80.000000     95.232000     120.000000    103.752000    2.46878E-02  4.29563E-04  8.801870  37.102900
3  300.000000    106.205000    120.000000    103.752000    160.000000    106.465000    2.49316E-02  4.33805E-04  4.442340  37.102900
3  300.000000    106.205000    160.000000    106.465000    200.000000    103.693000    4.69768E-02  5.27131E-04  6.062140  15.460700
3  300.000000    106.205000    200.000000    103.693000    240.000000    107.318000    9.72578E-02  9.90648E-04  6.096330  5.510550
3  300.000000    106.205000    360.000000    107.422000    400.000000    112.646000    8.62744E-02  8.96788E-04  7.411730  6.172910
3  300.000000    106.205000    400.000000    112.646000    440.000000    114.190000    6.14638E-02  6.57589E-04  7.207180  8.051880
3  300.000000    106.205000    440.000000    114.190000    480.000000    115.862000    3.58685E-02  4.42352E-04  6.596300  24.295400
3  300.000000    106.205000    480.000000    115.862000    520.000000    117.315000    1.54161E-02  4.02369E-04  6.455980  58.039600
3  300.000000    106.205000    520.000000    117.315000    560.000000    107.062000    1.62611E-02  3.68433E-04  7.270660  50.471900
3  300.000000    106.205000    560.000000    107.062000    600.000000    109.602000    1.05300E-02  2.97670E-04  8.515510  68.358400
3  300.000000    106.205000    600.000000    109.602000    640.000000    94.241000     1.03228E-02  2.91886E-04  8.083430  68.358700
3  300.000000    106.205000    640.000000    94.241000     720.000000    99.688000     1.87754E-02  4.31554E-04  12.700500  50.531400
3  300.000000    106.205000    680.000000    91.001000     760.000000    109.364000    1.57993E-02  3.58159E-04  14.104800  50.471200
3  300.000000    106.205000    720.000000    99.688000     800.000000    112.086000    1.28597E-02  3.52490E-04  15.783800  61.447300
3  300.000000    106.205000    760.000000    109.364000    840.000000    110.374000    1.13728E-02  3.21723E-04  14.865700  68.358100
3  300.000000    106.205000    800.000000    112.086000    880.000000    97.963000     1.16038E-02  3.18336E-04  14.586200  61.447300
3  300.000000    106.205000    840.000000    110.374000    920.000000    98.528000     1.32358E-02  3.63823E-04  16.606000  61.447600
3  300.000000    106.205000    880.000000    97.963000     960.000000    99.983000     1.21984E-02  3.35535E-04  17.737700  61.447200
3  300.000000    106.205000    920.000000    98.528000     1000.000000   109.284000    9.84583E-03  2.79326E-04  16.496900  68.357700
3  300.000000    106.205000    960.000000    99.983000     1120.000000   112.650000    1.48330E-02  3.88722E-04  15.895500  58.038600
3  300.000000    106.205000    1000.000000   109.284000    1160.000000   107.119000    1.45967E-02  3.84681E-04  17.898900  58.038500
3  300.000000    106.205000    1040.000000   125.393000    1200.000000   112.156000    1.27229E-02  3.51676E-04  19.080800  61.446400
3  300.000000    106.205000    1080.000000   127.088000    1240.000000   121.717000    1.24154E-02  3.43678E-04  20.206700  61.446500
3  300.000000    106.205000    1120.000000   112.650000    1280.000000   118.242000    1.16301E-02  3.22609E-04  21.305900  61.446500
3  300.000000    106.205000    1160.000000   107.119000    1320.000000   121.622000    9.24459E-03  2.76090E-04  22.319900  70.743000
3  300.000000    106.205000    1200.000000   112.156000    1360.000000   139.168000    9.66099E-03  2.77713E-04  24.260000  68.357800
3  300.000000    106.205000    1240.000000   121.717000    1400.000000   152.179000    9.50097E-03  2.84969E-04  20.388600  70.743100
3  300.000000    106.205000    1280.000000   118.242000    1440.000000   160.534000    9.25244E-03  2.77559E-04  17.939000  70.743000
3  300.000000    106.205000    1320.000000   121.622000    1480.000000   164.497000    9.52628E-03  2.86876E-04  13.669200  70.743100
3  300.000000    106.205000    1360.000000   139.168000    1520.000000   168.092000    8.44570E-03  2.52491E-04  7.923280  70.743200
3  300.000000    106.205000    1400.000000   152.179000    1560.000000   155.128000    7.90271E-03  2.35969E-04  8.741350  70.743000
3  300.000000    106.205000    1440.000000   160.534000    1600.000000   139.326000    7.69632E-03  2.47310E-04  7.158920  73.582500
3  300.000000    106.205000    1480.000000   164.497000    1640.000000   117.482000    8.46443E-03  2.52574E-04  6.569010  70.743000
3  300.000000    106.205000    2000.000000   66.527000     2160.000000   41.041000     2.74516E-03  1.09599E-04  4.148070  81.681700
3  300.000000    106.205000    2040.000000   61.428000     2200.000000   41.028000     1.69049E-03  8.71216E-05  10.633300  123.454000
3  300.000000    106.205000    2080.000000   55.293000     2240.000000   41.064000     1.76511E-03  7.04554E-05  4.806310  81.760100
3  380.000000    113.072000    0.000000      85.461000     40.000000     89.773000     2.66594E-02  4.64609E-04  4.321850  37.115200
3  380.000000    113.072000    40.000000     89.773000     80.000000     95.232000     1.80839E-02  4.09125E-04  6.018590  50.469700
3  380.000000    113.072000    80.000000     95.232000     120.000000    103.752000    1.64867E-02  3.72990E-04  9.103630  50.469700
3  380.000000    113.072000    120.000000    103.752000    160.000000    106.465000    1.56397E-02  3.53828E-04  7.356550  50.469700
3  380.000000    113.072000    160.000000    106.465000    200.000000    103.693000    2.53409E-02  4.40929E-04  7.248140  37.102900
3  380.000000    113.072000    200.000000    103.693000    240.000000    107.318000    3.90883E-02  4.78386E-04  7.398810  24.290000
3  380.000000    113.072000    240.000000    107.318000    280.000000    107.758000    5.53136E-02  5.83243E-04  8.816810  8.038320
3  380.000000    113.072000    280.000000    107.758000    320.000000    109.059000    1.21423E-01  1.22825E-03  7.837090  4.536810
3  380.000000    113.072000    440.000000    114.190000    480.000000    115.862000    1.23711E-01  1.25549E-03  6.633120  4.541440
3  380.000000    113.072000    480.000000    115.862000    520.000000    117.315000    3.70022E-02  4.53795E-04  5.735390  24.291100
3  380.000000    113.072000    520.000000    117.315000    560.000000    107.062000    3.27653E-02  4.38688E-04  6.232730  30.518700
3  380.000000    113.072000    560.000000    107.062000    600.000000    109.602000    1.88993E-02  4.33799E-04  7.631250  50.530000
3  380.000000    113.072000    600.000000    109.602000    640.000000    94.241000     1.73305E-02  3.92352E-04  7.718280  50.470300
3  380.000000    113.072000    640.000000    94.241000     680.000000    91.001000     1.55110E-02  4.04831E-04  11.970100  58.039200
3  380.000000    113.072000    680.000000    91.001000     720.000000    99.688000     1.33901E-02  3.66784E-04  12.786600  61.447100
3  380.000000    113.072000    720.000000    99.688000     800.000000    112.086000    1.81433E-02  4.16527E-04  15.426500  50.530100
3  380.000000    113.072000    760.000000    109.364000    840.000000    110.374000    1.57898E-02  3.57513E-04  14.822400  50.470300
3  380.000000    113.072000    800.000000    112.086000    880.000000    97.963000     1.58665E-02  3.59408E-04  14.780900  50.470600
3  380.000000    113.072000    840.000000    110.374000    920.000000    98.528000     1.77927E-02  4.03542E-04  16.742500  50.471400
3  380.000000    113.072000    880.000000    97.963000     960.000000    99.983000     1.61245E-02  3.65928E-04  18.359000  50.471700
3  380.000000    113.072000    920.000000    98.528000     1000.000000   109.284000    1.27406E-02  3.49489E-04  18.256500  61.447900
3  380.000000    113.072000    960.000000    99.983000     1040.000000   125.393000    1.16189E-02  3.18845E-04  18.196100  61.448300
3  380.000000    113.072000    1000.000000   109.284000    1080.000000   127.088000    9.08480E-03  2.70320E-04  19.229600  70.744200
3  380.000000    113.072000    1040.000000   125.393000    1200.000000   112.156000    1.58151E-02  3.59639E-04  24.226000  50.474500
3  380.000000    113.072000    1080.000000   127.088000    1240.000000   121.717000    1.53446E-02  4.01768E-04  26.088600  58.043100
3  380.000000    113.072000    1120.000000   112.650000    1280.000000   118.242000    1.42911E-02  3.74311E-04  28.028900  58.044000
3  380.000000    113.072000    1160.000000   107.119000    1320.000000   121.622000    1.12855E-02  3.20009E-04  30.114400  68.362600
3  380.000000    113.072000    1200.000000   112.156000    1360.000000   139.168000    1.17141E-02  3.21504E-04  33.758300  61.452300
3  380.000000    113.072000    1240.000000   121.717000    1400.000000   152.179000    1.14398E-02  3.13893E-04  31.616900  61.451500
3  380.000000    113.072000    1280.000000   118.242000    1440.000000   160.534000    1.10747E-02  3.13556E-04  31.070500  68.361700
3  380.000000    113.072000    1320.000000   121.622000    1480.000000   164.497000    1.13322E-02  3.11149E-04  28.883100  61.452800
3  380.000000    113.072000    1360.000000   139.168000    1520.000000   168.092000    9.99198E-03  2.83007E-04  25.379400  68.361600
3  380.000000    113.072000    1400.000000   152.179000    1560.000000   155.128000    9.32336E-03  2.77426E-04  28.365900  70.746200
3  380.000000    113.072000    1440.000000   160.534000    1600.000000   139.326000    9.05347E-03  2.69311E-04  28.762100  70.745600
3  380.000000    113.072000    1480.000000   164.497000    1640.000000   117.482000    9.91847E-03  2.80756E-04  31.084200  68.360700
3  380.000000    113.072000    1520.000000   168.092000    1680.000000   108.805000    1.22650E-02  3.36803E-04  33.490900  61.453300
3  460.000000    116.789000    0.000000      85.461000     40.000000     89.773000     2.00392E-02  4.59797E-04  5.734520  50.535600
3  460.000000    116.789000    120.000000    103.752000    160.000000    106.465000    9.87917E-03  2.79103E-04  11.049500  68.357400
3  460.000000    116.789000    160.000000    106.465000    200.000000    103.693000    1.48643E-02  3.87714E-04  8.755370  58.038500
3  460.000000    116.789000    200.000000    103.693000    240.000000    107.318000    2.04554E-02  4.69271E-04  9.815410  50.529500
3  460.000000    116.789000    240.000000    107.318000    280.000000    107.758000    2.46794E-02  4.29417E-04  10.222700  37.102900
3  460.000000    116.789000    280.000000    107.758000    320.000000    109.059000    3.65333E-02  4.47116E-04  9.770940  24.290000
3  460.000000    116.789000    320.000000    109.059000    360.000000    107.422000    5.55864E-02  5.86120E-04  11.702900  8.038320
3  460.000000    116.789000    360.000000    107.422000    400.000000    112.646000    1.20403E-01  1.21794E-03  7.749310  4.536810
3  460.000000    116.789000    520.000000    117.315000    560.000000    107.062000    1.23565E-01  1.25254E-03  7.340660  4.555460
3  460.000000    116.789000    560.000000    107.062000    600.000000    109.602000    5.03980E-02  5.34199E-04  8.319430  8.958600
3  460.000000    116.789000    600.000000    109.602000    640.000000    94.241000     3.94626E-02  4.83452E-04  9.367150  24.292600
3  460.000000    116.789000    640.000000    94.241000     680.000000    91.001000     3.15363E-02  4.21530E-04  12.813500  30.519600
3  460.000000    116.789000    680.000000    91.001000     720.000000    99.688000     2.46223E-02  4.28655E-04  14.371200  37.104700
3  460.000000    116.789000    720.000000    99.688000     760.000000    109.364000    1.65984E-02  3.75607E-04  16.023500  50.470700
3  460.000000    116.789000    760.000000    109.364000    800.000000    112.086000    1.35293E-02  3.52956E-04  16.409900  58.039400
3  460.000000    116.789000    0.000000      85.461000     80.000000     95.232000     3.30813E-02  4.41774E-04  6.739720  30.517400
3  460.000000    116.789000    40.000000     89.773000     120.000000    103.752000    2.41045E-02  4.19413E-04  9.578470  37.102900
3  460.000000    116.789000    800.000000    112.086000    880.000000    97.963000     2.47827E-02  4.31482E-04  15.180200  37.105000
3  460.000000    116.789000    840.000000    110.374000    920.000000    98.528000     2.70420E-02  4.71074E-04  17.607200  37.106700
3  460.000000    116.789000    880.000000    97.963000     960.000000    99.983000     2.38400E-02  4.15388E-04  19.217400  37.107300
3  460.000000    116.789000    920.000000    98.528000     1000.000000   109.284000    1.81925E-02  4.17660E-04  18.810700  50.532500
3  460.000000    116.789000    960.000000    99.983000     1040.000000   125.393000    1.62266E-02  3.67443E-04  18.711000  50.473200
3  460.000000    116.789000    1000.000000   109.284000    1080.000000   127.088000    1.24855E-02  3.41983E-04  19.540100  61.448900
3  460.000000    116.789000    1040.000000   125.393000    1120.000000   112.650000    9.72350E-03  2.74830E-04  20.989900  68.359400
3  460.000000    116.789000    1080.000000   127.088000    1160.000000   107.119000    1.23095E-02  3.37462E-04  25.659400  61.452400
3  460.000000    116.789000    1120.000000   112.650000    1280.000000   118.242000    1.87503E-02  4.30993E-04  28.161600  50.536200
3  460.000000    116.789000    1160.000000   107.119000    1320.000000   121.622000    1.46572E-02  3.82723E-04  29.875800  58.042500
3  460.000000    116.789000    1200.000000   112.156000    1360.000000   139.168000    1.50577E-02  3.93590E-04  32.842900  58.044800
3  460.000000    116.789000    1240.000000   121.717000    1400.000000   152.179000    1.45596E-02  3.80167E-04  29.206000  58.042000
3  460.000000    116.789000    1280.000000   118.242000    1440.000000   160.534000    1.39650E-02  3.64612E-04  26.543800  58.041600
3  460.000000    116.789000    1320.000000   121.622000    1480.000000   164.497000    1.41492E-02  3.69651E-04  21.672000  58.043000
3  460.000000    116.789000    1360.000000   139.168000    1520.000000   168.092000    1.23687E-02  3.38854E-04  14.784500  61.449400
3  460.000000    116.789000    1400.000000   152.179000    1560.000000   155.128000    1.14791E-02  3.14437E-04  15.600600  61.448700
3  460.000000    116.789000    1440.000000   160.534000    1600.000000   139.326000    1.10958E-02  3.13626E-04  14.112500  68.359100
3  460.000000    116.789000    1480.000000   164.497000    1640.000000   117.482000    1.20816E-02  3.30921E-04  13.817500  61.448400
3  460.000000    116.789000    1520.000000   168.092000    1680.000000   108.805000    1.48453E-02  3.87560E-04  13.304300  58.041400
3  460.000000    116.789000    1560.000000   155.128000    1720.000000   105.823000    1.62051E-02  3.67029E-04  11.682900  50.472800
3  460.000000    116.789000    1600.000000   139.326000    1760.000000   106.406000    1.85008E-02  4.24865E-04  9.933150  50.532300
3  460.000000    116.789000    1640.000000   117.482000    1800.000000   92.674000     1.71022E-02  3.87267E-04  8.183570  50.471900
3  460.000000    116.789000    1680.000000   108.805000    1840.000000   86.557000     1.42168E-02  3.70980E-04  5.188360  58.039500
3  460.000000    116.789000    1720.000000   105.823000    1880.000000   78.369000     1.38168E-02  3.60522E-04  4.867990  58.038900
3  460.000000    116.789000    2000.000000   66.527000     2160.000000   41.041000     3.56585E-03  1.20380E-04  -6.557310  74.188300
3  460.000000    116.789000    2040.000000   61.428000     2200.000000   41.028000     2.19292E-03  8.74449E-05  -0.403864  81.681500
3  460.000000    116.789000    2080.000000   55.293000     2240.000000   41.064000     2.29060E-03  9.14330E-05  -11.452500  81.681900
3  460.000000    116.789000    1760.000000   106.406000    2080.000000   55.293000     1.58984E-02  3.59719E-04  4.199890  50.469800
3  460.000000    116.789000    1800.000000   92.674000     2120.000000   43.879000     1.40020E-02  3.65270E-04  3.035590  58.038800
3  460.000000    116.789000    1840.000000   86.557000     2160.000000   41.041000     1.25825E-02  3.44501E-04  0.734337  61.448600
3  460.000000    116.789000    1880.000000   78.369000     2200.000000   41.028000     8.56088E-03  2.54304E-04  1.555520  70.745800
3  460.000000    116.789000    1920.000000   69.798000     2240.000000   41.064000     7.13443E-03  2.28494E-04  -1.230890  73.586300
3  460.000000    116.789000    1960.000000   70.212000     2280.000000   42.996000     5.30671E-03  1.70272E-04  -5.921650  73.447500
3  540.000000    107.724000    0.000000      85.461000     40.000000     89.773000     1.73116E-02  3.91652E-04  6.513980  50.476800
3  540.000000    107.724000    200.000000    103.693000    240.000000    107.318000    1.50916E-02  3.93646E-04  12.875200  58.040300
3  540.000000    107.724000    240.000000    107.318000    280.000000    107.758000    1.73429E-02  3.92362E-04  13.310200  50.477400
3  540.000000    107.724000    280.000000    107.758000    320.000000    109.059000    2.36702E-02  5.22202E-04  16.948400  46.101600
3  540.000000    107.724000    320.000000    109.059000    360.000000    107.422000    2.98292E-02  6.41077E-04  10.812500  36.347100
3  540.000000    107.724000    360.000000    107.422000    400.000000    112.646000    4.70573E-02  5.28044E-04  11.568700  15.826100
3  540.000000    107.724000    400.000000    112.646000    440.000000    114.190000    8.70791E-02  8.93414E-04  13.058500  6.313380
3  540.000000    107.724000    440.000000    114.190000    480.000000    115.862000    1.14602E-01  1.15945E-03  10.863300  6.386870
3  540.000000    107.724000    600.000000    109.602000    640.000000    94.241000     8.37088E-02  8.60635E-04  7.511480  6.172440
3  540.000000    107.724000    640.000000    94.241000     680.000000    91.001000     5.69354E-02  6.02314E-04  11.297700  8.044190
3  540.000000    107.724000    680.000000    91.001000     720.000000    99.688000     3.62490E-02  4.44427E-04  13.232500  24.290800
3  540.000000    107.724000    720.000000    99.688000     760.000000    109.364000    2.36969E-02  4.12575E-04  13.848700  37.103300
3  540.000000    107.724000    760.000000    109.364000    800.000000    112.086000    1.86730E-02  4.28540E-04  14.019900  50.529800
3  540.000000    107.724000    800.000000    112.086000    840.000000    110.374000    1.57543E-02  3.56589E-04  11.586400  50.469900
3  540.000000    107.724000    840.000000    110.374000    880.000000    97.963000     1.67968E-02  3.80266E-04  12.689600  50.470100
3  540.000000    107.724000    2240.000000   41.064000     2280.000000   42.996000     4.93614E-04  2.52070E-05  36.324900  123.849000
3  540.000000    107.724000    0.000000      85.461000     80.000000     95.232000     2.83939E-02  4.57025E-04  8.710370  36.351200
3  540.000000    107.724000    40.000000     89.773000     120.000000    103.752000    2.02838E-02  4.65335E-04  12.800200  50.548000
3  540.000000    107.724000    80.000000     95.232000     160.000000    106.465000    1.73547E-02  3.92628E-04  15.307000  50.472000
3  540.000000    107.724000    120.000000    103.752000    200.000000    103.693000    1.97769E-02  4.53706E-04  14.495500  50.540600
3  540.000000    107.724000    880.000000    97.963000     960.000000    99.983000     3.01022E-02  4.85160E-04  14.718800  36.346600
3  540.000000    107.724000    920.000000    98.528000     1000.000000   109.284000    2.26787E-02  5.00580E-04  12.872800  45.475100
3  540.000000    107.724000    960.000000    99.983000     1040.000000   125.393000    1.98905E-02  4.56521E-04  11.744400  50.529900
3  540.000000    107.724000    1000.000000   109.284000    1080.000000   127.088000    1.51178E-02  3.94442E-04  11.872500  58.038800
3  540.000000    107.724000    1040.000000   125.393000    1120.000000   112.650000    1.16090E-02  3.17854E-04  12.927400  61.446900
3  540.000000    107.724000    1080.000000   127.088000    1160.000000   107.119000    1.45278E-02  3.79238E-04  17.046800  58.042000
3  540.000000    107.724000    1120.000000   112.650000    1200.000000   112.156000    1.34213E-02  3.50154E-04  20.480200  58.125400
3  540.000000    107.724000    1160.000000   107.119000    1240.000000   121.717000    9.32621E-03  2.77029E-04  22.774000  71.028000
3  540.000000    107.724000    2080.000000   55.293000     2160.000000   41.041000     2.49472E-03  9.94892E-05  13.017500  81.680600
3  540.000000    107.724000    2200.000000   41.028000     2280.000000   42.996000     1.08865E-03  5.55938E-05  37.463500  124.506000
3  540.000000    107.724000    1200.000000   112.156000    1360.000000   139.168000    1.72406E-02  4.01623E-04  28.465000  51.035700
3  540.000000    107.724000    1240.000000   121.717000    1400.000000   152.179000    1.65772E-02  4.06448E-04  25.433100  50.472000
3  540.000000    107.724000    1280.000000   118.242000    1440.000000   160.534000    1.58551E-02  4.26569E-04  23.620300  50.470700
3  540.000000    107.724000    1320.000000   121.622000    1480.000000   164.497000    1.60290E-02  3.62914E-04  19.817300  50.469900
3  540.000000    107.724000    1360.000000   139.168000    1520.000000   168.092000    1.39742E-02  3.64580E-04  14.386800  58.038700
3  540.000000    107.724000    1400.000000   152.179000    1560.000000   155.128000    1.29346E-02  3.54162E-04  16.767100  61.446600
3  540.000000    107.724000    1440.000000   160.534000    1600.000000   139.326000    1.24562E-02  3.41052E-04  16.172500  61.446600
3  540.000000    107.724000    1480.000000   164.497000    1640.000000   117.482000    1.34906E-02  3.51950E-04  17.102700  58.038700
3  540.000000    107.724000    1520.000000   168.092000    1680.000000   108.805000    1.65057E-02  3.73550E-04  17.221800  50.469900
3  540.000000    107.724000    1560.000000   155.128000    1720.000000   105.823000    1.79759E-02  4.06813E-04  17.074500  50.469900
3  540.000000    107.724000    1600.000000   139.326000    1760.000000   106.406000    2.04881E-02  4.70173E-04  16.747000  50.529700
3  540.000000    107.724000    1640.000000   117.482000    1800.000000   92.674000     1.89083E-02  4.33896E-04  16.297700  50.529700
3  540.000000    107.724000    1680.000000   108.805000    1840.000000   86.557000     1.57037E-02  3.55328E-04  15.659700  50.469900
3  540.000000    107.724000    1720.000000   105.823000    1880.000000   78.369000     1.52465E-02  3.97716E-04  16.626700  58.038600
3  540.000000    107.724000    1760.000000   106.406000    1920.000000   69.798000     1.21861E-02  3.33608E-04  18.360100  61.446500
3  540.000000    107.724000    1800.000000   92.674000     1960.000000   70.212000     1.13818E-02  3.11592E-04  19.516100  61.446500
3  540.000000    107.724000    2000.000000   66.527000     2160.000000   41.041000     3.90944E-03  1.31953E-04  18.161600  74.186100
3  540.000000    107.724000    2040.000000   61.428000     2200.000000   41.028000     2.41176E-03  9.61899E-05  21.689500  81.680600
3  540.000000    107.724000    1840.000000   86.557000     2160.000000   41.041000     1.38307E-02  3.60760E-04  20.350800  58.038600
3  540.000000    107.724000    1880.000000   78.369000     2200.000000   41.028000     9.40967E-03  2.79495E-04  21.825600  70.742900
3  540.000000    107.724000    1920.000000   69.798000     2240.000000   41.064000     7.83216E-03  2.32707E-04  23.287000  70.743500
3  540.000000    107.724000    1960.000000   70.212000     2280.000000   42.996000     5.81716E-03  1.86641E-04  25.085300  73.447600
3  620.000000    104.048000    0.000000      85.461000     40.000000     89.773000     1.52871E-02  3.98743E-04  6.408150  58.038500
3  620.000000    104.048000    280.000000    107.758000    320.000000    109.059000    1.74221E-02  3.94152E-04  15.088700  50.469700
3  620.000000    104.048000    320.000000    109.059000    360.000000    107.422000    2.04793E-02  4.69820E-04  16.703200  50.529500
3  620.000000    104.048000    360.000000    107.422000    400.000000    112.646000    2.97518E-02  4.78882E-04  14.370600  36.345700
3  620.000000    104.048000    400.000000    112.646000    440.000000    114.190000    4.77156E-02  5.05189E-04  16.179700  8.952910
3  620.000000    104.048000    440.000000    114.190000    480.000000    115.862000    4.96496E-02  5.25665E-04  14.835800  8.952910
3  620.000000    104.048000    480.000000    115.862000    520.000000    117.315000    3.98231E-02  4.87379E-04  16.915900  24.290000
3  620.000000    104.048000    520.000000    117.315000    560.000000    107.062000    1.44047E-01  1.45296E-03  13.072600  4.013500
3  620.000000    104.048000    680.000000    91.001000     720.000000    99.688000     9.99956E-02  1.02239E-03  15.227800  5.520270
3  620.000000    104.048000    720.000000    99.688000     760.000000    109.364000    4.96952E-02  5.27539E-04  15.384200  8.956130
3  620.000000    104.048000    760.000000    109.364000    800.000000    112.086000    3.43795E-02  4.59843E-04  15.360200  30.518100
3  620.000000    104.048000    800.000000    112.086000    840.000000    110.374000    2.67046E-02  4.65111E-04  13.591200  37.103500
3  620.000000    104.048000    840.000000    110.374000    880.000000    97.963000     2.66796E-02  4.64980E-04  14.687300  37.103700
3  620.000000    104.048000    880.000000    97.963000     920.000000    98.528000     2.68166E-02  4.68025E-04  17.459400  37.103800
3  620.000000    104.048000    920.000000    98.528000     960.000000    99.983000     1.74258E-02  3.95348E-04  14.727300  50.515400
3  620.000000    104.048000    2240.000000   41.064000     2280.000000   42.996000     5.41181E-04  2.76374E-05  24.983200  123.454000
3  620.000000    104.048000    0.000000      85.461000     80.000000     95.232000     2.49294E-02  4.33767E-04  7.953200  37.102900
3  620.000000    104.048000    40.000000     89.773000     120.000000    103.752000    1.75121E-02  3.96188E-04  12.107500  50.469700
3  620.000000    104.048000    80.000000     95.232000     160.000000    106.465000    1.46944E-02  3.83284E-04  14.525700  58.038500
3  620.000000    104.048000    120.000000    103.752000    200.000000    103.693000    1.62525E-02  3.67693E-04  10.324400  50.469700
3  620.000000    104.048000    160.000000    106.465000    240.000000    107.318000    2.14651E-02  4.73557E-04  12.859800  45.474500
3  620.000000    104.048000    200.000000    103.693000    280.000000    107.758000    2.54052E-02  4.42045E-04  15.837600  37.102900
3  620.000000    104.048000    960.000000    99.983000     1040.000000   125.393000    2.68935E-02  4.69093E-04  14.887700  37.104800
3  620.000000    104.048000    1000.000000   109.284000    1080.000000   127.088000    1.99020E-02  4.57085E-04  15.171200  50.530900
3  620.000000    104.048000    1040.000000   125.393000    1120.000000   112.650000    1.49262E-02  3.89560E-04  16.434800  58.039500
3  620.000000    104.048000    1080.000000   127.088000    1160.000000   107.119000    1.83273E-02  4.20756E-04  20.361600  50.533300
3  620.000000    104.048000    1120.000000   112.650000    1200.000000   112.156000    1.67192E-02  3.79959E-04  22.101900  50.474500
3  620.000000    104.048000    1160.000000   107.119000    1240.000000   121.717000    1.14056E-02  3.13618E-04  22.276200  61.448800
3  620.000000    104.048000    1200.000000   112.156000    1280.000000   118.242000    1.02271E-02  2.88991E-04  23.693900  68.359800
3  620.000000    104.048000    1240.000000   121.717000    1320.000000   121.622000    9.12203E-03  2.71105E-04  27.569600  70.745000
3  620.000000    104.048000    2200.000000   41.028000     2280.000000   42.996000     1.19658E-03  6.11187E-05  37.258400  124.083000
3  620.000000    104.048000    1280.000000   118.242000    1440.000000   160.534000    1.87132E-02  4.29554E-04  22.675700  50.531700
3  620.000000    104.048000    1320.000000   121.622000    1480.000000   164.497000    1.87841E-02  4.31296E-04  18.768600  50.532600
3  620.000000    104.048000    1360.000000   139.168000    1520.000000   168.092000    1.62774E-02  3.68564E-04  13.579600  50.471600
3  620.000000    104.048000    1400.000000   152.179000    1560.000000   155.128000    1.49832E-02  3.90984E-04  15.145700  58.039800
3  620.000000    104.048000    1440.000000   160.534000    1600.000000   139.326000    1.43731E-02  3.75036E-04  14.635800  58.039500
3  620.000000    104.048000    1480.000000   164.497000    1640.000000   117.482000    1.54899E-02  4.04198E-04  15.669300  58.039400
3  620.000000    104.048000    1520.000000   168.092000    1680.000000   108.805000    1.88500E-02  4.32807E-04  17.025600  50.530600
3  620.000000    104.048000    1560.000000   155.128000    1720.000000   105.823000    2.04588E-02  4.69759E-04  17.152700  50.530400
3  620.000000    104.048000    1600.000000   139.326000    1760.000000   106.406000    2.32451E-02  5.13375E-04  17.194600  45.475300
3  620.000000    104.048000    1640.000000   117.482000    1800.000000   92.674000     2.13818E-02  4.72256E-04  17.247500  45.475000
3  620.000000    104.048000    1680.000000   108.805000    1840.000000   86.557000     1.77095E-02  4.01017E-04  16.368600  50.469800
3  620.000000    104.048000    1720.000000   105.823000    1880.000000   78.369000     1.71593E-02  3.88583E-04  17.755000  50.469700
3  620.000000    104.048000    1760.000000   106.406000    1920.000000   69.798000     1.36899E-02  3.57194E-04  20.049300  58.038500
3  620.000000    104.048000    1800.000000   92.674000     1960.000000   70.212000     1.27663E-02  3.49576E-04  21.848800  61.446400
3  620.000000    104.048000    1840.000000   86.557000     2000.000000   66.527000     1.11147E-02  3.14085E-04  23.895600  68.357500
3  620.000000    104.048000    1880.000000   78.369000     2040.000000   61.428000     7.82580E-03  2.32473E-04  25.006800  70.743000
3  620.000000    104.048000    2000.000000   66.527000     2160.000000   41.041000     4.27914E-03  1.44428E-04  20.581400  74.186200
3  620.000000    104.048000    2040.000000   61.428000     2200.000000   41.028000     2.65274E-03  1.05805E-04  29.793500  81.684400
3  620.000000    104.048000    2080.000000   55.293000     2240.000000   41.064000     2.76496E-03  1.12150E-04  32.606800  81.686900
3  620.000000    104.048000    2120.000000   43.879000     2280.000000   42.996000     1.99195E-03  8.27195E-05  40.313800  81.782800
3  620.000000    104.048000    1920.000000   69.798000     2240.000000   41.064000     8.70182E-03  2.58817E-04  28.277500  70.743200
3  620.000000    104.048000    1960.000000   70.212000     2280.000000   42.996000     6.43656E-03  2.07154E-04  29.580500  73.586100
3  700.000000    93.247000     0.000000      85.461000     40.000000     89.773000     1.30379E-02  3.56914E-04  6.649500  61.446400
3  700.000000    93.247000     360.000000    107.422000    400.000000    112.646000    1.97973E-02  4.54174E-04  16.375400  50.529500
3  700.000000    93.247000     400.000000    112.646000    440.000000    114.190000    2.94234E-02  4.73596E-04  17.964300  36.345700
3  700.000000    93.247000     440.000000    114.190000    480.000000    115.862000    2.81703E-02  4.53426E-04  17.052600  36.345700
3  700.000000    93.247000     480.000000    115.862000    520.000000    117.315000    1.94745E-02  4.46768E-04  18.432900  50.529500
3  700.000000    93.247000     520.000000    117.315000    560.000000    107.062000    4.41348E-02  4.95241E-04  18.415300  15.460700
3  700.000000    93.247000     560.000000    107.062000    600.000000    109.602000    5.85401E-02  6.17264E-04  19.030100  8.038320
3  700.000000    93.247000     600.000000    109.602000    640.000000    94.241000     1.18705E-01  1.20076E-03  14.900600  4.536810
3  700.000000    93.247000     760.000000    109.364000    800.000000    112.086000    1.39056E-01  1.40262E-03  13.925400  4.013500
3  700.000000    93.247000     840.000000    110.374000    880.000000    97.963000     6.69830E-02  6.94306E-04  15.918500  6.686110
3  700.000000    93.247000     880.000000    97.963000     920.000000    98.528000     5.72359E-02  6.03667E-04  20.462200  8.038350
3  700.000000    93.247000     920.000000    98.528000     960.000000    99.983000     3.39130E-02  4.52939E-04  19.696500  30.517400
3  700.000000    93.247000     960.000000    99.983000     1000.000000   109.284000    2.63788E-02  4.59025E-04  17.960600  37.102900
3  700.000000    93.247000     1000.000000   109.284000    1040.000000   125.393000    2.06932E-02  4.74752E-04  19.027200  50.529500
3  700.000000    93.247000     2240.000000   41.064000     2280.000000   42.996000     6.29283E-04  3.21350E-05  43.075100  123.482000
3  700.000000    93.247000     0.000000      85.461000     80.000000     95.232000     2.11789E-02  4.67240E-04  8.255010  45.474500
3  700.000000    93.247000     40.000000     89.773000     120.000000    103.752000    1.47423E-02  3.84532E-04  12.589500  58.038500
3  700.000000    93.247000     80.000000     95.232000     160.000000    106.465000    1.23108E-02  3.37009E-04  15.283200  61.446400
3  700.000000    93.247000     120.000000    103.752000    200.000000    103.693000    1.32768E-02  3.63455E-04  11.263900  61.446400
3  700.000000    93.247000     160.000000    106.465000    240.000000    107.318000    1.69302E-02  3.83025E-04  13.161500  50.469700
3  700.000000    93.247000     200.000000    103.693000    280.000000    107.758000    1.95518E-02  4.48542E-04  16.091700  50.529500
3  700.000000    93.247000     240.000000    107.318000    320.000000    109.059000    2.33072E-02  5.14194E-04  15.483500  45.474500
3  700.000000    93.247000     280.000000    107.758000    360.000000    107.422000    2.73593E-02  4.40373E-04  16.455600  36.345700
3  700.000000    93.247000     1040.000000   125.393000    1120.000000   112.650000    2.30261E-02  5.08006E-04  21.128300  45.474500
3  700.000000    93.247000     1080.000000   127.088000    1160.000000   107.119000    2.68863E-02  4.67832E-04  26.123700  37.102900
3  700.000000    93.247000     1120.000000   112.650000    1200.000000   112.156000    2.40320E-02  4.18380E-04  28.881000  37.102900
3  700.000000    93.247000     1160.000000   107.119000    1240.000000   121.717000    1.56471E-02  3.54263E-04  30.443200  50.469700
3  700.000000    93.247000     1200.000000   112.156000    1280.000000   118.242000    1.34825E-02  3.51698E-04  32.177500  58.038500
3  700.000000    93.247000     1240.000000   121.717000    1320.000000   121.622000    1.16497E-02  3.18940E-04  35.596900  61.446400
3  700.000000    93.247000     1280.000000   118.242000    1360.000000   139.168000    1.30578E-02  3.57526E-04  39.546700  61.446500
3  700.000000    93.247000     1320.000000   121.622000    1400.000000   152.179000    1.32167E-02  3.61872E-04  32.289400  61.446400
3  700.000000    93.247000     2200.000000   41.028000     2280.000000   42.996000     1.39640E-03  7.16184E-05  44.122700  123.535000
3  700.000000    93.247000     1360.000000   139.168000    1520.000000   168.092000    2.01010E-02  4.61189E-04  24.795600  50.529500
3  700.000000    93.247000     1400.000000   152.179000    1560.000000   155.128000    1.82969E-02  4.19786E-04  26.297200  50.529500
3  700.000000    93.247000     1440.000000   160.534000    1600.000000   139.326000    1.73854E-02  3.93346E-04  25.834200  50.469700
3  700.000000    93.247000     1480.000000   164.497000    1640.000000   117.482000    1.84947E-02  4.24318E-04  26.865800  50.529500
3  700.000000    93.247000     1520.000000   168.092000    1680.000000   108.805000    2.22598E-02  4.91136E-04  28.089200  45.474600
3  700.000000    93.247000     1560.000000   155.128000    1720.000000   105.823000    2.40301E-02  4.18179E-04  27.969000  37.102900
3  700.000000    93.247000     1600.000000   139.326000    1760.000000   106.406000    2.71886E-02  4.73136E-04  27.679600  37.102900
3  700.000000    93.247000     1640.000000   117.482000    1800.000000   92.674000     2.48977E-02  4.33260E-04  27.428400  37.102900
3  700.000000    93.247000     1680.000000   108.805000    1840.000000   86.557000     2.05869E-02  4.72303E-04  26.082500  50.529500
3  700.000000    93.247000     1720.000000   105.823000    1880.000000   78.369000     1.99066E-02  4.56691E-04  27.066100  50.529500
3  700.000000    93.247000     1760.000000   106.406000    1920.000000   69.798000     1.58707E-02  3.59057E-04  28.819200  50.469700
3  700.000000    93.247000     1800.000000   92.674000     1960.000000   70.212000     1.48008E-02  3.86061E-04  30.003600  58.038500
3  700.000000    93.247000     1840.000000   86.557000     2000.000000   66.527000     1.28787E-02  3.52558E-04  31.668300  61.446400
3  700.000000    93.247000     1880.000000   78.369000     2040.000000   61.428000     9.05962E-03  2.69099E-04  32.425500  70.742800
3  700.000000    93.247000     1920.000000   69.798000     2080.000000   55.293000     6.85122E-03  2.19336E-04  34.010500  73.582300
3  700.000000    93.247000     1960.000000   70.212000     2120.000000   43.879000     5.08731E-03  1.63142E-04  34.125800  73.446400
3  700.000000    93.247000     2000.000000   66.527000     2160.000000   41.041000     4.86932E-03  1.56150E-04  31.002700  73.446300
3  700.000000    93.247000     2040.000000   61.428000     2200.000000   41.028000     3.03954E-03  1.02589E-04  42.184100  74.186100
3  700.000000    93.247000     2080.000000   55.293000     2240.000000   41.064000     3.18587E-03  1.07545E-04  42.127300  74.186500
3  700.000000    93.247000     2120.000000   43.879000     2280.000000   42.996000     2.33198E-03  9.31836E-05  49.769600  81.699400
3  740.000000    105.187000    0.000000      85.461000     40.000000     89.773000     1.23245E-02  3.37488E-04  8.066170  61.451300
3  740.000000    105.187000    400.000000    112.646000    440.000000    114.190000    2.56427E-02  4.46178E-04  19.721300  37.102900
3  740.000000    105.187000    440.000000    114.190000    480.000000    115.862000    2.41311E-02  4.19876E-04  18.778300  37.102900
3  740.000000    105.187000    480.000000    115.862000    520.000000    117.315000    1.63394E-02  3.69658E-04  19.832100  50.469700
3  740.000000    105.187000    520.000000    117.315000    560.000000    107.062000    3.45965E-02  4.62009E-04  19.887000  30.517400
3  740.000000    105.187000    560.000000    107.062000    600.000000    109.602000    4.21418E-02  4.72877E-04  20.459400  15.460700
3  740.000000    105.187000    600.000000    109.602000    640.000000    94.241000     7.49890E-02  7.69222E-04  16.517300  6.162920
3  740.000000    105.187000    640.000000    94.241000     680.000000    91.001000     1.56827E-01  1.57846E-03  16.861300  3.534080
3  740.000000    105.187000    800.000000    112.086000    840.000000    110.374000    1.63172E-01  1.64236E-03  10.641000  3.534580
3  740.000000    105.187000    840.000000    110.374000    880.000000    97.963000     1.13912E-01  1.15237E-03  14.765000  4.537400
3  740.000000    105.187000    880.000000    97.963000     920.000000    98.528000     8.80222E-02  8.96709E-04  19.685600  5.511250
3  740.000000    105.187000    920.000000    98.528000     960.000000    99.983000     4.80855E-02  5.09158E-04  18.545000  8.953260
3  740.000000    105.187000    960.000000    99.983000     1000.000000   109.284000    3.52851E-02  4.71236E-04  16.745400  30.517500
3  740.000000    105.187000    1000.000000   109.284000    1040.000000   125.393000    2.65278E-02  4.61597E-04  16.697200  37.103000
3  740.000000    105.187000    1040.000000   125.393000    1080.000000   127.088000    1.48477E-02  3.87286E-04  16.727000  58.038600
3  740.000000    105.187000    2240.000000   41.064000     2280.000000   42.996000     6.63857E-04  3.41343E-05  -10.340800  123.454000
3  740.000000    105.187000    0.000000      85.461000     80.000000     95.232000     2.00029E-02  4.59113E-04  9.181550  50.529500
3  740.000000    105.187000    40.000000     89.773000     120.000000    103.752000    1.38713E-02  3.61813E-04  12.780500  58.038600
3  740.000000    105.187000    80.000000     95.232000     160.000000    106.465000    1.15332E-02  3.15723E-04  15.856300  61.446400
3  740.000000    105.187000    120.000000    103.752000    200.000000    103.693000    1.23624E-02  3.38422E-04  12.203300  61.446400
3  740.000000    105.187000    160.000000    106.465000    240.000000    107.318000    1.56498E-02  3.54056E-04  14.500600  50.469700
3  740.000000    105.187000    200.000000    103.693000    280.000000    107.758000    1.79541E-02  4.06188E-04  17.750100  50.469700
3  740.000000    105.187000    240.000000    107.318000    320.000000    109.059000    2.12518E-02  4.68849E-04  17.064600  45.474500
3  740.000000    105.187000    280.000000    107.758000    360.000000    107.422000    2.46761E-02  4.29359E-04  17.925200  37.102900
3  740.000000    105.187000    320.000000    109.059000    400.000000    112.646000    3.02828E-02  4.87429E-04  18.399800  36.345700
3  740.000000    105.187000    1080.000000   127.088000    1160.000000   107.119000    3.23078E-02  4.31487E-04  22.245500  30.517600
3  740.000000    105.187000    1120.000000   112.650000    1200.000000   112.156000    2.84914E-02  4.58632E-04  24.517800  36.345900
3  740.000000    105.187000    1160.000000   107.119000    1240.000000   121.717000    1.81821E-02  4.17132E-04  25.337700  50.529600
3  740.000000    105.187000    1200.000000   112.156000    1280.000000   118.242000    1.54271E-02  3.49032E-04  26.183900  50.469800
3  740.000000    105.187000    1240.000000   121.717000    1320.000000   121.622000    1.31792E-02  3.60795E-04  28.788800  61.446500
3  740.000000    105.187000    1280.000000   118.242000    1360.000000   139.168000    1.46147E-02  3.81236E-04  30.994000  58.038800
3  740.000000    105.187000    1320.000000   121.622000    1400.000000   152.179000    1.46801E-02  3.82944E-04  21.331200  58.038700
3  740.000000    105.187000    1360.000000   139.168000    1440.000000   160.534000    1.14177E-02  3.12580E-04  10.672400  61.446500
3  740.000000    105.187000    2200.000000   41.028000     2280.000000   42.996000     1.47265E-03  7.69311E-05  -11.595900  123.461000
3  740.000000    105.187000    1400.000000   152.179000    1560.000000   155.128000    2.00743E-02  4.60561E-04  11.436200  50.529600
3  740.000000    105.187000    1440.000000   160.534000    1600.000000   139.326000    1.90157E-02  4.36270E-04  10.047600  50.529500
3  740.000000    105.187000    1480.000000   164.497000    1640.000000   117.482000    2.01438E-02  4.62155E-04  9.763360  50.529500
3  740.000000    105.187000    1520.000000   168.092000    1680.000000   108.805000    2.41446E-02  4.20266E-04  9.563010  37.103000
3  740.000000    105.187000    1560.000000   155.128000    1720.000000   105.823000    2.60039E-02  4.52608E-04  8.389010  37.102900
3  740.000000    105.187000    1600.000000   139.326000    1760.000000   106.406000    2.93575E-02  4.72697E-04  7.079980  36.345800
3  740.000000    105.187000    1640.000000   117.482000    1800.000000   92.674000     2.68259E-02  4.66926E-04  5.872630  37.102900
3  740.000000    105.187000    1680.000000   108.805000    1840.000000   86.557000     2.21456E-02  4.88605E-04  3.482280  45.474500
3  740.000000    105.187000    1720.000000   105.823000    1880.000000   78.369000     2.13834E-02  4.71782E-04  3.634390  45.474500
3  740.000000    105.187000    1760.000000   106.406000    1920.000000   69.798000     1.70256E-02  3.85187E-04  4.170890  50.469700
3  740.000000    105.187000    1800.000000   92.674000     1960.000000   70.212000     1.58597E-02  3.58808E-04  4.099710  50.469700
3  740.000000    105.187000    1840.000000   86.557000     2000.000000   66.527000     1.37880E-02  3.59642E-04  4.834150  58.038500
3  740.000000    105.187000    1880.000000   78.369000     2040.000000   61.428000     9.68658E-03  2.73663E-04  4.372910  68.357400
3  740.000000    105.187000    1920.000000   69.798000     2080.000000   55.293000     7.32054E-03  2.34360E-04  5.861430  73.582300
3  740.000000    105.187000    1960.000000   70.212000     2120.000000   43.879000     5.42065E-03  1.73833E-04  5.118340  73.446400
3  740.000000    105.187000    2000.000000   66.527000     2160.000000   41.041000     5.17395E-03  1.65916E-04  -0.846719  73.446400
3  740.000000    105.187000    2040.000000   61.428000     2200.000000   41.028000     3.23154E-03  1.09070E-04  2.203540  74.186100
3  740.000000    105.187000    2080.000000   55.293000     2240.000000   41.064000     3.37935E-03  1.14058E-04  -3.921540  74.186100
3  740.000000    105.187000    2120.000000   43.879000     2280.000000   42.996000     2.47008E-03  9.84986E-05  -8.454520  81.695100
3  780.000000    111.181000    0.000000      85.461000     40.000000     89.773000     1.16890E-02  3.19988E-04  4.583710  61.446400
3  780.000000    111.181000    440.000000    114.190000    480.000000    115.862000    2.11394E-02  4.66369E-04  18.256800  45.474500
3  780.000000    111.181000    480.000000    115.862000    520.000000    117.315000    1.38751E-02  3.61913E-04  19.356200  58.038500
3  780.000000    111.181000    520.000000    117.315000    560.000000    107.062000    2.84662E-02  4.58189E-04  19.734700  36.345700
3  780.000000    111.181000    560.000000    107.062000    600.000000    109.602000    3.32544E-02  4.44086E-04  20.631200  30.517400
3  780.000000    111.181000    640.000000    94.241000     680.000000    91.001000     1.04941E-01  1.06153E-03  18.037000  4.536810
3  780.000000    111.181000    680.000000    91.001000     720.000000    99.688000     2.18067E-01  2.19120E-03  15.550000  3.023070
3  780.000000    111.181000    840.000000    110.374000    880.000000    97.963000     2.14941E-01  2.16001E-03  13.907100  3.030210
3  780.000000    111.181000    880.000000    97.963000     920.000000    98.528000     1.44061E-01  1.45330E-03  19.989500  4.020440
3  780.000000    111.181000    920.000000    98.528000     960.000000    99.983000     7.03226E-02  7.28837E-04  19.619400  6.689440
3  780.000000    111.181000    960.000000    99.983000     1000.000000   109.284000    4.80481E-02  5.08714E-04  18.918600  8.955670
3  780.000000    111.181000    1000.000000   109.284000    1040.000000   125.393000    3.46113E-02  4.62210E-04  18.726600  30.518300
3  780.000000    111.181000    1040.000000   125.393000    1080.000000   127.088000    1.86324E-02  4.27450E-04  19.122100  50.529900
3  780.000000    111.181000    1080.000000   127.088000    1120.000000   112.650000    1.66060E-02  3.75691E-04  22.135700  50.470100
3  780.000000    111.181000    2240.000000   41.064000     2280.000000   42.996000     7.10916E-04  3.63036E-05  10.027700  123.457000
3  780.000000    111.181000    0.000000      85.461000     80.000000     95.232000     1.89427E-02  4.34568E-04  6.353930  50.529500
3  780.000000    111.181000    40.000000     89.773000     120.000000    103.752000    1.30673E-02  3.57719E-04  11.203200  61.446400
3  780.000000    111.181000    80.000000     95.232000     160.000000    106.465000    1.07921E-02  3.04895E-04  14.297400  68.357400
3  780.000000    111.181000    120.000000    103.752000    200.000000    103.693000    1.15300E-02  3.15636E-04  10.767400  61.446400
3  780.000000    111.181000    160.000000    106.465000    240.000000    107.318000    1.45480E-02  3.79467E-04  13.248000  58.038500
3  780.000000    111.181000    200.000000    103.693000    280.000000    107.758000    1.65917E-02  3.75366E-04  16.507900  50.469700
3  780.000000    111.181000    240.000000    107.318000    320.000000    109.059000    1.94794E-02  4.46881E-04  15.956700  50.529500
3  780.000000    111.181000    280.000000    107.758000    360.000000    107.422000    2.24497E-02  4.95276E-04  16.917200  45.474500
3  780.000000    111.181000    320.000000    109.059000    400.000000    112.646000    2.72990E-02  4.39402E-04  17.553400  36.345700
3  780.000000    111.181000    360.000000    107.422000    440.000000    114.190000    3.84932E-02  4.71103E-04  18.552000  24.290000
3  780.000000    111.181000    1120.000000   112.650000    1200.000000   112.156000    3.39530E-02  4.53442E-04  28.205900  30.519800
3  780.000000    111.181000    1160.000000   107.119000    1240.000000   121.717000    2.12405E-02  4.68616E-04  29.556600  45.475100
3  780.000000    111.181000    1200.000000   112.156000    1280.000000   118.242000    1.77786E-02  4.07868E-04  30.796500  50.530100
3  780.000000    111.181000    1240.000000   121.717000    1320.000000   121.622000    1.50617E-02  3.92872E-04  33.863500  58.039000
3  780.000000    111.181000    1280.000000   118.242000    1360.000000   139.168000    1.65005E-02  3.73334E-04  36.809400  50.470300
3  780.000000    111.181000    1320.000000   121.622000    1400.000000   152.179000    1.63509E-02  3.69942E-04  28.032200  50.470200
3  780.000000    111.181000    1360.000000   139.168000    1440.000000   160.534000    1.25877E-02  3.44606E-04  17.804900  61.446700
3  780.000000    111.181000    1400.000000   152.179000    1480.000000   164.497000    1.22399E-02  3.35086E-04  19.068000  61.446600
3  780.000000    111.181000    2200.000000   41.028000     2280.000000   42.996000     1.57838E-03  7.07539E-05  11.077600  81.785800
3  780.000000    111.181000    1440.000000   160.534000    1600.000000   139.326000    2.08288E-02  4.59537E-04  17.790900  45.474700
3  780.000000    111.181000    1480.000000   164.497000    1640.000000   117.482000    2.20027E-02  4.85437E-04  17.779000  45.474700
3  780.000000    111.181000    1520.000000   168.092000    1680.000000   108.805000    2.62949E-02  4.57771E-04  17.823900  37.103200
3  780.000000    111.181000    1560.000000   155.128000    1720.000000   105.823000    2.82529E-02  4.55002E-04  16.806100  36.346100
3  780.000000    111.181000    1600.000000   139.326000    1760.000000   106.406000    3.18304E-02  4.25381E-04  15.669900  30.517800
3  780.000000    111.181000    1640.000000   117.482000    1800.000000   92.674000     2.90293E-02  4.67566E-04  14.626600  36.346100
3  780.000000    111.181000    1680.000000   108.805000    1840.000000   86.557000     2.39130E-02  4.16144E-04  12.450900  37.103100
3  780.000000    111.181000    1720.000000   105.823000    1880.000000   78.369000     2.30622E-02  5.08837E-04  12.754900  45.474700
3  780.000000    111.181000    1760.000000   106.406000    1920.000000   69.798000     1.83351E-02  4.20638E-04  13.573900  50.529600
3  780.000000    111.181000    1800.000000   92.674000     1960.000000   70.212000     1.70521E-02  3.85787E-04  13.741200  50.469800
3  780.000000    111.181000    1840.000000   86.557000     2000.000000   66.527000     1.48092E-02  3.86280E-04  14.633800  58.038700
3  780.000000    111.181000    1880.000000   78.369000     2040.000000   61.428000     1.03889E-02  2.93504E-04  14.409800  68.357600
3  780.000000    111.181000    1920.000000   69.798000     2080.000000   55.293000     7.84794E-03  2.33107E-04  15.589400  70.743100
3  780.000000    111.181000    1960.000000   70.212000     2120.000000   43.879000     5.77053E-03  1.85055E-04  12.852600  73.446500
3  780.000000    111.181000    2000.000000   66.527000     2160.000000   41.041000     5.46950E-03  1.75396E-04  6.023240  73.446500
3  780.000000    111.181000    2040.000000   61.428000     2200.000000   41.028000     3.40698E-03  1.14991E-04  12.865200  74.187800
3  780.000000    111.181000    2080.000000   55.293000     2240.000000   41.064000     3.57037E-03  1.22572E-04  10.537700  74.193800
3  780.000000    111.181000    2120.000000   43.879000     2280.000000   42.996000     2.63175E-03  1.08206E-04  14.780000  81.698100
3  820.000000    111.774000    0.000000      85.461000     40.000000     89.773000     1.09817E-02  3.10691E-04  13.890400  68.360100
3  820.000000    111.774000    480.000000    115.862000    520.000000    117.315000    1.19110E-02  3.26065E-04  20.283300  61.446400
3  820.000000    111.774000    520.000000    117.315000    560.000000    107.062000    2.36311E-02  5.21340E-04  20.478900  45.474500
3  820.000000    111.774000    560.000000    107.062000    600.000000    109.602000    2.65536E-02  4.62027E-04  21.388700  37.102900
3  820.000000    111.774000    600.000000    109.602000    640.000000    94.241000     4.18473E-02  4.69573E-04  18.715400  15.460700
3  820.000000    111.774000    640.000000    94.241000     680.000000    91.001000     7.36578E-02  7.63375E-04  19.721300  6.686090
3  820.000000    111.774000    680.000000    91.001000     720.000000    99.688000     1.30690E-01  1.31823E-03  18.543900  4.013500
3  820.000000    111.774000    720.000000    99.688000     760.000000    109.364000    2.37345E-01  2.38245E-03  16.611700  2.635000
3  820.000000    111.774000    880.000000    97.963000     920.000000    98.528000     2.70631E-01  2.71987E-03  17.726000  2.635600
3  820.000000    111.774000    920.000000    98.528000     960.000000    99.983000     1.11226E-01  1.12850E-03  18.416300  4.537440
3  820.000000    111.774000    960.000000    99.983000     1000.000000   109.284000    6.88216E-02  7.15641E-04  18.496800  6.686390
3  820.000000    111.774000    1000.000000   109.284000    1040.000000   125.393000    4.67876E-02  5.26566E-04  18.526300  15.460900
3  820.000000    111.774000    1040.000000   125.393000    1080.000000   127.088000    2.42540E-02  4.22286E-04  19.559700  37.102900
3  820.000000    111.774000    1080.000000   127.088000    1120.000000   112.650000    2.08271E-02  4.59692E-04  22.896900  45.474500
3  820.000000    111.774000    1120.000000   112.650000    1160.000000   107.119000    2.76760E-02  4.45675E-04  29.038200  36.345800
3  820.000000    111.774000    2240.000000   41.064000     2280.000000   42.996000     7.51262E-04  3.83736E-05  50.949500  123.454000
3  820.000000    111.774000    0.000000      85.461000     80.000000     95.232000     1.77881E-02  4.02618E-04  15.586100  50.470000
3  820.000000    111.774000    40.000000     89.773000     120.000000    103.752000    1.22423E-02  3.35153E-04  19.973400  61.446400
3  820.000000    111.774000    120.000000    103.752000    200.000000    103.693000    1.07197E-02  3.02878E-04  17.312500  68.357400
3  820.000000    111.774000    160.000000    106.465000    240.000000    107.318000    1.34418E-02  3.50613E-04  17.937700  58.038500
3  820.000000    111.774000    200.000000    103.693000    280.000000    107.758000    1.52511E-02  3.97804E-04  20.421400  58.038500
3  820.000000    111.774000    240.000000    107.318000    320.000000    109.059000    1.78165E-02  4.03075E-04  19.050900  50.469700
3  820.000000    111.774000    280.000000    107.758000    360.000000    107.422000    2.03644E-02  4.67184E-04  19.171400  50.529500
3  820.000000    111.774000    320.000000    109.059000    400.000000    112.646000    2.44981E-02  4.26262E-04  18.920100  37.102900
3  820.000000    111.774000    360.000000    107.422000    440.000000    114.190000    3.41940E-02  4.56637E-04  19.614000  30.517400
3  820.000000    111.774000    400.000000    112.646000    480.000000    115.862000    3.86069E-02  4.72494E-04  19.575100  24.290000
3  820.000000    111.774000    1160.000000   107.119000    1240.000000   121.717000    2.51355E-02  4.40811E-04  32.212500  37.103000
3  820.000000    111.774000    1200.000000   112.156000    1280.000000   118.242000    2.05680E-02  4.71949E-04  33.796300  50.529600
3  820.000000    111.774000    1240.000000   121.717000    1320.000000   121.622000    1.71275E-02  3.87784E-04  36.714400  50.469800
3  820.000000    111.774000    1280.000000   118.242000    1360.000000   139.168000    1.84980E-02  4.25036E-04  40.770400  50.529600
3  820.000000    111.774000    1320.000000   121.622000    1400.000000   152.179000    1.81952E-02  4.18024E-04  34.264500  50.529700
3  820.000000    111.774000    1360.000000   139.168000    1440.000000   160.534000    1.39406E-02  3.63921E-04  26.221100  58.038600
3  820.000000    111.774000    1400.000000   152.179000    1480.000000   164.497000    1.34809E-02  3.51904E-04  27.898600  58.038600
3  820.000000    111.774000    1440.000000   160.534000    1520.000000   168.092000    1.29074E-02  3.53590E-04  27.551800  61.446500
3  820.000000    111.774000    2200.000000   41.028000     2280.000000   42.996000     1.67397E-03  8.44392E-05  51.496100  81.704700
3  820.000000    111.774000    0.000000      85.461000     160.000000    106.465000    2.78712E-02  4.48612E-04  18.217200  36.345800
3  820.000000    111.774000    1480.000000   164.497000    1640.000000   117.482000    2.39280E-02  5.28342E-04  28.755800  45.474600
3  820.000000    111.774000    1520.000000   168.092000    1680.000000   108.805000    2.84613E-02  4.59232E-04  30.070800  36.345800
3  820.000000    111.774000    1560.000000   155.128000    1720.000000   105.823000    3.05021E-02  4.92139E-04  30.109200  36.345800
3  820.000000    111.774000    1600.000000   139.326000    1760.000000   106.406000    3.42907E-02  4.59447E-04  29.964500  30.517500
3  820.000000    111.774000    1640.000000   117.482000    1800.000000   92.674000     3.12035E-02  5.03397E-04  29.850900  36.345800
3  820.000000    111.774000    1680.000000   108.805000    1840.000000   86.557000     2.56707E-02  4.47238E-04  28.679800  37.102900
3  820.000000    111.774000    1720.000000   105.823000    1880.000000   78.369000     2.47285E-02  4.30669E-04  29.817200  37.102900
3  820.000000    111.774000    1760.000000   106.406000    1920.000000   69.798000     1.96419E-02  4.50681E-04  31.809300  50.529500
3  820.000000    111.774000    1800.000000   92.674000     1960.000000   70.212000     1.82562E-02  4.18854E-04  33.175700  50.529500
3  820.000000    111.774000    1840.000000   86.557000     2000.000000   66.527000     1.58452E-02  3.58491E-04  35.042400  50.469700
3  820.000000    111.774000    1880.000000   78.369000     2040.000000   61.428000     1.11059E-02  3.13761E-04  35.928900  68.357400
3  820.000000    111.774000    1920.000000   69.798000     2080.000000   55.293000     8.38209E-03  2.48974E-04  37.643300  70.742800
3  820.000000    111.774000    1960.000000   70.212000     2120.000000   43.879000     6.15004E-03  1.96940E-04  39.554000  73.582300
3  820.000000    111.774000    2000.000000   66.527000     2160.000000   41.041000     5.82287E-03  1.86739E-04  37.806700  73.447000
3  820.000000    111.774000    2040.000000   61.428000     2200.000000   41.028000     3.63543E-03  1.22755E-04  50.340500  74.186100
3  820.000000    111.774000    2080.000000   55.293000     2240.000000   41.064000     3.80849E-03  1.28680E-04  50.525800  74.186300
3  820.000000    111.774000    2120.000000   43.879000     2280.000000   42.996000     2.80757E-03  1.11979E-04  57.380400  81.683000
3  860.000000    103.921000    0.000000      85.461000     40.000000     89.773000     1.03068E-02  2.91309E-04  -4.502940  68.374500
3  860.000000    103.921000    440.000000    114.190000    480.000000    115.862000    1.62113E-02  3.66760E-04  18.251900  50.469700
3  860.000000    103.921000    520.000000    117.315000    560.000000    107.062000    1.97774E-02  4.53717E-04  20.497900  50.529500
3  860.000000    103.921000    560.000000    107.062000    600.000000    109.602000    2.14604E-02  4.73451E-04  21.729300  45.474500
3  860.000000    103.921000    600.000000    109.602000    640.000000    94.241000     3.22211E-02  4.30287E-04  19.734800  30.517400
3  860.000000    103.921000    640.000000    94.241000     680.000000    91.001000     5.43109E-02  5.75017E-04  21.354900  8.952910
3  860.000000    103.921000    680.000000    91.001000     720.000000    99.688000     8.67337E-02  8.89697E-04  20.656700  6.162920
3  860.000000    103.921000    720.000000    99.688000     760.000000    109.364000    1.35843E-01  1.37021E-03  20.717300  4.013500
3  860.000000    103.921000    760.000000    109.364000    800.000000    112.086000    2.19156E-01  2.20215E-03  17.159100  3.023070
3  860.000000    103.921000    920.000000    98.528000     960.000000    99.983000     2.52378E-01  2.53335E-03  14.073700  2.635000
3  860.000000    103.921000    960.000000    99.983000     1000.000000   109.284000    1.28126E-01  1.29237E-03  15.172100  4.013500
3  860.000000    103.921000    1040.000000   125.393000    1080.000000   127.088000    3.55960E-02  4.36055E-04  17.177900  24.290200
3  860.000000    103.921000    1080.000000   127.088000    1120.000000   112.650000    2.91925E-02  4.70279E-04  21.470900  36.346000
3  860.000000    103.921000    1120.000000   112.650000    1160.000000   107.119000    3.66482E-02  4.49879E-04  27.794500  24.291300
3  860.000000    103.921000    1160.000000   107.119000    1200.000000   112.156000    1.74048E-02  3.94957E-04  30.551700  50.470000
3  860.000000    103.921000    2240.000000   41.064000     2280.000000   42.996000     7.76930E-04  3.96751E-05  5.872930  125.470000
3  860.000000    103.921000    0.000000      85.461000     80.000000     95.232000     1.66926E-02  3.77740E-04  -0.314248  50.469700
3  860.000000    103.921000    40.000000     89.773000     120.000000    103.752000    1.14549E-02  3.13594E-04  8.657680  61.446400
3  860.000000    103.921000    160.000000    106.465000    240.000000    107.318000    1.24231E-02  3.40116E-04  11.375700  61.446500
3  860.000000    103.921000    200.000000    103.693000    280.000000    107.758000    1.40156E-02  3.65607E-04  14.990800  58.038600
3  860.000000    103.921000    240.000000    107.318000    320.000000    109.059000    1.62601E-02  3.67865E-04  14.962500  50.469700
3  860.000000    103.921000    280.000000    107.758000    360.000000    107.422000    1.84527E-02  4.23327E-04  16.149100  50.529500
3  860.000000    103.921000    440.000000    114.190000    520.000000    117.315000    2.64334E-02  4.59936E-04  18.828900  37.102900
3  860.000000    103.921000    1200.000000   112.156000    1280.000000   118.242000    2.51190E-02  4.37447E-04  33.390400  37.103700
3  860.000000    103.921000    1240.000000   121.717000    1320.000000   121.622000    2.05263E-02  4.53323E-04  36.323500  45.475200
3  860.000000    103.921000    1280.000000   118.242000    1360.000000   139.168000    2.16950E-02  4.79470E-04  40.720300  45.478900
3  860.000000    103.921000    1320.000000   121.622000    1400.000000   152.179000    2.08722E-02  4.61148E-04  33.840300  45.477500
3  860.000000    103.921000    1360.000000   139.168000    1440.000000   160.534000    1.57211E-02  3.56012E-04  24.271100  50.469900
3  860.000000    103.921000    1400.000000   152.179000    1480.000000   164.497000    1.51268E-02  3.94831E-04  25.230400  58.038800
3  860.000000    103.921000    1440.000000   160.534000    1520.000000   168.092000    1.44454E-02  3.77047E-04  24.487100  58.038800
3  860.000000    103.921000    1480.000000   164.497000    1560.000000   155.128000    1.19293E-02  3.26703E-04  24.733500  61.446600
3  860.000000    103.921000    2200.000000   41.028000     2280.000000   42.996000     1.71780E-03  7.17944E-05  -12.331000  89.962000
3  860.000000    103.921000    0.000000      85.461000     160.000000    106.465000    2.60744E-02  4.53689E-04  4.367770  37.106300
3  860.000000    103.921000    40.000000     89.773000     200.000000    103.693000    2.14016E-02  4.72154E-04  8.965170  45.474600
3  860.000000    103.921000    1520.000000   168.092000    1680.000000   108.805000    3.14114E-02  4.20853E-04  24.098000  30.518000
3  860.000000    103.921000    1560.000000   155.128000    1720.000000   105.823000    3.35244E-02  4.49147E-04  23.048700  30.517900
3  860.000000    103.921000    1600.000000   139.326000    1760.000000   106.406000    3.75480E-02  4.61326E-04  21.823400  24.290600
3  860.000000    103.921000    1640.000000   117.482000    1800.000000   92.674000     3.40464E-02  4.56195E-04  20.664200  30.517800
3  860.000000    103.921000    1680.000000   108.805000    1840.000000   86.557000     2.78958E-02  4.49878E-04  18.157000  36.346000
3  860.000000    103.921000    1720.000000   105.823000    1880.000000   78.369000     2.68062E-02  4.32210E-04  18.367000  36.345900
3  860.000000    103.921000    1760.000000   106.406000    1920.000000   69.798000     2.12235E-02  4.68409E-04  19.063300  45.474600
3  860.000000    103.921000    1800.000000   92.674000     1960.000000   70.212000     1.96595E-02  4.51197E-04  19.105900  50.529600
3  860.000000    103.921000    1840.000000   86.557000     2000.000000   66.527000     1.70250E-02  3.85380E-04  19.994600  50.469800
3  860.000000    103.921000    1880.000000   78.369000     2040.000000   61.428000     1.18961E-02  3.25821E-04  19.566400  61.446500
3  860.000000    103.921000    1920.000000   69.798000     2080.000000   55.293000     8.97794E-03  2.66790E-04  20.878500  70.742800
3  860.000000    103.921000    1960.000000   70.212000     2120.000000   43.879000     6.55181E-03  2.09943E-04  17.747500  73.582500
3  860.000000    103.921000    2000.000000   66.527000     2160.000000   41.041000     6.16255E-03  1.97310E-04  10.545100  73.583500
3  860.000000    103.921000    2040.000000   61.428000     2200.000000   41.028000     3.79749E-03  1.28177E-04  8.944810  74.190700
3  860.000000    103.921000    2080.000000   55.293000     2240.000000   41.064000     3.94011E-03  1.33077E-04  -3.889800  74.186900
3  860.000000    103.921000    2120.000000   43.879000     2280.000000   42.996000     2.87049E-03  1.14575E-04  -8.291950  74.217400
3  900.000000    97.405000     0.000000      85.461000     40.000000     89.773000     9.52768E-03  2.69173E-04  5.111500  68.357400
3  900.000000    97.405000     400.000000    112.646000    440.000000    114.190000    2.60245E-02  4.52821E-04  20.493100  37.102900
3  900.000000    97.405000     560.000000    107.062000    600.000000    109.602000    1.66134E-02  3.75857E-04  23.432600  50.469700
3  900.000000    97.405000     600.000000    109.602000    640.000000    94.241000     2.42701E-02  4.22295E-04  21.471900  37.102900
3  900.000000    97.405000     640.000000    94.241000     680.000000    91.001000     3.72967E-02  4.56459E-04  23.290800  24.290000
3  900.000000    97.405000     680.000000    91.001000     720.000000    99.688000     5.67600E-02  5.98494E-04  21.602000  8.038320
3  900.000000    97.405000     720.000000    99.688000     760.000000    109.364000    7.55221E-02  7.74691E-04  23.006800  6.162920
3  900.000000    97.405000     760.000000    109.364000    800.000000    112.086000    1.03990E-01  1.05191E-03  20.446500  4.536810
3  900.000000    97.405000     800.000000    112.086000    840.000000    110.374000    2.11231E-01  2.12251E-03  15.305100  3.023100
3  900.000000    97.405000     960.000000    99.983000     1000.000000   109.284000    3.71570E-01  3.72662E-03  12.277700  2.156260
3  900.000000    97.405000     1000.000000   109.284000    1040.000000   125.393000    1.61354E-01  1.62403E-03  13.043100  3.534080
3  900.000000    97.405000     1080.000000   127.088000    1120.000000   112.650000    4.96006E-02  5.25161E-04  19.650100  8.952970
3  900.000000    97.405000     1120.000000   112.650000    1160.000000   107.119000    5.84397E-02  6.16276E-04  25.020400  8.038390
3  900.000000    97.405000     1160.000000   107.119000    1200.000000   112.156000    2.61930E-02  4.55766E-04  29.194000  37.434900
3  900.000000    97.405000     1200.000000   112.156000    1240.000000   121.717000    1.97036E-02  4.52032E-04  31.542200  50.529500
3  900.000000    97.405000     2240.000000   41.064000     2280.000000   42.996000     8.50730E-04  4.35369E-05  9.930030  123.454000
3  900.000000    97.405000     0.000000      85.461000     80.000000     95.232000     1.53936E-02  4.01522E-04  6.996460  58.038500
3  900.000000    97.405000     40.000000     89.773000     120.000000    103.752000    1.05218E-02  2.97259E-04  12.222100  68.357400
3  900.000000    97.405000     200.000000    103.693000    280.000000    107.758000    1.24981E-02  3.42137E-04  18.116300  61.446400
3  900.000000    97.405000     240.000000    107.318000    320.000000    109.059000    1.44652E-02  3.77304E-04  18.270300  58.038500
3  900.000000    97.405000     280.000000    107.758000    360.000000    107.422000    1.62042E-02  3.66599E-04  18.883300  50.469700
3  900.000000    97.405000     400.000000    112.646000    480.000000    115.862000    3.96077E-02  4.84743E-04  20.514200  24.290000
3  900.000000    97.405000     440.000000    114.190000    520.000000    117.315000    2.20990E-02  4.87539E-04  20.995600  45.474500
3  900.000000    97.405000     480.000000    115.862000    560.000000    107.062000    2.43318E-02  4.23368E-04  22.162000  37.102900
3  900.000000    97.405000     1240.000000   121.717000    1320.000000   121.622000    2.60122E-02  4.52620E-04  33.752300  37.102900
3  900.000000    97.405000     1280.000000   118.242000    1360.000000   139.168000    2.63035E-02  4.57702E-04  36.765700  37.103000
3  900.000000    97.405000     1320.000000   121.622000    1400.000000   152.179000    2.49809E-02  4.34683E-04  29.979200  37.102900
3  900.000000    97.405000     1360.000000   139.168000    1440.000000   160.534000    1.87309E-02  4.29717E-04  21.353200  50.529500
3  900.000000    97.405000     1400.000000   152.179000    1480.000000   164.497000    1.77134E-02  4.00750E-04  22.071000  50.469700
3  900.000000    97.405000     1440.000000   160.534000    1520.000000   168.092000    1.66845E-02  3.77472E-04  21.120000  50.469700
3  900.000000    97.405000     1480.000000   164.497000    1560.000000   155.128000    1.35677E-02  3.53899E-04  21.351400  58.038500
3  900.000000    97.405000     1520.000000   168.092000    1600.000000   139.326000    1.22999E-02  3.36713E-04  19.570700  61.446400
3  900.000000    97.405000     2200.000000   41.028000     2280.000000   42.996000     1.89491E-03  7.82232E-05  9.462290  81.680500
3  900.000000    97.405000     0.000000      85.461000     160.000000    106.465000    2.40065E-02  4.17708E-04  10.116500  37.102900
3  900.000000    97.405000     40.000000     89.773000     200.000000    103.693000    1.95554E-02  4.48624E-04  11.979800  50.529500
3  900.000000    97.405000     80.000000     95.232000     240.000000    107.318000    1.97647E-02  4.53426E-04  14.934500  50.529500
3  900.000000    97.405000     1560.000000   155.128000    1720.000000   105.823000    3.69994E-02  4.52854E-04  19.734400  24.290100
3  900.000000    97.405000     1600.000000   139.326000    1760.000000   106.406000    4.12804E-02  4.63253E-04  18.853000  15.460800
3  900.000000    97.405000     1640.000000   117.482000    1800.000000   92.674000     3.72710E-02  4.56178E-04  17.970900  24.290100
3  900.000000    97.405000     1680.000000   108.805000    1840.000000   86.557000     3.05250E-02  4.91346E-04  16.056100  36.345800
3  900.000000    97.405000     1720.000000   105.823000    1880.000000   78.369000     2.92920E-02  4.71499E-04  16.525300  36.345800
3  900.000000    97.405000     1760.000000   106.406000    1920.000000   69.798000     2.31974E-02  5.11776E-04  17.583700  45.474500
3  900.000000    97.405000     1800.000000   92.674000     1960.000000   70.212000     2.15171E-02  4.74708E-04  18.045400  45.474500
3  900.000000    97.405000     1840.000000   86.557000     2000.000000   66.527000     1.86361E-02  4.27538E-04  19.174000  50.529500
3  900.000000    97.405000     1880.000000   78.369000     2040.000000   61.428000     1.30235E-02  3.56522E-04  19.173700  61.446400
3  900.000000    97.405000     1920.000000   69.798000     2080.000000   55.293000     9.79957E-03  2.76855E-04  20.559300  68.357400
3  900.000000    97.405000     1960.000000   70.212000     2120.000000   43.879000     7.12631E-03  2.28143E-04  19.043900  73.582300
3  900.000000    97.405000     2000.000000   66.527000     2160.000000   41.041000     6.69163E-03  2.14591E-04  14.021200  73.582300
3  900.000000    97.405000     2040.000000   61.428000     2200.000000   41.028000     4.17461E-03  1.40919E-04  20.156300  74.186300
3  900.000000    97.405000     2080.000000   55.293000     2240.000000   41.064000     4.35243E-03  1.47384E-04  15.481400  74.186700
3  900.000000    97.405000     2120.000000   43.879000     2280.000000   42.996000     3.20342E-03  1.10520E-04  16.137400  74.186200
3  940.000000    100.145000    0.000000      85.461000     40.000000     89.773000     8.99468E-03  2.67168E-04  23.636300  71.658700
3  940.000000    100.145000    600.000000    109.602000    640.000000    94.241000     1.95822E-02  4.49239E-04  22.025200  50.529500
3  940.000000    100.145000    640.000000    94.241000     680.000000    91.001000     2.90776E-02  4.68030E-04  24.229600  36.345700
3  940.000000    100.145000    680.000000    91.001000     720.000000    99.688000     4.21563E-02  4.73040E-04  20.911400  15.460700
3  940.000000    100.145000    720.000000    99.688000     760.000000    109.364000    5.10402E-02  5.60717E-04  23.632900  9.122670
3  940.000000    100.145000    760.000000    109.364000    800.000000    112.086000    6.59379E-02  6.83367E-04  21.882900  6.730180
3  940.000000    100.145000    800.000000    112.086000    840.000000    110.374000    1.14712E-01  1.16508E-03  18.128300  4.546950
3  940.000000    100.145000    840.000000    110.374000    880.000000    97.963000     3.38602E-01  3.39597E-03  12.592400  2.156280
3  940.000000    100.145000    1000.000000   109.284000    1040.000000   125.393000    3.29556E-01  3.30535E-03  10.199400  2.157000
3  940.000000    100.145000    1040.000000   125.393000    1080.000000   127.088000    1.19152E-01  1.20531E-03  10.623500  4.537210
3  940.000000    100.145000    1080.000000   127.088000    1120.000000   112.650000    8.18905E-02  8.40041E-04  17.752900  6.163190
3  940.000000    100.145000    1120.000000   112.650000    1160.000000   107.119000    8.86208E-02  9.02718E-04  22.936400  5.510800
3  940.000000    100.145000    1160.000000   107.119000    1200.000000   112.156000    3.65491E-02  9.46677E-04  28.150000  33.592600
3  940.000000    100.145000    1200.000000   112.156000    1240.000000   121.717000    2.65391E-02  4.61780E-04  31.520300  37.102900
3  940.000000    100.145000    1240.000000   121.717000    1280.000000   118.242000    1.84308E-02  4.22828E-04  31.735800  50.529500
3  940.000000    100.145000    2240.000000   41.064000     2280.000000   42.996000     9.08501E-04  4.63935E-05  26.766100  123.454000
3  940.000000    100.145000    0.000000      85.461000     80.000000     95.232000     1.45219E-02  3.78783E-04  18.296300  58.180900
3  940.000000    100.145000    40.000000     89.773000     120.000000    103.752000    9.87562E-03  2.79003E-04  11.518000  68.357400
3  940.000000    100.145000    240.000000    107.318000    320.000000    109.059000    1.32372E-02  3.62370E-04  19.537200  61.446400
3  940.000000    100.145000    280.000000    107.758000    360.000000    107.422000    1.47622E-02  3.85051E-04  20.598600  58.038500
3  940.000000    100.145000    320.000000    109.059000    400.000000    112.646000    4.23061E-02  4.76963E-04  21.050800  15.500100
3  940.000000    100.145000    360.000000    107.422000    440.000000    114.190000    2.28972E-02  5.05149E-04  21.247400  45.474500
3  940.000000    100.145000    400.000000    112.646000    480.000000    115.862000    2.33557E-05  1.19268E-06  19.701300  123.454000
3  940.000000    100.145000    440.000000    114.190000    520.000000    117.315000    1.94404E-02  4.45986E-04  21.335600  50.529500
3  940.000000    100.145000    480.000000    115.862000    560.000000    107.062000    2.09558E-02  4.62318E-04  22.746600  45.474500
3  940.000000    100.145000    520.000000    117.315000    600.000000    109.602000    2.73683E-02  4.40517E-04  23.454900  36.345700
3  940.000000    100.145000    1280.000000   118.242000    1360.000000   139.168000    3.25293E-02  4.34435E-04  37.510500  30.517500
3  940.000000    100.145000    1320.000000   121.622000    1400.000000   152.179000    2.99115E-02  4.81479E-04  31.616400  36.345800
3  940.000000    100.145000    1360.000000   139.168000    1440.000000   160.534000    2.19134E-02  4.83451E-04  23.500400  45.474500
3  940.000000    100.145000    1400.000000   152.179000    1480.000000   164.497000    2.05231E-02  4.70831E-04  24.583900  50.529500
3  940.000000    100.145000    1440.000000   160.534000    1520.000000   168.092000    1.92066E-02  4.40628E-04  23.656000  50.529500
3  940.000000    100.145000    1480.000000   164.497000    1560.000000   155.128000    1.54934E-02  3.50521E-04  23.912200  50.469700
3  940.000000    100.145000    1520.000000   168.092000    1600.000000   139.326000    1.39279E-02  3.63293E-04  22.444600  58.038500
3  940.000000    100.145000    1560.000000   155.128000    1640.000000   117.482000    1.83059E-02  4.19965E-04  22.831800  50.529500
3  940.000000    100.145000    2200.000000   41.028000     2280.000000   42.996000     2.02577E-03  8.08896E-05  27.385000  81.683800
3  940.000000    100.145000    0.000000      85.461000     160.000000    106.465000    2.25533E-02  4.97562E-04  17.139900  45.475800
3  940.000000    100.145000    40.000000     89.773000     200.000000    103.693000    1.82830E-02  4.19434E-04  12.637600  50.538100
3  940.000000    100.145000    80.000000     95.232000     240.000000    107.318000    1.83608E-02  4.27103E-04  16.397500  50.559500
3  940.000000    100.145000    120.000000    103.752000    280.000000    107.758000    1.99171E-02  4.58004E-04  17.629900  50.578200
3  940.000000    100.145000    1600.000000   139.326000    1760.000000   106.406000    4.59089E-02  5.15171E-04  22.524200  15.460800
3  940.000000    100.145000    1640.000000   117.482000    1800.000000   92.674000     4.12654E-02  4.63064E-04  21.896700  15.460800
3  940.000000    100.145000    1680.000000   108.805000    1840.000000   86.557000     3.36754E-02  4.49718E-04  20.303100  30.517400
3  940.000000    100.145000    1720.000000   105.823000    1880.000000   78.369000     3.22331E-02  4.30454E-04  20.978400  30.517400
3  940.000000    100.145000    1760.000000   106.406000    1920.000000   69.798000     2.54633E-02  4.43059E-04  22.375300  37.102900
3  940.000000    100.145000    1800.000000   92.674000     1960.000000   70.212000     2.35566E-02  4.09880E-04  23.191700  37.102900
3  940.000000    100.145000    1840.000000   86.557000     2000.000000   66.527000     2.03681E-02  4.67269E-04  24.607700  50.529500
3  940.000000    100.145000    1880.000000   78.369000     2040.000000   61.428000     1.42028E-02  3.70460E-04  24.959100  58.038500
3  940.000000    100.145000    1920.000000   69.798000     2080.000000   55.293000     1.06787E-02  3.01691E-04  26.461700  68.357400
3  940.000000    100.145000    1960.000000   70.212000     2120.000000   43.879000     7.72021E-03  2.29313E-04  26.529700  70.742800
3  940.000000    100.145000    2000.000000   66.527000     2160.000000   41.041000     7.18586E-03  2.30048E-04  22.817000  73.582300
3  940.000000    100.145000    2040.000000   61.428000     2200.000000   41.028000     4.46626E-03  1.43222E-04  30.169900  73.446300
3  940.000000    100.145000    2080.000000   55.293000     2240.000000   41.064000     4.64573E-03  1.48977E-04  28.084200  73.446400
3  940.000000    100.145000    2120.000000   43.879000     2280.000000   42.996000     3.41681E-03  1.15402E-04  30.953900  74.187800
3  980.000000    106.286000    0.000000      85.461000     40.000000     89.773000     8.37559E-03  2.48779E-04  11.634600  70.742800
3  980.000000    106.286000    640.000000    94.241000     680.000000    91.001000     2.18284E-02  4.81569E-04  25.877000  45.474500
3  980.000000    106.286000    680.000000    91.001000     720.000000    99.688000     2.80949E-02  4.52213E-04  23.035200  36.345700
3  980.000000    106.286000    720.000000    99.688000     760.000000    109.364000    3.27481E-02  4.37325E-04  25.225500  30.517400
3  980.000000    106.286000    760.000000    109.364000    800.000000    112.086000    3.95475E-02  4.84006E-04  24.623700  24.290000
3  980.000000    106.286000    800.000000    112.086000    840.000000    110.374000    5.66113E-02  5.96927E-04  21.182600  8.038320
3  980.000000    106.286000    840.000000    110.374000    880.000000    97.963000     1.29423E-01  1.30545E-03  16.213800  4.013510
3  980.000000    106.286000    880.000000    97.963000     920.000000    98.528000     3.34716E-01  3.35700E-03  13.787000  2.156270
3  980.000000    106.286000    1040.000000   125.393000    1080.000000   127.088000    3.58114E-01  3.59192E-03  6.518230  2.156740
3  980.000000    106.286000    1080.000000   127.088000    1120.000000   112.650000    2.00315E-01  2.01303E-03  12.885000  3.023340
3  980.000000    106.286000    1120.000000   112.650000    1160.000000   107.119000    1.79590E-01  1.80786E-03  18.389100  3.534270
3  980.000000    106.286000    1160.000000   107.119000    1200.000000   112.156000    6.69231E-02  1.29287E-03  24.316400  6.686140
3  980.000000    106.286000    1200.000000   112.156000    1240.000000   121.717000    4.47204E-02  5.01843E-04  27.823400  15.460800
3  980.000000    106.286000    1240.000000   121.717000    1280.000000   118.242000    2.92423E-02  4.70705E-04  28.439800  36.345700
3  980.000000    106.286000    1280.000000   118.242000    1320.000000   121.622000    2.29373E-02  5.06050E-04  34.090700  45.474500
3  980.000000    106.286000    2240.000000   41.064000     2280.000000   42.996000     1.00808E-03  5.14787E-05  24.957800  123.454000
3  980.000000    106.286000    0.000000      85.461000     80.000000     95.232000     1.34829E-02  3.51683E-04  13.294000  58.038500
3  980.000000    106.286000    40.000000     89.773000     120.000000    103.752000    9.06304E-03  2.69199E-04  17.791700  70.742800
3  980.000000    106.286000    280.000000    107.758000    360.000000    107.422000    1.30170E-02  3.56342E-04  21.208800  61.446400
3  980.000000    106.286000    320.000000    109.059000    400.000000    112.646000    3.70977E-02  4.55808E-04  21.938200  24.314200
3  980.000000    106.286000    360.000000    107.422000    440.000000    114.190000    2.02233E-02  4.63947E-04  22.106000  50.529500
3  980.000000    106.286000    400.000000    112.646000    480.000000    115.862000    2.00907E-05  1.02595E-06  20.979900  123.454000
3  980.000000    106.286000    440.000000    114.190000    520.000000    117.315000    1.65000E-02  3.73291E-04  22.289500  50.469700
3  980.000000    106.286000    480.000000    115.862000    560.000000    107.062000    1.73162E-02  3.91757E-04  23.887100  50.469700
3  980.000000    106.286000    520.000000    117.315000    600.000000    109.602000    2.21839E-02  4.89412E-04  24.724800  45.474500
3  980.000000    106.286000    560.000000    107.062000    640.000000    94.241000     2.56814E-02  4.46851E-04  24.266500  37.102900
3  980.000000    106.286000    1320.000000   121.622000    1400.000000   152.179000    4.10246E-02  4.60411E-04  30.847300  15.460800
3  980.000000    106.286000    1360.000000   139.168000    1440.000000   160.534000    2.83570E-02  4.56451E-04  22.648200  36.345700
3  980.000000    106.286000    1400.000000   152.179000    1480.000000   164.497000    2.61978E-02  4.55855E-04  23.343200  37.102900
3  980.000000    106.286000    1440.000000   160.534000    1520.000000   168.092000    2.44061E-02  4.24678E-04  22.249300  37.102900
3  980.000000    106.286000    1480.000000   164.497000    1560.000000   155.128000    1.95638E-02  4.48823E-04  22.429500  50.529500
3  980.000000    106.286000    1520.000000   168.092000    1600.000000   139.326000    1.73674E-02  3.92920E-04  21.094400  50.469700
3  980.000000    106.286000    1560.000000   155.128000    1640.000000   117.482000    2.26625E-02  4.99985E-04  21.331500  45.474500
3  980.000000    106.286000    1600.000000   139.326000    1680.000000   108.805000    3.10742E-02  4.15021E-04  22.902100  30.517400
3  980.000000    106.286000    2200.000000   41.028000     2280.000000   42.996000     2.25057E-03  8.99751E-05  25.029300  81.682500
3  980.000000    106.286000    0.000000      85.461000     160.000000    106.465000    2.07395E-02  4.75789E-04  15.902600  50.529500
3  980.000000    106.286000    40.000000     89.773000     200.000000    103.693000    1.66535E-02  3.76769E-04  17.019300  50.469700
3  980.000000    106.286000    80.000000     95.232000     240.000000    107.318000    1.66071E-02  3.75717E-04  18.956300  50.469700
3  980.000000    106.286000    120.000000    103.752000    280.000000    107.758000    1.79379E-02  4.05822E-04  18.761300  50.469700
3  980.000000    106.286000    160.000000    106.465000    320.000000    109.059000    2.10811E-02  4.65083E-04  18.908800  45.474500
3  980.000000    106.286000    1640.000000   117.482000    1800.000000   92.674000     4.98488E-02  5.27829E-04  20.466300  8.952950
3  980.000000    106.286000    1680.000000   108.805000    1840.000000   86.557000     4.02979E-02  4.93218E-04  18.871900  24.290000
3  980.000000    106.286000    1720.000000   105.823000    1880.000000   78.369000     3.83892E-02  4.69853E-04  19.573800  24.290000
3  980.000000    106.286000    1760.000000   106.406000    1920.000000   69.798000     3.01130E-02  4.84702E-04  21.018600  36.345700
3  980.000000    106.286000    1800.000000   92.674000     1960.000000   70.212000     2.76294E-02  4.44726E-04  21.865700  36.345700
3  980.000000    106.286000    1840.000000   86.557000     2000.000000   66.527000     2.37740E-02  4.13668E-04  23.310100  37.102900
3  980.000000    106.286000    1880.000000   78.369000     2040.000000   61.428000     1.64707E-02  3.72630E-04  23.715000  50.469700
3  980.000000    106.286000    1920.000000   69.798000     2080.000000   55.293000     1.24007E-02  3.39470E-04  25.125600  61.446400
3  980.000000    106.286000    1960.000000   70.212000     2120.000000   43.879000     8.83351E-03  2.62383E-04  24.579000  70.742800
3  980.000000    106.286000    2000.000000   66.527000     2160.000000   41.041000     8.07442E-03  2.39834E-04  20.243400  70.742800
3  980.000000    106.286000    2040.000000   61.428000     2200.000000   41.028000     4.95048E-03  1.58750E-04  25.974800  73.446400
3  980.000000    106.286000    2080.000000   55.293000     2240.000000   41.064000     5.11805E-03  1.64134E-04  23.730100  73.446500
3  980.000000    106.286000    2120.000000   43.879000     2280.000000   42.996000     3.76675E-03  1.27136E-04  26.854800  74.189500
3  1020.000000   115.870000    0.000000      85.461000     40.000000     89.773000     8.03931E-03  2.43352E-04  24.852400  70.746700
3  1020.000000   115.870000    680.000000    91.001000     720.000000    99.688000     2.29402E-02  5.06098E-04  26.122600  45.474500
3  1020.000000   115.870000    720.000000    99.688000     760.000000    109.364000    2.71050E-02  4.36279E-04  28.508100  36.345700
3  1020.000000   115.870000    760.000000    109.364000    800.000000    112.086000    3.16905E-02  4.23201E-04  28.135300  30.517400
3  1020.000000   115.870000    800.000000    112.086000    840.000000    110.374000    4.16953E-02  4.67867E-04  23.029500  15.460700
3  1020.000000   115.870000    840.000000    110.374000    880.000000    97.963000     8.86941E-02  9.03420E-04  19.020700  5.510560
3  1020.000000   115.870000    880.000000    97.963000     920.000000    98.528000     2.02660E-01  2.03639E-03  16.747100  3.023090
3  1020.000000   115.870000    920.000000    98.528000     960.000000    99.983000     3.86153E-01  3.87288E-03  10.303700  2.156300
3  1020.000000   115.870000    1080.000000   127.088000    1120.000000   112.650000    3.87488E-01  3.89042E-03  11.520300  2.157040
3  1020.000000   115.870000    1120.000000   112.650000    1160.000000   107.119000    2.92557E-01  2.93830E-03  17.797000  2.635690
3  1020.000000   115.870000    1160.000000   107.119000    1200.000000   112.156000    1.00716E-01  2.24007E-03  24.196900  5.510690
3  1020.000000   115.870000    1200.000000   112.156000    1240.000000   121.717000    6.40942E-02  6.64817E-04  27.579900  6.686220
3  1020.000000   115.870000    1240.000000   121.717000    1280.000000   118.242000    3.95338E-02  4.84352E-04  27.782400  24.290000
3  1020.000000   115.870000    1280.000000   118.242000    1320.000000   121.622000    3.00674E-02  4.84356E-04  33.624700  36.345700
3  1020.000000   115.870000    1320.000000   121.622000    1360.000000   139.168000    3.11799E-02  4.18073E-04  36.709200  30.517400
3  1020.000000   115.870000    0.000000      85.461000     80.000000     95.232000     1.29255E-02  3.54415E-04  27.803400  61.446900
3  1020.000000   115.870000    40.000000     89.773000     120.000000    103.752000    8.64051E-03  2.56648E-04  32.554300  70.742800
3  1020.000000   115.870000    320.000000    109.059000    400.000000    112.646000    3.43014E-02  4.59560E-04  25.027100  30.537900
3  1020.000000   115.870000    360.000000    107.422000    440.000000    114.190000    1.87008E-02  4.29019E-04  25.174700  50.529500
3  1020.000000   115.870000    400.000000    112.646000    480.000000    115.862000    1.84870E-05  9.44057E-07  22.672800  123.454000
3  1020.000000   115.870000    440.000000    114.190000    520.000000    117.315000    1.51004E-02  3.93873E-04  24.721800  58.038500
3  1020.000000   115.870000    480.000000    115.862000    560.000000    107.062000    1.56628E-02  3.54350E-04  25.894800  50.469700
3  1020.000000   115.870000    520.000000    117.315000    600.000000    109.602000    1.98984E-02  4.56493E-04  26.485500  50.529500
3  1020.000000   115.870000    560.000000    107.062000    640.000000    94.241000     2.25769E-02  4.98083E-04  26.161100  45.474500
3  1020.000000   115.870000    600.000000    109.602000    680.000000    91.001000     3.16550E-02  4.22727E-04  26.689800  30.517400
3  1020.000000   115.870000    1360.000000   139.168000    1440.000000   160.534000    3.37224E-02  4.50514E-04  22.225800  30.517400
3  1020.000000   115.870000    1400.000000   152.179000    1480.000000   164.497000    3.08047E-02  4.95977E-04  23.299500  36.345700
3  1020.000000   115.870000    1440.000000   160.534000    1520.000000   168.092000    2.85025E-02  4.58896E-04  21.999200  36.345700
3  1020.000000   115.870000    1480.000000   164.497000    1560.000000   155.128000    2.26541E-02  4.99822E-04  21.897700  45.474500
3  1020.000000   115.870000    1520.000000   168.092000    1600.000000   139.326000    1.99059E-02  4.56683E-04  20.430400  50.529500
3  1020.000000   115.870000    1560.000000   155.128000    1640.000000   117.482000    2.57870E-02  4.48740E-04  20.472400  37.102900
3  1020.000000   115.870000    1600.000000   139.326000    1680.000000   108.805000    3.51541E-02  4.69479E-04  20.835000  30.517800
3  1020.000000   115.870000    1640.000000   117.482000    1720.000000   105.823000    3.14510E-02  4.20031E-04  19.867900  30.518200
3  1020.000000   115.870000    2200.000000   41.028000     2280.000000   42.996000     2.39306E-03  1.50265E-04  35.269400  81.712300
3  1020.000000   115.870000    0.000000      85.461000     160.000000    106.465000    1.97963E-02  4.54416E-04  29.958500  50.529500
3  1020.000000   115.870000    40.000000     89.773000     200.000000    103.693000    1.58136E-02  3.57764E-04  30.006000  50.469700
3  1020.000000   115.870000    80.000000     95.232000     240.000000    107.318000    1.56950E-02  3.55157E-04  29.068100  50.469700
3  1020.000000   115.870000    120.000000    103.752000    280.000000    107.758000    1.69024E-02  3.82469E-04  27.185200  50.469700
3  1020.000000   115.870000    160.000000    106.465000    320.000000    109.059000    1.97884E-02  4.54041E-04  25.563500  50.529500
3  1020.000000   115.870000    200.000000    103.693000    360.000000    107.422000    2.18591E-02  4.82247E-04  26.655600  45.474500
3  1020.000000   115.870000    1680.000000   108.805000    1840.000000   86.557000     4.48353E-02  5.03137E-04  18.243400  15.460700
3  1020.000000   115.870000    1720.000000   105.823000    1880.000000   78.369000     4.25948E-02  4.78037E-04  19.031100  15.460800
3  1020.000000   115.870000    1760.000000   106.406000    1920.000000   69.798000     3.32952E-02  4.44654E-04  20.648700  30.517400
3  1020.000000   115.870000    1800.000000   92.674000     1960.000000   70.212000     3.04349E-02  4.89904E-04  21.711900  36.345700
3  1020.000000   115.870000    1840.000000   86.557000     2000.000000   66.527000     2.61259E-02  4.54619E-04  23.302400  37.102900
3  1020.000000   115.870000    1880.000000   78.369000     2040.000000   61.428000     1.80413E-02  4.13920E-04  23.904600  50.529500
3  1020.000000   115.870000    1920.000000   69.798000     2080.000000   55.293000     1.35841E-02  3.54341E-04  25.351000  58.038500
3  1020.000000   115.870000    1960.000000   70.212000     2120.000000   43.879000     9.60058E-03  2.71243E-04  26.679500  68.357600
3  1020.000000   115.870000    2000.000000   66.527000     2160.000000   41.041000     8.69117E-03  2.58184E-04  25.336800  70.747800
3  1020.000000   115.870000    2040.000000   61.428000     2200.000000   41.028000     5.30828E-03  1.70306E-04  32.924500  73.457600
3  1020.000000   115.870000    2080.000000   55.293000     2240.000000   41.064000     5.46373E-03  1.88059E-04  32.403100  73.451300
3  1020.000000   115.870000    2120.000000   43.879000     2280.000000   42.996000     4.01627E-03  2.02873E-04  37.284500  74.285600
3  1060.000000   129.120000    0.000000      85.461000     40.000000     89.773000     7.68655E-03  2.46078E-04  12.182100  73.582300
3  1060.000000   129.120000    720.000000    99.688000     760.000000    109.364000    2.28442E-02  5.03980E-04  29.918500  45.474500
3  1060.000000   129.120000    760.000000    109.364000    800.000000    112.086000    2.59227E-02  4.51050E-04  29.238400  37.102900
3  1060.000000   129.120000    800.000000    112.086000    840.000000    110.374000    3.22929E-02  4.31249E-04  25.125000  30.517400
3  1060.000000   129.120000    840.000000    110.374000    880.000000    97.963000     6.40434E-02  6.63739E-04  22.057900  6.686110
3  1060.000000   129.120000    880.000000    97.963000     920.000000    98.528000     1.33988E-01  1.35150E-03  20.212500  4.013550
3  1060.000000   129.120000    920.000000    98.528000     960.000000    99.983000     2.21020E-01  2.22088E-03  13.776600  3.023070
3  1060.000000   129.120000    960.000000    99.983000     1000.000000   109.284000    5.02852E-01  5.03747E-03  12.471500  1.753530
3  1060.000000   129.120000    1120.000000   112.650000    1160.000000   107.119000    4.78886E-01  4.79801E-03  17.628900  1.753480
3  1060.000000   129.120000    1160.000000   107.119000    1200.000000   112.156000    1.48545E-01  1.49864E-03  24.798000  27.554800
3  1060.000000   129.120000    1200.000000   112.156000    1240.000000   121.717000    8.76820E-02  8.93304E-04  27.982600  5.510650
3  1060.000000   129.120000    1240.000000   121.717000    1280.000000   118.242000    5.17791E-02  5.48289E-04  27.804200  8.952980
3  1060.000000   129.120000    1280.000000   118.242000    1320.000000   121.622000    3.80710E-02  4.65974E-04  34.180900  24.290000
3  1060.000000   129.120000    1320.000000   121.622000    1360.000000   139.168000    3.78431E-02  4.63192E-04  37.457900  24.290000
3  1060.000000   129.120000    1360.000000   139.168000    1400.000000   152.179000    2.24929E-02  4.96241E-04  21.339800  45.474500
3  1060.000000   129.120000    2240.000000   41.064000     2280.000000   42.996000     1.11961E-03  6.61986E-05  37.571700  123.692000
3  1060.000000   129.120000    0.000000      85.461000     80.000000     95.232000     1.23548E-02  3.38215E-04  13.931500  61.446400
3  1060.000000   129.120000    40.000000     89.773000     120.000000    103.752000    8.23928E-03  2.44731E-04  18.824800  70.742800
3  1060.000000   129.120000    360.000000    107.422000    440.000000    114.190000    1.75080E-02  3.96351E-04  21.123800  50.471200
3  1060.000000   129.120000    400.000000    112.646000    480.000000    115.862000    1.72200E-05  8.79357E-07  20.972000  123.454000
3  1060.000000   129.120000    440.000000    114.190000    520.000000    117.315000    1.40149E-02  3.65559E-04  22.092800  58.038500
3  1060.000000   129.120000    480.000000    115.862000    560.000000    107.062000    1.43967E-02  3.75519E-04  24.067500  58.038500
3  1060.000000   129.120000    520.000000    117.315000    600.000000    109.602000    1.81656E-02  4.16741E-04  25.044600  50.529500
3  1060.000000   129.120000    560.000000    107.062000    640.000000    94.241000     2.02731E-02  4.65089E-04  25.266000  50.529500
3  1060.000000   129.120000    600.000000    109.602000    680.000000    91.001000     2.81278E-02  4.52745E-04  26.188500  36.345700
3  1060.000000   129.120000    640.000000    94.241000     720.000000    99.688000     3.62651E-02  4.43838E-04  26.980000  24.290000
3  1060.000000   129.120000    1400.000000   152.179000    1480.000000   164.497000    3.53941E-02  4.33210E-04  25.520200  24.290000
3  1060.000000   129.120000    1440.000000   160.534000    1520.000000   168.092000    3.24588E-02  4.33497E-04  24.201400  30.517400
3  1060.000000   129.120000    1480.000000   164.497000    1560.000000   155.128000    2.55255E-02  4.44154E-04  24.275700  37.102900
3  1060.000000   129.120000    1520.000000   168.092000    1600.000000   139.326000    2.21803E-02  4.89342E-04  23.117500  45.474500
3  1060.000000   129.120000    1560.000000   155.128000    1640.000000   117.482000    2.84829E-02  4.58498E-04  23.311200  36.345700
3  1060.000000   129.120000    1600.000000   139.326000    1680.000000   108.805000    3.85403E-02  4.71795E-04  25.045500  24.290100
3  1060.000000   129.120000    1640.000000   117.482000    1720.000000   105.823000    3.42066E-02  4.56891E-04  24.521300  30.517400
3  1060.000000   129.120000    1680.000000   108.805000    1760.000000   106.406000    2.98252E-02  4.80117E-04  21.785000  36.345800
3  1060.000000   129.120000    2200.000000   41.028000     2280.000000   42.996000     2.50362E-03  1.43644E-04  38.780200  82.172100
3  1060.000000   129.120000    0.000000      85.461000     160.000000    106.465000    1.88798E-02  4.33140E-04  17.036600  50.529600
3  1060.000000   129.120000    40.000000     89.773000     200.000000    103.693000    1.50564E-02  3.92859E-04  18.407000  58.038600
3  1060.000000   129.120000    80.000000     95.232000     240.000000    107.318000    1.49173E-02  3.89164E-04  19.975300  58.038500
3  1060.000000   129.120000    120.000000    103.752000    280.000000    107.758000    1.60460E-02  3.63028E-04  19.320100  50.469700
3  1060.000000   129.120000    160.000000    106.465000    320.000000    109.059000    1.87431E-02  4.29989E-04  18.921600  50.529500
3  1060.000000   129.120000    200.000000    103.693000    360.000000    107.422000    2.06563E-02  4.73880E-04  20.705700  50.529500
3  1060.000000   129.120000    240.000000    107.318000    400.000000    112.646000    4.24628E-02  4.77910E-04  20.883800  15.483300
3  1060.000000   129.120000    1720.000000   105.823000    1880.000000   78.369000     4.58183E-02  5.14237E-04  22.969300  15.460800
3  1060.000000   129.120000    1760.000000   106.406000    1920.000000   69.798000     3.57082E-02  4.37047E-04  24.887800  24.290000
3  1060.000000   129.120000    1800.000000   92.674000     1960.000000   70.212000     3.25438E-02  4.34626E-04  26.255200  30.517400
3  1060.000000   129.120000    1840.000000   86.557000     2000.000000   66.527000     2.78803E-02  4.48778E-04  28.112100  36.345700
3  1060.000000   129.120000    1880.000000   78.369000     2040.000000   61.428000     1.91999E-02  4.40476E-04  29.008600  50.529500
3  1060.000000   129.120000    1920.000000   69.798000     2080.000000   55.293000     1.44483E-02  3.76867E-04  30.468100  58.038500
3  1060.000000   129.120000    1960.000000   70.212000     2120.000000   43.879000     1.01479E-02  2.86699E-04  31.163200  68.357400
3  1060.000000   129.120000    2000.000000   66.527000     2160.000000   41.041000     9.11966E-03  2.71034E-04  28.398400  70.742900
3  1060.000000   129.120000    2040.000000   61.428000     2200.000000   41.028000     5.53607E-03  1.77991E-04  34.600000  73.446600
3  1060.000000   129.120000    2080.000000   55.293000     2240.000000   41.064000     5.68519E-03  1.93341E-04  34.113900  73.466400
3  1060.000000   129.120000    2120.000000   43.879000     2280.000000   42.996000     4.18264E-03  1.77994E-04  38.529000  74.284000
3  1100.000000   118.586000    0.000000      85.461000     40.000000     89.773000     7.28045E-03  2.34329E-04  4.411880  73.582300
3  1100.000000   118.586000    760.000000    109.364000    800.000000    112.086000    2.08507E-02  4.60000E-04  31.252200  45.474500
3  1100.000000   118.586000    800.000000    112.086000    840.000000    110.374000    2.46042E-02  4.28108E-04  27.779200  37.102900
3  1100.000000   118.586000    840.000000    110.374000    880.000000    97.963000     4.56521E-02  5.12271E-04  25.644700  15.460700
3  1100.000000   118.586000    880.000000    97.963000     920.000000    98.528000     8.78864E-02  8.95193E-04  24.483900  5.510550
3  1100.000000   118.586000    920.000000    98.528000     960.000000    99.983000     1.31136E-01  1.32273E-03  18.174500  4.013510
3  1100.000000   118.586000    960.000000    99.983000     1000.000000   109.284000    2.43499E-01  2.44422E-03  18.247100  2.635010
3  1100.000000   118.586000    1160.000000   107.119000    1200.000000   112.156000    3.19030E-01  4.97294E-03  22.802800  12.299800
3  1100.000000   118.586000    1200.000000   112.156000    1240.000000   121.717000    1.53546E-01  1.54562E-03  27.814900  3.534090
3  1100.000000   118.586000    1240.000000   121.717000    1280.000000   118.242000    7.97902E-02  8.18576E-04  27.441900  6.162940
3  1100.000000   118.586000    1280.000000   118.242000    1320.000000   121.622000    5.46073E-02  5.75889E-04  33.902900  8.038330
3  1100.000000   118.586000    1320.000000   121.622000    1360.000000   139.168000    5.09331E-02  5.39422E-04  37.018600  8.953280
3  1100.000000   118.586000    1360.000000   139.168000    1400.000000   152.179000    2.89240E-02  4.65604E-04  21.365700  36.345700
3  1100.000000   118.586000    1400.000000   152.179000    1440.000000   160.534000    2.08306E-02  4.59579E-04  26.778700  45.474500
3  1100.000000   118.586000    2240.000000   41.064000     2280.000000   42.996000     1.19171E-03  6.08646E-05  27.510800  123.460000
3  1100.000000   118.586000    0.000000      85.461000     80.000000     95.232000     1.16948E-02  3.20395E-04  6.399560  61.446400
3  1100.000000   118.586000    40.000000     89.773000     120.000000    103.752000    7.77078E-03  2.30824E-04  11.786700  70.742800
3  1100.000000   118.586000    400.000000    112.646000    480.000000    115.862000    1.57709E-05  8.05357E-07  16.300900  123.454000
3  1100.000000   118.586000    440.000000    114.190000    520.000000    117.315000    1.27802E-02  3.49859E-04  22.853800  61.446400
3  1100.000000   118.586000    480.000000    115.862000    560.000000    107.062000    1.29949E-02  3.55737E-04  25.078000  61.446400
3  1100.000000   118.586000    520.000000    117.315000    600.000000    109.602000    1.62869E-02  3.68470E-04  26.224000  50.469700
3  1100.000000   118.586000    560.000000    107.062000    640.000000    94.241000     1.78256E-02  4.03281E-04  26.564900  50.469700
3  1100.000000   118.586000    600.000000    109.602000    680.000000    91.001000     2.45206E-02  4.26654E-04  27.592900  37.102900
3  1100.000000   118.586000    640.000000    94.241000     720.000000    99.688000     3.07632E-02  4.95161E-04  28.850800  36.345700
3  1100.000000   118.586000    680.000000    91.001000     760.000000    109.364000    3.50811E-02  4.68480E-04  30.696800  30.517400
3  1100.000000   118.586000    1440.000000   160.534000    1520.000000   168.092000    3.93724E-02  4.81969E-04  23.758700  24.290000
3  1100.000000   118.586000    1480.000000   164.497000    1560.000000   155.128000    3.03474E-02  4.88511E-04  23.461200  36.345700
3  1100.000000   118.586000    1520.000000   168.092000    1600.000000   139.326000    2.58852E-02  4.50418E-04  21.903900  37.102900
3  1100.000000   118.586000    1560.000000   155.128000    1640.000000   117.482000    3.27318E-02  4.37179E-04  21.642600  30.517400
3  1100.000000   118.586000    1600.000000   139.326000    1680.000000   108.805000    4.37236E-02  4.90762E-04  22.955200  15.460700
3  1100.000000   118.586000    1640.000000   117.482000    1720.000000   105.823000    3.83710E-02  4.69688E-04  21.964600  24.290000
3  1100.000000   118.586000    1680.000000   108.805000    1760.000000   106.406000    3.32079E-02  4.43495E-04  18.820000  30.517400
3  1100.000000   118.586000    1720.000000   105.823000    1800.000000   92.674000     2.90494E-02  4.67588E-04  18.497900  36.345700
3  1100.000000   118.586000    2200.000000   41.028000     2280.000000   42.996000     2.66710E-03  1.06756E-04  28.386900  81.698200
3  1100.000000   118.586000    0.000000      85.461000     160.000000    106.465000    1.78126E-02  4.03071E-04  9.753430  50.469700
3  1100.000000   118.586000    40.000000     89.773000     200.000000    103.693000    1.41622E-02  3.69403E-04  12.231600  58.038500
3  1100.000000   118.586000    80.000000     95.232000     240.000000    107.318000    1.39892E-02  3.64890E-04  15.189400  58.038500
3  1100.000000   118.586000    120.000000    103.752000    280.000000    107.758000    1.50181E-02  3.91726E-04  15.856000  58.038500
3  1100.000000   118.586000    160.000000    106.465000    320.000000    109.059000    1.74894E-02  3.95685E-04  16.544300  50.469700
3  1100.000000   118.586000    200.000000    103.693000    360.000000    107.422000    1.92210E-02  4.40957E-04  19.346500  50.529500
3  1100.000000   118.586000    240.000000    107.318000    400.000000    112.646000    3.91885E-02  4.80678E-04  20.946200  24.303400
3  1100.000000   118.586000    280.000000    107.758000    440.000000    114.190000    2.67142E-02  4.64822E-04  21.234500  37.102900
3  1100.000000   118.586000    1760.000000   106.406000    1920.000000   69.798000     3.93851E-02  4.82022E-04  21.192800  24.290000
3  1100.000000   118.586000    1800.000000   92.674000     1960.000000   70.212000     3.57919E-02  4.38046E-04  22.212600  24.290000
3  1100.000000   118.586000    1840.000000   86.557000     2000.000000   66.527000     3.05948E-02  4.92454E-04  23.827700  36.345700
3  1100.000000   118.586000    1880.000000   78.369000     2040.000000   61.428000     2.10050E-02  4.63404E-04  24.393500  45.474500
3  1100.000000   118.586000    1920.000000   69.798000     2080.000000   55.293000     1.57849E-02  3.57114E-04  25.800100  50.469700
3  1100.000000   118.586000    1960.000000   70.212000     2120.000000   43.879000     1.09982E-02  3.10719E-04  26.172500  68.357400
3  1100.000000   118.586000    2000.000000   66.527000     2160.000000   41.041000     9.79508E-03  2.76728E-04  22.508600  68.357400
3  1100.000000   118.586000    2040.000000   61.428000     2200.000000   41.028000     5.91846E-03  1.89474E-04  28.740300  73.582300
3  1100.000000   118.586000    2080.000000   55.293000     2240.000000   41.064000     6.05725E-03  1.93917E-04  26.949200  73.582900
3  1100.000000   118.586000    2120.000000   43.879000     2280.000000   42.996000     4.45747E-03  1.42945E-04  29.622900  73.453000
3  1140.000000   108.477000    0.000000      85.461000     40.000000     89.773000     6.83942E-03  2.19601E-04  5.992610  73.609700
3  1140.000000   108.477000    480.000000    115.862000    520.000000    117.315000    4.17984E-03  1.41102E-04  22.530400  74.186100
3  1140.000000   108.477000    800.000000    112.086000    840.000000    110.374000    1.87353E-02  4.29810E-04  29.160600  50.529500
3  1140.000000   108.477000    840.000000    110.374000    880.000000    97.963000     3.27420E-02  4.37246E-04  27.785000  30.517400
3  1140.000000   108.477000    880.000000    97.963000     920.000000    98.528000     5.84326E-02  6.16137E-04  27.579800  8.038320
3  1140.000000   108.477000    920.000000    98.528000     960.000000    99.983000     8.17200E-02  8.38276E-04  21.739700  6.162940
3  1140.000000   108.477000    960.000000    99.983000     1000.000000   109.284000    1.36857E-01  1.38044E-03  22.054700  4.013540
3  1140.000000   108.477000    1000.000000   109.284000    1040.000000   125.393000    2.41092E-01  2.42008E-03  23.632000  2.635040
3  1140.000000   108.477000    1040.000000   125.393000    1080.000000   127.088000    3.21458E-01  3.22403E-03  23.582100  2.156270
3  1140.000000   108.477000    1200.000000   112.156000    1240.000000   121.717000    3.81671E-01  3.82793E-03  27.601200  2.156420
3  1140.000000   108.477000    1240.000000   121.717000    1280.000000   118.242000    1.58745E-01  1.59778E-03  28.321200  3.534270
3  1140.000000   108.477000    1280.000000   118.242000    1320.000000   121.622000    9.69388E-02  9.87409E-04  34.567900  5.510700
3  1140.000000   108.477000    1320.000000   121.622000    1360.000000   139.168000    7.92892E-02  8.13364E-04  38.767600  6.163280
3  1140.000000   108.477000    1360.000000   139.168000    1400.000000   152.179000    4.13805E-02  4.64339E-04  24.861800  15.460800
3  1140.000000   108.477000    1400.000000   152.179000    1440.000000   160.534000    2.86252E-02  4.60751E-04  31.197900  36.345700
3  1140.000000   108.477000    1440.000000   160.534000    1480.000000   164.497000    3.04484E-02  4.90097E-04  28.551700  36.345700
3  1140.000000   108.477000    2240.000000   41.064000     2280.000000   42.996000     1.30355E-03  6.67663E-05  30.011700  123.473000
3  1140.000000   108.477000    0.000000      85.461000     80.000000     95.232000     1.09885E-02  3.10848E-04  8.129230  68.359000
3  1140.000000   108.477000    40.000000     89.773000     120.000000    103.752000    7.28142E-03  2.33107E-04  13.812300  73.582300
3  1140.000000   108.477000    480.000000    115.862000    560.000000    107.062000    1.15869E-02  3.17206E-04  23.593600  61.446400
3  1140.000000   108.477000    520.000000    117.315000    600.000000    109.602000    1.44224E-02  3.76190E-04  24.815700  58.038500
3  1140.000000   108.477000    560.000000    107.062000    640.000000    94.241000     1.54850E-02  3.50330E-04  25.352700  50.469700
3  1140.000000   108.477000    600.000000    109.602000    680.000000    91.001000     2.11434E-02  4.66459E-04  26.471100  45.474500
3  1140.000000   108.477000    640.000000    94.241000     720.000000    99.688000     2.58237E-02  4.49330E-04  28.114300  37.102900
3  1140.000000   108.477000    680.000000    91.001000     760.000000    109.364000    2.86604E-02  4.61318E-04  30.433000  36.345700
3  1140.000000   108.477000    720.000000    99.688000     800.000000    112.086000    3.22081E-02  4.30117E-04  31.069400  30.517400
3  1140.000000   108.477000    1480.000000   164.497000    1560.000000   155.128000    3.86337E-02  4.72822E-04  27.822500  24.290000
3  1140.000000   108.477000    1520.000000   168.092000    1600.000000   139.326000    3.19819E-02  4.27093E-04  26.469700  30.517400
3  1140.000000   108.477000    1560.000000   155.128000    1640.000000   117.482000    3.94129E-02  4.82359E-04  26.184200  24.290100
3  1140.000000   108.477000    1600.000000   139.326000    1680.000000   108.805000    5.15378E-02  5.45656E-04  27.677000  8.953170
3  1140.000000   108.477000    1640.000000   117.482000    1720.000000   105.823000    4.44432E-02  4.98706E-04  27.048500  15.460900
3  1140.000000   108.477000    1680.000000   108.805000    1760.000000   106.406000    3.80845E-02  4.66101E-04  24.335600  24.290100
3  1140.000000   108.477000    1720.000000   105.823000    1800.000000   92.674000     3.31247E-02  4.42354E-04  24.110800  30.517400
3  1140.000000   108.477000    1760.000000   106.406000    1840.000000   86.557000     2.32796E-02  5.13585E-04  24.738800  45.474500
3  1140.000000   108.477000    2200.000000   41.028000     2280.000000   42.996000     2.92222E-03  1.17480E-04  31.823600  81.796200
3  1140.000000   108.477000    0.000000      85.461000     160.000000    106.465000    1.66833E-02  3.78474E-04  11.706300  50.471000
3  1140.000000   108.477000    40.000000     89.773000     200.000000    103.693000    1.32170E-02  3.61818E-04  14.410100  61.446400
3  1140.000000   108.477000    80.000000     95.232000     240.000000    107.318000    1.29962E-02  3.55785E-04  16.933400  61.446400
3  1140.000000   108.477000    120.000000    103.752000    280.000000    107.758000    1.39087E-02  3.62795E-04  17.064500  58.038500
3  1140.000000   108.477000    160.000000    106.465000    320.000000    109.059000    1.61359E-02  3.65060E-04  17.173700  50.469800
3  1140.000000   108.477000    200.000000    103.693000    360.000000    107.422000    1.76733E-02  3.99835E-04  19.259600  50.469700
3  1140.000000   108.477000    240.000000    107.318000    400.000000    112.646000    3.57207E-02  4.39104E-04  19.687900  24.305300
3  1140.000000   108.477000    280.000000    107.758000    440.000000    114.190000    2.26581E-02  5.06687E-04  22.305200  45.648400
3  1140.000000   108.477000    320.000000    109.059000    480.000000    115.862000    2.69014E-02  4.68200E-04  20.091700  37.102900
3  1140.000000   108.477000    1800.000000   92.674000     1960.000000   70.212000     4.03973E-02  4.94406E-04  28.416300  24.290000
3  1140.000000   108.477000    1840.000000   86.557000     2000.000000   66.527000     3.44452E-02  4.59988E-04  30.200500  30.517400
3  1140.000000   108.477000    1880.000000   78.369000     2040.000000   61.428000     2.35685E-02  5.19959E-04  30.938000  45.474500
3  1140.000000   108.477000    1920.000000   69.798000     2080.000000   55.293000     1.76716E-02  3.99797E-04  32.421400  50.469700
3  1140.000000   108.477000    1960.000000   70.212000     2120.000000   43.879000     1.22062E-02  3.34146E-04  33.389400  61.446400
3  1140.000000   108.477000    2000.000000   66.527000     2160.000000   41.041000     1.07713E-02  3.04308E-04  29.678900  68.357400
3  1140.000000   108.477000    2040.000000   61.428000     2200.000000   41.028000     6.49986E-03  2.08108E-04  36.517600  73.582700
3  1140.000000   108.477000    2080.000000   55.293000     2240.000000   41.064000     6.63776E-03  2.12583E-04  33.922600  73.598200
3  1140.000000   108.477000    2120.000000   43.879000     2280.000000   42.996000     4.90106E-03  1.57569E-04  34.340100  73.493600
3  1180.000000   111.428000    0.000000      85.461000     40.000000     89.773000     6.49481E-03  2.08135E-04  11.423800  73.585700
3  1180.000000   111.428000    840.000000    110.374000    880.000000    97.963000     2.34657E-02  5.17691E-04  30.650300  45.474500
3  1180.000000   111.428000    880.000000    97.963000     920.000000    98.528000     3.82794E-02  4.68486E-04  31.488300  24.290000
3  1180.000000   111.428000    920.000000    98.528000     960.000000    99.983000     5.12509E-02  5.42619E-04  25.635800  8.952910
3  1180.000000   111.428000    960.000000    99.983000     1000.000000   109.284000    7.78498E-02  7.98568E-04  25.128700  6.162930
3  1180.000000   111.428000    1000.000000   109.284000    1040.000000   125.393000    1.18923E-01  1.20297E-03  27.111300  4.536820
3  1180.000000   111.428000    1040.000000   125.393000    1080.000000   127.088000    1.29042E-01  1.30161E-03  30.548300  4.013520
3  1180.000000   111.428000    1080.000000   127.088000    1120.000000   112.650000    3.08128E-01  3.09034E-03  26.554300  2.156270
3  1180.000000   111.428000    1240.000000   121.717000    1280.000000   118.242000    3.08543E-01  3.09450E-03  24.105100  2.156270
3  1180.000000   111.428000    1280.000000   118.242000    1320.000000   121.622000    1.67834E-01  1.68927E-03  31.105600  3.534080
3  1180.000000   111.428000    1320.000000   121.622000    1360.000000   139.168000    1.24612E-01  1.25694E-03  36.886600  4.013550
3  1180.000000   111.428000    1360.000000   139.168000    1400.000000   152.179000    5.86072E-02  6.17978E-04  22.790000  8.038320
3  1180.000000   111.428000    1400.000000   152.179000    1440.000000   160.534000    3.85024E-02  4.71219E-04  30.174000  24.290000
3  1180.000000   111.428000    1440.000000   160.534000    1480.000000   164.497000    3.99093E-02  4.88438E-04  27.142100  24.290000
3  1180.000000   111.428000    1480.000000   164.497000    1520.000000   168.092000    2.75361E-02  4.43221E-04  25.489300  36.345700
3  1180.000000   111.428000    2240.000000   41.064000     2280.000000   42.996000     1.39810E-03  7.13954E-05  21.378800  123.457000
3  1180.000000   111.428000    0.000000      85.461000     80.000000     95.232000     1.04124E-02  2.94179E-04  12.707800  68.357600
3  1180.000000   111.428000    40.000000     89.773000     120.000000    103.752000    6.85039E-03  2.19308E-04  16.715800  73.582300
3  1180.000000   111.428000    480.000000    115.862000    560.000000    107.062000    1.03861E-02  2.93425E-04  27.344800  68.357400
3  1180.000000   111.428000    520.000000    117.315000    600.000000    109.602000    1.28701E-02  3.52320E-04  28.398800  61.446400
3  1180.000000   111.428000    560.000000    107.062000    640.000000    94.241000     1.35061E-02  3.52288E-04  28.680700  58.038500
3  1180.000000   111.428000    600.000000    109.602000    680.000000    91.001000     1.83672E-02  4.21366E-04  29.736800  50.529500
3  1180.000000   111.428000    640.000000    94.241000     720.000000    99.688000     2.17708E-02  4.80299E-04  31.104300  45.474500
3  1180.000000   111.428000    680.000000    91.001000     760.000000    109.364000    2.35300E-02  4.09417E-04  33.177400  37.102900
3  1180.000000   111.428000    720.000000    99.688000     800.000000    112.086000    2.63787E-02  4.58984E-04  33.391500  37.102900
3  1180.000000   111.428000    760.000000    109.364000    840.000000    110.374000    2.78372E-02  4.48065E-04  31.969300  36.345700
3  1180.000000   111.428000    1520.000000   168.092000    1600.000000   139.326000    3.96753E-02  4.85574E-04  23.691900  24.290000
3  1180.000000   111.428000    1560.000000   155.128000    1640.000000   117.482000    4.77246E-02  5.05289E-04  22.564000  8.952910
3  1180.000000   111.428000    1600.000000   139.326000    1680.000000   108.805000    6.11959E-02  6.45280E-04  23.449000  8.038330
3  1180.000000   111.428000    1640.000000   117.482000    1720.000000   105.823000    5.17756E-02  5.48185E-04  21.978800  8.952910
3  1180.000000   111.428000    1680.000000   108.805000    1760.000000   106.406000    4.37726E-02  4.91181E-04  18.299700  15.460700
3  1180.000000   111.428000    1720.000000   105.823000    1800.000000   92.674000     3.78760E-02  4.63553E-04  17.811000  24.290000
3  1180.000000   111.428000    1760.000000   106.406000    1840.000000   86.557000     2.64977E-02  4.61055E-04  18.159200  37.102900
3  1180.000000   111.428000    1800.000000   92.674000     1880.000000   78.369000     2.77501E-02  4.46666E-04  19.960000  36.345700
3  1180.000000   111.428000    2200.000000   41.028000     2280.000000   42.996000     3.14071E-03  1.06310E-04  22.075300  74.200500
3  1180.000000   111.428000    0.000000      85.461000     160.000000    106.465000    1.57280E-02  3.55840E-04  15.694000  50.469700
3  1180.000000   111.428000    40.000000     89.773000     200.000000    103.693000    1.23907E-02  3.39197E-04  17.446000  61.446400
3  1180.000000   111.428000    80.000000     95.232000     240.000000    107.318000    1.21388E-02  3.32301E-04  20.251700  61.446400
3  1180.000000   111.428000    120.000000    103.752000    280.000000    107.758000    1.29629E-02  3.54861E-04  20.785100  61.446400
3  1180.000000   111.428000    160.000000    106.465000    320.000000    109.059000    1.49818E-02  3.90785E-04  19.647000  58.038500
3  1180.000000   111.428000    200.000000    103.693000    360.000000    107.422000    1.63620E-02  3.70171E-04  23.331100  50.469700
3  1180.000000   111.428000    240.000000    107.318000    400.000000    112.646000    3.27921E-02  4.39352E-04  24.125200  30.528700
3  1180.000000   111.428000    280.000000    107.758000    440.000000    114.190000    2.20876E-02  4.87436E-04  20.321700  45.474500
3  1180.000000   111.428000    320.000000    109.059000    480.000000    115.862000    2.46470E-02  4.28917E-04  25.503500  37.105000
3  1180.000000   111.428000    360.000000    107.422000    520.000000    117.315000    2.38486E-02  4.15135E-04  25.005500  37.102900
3  1180.000000   111.428000    1840.000000   86.557000     2000.000000   66.527000     3.86592E-02  4.73134E-04  22.304800  24.290000
3  1180.000000   111.428000    1880.000000   78.369000     2040.000000   61.428000     2.63232E-02  4.58018E-04  22.624600  37.102900
3  1180.000000   111.428000    1920.000000   69.798000     2080.000000   55.293000     1.97131E-02  4.52242E-04  23.974800  50.529500
3  1180.000000   111.428000    1960.000000   70.212000     2120.000000   43.879000     1.34725E-02  3.51411E-04  23.527500  58.038500
3  1180.000000   111.428000    2000.000000   66.527000     2160.000000   41.041000     1.17349E-02  3.21244E-04  18.553500  61.446400
3  1180.000000   111.428000    2040.000000   61.428000     2200.000000   41.028000     7.02393E-03  2.24863E-04  23.393400  73.582300
3  1180.000000   111.428000    2080.000000   55.293000     2240.000000   41.064000     7.13382E-03  2.28388E-04  20.644900  73.582300
3  1180.000000   111.428000    2120.000000   43.879000     2280.000000   42.996000     5.26164E-03  1.68767E-04  22.537700  73.447400
3  1220.000000   118.238000    0.000000      85.461000     40.000000     89.773000     6.12374E-03  1.96045E-04  8.225150  73.582300
3  1220.000000   118.238000    880.000000    97.963000     920.000000    98.528000     3.00459E-02  4.83616E-04  31.335500  36.345700
3  1220.000000   118.238000    920.000000    98.528000     960.000000    99.983000     3.84806E-02  4.70949E-04  26.086600  24.290000
3  1220.000000   118.238000    960.000000    99.983000     1000.000000   109.284000    5.41819E-02  5.73651E-04  25.196200  8.952920
3  1220.000000   118.238000    1000.000000   109.284000    1040.000000   125.393000    7.62722E-02  7.82385E-04  27.350900  6.162940
3  1220.000000   118.238000    1040.000000   125.393000    1080.000000   127.088000    7.36587E-02  7.63384E-04  31.556600  6.686110
3  1220.000000   118.238000    1080.000000   127.088000    1120.000000   112.650000    1.40562E-01  1.41781E-03  28.806100  4.013520
3  1220.000000   118.238000    1120.000000   112.650000    1160.000000   107.119000    4.09646E-01  4.10850E-03  29.502200  2.156280
3  1220.000000   118.238000    1280.000000   118.242000    1320.000000   121.622000    3.45756E-01  3.46773E-03  23.920900  2.156270
3  1220.000000   118.238000    1320.000000   121.622000    1360.000000   139.168000    2.17243E-01  2.18292E-03  32.695100  3.023070
3  1220.000000   118.238000    1360.000000   139.168000    1400.000000   152.179000    8.98756E-02  9.15455E-04  20.741000  5.510550
3  1220.000000   118.238000    1400.000000   152.179000    1440.000000   160.534000    5.53120E-02  5.83232E-04  31.492200  8.038320
3  1220.000000   118.238000    1440.000000   160.534000    1480.000000   164.497000    5.49394E-02  5.79303E-04  28.713400  8.038330
3  1220.000000   118.238000    1480.000000   164.497000    1520.000000   168.092000    3.63559E-02  4.44949E-04  27.302500  24.290000
3  1220.000000   118.238000    1520.000000   168.092000    1560.000000   155.128000    2.76119E-02  4.44438E-04  28.560800  36.345700
3  1220.000000   118.238000    2240.000000   41.064000     2280.000000   42.996000     1.50106E-03  7.66531E-05  33.439000  123.454000
3  1220.000000   118.238000    0.000000      85.461000     80.000000     95.232000     9.81342E-03  2.77246E-04  9.933360  68.357400
3  1220.000000   118.238000    40.000000     89.773000     120.000000    103.752000    6.45127E-03  2.06530E-04  14.253900  73.582300
3  1220.000000   118.238000    520.000000    117.315000    600.000000    109.602000    1.17386E-02  3.21345E-04  25.807400  61.446400
3  1220.000000   118.238000    560.000000    107.062000    640.000000    94.241000     1.22537E-02  3.35446E-04  26.001100  61.446400
3  1220.000000   118.238000    600.000000    109.602000    680.000000    91.001000     1.65453E-02  3.74316E-04  27.346200  50.469700
3  1220.000000   118.238000    640.000000    94.241000     720.000000    99.688000     1.94216E-02  4.45555E-04  28.689200  50.529500
3  1220.000000   118.238000    680.000000    91.001000     760.000000    109.364000    2.07454E-02  4.57677E-04  30.957300  45.474500
3  1220.000000   118.238000    720.000000    99.688000     800.000000    112.086000    2.30303E-02  5.08085E-04  31.987900  45.474500
3  1220.000000   118.238000    760.000000    109.364000    840.000000    110.374000    2.38304E-02  4.14644E-04  30.284400  37.102900
3  1220.000000   118.238000    800.000000    112.086000    880.000000    97.963000     3.12418E-02  4.17209E-04  29.419300  30.517400
3  1220.000000   118.238000    1560.000000   155.128000    1640.000000   117.482000    5.73537E-02  6.04760E-04  25.209200  8.038330
3  1220.000000   118.238000    1600.000000   139.326000    1680.000000   108.805000    7.12226E-02  7.38144E-04  26.405500  6.686110
3  1220.000000   118.238000    1640.000000   117.482000    1720.000000   105.823000    5.87778E-02  6.19777E-04  25.342500  8.038330
3  1220.000000   118.238000    1680.000000   108.805000    1760.000000   106.406000    4.91542E-02  5.20420E-04  22.081300  8.952920
3  1220.000000   118.238000    1720.000000   105.823000    1800.000000   92.674000     4.21488E-02  4.72956E-04  21.709100  15.460700
3  1220.000000   118.238000    1760.000000   106.406000    1840.000000   86.557000     2.93105E-02  4.71779E-04  22.204200  36.345700
3  1220.000000   118.238000    1800.000000   92.674000     1880.000000   78.369000     3.06586E-02  4.93478E-04  24.226300  36.345700
3  1220.000000   118.238000    1840.000000   86.557000     1920.000000   69.798000     2.64767E-02  4.60689E-04  26.744400  37.102900
3  1220.000000   118.238000    2200.000000   41.028000     2280.000000   42.996000     3.37119E-03  1.13827E-04  34.221900  74.191400
3  1220.000000   118.238000    0.000000      85.461000     160.000000    106.465000    1.48183E-02  3.86515E-04  12.797500  58.038500
3  1220.000000   118.238000    40.000000     89.773000     200.000000    103.693000    1.16578E-02  3.19133E-04  14.521300  61.446400
3  1220.000000   118.238000    80.000000     95.232000     240.000000    107.318000    1.13997E-02  3.12078E-04  16.687000  61.446400
3  1220.000000   118.238000    120.000000    103.752000    280.000000    107.758000    1.21502E-02  3.32615E-04  17.004800  61.446400
3  1220.000000   118.238000    160.000000    106.465000    320.000000    109.059000    1.40202E-02  3.65734E-04  17.051600  58.038500
3  1220.000000   118.238000    200.000000    103.693000    360.000000    107.422000    1.52728E-02  3.98388E-04  19.551200  58.038500
3  1220.000000   118.238000    240.000000    107.318000    400.000000    112.646000    3.04223E-02  4.90264E-04  20.699100  36.354200
3  1220.000000   118.238000    280.000000    107.758000    440.000000    114.190000    2.07571E-02  4.57968E-04  20.957400  45.474500
3  1220.000000   118.238000    320.000000    109.059000    480.000000    115.862000    2.28088E-02  5.03269E-04  21.437900  45.474500
3  1220.000000   118.238000    360.000000    107.422000    520.000000    117.315000    2.20355E-02  4.86224E-04  21.797700  45.474500
3  1220.000000   118.238000    400.000000    112.646000    560.000000    107.062000    9.53178E-03  2.70343E-04  24.599800  68.404100
3  1220.000000   118.238000    1880.000000   78.369000     2040.000000   61.428000     2.89066E-02  4.65278E-04  27.640700  36.345700
3  1220.000000   118.238000    1920.000000   69.798000     2080.000000   55.293000     2.15593E-02  4.75633E-04  29.040900  45.474500
3  1220.000000   118.238000    1960.000000   70.212000     2120.000000   43.879000     1.46293E-02  3.81585E-04  28.997700  58.038500
3  1220.000000   118.238000    2000.000000   66.527000     2160.000000   41.041000     1.26592E-02  3.46547E-04  24.900900  61.446400
3  1220.000000   118.238000    2040.000000   61.428000     2200.000000   41.028000     7.58751E-03  2.42910E-04  32.252900  73.582300
3  1220.000000   118.238000    2080.000000   55.293000     2240.000000   41.064000     7.69104E-03  2.28463E-04  31.035000  70.743000
3  1220.000000   118.238000    2120.000000   43.879000     2280.000000   42.996000     5.68639E-03  1.82401E-04  35.891300  73.446900
3  1260.000000   119.928000    0.000000      85.461000     40.000000     89.773000     5.99118E-03  1.91801E-04  6.915640  73.582400
3  1260.000000   119.928000    920.000000    98.528000     960.000000    99.983000     3.34481E-02  4.46679E-04  26.306800  30.517400
3  1260.000000   119.928000    960.000000    99.983000     1000.000000   109.284000    4.79551E-02  5.07734E-04  25.843400  8.952930
3  1260.000000   119.928000    1000.000000   109.284000    1040.000000   125.393000    6.28359E-02  6.62567E-04  26.751500  8.038380
3  1260.000000   119.928000    1040.000000   125.393000    1080.000000   127.088000    5.75501E-02  6.06831E-04  30.563900  8.038360
3  1260.000000   119.928000    1080.000000   127.088000    1120.000000   112.650000    9.93222E-02  1.01168E-03  29.763900  5.510600
3  1260.000000   119.928000    1120.000000   112.650000    1160.000000   107.119000    2.66145E-01  2.67156E-03  32.318300  2.635130
3  1260.000000   119.928000    1160.000000   107.119000    1200.000000   112.156000    3.19760E-01  3.25979E-03  21.180900  2.902430
3  1260.000000   119.928000    1320.000000   121.622000    1360.000000   139.168000    3.20085E-01  3.21029E-03  28.667800  2.156320
3  1260.000000   119.928000    1360.000000   139.168000    1400.000000   152.179000    1.14827E-01  1.16154E-03  15.969000  4.536870
3  1260.000000   119.928000    1400.000000   152.179000    1440.000000   160.534000    6.83209E-02  7.08071E-04  30.661000  6.686110
3  1260.000000   119.928000    1440.000000   160.534000    1480.000000   164.497000    6.63228E-02  6.87376E-04  28.094500  6.686110
3  1260.000000   119.928000    1480.000000   164.497000    1520.000000   168.092000    4.31752E-02  4.84482E-04  26.737700  15.460700
3  1260.000000   119.928000    1520.000000   168.092000    1560.000000   155.128000    3.21368E-02  4.29168E-04  28.466500  30.517400
3  1260.000000   119.928000    1560.000000   155.128000    1600.000000   139.326000    2.49322E-02  4.33818E-04  23.250500  37.102900
3  1260.000000   119.928000    2240.000000   41.064000     2280.000000   42.996000     1.55714E-03  7.95169E-05  24.386100  123.454000
3  1260.000000   119.928000    0.000000      85.461000     80.000000     95.232000     9.59532E-03  2.71084E-04  8.754610  68.357400
3  1260.000000   119.928000    40.000000     89.773000     120.000000    103.752000    6.29250E-03  2.01447E-04  13.723900  73.582300
3  1260.000000   119.928000    560.000000    107.062000    640.000000    94.241000     1.16409E-02  3.18671E-04  25.348200  61.446400
3  1260.000000   119.928000    600.000000    109.602000    680.000000    91.001000     1.56989E-02  3.55167E-04  26.796800  50.469700
3  1260.000000   119.928000    640.000000    94.241000     720.000000    99.688000     1.82784E-02  4.19328E-04  28.006400  50.529500
3  1260.000000   119.928000    680.000000    91.001000     760.000000    109.364000    1.93810E-02  4.44623E-04  30.268700  50.529500
3  1260.000000   119.928000    720.000000    99.688000     800.000000    112.086000    2.15322E-02  4.75035E-04  31.653100  45.474500
3  1260.000000   119.928000    760.000000    109.364000    840.000000    110.374000    2.20094E-02  4.85563E-04  29.680500  45.474500
3  1260.000000   119.928000    800.000000    112.086000    880.000000    97.963000     2.82884E-02  4.55330E-04  28.712300  36.345700
3  1260.000000   119.928000    840.000000    110.374000    920.000000    98.528000     4.35271E-02  4.88431E-04  30.233800  15.460800
3  1260.000000   119.928000    1600.000000   139.326000    1680.000000   108.805000    7.92888E-02  8.13376E-04  26.438400  6.162980
3  1260.000000   119.928000    1640.000000   117.482000    1720.000000   105.823000    6.44040E-02  6.67502E-04  25.439600  6.686140
3  1260.000000   119.928000    1680.000000   108.805000    1760.000000   106.406000    5.32752E-02  5.64067E-04  22.126600  8.952940
3  1260.000000   119.928000    1720.000000   105.823000    1800.000000   92.674000     4.54953E-02  5.10526E-04  21.751600  15.460800
3  1260.000000   119.928000    1760.000000   106.406000    1840.000000   86.557000     3.15291E-02  4.21052E-04  22.251700  30.517400
3  1260.000000   119.928000    1800.000000   92.674000     1880.000000   78.369000     3.28440E-02  4.38618E-04  24.184500  30.517400
3  1260.000000   119.928000    1840.000000   86.557000     1920.000000   69.798000     2.82505E-02  4.54723E-04  26.561500  36.345700
3  1260.000000   119.928000    1880.000000   78.369000     1960.000000   70.212000     2.07577E-02  4.57950E-04  26.772100  45.474500
3  1260.000000   119.928000    2200.000000   41.028000     2280.000000   42.996000     3.49600E-03  1.18075E-04  26.599300  74.209800
3  1260.000000   119.928000    0.000000      85.461000     160.000000    106.465000    1.44592E-02  3.77148E-04  11.799900  58.038600
3  1260.000000   119.928000    40.000000     89.773000     200.000000    103.693000    1.13448E-02  3.10565E-04  13.540500  61.446600
3  1260.000000   119.928000    80.000000     95.232000     240.000000    107.318000    1.10695E-02  3.12732E-04  15.611200  68.357400
3  1260.000000   119.928000    120.000000    103.752000    280.000000    107.758000    1.17823E-02  3.22549E-04  15.533100  61.446400
3  1260.000000   119.928000    160.000000    106.465000    320.000000    109.059000    1.35770E-02  3.54199E-04  15.544200  58.038500
3  1260.000000   119.928000    200.000000    103.693000    360.000000    107.422000    1.47714E-02  3.85302E-04  18.053700  58.038500
3  1260.000000   119.928000    240.000000    107.318000    400.000000    112.646000    2.93453E-02  4.72829E-04  19.575600  36.354300
3  1260.000000   119.928000    280.000000    107.758000    440.000000    114.190000    2.00229E-02  4.59349E-04  19.810900  50.529500
3  1260.000000   119.928000    320.000000    109.059000    480.000000    115.862000    2.19854E-02  4.85035E-04  20.460800  45.474500
3  1260.000000   119.928000    360.000000    107.422000    520.000000    117.315000    2.12102E-02  4.67935E-04  20.934100  45.474500
3  1260.000000   119.928000    400.000000    112.646000    560.000000    107.062000    9.12731E-03  2.72056E-04  23.696500  70.788100
3  1260.000000   119.928000    440.000000    114.190000    600.000000    109.602000    2.04522E-02  4.69198E-04  23.461000  50.529500
3  1260.000000   119.928000    1920.000000   69.798000     2080.000000   55.293000     2.28620E-02  5.04375E-04  28.641600  45.474500
3  1260.000000   119.928000    1960.000000   70.212000     2120.000000   43.879000     1.54142E-02  3.48728E-04  28.456200  50.469700
3  1260.000000   119.928000    2000.000000   66.527000     2160.000000   41.041000     1.32296E-02  3.45078E-04  24.257700  58.038700
3  1260.000000   119.928000    2040.000000   61.428000     2200.000000   41.028000     7.88904E-03  2.34361E-04  30.145400  70.743400
3  1260.000000   119.928000    2080.000000   55.293000     2240.000000   41.064000     7.96779E-03  2.36716E-04  27.496300  70.749700
3  1260.000000   119.928000    2120.000000   43.879000     2280.000000   42.996000     5.89018E-03  1.88579E-04  29.305600  73.592600
3  1300.000000   120.477000    0.000000      85.461000     40.000000     89.773000     5.73548E-03  1.84009E-04  8.560540  73.447000
3  1300.000000   120.477000    960.000000    99.983000     1000.000000   109.284000    3.76761E-02  4.61103E-04  24.806500  24.290000
3  1300.000000   120.477000    1000.000000   109.284000    1040.000000   125.393000    4.90859E-02  5.19717E-04  27.311000  8.953290
3  1300.000000   120.477000    1080.000000   127.088000    1120.000000   112.650000    6.66362E-02  7.66330E-04  32.623600  6.686100
3  1300.000000   120.477000    1120.000000   112.650000    1160.000000   107.119000    1.64499E-01  2.21766E-03  37.884600  6.794460
3  1300.000000   120.477000    1160.000000   107.119000    1200.000000   112.156000    1.66683E-01  1.73927E-03  27.449600  3.534120
3  1300.000000   120.477000    1200.000000   112.156000    1240.000000   121.717000    3.47121E-01  3.51106E-03  24.387600  2.671050
3  1300.000000   120.477000    1360.000000   139.168000    1400.000000   152.179000    2.06467E-01  2.12391E-03  21.009100  3.648690
3  1300.000000   120.477000    1400.000000   152.179000    1440.000000   160.534000    1.03180E-01  1.04373E-03  30.097700  4.536830
3  1300.000000   120.477000    1440.000000   160.534000    1480.000000   164.497000    9.40901E-02  9.58383E-04  27.595100  5.510580
3  1300.000000   120.477000    1480.000000   164.497000    1520.000000   168.092000    5.77846E-02  6.09298E-04  25.983400  8.038330
3  1300.000000   120.477000    1520.000000   168.092000    1560.000000   155.128000    4.16937E-02  1.11702E-03  26.855500  15.893600
3  1300.000000   120.477000    1560.000000   155.128000    1600.000000   139.326000    3.08248E-02  4.96153E-04  22.093600  36.345700
3  1300.000000   120.477000    1600.000000   139.326000    1640.000000   117.482000    4.74441E-02  5.02314E-04  24.839200  8.952910
3  1300.000000   120.477000    2240.000000   41.064000     2280.000000   42.996000     1.65222E-03  6.58833E-05  22.212200  81.680500
3  1300.000000   120.477000    0.000000      85.461000     80.000000     95.232000     9.18309E-03  2.72786E-04  9.492560  70.742900
3  1300.000000   120.477000    40.000000     89.773000     120.000000    103.752000    6.01772E-03  1.92655E-04  12.587800  73.582300
3  1300.000000   120.477000    600.000000    109.602000    680.000000    91.001000     1.45250E-02  3.78866E-04  28.584500  58.038500
3  1300.000000   120.477000    640.000000    94.241000     720.000000    99.688000     1.68255E-02  3.80657E-04  29.665500  50.469700
3  1300.000000   120.477000    680.000000    91.001000     760.000000    109.364000    1.77239E-02  4.00980E-04  31.684400  50.469700
3  1300.000000   120.477000    720.000000    99.688000     800.000000    112.086000    1.95650E-02  4.48845E-04  33.071400  50.529500
3  1300.000000   120.477000    760.000000    109.364000    840.000000    110.374000    1.98070E-02  4.54396E-04  30.913300  50.529500
3  1300.000000   120.477000    800.000000    112.086000    880.000000    97.963000     2.50084E-02  4.35141E-04  29.757800  37.102900
3  1300.000000   120.477000    840.000000    110.374000    920.000000    98.528000     3.75662E-02  4.59758E-04  31.200800  24.290000
3  1300.000000   120.477000    880.000000    97.963000     960.000000    99.983000     5.04000E-02  5.33610E-04  29.318300  8.952910
3  1300.000000   120.477000    1640.000000   117.482000    1720.000000   105.823000    7.27298E-02  7.53764E-04  23.352000  6.686090
3  1300.000000   120.477000    1680.000000   108.805000    1760.000000   106.406000    5.96758E-02  6.29240E-04  19.846000  8.038320
3  1300.000000   120.477000    1720.000000   105.823000    1800.000000   92.674000     5.04441E-02  5.34077E-04  19.254500  8.952910
3  1300.000000   120.477000    1760.000000   106.406000    1840.000000   86.557000     3.47147E-02  4.63587E-04  19.598700  30.517400
3  1300.000000   120.477000    1800.000000   92.674000     1880.000000   78.369000     3.60765E-02  4.41526E-04  21.372900  24.290000
3  1300.000000   120.477000    1840.000000   86.557000     1920.000000   69.798000     3.09646E-02  4.13507E-04  23.605600  30.517400
3  1300.000000   120.477000    1880.000000   78.369000     1960.000000   70.212000     2.26644E-02  5.00013E-04  23.628200  45.474500
3  1300.000000   120.477000    1920.000000   69.798000     2000.000000   66.527000     1.85732E-02  4.26091E-04  23.923500  50.529500
3  1300.000000   120.477000    0.000000      85.461000     160.000000    106.465000    1.38333E-02  3.60867E-04  11.645900  58.038800
3  1300.000000   120.477000    40.000000     89.773000     200.000000    103.693000    1.08405E-02  3.06263E-04  12.555100  68.357400
3  1300.000000   120.477000    80.000000     95.232000     240.000000    107.318000    1.05574E-02  2.98264E-04  15.229000  68.357400
3  1300.000000   120.477000    120.000000    103.752000    280.000000    107.758000    1.12166E-02  3.16888E-04  15.990100  68.357400
3  1300.000000   120.477000    160.000000    106.465000    320.000000    109.059000    1.29041E-02  3.53269E-04  16.689500  61.446500
3  1300.000000   120.477000    200.000000    103.693000    360.000000    107.422000    1.40045E-02  3.65293E-04  19.687300  58.038600
3  1300.000000   120.477000    240.000000    107.318000    400.000000    112.646000    2.76849E-02  4.45918E-04  21.732100  36.351000
3  1300.000000   120.477000    280.000000    107.758000    440.000000    114.190000    1.88930E-02  4.33438E-04  22.027300  50.529500
3  1300.000000   120.477000    320.000000    109.059000    480.000000    115.862000    2.06989E-02  4.74901E-04  22.870100  50.530000
3  1300.000000   120.477000    360.000000    107.422000    520.000000    117.315000    1.99433E-02  4.57533E-04  23.340700  50.529500
3  1300.000000   120.477000    400.000000    112.646000    560.000000    107.062000    8.53113E-03  2.53944E-04  25.855700  70.773600
3  1300.000000   120.477000    440.000000    114.190000    600.000000    109.602000    1.91217E-02  4.38675E-04  25.633600  50.529500
3  1300.000000   120.477000    480.000000    115.862000    640.000000    94.241000     1.93393E-02  4.43700E-04  26.607500  50.529900
3  1300.000000   120.477000    1960.000000   70.212000     2120.000000   43.879000     1.66034E-02  3.75634E-04  25.166700  50.469700
3  1300.000000   120.477000    2000.000000   66.527000     2160.000000   41.041000     1.41431E-02  3.68904E-04  20.757000  58.038500
3  1300.000000   120.477000    2040.000000   61.428000     2200.000000   41.028000     8.43028E-03  2.50412E-04  24.937900  70.742800
3  1300.000000   120.477000    2080.000000   55.293000     2240.000000   41.064000     8.49759E-03  2.52403E-04  21.979700  70.742800
3  1300.000000   120.477000    2120.000000   43.879000     2280.000000   42.996000     6.29283E-03  3.04972E-04  23.325600  73.582300
3  1340.000000   126.284000    1000.000000   109.284000    1040.000000   125.393000    3.70861E-02  4.53882E-04  25.593300  24.290000
3  1340.000000   126.284000    1040.000000   125.393000    1080.000000   127.088000    3.10012E-02  4.13996E-04  28.966400  30.517400
3  1340.000000   126.284000    1080.000000   127.088000    1120.000000   112.650000    4.45336E-02  4.99716E-04  30.986400  15.460800
3  1340.000000   126.284000    1120.000000   112.650000    1160.000000   107.119000    9.93741E-02  1.01220E-03  35.136300  5.510750
3  1340.000000   126.284000    1160.000000   107.119000    1200.000000   112.156000    8.87095E-02  9.03577E-04  29.574900  5.510560
3  1340.000000   126.284000    1200.000000   112.156000    1240.000000   121.717000    1.50637E-01  1.51616E-03  29.861000  3.534100
3  1340.000000   126.284000    1240.000000   121.717000    1280.000000   118.242000    2.67486E-01  2.68500E-03  29.738900  2.635000
3  1340.000000   126.284000    1400.000000   152.179000    1440.000000   160.534000    3.27824E-01  3.28788E-03  28.627700  2.156260
3  1340.000000   126.284000    1440.000000   160.534000    1480.000000   164.497000    2.24715E-01  2.25803E-03  27.399900  3.023080
3  1340.000000   126.284000    1480.000000   164.497000    1520.000000   168.092000    1.18639E-01  1.20012E-03  25.432800  4.536820
3  1340.000000   126.284000    1520.000000   168.092000    1560.000000   155.128000    7.46337E-02  7.65592E-04  29.148600  6.162940
3  1340.000000   126.284000    1560.000000   155.128000    1600.000000   139.326000    4.92049E-02  5.20962E-04  21.903600  8.952920
3  1340.000000   126.284000    1600.000000   139.326000    1640.000000   117.482000    6.97553E-02  7.22965E-04  24.238700  6.686110
3  1340.000000   126.284000    1640.000000   117.482000    1680.000000   108.805000    5.76075E-02  6.07454E-04  23.159000  8.038340
3  1340.000000   126.284000    2240.000000   41.064000     2280.000000   42.996000     1.79417E-03  7.15436E-05  15.378600  81.685200
3  1340.000000   126.284000    40.000000     89.773000     120.000000    103.752000    5.67264E-03  1.82081E-04  8.359730  73.446300
3  1340.000000   126.284000    640.000000    94.241000     720.000000    99.688000     1.52051E-02  3.96604E-04  29.486400  58.038500
3  1340.000000   126.284000    680.000000    91.001000     760.000000    109.364000    1.59426E-02  3.60681E-04  31.459500  50.469700
3  1340.000000   126.284000    720.000000    99.688000     800.000000    112.086000    1.73746E-02  3.93078E-04  32.515500  50.469700
3  1340.000000   126.284000    760.000000    109.364000    840.000000    110.374000    1.74710E-02  3.95259E-04  30.450800  50.469700
3  1340.000000   126.284000    800.000000    112.086000    880.000000    97.963000     2.17501E-02  4.79842E-04  29.247900  45.474500
3  1340.000000   126.284000    840.000000    110.374000    920.000000    98.528000     3.19924E-02  4.27233E-04  30.634700  30.517400
3  1340.000000   126.284000    880.000000    97.963000     960.000000    99.983000     4.17113E-02  4.68047E-04  28.382700  15.460700
3  1340.000000   126.284000    920.000000    98.528000     1000.000000   109.284000    5.24513E-02  5.55328E-04  24.747200  8.952910
3  1340.000000   126.284000    1680.000000   108.805000    1760.000000   106.406000    7.29689E-02  7.56250E-04  19.021400  6.686100
3  1340.000000   126.284000    1720.000000   105.823000    1800.000000   92.674000     6.00048E-02  6.32721E-04  17.956700  8.038330
3  1340.000000   126.284000    1760.000000   106.406000    1840.000000   86.557000     4.05350E-02  4.96096E-04  17.990700  24.290000
3  1340.000000   126.284000    1800.000000   92.674000     1880.000000   78.369000     4.19700E-02  4.70954E-04  19.895200  15.460700
3  1340.000000   126.284000    1840.000000   86.557000     1920.000000   69.798000     3.59011E-02  4.39379E-04  22.269200  24.290000
3  1340.000000   126.284000    1880.000000   78.369000     1960.000000   70.212000     2.60866E-02  4.53902E-04  22.300800  37.102900
3  1340.000000   126.284000    1920.000000   69.798000     2000.000000   66.527000     2.11708E-02  4.67062E-04  22.236400  45.474500
3  1340.000000   126.284000    1960.000000   70.212000     2040.000000   61.428000     1.21464E-02  3.32509E-04  22.998400  61.446400
3  1340.000000   126.284000    2200.000000   41.028000     2280.000000   42.996000     4.04230E-03  1.37386E-04  16.267100  74.199200
3  1340.000000   126.284000    0.000000      85.461000     160.000000    106.465000    1.30479E-02  3.57605E-04  6.143910  61.446400
3  1340.000000   126.284000    40.000000     89.773000     200.000000    103.693000    1.01996E-02  2.88156E-04  9.198250  68.357400
3  1340.000000   126.284000    80.000000     95.232000     240.000000    107.318000    9.90175E-03  2.79841E-04  12.943500  68.357400
3  1340.000000   126.284000    120.000000    103.752000    280.000000    107.758000    1.04830E-02  2.96238E-04  14.447700  68.357400
3  1340.000000   126.284000    160.000000    106.465000    320.000000    109.059000    1.20320E-02  3.29431E-04  15.779400  61.446400
3  1340.000000   126.284000    200.000000    103.693000    360.000000    107.422000    1.30196E-02  3.56468E-04  18.966300  61.446400
3  1340.000000   126.284000    240.000000    107.318000    400.000000    112.646000    2.55615E-02  4.45200E-04  21.402000  37.111700
3  1340.000000   126.284000    280.000000    107.758000    440.000000    114.190000    1.74552E-02  3.94913E-04  21.753500  50.469700
3  1340.000000   126.284000    320.000000    109.059000    480.000000    115.862000    1.90527E-02  4.37111E-04  22.664400  50.529600
3  1340.000000   126.284000    360.000000    107.422000    520.000000    117.315000    1.83490E-02  4.20968E-04  23.186300  50.529600
3  1340.000000   126.284000    400.000000    112.646000    560.000000    107.062000    7.81186E-03  2.32880E-04  25.537800  70.787600
3  1340.000000   126.284000    440.000000    114.190000    600.000000    109.602000    1.74858E-02  3.95593E-04  25.341300  50.469700
3  1340.000000   126.284000    480.000000    115.862000    640.000000    94.241000     1.76675E-02  3.99704E-04  26.347000  50.469700
3  1340.000000   126.284000    520.000000    117.315000    680.000000    91.001000     2.26741E-02  5.00227E-04  27.651400  45.474500
3  1340.000000   126.284000    2000.000000   66.527000     2160.000000   41.041000     1.55899E-02  3.52704E-04  17.619400  50.469700
3  1340.000000   126.284000    2040.000000   61.428000     2200.000000   41.028000     9.30169E-03  2.76307E-04  21.200000  70.742900
3  1340.000000   126.284000    2080.000000   55.293000     2240.000000   41.064000     9.33548E-03  2.77550E-04  17.290900  70.743900
3  1340.000000   126.284000    2120.000000   43.879000     2280.000000   42.996000     6.93076E-03  2.22707E-04  17.527200  73.586800
3  1380.000000   148.857000    0.000000      85.461000     40.000000     89.773000     5.12413E-03  1.64442E-04  6.198700  73.446500
3  1380.000000   148.857000    1040.000000   125.393000    1080.000000   127.088000    2.48243E-02  4.31945E-04  23.884100  37.102900
3  1380.000000   148.857000    1080.000000   127.088000    1120.000000   112.650000    3.35201E-02  4.47651E-04  26.602100  30.517400
3  1380.000000   148.857000    1120.000000   112.650000    1160.000000   107.119000    7.21114E-02  7.47442E-04  32.267100  6.686690
3  1380.000000   148.857000    1160.000000   107.119000    1200.000000   112.156000    6.02241E-02  6.35051E-04  28.193200  15.189500
3  1380.000000   148.857000    1200.000000   112.156000    1240.000000   121.717000    9.07452E-02  9.24367E-04  28.720500  5.510620
3  1380.000000   148.857000    1240.000000   121.717000    1280.000000   118.242000    1.32561E-01  1.33716E-03  31.390400  4.013630
3  1380.000000   148.857000    1280.000000   118.242000    1320.000000   121.622000    2.65722E-01  2.66737E-03  26.245900  2.635130
3  1380.000000   148.857000    1440.000000   160.534000    1480.000000   164.497000    6.71330E-01  6.72532E-03  16.470800  1.753570
3  1380.000000   148.857000    1480.000000   164.497000    1520.000000   168.092000    2.98204E-01  2.99343E-03  16.467800  2.635180
3  1380.000000   148.857000    1520.000000   168.092000    1560.000000   155.128000    1.66522E-01  1.67611E-03  21.778000  3.534290
3  1380.000000   148.857000    1560.000000   155.128000    1600.000000   139.326000    9.38005E-02  9.55461E-04  16.206000  5.510640
3  1380.000000   148.857000    1600.000000   139.326000    1640.000000   117.482000    1.23635E-01  1.24724E-03  19.929800  4.014140
3  1380.000000   148.857000    1640.000000   117.482000    1680.000000   108.805000    8.78151E-02  8.94564E-04  22.553900  5.511010
3  1380.000000   148.857000    1680.000000   108.805000    1720.000000   105.823000    4.97302E-02  5.26543E-04  22.046200  8.953050
3  1380.000000   148.857000    2240.000000   41.064000     2280.000000   42.996000     1.97509E-03  7.87579E-05  52.801200  81.680500
3  1380.000000   148.857000    0.000000      85.461000     80.000000     95.232000     8.19215E-03  2.43354E-04  8.463890  70.742800
3  1380.000000   148.857000    40.000000     89.773000     120.000000    103.752000    5.34866E-03  1.71527E-04  14.164800  73.446400
3  1380.000000   148.857000    680.000000    91.001000     760.000000    109.364000    1.43908E-02  3.75367E-04  22.832100  58.038500
3  1380.000000   148.857000    720.000000    99.688000     800.000000    112.086000    1.56443E-02  3.53935E-04  24.634100  50.469700
3  1380.000000   148.857000    760.000000    109.364000    840.000000    110.374000    1.56367E-02  3.53762E-04  22.896600  50.469700
3  1380.000000   148.857000    800.000000    112.086000    880.000000    97.963000     1.92516E-02  4.41657E-04  22.080400  50.529500
3  1380.000000   148.857000    840.000000    110.374000    920.000000    98.528000     2.78990E-02  4.49068E-04  24.116200  36.345700
3  1380.000000   148.857000    880.000000    97.963000     960.000000    99.983000     3.59314E-02  4.39764E-04  22.658800  24.290100
3  1380.000000   148.857000    920.000000    98.528000     1000.000000   109.284000    4.44820E-02  4.99168E-04  19.692800  15.460800
3  1380.000000   148.857000    960.000000    99.983000     1040.000000   125.393000    5.54137E-02  5.84349E-04  20.136200  8.038540
3  1380.000000   148.857000    1720.000000   105.823000    1800.000000   92.674000     8.02857E-02  8.23595E-04  21.124700  6.163130
3  1380.000000   148.857000    1760.000000   106.406000    1840.000000   86.557000     5.28996E-02  5.60090E-04  22.152700  8.952990
3  1380.000000   148.857000    1800.000000   92.674000     1880.000000   78.369000     5.37895E-02  5.69534E-04  24.872900  8.953070
3  1380.000000   148.857000    1840.000000   86.557000     1920.000000   69.798000     4.52359E-02  5.07619E-04  28.454300  15.460800
3  1380.000000   148.857000    1880.000000   78.369000     1960.000000   70.212000     3.21409E-02  4.29232E-04  30.170800  30.517400
3  1380.000000   148.857000    1920.000000   69.798000     2000.000000   66.527000     2.59272E-02  4.51138E-04  30.562600  37.102900
3  1380.000000   148.857000    1960.000000   70.212000     2040.000000   61.428000     1.47628E-02  3.85070E-04  31.991600  58.038500
3  1380.000000   148.857000    2000.000000   66.527000     2080.000000   55.293000     8.37580E-03  2.48786E-04  37.278900  70.742800
3  1380.000000   148.857000    2200.000000   41.028000     2280.000000   42.996000     4.45922E-03  1.42996E-04  54.698100  73.446400
3  1380.000000   148.857000    0.000000      85.461000     160.000000    106.465000    1.23147E-02  3.37190E-04  12.036800  61.447300
3  1380.000000   148.857000    40.000000     89.773000     200.000000    103.693000    9.58995E-03  2.84915E-04  14.829200  70.742800
3  1380.000000   148.857000    80.000000     95.232000     240.000000    107.318000    9.27686E-03  2.75758E-04  18.586600  70.743700
3  1380.000000   148.857000    120.000000    103.752000    280.000000    107.758000    9.79899E-03  2.76918E-04  18.173600  68.357500
3  1380.000000   148.857000    160.000000    106.465000    320.000000    109.059000    1.12228E-02  3.18003E-04  17.104900  68.359000
3  1380.000000   148.857000    200.000000    103.693000    360.000000    107.422000    1.21205E-02  3.33043E-04  17.693400  61.449600
3  1380.000000   148.857000    240.000000    107.318000    400.000000    112.646000    2.36966E-02  5.22937E-04  14.497600  45.480000
3  1380.000000   148.857000    280.000000    107.758000    440.000000    114.190000    1.61766E-02  3.67576E-04  14.632100  50.472200
3  1380.000000   148.857000    320.000000    109.059000    480.000000    115.862000    1.76372E-02  3.99946E-04  13.903700  50.469800
3  1380.000000   148.857000    360.000000    107.422000    520.000000    117.315000    1.69520E-02  3.84895E-04  14.075600  50.471200
3  1380.000000   148.857000    400.000000    112.646000    560.000000    107.062000    7.17006E-03  2.29686E-04  16.273900  73.598300
3  1380.000000   148.857000    440.000000    114.190000    600.000000    109.602000    1.60742E-02  3.63658E-04  15.926200  50.469700
3  1380.000000   148.857000    480.000000    115.862000    640.000000    94.241000     1.61707E-02  3.66082E-04  17.112200  50.471900
3  1380.000000   148.857000    520.000000    117.315000    680.000000    91.001000     2.07134E-02  4.56971E-04  18.528800  45.474500
3  1380.000000   148.857000    560.000000    107.062000    720.000000    99.688000     2.28049E-02  5.03115E-04  19.553100  45.474500
3  1380.000000   148.857000    2040.000000   61.428000     2200.000000   41.028000     1.04676E-02  2.95801E-04  41.423800  68.358100
3  1380.000000   148.857000    2080.000000   55.293000     2240.000000   41.064000     1.03367E-02  2.92286E-04  43.965300  68.357500
3  1380.000000   148.857000    2120.000000   43.879000     2280.000000   42.996000     7.64838E-03  2.27627E-04  53.858100  70.745900
3  1420.000000   158.796000    0.000000      85.461000     40.000000     89.773000     4.83853E-03  1.55313E-04  7.124890  73.446300
3  1420.000000   158.796000    400.000000    112.646000    440.000000    114.190000    9.08189E-03  2.69758E-04  24.793500  70.742800
3  1420.000000   158.796000    1080.000000   127.088000    1120.000000   112.650000    2.76683E-02  4.45346E-04  27.105000  36.345700
3  1420.000000   158.796000    1120.000000   112.650000    1160.000000   107.119000    5.84296E-02  6.16099E-04  32.534300  8.038480
3  1420.000000   158.796000    1160.000000   107.119000    1200.000000   112.156000    4.69294E-02  8.05989E-04  28.608800  15.777400
3  1420.000000   158.796000    1200.000000   112.156000    1240.000000   121.717000    6.81736E-02  7.06538E-04  28.831800  6.686090
3  1420.000000   158.796000    1240.000000   121.717000    1280.000000   118.242000    8.96159E-02  9.12810E-04  31.270900  5.510560
3  1420.000000   158.796000    1280.000000   118.242000    1320.000000   121.622000    1.48019E-01  1.49302E-03  25.760300  4.013510
3  1420.000000   158.796000    1480.000000   164.497000    1520.000000   168.092000    6.02333E-01  6.03405E-03  11.722600  1.753480
3  1420.000000   158.796000    1520.000000   168.092000    1560.000000   155.128000    2.97614E-01  2.98742E-03  15.662100  2.635000
3  1420.000000   158.796000    1560.000000   155.128000    1600.000000   139.326000    1.52510E-01  1.53501E-03  11.036700  3.534080
3  1420.000000   158.796000    1600.000000   139.326000    1640.000000   117.482000    1.90036E-01  1.90954E-03  14.660900  3.023070
3  1420.000000   158.796000    1640.000000   117.482000    1680.000000   108.805000    1.20901E-01  1.22297E-03  16.965700  4.536810
3  1420.000000   158.796000    1680.000000   108.805000    1720.000000   105.823000    6.56126E-02  6.79996E-04  16.125100  6.686090
3  1420.000000   158.796000    2240.000000   41.064000     2280.000000   42.996000     2.14880E-03  8.56847E-05  23.481700  81.680500
3  1420.000000   158.796000    0.000000      85.461000     80.000000     95.232000     7.74204E-03  2.29961E-04  8.468530  70.743000
3  1420.000000   158.796000    40.000000     89.773000     120.000000    103.752000    5.05994E-03  1.62260E-04  12.149100  73.447600
3  1420.000000   158.796000    400.000000    112.646000    480.000000    115.862000    1.35261E-02  3.52809E-04  24.893700  58.038500
3  1420.000000   158.796000    440.000000    114.190000    520.000000    117.315000    6.88610E-03  2.20451E-04  25.200100  73.582300
3  1420.000000   158.796000    720.000000    99.688000     800.000000    112.086000    1.44268E-02  3.76304E-04  31.276600  58.038500
3  1420.000000   158.796000    760.000000    109.364000    840.000000    110.374000    1.43682E-02  3.74774E-04  29.578900  58.038500
3  1420.000000   158.796000    800.000000    112.086000    880.000000    97.963000     1.75599E-02  3.97270E-04  28.365500  50.469700
3  1420.000000   158.796000    840.000000    110.374000    920.000000    98.528000     2.51519E-02  4.37638E-04  29.041600  37.102900
3  1420.000000   158.796000    880.000000    97.963000     960.000000    99.983000     3.23044E-02  4.31399E-04  26.705800  30.517400
3  1420.000000   158.796000    920.000000    98.528000     1000.000000   109.284000    3.98976E-02  4.88291E-04  22.845600  24.290000
3  1420.000000   158.796000    960.000000    99.983000     1040.000000   125.393000    4.90896E-02  5.19736E-04  22.378100  8.952940
3  1420.000000   158.796000    1000.000000   109.284000    1080.000000   127.088000    4.82982E-02  5.11357E-04  23.913200  8.952930
3  1420.000000   158.796000    1760.000000   106.406000    1840.000000   86.557000     6.55880E-02  6.79741E-04  15.396100  6.686100
3  1420.000000   158.796000    1800.000000   92.674000     1880.000000   78.369000     6.58297E-02  6.82246E-04  17.532800  6.686100
3  1420.000000   158.796000    1840.000000   86.557000     1920.000000   69.798000     5.46574E-02  5.76324E-04  20.547400  8.038330
3  1420.000000   158.796000    1880.000000   78.369000     1960.000000   70.212000     3.81628E-02  4.67059E-04  21.360300  24.290000
3  1420.000000   158.796000    1920.000000   69.798000     2000.000000   66.527000     3.06332E-02  4.93069E-04  21.479200  36.345700
3  1420.000000   158.796000    1960.000000   70.212000     2040.000000   61.428000     1.73260E-02  3.91978E-04  22.567500  50.469700
3  1420.000000   158.796000    2000.000000   66.527000     2080.000000   55.293000     9.75066E-03  2.75473E-04  27.371000  68.357400
3  1420.000000   158.796000    2040.000000   61.428000     2120.000000   43.879000     8.07585E-03  2.39876E-04  25.183900  70.742800
3  1420.000000   158.796000    2200.000000   41.028000     2280.000000   42.996000     4.85583E-03  1.55893E-04  24.176700  73.452400
3  1420.000000   158.796000    0.000000      85.461000     160.000000    106.465000    1.16329E-02  3.18605E-04  10.217100  61.447500
3  1420.000000   158.796000    40.000000     89.773000     200.000000    103.693000    9.06704E-03  2.69330E-04  11.698800  70.743200
3  1420.000000   158.796000    80.000000     95.232000     240.000000    107.318000    8.77803E-03  2.60809E-04  15.472300  70.744200
3  1420.000000   158.796000    120.000000    103.752000    280.000000    107.758000    9.27091E-03  2.75404E-04  17.195200  70.742800
3  1420.000000   158.796000    160.000000    106.465000    320.000000    109.059000    1.06239E-02  3.00163E-04  20.166000  68.358100
3  1420.000000   158.796000    200.000000    103.693000    360.000000    107.422000    1.14411E-02  3.13224E-04  22.121700  61.446600
3  1420.000000   158.796000    400.000000    112.646000    560.000000    107.062000    2.02257E-02  4.64002E-04  25.326000  50.529500
3  1420.000000   158.796000    440.000000    114.190000    600.000000    109.602000    1.50546E-02  3.92678E-04  26.301300  58.038500
3  1420.000000   158.796000    480.000000    115.862000    640.000000    94.241000     1.50772E-02  3.93268E-04  26.663800  58.038500
3  1420.000000   158.796000    520.000000    117.315000    680.000000    91.001000     1.93104E-02  4.43004E-04  27.731100  50.529500
3  1420.000000   158.796000    560.000000    107.062000    720.000000    99.688000     2.11449E-02  4.66490E-04  28.067300  45.474500
3  1420.000000   158.796000    600.000000    109.602000    760.000000    109.364000    2.43939E-02  4.24449E-04  29.309400  37.102900
3  1420.000000   158.796000    2080.000000   55.293000     2240.000000   41.064000     1.12540E-02  3.08333E-04  24.916900  61.449800
3  1420.000000   158.796000    2120.000000   43.879000     2280.000000   42.996000     8.32731E-03  2.47876E-04  27.746100  70.753600
3  1460.000000   159.081000    0.000000      85.461000     40.000000     89.773000     4.55469E-03  1.46058E-04  21.438900  73.446400
3  1460.000000   159.081000    440.000000    114.190000    480.000000    115.862000    4.12027E-03  1.39067E-04  18.258500  74.229900
3  1460.000000   159.081000    1120.000000   112.650000    1160.000000   107.119000    4.67272E-02  4.94734E-04  31.021200  8.953000
3  1460.000000   159.081000    1160.000000   107.119000    1200.000000   112.156000    3.60993E-02  6.54892E-04  27.759200  27.654400
3  1460.000000   159.081000    1200.000000   112.156000    1240.000000   121.717000    5.06996E-02  5.36782E-04  28.552800  8.952910
3  1460.000000   159.081000    1240.000000   121.717000    1280.000000   118.242000    6.07580E-02  6.40651E-04  30.308600  8.038320
3  1460.000000   159.081000    1320.000000   121.622000    1360.000000   139.168000    4.08283E-01  1.04914E-02  9.961680  8.927430
3  1460.000000   159.081000    1360.000000   139.168000    1400.000000   152.179000    7.49651E-01  7.89270E-03  4.369400  1.862730
3  1460.000000   159.081000    1560.000000   155.128000    1600.000000   139.326000    2.71702E-01  2.72786E-03  8.095440  2.638820
3  1460.000000   159.081000    1600.000000   139.326000    1640.000000   117.482000    3.12619E-01  3.13810E-03  12.012300  2.185080
3  1460.000000   159.081000    1640.000000   117.482000    1680.000000   108.805000    1.76309E-01  1.78049E-03  14.966400  3.588510
3  1460.000000   159.081000    1680.000000   108.805000    1720.000000   105.823000    8.84807E-02  9.05113E-04  14.662800  5.549350
3  1460.000000   159.081000    1720.000000   105.823000    1760.000000   106.406000    8.48102E-02  8.77548E-04  13.010400  6.263240
3  1460.000000   159.081000    1760.000000   106.406000    1800.000000   92.674000     4.63432E-02  5.21787E-04  15.636800  15.475700
3  1460.000000   159.081000    2240.000000   41.064000     2280.000000   42.996000     2.35922E-03  9.40758E-05  28.350200  81.680700
3  1460.000000   159.081000    0.000000      85.461000     80.000000     95.232000     7.28028E-03  2.33070E-04  22.727200  73.582300
3  1460.000000   159.081000    40.000000     89.773000     120.000000    103.752000    4.73868E-03  1.51958E-04  25.909300  73.446400
3  1460.000000   159.081000    440.000000    114.190000    520.000000    117.315000    6.37574E-03  2.04115E-04  21.121900  73.588700
3  1460.000000   159.081000    760.000000    109.364000    840.000000    110.374000    1.30258E-02  3.56583E-04  27.520300  61.446400
3  1460.000000   159.081000    800.000000    112.086000    880.000000    97.963000     1.57759E-02  3.56909E-04  26.318000  50.469700
3  1460.000000   159.081000    840.000000    110.374000    920.000000    98.528000     2.23644E-02  4.93397E-04  27.181400  45.474500
3  1460.000000   159.081000    880.000000    97.963000     960.000000    99.983000     2.86680E-02  4.61440E-04  25.062300  36.345700
3  1460.000000   159.081000    920.000000    98.528000     1000.000000   109.284000    3.53320E-02  4.71841E-04  21.268200  30.517400
3  1460.000000   159.081000    960.000000    99.983000     1040.000000   125.393000    4.29276E-02  4.81708E-04  20.684600  15.460700
3  1460.000000   159.081000    1000.000000   109.284000    1080.000000   127.088000    4.16623E-02  4.67505E-04  22.067600  15.460700
3  1460.000000   159.081000    1040.000000   125.393000    1120.000000   112.650000    4.08971E-02  4.58915E-04  24.405500  15.460700
3  1460.000000   159.081000    1800.000000   92.674000     1880.000000   78.369000     8.29513E-02  9.95291E-04  20.561700  7.545020
3  1460.000000   159.081000    1840.000000   86.557000     1920.000000   69.798000     6.81109E-02  8.69456E-04  24.616600  8.456840
3  1460.000000   159.081000    1880.000000   78.369000     1960.000000   70.212000     4.63911E-02  5.20643E-04  21.514300  15.461100
3  1460.000000   159.081000    1920.000000   69.798000     2000.000000   66.527000     3.69979E-02  4.52891E-04  21.733400  24.290200
3  1460.000000   159.081000    1960.000000   70.212000     2040.000000   61.428000     2.07737E-02  4.58334E-04  22.973800  45.474600
3  1460.000000   159.081000    2000.000000   66.527000     2080.000000   55.293000     1.15718E-02  3.16797E-04  28.084500  61.446400
3  1460.000000   159.081000    2040.000000   61.428000     2120.000000   43.879000     9.11500E-03  2.70769E-04  28.197400  70.742800
3  1460.000000   159.081000    2080.000000   55.293000     2160.000000   41.041000     1.14089E-02  3.12359E-04  18.837700  61.448000
3  1460.000000   159.081000    2160.000000   41.041000     2240.000000   41.064000     1.04307E-03  5.78162E-05  141.652000  124.170000
3  1460.000000   159.081000    2200.000000   41.028000     2280.000000   42.996000     5.35004E-03  1.71564E-04  29.208900  73.446700
3  1460.000000   159.081000    0.000000      85.461000     160.000000    106.465000    1.09040E-02  3.08061E-04  24.502100  68.357500
3  1460.000000   159.081000    40.000000     89.773000     200.000000    103.693000    8.47513E-03  2.51752E-04  23.571900  70.742900
3  1460.000000   159.081000    80.000000     95.232000     240.000000    107.318000    8.19789E-03  2.43603E-04  23.647000  70.743700
3  1460.000000   159.081000    120.000000    103.752000    280.000000    107.758000    8.66024E-03  2.57242E-04  22.278800  70.742800
3  1460.000000   159.081000    160.000000    106.465000    320.000000    109.059000    9.90517E-03  2.79954E-04  21.499700  68.357400
3  1460.000000   159.081000    200.000000    103.693000    360.000000    107.422000    1.06781E-02  3.01676E-04  22.871600  68.357400
3  1460.000000   159.081000    400.000000    112.646000    560.000000    107.062000    1.80070E-02  4.13102E-04  11.211100  61.550600
3  1460.000000   159.081000    440.000000    114.190000    600.000000    109.602000    1.39139E-02  3.62926E-04  23.341100  58.038500
3  1460.000000   159.081000    480.000000    115.862000    640.000000    94.241000     1.38744E-02  3.61966E-04  25.152200  58.042500
3  1460.000000   159.081000    520.000000    117.315000    680.000000    91.001000     1.77652E-02  4.01915E-04  25.695300  50.469700
3  1460.000000   159.081000    560.000000    107.062000    720.000000    99.688000     1.93350E-02  4.43568E-04  26.075100  50.529500
3  1460.000000   159.081000    600.000000    109.602000    760.000000    109.364000    2.22622E-02  4.91140E-04  27.366500  45.474500
3  1460.000000   159.081000    640.000000    94.241000     800.000000    112.086000    2.48056E-02  4.31612E-04  28.139600  37.102900
3  1460.000000   159.081000    2120.000000   43.879000     2280.000000   42.996000     9.19708E-03  2.73198E-04  32.423700  70.742900
3  1500.000000   168.145000    1160.000000   107.119000    1200.000000   112.156000    2.93021E-02  4.71650E-04  26.654300  36.539700
3  1500.000000   168.145000    1200.000000   112.156000    1240.000000   121.717000    4.02753E-02  4.92921E-04  27.476500  24.290000
3  1500.000000   168.145000    1240.000000   121.717000    1280.000000   118.242000    4.53603E-02  5.09002E-04  29.138700  15.460700
3  1500.000000   168.145000    1280.000000   118.242000    1320.000000   121.622000    6.25825E-02  6.59901E-04  23.193300  8.038330
3  1500.000000   168.145000    1320.000000   121.622000    1360.000000   139.168000    2.51120E-01  2.52082E-03  17.620800  2.635070
3  1500.000000   168.145000    1360.000000   139.168000    1400.000000   152.179000    4.16128E-01  4.17368E-03  5.472610  2.156820
3  1500.000000   168.145000    1400.000000   152.179000    1440.000000   160.534000    6.01623E-01  6.02694E-03  7.572390  1.753540
3  1500.000000   168.145000    1560.000000   155.128000    1600.000000   139.326000    5.00919E-01  5.01811E-03  7.038440  1.753490
3  1500.000000   168.145000    1600.000000   139.326000    1640.000000   117.482000    5.09755E-01  5.10662E-03  10.620200  1.753510
3  1500.000000   168.145000    1640.000000   117.482000    1680.000000   108.805000    2.48481E-01  2.49423E-03  13.360700  2.635010
3  1500.000000   168.145000    1680.000000   108.805000    1720.000000   105.823000    1.15680E-01  1.17016E-03  13.169800  4.536820
3  1500.000000   168.145000    1720.000000   105.823000    1760.000000   106.406000    1.06569E-01  1.07800E-03  11.527700  4.536820
3  1500.000000   168.145000    1760.000000   106.406000    1800.000000   92.674000     5.61354E-02  5.91908E-04  14.740100  8.038330
3  1500.000000   168.145000    1800.000000   92.674000     1840.000000   86.557000     4.45898E-02  5.00347E-04  12.593800  15.460700
3  1500.000000   168.145000    2240.000000   41.064000     2280.000000   42.996000     2.54952E-03  1.01664E-04  30.198700  81.681000
3  1500.000000   168.145000    800.000000    112.086000    880.000000    97.963000     1.44832E-02  3.77775E-04  23.004200  58.038500
3  1500.000000   168.145000    840.000000    110.374000    920.000000    98.528000     2.03801E-02  4.67548E-04  24.264100  50.529500
3  1500.000000   168.145000    880.000000    97.963000     960.000000    99.983000     2.60103E-02  4.52584E-04  22.753100  37.102900
3  1500.000000   168.145000    920.000000    98.528000     1000.000000   109.284000    3.18909E-02  4.25900E-04  19.489700  30.517400
3  1500.000000   168.145000    960.000000    99.983000     1040.000000   125.393000    3.83563E-02  4.69458E-04  18.944600  24.290000
3  1500.000000   168.145000    1000.000000   109.284000    1080.000000   127.088000    3.68517E-02  4.51032E-04  20.289400  24.290000
3  1500.000000   168.145000    1040.000000   125.393000    1120.000000   112.650000    3.53062E-02  4.71497E-04  22.591300  30.517400
3  1500.000000   168.145000    1080.000000   127.088000    1160.000000   107.119000    5.82411E-02  6.14147E-04  27.590200  8.038380
3  1500.000000   168.145000    1840.000000   86.557000     1920.000000   69.798000     8.05242E-02  8.26001E-04  19.610100  6.162940
3  1500.000000   168.145000    1880.000000   78.369000     1960.000000   70.212000     5.45819E-02  5.77886E-04  21.130700  8.952910
3  1500.000000   168.145000    1920.000000   69.798000     2000.000000   66.527000     4.31236E-02  4.83894E-04  21.472200  15.460700
3  1500.000000   168.145000    1960.000000   70.212000     2040.000000   61.428000     2.40016E-02  4.17623E-04  22.885600  37.102900
3  1500.000000   168.145000    2000.000000   66.527000     2080.000000   55.293000     1.32111E-02  3.61655E-04  28.309300  61.446400
3  1500.000000   168.145000    2040.000000   61.428000     2120.000000   43.879000     1.00488E-02  2.83897E-04  30.515100  68.357400
3  1500.000000   168.145000    2080.000000   55.293000     2160.000000   41.041000     1.23654E-02  3.38551E-04  20.525600  61.447400
3  1500.000000   168.145000    2120.000000   43.879000     2200.000000   41.028000     4.22969E-03  1.43649E-04  34.252700  74.211800
3  1500.000000   168.145000    2200.000000   41.028000     2280.000000   42.996000     5.79067E-03  1.85692E-04  29.916800  73.465200
3  1500.000000   168.145000    80.000000     95.232000     240.000000    107.318000    7.74506E-03  2.55542E-04  0.342430  73.592000
3  1500.000000   168.145000    120.000000    103.752000    280.000000    107.758000    8.20501E-03  2.46347E-04  1.191340  70.763400
3  1500.000000   168.145000    160.000000    106.465000    320.000000    109.059000    9.38857E-03  2.80059E-04  2.710820  70.799400
3  1500.000000   168.145000    200.000000    103.693000    360.000000    107.422000    1.01068E-02  2.85943E-04  7.000320  68.372100
3  1500.000000   168.145000    240.000000    107.318000    400.000000    112.646000    1.12070E-02  3.16621E-04  10.593100  68.358200
3  1500.000000   168.145000    280.000000    107.758000    440.000000    114.190000    1.33989E-02  3.49494E-04  13.005500  58.038600
3  1500.000000   168.145000    320.000000    109.059000    480.000000    115.862000    1.45909E-02  3.80585E-04  14.425900  58.038500
3  1500.000000   168.145000    360.000000    107.422000    520.000000    117.315000    1.39610E-02  3.64155E-04  15.192400  58.038500
3  1500.000000   168.145000    400.000000    112.646000    560.000000    107.062000    1.42303E-02  3.71179E-04  16.629700  58.038500
3  1500.000000   168.145000    440.000000    114.190000    600.000000    109.602000    1.30652E-02  3.57661E-04  17.937600  61.446400
3  1500.000000   168.145000    480.000000    115.862000    640.000000    94.241000     1.29786E-02  3.55292E-04  18.990800  61.446400
3  1500.000000   168.145000    520.000000    117.315000    680.000000    91.001000     1.66015E-02  3.75589E-04  20.658100  50.469700
3  1500.000000   168.145000    560.000000    107.062000    720.000000    99.688000     1.80084E-02  4.13136E-04  21.248500  50.529500
3  1500.000000   168.145000    600.000000    109.602000    760.000000    109.364000    2.06999E-02  4.56675E-04  22.875900  45.474500
3  1500.000000   168.145000    640.000000    94.241000     800.000000    112.086000    2.30340E-02  5.08169E-04  24.143500  45.474500
3  1500.000000   168.145000    680.000000    91.001000     840.000000    110.374000    2.31929E-02  5.11675E-04  24.125000  45.474500
3  1540.000000   164.126000    0.000000      85.461000     40.000000     89.773000     4.15168E-03  1.40147E-04  -7.536840  74.186100
3  1540.000000   164.126000    1200.000000   112.156000    1240.000000   121.717000    3.35077E-02  4.47472E-04  27.006100  30.517400
3  1540.000000   164.126000    1240.000000   121.717000    1280.000000   118.242000    3.63291E-02  4.44621E-04  28.125600  24.290000
3  1540.000000   164.126000    1280.000000   118.242000    1320.000000   121.622000    4.75236E-02  5.03161E-04  22.288200  8.952920
3  1540.000000   164.126000    1320.000000   121.622000    1360.000000   139.168000    1.73913E-01  1.75049E-03  16.922800  3.534110
3  1540.000000   164.126000    1360.000000   139.168000    1400.000000   152.179000    2.68687E-01  2.69713E-03  4.969690  2.635180
3  1540.000000   164.126000    1400.000000   152.179000    1440.000000   160.534000    3.39143E-01  6.75709E-03  -11.614500  20.184400
3  1540.000000   164.126000    1440.000000   160.534000    1480.000000   164.497000    7.37170E-01  7.45692E-03  5.946550  1.863880
3  1540.000000   164.126000    1600.000000   139.326000    1640.000000   117.482000    9.32062E-01  2.27861E-02  16.162800  15.237000
3  1540.000000   164.126000    1640.000000   117.482000    1680.000000   108.805000    3.62309E-01  3.63374E-03  12.729800  2.156260
3  1540.000000   164.126000    1680.000000   108.805000    1720.000000   105.823000    1.52407E-01  1.53398E-03  12.331100  3.534080
3  1540.000000   164.126000    1720.000000   105.823000    1760.000000   106.406000    1.33469E-01  1.34626E-03  10.728600  4.013510
3  1540.000000   164.126000    1760.000000   106.406000    1800.000000   92.674000     6.58540E-02  6.82498E-04  14.000900  6.686090
3  1540.000000   164.126000    1800.000000   92.674000     1840.000000   86.557000     5.29395E-02  5.60497E-04  11.713700  8.952920
3  1540.000000   164.126000    1840.000000   86.557000     1880.000000   78.369000     6.30624E-02  6.64949E-04  18.105800  8.038330
3  1540.000000   164.126000    2240.000000   41.064000     2280.000000   42.996000     2.73190E-03  1.08936E-04  28.540700  81.680500
3  1540.000000   164.126000    0.000000      85.461000     80.000000     95.232000     6.63261E-03  2.12336E-04  -5.362400  73.582300
3  1540.000000   164.126000    40.000000     89.773000     120.000000    103.752000    4.30692E-03  1.45365E-04  0.637770  74.186100
3  1540.000000   164.126000    840.000000    110.374000    920.000000    98.528000     1.88595E-02  4.32660E-04  24.470300  50.529500
3  1540.000000   164.126000    880.000000    97.963000     960.000000    99.983000     2.39117E-02  4.16059E-04  22.724700  37.102900
3  1540.000000   164.126000    920.000000    98.528000     1000.000000   109.284000    2.90903E-02  4.68237E-04  19.291200  36.345700
3  1540.000000   164.126000    960.000000    99.983000     1040.000000   125.393000    3.47425E-02  4.63965E-04  18.702900  30.517400
3  1540.000000   164.126000    1000.000000   109.284000    1080.000000   127.088000    3.31655E-02  4.42902E-04  19.921600  30.517400
3  1540.000000   164.126000    1040.000000   125.393000    1120.000000   112.650000    3.13802E-02  4.19061E-04  21.892100  30.517400
3  1540.000000   164.126000    1080.000000   127.088000    1160.000000   107.119000    5.09164E-02  5.39077E-04  26.726800  8.952950
3  1540.000000   164.126000    1120.000000   112.650000    1200.000000   112.156000    5.90001E-02  6.22121E-04  27.603600  8.038520
3  1540.000000   164.126000    1880.000000   78.369000     1960.000000   70.212000     6.35046E-02  6.69612E-04  20.291800  8.038330
3  1540.000000   164.126000    1920.000000   69.798000     2000.000000   66.527000     4.95320E-02  5.24420E-04  20.679300  8.952920
3  1540.000000   164.126000    1960.000000   70.212000     2040.000000   61.428000     2.72655E-02  4.38863E-04  22.098600  36.345700
3  1540.000000   164.126000    2000.000000   66.527000     2080.000000   55.293000     1.47837E-02  3.85612E-04  27.416200  58.038500
3  1540.000000   164.126000    2040.000000   61.428000     2120.000000   43.879000     1.09589E-02  3.09608E-04  28.217900  68.357400
3  1540.000000   164.126000    2080.000000   55.293000     2160.000000   41.041000     1.33726E-02  3.66086E-04  17.506000  61.446400
3  1540.000000   164.126000    2120.000000   43.879000     2200.000000   41.028000     4.72192E-03  1.51626E-04  35.550700  73.447300
3  1540.000000   164.126000    2200.000000   41.028000     2280.000000   42.996000     6.22187E-03  1.99698E-04  29.767900  73.582900
3  1540.000000   164.126000    0.000000      85.461000     160.000000    106.465000    9.91876E-03  2.80222E-04  -1.826120  68.357500
3  1540.000000   164.126000    40.000000     89.773000     200.000000    103.693000    7.69687E-03  2.46409E-04  0.516884  73.583400
3  1540.000000   164.126000    80.000000     95.232000     240.000000    107.318000    7.43033E-03  2.38712E-04  3.991470  73.582900
3  1540.000000   164.126000    120.000000    103.752000    280.000000    107.758000    7.83726E-03  2.32930E-04  5.066370  70.742900
3  1540.000000   164.126000    160.000000    106.465000    320.000000    109.059000    8.94390E-03  2.65713E-04  6.158160  70.742900
3  1540.000000   164.126000    200.000000    103.693000    360.000000    107.422000    9.61424E-03  2.71677E-04  11.151000  68.357400
3  1540.000000   164.126000    240.000000    107.318000    400.000000    112.646000    1.06368E-02  3.00514E-04  13.839900  68.357400
3  1540.000000   164.126000    280.000000    107.758000    440.000000    114.190000    1.26950E-02  3.47529E-04  17.608800  61.446500
3  1540.000000   164.126000    320.000000    109.059000    480.000000    115.862000    1.38011E-02  3.59984E-04  19.201000  58.052900
3  1540.000000   164.126000    360.000000    107.422000    520.000000    117.315000    1.31975E-02  3.61284E-04  19.677900  61.461700
3  1540.000000   164.126000    400.000000    112.646000    560.000000    107.062000    1.34325E-02  3.50369E-04  20.169300  58.045700
3  1540.000000   164.126000    440.000000    114.190000    600.000000    109.602000    1.23142E-02  3.37102E-04  20.089900  61.446400
3  1540.000000   164.126000    480.000000    115.862000    640.000000    94.241000     1.22244E-02  3.34644E-04  20.711300  61.446400
3  1540.000000   164.126000    520.000000    117.315000    680.000000    91.001000     1.56051E-02  3.53047E-04  22.123900  50.469700
3  1540.000000   164.126000    560.000000    107.062000    720.000000    99.688000     1.69216E-02  3.82829E-04  22.438800  50.469700
3  1540.000000   164.126000    600.000000    109.602000    760.000000    109.364000    1.94198E-02  4.45514E-04  23.967000  50.529500
3  1540.000000   164.126000    640.000000    94.241000     800.000000    112.086000    2.15789E-02  4.76065E-04  25.288900  45.474500
3  1540.000000   164.126000    680.000000    91.001000     840.000000    110.374000    2.16814E-02  4.78326E-04  24.886600  45.474500
3  1540.000000   164.126000    720.000000    99.688000     880.000000    97.963000     2.48622E-02  4.32597E-04  24.921300  37.102900
3  1580.000000   146.735000    1240.000000   121.717000    1280.000000   118.242000    2.88111E-02  4.63746E-04  27.620400  36.345700
3  1580.000000   146.735000    1280.000000   118.242000    1320.000000   121.622000    3.51620E-02  4.69567E-04  21.173200  30.517400
3  1580.000000   146.735000    1320.000000   121.622000    1360.000000   139.168000    1.22704E-01  1.24131E-03  16.863300  4.536820
3  1580.000000   146.735000    1360.000000   139.168000    1400.000000   152.179000    1.82036E-01  1.83230E-03  5.131940  3.534190
3  1580.000000   146.735000    1400.000000   152.179000    1440.000000   160.534000    2.09599E-01  2.10613E-03  7.048410  3.023090
3  1580.000000   146.735000    1440.000000   160.534000    1480.000000   164.497000    3.90986E-01  3.92135E-03  6.596300  2.156270
3  1580.000000   146.735000    1480.000000   164.497000    1520.000000   168.092000    6.34165E-01  1.96530E-02  11.453200  23.296400
3  1580.000000   146.735000    1640.000000   117.482000    1680.000000   108.805000    7.31439E-01  1.45863E-02  7.124760  9.292770
3  1580.000000   146.735000    1680.000000   108.805000    1720.000000   105.823000    2.27921E-01  2.29022E-03  10.999900  3.023070
3  1580.000000   146.735000    1720.000000   105.823000    1760.000000   106.406000    1.82061E-01  1.83244E-03  9.455000  3.534080
3  1580.000000   146.735000    1760.000000   106.406000    1800.000000   92.674000     8.38241E-02  8.59851E-04  13.146700  6.162930
3  1580.000000   146.735000    1800.000000   92.674000     1840.000000   86.557000     6.50920E-02  6.74600E-04  10.489400  6.686100
3  1580.000000   146.735000    1840.000000   86.557000     1880.000000   78.369000     7.70727E-02  7.90596E-04  16.887600  6.162930
3  1580.000000   146.735000    1880.000000   78.369000     1920.000000   69.798000     3.70434E-02  4.53359E-04  18.845700  24.290000
3  1580.000000   146.735000    2240.000000   41.064000     2280.000000   42.996000     2.95873E-03  1.17981E-04  29.151900  81.680500
3  1580.000000   146.735000    880.000000    97.963000     960.000000    99.983000     2.19489E-02  4.84230E-04  22.266000  45.474500
3  1580.000000   146.735000    920.000000    98.528000     1000.000000   109.284000    2.67046E-02  4.64665E-04  18.793900  37.102900
3  1580.000000   146.735000    960.000000    99.983000     1040.000000   125.393000    3.16990E-02  4.23334E-04  18.163300  30.517400
3  1580.000000   146.735000    1000.000000   109.284000    1080.000000   127.088000    3.00585E-02  4.83828E-04  19.292300  36.345700
3  1580.000000   146.735000    1040.000000   125.393000    1120.000000   112.650000    2.79100E-02  4.49242E-04  21.279800  36.345700
3  1580.000000   146.735000    1080.000000   127.088000    1160.000000   107.119000    4.44697E-02  4.99030E-04  26.265900  15.460800
3  1580.000000   146.735000    1120.000000   112.650000    1200.000000   112.156000    5.09321E-02  5.39279E-04  27.373800  8.953100
3  1580.000000   146.735000    1160.000000   107.119000    1240.000000   121.717000    4.92743E-02  5.21711E-04  26.683700  8.952970
3  1580.000000   146.735000    1920.000000   69.798000     2000.000000   66.527000     5.86019E-02  6.17916E-04  19.570700  8.038330
3  1580.000000   146.735000    1960.000000   70.212000     2040.000000   61.428000     3.19774E-02  4.27036E-04  21.036100  30.517400
3  1580.000000   146.735000    2000.000000   66.527000     2080.000000   55.293000     1.71443E-02  3.87867E-04  26.539400  50.469700
3  1580.000000   146.735000    2040.000000   61.428000     2120.000000   43.879000     1.22075E-02  3.34182E-04  28.858900  61.446400
3  1580.000000   146.735000    2080.000000   55.293000     2160.000000   41.041000     1.45881E-02  3.80510E-04  18.914600  58.038500
3  1580.000000   146.735000    2120.000000   43.879000     2200.000000   41.028000     5.24546E-03  1.68249E-04  34.720400  73.446500
3  1580.000000   146.735000    2160.000000   41.041000     2240.000000   41.064000     1.64058E-03  7.09525E-05  121.295000  82.040000
3  1580.000000   146.735000    2200.000000   41.028000     2280.000000   42.996000     6.75797E-03  2.16349E-04  29.941700  73.582300
3  1580.000000   146.735000    80.000000     95.232000     240.000000    107.318000    7.02725E-03  2.24986E-04  6.642270  73.582700
3  1580.000000   146.735000    120.000000    103.752000    280.000000    107.758000    7.40704E-03  2.37136E-04  8.395640  73.582300
3  1580.000000   146.735000    160.000000    106.465000    320.000000    109.059000    8.44632E-03  2.50957E-04  10.013500  70.742900
3  1580.000000   146.735000    200.000000    103.693000    360.000000    107.422000    9.07360E-03  2.69568E-04  12.723600  70.743000
3  1580.000000   146.735000    240.000000    107.318000    400.000000    112.646000    1.00301E-02  2.83371E-04  13.118700  68.357400
3  1580.000000   146.735000    280.000000    107.758000    440.000000    114.190000    1.19604E-02  3.27420E-04  14.645300  61.446400
3  1580.000000   146.735000    320.000000    109.059000    480.000000    115.862000    1.30002E-02  3.55882E-04  15.299300  61.446400
3  1580.000000   146.735000    360.000000    107.422000    520.000000    117.315000    1.24176E-02  3.39933E-04  15.983000  61.446400
3  1580.000000   146.735000    400.000000    112.646000    560.000000    107.062000    1.26254E-02  3.45622E-04  17.280000  61.446400
3  1580.000000   146.735000    440.000000    114.190000    600.000000    109.602000    1.15578E-02  3.16396E-04  18.498000  61.446400
3  1580.000000   146.735000    480.000000    115.862000    640.000000    94.241000     1.14384E-02  3.13127E-04  19.499700  61.446400
3  1580.000000   146.735000    520.000000    117.315000    680.000000    91.001000     1.45998E-02  3.80815E-04  20.965400  58.038500
3  1580.000000   146.735000    560.000000    107.062000    720.000000    99.688000     1.57724E-02  3.56830E-04  21.538800  50.469700
3  1580.000000   146.735000    600.000000    109.602000    760.000000    109.364000    1.80806E-02  4.14791E-04  23.247600  50.529500
3  1580.000000   146.735000    640.000000    94.241000     800.000000    112.086000    2.00834E-02  4.60737E-04  24.619700  50.529500
3  1580.000000   146.735000    680.000000    91.001000     840.000000    110.374000    2.01184E-02  4.61540E-04  24.307800  50.529500
3  1580.000000   146.735000    720.000000    99.688000     880.000000    97.963000     2.30377E-02  5.08249E-04  24.335000  45.474500
3  1580.000000   146.735000    760.000000    109.364000    920.000000    98.528000     2.77262E-02  4.46281E-04  23.989900  36.345700
3  1620.000000   129.172000    1280.000000   118.242000    1320.000000   121.622000    2.57719E-02  4.48970E-04  20.752700  37.103300
3  1620.000000   129.172000    1320.000000   121.622000    1360.000000   139.168000    8.55873E-02  8.88679E-04  18.335300  6.173200
3  1620.000000   129.172000    1360.000000   139.168000    1400.000000   152.179000    1.22076E-01  1.24115E-03  8.799340  4.544490
3  1620.000000   129.172000    1400.000000   152.179000    1440.000000   160.534000    1.32612E-01  1.33860E-03  7.987200  4.016580
3  1620.000000   129.172000    1440.000000   160.534000    1480.000000   164.497000    2.22281E-01  2.23379E-03  6.888520  3.024810
3  1620.000000   129.172000    1480.000000   164.497000    1520.000000   168.092000    3.01427E-01  3.02572E-03  12.101000  2.635730
3  1620.000000   129.172000    1520.000000   168.092000    1560.000000   155.128000    6.98506E-01  6.99763E-03  7.993750  1.754140
3  1620.000000   129.172000    1680.000000   108.805000    1720.000000   105.823000    4.50008E-01  4.50809E-03  10.418000  1.753480
3  1620.000000   129.172000    1760.000000   106.406000    1800.000000   92.674000     1.18900E-01  1.20274E-03  14.336200  4.536820
3  1620.000000   129.172000    1800.000000   92.674000     1840.000000   86.557000     9.05102E-02  9.21919E-04  9.549760  5.510580
3  1620.000000   129.172000    1840.000000   86.557000     1880.000000   78.369000     1.04361E-01  1.05570E-03  16.054600  4.536900
3  1620.000000   129.172000    1880.000000   78.369000     1920.000000   69.798000     4.92029E-02  5.20946E-04  17.533600  8.952940
3  1620.000000   129.172000    1920.000000   69.798000     1960.000000   70.212000     4.97723E-02  5.27024E-04  18.475600  8.953050
3  1620.000000   129.172000    2240.000000   41.064000     2280.000000   42.996000     3.32293E-03  1.12154E-04  20.199600  74.186100
3  1620.000000   129.172000    920.000000    98.528000     1000.000000   109.284000    2.35702E-02  4.12104E-04  17.607900  37.103700
3  1620.000000   129.172000    960.000000    99.983000     1040.000000   125.393000    2.77608E-02  4.49167E-04  17.310700  36.346700
3  1620.000000   129.172000    1000.000000   109.284000    1080.000000   127.088000    2.61474E-02  4.56304E-04  18.518000  37.103600
3  1620.000000   129.172000    1040.000000   125.393000    1120.000000   112.650000    2.39748E-02  4.17833E-04  20.285000  37.103400
3  1620.000000   129.172000    1080.000000   127.088000    1160.000000   107.119000    3.75854E-02  4.61988E-04  25.548300  24.291200
3  1620.000000   129.172000    1120.000000   112.650000    1200.000000   112.156000    4.25174E-02  4.83410E-04  27.015100  15.465800
3  1620.000000   129.172000    1160.000000   107.119000    1240.000000   121.717000    4.01053E-02  4.95072E-04  26.756700  24.292400
3  1620.000000   129.172000    1200.000000   112.156000    1280.000000   118.242000    4.48890E-02  5.05217E-04  27.254400  15.461800
3  1620.000000   129.172000    1960.000000   70.212000     2040.000000   61.428000     4.02127E-02  4.92216E-04  19.988200  24.290200
3  1620.000000   129.172000    2000.000000   66.527000     2080.000000   55.293000     2.10670E-02  4.64776E-04  25.049700  45.474600
3  1620.000000   129.172000    2040.000000   61.428000     2120.000000   43.879000     1.42814E-02  3.72522E-04  21.719000  58.038600
3  1620.000000   129.172000    2080.000000   55.293000     2160.000000   41.041000     1.66994E-02  3.85405E-04  7.504000  50.471600
3  1620.000000   129.172000    2120.000000   43.879000     2200.000000   41.028000     6.27037E-03  2.11306E-04  29.049400  73.695500
3  1620.000000   129.172000    2200.000000   41.028000     2280.000000   42.996000     7.60403E-03  2.80734E-04  21.671200  73.658800
3  1620.000000   129.172000    200.000000    103.693000    360.000000    107.422000    8.39697E-03  2.50609E-04  10.577000  70.880300
3  1620.000000   129.172000    240.000000    107.318000    400.000000    112.646000    9.30758E-03  2.67696E-04  3.334770  68.421500
3  1620.000000   129.172000    280.000000    107.758000    440.000000    114.190000    1.11435E-02  3.13711E-04  2.159660  61.474300
3  1620.000000   129.172000    320.000000    109.059000    480.000000    115.862000    1.21273E-02  3.35041E-04  0.397766  61.447400
3  1620.000000   129.172000    360.000000    107.422000    520.000000    117.315000    1.15873E-02  3.17385E-04  0.842463  61.459600
3  1620.000000   129.172000    400.000000    112.646000    560.000000    107.062000    1.17344E-02  3.21263E-04  2.718220  61.463900
3  1620.000000   129.172000    440.000000    114.190000    600.000000    109.602000    1.06696E-02  3.01460E-04  3.625530  68.357700
3  1620.000000   129.172000    480.000000    115.862000    640.000000    94.241000     1.05165E-02  2.97156E-04  4.440950  68.357500
3  1620.000000   129.172000    520.000000    117.315000    680.000000    91.001000     1.33525E-02  3.48672E-04  7.504290  58.039500
3  1620.000000   129.172000    560.000000    107.062000    720.000000    99.688000     1.44095E-02  3.76248E-04  7.687910  58.038800
3  1620.000000   129.172000    600.000000    109.602000    760.000000    109.364000    1.64773E-02  3.73259E-04  10.581000  50.470000
3  1620.000000   129.172000    640.000000    94.241000     800.000000    112.086000    1.82520E-02  4.19154E-04  13.418900  50.529700
3  1620.000000   129.172000    680.000000    91.001000     840.000000    110.374000    1.82463E-02  4.18884E-04  13.770200  50.529700
3  1620.000000   129.172000    720.000000    99.688000     880.000000    97.963000     2.08015E-02  4.59314E-04  15.802100  45.474600
3  1620.000000   129.172000    760.000000    109.364000    920.000000    98.528000     2.49225E-02  4.34444E-04  16.612900  37.103100
3  1620.000000   129.172000    800.000000    112.086000    960.000000    99.983000     3.07049E-02  4.11292E-04  17.197500  30.517700
3  1660.000000   114.079000    1320.000000   121.622000    1360.000000   139.168000    5.77624E-02  6.09382E-04  17.593800  8.038410
3  1660.000000   114.079000    1360.000000   139.168000    1400.000000   152.179000    7.73258E-02  7.93579E-04  4.422450  6.163060
3  1660.000000   114.079000    1400.000000   152.179000    1440.000000   160.534000    7.98763E-02  8.19539E-04  7.157020  6.162950
3  1660.000000   114.079000    1440.000000   160.534000    1480.000000   164.497000    1.23553E-01  1.25007E-03  6.632420  4.536840
3  1660.000000   114.079000    1480.000000   164.497000    1520.000000   168.092000    1.39745E-01  1.40972E-03  10.207600  4.013530
3  1660.000000   114.079000    1520.000000   168.092000    1560.000000   155.128000    2.23149E-01  2.24242E-03  7.597140  3.023090
3  1660.000000   114.079000    1560.000000   155.128000    1600.000000   139.326000    4.04257E-01  4.05458E-03  7.305730  2.156280
3  1660.000000   114.079000    1760.000000   106.406000    1800.000000   92.674000     2.15056E-01  2.16095E-03  11.849300  3.023070
3  1660.000000   114.079000    1800.000000   92.674000     1840.000000   86.557000     1.51675E-01  1.52661E-03  9.308490  3.534100
3  1660.000000   114.079000    1840.000000   86.557000     1880.000000   78.369000     1.65151E-01  1.66224E-03  15.843900  3.534090
3  1660.000000   114.079000    1880.000000   78.369000     1920.000000   69.798000     7.72085E-02  7.91989E-04  17.960400  6.162920
3  1660.000000   114.079000    1920.000000   69.798000     1960.000000   70.212000     7.25937E-02  7.52347E-04  18.668700  6.686090
3  1660.000000   114.079000    1960.000000   70.212000     2000.000000   66.527000     3.63726E-02  4.45150E-04  19.024900  24.290000
3  1660.000000   114.079000    2240.000000   41.064000     2280.000000   42.996000     3.94359E-03  1.33102E-04  31.679800  74.186100
3  1660.000000   114.079000    960.000000    99.983000     1040.000000   125.393000    2.22511E-02  4.91028E-04  13.868900  45.474500
3  1660.000000   114.079000    1000.000000   109.284000    1080.000000   127.088000    2.08616E-02  4.60317E-04  14.912300  45.474500
3  1660.000000   114.079000    1040.000000   125.393000    1120.000000   112.650000    1.92083E-02  4.40696E-04  16.816400  50.529500
3  1660.000000   114.079000    1080.000000   127.088000    1160.000000   107.119000    2.98846E-02  4.81091E-04  21.990100  36.345700
3  1660.000000   114.079000    1120.000000   112.650000    1200.000000   112.156000    3.33730E-02  4.45993E-04  23.368200  30.517500
3  1660.000000   114.079000    1160.000000   107.119000    1240.000000   121.717000    3.08427E-02  4.12080E-04  23.231600  30.517400
3  1660.000000   114.079000    1200.000000   112.156000    1280.000000   118.242000    3.41398E-02  4.55934E-04  24.393700  30.517400
3  1660.000000   114.079000    1240.000000   121.717000    1320.000000   121.622000    3.63459E-02  4.44867E-04  22.597100  24.290000
3  1660.000000   114.079000    2000.000000   66.527000     2080.000000   55.293000     2.83250E-02  4.55916E-04  25.967300  36.345700
3  1660.000000   114.079000    2040.000000   61.428000     2120.000000   43.879000     1.79022E-02  4.05014E-04  30.089700  50.469700
3  1660.000000   114.079000    2080.000000   55.293000     2160.000000   41.041000     2.04372E-02  4.68856E-04  20.850900  50.529500
3  1660.000000   114.079000    2120.000000   43.879000     2200.000000   41.028000     8.47486E-03  2.52035E-04  34.943500  70.742800
3  1660.000000   114.079000    2160.000000   41.041000     2240.000000   41.064000     3.15461E-03  1.11396E-04  95.659400  74.276700
3  1660.000000   114.079000    2200.000000   41.028000     2280.000000   42.996000     9.11019E-03  2.70786E-04  32.320400  70.742900
3  1660.000000   114.079000    240.000000    107.318000    400.000000    112.646000    7.98962E-03  2.37658E-04  3.781650  70.742800
3  1660.000000   114.079000    280.000000    107.758000    440.000000    114.190000    9.49704E-03  2.68671E-04  5.669480  68.357400
3  1660.000000   114.079000    320.000000    109.059000    480.000000    115.862000    1.02785E-02  2.90950E-04  6.583900  68.357400
3  1660.000000   114.079000    360.000000    107.422000    520.000000    117.315000    9.81881E-03  2.77983E-04  7.418710  68.357400
3  1660.000000   114.079000    400.000000    112.646000    560.000000    107.062000    9.95287E-03  2.81204E-04  9.014760  68.357400
3  1660.000000   114.079000    440.000000    114.190000    600.000000    109.602000    9.08226E-03  2.69773E-04  10.441700  70.742800
3  1660.000000   114.079000    480.000000    115.862000    640.000000    94.241000     9.00015E-03  2.67337E-04  11.692300  70.742800
3  1660.000000   114.079000    520.000000    117.315000    680.000000    91.001000     1.13833E-02  3.11631E-04  13.283500  61.446400
3  1660.000000   114.079000    560.000000    107.062000    720.000000    99.688000     1.23515E-02  3.38143E-04  14.072400  61.446400
3  1660.000000   114.079000    600.000000    109.602000    760.000000    109.364000    1.40781E-02  3.67233E-04  15.850300  58.038500
3  1660.000000   114.079000    640.000000    94.241000     800.000000    112.086000    1.55076E-02  3.50878E-04  17.402600  50.469700
3  1660.000000   114.079000    680.000000    91.001000     840.000000    110.374000    1.55181E-02  3.51106E-04  17.406100  50.469700
3  1660.000000   114.079000    720.000000    99.688000     880.000000    97.963000     1.75573E-02  3.97257E-04  17.835500  50.469700
3  1660.000000   114.079000    760.000000    109.364000    920.000000    98.528000     2.10068E-02  4.63509E-04  17.974800  45.474500
3  1660.000000   114.079000    800.000000    112.086000    960.000000    99.983000     2.55690E-02  4.45003E-04  16.924800  37.102900
3  1660.000000   114.079000    840.000000    110.374000    1000.000000   109.284000    3.20940E-02  4.28798E-04  15.953700  30.517400
3  1700.000000   106.988000    1360.000000   139.168000    1400.000000   152.179000    5.60944E-02  5.92587E-04  10.491500  8.040600
3  1700.000000   106.988000    1400.000000   152.179000    1440.000000   160.534000    5.63770E-02  5.95003E-04  8.897770  8.039560
3  1700.000000   106.988000    1440.000000   160.534000    1480.000000   164.497000    8.36736E-02  8.59085E-04  8.035940  6.163990
3  1700.000000   106.988000    1480.000000   164.497000    1520.000000   168.092000    8.74828E-02  8.97801E-04  10.967900  6.163330
3  1700.000000   106.988000    1520.000000   168.092000    1560.000000   155.128000    1.23428E-01  1.24900E-03  7.438170  4.537160
3  1700.000000   106.988000    1560.000000   155.128000    1600.000000   139.326000    1.89467E-01  1.90429E-03  7.142620  3.023340
3  1700.000000   106.988000    1600.000000   139.326000    1640.000000   117.482000    5.63163E-01  5.64256E-03  11.189500  1.753740
3  1700.000000   106.988000    1760.000000   106.406000    1800.000000   92.674000     4.70434E-01  4.71271E-03  9.382590  1.753480
3  1700.000000   106.988000    1800.000000   92.674000     1840.000000   86.557000     2.63817E-01  2.64817E-03  7.332050  2.635010
3  1700.000000   106.988000    1840.000000   86.557000     1880.000000   78.369000     2.66914E-01  2.67926E-03  14.052800  2.635000
3  1700.000000   106.988000    1880.000000   78.369000     1920.000000   69.798000     1.15503E-01  1.16837E-03  16.006100  4.536810
3  1700.000000   106.988000    1920.000000   69.798000     1960.000000   70.212000     1.04797E-01  1.06007E-03  16.488600  4.536820
3  1700.000000   106.988000    1960.000000   70.212000     2000.000000   66.527000     5.14187E-02  5.44395E-04  16.617200  8.952920
3  1700.000000   106.988000    2000.000000   66.527000     2040.000000   61.428000     2.81140E-02  4.52523E-04  20.032900  36.345700
3  1700.000000   106.988000    2240.000000   41.064000     2280.000000   42.996000     4.55147E-03  1.45954E-04  23.614500  73.446300
3  1700.000000   106.988000    1000.000000   109.284000    1080.000000   127.088000    1.77501E-02  4.01701E-04  20.045500  50.469800
3  1700.000000   106.988000    1040.000000   125.393000    1120.000000   112.650000    1.61847E-02  3.66219E-04  21.506400  50.469700
3  1700.000000   106.988000    1080.000000   127.088000    1160.000000   107.119000    2.49033E-02  4.33444E-04  26.346100  37.103000
3  1700.000000   106.988000    1120.000000   112.650000    1200.000000   112.156000    2.75931E-02  4.44671E-04  27.603600  36.346100
3  1700.000000   106.988000    1160.000000   107.119000    1240.000000   121.717000    2.50852E-02  4.36809E-04  27.193800  37.103200
3  1700.000000   106.988000    1200.000000   112.156000    1280.000000   118.242000    2.72082E-02  4.37998E-04  27.776700  36.345800
3  1700.000000   106.988000    1240.000000   121.717000    1320.000000   121.622000    2.79592E-02  4.50107E-04  25.131300  36.345800
3  1700.000000   106.988000    1280.000000   118.242000    1360.000000   139.168000    5.69409E-02  6.01228E-04  20.681600  8.040200
3  1700.000000   106.988000    2040.000000   61.428000     2120.000000   43.879000     2.25060E-02  4.96518E-04  26.481500  45.474500
3  1700.000000   106.988000    2080.000000   55.293000     2160.000000   41.041000     2.43531E-02  4.23739E-04  15.894100  37.104100
3  1700.000000   106.988000    2120.000000   43.879000     2200.000000   41.028000     1.05278E-02  2.97445E-04  25.518900  68.358900
3  1700.000000   106.988000    2160.000000   41.041000     2240.000000   41.064000     4.10935E-03  1.39031E-04  69.323500  74.188900
3  1700.000000   106.988000    2200.000000   41.028000     2280.000000   42.996000     1.05934E-02  2.99342E-04  23.633700  68.358300
3  1700.000000   106.988000    280.000000    107.758000    440.000000    114.190000    8.49357E-03  2.52289E-04  10.459700  70.745900
3  1700.000000   106.988000    320.000000    109.059000    480.000000    115.862000    9.18092E-03  2.72724E-04  11.373900  70.742900
3  1700.000000   106.988000    360.000000    107.422000    520.000000    117.315000    8.76186E-03  2.60266E-04  12.223200  70.742800
3  1700.000000   106.988000    400.000000    112.646000    560.000000    107.062000    8.86250E-03  2.63248E-04  14.088600  70.742800
3  1700.000000   106.988000    440.000000    114.190000    600.000000    109.602000    8.06866E-03  2.39667E-04  15.751100  70.742800
3  1700.000000   106.988000    480.000000    115.862000    640.000000    94.241000     7.97578E-03  2.36908E-04  17.139200  70.742800
3  1700.000000   106.988000    520.000000    117.315000    680.000000    91.001000     1.00632E-02  2.84305E-04  19.128500  68.357400
3  1700.000000   106.988000    560.000000    107.062000    720.000000    99.688000     1.08971E-02  3.07869E-04  19.759000  68.357400
3  1700.000000   106.988000    600.000000    109.602000    760.000000    109.364000    1.23974E-02  3.39391E-04  21.552400  61.446400
3  1700.000000   106.988000    640.000000    94.241000     800.000000    112.086000    1.36288E-02  3.55510E-04  23.195200  58.038500
3  1700.000000   106.988000    680.000000    91.001000     840.000000    110.374000    1.36081E-02  3.54966E-04  23.032500  58.038500
3  1700.000000   106.988000    720.000000    99.688000     880.000000    97.963000     1.53494E-02  4.00403E-04  23.581300  58.038500
3  1700.000000   106.988000    760.000000    109.364000    920.000000    98.528000     1.82850E-02  4.19540E-04  23.549600  50.529500
3  1700.000000   106.988000    800.000000    112.086000    960.000000    99.983000     2.21630E-02  4.89047E-04  22.490400  45.474600
3  1700.000000   106.988000    840.000000    110.374000    1000.000000   109.284000    2.76945E-02  4.45987E-04  21.514800  36.345800
3  1700.000000   106.988000    880.000000    97.963000     1040.000000   125.393000    3.29564E-02  4.40482E-04  20.709500  30.517500
3  1780.000000   102.279000    160.000000    106.465000    200.000000    103.693000    1.00138E-03  5.27192E-05  -12.802100  132.153000
3  1780.000000   102.279000    1440.000000   160.534000    1480.000000   164.497000    4.04618E-02  4.95471E-04  8.672180  24.290400
3  1780.000000   102.279000    1480.000000   164.497000    1520.000000   168.092000    3.88398E-02  4.75473E-04  6.981700  24.290200
3  1780.000000   102.279000    1520.000000   168.092000    1560.000000   155.128000    4.93884E-02  5.23043E-04  9.870130  8.953250
3  1780.000000   102.279000    1560.000000   155.128000    1600.000000   139.326000    6.31479E-02  6.65970E-04  6.121610  8.038550
3  1780.000000   102.279000    1600.000000   139.326000    1640.000000   117.482000    1.43502E-01  1.44772E-03  11.108700  4.013990
3  1780.000000   102.279000    1680.000000   108.805000    1720.000000   105.823000    6.54424E-01  7.20174E-03  7.693970  1.775350
3  1780.000000   102.279000    1840.000000   86.557000     1880.000000   78.369000     8.62840E-01  1.50035E-02  13.243900  9.318830
3  1780.000000   102.279000    1880.000000   78.369000     1920.000000   69.798000     2.83849E-01  2.84925E-03  15.269400  2.635000
3  1780.000000   102.279000    1920.000000   69.798000     1960.000000   70.212000     2.36728E-01  2.37625E-03  15.567400  2.635000
3  1780.000000   102.279000    1960.000000   70.212000     2000.000000   66.527000     1.09177E-01  1.10439E-03  15.827800  4.536810
3  1780.000000   102.279000    2000.000000   66.527000     2040.000000   61.428000     5.72526E-02  6.03694E-04  18.908800  8.038330
3  1780.000000   102.279000    2040.000000   61.428000     2080.000000   55.293000     2.05445E-02  4.71315E-04  31.154100  50.529500
3  1780.000000   102.279000    2080.000000   55.293000     2120.000000   43.879000     1.81870E-02  4.17233E-04  24.371100  50.529500
3  1780.000000   102.279000    2120.000000   43.879000     2160.000000   41.041000     1.87977E-02  4.31281E-04  11.738000  50.530200
3  1780.000000   102.279000    2240.000000   41.064000     2280.000000   42.996000     6.33280E-03  2.02738E-04  23.475900  73.582300
3  1780.000000   102.279000    160.000000    106.465000    240.000000    107.318000    2.12741E-03  9.00382E-05  -9.126500  86.287000
3  1780.000000   102.279000    200.000000    103.693000    280.000000    107.758000    2.26242E-03  9.84196E-05  -3.383460  82.185900
3  1780.000000   102.279000    1080.000000   127.088000    1160.000000   107.119000    1.60323E-02  3.62760E-04  24.088500  50.470400
3  1780.000000   102.279000    1120.000000   112.650000    1200.000000   112.156000    1.75134E-02  3.96286E-04  25.523900  50.470500
3  1780.000000   102.279000    1160.000000   107.119000    1240.000000   121.717000    1.55607E-02  3.52089E-04  25.745400  50.470100
3  1780.000000   102.279000    1200.000000   112.156000    1280.000000   118.242000    1.65683E-02  3.74889E-04  26.644300  50.470000
3  1780.000000   102.279000    1240.000000   121.717000    1320.000000   121.622000    1.66086E-02  3.75786E-04  24.415800  50.469900
3  1780.000000   102.279000    1280.000000   118.242000    1360.000000   139.168000    3.14596E-02  4.20508E-04  21.077300  30.518400
3  1780.000000   102.279000    1320.000000   121.622000    1400.000000   152.179000    5.20114E-02  5.51820E-04  16.556600  8.957810
3  1780.000000   102.279000    1360.000000   139.168000    1440.000000   160.534000    5.75005E-02  6.07108E-04  11.578200  8.040880
3  1780.000000   102.279000    2160.000000   41.041000     2240.000000   41.064000     7.58405E-03  2.25612E-04  56.040400  70.743100
3  1780.000000   102.279000    160.000000    106.465000    320.000000    109.059000    4.57464E-03  1.55728E-04  -3.701560  74.460000
3  1780.000000   102.279000    360.000000    107.422000    520.000000    117.315000    6.41386E-03  2.05333E-04  9.534140  73.582400
3  1780.000000   102.279000    400.000000    112.646000    560.000000    107.062000    6.45872E-03  2.06771E-04  10.887500  73.582400
3  1780.000000   102.279000    440.000000    114.190000    600.000000    109.602000    5.85600E-03  1.87790E-04  11.767500  73.446400
3  1780.000000   102.279000    480.000000    115.862000    640.000000    94.241000     5.78592E-03  1.85542E-04  13.124800  73.446400
3  1780.000000   102.279000    520.000000    117.315000    680.000000    91.001000     7.23936E-03  2.31763E-04  14.269500  73.582500
3  1780.000000   102.279000    560.000000    107.062000    720.000000    99.688000     7.85554E-03  2.33339E-04  15.358800  70.743000
3  1780.000000   102.279000    600.000000    109.602000    760.000000    109.364000    8.88977E-03  2.64059E-04  17.314100  70.743000
3  1780.000000   102.279000    640.000000    94.241000     800.000000    112.086000    9.70039E-03  2.74060E-04  18.676300  68.357600
3  1780.000000   102.279000    680.000000    91.001000     840.000000    110.374000    9.67298E-03  2.73283E-04  18.967200  68.357600
3  1780.000000   102.279000    720.000000    99.688000     880.000000    97.963000     1.07998E-02  3.05118E-04  19.396800  68.357500
3  1780.000000   102.279000    760.000000    109.364000    920.000000    98.528000     1.27971E-02  3.50330E-04  19.776500  61.446500
3  1780.000000   102.279000    800.000000    112.086000    960.000000    99.983000     1.52870E-02  3.98751E-04  18.962800  58.038700
3  1780.000000   102.279000    840.000000    110.374000    1000.000000   109.284000    1.87890E-02  4.31057E-04  18.248400  50.529800
3  1780.000000   102.279000    880.000000    97.963000     1040.000000   125.393000    2.20331E-02  4.86107E-04  17.767200  45.474900
3  1780.000000   102.279000    920.000000    98.528000     1080.000000   127.088000    2.24934E-02  4.96263E-04  17.139700  45.474800
3  1780.000000   102.279000    960.000000    99.983000     1120.000000   112.650000    2.30685E-02  5.08953E-04  17.677700  45.474900
3  1780.000000   102.279000    40.000000     89.773000     360.000000    107.422000    8.92247E-03  4.45722E-04  -2.941150  76.571400
3  1780.000000   102.279000    80.000000     95.232000     400.000000    112.646000    9.18951E-03  4.13166E-04  15.967600  70.964500
3  1780.000000   102.279000    120.000000    103.752000    440.000000    114.190000    1.03122E-02  2.95615E-04  0.595096  68.446000
3  1780.000000   102.279000    160.000000    106.465000    480.000000    115.862000    1.13072E-02  3.14198E-04  3.596630  61.457100
3  1860.000000   83.352000     0.000000      85.461000     40.000000     89.773000     1.63486E-03  6.52353E-05  -15.711200  81.680800
3  1860.000000   83.352000     1520.000000   168.092000    1560.000000   155.128000    2.30496E-02  5.09491E-04  14.442000  45.474900
3  1860.000000   83.352000     1560.000000   155.128000    1600.000000   139.326000    2.86207E-02  4.61932E-04  12.858500  36.346000
3  1860.000000   83.352000     1600.000000   139.326000    1640.000000   117.482000    6.14620E-02  6.52468E-04  14.981200  8.039610
3  1860.000000   83.352000     1640.000000   117.482000    1680.000000   108.805000    1.44050E-01  1.45861E-03  16.537000  4.015890
3  1860.000000   83.352000     1680.000000   108.805000    1720.000000   105.823000    1.78237E-01  1.79554E-03  14.194100  3.534510
3  1860.000000   83.352000     1720.000000   105.823000    1760.000000   106.406000    3.46876E-01  3.47983E-03  13.565300  2.156440
3  1860.000000   83.352000     1760.000000   106.406000    1800.000000   92.674000     3.31858E-01  3.32847E-03  13.839200  2.156290
3  1860.000000   83.352000     1960.000000   70.212000     2000.000000   66.527000     2.68158E-01  2.69174E-03  12.471500  2.635000
3  1860.000000   83.352000     2000.000000   66.527000     2040.000000   61.428000     1.23072E-01  1.24495E-03  14.777600  4.536840
3  1860.000000   83.352000     2040.000000   61.428000     2080.000000   55.293000     3.99110E-02  4.88459E-04  27.872400  24.290000
3  1860.000000   83.352000     2080.000000   55.293000     2120.000000   43.879000     2.73729E-02  4.40605E-04  24.533400  36.345700
3  1860.000000   83.352000     2120.000000   43.879000     2160.000000   41.041000     2.74924E-02  4.55219E-04  11.303200  36.360800
3  1860.000000   83.352000     2240.000000   41.064000     2280.000000   42.996000     8.48243E-03  2.51953E-04  20.202600  70.742800
3  1860.000000   83.352000     0.000000      85.461000     80.000000     95.232000     2.62794E-03  1.04792E-04  -16.092000  81.681000
3  1860.000000   83.352000     40.000000     89.773000     120.000000    103.752000    1.73840E-03  6.93712E-05  -15.424200  81.681000
3  1860.000000   83.352000     1160.000000   107.119000    1240.000000   121.717000    9.42965E-03  2.66705E-04  30.145300  68.357900
3  1860.000000   83.352000     1200.000000   112.156000    1280.000000   118.242000    9.96345E-03  2.81803E-04  31.338400  68.357800
3  1860.000000   83.352000     1240.000000   121.717000    1320.000000   121.622000    1.00274E-02  2.83499E-04  29.896500  68.357700
3  1860.000000   83.352000     1280.000000   118.242000    1360.000000   139.168000    1.75340E-02  3.98983E-04  27.447000  50.470600
3  1860.000000   83.352000     1320.000000   121.622000    1400.000000   152.179000    2.69752E-02  4.83053E-04  26.892800  37.108800
3  1860.000000   83.352000     1360.000000   139.168000    1440.000000   160.534000    2.88864E-02  4.75124E-04  21.045600  36.349000
3  1860.000000   83.352000     1400.000000   152.179000    1480.000000   164.497000    3.43374E-02  4.62425E-04  14.241500  30.518500
3  1860.000000   83.352000     1440.000000   160.534000    1520.000000   168.092000    3.90999E-02  4.82919E-04  14.494300  24.291300
3  1860.000000   83.352000     2200.000000   41.028000     2280.000000   42.996000     2.06137E-02  4.54771E-04  21.059200  45.494700
3  1860.000000   83.352000     0.000000      85.461000     160.000000    106.465000    3.97578E-03  1.38752E-04  -14.653300  74.197000
3  1860.000000   83.352000     40.000000     89.773000     200.000000    103.693000    3.09627E-03  1.05809E-04  -14.639000  74.191100
3  1860.000000   83.352000     560.000000    107.062000    720.000000    99.688000     5.65780E-03  1.81526E-04  17.908000  73.446600
3  1860.000000   83.352000     600.000000    109.602000    760.000000    109.364000    6.35797E-03  2.03623E-04  19.608400  73.582700
3  1860.000000   83.352000     640.000000    94.241000     800.000000    112.086000    6.86418E-03  2.19828E-04  20.910600  73.582700
3  1860.000000   83.352000     680.000000    91.001000     840.000000    110.374000    6.84117E-03  2.19061E-04  21.340600  73.582600
3  1860.000000   83.352000     720.000000    99.688000     880.000000    97.963000     7.53046E-03  2.23745E-04  22.130700  70.743100
3  1860.000000   83.352000     760.000000    109.364000    920.000000    98.528000     8.87732E-03  2.63767E-04  22.867500  70.743100
3  1860.000000   83.352000     800.000000    112.086000    960.000000    99.983000     1.03917E-02  2.93711E-04  22.800300  68.357800
3  1860.000000   83.352000     840.000000    110.374000    1000.000000   109.284000    1.24691E-02  3.41545E-04  23.037400  61.446900
3  1860.000000   83.352000     880.000000    97.963000     1040.000000   125.393000    1.43221E-02  3.73864E-04  23.167800  58.039000
3  1860.000000   83.352000     920.000000    98.528000     1080.000000   127.088000    1.43244E-02  3.73913E-04  22.958400  58.039000
3  1860.000000   83.352000     960.000000    99.983000     1120.000000   112.650000    1.46447E-02  3.82290E-04  23.310600  58.039100
3  1860.000000   83.352000     1000.000000   109.284000    1160.000000   107.119000    1.73970E-02  3.94207E-04  26.452100  50.470300
3  1860.000000   83.352000     1040.000000   125.393000    1200.000000   112.156000    1.75469E-02  3.97611E-04  27.592600  50.470100
3  1860.000000   83.352000     0.000000      85.461000     320.000000    109.059000    7.34310E-03  2.40449E-04  12.875100  76.519300
3  1940.000000   71.729000     1600.000000   139.326000    1640.000000   117.482000    2.57735E-02  4.49717E-04  16.336500  37.108400
3  1940.000000   71.729000     1640.000000   117.482000    1680.000000   108.805000    5.29929E-02  5.81178E-04  17.550400  8.977470
3  1940.000000   71.729000     1680.000000   108.805000    1720.000000   105.823000    5.91156E-02  6.43668E-04  15.871200  8.049490
3  1940.000000   71.729000     1720.000000   105.823000    1760.000000   106.406000    1.03511E-01  1.08766E-03  15.550500  5.518350
3  1940.000000   71.729000     1760.000000   106.406000    1800.000000   92.674000     8.37396E-02  8.68329E-04  16.809600  6.164650
3  1940.000000   71.729000     1800.000000   92.674000     1840.000000   86.557000     1.50480E-01  1.53256E-03  10.676700  3.537530
3  1940.000000   71.729000     1840.000000   86.557000     1880.000000   78.369000     4.11035E-01  4.15051E-03  10.709500  2.159630
3  1940.000000   71.729000     2000.000000   66.527000     2040.000000   61.428000     3.32330E-01  3.33307E-03  10.669700  2.156450
3  1940.000000   71.729000     2040.000000   61.428000     2080.000000   55.293000     9.38286E-02  9.55719E-04  24.471100  5.510550
3  1940.000000   71.729000     2080.000000   55.293000     2120.000000   43.879000     4.65977E-02  5.22877E-04  26.668400  15.460700
3  1940.000000   71.729000     2120.000000   43.879000     2160.000000   41.041000     4.24423E-02  4.76699E-04  12.261400  15.471000
3  1940.000000   71.729000     2160.000000   41.041000     2200.000000   41.028000     3.85819E-03  1.30220E-04  131.900000  74.186100
3  1940.000000   71.729000     2200.000000   41.028000     2240.000000   41.064000     1.78330E-02  4.03448E-04  20.671700  50.469700
3  1940.000000   71.729000     2240.000000   41.064000     2280.000000   42.996000     1.17998E-02  3.23021E-04  21.289300  61.446400
3  1940.000000   71.729000     1240.000000   121.717000    1320.000000   121.622000    5.98198E-03  1.91616E-04  28.429300  73.582800
3  1940.000000   71.729000     1280.000000   118.242000    1360.000000   139.168000    9.70537E-03  2.74717E-04  26.132000  68.358800
3  1940.000000   71.729000     1320.000000   121.622000    1400.000000   152.179000    1.37833E-02  3.61390E-04  35.347800  58.083500
3  1940.000000   71.729000     1360.000000   139.168000    1440.000000   160.534000    1.42235E-02  3.71979E-04  29.261000  58.074200
3  1940.000000   71.729000     1400.000000   152.179000    1480.000000   164.497000    1.68170E-02  3.80917E-04  12.959400  50.471900
3  1940.000000   71.729000     1440.000000   160.534000    1520.000000   168.092000    1.86826E-02  4.28855E-04  13.151600  50.533500
3  1940.000000   71.729000     1480.000000   164.497000    1560.000000   155.128000    1.93617E-02  4.44254E-04  13.563600  50.532800
3  1940.000000   71.729000     1520.000000   168.092000    1600.000000   139.326000    2.27634E-02  5.02286E-04  12.692400  45.477500
3  1940.000000   71.729000     1000.000000   109.284000    1160.000000   107.119000    1.10950E-02  3.13930E-04  26.277400  68.358600
3  1940.000000   71.729000     1040.000000   125.393000    1200.000000   112.156000    1.10803E-02  3.13257E-04  26.380600  68.358800
3  1940.000000   71.729000     1080.000000   127.088000    1240.000000   121.717000    1.21556E-02  3.33046E-04  27.635200  61.448200
3  1940.000000   71.729000     1120.000000   112.650000    1280.000000   118.242000    1.27762E-02  3.50179E-04  28.589500  61.448400
3  2018.000000   63.729000     1680.000000   108.805000    1720.000000   105.823000    1.89571E-02  4.46195E-04  27.034600  50.586000
3  2018.000000   63.729000     1720.000000   105.823000    1760.000000   106.406000    3.06391E-02  5.74618E-04  25.271500  36.418400
3  2018.000000   63.729000     1760.000000   106.406000    1800.000000   92.674000     2.11106E-02  4.69078E-04  25.966900  45.489800
3  2018.000000   63.729000     1800.000000   92.674000     1840.000000   86.557000     3.09846E-02  4.27408E-04  20.258200  30.533600
3  2018.000000   63.729000     1840.000000   86.557000     1880.000000   78.369000     6.67049E-02  7.41318E-04  18.694200  6.719480
3  2018.000000   63.729000     1880.000000   78.369000     1920.000000   69.798000     8.80004E-02  9.24752E-04  17.159200  5.521830
3  2018.000000   63.729000     2080.000000   55.293000     2120.000000   43.879000     8.15261E-02  8.36278E-04  28.397000  6.162920
3  2018.000000   63.729000     2120.000000   43.879000     2160.000000   41.041000     6.26435E-02  6.60739E-04  17.313000  8.041290
3  2018.000000   63.729000     2160.000000   41.041000     2200.000000   41.028000     8.96905E-03  2.66407E-04  81.000400  70.742800
3  2018.000000   63.729000     2200.000000   41.028000     2240.000000   41.064000     2.40017E-02  4.17625E-04  18.282600  37.102900
3  2018.000000   63.729000     2240.000000   41.064000     2280.000000   42.996000     1.51286E-02  3.94608E-04  19.098200  58.038500
3  2018.000000   63.729000     1320.000000   121.622000    1400.000000   152.179000    7.55814E-03  2.25072E-04  85.444300  72.244200
3  2018.000000   63.729000     1360.000000   139.168000    1440.000000   160.534000    7.36930E-03  2.36079E-04  77.650700  74.936500
3  2018.000000   63.729000     1400.000000   152.179000    1480.000000   164.497000    8.67531E-03  2.61992E-04  33.040700  70.776300
3  2018.000000   63.729000     1440.000000   160.534000    1520.000000   168.092000    9.38028E-03  2.68864E-04  31.406900  68.398000
3  2018.000000   63.729000     1480.000000   164.497000    1560.000000   155.128000    9.28336E-03  2.77954E-04  30.255900  70.774300
3  2018.000000   63.729000     1520.000000   168.092000    1600.000000   139.326000    1.03236E-02  2.93622E-04  28.108100  68.389800
3  2018.000000   63.729000     1560.000000   155.128000    1640.000000   117.482000    1.63279E-02  3.75135E-04  29.823300  50.542600
3  2018.000000   63.729000     1600.000000   139.326000    1680.000000   108.805000    3.02055E-02  5.22501E-04  29.793000  36.478200
3  2100.000000   50.391000     1760.000000   106.406000    1800.000000   92.674000     1.08962E-02  3.16845E-04  18.253400  68.363300
3  2100.000000   50.391000     1800.000000   92.674000     1840.000000   86.557000     1.29847E-02  3.66236E-04  17.253100  61.452800
3  2100.000000   50.391000     1840.000000   86.557000     1880.000000   78.369000     2.35557E-02  5.59829E-04  20.453100  45.490600
3  2100.000000   50.391000     1880.000000   78.369000     1920.000000   69.798000     2.63032E-02  4.97951E-04  19.964800  37.118300
3  2100.000000   50.391000     1920.000000   69.798000     1960.000000   70.212000     3.46167E-02  5.16370E-04  22.921000  30.532500
3  2100.000000   50.391000     1960.000000   70.212000     2000.000000   66.527000     3.00827E-02  5.00859E-04  26.407600  36.351900
3  2100.000000   50.391000     2000.000000   66.527000     2040.000000   61.428000     3.80021E-02  4.84363E-04  27.010100  24.297400
3  2100.000000   50.391000     2160.000000   41.041000     2200.000000   41.028000     4.22651E-02  4.74265E-04  43.481500  15.460800
3  2100.000000   50.391000     2200.000000   41.028000     2240.000000   41.064000     3.89770E-02  4.77024E-04  21.276200  24.290000
3  2100.000000   50.391000     2240.000000   41.064000     2280.000000   42.996000     2.10288E-02  4.63929E-04  25.016700  45.474500
3  2100.000000   50.391000     1560.000000   155.128000    1640.000000   117.482000    1.14574E-02  3.39303E-04  11.935200  61.461400
3  2100.000000   50.391000     1600.000000   139.326000    1680.000000   108.805000    1.98455E-02  5.42989E-04  15.805500  50.558400
3  2100.000000   50.391000     1640.000000   117.482000    1720.000000   105.823000    2.31880E-02  6.07806E-04  16.787400  45.497100
3  2100.000000   50.391000     1680.000000   108.805000    1760.000000   106.406000    2.71071E-02  5.80997E-04  16.135500  37.138200
3  2180.000000   41.040000     1840.000000   86.557000     1880.000000   78.369000     1.27959E-02  3.58107E-04  18.171200  61.489000
3  2180.000000   41.040000     1880.000000   78.369000     1920.000000   69.798000     1.30105E-02  3.62872E-04  15.764400  61.474500
3  2180.000000   41.040000     1920.000000   69.798000     1960.000000   70.212000     1.58176E-02  3.66407E-04  17.934800  50.496100
3  2180.000000   41.040000     1960.000000   70.212000     2000.000000   66.527000     1.17840E-02  3.24469E-04  18.209100  61.453700
3  2180.000000   41.040000     2000.000000   66.527000     2040.000000   61.428000     9.89254E-03  2.80134E-04  20.986800  68.360200
3  2180.000000   41.040000     2040.000000   61.428000     2080.000000   55.293000     1.64838E-02  3.75161E-04  32.711300  50.477900
3  2180.000000   41.040000     2080.000000   55.293000     2120.000000   43.879000     5.45995E-02  5.98088E-04  26.065700  8.102680
3  2180.000000   41.040000     1520.000000   168.092000    1600.000000   139.326000    5.56387E-03  1.79079E-04  12.745000  73.464500
3  2180.000000   41.040000     1560.000000   155.128000    1640.000000   117.482000    8.44075E-03  2.52979E-04  14.306200  70.774300
3  2180.000000   41.040000     1600.000000   139.326000    1680.000000   108.805000    1.36118E-02  3.66750E-04  20.906800  58.263100
3  2180.000000   41.040000     1640.000000   117.482000    1720.000000   105.823000    1.53306E-02  4.15688E-04  21.247800  58.260900
3  2180.000000   41.040000     1680.000000   108.805000    1760.000000   106.406000    1.76026E-02  4.11654E-04  16.519600  50.559500
3  2180.000000   41.040000     1720.000000   105.823000    1800.000000   92.674000     1.71263E-02  3.98505E-04  16.925000  50.541400
3  2180.000000   41.040000     1760.000000   106.406000    1840.000000   86.557000     1.43421E-02  3.78051E-04  17.422900  58.064800
3  2180.000000   41.040000     1240.000000   121.717000    1400.000000   152.179000    7.41980E-03  2.38418E-04  46.968000  73.602100
3  2180.000000   41.040000     1280.000000   118.242000    1440.000000   160.534000    8.27269E-03  2.46733E-04  43.271300  70.769600
3  2180.000000   41.040000     1320.000000   121.622000    1480.000000   164.497000    9.79812E-03  2.78306E-04  36.457400  68.396500
3  2180.000000   41.040000     1360.000000   139.168000    1520.000000   168.092000    9.83336E-03  2.78883E-04  32.394200  68.396400
3  2260.000000   42.469000     1920.000000   69.798000     1960.000000   70.212000     8.64955E-03  2.61684E-04  10.421600  70.752300
3  2260.000000   42.469000     1960.000000   70.212000     2000.000000   66.527000     5.89667E-03  1.89954E-04  10.748200  73.449300
3  2260.000000   42.469000     2000.000000   66.527000     2040.000000   61.428000     4.15844E-03  1.40537E-04  13.518900  74.187400
3  2260.000000   42.469000     2040.000000   61.428000     2080.000000   55.293000     3.74551E-03  1.26577E-04  33.024200  74.192700
3  2260.000000   42.469000     2080.000000   55.293000     2120.000000   43.879000     3.25716E-03  1.09990E-04  34.389600  74.194200
3  2260.000000   42.469000     2120.000000   43.879000     2160.000000   41.041000     5.63763E-02  6.65240E-04  18.225700  8.351900
3  2260.000000   42.469000     2160.000000   41.041000     2200.000000   41.028000     2.76034E-01  2.83175E-03  9.358170  2.827180
3  2260.000000   42.469000     1760.000000   106.406000    1840.000000   86.557000     9.77945E-03  2.80843E-04  1.879110  68.364400
3  2260.000000   42.469000     1800.000000   92.674000     1880.000000   78.369000     1.30443E-02  3.67511E-04  5.181680  61.460100
3  2260.000000   42.469000     1840.000000   86.557000     1920.000000   69.798000     1.55310E-02  4.19130E-04  7.609360  58.054500
3  2260.000000   42.469000     1240.000000   121.717000    1400.000000   152.179000    6.20630E-03  2.13508E-04  30.704200  73.614700
3  2260.000000   42.469000     1280.000000   118.242000    1440.000000   160.534000    6.91141E-03  2.43367E-04  26.799300  73.801500
3  2260.000000   42.469000     1320.000000   121.622000    1480.000000   164.497000    8.17033E-03  2.70912E-04  18.703000  70.918200
3  2260.000000   42.469000     1360.000000   139.168000    1520.000000   168.092000    8.14411E-03  2.71232E-04  15.410200  70.872300
3  2411.000000   51.327000     2120.000000   43.879000     2160.000000   41.041000     9.09219E-03  2.79590E-04  23.183100  70.959700
3  2411.000000   51.327000     2160.000000   41.041000     2200.000000   41.028000     4.44028E-02  7.12532E-04  13.958600  17.389000
3  2411.000000   51.327000     2200.000000   41.028000     2240.000000   41.064000     5.37582E-02  6.21520E-04  6.143490  9.669930
3  2411.000000   51.327000     2240.000000   41.064000     2280.000000   42.996000     4.80569E-02  5.19519E-04  5.388410  9.140870
3  2411.000000   51.327000     1880.000000   78.369000     1960.000000   70.212000     7.34777E-03  2.39053E-04  13.729400  73.615500
3  2411.000000   51.327000     1920.000000   69.798000     2000.000000   66.527000     6.56223E-03  2.12645E-04  14.920100  73.612700
3  2411.000000   51.327000     1960.000000   70.212000     2040.000000   61.428000     4.37461E-03  1.48147E-04  14.381100  74.194900
3  2411.000000   51.327000     2000.000000   66.527000     2080.000000   55.293000     2.79941E-03  1.11654E-04  21.033100  81.680500
3  2585.000000   52.947000     2240.000000   41.064000     2280.000000   42.996000     8.72477E-03  2.67061E-04  8.554750  70.782700
3  2585.000000   52.947000     2120.000000   43.879000     2200.000000   41.028000     1.36761E-02  5.47622E-04  20.942600  60.510700
3  2585.000000   52.947000     2160.000000   41.041000     2240.000000   41.064000     2.42949E-02  1.06331E-03  16.490800  47.819900
3  2747.000000   62.815000     2240.000000   41.064000     2280.000000   42.996000     5.20759E-03  1.84549E-04  7.559190  73.761100
