L22 SSIP denoised F4 0.90625 Hz
10.000000
11
0
Type of measurement (0=app. resistivity,1=resistance)
1
1918                
1
1
Phase Angle
mrad
0,0.90625
Error estimate for data present
Type of error estimate (0=same unit as data)
0
3  -20.000000    87.212000     40.000000     89.773000     80.000000     95.232000     9.38753E-02  9.76960E-04  7.322910  5.593020
3  -20.000000    87.212000     80.000000     95.232000     120.000000    103.752000    3.19697E-02  4.29976E-04  -2.452090  30.522600
3  -20.000000    87.212000     120.000000    103.752000    160.000000    106.465000    1.66866E-02  3.78168E-04  21.061900  50.474500
3  -20.000000    87.212000     160.000000    106.465000    200.000000    103.693000    1.08625E-02  3.07004E-04  7.050240  72.229200
3  -20.000000    87.212000     200.000000    103.693000    240.000000    107.318000    1.49929E-02  3.92559E-04  8.832580  58.917800
3  -20.000000    87.212000     240.000000    107.318000    280.000000    107.758000    9.50386E-03  2.69012E-04  9.389310  68.359500
3  -20.000000    87.212000     280.000000    107.758000    320.000000    109.059000    8.95968E-03  2.66714E-04  10.139900  70.747200
3  -20.000000    87.212000     320.000000    109.059000    400.000000    112.646000    1.15406E-02  3.16608E-04  8.124740  61.450400
3  -20.000000    87.212000     360.000000    107.422000    440.000000    114.190000    1.17134E-02  3.21628E-04  10.281500  61.451700
3  -20.000000    87.212000     400.000000    112.646000    480.000000    115.862000    1.02756E-02  2.91212E-04  11.126200  68.362200
3  -20.000000    87.212000     440.000000    114.190000    520.000000    117.315000    6.36525E-03  2.04116E-04  10.802400  73.585100
3  -20.000000    87.212000     480.000000    115.862000    560.000000    107.062000    4.70254E-03  1.51025E-04  9.200750  73.448500
3  -20.000000    87.212000     520.000000    117.315000    600.000000    109.602000    4.57432E-03  1.46991E-04  11.497400  73.448700
3  -20.000000    87.212000     560.000000    107.062000    640.000000    94.241000     3.99024E-03  1.35005E-04  11.973200  74.188800
3  -20.000000    87.212000     600.000000    109.602000    680.000000    91.001000     4.28754E-03  1.45338E-04  13.433700  74.191500
3  -20.000000    87.212000     640.000000    94.241000     800.000000    112.086000    7.71340E-03  2.31068E-04  17.832500  70.753200
3  -20.000000    87.212000     680.000000    91.001000     840.000000    110.374000    6.94313E-03  2.24053E-04  17.927400  73.594100
3  -20.000000    87.212000     720.000000    99.688000     880.000000    97.963000     6.63521E-03  2.14277E-04  18.572500  73.596000
3  -20.000000    87.212000     760.000000    109.364000    920.000000    98.528000     6.88625E-03  2.25052E-04  13.758500  73.834400
3  -20.000000    87.212000     800.000000    112.086000    960.000000    99.983000     6.88323E-03  2.24917E-04  13.023200  73.839700
3  -20.000000    87.212000     840.000000    110.374000    1000.000000   109.284000    6.93722E-03  2.26443E-04  12.873100  73.829800
3  -20.000000    87.212000     880.000000    97.963000     1040.000000   125.393000    6.64647E-03  2.16783E-04  12.416900  73.834900
3  -20.000000    87.212000     920.000000    98.528000     1080.000000   127.088000    5.55120E-03  1.79456E-04  16.786700  73.462700
3  -20.000000    87.212000     960.000000    99.983000     1120.000000   112.650000    4.94938E-03  1.59814E-04  17.133600  73.461800
3  -20.000000    87.212000     1000.000000   109.284000    1160.000000   107.119000    4.98202E-03  1.60553E-04  20.325700  73.455900
3  -20.000000    87.212000     1040.000000   125.393000    1200.000000   112.156000    4.41512E-03  1.49756E-04  22.897700  74.196900
3  -20.000000    87.212000     1080.000000   127.088000    1240.000000   121.717000    4.35213E-03  1.47452E-04  25.238900  74.191100
3  -20.000000    87.212000     1120.000000   112.650000    1280.000000   118.242000    4.12720E-03  1.39770E-04  28.277400  74.189000
3  -20.000000    87.212000     1160.000000   107.119000    1320.000000   121.622000    3.31243E-03  1.12154E-04  31.478100  74.187600
3  -20.000000    87.212000     1200.000000   112.156000    1360.000000   139.168000    3.52292E-03  1.19163E-04  39.327400  74.187800
3  -20.000000    87.212000     1240.000000   121.717000    1400.000000   152.179000    3.56474E-03  1.20533E-04  43.412100  74.187100
3  -20.000000    87.212000     2000.000000   66.527000     2160.000000   41.041000     1.31556E-03  6.72941E-05  65.168300  123.492000
3  -20.000000    87.212000     2040.000000   61.428000     2200.000000   41.028000     7.92224E-04  4.04586E-05  71.988700  123.456000
3  -20.000000    87.212000     1280.000000   118.242000    1600.000000   139.326000    6.73240E-03  2.15720E-04  52.458100  73.582600
3  -20.000000    87.212000     1320.000000   121.622000    1640.000000   117.482000    7.29589E-03  2.33932E-04  56.125600  73.583700
3  -20.000000    87.212000     1360.000000   139.168000    1680.000000   108.805000    7.85372E-03  2.52089E-04  59.222400  73.588900
3  -20.000000    87.212000     1400.000000   152.179000    1720.000000   105.823000    8.14208E-03  2.61285E-04  62.166000  73.587700
3  -20.000000    87.212000     1440.000000   160.534000    1760.000000   106.406000    8.86807E-03  2.64168E-04  63.859200  70.749100
3  -20.000000    87.212000     1480.000000   164.497000    1800.000000   92.674000     8.86886E-03  2.64218E-04  65.526600  70.750100
3  -20.000000    87.212000     1520.000000   168.092000    1840.000000   86.557000     8.94097E-03  2.66385E-04  66.788400  70.750900
3  -20.000000    87.212000     1560.000000   155.128000    1880.000000   78.369000     9.34546E-03  2.78527E-04  68.721600  70.752400
3  -20.000000    87.212000     1600.000000   139.326000    1920.000000   69.798000     9.28338E-03  2.76498E-04  70.535300  70.750300
3  -20.000000    87.212000     1640.000000   117.482000    1960.000000   70.212000     8.73662E-03  2.60184E-04  72.380800  70.750400
3  -20.000000    87.212000     1680.000000   108.805000    2000.000000   66.527000     7.49692E-03  2.40480E-04  73.911600  73.588700
3  -20.000000    87.212000     1720.000000   105.823000    2040.000000   61.428000     6.56166E-03  2.10449E-04  75.211200  73.588400
3  -20.000000    87.212000     1760.000000   106.406000    2080.000000   55.293000     5.21437E-03  1.67358E-04  77.527600  73.449000
3  -20.000000    87.212000     1800.000000   92.674000     2120.000000   43.879000     4.68361E-03  1.58100E-04  77.118400  74.188400
3  -20.000000    87.212000     1840.000000   86.557000     2160.000000   41.041000     4.29765E-03  1.45715E-04  76.253400  74.206100
3  -20.000000    87.212000     1880.000000   78.369000     2200.000000   41.028000     2.92261E-03  1.17191E-04  79.924400  81.723200
3  -20.000000    87.212000     1920.000000   69.798000     2240.000000   41.064000     2.45153E-03  9.77589E-05  82.752000  81.691000
3  -20.000000    87.212000     1960.000000   70.212000     2280.000000   42.996000     1.85068E-03  7.39084E-05  84.405700  81.709600
3  60.000000     93.431000     120.000000    103.752000    160.000000    106.465000    6.65638E-02  6.99625E-04  12.069200  6.723100
3  60.000000     93.431000     160.000000    106.465000    200.000000    103.693000    2.81704E-02  4.54696E-04  1.070170  36.369100
3  60.000000     93.431000     200.000000    103.693000    240.000000    107.318000    3.91363E-02  4.86636E-04  10.658700  24.320400
3  60.000000     93.431000     240.000000    107.318000    280.000000    107.758000    2.12611E-02  4.70606E-04  5.095850  45.478100
3  60.000000     93.431000     280.000000    107.758000    320.000000    109.059000    2.04068E-02  4.70395E-04  9.917760  50.534200
3  60.000000     93.431000     320.000000    109.059000    360.000000    107.422000    1.22393E-02  3.35758E-04  5.015410  61.449000
3  60.000000     93.431000     360.000000    107.422000    400.000000    112.646000    1.14839E-02  3.15285E-04  9.805710  61.449900
3  60.000000     93.431000     400.000000    112.646000    480.000000    115.862000    2.01349E-02  4.64673E-04  11.352200  50.536800
3  60.000000     93.431000     440.000000    114.190000    520.000000    117.315000    1.23982E-02  3.40341E-04  11.213500  61.451000
3  60.000000     93.431000     480.000000    115.862000    560.000000    107.062000    9.05072E-03  2.69299E-04  11.844600  70.746700
3  60.000000     93.431000     520.000000    117.315000    600.000000    109.602000    8.53800E-03  2.54127E-04  14.024600  70.748400
3  60.000000     93.431000     560.000000    107.062000    640.000000    94.241000     7.35239E-03  2.35785E-04  14.828500  73.588800
3  60.000000     93.431000     600.000000    109.602000    680.000000    91.001000     7.69769E-03  2.29260E-04  17.898900  70.752500
3  60.000000     93.431000     640.000000    94.241000     720.000000    99.688000     7.65499E-03  2.45816E-04  21.079000  73.594100
3  60.000000     93.431000     680.000000    91.001000     760.000000    109.364000    6.81173E-03  2.18744E-04  23.209900  73.593300
3  60.000000     93.431000     720.000000    99.688000     880.000000    97.963000     1.13056E-02  3.10836E-04  26.655700  61.456600
3  60.000000     93.431000     760.000000    109.364000    920.000000    98.528000     1.16714E-02  3.31499E-04  28.336900  61.461900
3  60.000000     93.431000     800.000000    112.086000    960.000000    99.983000     1.15454E-02  3.27125E-04  29.831300  61.458100
3  60.000000     93.431000     840.000000    110.374000    1000.000000   109.284000    1.14607E-02  3.24170E-04  31.653100  61.454800
3  60.000000     93.431000     880.000000    97.963000     1040.000000   125.393000    1.08302E-02  3.16025E-04  33.221000  68.362900
3  60.000000     93.431000     920.000000    98.528000     1080.000000   127.088000    8.88058E-03  2.64489E-04  33.719800  70.745200
3  60.000000     93.431000     960.000000    99.983000     1120.000000   112.650000    7.88426E-03  2.34850E-04  34.171000  70.744700
3  60.000000     93.431000     1000.000000   109.284000    1160.000000   107.119000    7.90788E-03  2.35492E-04  36.361800  70.744000
3  60.000000     93.431000     1040.000000   125.393000    1200.000000   112.156000    6.99557E-03  2.24491E-04  37.553600  73.583100
3  60.000000     93.431000     1080.000000   127.088000    1240.000000   121.717000    6.90297E-03  2.21416E-04  38.161500  73.583100
3  60.000000     93.431000     1120.000000   112.650000    1280.000000   118.242000    6.53476E-03  2.09559E-04  38.904900  73.583200
3  60.000000     93.431000     1160.000000   107.119000    1320.000000   121.622000    5.26360E-03  1.68960E-04  39.431500  73.447200
3  60.000000     93.431000     1200.000000   112.156000    1360.000000   139.168000    5.57585E-03  1.78832E-04  40.670000  73.447600
3  60.000000     93.431000     1240.000000   121.717000    1400.000000   152.179000    5.57563E-03  1.78920E-04  35.413300  73.446600
3  60.000000     93.431000     1280.000000   118.242000    1440.000000   160.534000    5.50561E-03  1.76731E-04  32.078800  73.446600
3  60.000000     93.431000     1320.000000   121.622000    1480.000000   164.497000    5.75514E-03  1.84358E-04  26.801200  73.583100
3  60.000000     93.431000     2000.000000   66.527000     2160.000000   41.041000     1.86967E-03  7.45626E-05  51.205700  81.693300
3  60.000000     93.431000     2040.000000   61.428000     2200.000000   41.028000     1.13688E-03  6.00475E-05  37.491700  124.129000
3  60.000000     93.431000     1360.000000   139.168000    1680.000000   108.805000    1.18387E-02  3.24099E-04  20.933300  61.448000
3  60.000000     93.431000     1400.000000   152.179000    1720.000000   105.823000    1.22486E-02  3.35338E-04  21.079700  61.447600
3  60.000000     93.431000     1440.000000   160.534000    1760.000000   106.406000    1.33062E-02  3.47112E-04  19.908100  58.039600
3  60.000000     93.431000     1480.000000   164.497000    1800.000000   92.674000     1.32858E-02  3.46563E-04  19.474200  58.039400
3  60.000000     93.431000     1520.000000   168.092000    1840.000000   86.557000     1.33648E-02  3.48614E-04  18.869000  58.039300
3  60.000000     93.431000     1560.000000   155.128000    1880.000000   78.369000     1.39366E-02  3.63526E-04  18.844700  58.039500
3  60.000000     93.431000     1600.000000   139.326000    1920.000000   69.798000     1.38137E-02  3.60315E-04  19.153700  58.039200
3  60.000000     93.431000     1640.000000   117.482000    1960.000000   70.212000     1.29584E-02  3.38030E-04  18.944300  58.039300
3  60.000000     93.431000     1680.000000   108.805000    2000.000000   66.527000     1.10768E-02  3.03328E-04  18.551400  61.447400
3  60.000000     93.431000     1720.000000   105.823000    2040.000000   61.428000     9.67752E-03  2.73552E-04  18.934800  68.358400
3  60.000000     93.431000     1760.000000   106.406000    2080.000000   55.293000     7.67103E-03  2.27968E-04  20.916800  70.743300
3  60.000000     93.431000     1800.000000   92.674000     2120.000000   43.879000     6.84630E-03  2.19223E-04  25.126200  73.582400
3  60.000000     93.431000     1840.000000   86.557000     2160.000000   41.041000     6.24260E-03  2.00101E-04  30.522500  73.583400
3  60.000000     93.431000     1880.000000   78.369000     2200.000000   41.028000     4.25047E-03  1.37325E-04  26.668500  73.452900
3  140.000000    106.294000    0.000000      85.461000     40.000000     89.773000     8.09068E-02  8.29926E-04  3.654530  6.162930
3  140.000000    106.294000    40.000000     89.773000     80.000000     95.232000     8.56530E-02  8.78611E-04  5.070470  6.162930
3  140.000000    106.294000    200.000000    103.693000    240.000000    107.318000    1.01727E-01  1.05445E-03  7.445590  5.719970
3  140.000000    106.294000    240.000000    107.318000    280.000000    107.758000    4.29361E-02  6.42676E-04  9.651660  16.075800
3  140.000000    106.294000    280.000000    107.758000    320.000000    109.059000    3.52627E-02  4.72333E-04  8.047980  30.525900
3  140.000000    106.294000    320.000000    109.059000    360.000000    107.422000    2.01344E-02  4.62252E-04  1.478470  50.533600
3  140.000000    106.294000    360.000000    107.422000    400.000000    112.646000    1.79978E-02  4.07611E-04  7.321960  50.475200
3  140.000000    106.294000    400.000000    112.646000    440.000000    114.190000    1.78418E-02  4.04309E-04  7.441210  50.477600
3  140.000000    106.294000    440.000000    114.190000    480.000000    115.862000    1.22719E-02  3.36248E-04  6.796840  61.451400
3  140.000000    106.294000    480.000000    115.862000    560.000000    107.062000    1.27967E-02  3.50490E-04  6.758490  61.449300
3  140.000000    106.294000    520.000000    117.315000    600.000000    109.602000    1.18748E-02  3.25276E-04  7.708300  61.449900
3  140.000000    106.294000    560.000000    107.062000    640.000000    94.241000     1.00035E-02  2.82781E-04  7.907020  68.360600
3  140.000000    106.294000    600.000000    109.602000    680.000000    91.001000     1.03370E-02  2.92295E-04  9.926010  68.361900
3  140.000000    106.294000    640.000000    94.241000     720.000000    99.688000     1.01254E-02  2.86399E-04  12.491000  68.363400
3  140.000000    106.294000    680.000000    91.001000     760.000000    109.364000    8.89144E-03  2.64404E-04  14.166200  70.748500
3  140.000000    106.294000    720.000000    99.688000     800.000000    112.086000    7.57520E-03  2.25263E-04  16.051900  70.748200
3  140.000000    106.294000    760.000000    109.364000    840.000000    110.374000    6.80881E-03  2.18211E-04  15.335900  73.587600
3  140.000000    106.294000    800.000000    112.086000    960.000000    99.983000     1.47791E-02  3.86997E-04  17.996700  58.053500
3  140.000000    106.294000    840.000000    110.374000    1000.000000   109.284000    1.46107E-02  3.82849E-04  18.936800  58.056000
3  140.000000    106.294000    880.000000    97.963000     1040.000000   125.393000    1.37386E-02  3.60271E-04  19.761300  58.059400
3  140.000000    106.294000    920.000000    98.528000     1080.000000   127.088000    1.12187E-02  3.08503E-04  19.372300  61.464300
3  140.000000    106.294000    960.000000    99.983000     1120.000000   112.650000    9.90033E-03  2.80844E-04  19.388300  68.372500
3  140.000000    106.294000    1000.000000   109.284000    1160.000000   107.119000    9.86137E-03  2.80059E-04  21.493800  68.375600
3  140.000000    106.294000    1040.000000   125.393000    1200.000000   112.156000    8.67716E-03  2.58915E-04  22.539100  70.757900
3  140.000000    106.294000    1080.000000   127.088000    1240.000000   121.717000    8.51989E-03  2.54184E-04  23.240000  70.758100
3  140.000000    106.294000    1120.000000   112.650000    1280.000000   118.242000    8.03320E-03  2.39706E-04  23.856200  70.758100
3  140.000000    106.294000    1160.000000   107.119000    1320.000000   121.622000    6.43065E-03  2.06343E-04  23.805800  73.590400
3  140.000000    106.294000    1200.000000   112.156000    1360.000000   139.168000    6.77320E-03  2.17308E-04  24.243200  73.591200
3  140.000000    106.294000    1240.000000   121.717000    1400.000000   152.179000    6.74433E-03  2.16380E-04  17.693200  73.590200
3  140.000000    106.294000    1280.000000   118.242000    1440.000000   160.534000    6.63766E-03  2.12945E-04  12.656900  73.589500
3  140.000000    106.294000    1320.000000   121.622000    1480.000000   164.497000    6.91623E-03  2.21946E-04  5.520300  73.590700
3  140.000000    106.294000    1360.000000   139.168000    1520.000000   168.092000    6.20217E-03  1.98897E-04  -3.340650  73.588800
3  140.000000    106.294000    1400.000000   152.179000    1560.000000   155.128000    5.82277E-03  1.86668E-04  -4.264580  73.587400
3  220.000000    103.976000    0.000000      85.461000     40.000000     89.773000     4.95663E-02  5.24783E-04  4.624740  8.952920
3  220.000000    103.976000    40.000000     89.773000     80.000000     95.232000     3.80385E-02  4.65538E-04  5.832110  24.290000
3  220.000000    103.976000    80.000000     95.232000     120.000000    103.752000    4.74576E-02  5.02457E-04  11.086300  8.952940
3  220.000000    103.976000    120.000000    103.752000    160.000000    106.465000    6.25741E-02  6.59800E-04  1.559680  8.038350
3  220.000000    103.976000    280.000000    107.758000    320.000000    109.059000    8.59850E-02  8.84304E-04  5.562570  6.176230
3  220.000000    103.976000    320.000000    109.059000    360.000000    107.422000    3.79733E-02  4.65659E-04  -3.312800  24.292300
3  220.000000    103.976000    360.000000    107.422000    400.000000    112.646000    3.00917E-02  4.85253E-04  6.877820  36.348000
3  220.000000    103.976000    400.000000    112.646000    440.000000    114.190000    2.77429E-02  4.48117E-04  4.082620  36.350400
3  220.000000    103.976000    440.000000    114.190000    480.000000    115.862000    1.82938E-02  4.20531E-04  3.199280  50.532800
3  220.000000    103.976000    480.000000    115.862000    520.000000    117.315000    8.43656E-03  2.50722E-04  3.114750  70.743600
3  220.000000    103.976000    520.000000    117.315000    560.000000    107.062000    9.65696E-03  2.73130E-04  2.754340  68.358700
3  220.000000    103.976000    560.000000    107.062000    640.000000    94.241000     1.33443E-02  3.65591E-04  2.763590  61.447300
3  220.000000    103.976000    600.000000    109.602000    680.000000    91.001000     1.34829E-02  3.52037E-04  3.782370  58.039500
3  220.000000    103.976000    640.000000    94.241000     720.000000    99.688000     1.29564E-02  3.55021E-04  5.527060  61.447300
3  220.000000    103.976000    680.000000    91.001000     760.000000    109.364000    1.11985E-02  3.16594E-04  6.501320  68.358000
3  220.000000    103.976000    720.000000    99.688000     800.000000    112.086000    9.40447E-03  2.79468E-04  7.190360  70.743100
3  220.000000    103.976000    760.000000    109.364000    840.000000    110.374000    8.40584E-03  2.49772E-04  6.353350  70.743000
3  220.000000    103.976000    800.000000    112.086000    880.000000    97.963000     8.66754E-03  2.57554E-04  6.024180  70.743000
3  220.000000    103.976000    840.000000    110.374000    920.000000    98.528000     9.99110E-03  2.82436E-04  7.391500  68.357700
3  220.000000    103.976000    880.000000    97.963000     1040.000000   125.393000    1.65003E-02  3.73450E-04  7.551090  50.470200
3  220.000000    103.976000    920.000000    98.528000     1080.000000   127.088000    1.33771E-02  3.49002E-04  6.971770  58.038900
3  220.000000    103.976000    960.000000    99.983000     1120.000000   112.650000    1.17394E-02  3.21417E-04  6.853620  61.446700
3  220.000000    103.976000    1000.000000   109.284000    1160.000000   107.119000    1.16232E-02  3.18239E-04  8.828020  61.447000
3  220.000000    103.976000    1040.000000   125.393000    1200.000000   112.156000    1.01806E-02  2.87663E-04  10.100100  68.358000
3  220.000000    103.976000    1080.000000   127.088000    1240.000000   121.717000    9.96095E-03  2.81479E-04  10.825700  68.358300
3  220.000000    103.976000    1120.000000   112.650000    1280.000000   118.242000    9.36084E-03  2.64544E-04  11.603500  68.358600
3  220.000000    103.976000    1160.000000   107.119000    1320.000000   121.622000    7.46251E-03  2.38983E-04  12.184100  73.583500
3  220.000000    103.976000    1200.000000   112.156000    1360.000000   139.168000    7.82565E-03  2.32678E-04  13.124200  70.745400
3  220.000000    103.976000    1240.000000   121.717000    1400.000000   152.179000    7.75705E-03  2.30773E-04  7.398840  70.748800
3  220.000000    103.976000    1280.000000   118.242000    1440.000000   160.534000    7.60567E-03  2.26355E-04  3.683180  70.750700
3  220.000000    103.976000    1320.000000   121.622000    1480.000000   164.497000    7.89335E-03  2.34976E-04  -1.639850  70.750500
3  220.000000    103.976000    1400.000000   152.179000    1560.000000   155.128000    6.60484E-03  2.11754E-04  -4.462420  73.586800
3  220.000000    103.976000    1440.000000   160.534000    1600.000000   139.326000    6.44527E-03  2.06486E-04  -3.189810  73.583700
3  220.000000    103.976000    1480.000000   164.497000    1640.000000   117.482000    7.10527E-03  2.27959E-04  -1.243990  73.626400
3  220.000000    103.976000    1520.000000   168.092000    1840.000000   86.557000     1.76029E-02  4.00390E-04  6.883960  50.502700
3  220.000000    103.976000    1560.000000   155.128000    1880.000000   78.369000     1.82972E-02  4.22166E-04  9.633590  50.565500
3  220.000000    103.976000    1600.000000   139.326000    1920.000000   69.798000     1.80962E-02  4.11728E-04  11.228900  50.507200
3  220.000000    103.976000    1640.000000   117.482000    1960.000000   70.212000     1.69175E-02  3.84596E-04  14.374900  50.486300
3  220.000000    103.976000    1680.000000   108.805000    2000.000000   66.527000     1.44194E-02  3.76134E-04  17.293300  58.038500
3  220.000000    103.976000    1720.000000   105.823000    2040.000000   61.428000     1.25741E-02  3.44240E-04  18.978900  61.446400
3  220.000000    103.976000    1760.000000   106.406000    2080.000000   55.293000     9.94493E-03  2.80986E-04  21.399700  68.357500
3  220.000000    103.976000    1800.000000   92.674000     2120.000000   43.879000     8.84845E-03  2.62840E-04  16.068200  70.743200
3  220.000000    103.976000    1840.000000   86.557000     2160.000000   41.041000     8.03945E-03  2.38928E-04  5.992920  70.746200
3  220.000000    103.976000    1880.000000   78.369000     2200.000000   41.028000     5.47111E-03  1.75945E-04  2.822820  73.486400
3  300.000000    106.205000    40.000000     89.773000     80.000000     95.232000     2.51020E-02  4.36770E-04  6.047330  37.102900
3  300.000000    106.205000    80.000000     95.232000     120.000000    103.752000    2.45512E-02  4.27186E-04  9.034220  37.102900
3  300.000000    106.205000    120.000000    103.752000    160.000000    106.465000    2.48408E-02  4.32225E-04  3.767800  37.102900
3  300.000000    106.205000    160.000000    106.465000    200.000000    103.693000    4.67992E-02  5.25139E-04  5.648990  15.460700
3  300.000000    106.205000    200.000000    103.693000    240.000000    107.318000    9.69151E-02  9.87158E-04  5.836830  5.510550
3  300.000000    106.205000    360.000000    107.422000    400.000000    112.646000    8.59069E-02  8.92968E-04  7.330850  6.253040
3  300.000000    106.205000    400.000000    112.646000    440.000000    114.190000    6.12197E-02  6.54977E-04  7.412990  8.116080
3  300.000000    106.205000    440.000000    114.190000    480.000000    115.862000    3.57430E-02  4.40804E-04  6.477450  24.306200
3  300.000000    106.205000    480.000000    115.862000    520.000000    117.315000    1.53601E-02  4.00908E-04  6.128920  58.040800
3  300.000000    106.205000    520.000000    117.315000    560.000000    107.062000    1.61922E-02  3.66872E-04  6.475640  50.473800
3  300.000000    106.205000    560.000000    107.062000    600.000000    109.602000    1.04755E-02  2.96130E-04  7.427590  68.359200
3  300.000000    106.205000    600.000000    109.602000    640.000000    94.241000     1.02733E-02  2.90487E-04  7.070130  68.359700
3  300.000000    106.205000    640.000000    94.241000     720.000000    99.688000     1.86342E-02  4.28309E-04  11.475800  50.533400
3  300.000000    106.205000    680.000000    91.001000     760.000000    109.364000    1.56666E-02  3.55151E-04  12.852100  50.473500
3  300.000000    106.205000    720.000000    99.688000     800.000000    112.086000    1.27322E-02  3.48995E-04  13.866100  61.449400
3  300.000000    106.205000    760.000000    109.364000    840.000000    110.374000    1.12652E-02  3.18679E-04  13.103500  68.360300
3  300.000000    106.205000    800.000000    112.086000    880.000000    97.963000     1.14959E-02  3.15376E-04  13.165700  61.451500
3  300.000000    106.205000    840.000000    110.374000    920.000000    98.528000     1.30979E-02  3.60032E-04  15.382100  61.456400
3  300.000000    106.205000    880.000000    97.963000     960.000000    99.983000     1.20629E-02  3.31808E-04  17.064200  61.459600
3  300.000000    106.205000    920.000000    98.528000     1000.000000   109.284000    9.73635E-03  2.76220E-04  17.122700  68.370000
3  300.000000    106.205000    960.000000    99.983000     1120.000000   112.650000    1.46559E-02  3.84081E-04  18.205400  58.053700
3  300.000000    106.205000    1000.000000   109.284000    1160.000000   107.119000    1.43977E-02  3.79437E-04  22.160900  58.092400
3  300.000000    106.205000    1040.000000   125.393000    1200.000000   112.156000    1.25273E-02  3.46270E-04  24.007800  61.495700
3  300.000000    106.205000    1080.000000   127.088000    1240.000000   121.717000    1.22118E-02  3.38042E-04  25.505000  61.507800
3  300.000000    106.205000    1120.000000   112.650000    1280.000000   118.242000    1.14261E-02  3.16950E-04  27.020400  61.524200
3  300.000000    106.205000    1160.000000   107.119000    1320.000000   121.622000    9.06819E-03  2.70821E-04  26.620300  70.767200
3  300.000000    106.205000    1200.000000   112.156000    1360.000000   139.168000    9.46592E-03  2.72105E-04  30.646900  68.507600
3  300.000000    106.205000    1240.000000   121.717000    1400.000000   152.179000    9.31608E-03  2.79424E-04  23.807900  70.831700
3  300.000000    106.205000    1280.000000   118.242000    1440.000000   160.534000    9.07825E-03  2.72334E-04  18.747500  70.834100
3  300.000000    106.205000    1320.000000   121.622000    1480.000000   164.497000    9.36096E-03  2.81898E-04  11.150700  70.867000
3  300.000000    106.205000    1360.000000   139.168000    1520.000000   168.092000    8.31844E-03  2.48686E-04  -1.184320  70.777100
3  300.000000    106.205000    1400.000000   152.179000    1560.000000   155.128000    7.77891E-03  2.32272E-04  -2.082970  70.773400
3  300.000000    106.205000    1440.000000   160.534000    1600.000000   139.326000    7.57749E-03  2.43492E-04  -6.359850  73.607400
3  300.000000    106.205000    1480.000000   164.497000    1640.000000   117.482000    8.33188E-03  2.48618E-04  -10.456300  70.772100
3  300.000000    106.205000    2000.000000   66.527000     2160.000000   41.041000     2.69792E-03  1.07713E-04  5.428170  81.691400
3  300.000000    106.205000    2040.000000   61.428000     2200.000000   41.028000     1.65715E-03  8.54034E-05  22.937300  123.564000
3  300.000000    106.205000    2080.000000   55.293000     2240.000000   41.064000     1.73480E-03  6.92456E-05  0.944513  81.703100
3  380.000000    113.072000    0.000000      85.461000     40.000000     89.773000     2.67237E-02  4.65730E-04  15.015200  37.104800
3  380.000000    113.072000    40.000000     89.773000     80.000000     95.232000     1.80395E-02  4.08120E-04  14.524600  50.469700
3  380.000000    113.072000    80.000000     95.232000     120.000000    103.752000    1.64058E-02  3.71160E-04  15.348900  50.469700
3  380.000000    113.072000    120.000000    103.752000    160.000000    106.465000    1.55704E-02  3.52260E-04  12.836400  50.469700
3  380.000000    113.072000    160.000000    106.465000    200.000000    103.693000    2.52389E-02  4.39154E-04  10.606700  37.102900
3  380.000000    113.072000    200.000000    103.693000    240.000000    107.318000    3.89298E-02  4.76446E-04  9.591460  24.290000
3  380.000000    113.072000    240.000000    107.318000    280.000000    107.758000    5.50598E-02  5.80567E-04  10.669600  8.038330
3  380.000000    113.072000    280.000000    107.758000    320.000000    109.059000    1.20880E-01  1.22276E-03  8.178030  4.536830
3  380.000000    113.072000    440.000000    114.190000    480.000000    115.862000    1.23218E-01  1.25049E-03  5.378520  4.563920
3  380.000000    113.072000    480.000000    115.862000    520.000000    117.315000    3.68657E-02  4.52121E-04  4.066360  24.292300
3  380.000000    113.072000    520.000000    117.315000    560.000000    107.062000    3.26278E-02  4.36847E-04  3.462180  30.519300
3  380.000000    113.072000    560.000000    107.062000    600.000000    109.602000    1.88040E-02  4.31612E-04  3.785660  50.530000
3  380.000000    113.072000    600.000000    109.602000    640.000000    94.241000     1.72445E-02  3.90405E-04  3.431860  50.470100
3  380.000000    113.072000    640.000000    94.241000     680.000000    91.001000     1.53950E-02  4.01803E-04  6.007550  58.038700
3  380.000000    113.072000    680.000000    91.001000     720.000000    99.688000     1.32867E-02  3.63952E-04  6.878500  61.446500
3  380.000000    113.072000    720.000000    99.688000     800.000000    112.086000    1.79701E-02  4.12550E-04  6.818580  50.529500
3  380.000000    113.072000    760.000000    109.364000    840.000000    110.374000    1.56447E-02  3.54227E-04  5.806460  50.469700
3  380.000000    113.072000    800.000000    112.086000    880.000000    97.963000     1.57224E-02  3.56144E-04  5.360280  50.469800
3  380.000000    113.072000    840.000000    110.374000    920.000000    98.528000     1.76144E-02  3.99498E-04  6.588920  50.469900
3  380.000000    113.072000    880.000000    97.963000     960.000000    99.983000     1.59545E-02  3.62070E-04  7.450100  50.469900
3  380.000000    113.072000    920.000000    98.528000     1000.000000   109.284000    1.26102E-02  3.45912E-04  6.359390  61.446700
3  380.000000    113.072000    960.000000    99.983000     1040.000000   125.393000    1.15008E-02  3.15604E-04  5.870470  61.446800
3  380.000000    113.072000    1000.000000   109.284000    1080.000000   127.088000    8.98721E-03  2.67416E-04  6.230380  70.743100
3  380.000000    113.072000    1040.000000   125.393000    1200.000000   112.156000    1.56007E-02  3.54763E-04  10.258800  50.470100
3  380.000000    113.072000    1080.000000   127.088000    1240.000000   121.717000    1.51206E-02  3.95903E-04  11.461600  58.038900
3  380.000000    113.072000    1120.000000   112.650000    1280.000000   118.242000    1.40685E-02  3.68481E-04  12.598800  58.039000
3  380.000000    113.072000    1160.000000   107.119000    1320.000000   121.622000    1.10991E-02  3.14724E-04  13.460500  68.357700
3  380.000000    113.072000    1200.000000   112.156000    1360.000000   139.168000    1.15016E-02  3.15672E-04  14.838600  61.447200
3  380.000000    113.072000    1240.000000   121.717000    1400.000000   152.179000    1.12482E-02  3.08636E-04  10.328400  61.447000
3  380.000000    113.072000    1280.000000   118.242000    1440.000000   160.534000    1.09007E-02  3.08629E-04  7.346270  68.357900
3  380.000000    113.072000    1320.000000   121.622000    1480.000000   164.497000    1.11756E-02  3.06850E-04  2.517010  61.447500
3  380.000000    113.072000    1360.000000   139.168000    1520.000000   168.092000    9.87979E-03  2.79829E-04  -3.734500  68.358500
3  380.000000    113.072000    1400.000000   152.179000    1560.000000   155.128000    9.21198E-03  2.74112E-04  -2.959270  70.743800
3  380.000000    113.072000    1440.000000   160.534000    1600.000000   139.326000    8.94624E-03  2.66121E-04  -4.567560  70.743700
3  380.000000    113.072000    1480.000000   164.497000    1640.000000   117.482000    9.79624E-03  2.77296E-04  -5.367390  68.358700
3  380.000000    113.072000    1520.000000   168.092000    1680.000000   108.805000    1.21078E-02  3.32486E-04  -6.118370  61.449900
3  460.000000    116.789000    0.000000      85.461000     40.000000     89.773000     2.00434E-02  4.59894E-04  6.243200  50.529500
3  460.000000    116.789000    120.000000    103.752000    160.000000    106.465000    9.81182E-03  2.77201E-04  10.153200  68.357400
3  460.000000    116.789000    160.000000    106.465000    200.000000    103.693000    1.47886E-02  3.85740E-04  8.543060  58.038500
3  460.000000    116.789000    200.000000    103.693000    240.000000    107.318000    2.03423E-02  4.66677E-04  9.818250  50.529500
3  460.000000    116.789000    240.000000    107.318000    280.000000    107.758000    2.45362E-02  4.26925E-04  10.229300  37.102900
3  460.000000    116.789000    280.000000    107.758000    320.000000    109.059000    3.63252E-02  4.44570E-04  9.366140  24.290000
3  460.000000    116.789000    320.000000    109.059000    360.000000    107.422000    5.51879E-02  5.81918E-04  11.530600  8.038320
3  460.000000    116.789000    360.000000    107.422000    400.000000    112.646000    1.19877E-01  1.21262E-03  7.234820  4.536810
3  460.000000    116.789000    520.000000    117.315000    560.000000    107.062000    1.23056E-01  1.24738E-03  5.893730  4.548420
3  460.000000    116.789000    560.000000    107.062000    600.000000    109.602000    5.01505E-02  5.31575E-04  6.486240  8.956110
3  460.000000    116.789000    600.000000    109.602000    640.000000    94.241000     3.92641E-02  4.81021E-04  8.049540  24.291300
3  460.000000    116.789000    640.000000    94.241000     680.000000    91.001000     3.13102E-02  4.18508E-04  10.416900  30.518600
3  460.000000    116.789000    680.000000    91.001000     720.000000    99.688000     2.44320E-02  4.25342E-04  12.497300  37.103900
3  460.000000    116.789000    720.000000    99.688000     760.000000    109.364000    1.64515E-02  3.72283E-04  12.977600  50.470300
3  460.000000    116.789000    760.000000    109.364000    800.000000    112.086000    1.34006E-02  3.49599E-04  12.427300  58.039000
3  460.000000    116.789000    0.000000      85.461000     80.000000     95.232000     3.30309E-02  4.41101E-04  7.076040  30.517400
3  460.000000    116.789000    40.000000     89.773000     120.000000    103.752000    2.39758E-02  4.17174E-04  9.231160  37.102900
3  460.000000    116.789000    800.000000    112.086000    880.000000    97.963000     2.45804E-02  4.27960E-04  11.508100  37.104200
3  460.000000    116.789000    840.000000    110.374000    920.000000    98.528000     2.67918E-02  4.66716E-04  13.222200  37.105300
3  460.000000    116.789000    880.000000    97.963000     960.000000    99.983000     2.36099E-02  4.11379E-04  14.287700  37.105800
3  460.000000    116.789000    920.000000    98.528000     1000.000000   109.284000    1.80277E-02  4.13876E-04  12.996600  50.531400
3  460.000000    116.789000    960.000000    99.983000     1040.000000   125.393000    1.60844E-02  3.64223E-04  12.203400  50.471900
3  460.000000    116.789000    1000.000000   109.284000    1080.000000   127.088000    1.23706E-02  3.38836E-04  12.450400  61.448000
3  460.000000    116.789000    1040.000000   125.393000    1120.000000   112.650000    9.62613E-03  2.72078E-04  13.771900  68.358500
3  460.000000    116.789000    1080.000000   127.088000    1160.000000   107.119000    1.21570E-02  3.33282E-04  17.448800  61.451300
3  460.000000    116.789000    1120.000000   112.650000    1280.000000   118.242000    1.84927E-02  4.25071E-04  19.694800  50.535200
3  460.000000    116.789000    1160.000000   107.119000    1320.000000   121.622000    1.44418E-02  3.77099E-04  21.761500  58.041800
3  460.000000    116.789000    1200.000000   112.156000    1360.000000   139.168000    1.48126E-02  3.87184E-04  24.344000  58.044900
3  460.000000    116.789000    1240.000000   121.717000    1400.000000   152.179000    1.43430E-02  3.74512E-04  21.934300  58.041800
3  460.000000    116.789000    1280.000000   118.242000    1440.000000   160.534000    1.37733E-02  3.59607E-04  20.703100  58.041700
3  460.000000    116.789000    1320.000000   121.622000    1480.000000   164.497000    1.39850E-02  3.65361E-04  17.599900  58.043800
3  460.000000    116.789000    1360.000000   139.168000    1520.000000   168.092000    1.22605E-02  3.35890E-04  13.578800  61.448900
3  460.000000    116.789000    1400.000000   152.179000    1560.000000   155.128000    1.13736E-02  3.11547E-04  15.973700  61.448300
3  460.000000    116.789000    1440.000000   160.534000    1600.000000   139.326000    1.09969E-02  3.10831E-04  16.072800  68.358800
3  460.000000    116.789000    1480.000000   164.497000    1640.000000   117.482000    1.19702E-02  3.27870E-04  17.936200  61.448100
3  460.000000    116.789000    1520.000000   168.092000    1680.000000   108.805000    1.47032E-02  3.83851E-04  19.841200  58.040900
3  460.000000    116.789000    1560.000000   155.128000    1720.000000   105.823000    1.60540E-02  3.63607E-04  20.471500  50.472100
3  460.000000    116.789000    1600.000000   139.326000    1760.000000   106.406000    1.83338E-02  4.21030E-04  20.914900  50.531500
3  460.000000    116.789000    1640.000000   117.482000    1800.000000   92.674000     1.69528E-02  3.83884E-04  21.338700  50.471200
3  460.000000    116.789000    1680.000000   108.805000    1840.000000   86.557000     1.41040E-02  3.68037E-04  21.001100  58.039100
3  460.000000    116.789000    1720.000000   105.823000    1880.000000   78.369000     1.37013E-02  3.57508E-04  22.594000  58.038800
3  460.000000    116.789000    2000.000000   66.527000     2160.000000   41.041000     3.52558E-03  1.19020E-04  17.675600  74.186700
3  460.000000    116.789000    2040.000000   61.428000     2200.000000   41.028000     2.16325E-03  8.62618E-05  21.397700  81.680600
3  460.000000    116.789000    2080.000000   55.293000     2240.000000   41.064000     2.26205E-03  9.02933E-05  23.406400  81.682100
3  460.000000    116.789000    1760.000000   106.406000    2080.000000   55.293000     1.57414E-02  3.56166E-04  26.702500  50.469700
3  460.000000    116.789000    1800.000000   92.674000     2120.000000   43.879000     1.38572E-02  3.61493E-04  26.499300  58.038500
3  460.000000    116.789000    1840.000000   86.557000     2160.000000   41.041000     1.24480E-02  3.40819E-04  25.608900  61.446700
3  460.000000    116.789000    1880.000000   78.369000     2200.000000   41.028000     8.46287E-03  2.51393E-04  27.718200  70.743100
3  460.000000    116.789000    1920.000000   69.798000     2240.000000   41.064000     7.04949E-03  2.25774E-04  28.446700  73.582700
3  460.000000    116.789000    1960.000000   70.212000     2280.000000   42.996000     5.23837E-03  1.68079E-04  28.187300  73.448000
3  540.000000    107.724000    0.000000      85.461000     40.000000     89.773000     1.72669E-02  3.90641E-04  8.254790  50.486200
3  540.000000    107.724000    200.000000    103.693000    240.000000    107.318000    1.49733E-02  3.90561E-04  12.183400  58.051500
3  540.000000    107.724000    240.000000    107.318000    280.000000    107.758000    1.72086E-02  3.89324E-04  13.165300  50.472900
3  540.000000    107.724000    280.000000    107.758000    320.000000    109.059000    2.33366E-02  5.14843E-04  13.078800  45.478900
3  540.000000    107.724000    320.000000    109.059000    360.000000    107.422000    2.98545E-02  6.41621E-04  18.396800  38.043100
3  540.000000    107.724000    360.000000    107.422000    400.000000    112.646000    4.66881E-02  5.23901E-04  11.272000  15.567400
3  540.000000    107.724000    400.000000    112.646000    440.000000    114.190000    8.64671E-02  8.87135E-04  12.876200  6.396200
3  540.000000    107.724000    440.000000    114.190000    480.000000    115.862000    1.13607E-01  1.14938E-03  10.694100  4.937570
3  540.000000    107.724000    600.000000    109.602000    640.000000    94.241000     8.33469E-02  8.56914E-04  8.222890  6.230510
3  540.000000    107.724000    640.000000    94.241000     680.000000    91.001000     5.65446E-02  5.98180E-04  11.020500  8.043320
3  540.000000    107.724000    680.000000    91.001000     720.000000    99.688000     3.59577E-02  4.40856E-04  13.361700  24.290100
3  540.000000    107.724000    720.000000    99.688000     760.000000    109.364000    2.34940E-02  4.09042E-04  13.604600  37.104900
3  540.000000    107.724000    760.000000    109.364000    800.000000    112.086000    1.84862E-02  4.24253E-04  13.173400  50.531200
3  540.000000    107.724000    800.000000    112.086000    840.000000    110.374000    1.56786E-02  3.54876E-04  12.260800  50.469900
3  540.000000    107.724000    840.000000    110.374000    880.000000    97.963000     1.66618E-02  3.77210E-04  12.751500  50.478900
3  540.000000    107.724000    2240.000000   41.064000     2280.000000   42.996000     4.89506E-04  2.49972E-05  10.450000  123.454000
3  540.000000    107.724000    0.000000      85.461000     80.000000     95.232000     2.82894E-02  4.55343E-04  8.872240  36.346300
3  540.000000    107.724000    40.000000     89.773000     120.000000    103.752000    2.01536E-02  4.62348E-04  10.956500  50.541300
3  540.000000    107.724000    80.000000     95.232000     160.000000    106.465000    1.72009E-02  3.89148E-04  12.384100  50.484500
3  540.000000    107.724000    120.000000    103.752000    200.000000    103.693000    1.96072E-02  4.49813E-04  11.579700  50.533400
3  540.000000    107.724000    880.000000    97.963000     960.000000    99.983000     2.98581E-02  4.81226E-04  15.807100  36.347600
3  540.000000    107.724000    920.000000    98.528000     1000.000000   109.284000    2.25283E-02  4.97260E-04  15.167500  45.474700
3  540.000000    107.724000    960.000000    99.983000     1040.000000   125.393000    1.97543E-02  4.53395E-04  14.704600  50.530400
3  540.000000    107.724000    1000.000000   109.284000    1080.000000   127.088000    1.50013E-02  3.91402E-04  15.206400  58.039300
3  540.000000    107.724000    1040.000000   125.393000    1120.000000   112.650000    1.15063E-02  3.15042E-04  16.726200  61.447500
3  540.000000    107.724000    1080.000000   127.088000    1160.000000   107.119000    1.43571E-02  3.74782E-04  20.923600  58.042400
3  540.000000    107.724000    1120.000000   112.650000    1200.000000   112.156000    1.32301E-02  3.45165E-04  23.149900  58.044300
3  540.000000    107.724000    1160.000000   107.119000    1240.000000   121.717000    9.17912E-03  2.72659E-04  23.677200  70.751400
3  540.000000    107.724000    2080.000000   55.293000     2160.000000   41.041000     2.44328E-03  9.74378E-05  -6.976350  81.680700
3  540.000000    107.724000    2200.000000   41.028000     2280.000000   42.996000     1.08214E-03  5.52613E-05  14.492400  123.454000
3  540.000000    107.724000    1200.000000   112.156000    1360.000000   139.168000    1.68998E-02  3.93684E-04  25.400800  50.470900
3  540.000000    107.724000    1240.000000   121.717000    1400.000000   152.179000    1.62828E-02  3.99230E-04  20.879200  50.475800
3  540.000000    107.724000    1280.000000   118.242000    1440.000000   160.534000    1.55930E-02  4.19517E-04  18.613200  50.475400
3  540.000000    107.724000    1320.000000   121.622000    1480.000000   164.497000    1.57964E-02  3.57648E-04  14.287700  50.474600
3  540.000000    107.724000    1360.000000   139.168000    1520.000000   168.092000    1.38133E-02  3.60382E-04  8.603210  58.040800
3  540.000000    107.724000    1400.000000   152.179000    1560.000000   155.128000    1.27604E-02  3.49393E-04  10.207000  61.448100
3  540.000000    107.724000    1440.000000   160.534000    1600.000000   139.326000    1.22914E-02  3.36540E-04  9.397500  61.447700
3  540.000000    107.724000    1480.000000   164.497000    1640.000000   117.482000    1.33097E-02  3.47230E-04  10.084200  58.039900
3  540.000000    107.724000    1520.000000   168.092000    1680.000000   108.805000    1.62707E-02  3.68232E-04  10.713400  50.472000
3  540.000000    107.724000    1560.000000   155.128000    1720.000000   105.823000    1.77202E-02  4.01026E-04  10.393700  50.471700
3  540.000000    107.724000    1600.000000   139.326000    1760.000000   106.406000    2.01823E-02  4.63156E-04  3.990680  50.923100
3  540.000000    107.724000    1640.000000   117.482000    1800.000000   92.674000     1.86345E-02  4.27613E-04  6.723570  50.622800
3  540.000000    107.724000    1680.000000   108.805000    1840.000000   86.557000     1.54968E-02  3.50646E-04  8.590650  50.471000
3  540.000000    107.724000    1720.000000   105.823000    1880.000000   78.369000     1.50516E-02  3.92632E-04  9.026990  58.039000
3  540.000000    107.724000    1760.000000   106.406000    1920.000000   69.798000     1.20512E-02  3.29915E-04  20.380100  62.762200
3  540.000000    107.724000    1800.000000   92.674000     1960.000000   70.212000     1.12506E-02  3.08000E-04  15.945600  64.311000
3  540.000000    107.724000    2000.000000   66.527000     2160.000000   41.041000     3.83458E-03  1.29426E-04  1.756590  74.186300
3  540.000000    107.724000    2040.000000   61.428000     2200.000000   41.028000     2.36457E-03  9.43078E-05  5.700180  81.682500
3  540.000000    107.724000    1840.000000   86.557000     2160.000000   41.041000     1.36345E-02  3.55642E-04  9.208050  58.040900
3  540.000000    107.724000    1880.000000   78.369000     2200.000000   41.028000     9.27643E-03  2.75538E-04  11.244300  70.743000
3  540.000000    107.724000    1920.000000   69.798000     2240.000000   41.064000     7.72117E-03  2.29409E-04  11.468900  70.744400
3  540.000000    107.724000    1960.000000   70.212000     2280.000000   42.996000     5.73345E-03  1.83955E-04  10.656900  82.781200
3  620.000000    104.048000    0.000000      85.461000     40.000000     89.773000     1.52345E-02  3.97371E-04  5.405700  58.038500
3  620.000000    104.048000    280.000000    107.758000    320.000000    109.059000    1.72726E-02  3.90770E-04  13.210500  50.469700
3  620.000000    104.048000    320.000000    109.059000    360.000000    107.422000    2.02840E-02  4.65339E-04  14.973300  50.529500
3  620.000000    104.048000    360.000000    107.422000    400.000000    112.646000    2.95179E-02  4.75117E-04  12.930500  36.345700
3  620.000000    104.048000    400.000000    112.646000    440.000000    114.190000    4.72867E-02  5.00648E-04  14.902900  8.952910
3  620.000000    104.048000    440.000000    114.190000    480.000000    115.862000    4.92412E-02  5.21341E-04  13.720600  8.952910
3  620.000000    104.048000    480.000000    115.862000    520.000000    117.315000    3.94826E-02  4.83212E-04  17.415600  24.290000
3  620.000000    104.048000    520.000000    117.315000    560.000000    107.062000    1.42970E-01  1.44210E-03  12.225700  4.013510
3  620.000000    104.048000    680.000000    91.001000     720.000000    99.688000     9.91158E-02  1.01339E-03  15.867900  5.522310
3  620.000000    104.048000    720.000000    99.688000     760.000000    109.364000    4.92283E-02  5.22583E-04  15.704600  8.958160
3  620.000000    104.048000    760.000000    109.364000    800.000000    112.086000    3.40394E-02  4.55294E-04  15.479000  30.518800
3  620.000000    104.048000    800.000000    112.086000    840.000000    110.374000    2.64786E-02  4.61175E-04  14.669200  37.104000
3  620.000000    104.048000    840.000000    110.374000    880.000000    97.963000     2.64230E-02  4.60508E-04  15.824300  37.104300
3  620.000000    104.048000    880.000000    97.963000     920.000000    98.528000     2.65301E-02  4.63025E-04  19.439500  37.104500
3  620.000000    104.048000    920.000000    98.528000     960.000000    99.983000     1.72291E-02  3.90885E-04  20.452400  50.485900
3  620.000000    104.048000    2240.000000   41.064000     2280.000000   42.996000     5.39803E-04  2.75670E-05  98.440800  129.522000
3  620.000000    104.048000    0.000000      85.461000     80.000000     95.232000     2.48128E-02  4.31738E-04  6.812490  37.102900
3  620.000000    104.048000    40.000000     89.773000     120.000000    103.752000    1.73718E-02  3.93014E-04  9.755610  50.469700
3  620.000000    104.048000    80.000000     95.232000     160.000000    106.465000    1.45529E-02  3.79593E-04  12.059200  58.038500
3  620.000000    104.048000    120.000000    103.752000    200.000000    103.693000    1.61346E-02  3.65026E-04  8.276440  50.469700
3  620.000000    104.048000    160.000000    106.465000    240.000000    107.318000    2.13049E-02  4.70022E-04  11.200400  45.474500
3  620.000000    104.048000    200.000000    103.693000    280.000000    107.758000    2.51900E-02  4.38301E-04  14.625700  37.102900
3  620.000000    104.048000    960.000000    99.983000     1040.000000   125.393000    2.66300E-02  4.64496E-04  18.337600  37.103100
3  620.000000    104.048000    1000.000000   109.284000    1080.000000   127.088000    1.96976E-02  4.52391E-04  18.889400  50.529600
3  620.000000    104.048000    1040.000000   125.393000    1120.000000   112.650000    1.47593E-02  3.85204E-04  20.497800  58.038500
3  620.000000    104.048000    1080.000000   127.088000    1160.000000   107.119000    1.80748E-02  4.14959E-04  24.859800  50.529500
3  620.000000    104.048000    1120.000000   112.650000    1200.000000   112.156000    1.64695E-02  3.74284E-04  27.032600  50.469700
3  620.000000    104.048000    1160.000000   107.119000    1240.000000   121.717000    1.12325E-02  3.08858E-04  27.630000  61.446400
3  620.000000    104.048000    1200.000000   112.156000    1280.000000   118.242000    1.00604E-02  2.84281E-04  28.846900  68.357400
3  620.000000    104.048000    1240.000000   121.717000    1320.000000   121.622000    8.95445E-03  2.66124E-04  32.486700  70.742900
3  620.000000    104.048000    2200.000000   41.028000     2280.000000   42.996000     1.19070E-03  6.08183E-05  54.670400  123.454000
3  620.000000    104.048000    1280.000000   118.242000    1440.000000   160.534000    1.83996E-02  4.22355E-04  26.430000  50.529900
3  620.000000    104.048000    1320.000000   121.622000    1480.000000   164.497000    1.85029E-02  4.24840E-04  21.962600  50.530000
3  620.000000    104.048000    1360.000000   139.168000    1520.000000   168.092000    1.60764E-02  3.64013E-04  16.016800  50.470000
3  620.000000    104.048000    1400.000000   152.179000    1560.000000   155.128000    1.47904E-02  3.85953E-04  17.540400  58.038900
3  620.000000    104.048000    1440.000000   160.534000    1600.000000   139.326000    1.41918E-02  3.70305E-04  16.973500  58.038900
3  620.000000    104.048000    1480.000000   164.497000    1640.000000   117.482000    1.52880E-02  3.98930E-04  17.848900  58.039100
3  620.000000    104.048000    1520.000000   168.092000    1680.000000   108.805000    1.85934E-02  4.26916E-04  18.567000  50.531700
3  620.000000    104.048000    1560.000000   155.128000    1720.000000   105.823000    2.01843E-02  4.63456E-04  18.335300  50.531600
3  620.000000    104.048000    1600.000000   139.326000    1760.000000   106.406000    2.29387E-02  5.06608E-04  17.786300  45.477200
3  620.000000    104.048000    1640.000000   117.482000    1800.000000   92.674000     2.11048E-02  4.66137E-04  17.390300  45.477900
3  620.000000    104.048000    1680.000000   108.805000    1840.000000   86.557000     1.74958E-02  3.96178E-04  16.128800  50.471600
3  620.000000    104.048000    1720.000000   105.823000    1880.000000   78.369000     1.69463E-02  3.83759E-04  17.205500  50.471600
3  620.000000    104.048000    1760.000000   106.406000    1920.000000   69.798000     1.35125E-02  3.52565E-04  19.270000  58.038900
3  620.000000    104.048000    1800.000000   92.674000     1960.000000   70.212000     1.25963E-02  3.44921E-04  20.722600  61.446800
3  620.000000    104.048000    1840.000000   86.557000     2000.000000   66.527000     1.09599E-02  3.09710E-04  22.712800  68.357700
3  620.000000    104.048000    1880.000000   78.369000     2040.000000   61.428000     7.71643E-03  2.29224E-04  23.960300  70.743000
3  620.000000    104.048000    2000.000000   66.527000     2160.000000   41.041000     4.21502E-03  1.42264E-04  24.602300  74.186100
3  620.000000    104.048000    2040.000000   61.428000     2200.000000   41.028000     2.59690E-03  1.03578E-04  24.846500  81.857700
3  620.000000    104.048000    2080.000000   55.293000     2240.000000   41.064000     2.71737E-03  1.10220E-04  20.720600  83.928900
3  620.000000    104.048000    2120.000000   43.879000     2280.000000   42.996000     1.96264E-03  8.15024E-05  41.207800  83.367100
3  620.000000    104.048000    1920.000000   69.798000     2240.000000   41.064000     8.56603E-03  2.54779E-04  24.107700  70.955000
3  620.000000    104.048000    1960.000000   70.212000     2280.000000   42.996000     6.33728E-03  2.03959E-04  30.673300  73.754700
3  700.000000    93.247000     0.000000      85.461000     40.000000     89.773000     1.30057E-02  3.56032E-04  2.498430  61.446400
3  700.000000    93.247000     360.000000    107.422000    400.000000    112.646000    1.96151E-02  4.49994E-04  16.292100  50.529500
3  700.000000    93.247000     400.000000    112.646000    440.000000    114.190000    2.91234E-02  4.68767E-04  17.880900  36.345700
3  700.000000    93.247000     440.000000    114.190000    480.000000    115.862000    2.78988E-02  4.49056E-04  16.988600  36.345700
3  700.000000    93.247000     480.000000    115.862000    520.000000    117.315000    1.92767E-02  4.42231E-04  18.430400  50.529500
3  700.000000    93.247000     520.000000    117.315000    560.000000    107.062000    4.36699E-02  4.90024E-04  17.983300  15.460700
3  700.000000    93.247000     560.000000    107.062000    600.000000    109.602000    5.79220E-02  6.10747E-04  18.852000  8.038320
3  700.000000    93.247000     600.000000    109.602000    640.000000    94.241000     1.17654E-01  1.19013E-03  13.858900  4.536820
3  700.000000    93.247000     760.000000    109.364000    800.000000    112.086000    1.37905E-01  1.39101E-03  12.632900  4.013500
3  700.000000    93.247000     840.000000    110.374000    880.000000    97.963000     6.63550E-02  6.87796E-04  14.220500  6.686530
3  700.000000    93.247000     880.000000    97.963000     920.000000    98.528000     5.65975E-02  5.96934E-04  19.057200  8.039070
3  700.000000    93.247000     920.000000    98.528000     960.000000    99.983000     3.35376E-02  4.47925E-04  17.980300  30.517500
3  700.000000    93.247000     960.000000    99.983000     1000.000000   109.284000    2.61182E-02  4.54491E-04  15.384000  37.103000
3  700.000000    93.247000     1000.000000   109.284000    1040.000000   125.393000    2.04825E-02  4.69918E-04  15.948500  50.529600
3  700.000000    93.247000     2240.000000   41.064000     2280.000000   42.996000     6.19812E-04  3.16514E-05  28.872100  123.454000
3  700.000000    93.247000     0.000000      85.461000     80.000000     95.232000     2.10978E-02  4.65451E-04  3.959290  45.474500
3  700.000000    93.247000     40.000000     89.773000     120.000000    103.752000    1.46310E-02  3.81629E-04  7.507730  58.038500
3  700.000000    93.247000     80.000000     95.232000     160.000000    106.465000    1.21926E-02  3.33774E-04  10.777700  61.446400
3  700.000000    93.247000     120.000000    103.752000    200.000000    103.693000    1.31774E-02  3.60734E-04  8.472590  61.446400
3  700.000000    93.247000     160.000000    106.465000    240.000000    107.318000    1.68022E-02  3.80130E-04  12.004000  50.469700
3  700.000000    93.247000     200.000000    103.693000    280.000000    107.758000    1.93818E-02  4.44642E-04  15.838700  50.529500
3  700.000000    93.247000     240.000000    107.318000    320.000000    109.059000    2.31001E-02  5.09625E-04  14.759400  45.474500
3  700.000000    93.247000     280.000000    107.758000    360.000000    107.422000    2.70973E-02  4.36155E-04  15.842200  36.345700
3  700.000000    93.247000     1040.000000   125.393000    1120.000000   112.650000    2.27686E-02  5.02325E-04  17.361600  45.474600
3  700.000000    93.247000     1080.000000   127.088000    1160.000000   107.119000    2.65171E-02  4.61408E-04  21.737600  37.103100
3  700.000000    93.247000     1120.000000   112.650000    1200.000000   112.156000    2.36695E-02  4.12069E-04  24.035300  37.103200
3  700.000000    93.247000     1160.000000   107.119000    1240.000000   121.717000    1.54011E-02  3.48693E-04  25.156000  50.469900
3  700.000000    93.247000     1200.000000   112.156000    1280.000000   118.242000    1.32577E-02  3.45834E-04  26.167700  58.038800
3  700.000000    93.247000     1240.000000   121.717000    1320.000000   121.622000    1.14373E-02  3.13125E-04  29.275800  61.446600
3  700.000000    93.247000     1280.000000   118.242000    1360.000000   139.168000    1.28000E-02  3.50468E-04  32.236800  61.446600
3  700.000000    93.247000     1320.000000   121.622000    1400.000000   152.179000    1.30075E-02  3.56144E-04  22.950400  61.446900
3  700.000000    93.247000     2200.000000   41.028000     2280.000000   42.996000     1.37516E-03  7.05291E-05  30.565400  123.454000
3  700.000000    93.247000     1360.000000   139.168000    1520.000000   168.092000    1.98741E-02  4.55983E-04  14.543200  50.529700
3  700.000000    93.247000     1400.000000   152.179000    1560.000000   155.128000    1.80830E-02  4.14878E-04  16.185500  50.529600
3  700.000000    93.247000     1440.000000   160.534000    1600.000000   139.326000    1.71885E-02  3.88892E-04  15.612000  50.469800
3  700.000000    93.247000     1480.000000   164.497000    1640.000000   117.482000    1.82802E-02  4.19397E-04  16.635300  50.529600
3  700.000000    93.247000     1520.000000   168.092000    1680.000000   108.805000    2.19899E-02  4.85181E-04  17.664400  45.474700
3  700.000000    93.247000     1560.000000   155.128000    1720.000000   105.823000    2.37445E-02  4.13209E-04  17.578200  37.103100
3  700.000000    93.247000     1600.000000   139.326000    1760.000000   106.406000    2.68720E-02  4.67627E-04  17.185300  37.103000
3  700.000000    93.247000     1640.000000   117.482000    1800.000000   92.674000     2.46136E-02  4.28316E-04  16.920100  37.103000
3  700.000000    93.247000     1680.000000   108.805000    1840.000000   86.557000     2.03702E-02  4.67331E-04  15.608300  50.529500
3  700.000000    93.247000     1720.000000   105.823000    1880.000000   78.369000     1.96890E-02  4.51699E-04  16.542400  50.529500
3  700.000000    93.247000     1760.000000   106.406000    1920.000000   69.798000     1.56865E-02  3.54890E-04  18.163500  50.469700
3  700.000000    93.247000     1800.000000   92.674000     1960.000000   70.212000     1.46223E-02  3.81405E-04  19.082700  58.038500
3  700.000000    93.247000     1840.000000   86.557000     2000.000000   66.527000     1.27142E-02  3.48055E-04  20.573000  61.446400
3  700.000000    93.247000     1880.000000   78.369000     2040.000000   61.428000     8.94212E-03  2.65609E-04  21.092300  70.742800
3  700.000000    93.247000     1920.000000   69.798000     2080.000000   55.293000     6.75692E-03  2.16317E-04  22.435900  73.582300
3  700.000000    93.247000     1960.000000   70.212000     2120.000000   43.879000     5.02004E-03  1.60985E-04  20.510600  73.446400
3  700.000000    93.247000     2000.000000   66.527000     2160.000000   41.041000     4.81747E-03  1.54487E-04  15.132100  73.446400
3  700.000000    93.247000     2040.000000   61.428000     2200.000000   41.028000     2.99528E-03  1.01095E-04  21.657100  74.186200
3  700.000000    93.247000     2080.000000   55.293000     2240.000000   41.064000     3.14189E-03  1.06061E-04  22.281000  74.186400
3  700.000000    93.247000     2120.000000   43.879000     2280.000000   42.996000     2.29351E-03  9.16464E-05  30.149100  81.684700
3  740.000000    105.187000    0.000000      85.461000     40.000000     89.773000     1.22821E-02  3.36327E-04  8.413900  61.449200
3  740.000000    105.187000    400.000000    112.646000    440.000000    114.190000    2.53738E-02  4.41499E-04  18.453600  37.102900
3  740.000000    105.187000    440.000000    114.190000    480.000000    115.862000    2.38911E-02  4.15700E-04  17.601500  37.102900
3  740.000000    105.187000    480.000000    115.862000    520.000000    117.315000    1.61683E-02  3.65787E-04  18.937000  50.469700
3  740.000000    105.187000    520.000000    117.315000    560.000000    107.062000    3.42178E-02  4.56951E-04  18.688300  30.517400
3  740.000000    105.187000    560.000000    107.062000    600.000000    109.602000    4.16923E-02  4.67833E-04  19.982100  15.460700
3  740.000000    105.187000    600.000000    109.602000    640.000000    94.241000     7.42834E-02  7.61984E-04  15.121300  6.162930
3  740.000000    105.187000    640.000000    94.241000     680.000000    91.001000     1.55327E-01  1.56337E-03  15.772900  3.534080
3  740.000000    105.187000    800.000000    112.086000    840.000000    110.374000    1.62096E-01  1.63153E-03  9.744640  3.534250
3  740.000000    105.187000    840.000000    110.374000    880.000000    97.963000     1.12901E-01  1.14214E-03  13.825800  4.537360
3  740.000000    105.187000    880.000000    97.963000     920.000000    98.528000     8.70462E-02  8.86766E-04  19.314900  5.511850
3  740.000000    105.187000    920.000000    98.528000     960.000000    99.983000     4.75470E-02  5.03456E-04  18.452400  8.953540
3  740.000000    105.187000    960.000000    99.983000     1000.000000   109.284000    3.49237E-02  4.66410E-04  16.727000  30.517500
3  740.000000    105.187000    1000.000000   109.284000    1040.000000   125.393000    2.62490E-02  4.56746E-04  16.971900  37.103000
3  740.000000    105.187000    1040.000000   125.393000    1080.000000   127.088000    1.46833E-02  3.82998E-04  16.884800  58.038500
3  740.000000    105.187000    2240.000000   41.064000     2280.000000   42.996000     6.53729E-04  3.36136E-05  59.533300  123.454000
3  740.000000    105.187000    0.000000      85.461000     80.000000     95.232000     1.99046E-02  4.56856E-04  9.091470  50.529700
3  740.000000    105.187000    40.000000     89.773000     120.000000    103.752000    1.37503E-02  3.58657E-04  11.321600  58.038500
3  740.000000    105.187000    80.000000     95.232000     160.000000    106.465000    1.14076E-02  3.12284E-04  13.764200  61.446400
3  740.000000    105.187000    120.000000    103.752000    200.000000    103.693000    1.22573E-02  3.35545E-04  10.181100  61.446400
3  740.000000    105.187000    160.000000    106.465000    240.000000    107.318000    1.55226E-02  3.51179E-04  13.519600  50.469700
3  740.000000    105.187000    200.000000    103.693000    280.000000    107.758000    1.77889E-02  4.02451E-04  17.168100  50.469700
3  740.000000    105.187000    240.000000    107.318000    320.000000    109.059000    2.10532E-02  4.64467E-04  15.717100  45.474500
3  740.000000    105.187000    280.000000    107.758000    360.000000    107.422000    2.44345E-02  4.25155E-04  16.435200  37.102900
3  740.000000    105.187000    320.000000    109.059000    400.000000    112.646000    2.99865E-02  4.82660E-04  17.003700  36.345700
3  740.000000    105.187000    1080.000000   127.088000    1160.000000   107.119000    3.18469E-02  4.25331E-04  23.385100  30.517600
3  740.000000    105.187000    1120.000000   112.650000    1200.000000   112.156000    2.80413E-02  4.51386E-04  25.890200  36.345900
3  740.000000    105.187000    1160.000000   107.119000    1240.000000   121.717000    1.78783E-02  4.10162E-04  27.312500  50.529600
3  740.000000    105.187000    1200.000000   112.156000    1280.000000   118.242000    1.51538E-02  3.42849E-04  28.388100  50.469800
3  740.000000    105.187000    1240.000000   121.717000    1320.000000   121.622000    1.29271E-02  3.53894E-04  31.724700  61.446600
3  740.000000    105.187000    1280.000000   118.242000    1360.000000   139.168000    1.43098E-02  3.73283E-04  34.816300  58.038800
3  740.000000    105.187000    1320.000000   121.622000    1400.000000   152.179000    1.44242E-02  3.76268E-04  25.775200  58.039100
3  740.000000    105.187000    1360.000000   139.168000    1440.000000   160.534000    1.12683E-02  3.08490E-04  16.437200  61.446700
3  740.000000    105.187000    2200.000000   41.028000     2280.000000   42.996000     1.45140E-03  7.58210E-05  63.842600  123.454000
3  740.000000    105.187000    1400.000000   152.179000    1560.000000   155.128000    1.97999E-02  4.54265E-04  19.180900  50.529900
3  740.000000    105.187000    1440.000000   160.534000    1600.000000   139.326000    1.87610E-02  4.30426E-04  18.602200  50.529800
3  740.000000    105.187000    1480.000000   164.497000    1640.000000   117.482000    1.98687E-02  4.55844E-04  19.632500  50.529900
3  740.000000    105.187000    1520.000000   168.092000    1680.000000   108.805000    2.38018E-02  4.14299E-04  20.637700  37.104800
3  740.000000    105.187000    1560.000000   155.128000    1720.000000   105.823000    2.56394E-02  4.46264E-04  20.662600  37.104500
3  740.000000    105.187000    1600.000000   139.326000    1760.000000   106.406000    2.89543E-02  4.66205E-04  20.505600  36.347200
3  740.000000    105.187000    1640.000000   117.482000    1800.000000   92.674000     2.64640E-02  4.60627E-04  20.438300  37.104700
3  740.000000    105.187000    1680.000000   108.805000    1840.000000   86.557000     2.18670E-02  4.82458E-04  19.579600  45.475000
3  740.000000    105.187000    1720.000000   105.823000    1880.000000   78.369000     2.11064E-02  4.65671E-04  20.801300  45.474900
3  740.000000    105.187000    1760.000000   106.406000    1920.000000   69.798000     1.67941E-02  3.79950E-04  23.033700  50.469800
3  740.000000    105.187000    1800.000000   92.674000     1960.000000   70.212000     1.56369E-02  3.53768E-04  24.565900  50.469700
3  740.000000    105.187000    1840.000000   86.557000     2000.000000   66.527000     1.35842E-02  3.54326E-04  26.520400  58.038500
3  740.000000    105.187000    1880.000000   78.369000     2040.000000   61.428000     9.54192E-03  2.69576E-04  27.692200  68.357400
3  740.000000    105.187000    1920.000000   69.798000     2080.000000   55.293000     7.20483E-03  2.30655E-04  28.836800  73.582300
3  740.000000    105.187000    1960.000000   70.212000     2120.000000   43.879000     5.33243E-03  1.71004E-04  25.361100  73.446400
3  740.000000    105.187000    2000.000000   66.527000     2160.000000   41.041000     5.09805E-03  1.63482E-04  19.808700  73.446400
3  740.000000    105.187000    2040.000000   61.428000     2200.000000   41.028000     3.16504E-03  1.06826E-04  32.781100  74.188100
3  740.000000    105.187000    2080.000000   55.293000     2240.000000   41.064000     3.31617E-03  1.11926E-04  40.302400  74.187000
3  740.000000    105.187000    2120.000000   43.879000     2280.000000   42.996000     2.42202E-03  9.65822E-05  62.467000  81.681200
3  780.000000    111.181000    0.000000      85.461000     40.000000     89.773000     1.16332E-02  3.18460E-04  1.705180  61.446400
3  780.000000    111.181000    440.000000    114.190000    480.000000    115.862000    2.09160E-02  4.61440E-04  17.514700  45.474500
3  780.000000    111.181000    480.000000    115.862000    520.000000    117.315000    1.37240E-02  3.57971E-04  19.052400  58.038500
3  780.000000    111.181000    520.000000    117.315000    560.000000    107.062000    2.81412E-02  4.52958E-04  18.823400  36.345700
3  780.000000    111.181000    560.000000    107.062000    600.000000    109.602000    3.28707E-02  4.38962E-04  20.139600  30.517400
3  780.000000    111.181000    640.000000    94.241000     680.000000    91.001000     1.03872E-01  1.05072E-03  17.168200  4.536810
3  780.000000    111.181000    680.000000    91.001000     720.000000    99.688000     2.16170E-01  2.17214E-03  14.921700  3.023070
3  780.000000    111.181000    840.000000    110.374000    880.000000    97.963000     2.13206E-01  2.14257E-03  12.688300  3.023220
3  780.000000    111.181000    880.000000    97.963000     920.000000    98.528000     1.42513E-01  1.43769E-03  19.139400  4.013690
3  780.000000    111.181000    920.000000    98.528000     960.000000    99.983000     6.95695E-02  7.21032E-04  18.770600  6.686240
3  780.000000    111.181000    960.000000    99.983000     1000.000000   109.284000    4.75610E-02  5.03557E-04  18.013400  8.953020
3  780.000000    111.181000    1000.000000   109.284000    1040.000000   125.393000    3.42661E-02  4.57600E-04  17.653900  30.517400
3  780.000000    111.181000    1040.000000   125.393000    1080.000000   127.088000    1.84387E-02  4.23006E-04  17.629700  50.529500
3  780.000000    111.181000    1080.000000   127.088000    1120.000000   112.650000    1.64162E-02  3.71397E-04  21.524000  50.469700
3  780.000000    111.181000    2240.000000   41.064000     2280.000000   42.996000     6.89439E-04  3.52069E-05  15.218400  123.712000
3  780.000000    111.181000    0.000000      85.461000     80.000000     95.232000     1.88264E-02  4.31900E-04  3.050880  50.529500
3  780.000000    111.181000    40.000000     89.773000     120.000000    103.752000    1.29383E-02  3.54187E-04  6.233390  61.446400
3  780.000000    111.181000    80.000000     95.232000     160.000000    106.465000    1.06648E-02  3.01299E-04  9.597380  68.357400
3  780.000000    111.181000    120.000000    103.752000    200.000000    103.693000    1.14228E-02  3.12701E-04  7.221360  61.446400
3  780.000000    111.181000    160.000000    106.465000    240.000000    107.318000    1.44151E-02  3.76001E-04  10.809600  58.038500
3  780.000000    111.181000    200.000000    103.693000    280.000000    107.758000    1.64237E-02  3.71565E-04  15.097300  50.469700
3  780.000000    111.181000    240.000000    107.318000    320.000000    109.059000    1.92810E-02  4.42329E-04  14.126300  50.529500
3  780.000000    111.181000    280.000000    107.758000    360.000000    107.422000    2.22125E-02  4.90043E-04  15.316200  45.474500
3  780.000000    111.181000    320.000000    109.059000    400.000000    112.646000    2.70115E-02  4.34774E-04  16.412100  36.345700
3  780.000000    111.181000    360.000000    107.422000    440.000000    114.190000    3.80746E-02  4.65980E-04  17.624300  24.290000
3  780.000000    111.181000    1120.000000   112.650000    1200.000000   112.156000    3.34563E-02  4.46809E-04  27.110900  30.517500
3  780.000000    111.181000    1160.000000   107.119000    1240.000000   121.717000    2.09133E-02  4.61398E-04  28.899500  45.474600
3  780.000000    111.181000    1200.000000   112.156000    1280.000000   118.242000    1.74908E-02  4.01265E-04  30.137800  50.529600
3  780.000000    111.181000    1240.000000   121.717000    1320.000000   121.622000    1.47964E-02  3.85952E-04  33.346900  58.038600
3  780.000000    111.181000    1280.000000   118.242000    1360.000000   139.168000    1.61868E-02  3.66236E-04  37.005300  50.470000
3  780.000000    111.181000    1320.000000   121.622000    1400.000000   152.179000    1.61027E-02  3.64327E-04  28.804200  50.469800
3  780.000000    111.181000    1360.000000   139.168000    1440.000000   160.534000    1.24564E-02  3.41011E-04  19.684400  61.446600
3  780.000000    111.181000    1400.000000   152.179000    1480.000000   164.497000    1.21073E-02  3.31455E-04  22.098300  61.446600
3  780.000000    111.181000    2200.000000   41.028000     2280.000000   42.996000     1.53117E-03  6.86376E-05  19.179000  82.904600
3  780.000000    111.181000    1440.000000   160.534000    1600.000000   139.326000    2.06036E-02  4.54569E-04  21.612700  45.474700
3  780.000000    111.181000    1480.000000   164.497000    1640.000000   117.482000    2.17564E-02  4.80003E-04  22.469400  45.474600
3  780.000000    111.181000    1520.000000   168.092000    1680.000000   108.805000    2.59818E-02  4.52320E-04  23.541200  37.105000
3  780.000000    111.181000    1560.000000   155.128000    1720.000000   105.823000    2.79177E-02  4.49603E-04  23.105600  36.347600
3  780.000000    111.181000    1600.000000   139.326000    1760.000000   106.406000    3.14542E-02  4.20354E-04  22.406600  30.519300
3  780.000000    111.181000    1640.000000   117.482000    1800.000000   92.674000     2.86860E-02  4.62037E-04  21.800500  36.347900
3  780.000000    111.181000    1680.000000   108.805000    1840.000000   86.557000     2.36453E-02  4.11485E-04  19.793600  37.103200
3  780.000000    111.181000    1720.000000   105.823000    1880.000000   78.369000     2.27897E-02  5.02825E-04  20.344800  45.474800
3  780.000000    111.181000    1760.000000   106.406000    1920.000000   69.798000     1.81006E-02  4.15259E-04  21.402900  50.529600
3  780.000000    111.181000    1800.000000   92.674000     1960.000000   70.212000     1.68216E-02  3.80572E-04  21.735300  50.469700
3  780.000000    111.181000    1840.000000   86.557000     2000.000000   66.527000     1.45949E-02  3.80690E-04  22.766900  58.038500
3  780.000000    111.181000    1880.000000   78.369000     2040.000000   61.428000     1.02336E-02  2.89117E-04  22.654800  68.357400
3  780.000000    111.181000    1920.000000   69.798000     2080.000000   55.293000     7.72434E-03  2.29435E-04  23.977900  70.742800
3  780.000000    111.181000    1960.000000   70.212000     2120.000000   43.879000     5.68678E-03  1.82369E-04  23.732400  73.446800
3  780.000000    111.181000    2000.000000   66.527000     2160.000000   41.041000     5.40600E-03  1.73360E-04  19.755600  73.446400
3  780.000000    111.181000    2040.000000   61.428000     2200.000000   41.028000     3.35799E-03  1.13338E-04  26.634500  74.186100
3  780.000000    111.181000    2080.000000   55.293000     2240.000000   41.064000     3.51064E-03  1.20521E-04  24.289200  74.266200
3  780.000000    111.181000    2120.000000   43.879000     2280.000000   42.996000     2.56620E-03  1.05511E-04  24.447600  82.030600
3  820.000000    111.774000    0.000000      85.461000     40.000000     89.773000     1.09996E-02  3.11197E-04  8.545100  68.363500
3  820.000000    111.774000    480.000000    115.862000    520.000000    117.315000    1.17869E-02  3.22668E-04  20.021900  61.446400
3  820.000000    111.774000    520.000000    117.315000    560.000000    107.062000    2.33677E-02  5.15529E-04  19.830500  45.474500
3  820.000000    111.774000    560.000000    107.062000    600.000000    109.602000    2.62473E-02  4.56698E-04  21.075100  37.102900
3  820.000000    111.774000    600.000000    109.602000    640.000000    94.241000     4.14045E-02  4.64604E-04  17.746200  15.460700
3  820.000000    111.774000    640.000000    94.241000     680.000000    91.001000     7.28632E-02  7.55140E-04  19.013500  6.686100
3  820.000000    111.774000    680.000000    91.001000     720.000000    99.688000     1.29368E-01  1.30490E-03  17.970400  4.013520
3  820.000000    111.774000    720.000000    99.688000     760.000000    109.364000    2.35153E-01  2.36044E-03  16.118300  2.635020
3  820.000000    111.774000    880.000000    97.963000     920.000000    98.528000     2.68017E-01  2.69360E-03  17.084000  2.638730
3  820.000000    111.774000    920.000000    98.528000     960.000000    99.983000     1.10091E-01  1.11698E-03  17.662300  4.538750
3  820.000000    111.774000    960.000000    99.983000     1000.000000   109.284000    6.81158E-02  7.08302E-04  17.322000  6.687770
3  820.000000    111.774000    1000.000000   109.284000    1040.000000   125.393000    4.63055E-02  5.21141E-04  16.920100  15.462000
3  820.000000    111.774000    1040.000000   125.393000    1080.000000   127.088000    2.39832E-02  4.17571E-04  17.084700  37.103200
3  820.000000    111.774000    1080.000000   127.088000    1120.000000   112.650000    2.05704E-02  4.54026E-04  21.439800  45.474800
3  820.000000    111.774000    1120.000000   112.650000    1160.000000   107.119000    2.72341E-02  4.38559E-04  26.394800  36.346200
3  820.000000    111.774000    2240.000000   41.064000     2280.000000   42.996000     7.27496E-04  3.71597E-05  20.922400  124.876000
3  820.000000    111.774000    0.000000      85.461000     80.000000     95.232000     1.77855E-02  4.02559E-04  9.249900  50.470400
3  820.000000    111.774000    40.000000     89.773000     120.000000    103.752000    1.21842E-02  3.33562E-04  11.488000  61.446400
3  820.000000    111.774000    120.000000    103.752000    200.000000    103.693000    1.06609E-02  3.01216E-04  9.895160  68.357400
3  820.000000    111.774000    160.000000    106.465000    240.000000    107.318000    1.33622E-02  3.48537E-04  13.475500  58.038500
3  820.000000    111.774000    200.000000    103.693000    280.000000    107.758000    1.51362E-02  3.94807E-04  17.869800  58.038500
3  820.000000    111.774000    240.000000    107.318000    320.000000    109.059000    1.76745E-02  3.99863E-04  16.218800  50.469700
3  820.000000    111.774000    280.000000    107.758000    360.000000    107.422000    2.01859E-02  4.63089E-04  17.002900  50.529500
3  820.000000    111.774000    320.000000    109.059000    400.000000    112.646000    2.42732E-02  4.22349E-04  17.639400  37.102900
3  820.000000    111.774000    360.000000    107.422000    440.000000    114.190000    3.38580E-02  4.52150E-04  18.696900  30.517400
3  820.000000    111.774000    400.000000    112.646000    480.000000    115.862000    3.82204E-02  4.67764E-04  18.903300  24.290000
3  820.000000    111.774000    1160.000000   107.119000    1240.000000   121.717000    2.46963E-02  4.33109E-04  29.397800  37.103200
3  820.000000    111.774000    1200.000000   112.156000    1280.000000   118.242000    2.01887E-02  4.63246E-04  30.612500  50.529500
3  820.000000    111.774000    1240.000000   121.717000    1320.000000   121.622000    1.67886E-02  3.80111E-04  33.694400  50.469700
3  820.000000    111.774000    1280.000000   118.242000    1360.000000   139.168000    1.81002E-02  4.15896E-04  37.674500  50.529600
3  820.000000    111.774000    1320.000000   121.622000    1400.000000   152.179000    1.78596E-02  4.10314E-04  30.528800  50.529500
3  820.000000    111.774000    1360.000000   139.168000    1440.000000   160.534000    1.37377E-02  3.58624E-04  22.471400  58.038600
3  820.000000    111.774000    1400.000000   152.179000    1480.000000   164.497000    1.32792E-02  3.46639E-04  25.008500  58.038600
3  820.000000    111.774000    1440.000000   160.534000    1520.000000   168.092000    1.27152E-02  3.48325E-04  24.842700  61.446400
3  820.000000    111.774000    2200.000000   41.028000     2280.000000   42.996000     1.61701E-03  8.15660E-05  23.831200  86.130700
3  820.000000    111.774000    0.000000      85.461000     160.000000    106.465000    2.77945E-02  4.47377E-04  11.067100  36.345800
3  820.000000    111.774000    1480.000000   164.497000    1640.000000   117.482000    2.35480E-02  5.19952E-04  26.588500  45.474600
3  820.000000    111.774000    1520.000000   168.092000    1680.000000   108.805000    2.79857E-02  4.51558E-04  28.113000  36.345900
3  820.000000    111.774000    1560.000000   155.128000    1720.000000   105.823000    2.99885E-02  4.83852E-04  28.211400  36.345900
3  820.000000    111.774000    1600.000000   139.326000    1760.000000   106.406000    3.37106E-02  4.51675E-04  28.005000  30.517500
3  820.000000    111.774000    1640.000000   117.482000    1800.000000   92.674000     3.06727E-02  4.94833E-04  27.898600  36.345900
3  820.000000    111.774000    1680.000000   108.805000    1840.000000   86.557000     2.52449E-02  4.39819E-04  26.605900  37.103000
3  820.000000    111.774000    1720.000000   105.823000    1880.000000   78.369000     2.43021E-02  4.23243E-04  27.576100  37.103000
3  820.000000    111.774000    1760.000000   106.406000    1920.000000   69.798000     1.92830E-02  4.42447E-04  29.135500  50.529500
3  820.000000    111.774000    1800.000000   92.674000     1960.000000   70.212000     1.79075E-02  4.10854E-04  29.946800  50.529500
3  820.000000    111.774000    1840.000000   86.557000     2000.000000   66.527000     1.55269E-02  3.51290E-04  31.381100  50.469700
3  820.000000    111.774000    1880.000000   78.369000     2040.000000   61.428000     1.08765E-02  3.07280E-04  31.712000  68.357400
3  820.000000    111.774000    1920.000000   69.798000     2080.000000   55.293000     8.20238E-03  2.43636E-04  33.039900  70.742800
3  820.000000    111.774000    1960.000000   70.212000     2120.000000   43.879000     6.01912E-03  1.92748E-04  29.678000  73.583900
3  820.000000    111.774000    2000.000000   66.527000     2160.000000   41.041000     5.70453E-03  1.82944E-04  21.305600  73.446400
3  820.000000    111.774000    2040.000000   61.428000     2200.000000   41.028000     3.54073E-03  1.19557E-04  26.561800  74.189600
3  820.000000    111.774000    2080.000000   55.293000     2240.000000   41.064000     3.70131E-03  1.25059E-04  23.647300  74.186100
3  820.000000    111.774000    2120.000000   43.879000     2280.000000   42.996000     2.70942E-03  1.08065E-04  26.274100  81.739800
3  860.000000    103.921000    0.000000      85.461000     40.000000     89.773000     1.03366E-02  2.92152E-04  12.093900  68.358500
3  860.000000    103.921000    440.000000    114.190000    480.000000    115.862000    1.60360E-02  3.62794E-04  19.783900  50.469700
3  860.000000    103.921000    520.000000    117.315000    560.000000    107.062000    1.95395E-02  4.48260E-04  21.134400  50.529500
3  860.000000    103.921000    560.000000    107.062000    600.000000    109.602000    2.11951E-02  4.67598E-04  22.319600  45.474500
3  860.000000    103.921000    600.000000    109.602000    640.000000    94.241000     3.18497E-02  4.25327E-04  19.503600  30.517400
3  860.000000    103.921000    640.000000    94.241000     680.000000    91.001000     5.36382E-02  5.67894E-04  21.007700  8.952910
3  860.000000    103.921000    680.000000    91.001000     720.000000    99.688000     8.57425E-02  8.79529E-04  20.390000  6.162930
3  860.000000    103.921000    720.000000    99.688000     760.000000    109.364000    1.34277E-01  1.35441E-03  20.393400  4.013500
3  860.000000    103.921000    760.000000    109.364000    800.000000    112.086000    2.16915E-01  2.17963E-03  16.396900  3.023080
3  860.000000    103.921000    920.000000    98.528000     960.000000    99.983000     2.50388E-01  2.51337E-03  13.326400  2.635010
3  860.000000    103.921000    960.000000    99.983000     1000.000000   109.284000    1.27057E-01  1.28159E-03  14.133400  4.013500
3  860.000000    103.921000    1040.000000   125.393000    1080.000000   127.088000    3.52580E-02  4.31914E-04  14.249900  24.290400
3  860.000000    103.921000    1080.000000   127.088000    1120.000000   112.650000    2.88799E-02  4.65244E-04  19.789800  36.346300
3  860.000000    103.921000    1120.000000   112.650000    1160.000000   107.119000    3.61193E-02  4.43386E-04  24.113400  24.295200
3  860.000000    103.921000    1160.000000   107.119000    1200.000000   112.156000    1.71386E-02  3.88916E-04  26.977000  50.471600
3  860.000000    103.921000    2240.000000   41.064000     2280.000000   42.996000     7.84689E-04  4.00713E-05  37.172800  123.454000
3  860.000000    103.921000    0.000000      85.461000     80.000000     95.232000     1.66968E-02  3.77835E-04  13.300200  50.469800
3  860.000000    103.921000    40.000000     89.773000     120.000000    103.752000    1.13884E-02  3.11773E-04  16.367800  61.447500
3  860.000000    103.921000    160.000000    106.465000    240.000000    107.318000    1.23325E-02  3.37635E-04  16.789800  61.447100
3  860.000000    103.921000    200.000000    103.693000    280.000000    107.758000    1.38926E-02  3.62398E-04  19.816200  58.038600
3  860.000000    103.921000    240.000000    107.318000    320.000000    109.059000    1.61100E-02  3.64469E-04  18.075600  50.469700
3  860.000000    103.921000    280.000000    107.758000    360.000000    107.422000    1.82684E-02  4.19099E-04  18.600500  50.529500
3  860.000000    103.921000    440.000000    114.190000    520.000000    117.315000    2.61427E-02  4.54878E-04  20.330900  37.102900
3  860.000000    103.921000    1200.000000   112.156000    1280.000000   118.242000    2.46983E-02  4.30121E-04  28.355900  37.105300
3  860.000000    103.921000    1240.000000   121.717000    1320.000000   121.622000    2.01582E-02  4.45194E-04  31.250600  45.476200
3  860.000000    103.921000    1280.000000   118.242000    1360.000000   139.168000    2.12726E-02  4.70135E-04  34.757100  45.475800
3  860.000000    103.921000    1320.000000   121.622000    1400.000000   152.179000    2.05447E-02  4.53913E-04  27.373900  45.475800
3  860.000000    103.921000    1360.000000   139.168000    1440.000000   160.534000    1.55555E-02  3.52262E-04  18.909400  50.470000
3  860.000000    103.921000    1400.000000   152.179000    1480.000000   164.497000    1.49700E-02  3.90738E-04  21.015900  58.038700
3  860.000000    103.921000    1440.000000   160.534000    1520.000000   168.092000    1.43018E-02  3.73298E-04  20.698100  58.038600
3  860.000000    103.921000    1480.000000   164.497000    1560.000000   155.128000    1.18104E-02  3.23447E-04  21.797000  61.446400
3  860.000000    103.921000    2200.000000   41.028000     2280.000000   42.996000     1.75296E-03  7.32639E-05  27.231600  81.682400
3  860.000000    103.921000    0.000000      85.461000     160.000000    106.465000    2.59995E-02  4.52386E-04  15.337900  37.103200
3  860.000000    103.921000    40.000000     89.773000     200.000000    103.693000    2.12663E-02  4.69169E-04  15.555100  45.474500
3  860.000000    103.921000    1520.000000   168.092000    1680.000000   108.805000    3.10862E-02  4.16496E-04  24.938700  30.518700
3  860.000000    103.921000    1560.000000   155.128000    1720.000000   105.823000    3.32041E-02  4.44855E-04  25.146000  30.518200
3  860.000000    103.921000    1600.000000   139.326000    1760.000000   106.406000    3.72232E-02  4.57335E-04  25.058600  24.290600
3  860.000000    103.921000    1640.000000   117.482000    1800.000000   92.674000     3.37749E-02  4.52557E-04  25.209200  30.517700
3  860.000000    103.921000    1680.000000   108.805000    1840.000000   86.557000     2.77462E-02  4.47466E-04  23.218300  36.347500
3  860.000000    103.921000    1720.000000   105.823000    1880.000000   78.369000     2.66664E-02  4.29956E-04  24.276400  36.347300
3  860.000000    103.921000    1760.000000   106.406000    1920.000000   69.798000     2.11150E-02  4.66014E-04  25.974000  45.475200
3  860.000000    103.921000    1800.000000   92.674000     1960.000000   70.212000     1.95646E-02  4.49019E-04  27.056400  50.530300
3  860.000000    103.921000    1840.000000   86.557000     2000.000000   66.527000     1.69394E-02  3.83442E-04  28.683400  50.470900
3  860.000000    103.921000    1880.000000   78.369000     2040.000000   61.428000     1.18432E-02  3.24372E-04  29.328600  61.447500
3  860.000000    103.921000    1920.000000   69.798000     2080.000000   55.293000     8.92987E-03  2.65362E-04  31.124500  70.743300
3  860.000000    103.921000    1960.000000   70.212000     2120.000000   43.879000     6.51573E-03  2.08787E-04  31.964300  73.582400
3  860.000000    103.921000    2000.000000   66.527000     2160.000000   41.041000     6.14207E-03  1.96654E-04  29.702300  73.586000
3  860.000000    103.921000    2040.000000   61.428000     2200.000000   41.028000     3.81144E-03  1.28648E-04  28.097200  74.193800
3  860.000000    103.921000    2080.000000   55.293000     2240.000000   41.064000     3.99076E-03  1.34788E-04  22.890400  74.210100
3  860.000000    103.921000    2120.000000   43.879000     2280.000000   42.996000     2.93703E-03  1.17231E-04  22.322800  75.356200
3  900.000000    97.405000     0.000000      85.461000     40.000000     89.773000     9.50304E-03  2.68477E-04  7.605300  68.357400
3  900.000000    97.405000     400.000000    112.646000    440.000000    114.190000    2.57473E-02  4.47998E-04  19.373500  37.102900
3  900.000000    97.405000     560.000000    107.062000    600.000000    109.602000    1.64077E-02  3.71203E-04  22.481600  50.469700
3  900.000000    97.405000     600.000000    109.602000    640.000000    94.241000     2.39866E-02  4.17362E-04  20.269600  37.102900
3  900.000000    97.405000     640.000000    94.241000     680.000000    91.001000     3.68216E-02  4.50645E-04  22.064500  24.290000
3  900.000000    97.405000     680.000000    91.001000     720.000000    99.688000     5.61196E-02  5.91742E-04  20.960100  8.038320
3  900.000000    97.405000     720.000000    99.688000     760.000000    109.364000    7.45504E-02  7.64723E-04  21.696300  6.162930
3  900.000000    97.405000     760.000000    109.364000    800.000000    112.086000    1.02757E-01  1.03944E-03  19.500000  4.536810
3  900.000000    97.405000     800.000000    112.086000    840.000000    110.374000    2.09453E-01  2.10465E-03  14.588000  3.023280
3  900.000000    97.405000     960.000000    99.983000     1000.000000   109.284000    3.68979E-01  3.70064E-03  11.784000  2.156260
3  900.000000    97.405000     1000.000000   109.284000    1040.000000   125.393000    1.60138E-01  1.61179E-03  12.502700  3.534080
3  900.000000    97.405000     1080.000000   127.088000    1120.000000   112.650000    4.90805E-02  5.19655E-04  20.381300  8.952950
3  900.000000    97.405000     1120.000000   112.650000    1160.000000   107.119000    5.75975E-02  6.07394E-04  24.332200  8.038490
3  900.000000    97.405000     1160.000000   107.119000    1200.000000   112.156000    2.57642E-02  4.48305E-04  29.538200  37.459400
3  900.000000    97.405000     1200.000000   112.156000    1240.000000   121.717000    1.93447E-02  4.43798E-04  31.379200  50.529500
3  900.000000    97.405000     2240.000000   41.064000     2280.000000   42.996000     8.37045E-04  4.28365E-05  25.268600  123.572000
3  900.000000    97.405000     0.000000      85.461000     80.000000     95.232000     1.53312E-02  3.99894E-04  8.869560  58.038500
3  900.000000    97.405000     40.000000     89.773000     120.000000    103.752000    1.04349E-02  2.94804E-04  11.627000  68.357400
3  900.000000    97.405000     200.000000    103.693000    280.000000    107.758000    1.23823E-02  3.38967E-04  17.948400  61.446400
3  900.000000    97.405000     240.000000    107.318000    320.000000    109.059000    1.43241E-02  3.73624E-04  17.319900  58.038500
3  900.000000    97.405000     280.000000    107.758000    360.000000    107.422000    1.60395E-02  3.62873E-04  17.516500  50.469700
3  900.000000    97.405000     400.000000    112.646000    480.000000    115.862000    3.91857E-02  4.79578E-04  19.412300  24.290000
3  900.000000    97.405000     440.000000    114.190000    520.000000    117.315000    2.18581E-02  4.82225E-04  20.025100  45.474500
3  900.000000    97.405000     480.000000    115.862000    560.000000    107.062000    2.40462E-02  4.18399E-04  21.043200  37.102900
3  900.000000    97.405000     1240.000000   121.717000    1320.000000   121.622000    2.55090E-02  4.43864E-04  34.019600  37.102900
3  900.000000    97.405000     1280.000000   118.242000    1360.000000   139.168000    2.57534E-02  4.48130E-04  37.675000  37.103400
3  900.000000    97.405000     1320.000000   121.622000    1400.000000   152.179000    2.45266E-02  4.26778E-04  30.569300  37.103000
3  900.000000    97.405000     1360.000000   139.168000    1440.000000   160.534000    1.84639E-02  4.23591E-04  21.972000  50.529500
3  900.000000    97.405000     1400.000000   152.179000    1480.000000   164.497000    1.74619E-02  3.95060E-04  23.856500  50.469700
3  900.000000    97.405000     1440.000000   160.534000    1520.000000   168.092000    1.64529E-02  3.72232E-04  23.083100  50.469700
3  900.000000    97.405000     1480.000000   164.497000    1560.000000   155.128000    1.33728E-02  3.48815E-04  23.084500  58.038500
3  900.000000    97.405000     1520.000000   168.092000    1600.000000   139.326000    1.21312E-02  3.32095E-04  21.948500  61.446400
3  900.000000    97.405000     2200.000000   41.028000     2280.000000   42.996000     1.86444E-03  7.69654E-05  25.714300  81.980200
3  900.000000    97.405000     0.000000      85.461000     160.000000    106.465000    2.38531E-02  4.15039E-04  10.971100  37.102900
3  900.000000    97.405000     40.000000     89.773000     200.000000    103.693000    1.93965E-02  4.44979E-04  11.350500  50.529500
3  900.000000    97.405000     80.000000     95.232000     240.000000    107.318000    1.95847E-02  4.49297E-04  14.145700  50.529500
3  900.000000    97.405000     1560.000000   155.128000    1720.000000   105.823000    3.64724E-02  4.46404E-04  23.236200  24.290000
3  900.000000    97.405000     1600.000000   139.326000    1760.000000   106.406000    4.06992E-02  4.56730E-04  22.465700  15.460700
3  900.000000    97.405000     1640.000000   117.482000    1800.000000   92.674000     3.67543E-02  4.49854E-04  21.879400  24.290000
3  900.000000    97.405000     1680.000000   108.805000    1840.000000   86.557000     3.01251E-02  4.84909E-04  20.265500  36.345700
3  900.000000    97.405000     1720.000000   105.823000    1880.000000   78.369000     2.88966E-02  4.65134E-04  20.947700  36.345700
3  900.000000    97.405000     1760.000000   106.406000    1920.000000   69.798000     2.28687E-02  5.04525E-04  22.344800  45.474500
3  900.000000    97.405000     1800.000000   92.674000     1960.000000   70.212000     2.12020E-02  4.67756E-04  23.024800  45.474500
3  900.000000    97.405000     1840.000000   86.557000     2000.000000   66.527000     1.83502E-02  4.20979E-04  24.457900  50.529500
3  900.000000    97.405000     1880.000000   78.369000     2040.000000   61.428000     1.28213E-02  3.50987E-04  24.792800  61.446400
3  900.000000    97.405000     1920.000000   69.798000     2080.000000   55.293000     9.63942E-03  2.72331E-04  26.148600  68.357400
3  900.000000    97.405000     1960.000000   70.212000     2120.000000   43.879000     7.00923E-03  2.24395E-04  24.365700  73.582300
3  900.000000    97.405000     2000.000000   66.527000     2160.000000   41.041000     6.59061E-03  2.11352E-04  17.148800  73.585100
3  900.000000    97.405000     2040.000000   61.428000     2200.000000   41.028000     4.09311E-03  1.38168E-04  21.906500  74.188900
3  900.000000    97.405000     2080.000000   55.293000     2240.000000   41.064000     4.27377E-03  1.44721E-04  20.336700  74.208500
3  900.000000    97.405000     2120.000000   43.879000     2280.000000   42.996000     3.14059E-03  1.08352E-04  24.049500  74.281100
3  940.000000    100.145000    0.000000      85.461000     40.000000     89.773000     9.00354E-03  2.67431E-04  -1.288560  70.742800
3  940.000000    100.145000    600.000000    109.602000    640.000000    94.241000     1.93490E-02  4.43889E-04  21.739400  50.529500
3  940.000000    100.145000    640.000000    94.241000     680.000000    91.001000     2.86937E-02  4.61851E-04  24.026300  36.345800
3  940.000000    100.145000    680.000000    91.001000     720.000000    99.688000     4.17016E-02  4.67938E-04  20.856400  15.571600
3  940.000000    100.145000    720.000000    99.688000     760.000000    109.364000    5.03489E-02  5.53123E-04  22.213700  9.154330
3  940.000000    100.145000    760.000000    109.364000    800.000000    112.086000    6.51288E-02  6.74982E-04  21.473900  6.692040
3  940.000000    100.145000    800.000000    112.086000    840.000000    110.374000    1.13573E-01  1.15352E-03  17.660700  4.547310
3  940.000000    100.145000    840.000000    110.374000    880.000000    97.963000     3.36113E-01  3.37101E-03  11.775900  2.156840
3  940.000000    100.145000    1000.000000   109.284000    1040.000000   125.393000    3.27631E-01  3.28604E-03  9.546610  2.156650
3  940.000000    100.145000    1040.000000   125.393000    1080.000000   127.088000    1.18340E-01  1.19709E-03  8.709200  4.537150
3  940.000000    100.145000    1080.000000   127.088000    1120.000000   112.650000    8.11405E-02  8.32347E-04  17.957200  6.162970
3  940.000000    100.145000    1120.000000   112.650000    1160.000000   107.119000    8.74656E-02  8.90951E-04  21.273200  5.510550
3  940.000000    100.145000    1160.000000   107.119000    1200.000000   112.156000    3.59816E-02  9.31977E-04  26.733100  33.693600
3  940.000000    100.145000    1200.000000   112.156000    1240.000000   121.717000    2.60679E-02  4.53581E-04  28.992500  37.102900
3  940.000000    100.145000    1240.000000   121.717000    1280.000000   118.242000    1.80998E-02  4.15235E-04  29.183100  50.529500
3  940.000000    100.145000    2240.000000   41.064000     2280.000000   42.996000     8.94763E-04  4.56920E-05  15.999200  123.457000
3  940.000000    100.145000    0.000000      85.461000     80.000000     95.232000     1.45019E-02  3.78262E-04  0.181776  58.038500
3  940.000000    100.145000    40.000000     89.773000     120.000000    103.752000    9.80714E-03  2.77068E-04  4.288160  68.357400
3  940.000000    100.145000    240.000000    107.318000    320.000000    109.059000    1.31186E-02  3.59123E-04  14.681500  61.446400
3  940.000000    100.145000    280.000000    107.758000    360.000000    107.422000    1.46180E-02  3.81290E-04  16.682200  58.038500
3  940.000000    100.145000    320.000000    109.059000    400.000000    112.646000    4.18609E-02  4.71944E-04  23.341800  15.625300
3  940.000000    100.145000    360.000000    107.422000    440.000000    114.190000    2.26471E-02  4.99631E-04  26.766500  45.772200
3  940.000000    100.145000    400.000000    112.646000    480.000000    115.862000    2.31267E-05  1.18099E-06  20.889600  123.454000
3  940.000000    100.145000    440.000000    114.190000    520.000000    117.315000    1.92305E-02  4.41171E-04  21.037500  50.549400
3  940.000000    100.145000    480.000000    115.862000    560.000000    107.062000    2.07032E-02  4.56746E-04  22.984500  45.475300
3  940.000000    100.145000    520.000000    117.315000    600.000000    109.602000    2.70314E-02  4.35095E-04  23.807000  36.345800
3  940.000000    100.145000    1280.000000   118.242000    1360.000000   139.168000    3.18560E-02  4.25443E-04  34.698100  30.517400
3  940.000000    100.145000    1320.000000   121.622000    1400.000000   152.179000    2.93673E-02  4.72720E-04  27.259500  36.345800
3  940.000000    100.145000    1360.000000   139.168000    1440.000000   160.534000    2.16018E-02  4.76577E-04  18.372300  45.474500
3  940.000000    100.145000    1400.000000   152.179000    1480.000000   164.497000    2.02297E-02  4.64100E-04  20.078000  50.529500
3  940.000000    100.145000    1440.000000   160.534000    1520.000000   168.092000    1.89377E-02  4.34459E-04  18.723300  50.529500
3  940.000000    100.145000    1480.000000   164.497000    1560.000000   155.128000    1.52722E-02  3.45517E-04  18.753800  50.469700
3  940.000000    100.145000    1520.000000   168.092000    1600.000000   139.326000    1.37375E-02  3.58326E-04  17.020600  58.038500
3  940.000000    100.145000    1560.000000   155.128000    1640.000000   117.482000    1.80512E-02  4.14122E-04  17.289900  50.529500
3  940.000000    100.145000    2200.000000   41.028000     2280.000000   42.996000     1.99479E-03  7.96526E-05  16.961500  81.704600
3  940.000000    100.145000    0.000000      85.461000     160.000000    106.465000    2.24556E-02  4.95406E-04  2.951070  45.474500
3  940.000000    100.145000    40.000000     89.773000     200.000000    103.693000    1.81509E-02  4.16403E-04  5.141400  50.529500
3  940.000000    100.145000    80.000000     95.232000     240.000000    107.318000    1.82085E-02  4.23561E-04  9.529490  50.529600
3  940.000000    100.145000    120.000000    103.752000    280.000000    107.758000    1.97552E-02  4.54281E-04  11.483400  50.529500
3  940.000000    100.145000    1600.000000   139.326000    1760.000000   106.406000    4.52632E-02  5.07926E-04  16.181600  15.460800
3  940.000000    100.145000    1640.000000   117.482000    1800.000000   92.674000     4.06944E-02  4.56656E-04  15.261800  15.460800
3  940.000000    100.145000    1680.000000   108.805000    1840.000000   86.557000     3.32371E-02  4.43865E-04  13.426300  30.517400
3  940.000000    100.145000    1720.000000   105.823000    1880.000000   78.369000     3.18014E-02  4.24689E-04  13.945800  30.517400
3  940.000000    100.145000    1760.000000   106.406000    1920.000000   69.798000     2.51057E-02  4.36837E-04  15.223100  37.102900
3  940.000000    100.145000    1800.000000   92.674000     1960.000000   70.212000     2.32149E-02  4.03935E-04  15.725100  37.102900
3  940.000000    100.145000    1840.000000   86.557000     2000.000000   66.527000     2.00576E-02  4.60145E-04  16.970100  50.529500
3  940.000000    100.145000    1880.000000   78.369000     2040.000000   61.428000     1.39842E-02  3.64758E-04  17.126100  58.038500
3  940.000000    100.145000    1920.000000   69.798000     2080.000000   55.293000     1.05058E-02  2.96807E-04  18.476500  68.357400
3  940.000000    100.145000    1960.000000   70.212000     2120.000000   43.879000     7.59647E-03  2.25638E-04  16.997600  70.742800
3  940.000000    100.145000    2000.000000   66.527000     2160.000000   41.041000     7.08731E-03  2.26893E-04  11.516300  73.582400
3  940.000000    100.145000    2040.000000   61.428000     2200.000000   41.028000     4.38812E-03  1.40716E-04  15.546400  73.446400
3  940.000000    100.145000    2080.000000   55.293000     2240.000000   41.064000     4.57114E-03  1.46585E-04  13.596600  73.446500
3  940.000000    100.145000    2120.000000   43.879000     2280.000000   42.996000     3.35784E-03  1.13411E-04  16.634500  74.197800
3  980.000000    106.286000    0.000000      85.461000     40.000000     89.773000     8.34752E-03  2.47946E-04  16.754800  70.742800
3  980.000000    106.286000    640.000000    94.241000     680.000000    91.001000     2.15307E-02  4.75002E-04  24.013600  45.474500
3  980.000000    106.286000    680.000000    91.001000     720.000000    99.688000     2.77385E-02  4.46476E-04  21.837200  36.345700
3  980.000000    106.286000    720.000000    99.688000     760.000000    109.364000    3.22664E-02  4.30892E-04  20.896600  30.517400
3  980.000000    106.286000    760.000000    109.364000    800.000000    112.086000    3.90026E-02  4.77337E-04  23.198600  24.290000
3  980.000000    106.286000    800.000000    112.086000    840.000000    110.374000    5.59843E-02  5.90315E-04  20.458100  8.038330
3  980.000000    106.286000    840.000000    110.374000    880.000000    97.963000     1.28220E-01  1.29332E-03  14.944500  4.013580
3  980.000000    106.286000    880.000000    97.963000     920.000000    98.528000     3.32161E-01  3.33138E-03  13.142100  2.156370
3  980.000000    106.286000    1040.000000   125.393000    1080.000000   127.088000    3.56639E-01  3.57712E-03  5.852600  2.164850
3  980.000000    106.286000    1080.000000   127.088000    1120.000000   112.650000    1.98939E-01  1.99920E-03  13.102700  3.028110
3  980.000000    106.286000    1120.000000   112.650000    1160.000000   107.119000    1.77698E-01  1.78881E-03  17.866200  3.538880
3  980.000000    106.286000    1160.000000   107.119000    1200.000000   112.156000    6.60242E-02  1.27550E-03  24.634000  18.225700
3  980.000000    106.286000    1200.000000   112.156000    1240.000000   121.717000    4.40140E-02  4.93916E-04  27.632200  15.461000
3  980.000000    106.286000    1240.000000   121.717000    1280.000000   118.242000    2.87658E-02  4.63034E-04  28.597600  36.345900
3  980.000000    106.286000    1280.000000   118.242000    1320.000000   121.622000    2.25024E-02  4.96455E-04  34.827400  45.474700
3  980.000000    106.286000    2240.000000   41.064000     2280.000000   42.996000     9.81685E-04  5.01308E-05  26.366400  123.454000
3  980.000000    106.286000    0.000000      85.461000     80.000000     95.232000     1.34190E-02  3.50016E-04  17.579800  58.038500
3  980.000000    106.286000    40.000000     89.773000     120.000000    103.752000    8.98129E-03  2.66770E-04  18.544500  70.742800
3  980.000000    106.286000    280.000000    107.758000    360.000000    107.422000    1.28837E-02  3.52693E-04  19.691200  61.446400
3  980.000000    106.286000    320.000000    109.059000    400.000000    112.646000    3.67015E-02  4.50940E-04  20.097900  24.314400
3  980.000000    106.286000    360.000000    107.422000    440.000000    114.190000    2.00059E-02  4.58959E-04  20.339600  50.529500
3  980.000000    106.286000    400.000000    112.646000    480.000000    115.862000    1.99023E-05  1.01633E-06  19.228400  123.454000
3  980.000000    106.286000    440.000000    114.190000    520.000000    117.315000    1.63178E-02  3.69169E-04  20.434600  50.469700
3  980.000000    106.286000    480.000000    115.862000    560.000000    107.062000    1.71060E-02  3.87001E-04  22.042400  50.469700
3  980.000000    106.286000    520.000000    117.315000    600.000000    109.602000    2.19035E-02  4.83226E-04  22.797500  45.474500
3  980.000000    106.286000    560.000000    107.062000    640.000000    94.241000     2.53602E-02  4.41262E-04  22.497300  37.102900
3  980.000000    106.286000    1320.000000   121.622000    1400.000000   152.179000    4.02762E-02  4.52012E-04  32.320000  15.461800
3  980.000000    106.286000    1360.000000   139.168000    1440.000000   160.534000    2.79445E-02  4.49811E-04  24.672800  36.345900
3  980.000000    106.286000    1400.000000   152.179000    1480.000000   164.497000    2.58197E-02  4.49276E-04  26.690400  37.103100
3  980.000000    106.286000    1440.000000   160.534000    1520.000000   168.092000    2.40611E-02  4.18675E-04  25.693900  37.103100
3  980.000000    106.286000    1480.000000   164.497000    1560.000000   155.128000    1.92794E-02  4.42298E-04  26.001800  50.529600
3  980.000000    106.286000    1520.000000   168.092000    1600.000000   139.326000    1.71211E-02  3.87348E-04  25.087300  50.469700
3  980.000000    106.286000    1560.000000   155.128000    1640.000000   117.482000    2.23357E-02  4.92775E-04  26.072300  45.474700
3  980.000000    106.286000    1600.000000   139.326000    1680.000000   108.805000    3.05896E-02  4.08549E-04  27.911000  30.517800
3  980.000000    106.286000    2200.000000   41.028000     2280.000000   42.996000     2.19069E-03  8.75812E-05  28.277600  81.680500
3  980.000000    106.286000    0.000000      85.461000     160.000000    106.465000    2.05951E-02  4.72476E-04  19.069700  50.529500
3  980.000000    106.286000    40.000000     89.773000     200.000000    103.693000    1.65103E-02  3.73529E-04  17.989700  50.469700
3  980.000000    106.286000    80.000000     95.232000     240.000000    107.318000    1.64519E-02  3.72206E-04  19.097700  50.469700
3  980.000000    106.286000    120.000000    103.752000    280.000000    107.758000    1.77818E-02  4.02290E-04  19.115800  50.469700
3  980.000000    106.286000    160.000000    106.465000    320.000000    109.059000    2.08945E-02  4.60966E-04  18.034400  45.474500
3  980.000000    106.286000    1640.000000   117.482000    1800.000000   92.674000     4.90984E-02  5.19883E-04  25.854000  8.953740
3  980.000000    106.286000    1680.000000   108.805000    1840.000000   86.557000     3.97133E-02  4.86063E-04  24.423000  24.290300
3  980.000000    106.286000    1720.000000   105.823000    1880.000000   78.369000     3.78098E-02  4.62762E-04  25.238400  24.290200
3  980.000000    106.286000    1760.000000   106.406000    1920.000000   69.798000     2.96287E-02  4.76907E-04  26.828900  36.345800
3  980.000000    106.286000    1800.000000   92.674000     1960.000000   70.212000     2.71632E-02  4.37222E-04  27.743100  36.345800
3  980.000000    106.286000    1840.000000   86.557000     2000.000000   66.527000     2.33496E-02  4.06283E-04  29.293000  37.102900
3  980.000000    106.286000    1880.000000   78.369000     2040.000000   61.428000     1.61681E-02  3.65784E-04  29.680900  50.469700
3  980.000000    106.286000    1920.000000   69.798000     2080.000000   55.293000     1.21628E-02  3.32958E-04  30.994400  61.446400
3  980.000000    106.286000    1960.000000   70.212000     2120.000000   43.879000     8.66206E-03  2.57290E-04  30.144000  70.742800
3  980.000000    106.286000    2000.000000   66.527000     2160.000000   41.041000     7.92845E-03  2.35498E-04  25.167100  70.742800
3  980.000000    106.286000    2040.000000   61.428000     2200.000000   41.028000     4.83517E-03  1.55052E-04  34.888100  73.446400
3  980.000000    106.286000    2080.000000   55.293000     2240.000000   41.064000     4.99686E-03  1.60247E-04  32.427300  73.446600
3  980.000000    106.286000    2120.000000   43.879000     2280.000000   42.996000     3.66091E-03  1.23563E-04  35.912600  74.187100
3  1020.000000   115.870000    0.000000      85.461000     40.000000     89.773000     7.93928E-03  2.40324E-04  26.223700  70.872000
3  1020.000000   115.870000    680.000000    91.001000     720.000000    99.688000     2.26474E-02  4.99638E-04  21.654500  45.474500
3  1020.000000   115.870000    720.000000    99.688000     760.000000    109.364000    2.67080E-02  4.29889E-04  23.606600  36.345700
3  1020.000000   115.870000    760.000000    109.364000    800.000000    112.086000    3.12125E-02  4.16818E-04  23.479600  30.517400
3  1020.000000   115.870000    800.000000    112.086000    840.000000    110.374000    4.12399E-02  4.62757E-04  21.515200  15.460700
3  1020.000000   115.870000    840.000000    110.374000    880.000000    97.963000     8.77723E-02  8.94031E-04  16.727100  5.510570
3  1020.000000   115.870000    880.000000    97.963000     920.000000    98.528000     2.00894E-01  2.01864E-03  15.623600  3.023150
3  1020.000000   115.870000    920.000000    98.528000     960.000000    99.983000     3.84031E-01  3.85160E-03  9.642170  2.156940
3  1020.000000   115.870000    1080.000000   127.088000    1120.000000   112.650000    3.84981E-01  3.86525E-03  11.709500  2.184470
3  1020.000000   115.870000    1120.000000   112.650000    1160.000000   107.119000    2.89527E-01  2.90786E-03  17.792400  2.671380
3  1020.000000   115.870000    1160.000000   107.119000    1200.000000   112.156000    9.93512E-02  2.20972E-03  25.251300  5.518930
3  1020.000000   115.870000    1200.000000   112.156000    1240.000000   121.717000    6.30574E-02  6.54063E-04  28.379200  6.693300
3  1020.000000   115.870000    1240.000000   121.717000    1280.000000   118.242000    3.88718E-02  4.76242E-04  29.500300  24.292200
3  1020.000000   115.870000    1280.000000   118.242000    1320.000000   121.622000    2.94763E-02  4.74834E-04  36.659000  36.349000
3  1020.000000   115.870000    1320.000000   121.622000    1360.000000   139.168000    3.04818E-02  4.08712E-04  42.180300  30.538600
3  1020.000000   115.870000    0.000000      85.461000     80.000000     95.232000     1.27601E-02  3.49879E-04  24.201600  61.464300
3  1020.000000   115.870000    40.000000     89.773000     120.000000    103.752000    8.51342E-03  2.52873E-04  21.267200  70.742800
3  1020.000000   115.870000    320.000000    109.059000    400.000000    112.646000    3.39884E-02  4.55366E-04  16.056600  30.536100
3  1020.000000   115.870000    360.000000    107.422000    440.000000    114.190000    1.85295E-02  4.25089E-04  16.146600  50.529500
3  1020.000000   115.870000    400.000000    112.646000    480.000000    115.862000    1.83376E-05  9.36428E-07  14.595400  123.454000
3  1020.000000   115.870000    440.000000    114.190000    520.000000    117.315000    1.49580E-02  3.90158E-04  16.765000  58.038500
3  1020.000000   115.870000    480.000000    115.862000    560.000000    107.062000    1.54981E-02  3.50624E-04  18.799000  50.469700
3  1020.000000   115.870000    520.000000    117.315000    600.000000    109.602000    1.96769E-02  4.51412E-04  19.702800  50.529500
3  1020.000000   115.870000    560.000000    107.062000    640.000000    94.241000     2.23163E-02  4.92333E-04  19.916600  45.474500
3  1020.000000   115.870000    600.000000    109.602000    680.000000    91.001000     3.12690E-02  4.17572E-04  20.907700  30.517400
3  1020.000000   115.870000    1360.000000   139.168000    1440.000000   160.534000    3.31424E-02  4.42766E-04  28.793900  30.518000
3  1020.000000   115.870000    1400.000000   152.179000    1480.000000   164.497000    3.02616E-02  4.87233E-04  31.563200  36.346400
3  1020.000000   115.870000    1440.000000   160.534000    1520.000000   168.092000    2.80022E-02  4.50841E-04  30.462700  36.346300
3  1020.000000   115.870000    1480.000000   164.497000    1560.000000   155.128000    2.22424E-02  4.90739E-04  30.899600  45.474800
3  1020.000000   115.870000    1520.000000   168.092000    1600.000000   139.326000    1.95416E-02  4.48325E-04  29.946400  50.529600
3  1020.000000   115.870000    1560.000000   155.128000    1640.000000   117.482000    2.52967E-02  4.40208E-04  30.278000  37.103100
3  1020.000000   115.870000    1600.000000   139.326000    1680.000000   108.805000    3.44262E-02  4.59758E-04  30.956500  30.517400
3  1020.000000   115.870000    1640.000000   117.482000    1720.000000   105.823000    3.07827E-02  4.11106E-04  29.794300  30.517500
3  1020.000000   115.870000    2200.000000   41.028000     2280.000000   42.996000     2.33694E-03  1.46741E-04  58.361500  85.187900
3  1020.000000   115.870000    0.000000      85.461000     160.000000    106.465000    1.95220E-02  4.48120E-04  23.931600  50.530400
3  1020.000000   115.870000    40.000000     89.773000     200.000000    103.693000    1.56151E-02  3.53273E-04  19.533600  50.469700
3  1020.000000   115.870000    80.000000     95.232000     240.000000    107.318000    1.55130E-02  3.51039E-04  18.605600  50.470000
3  1020.000000   115.870000    120.000000    103.752000    280.000000    107.758000    1.67393E-02  3.78779E-04  16.962300  50.470100
3  1020.000000   115.870000    160.000000    106.465000    320.000000    109.059000    1.96138E-02  4.50035E-04  15.550400  50.529500
3  1020.000000   115.870000    200.000000    103.693000    360.000000    107.422000    2.16530E-02  4.77700E-04  16.514800  45.474500
3  1020.000000   115.870000    1680.000000   108.805000    1840.000000   86.557000     4.39079E-02  4.92730E-04  27.414700  15.461100
3  1020.000000   115.870000    1720.000000   105.823000    1880.000000   78.369000     4.16794E-02  4.67764E-04  28.032900  15.461200
3  1020.000000   115.870000    1760.000000   106.406000    1920.000000   69.798000     3.25422E-02  4.34598E-04  29.691000  30.517400
3  1020.000000   115.870000    1800.000000   92.674000     1960.000000   70.212000     2.97173E-02  4.78353E-04  30.746100  36.345700
3  1020.000000   115.870000    1840.000000   86.557000     2000.000000   66.527000     2.54821E-02  4.43417E-04  32.404700  37.102900
3  1020.000000   115.870000    1880.000000   78.369000     2040.000000   61.428000     1.75868E-02  4.03492E-04  33.202000  50.529600
3  1020.000000   115.870000    1920.000000   69.798000     2080.000000   55.293000     1.32311E-02  3.45133E-04  34.567000  58.038600
3  1020.000000   115.870000    1960.000000   70.212000     2120.000000   43.879000     9.35581E-03  2.64328E-04  36.203700  68.357600
3  1020.000000   115.870000    2000.000000   66.527000     2160.000000   41.041000     8.49108E-03  2.52240E-04  33.893300  70.742900
3  1020.000000   115.870000    2040.000000   61.428000     2200.000000   41.028000     5.14291E-03  1.65000E-04  41.571000  73.446600
3  1020.000000   115.870000    2080.000000   55.293000     2240.000000   41.064000     5.30141E-03  1.82472E-04  45.544800  73.526300
3  1020.000000   115.870000    2120.000000   43.879000     2280.000000   42.996000     3.88715E-03  1.96350E-04  53.493200  76.818200
3  1060.000000   129.120000    0.000000      85.461000     40.000000     89.773000     7.69073E-03  2.46212E-04  17.000300  73.582300
3  1060.000000   129.120000    720.000000    99.688000     760.000000    109.364000    2.24620E-02  4.95548E-04  28.854400  45.474500
3  1060.000000   129.120000    760.000000    109.364000    800.000000    112.086000    2.54774E-02  4.43302E-04  27.186900  37.102900
3  1060.000000   129.120000    800.000000    112.086000    840.000000    110.374000    3.18728E-02  4.25639E-04  25.463100  30.517400
3  1060.000000   129.120000    840.000000    110.374000    880.000000    97.963000     6.32357E-02  6.55368E-04  20.975300  6.686110
3  1060.000000   129.120000    880.000000    97.963000     920.000000    98.528000     1.32546E-01  1.33695E-03  19.783800  4.013530
3  1060.000000   129.120000    920.000000    98.528000     960.000000    99.983000     2.19384E-01  2.20444E-03  13.485800  3.023210
3  1060.000000   129.120000    960.000000    99.983000     1000.000000   109.284000    4.99383E-01  5.00272E-03  12.092500  1.753580
3  1060.000000   129.120000    1120.000000   112.650000    1160.000000   107.119000    4.74112E-01  4.75018E-03  16.621000  1.753880
3  1060.000000   129.120000    1160.000000   107.119000    1200.000000   112.156000    1.46582E-01  1.47884E-03  24.665000  27.811200
3  1060.000000   129.120000    1200.000000   112.156000    1240.000000   121.717000    8.63252E-02  8.79481E-04  26.754300  5.510690
3  1060.000000   129.120000    1240.000000   121.717000    1280.000000   118.242000    5.09786E-02  5.39812E-04  26.766200  8.953060
3  1060.000000   129.120000    1280.000000   118.242000    1320.000000   121.622000    3.73803E-02  4.57520E-04  33.754000  24.290100
3  1060.000000   129.120000    1320.000000   121.622000    1360.000000   139.168000    3.70953E-02  4.54039E-04  37.163600  24.290400
3  1060.000000   129.120000    1360.000000   139.168000    1400.000000   152.179000    2.22126E-02  4.90057E-04  19.650900  45.474700
3  1060.000000   129.120000    2240.000000   41.064000     2280.000000   42.996000     1.09728E-03  6.48783E-05  23.993400  123.454000
3  1060.000000   129.120000    0.000000      85.461000     80.000000     95.232000     1.23443E-02  3.37928E-04  18.991600  61.446400
3  1060.000000   129.120000    40.000000     89.773000     120.000000    103.752000    8.19974E-03  2.43556E-04  24.227000  70.742800
3  1060.000000   129.120000    360.000000    107.422000    440.000000    114.190000    1.73112E-02  3.91896E-04  20.546200  50.474100
3  1060.000000   129.120000    400.000000    112.646000    480.000000    115.862000    1.70566E-05  8.71012E-07  19.694600  123.454000
3  1060.000000   129.120000    440.000000    114.190000    520.000000    117.315000    1.38515E-02  3.61297E-04  21.824000  58.038500
3  1060.000000   129.120000    480.000000    115.862000    560.000000    107.062000    1.42112E-02  3.70681E-04  23.777500  58.038500
3  1060.000000   129.120000    520.000000    117.315000    600.000000    109.602000    1.79210E-02  4.11129E-04  24.603300  50.529500
3  1060.000000   129.120000    560.000000    107.062000    640.000000    94.241000     1.99949E-02  4.58707E-04  24.656700  50.529500
3  1060.000000   129.120000    600.000000    109.602000    680.000000    91.001000     2.77226E-02  4.46223E-04  25.457500  36.345700
3  1060.000000   129.120000    640.000000    94.241000     720.000000    99.688000     3.57241E-02  4.37217E-04  26.260300  24.290000
3  1060.000000   129.120000    1400.000000   152.179000    1480.000000   164.497000    3.49287E-02  4.27513E-04  26.002900  24.290300
3  1060.000000   129.120000    1440.000000   160.534000    1520.000000   168.092000    3.20489E-02  4.28023E-04  24.502000  30.517600
3  1060.000000   129.120000    1480.000000   164.497000    1560.000000   155.128000    2.52030E-02  4.38542E-04  24.753100  37.103000
3  1060.000000   129.120000    1520.000000   168.092000    1600.000000   139.326000    2.19138E-02  4.83462E-04  23.775600  45.474600
3  1060.000000   129.120000    1560.000000   155.128000    1640.000000   117.482000    2.81395E-02  4.52970E-04  24.252200  36.346000
3  1060.000000   129.120000    1600.000000   139.326000    1680.000000   108.805000    3.80437E-02  4.65716E-04  26.017500  24.290700
3  1060.000000   129.120000    1640.000000   117.482000    1720.000000   105.823000    3.37728E-02  4.51097E-04  25.328800  30.517900
3  1060.000000   129.120000    1680.000000   108.805000    1760.000000   106.406000    2.94835E-02  4.74617E-04  22.413500  36.345900
3  1060.000000   129.120000    2200.000000   41.028000     2280.000000   42.996000     2.45219E-03  1.40693E-04  27.452800  81.680500
3  1060.000000   129.120000    0.000000      85.461000     160.000000    106.465000    1.88184E-02  4.31732E-04  22.263100  50.529900
3  1060.000000   129.120000    40.000000     89.773000     200.000000    103.693000    1.49753E-02  3.90743E-04  22.981500  58.040900
3  1060.000000   129.120000    80.000000     95.232000     240.000000    107.318000    1.48153E-02  3.86503E-04  23.464800  58.039800
3  1060.000000   129.120000    120.000000    103.752000    280.000000    107.758000    1.59317E-02  3.60442E-04  21.632400  50.469800
3  1060.000000   129.120000    160.000000    106.465000    320.000000    109.059000    1.86013E-02  4.26736E-04  20.130500  50.529500
3  1060.000000   129.120000    200.000000    103.693000    360.000000    107.422000    2.04696E-02  4.69597E-04  21.419000  50.529500
3  1060.000000   129.120000    240.000000    107.318000    400.000000    112.646000    4.20151E-02  4.72872E-04  20.691100  15.485000
3  1060.000000   129.120000    1720.000000   105.823000    1880.000000   78.369000     4.52669E-02  5.08049E-04  23.430100  15.461000
3  1060.000000   129.120000    1760.000000   106.406000    1920.000000   69.798000     3.52445E-02  4.31372E-04  25.139400  24.290100
3  1060.000000   129.120000    1800.000000   92.674000     1960.000000   70.212000     3.20957E-02  4.28641E-04  26.144100  30.517400
3  1060.000000   129.120000    1840.000000   86.557000     2000.000000   66.527000     2.74685E-02  4.42149E-04  27.728900  36.345800
3  1060.000000   129.120000    1880.000000   78.369000     2040.000000   61.428000     1.89068E-02  4.33752E-04  28.228100  50.529500
3  1060.000000   129.120000    1920.000000   69.798000     2080.000000   55.293000     1.42157E-02  3.70799E-04  29.259700  58.038500
3  1060.000000   129.120000    1960.000000   70.212000     2120.000000   43.879000     9.97560E-03  2.81832E-04  26.502800  68.357800
3  1060.000000   129.120000    2000.000000   66.527000     2160.000000   41.041000     8.97224E-03  2.66652E-04  19.486900  70.743900
3  1060.000000   129.120000    2040.000000   61.428000     2200.000000   41.028000     5.42104E-03  1.74292E-04  27.728800  73.480900
3  1060.000000   129.120000    2080.000000   55.293000     2240.000000   41.064000     5.56973E-03  1.89414E-04  26.255500  73.447100
3  1060.000000   129.120000    2120.000000   43.879000     2280.000000   42.996000     4.08944E-03  1.74028E-04  32.505000  74.198600
3  1100.000000   118.586000    0.000000      85.461000     40.000000     89.773000     7.29433E-03  2.34776E-04  8.102730  73.642400
3  1100.000000   118.586000    760.000000    109.364000    800.000000    112.086000    2.04862E-02  4.51958E-04  29.475200  45.474500
3  1100.000000   118.586000    800.000000    112.086000    840.000000    110.374000    2.42607E-02  4.22131E-04  28.050100  37.102900
3  1100.000000   118.586000    840.000000    110.374000    880.000000    97.963000     4.50097E-02  5.05063E-04  24.717400  15.460800
3  1100.000000   118.586000    880.000000    97.963000     920.000000    98.528000     8.67898E-02  8.84024E-04  24.120800  5.510700
3  1100.000000   118.586000    920.000000    98.528000     960.000000    99.983000     1.29905E-01  1.31031E-03  17.920800  4.013900
3  1100.000000   118.586000    960.000000    99.983000     1000.000000   109.284000    2.41138E-01  2.42052E-03  18.226700  2.635390
3  1100.000000   118.586000    1160.000000   107.119000    1200.000000   112.156000    3.14991E-01  4.90999E-03  21.946100  12.452000
3  1100.000000   118.586000    1200.000000   112.156000    1240.000000   121.717000    1.51131E-01  1.52131E-03  26.261900  3.535490
3  1100.000000   118.586000    1240.000000   121.717000    1280.000000   118.242000    7.85315E-02  8.05663E-04  25.957200  6.163660
3  1100.000000   118.586000    1280.000000   118.242000    1320.000000   121.622000    5.35982E-02  5.65247E-04  33.162200  8.038990
3  1100.000000   118.586000    1320.000000   121.622000    1360.000000   139.168000    4.98961E-02  5.28440E-04  36.007800  8.953540
3  1100.000000   118.586000    1360.000000   139.168000    1400.000000   152.179000    2.85230E-02  4.59149E-04  18.619800  36.345900
3  1100.000000   118.586000    1400.000000   152.179000    1440.000000   160.534000    2.05168E-02  4.52656E-04  26.528900  45.474700
3  1100.000000   118.586000    2240.000000   41.064000     2280.000000   42.996000     1.17049E-03  5.97808E-05  40.659900  123.454000
3  1100.000000   118.586000    0.000000      85.461000     80.000000     95.232000     1.16981E-02  3.20486E-04  8.236460  61.455900
3  1100.000000   118.586000    40.000000     89.773000     120.000000    103.752000    7.73866E-03  2.29870E-04  10.352100  70.742800
3  1100.000000   118.586000    400.000000    112.646000    480.000000    115.862000    1.57046E-05  8.01971E-07  19.755300  123.454000
3  1100.000000   118.586000    440.000000    114.190000    520.000000    117.315000    1.26417E-02  3.46068E-04  23.104800  61.446400
3  1100.000000   118.586000    480.000000    115.862000    560.000000    107.062000    1.28355E-02  3.51373E-04  25.072100  61.446400
3  1100.000000   118.586000    520.000000    117.315000    600.000000    109.602000    1.60756E-02  3.63690E-04  25.959200  50.469700
3  1100.000000   118.586000    560.000000    107.062000    640.000000    94.241000     1.75895E-02  3.97940E-04  26.109900  50.469700
3  1100.000000   118.586000    600.000000    109.602000    680.000000    91.001000     2.41749E-02  4.20638E-04  27.002800  37.102900
3  1100.000000   118.586000    640.000000    94.241000     720.000000    99.688000     3.03055E-02  4.87794E-04  28.294900  36.345700
3  1100.000000   118.586000    680.000000    91.001000     760.000000    109.364000    3.45194E-02  4.60979E-04  29.866200  30.517400
3  1100.000000   118.586000    1440.000000   160.534000    1520.000000   168.092000    3.88199E-02  4.75206E-04  23.079200  24.290500
3  1100.000000   118.586000    1480.000000   164.497000    1560.000000   155.128000    2.99213E-02  4.81652E-04  23.043900  36.345900
3  1100.000000   118.586000    1520.000000   168.092000    1600.000000   139.326000    2.55369E-02  4.44357E-04  21.877100  37.103000
3  1100.000000   118.586000    1560.000000   155.128000    1640.000000   117.482000    3.22899E-02  4.31277E-04  22.019200  30.517700
3  1100.000000   118.586000    1600.000000   139.326000    1680.000000   108.805000    4.30941E-02  4.83697E-04  23.768300  15.461600
3  1100.000000   118.586000    1640.000000   117.482000    1720.000000   105.823000    3.78263E-02  4.63020E-04  23.344900  24.290400
3  1100.000000   118.586000    1680.000000   108.805000    1760.000000   106.406000    3.27801E-02  4.37782E-04  20.885300  30.517500
3  1100.000000   118.586000    1720.000000   105.823000    1800.000000   92.674000     2.86783E-02  4.61615E-04  20.926500  36.345800
3  1100.000000   118.586000    2200.000000   41.028000     2280.000000   42.996000     2.61819E-03  1.04798E-04  44.339800  81.703400
3  1100.000000   118.586000    0.000000      85.461000     160.000000    106.465000    1.77714E-02  4.02138E-04  10.607800  50.470000
3  1100.000000   118.586000    40.000000     89.773000     200.000000    103.693000    1.40941E-02  3.67626E-04  11.765900  58.038500
3  1100.000000   118.586000    80.000000     95.232000     240.000000    107.318000    1.39006E-02  3.62579E-04  16.256000  58.038500
3  1100.000000   118.586000    120.000000    103.752000    280.000000    107.758000    1.49198E-02  3.89162E-04  17.860300  58.038500
3  1100.000000   118.586000    160.000000    106.465000    320.000000    109.059000    1.73690E-02  3.92961E-04  18.745500  50.469800
3  1100.000000   118.586000    200.000000    103.693000    360.000000    107.422000    1.90618E-02  4.37304E-04  21.444900  50.529500
3  1100.000000   118.586000    240.000000    107.318000    400.000000    112.646000    3.88108E-02  4.76046E-04  21.805800  24.303600
3  1100.000000   118.586000    280.000000    107.758000    440.000000    114.190000    2.64530E-02  4.60277E-04  22.108100  37.102900
3  1100.000000   118.586000    1760.000000   106.406000    1920.000000   69.798000     3.88248E-02  4.75165E-04  24.691700  24.290000
3  1100.000000   118.586000    1800.000000   92.674000     1960.000000   70.212000     3.52589E-02  4.31523E-04  26.191900  24.290000
3  1100.000000   118.586000    1840.000000   86.557000     2000.000000   66.527000     3.01117E-02  4.84678E-04  28.209100  36.345700
3  1100.000000   118.586000    1880.000000   78.369000     2040.000000   61.428000     2.06661E-02  4.55927E-04  29.312400  45.474500
3  1100.000000   118.586000    1920.000000   69.798000     2080.000000   55.293000     1.55180E-02  3.51076E-04  30.574900  50.469700
3  1100.000000   118.586000    1960.000000   70.212000     2120.000000   43.879000     1.08111E-02  3.05433E-04  30.118500  68.357400
3  1100.000000   118.586000    2000.000000   66.527000     2160.000000   41.041000     9.64608E-03  2.72518E-04  25.903800  68.357400
3  1100.000000   118.586000    2040.000000   61.428000     2200.000000   41.028000     5.80358E-03  1.85796E-04  37.978100  73.582300
3  1100.000000   118.586000    2080.000000   55.293000     2240.000000   41.064000     5.94545E-03  1.90338E-04  39.551700  73.582300
3  1100.000000   118.586000    2120.000000   43.879000     2280.000000   42.996000     4.36716E-03  1.40049E-04  49.463900  73.446700
3  1140.000000   108.477000    0.000000      85.461000     40.000000     89.773000     6.86745E-03  2.20501E-04  15.176600  73.588600
3  1140.000000   108.477000    480.000000    115.862000    520.000000    117.315000    4.13615E-03  1.39627E-04  25.664700  74.186200
3  1140.000000   108.477000    800.000000    112.086000    840.000000    110.374000    1.84582E-02  4.23453E-04  30.608100  50.529500
3  1140.000000   108.477000    840.000000    110.374000    880.000000    97.963000     3.22470E-02  4.30636E-04  27.964600  30.517400
3  1140.000000   108.477000    880.000000    97.963000     920.000000    98.528000     5.76249E-02  6.07620E-04  28.223700  8.038390
3  1140.000000   108.477000    920.000000    98.528000     960.000000    99.983000     8.08257E-02  8.29102E-04  22.308600  6.163120
3  1140.000000   108.477000    960.000000    99.983000     1000.000000   109.284000    1.35233E-01  1.36405E-03  22.147600  4.014480
3  1140.000000   108.477000    1000.000000   109.284000    1040.000000   125.393000    2.37931E-01  2.38835E-03  23.031800  2.635700
3  1140.000000   108.477000    1040.000000   125.393000    1080.000000   127.088000    3.17290E-01  3.18223E-03  22.911900  2.156460
3  1140.000000   108.477000    1200.000000   112.156000    1240.000000   121.717000    3.75688E-01  3.76793E-03  25.880400  2.156540
3  1140.000000   108.477000    1240.000000   121.717000    1280.000000   118.242000    1.56191E-01  1.57208E-03  26.570000  3.534290
3  1140.000000   108.477000    1280.000000   118.242000    1320.000000   121.622000    9.51031E-02  9.68711E-04  33.347300  5.510640
3  1140.000000   108.477000    1320.000000   121.622000    1360.000000   139.168000    7.76203E-02  7.96245E-04  37.160300  6.166980
3  1140.000000   108.477000    1360.000000   139.168000    1400.000000   152.179000    4.07399E-02  4.57151E-04  20.258600  15.460800
3  1140.000000   108.477000    1400.000000   152.179000    1440.000000   160.534000    2.81446E-02  4.53015E-04  29.179900  36.345700
3  1140.000000   108.477000    1440.000000   160.534000    1480.000000   164.497000    2.99699E-02  4.82396E-04  25.875200  36.345700
3  1140.000000   108.477000    2240.000000   41.064000     2280.000000   42.996000     1.26978E-03  6.50366E-05  17.575000  123.468000
3  1140.000000   108.477000    0.000000      85.461000     80.000000     95.232000     1.10016E-02  3.11219E-04  16.880500  68.357400
3  1140.000000   108.477000    40.000000     89.773000     120.000000    103.752000    7.24470E-03  2.31932E-04  20.826500  73.582300
3  1140.000000   108.477000    480.000000    115.862000    560.000000    107.062000    1.14536E-02  3.13557E-04  26.343900  61.446400
3  1140.000000   108.477000    520.000000    117.315000    600.000000    109.602000    1.42445E-02  3.71549E-04  27.260000  58.038500
3  1140.000000   108.477000    560.000000    107.062000    640.000000    94.241000     1.52892E-02  3.45900E-04  27.450400  50.469700
3  1140.000000   108.477000    600.000000    109.602000    680.000000    91.001000     2.08568E-02  4.60136E-04  28.255000  45.474500
3  1140.000000   108.477000    640.000000    94.241000     720.000000    99.688000     2.54479E-02  4.42791E-04  29.728700  37.102900
3  1140.000000   108.477000    680.000000    91.001000     760.000000    109.364000    2.82040E-02  4.53972E-04  31.700400  36.345700
3  1140.000000   108.477000    720.000000    99.688000     800.000000    112.086000    3.16644E-02  4.22856E-04  31.645800  30.517400
3  1140.000000   108.477000    1480.000000   164.497000    1560.000000   155.128000    3.80354E-02  4.65500E-04  24.525900  24.290000
3  1140.000000   108.477000    1520.000000   168.092000    1600.000000   139.326000    3.15062E-02  4.20740E-04  22.716000  30.517400
3  1140.000000   108.477000    1560.000000   155.128000    1640.000000   117.482000    3.88284E-02  4.75205E-04  21.979100  24.290000
3  1140.000000   108.477000    1600.000000   139.326000    1680.000000   108.805000    5.07243E-02  5.37044E-04  22.692400  8.953030
3  1140.000000   108.477000    1640.000000   117.482000    1720.000000   105.823000    4.37447E-02  4.90868E-04  21.226600  15.460800
3  1140.000000   108.477000    1680.000000   108.805000    1760.000000   106.406000    3.75298E-02  4.59312E-04  17.977100  24.290000
3  1140.000000   108.477000    1720.000000   105.823000    1800.000000   92.674000     3.26445E-02  4.35941E-04  17.587800  30.517400
3  1140.000000   108.477000    1760.000000   106.406000    1840.000000   86.557000     2.29356E-02  5.05996E-04  18.147900  45.474500
3  1140.000000   108.477000    2200.000000   41.028000     2280.000000   42.996000     2.84493E-03  1.14373E-04  18.502600  81.724200
3  1140.000000   108.477000    0.000000      85.461000     160.000000    106.465000    1.66520E-02  3.77764E-04  19.546400  50.478000
3  1140.000000   108.477000    40.000000     89.773000     200.000000    103.693000    1.31493E-02  3.59965E-04  20.800200  61.446400
3  1140.000000   108.477000    80.000000     95.232000     240.000000    107.318000    1.29196E-02  3.53688E-04  22.777700  61.446400
3  1140.000000   108.477000    120.000000    103.752000    280.000000    107.758000    1.38300E-02  3.60742E-04  22.756500  58.038500
3  1140.000000   108.477000    160.000000    106.465000    320.000000    109.059000    1.60437E-02  3.62974E-04  22.310500  50.469700
3  1140.000000   108.477000    200.000000    103.693000    360.000000    107.422000    1.75476E-02  3.96992E-04  24.243100  50.469700
3  1140.000000   108.477000    240.000000    107.318000    400.000000    112.646000    3.54170E-02  4.35371E-04  22.937800  24.320400
3  1140.000000   108.477000    280.000000    107.758000    440.000000    114.190000    2.25217E-02  5.03637E-04  20.385900  45.664500
3  1140.000000   108.477000    320.000000    109.059000    480.000000    115.862000    2.66576E-02  4.63957E-04  22.855300  37.104400
3  1140.000000   108.477000    1800.000000   92.674000     1960.000000   70.212000     3.97082E-02  4.85973E-04  20.721100  24.290000
3  1140.000000   108.477000    1840.000000   86.557000     2000.000000   66.527000     3.38215E-02  4.51659E-04  22.165100  30.517400
3  1140.000000   108.477000    1880.000000   78.369000     2040.000000   61.428000     2.31289E-02  5.10261E-04  22.458800  45.474500
3  1140.000000   108.477000    1920.000000   69.798000     2080.000000   55.293000     1.73277E-02  3.92017E-04  23.551600  50.469700
3  1140.000000   108.477000    1960.000000   70.212000     2120.000000   43.879000     1.19584E-02  3.27362E-04  21.611700  61.446400
3  1140.000000   108.477000    2000.000000   66.527000     2160.000000   41.041000     1.05599E-02  2.98335E-04  14.691000  68.357400
3  1140.000000   108.477000    2040.000000   61.428000     2200.000000   41.028000     6.33590E-03  2.02858E-04  21.349600  73.582300
3  1140.000000   108.477000    2080.000000   55.293000     2240.000000   41.064000     6.46948E-03  2.07194E-04  18.479100  73.582300
3  1140.000000   108.477000    2120.000000   43.879000     2280.000000   42.996000     4.76050E-03  1.53050E-04  22.113700  73.448500
3  1180.000000   111.428000    0.000000      85.461000     40.000000     89.773000     6.45964E-03  2.07008E-04  9.348040  73.628500
3  1180.000000   111.428000    840.000000    110.374000    880.000000    97.963000     2.30981E-02  5.09581E-04  28.858800  45.474500
3  1180.000000   111.428000    880.000000    97.963000     920.000000    98.528000     3.76781E-02  4.61127E-04  30.346500  24.290000
3  1180.000000   111.428000    920.000000    98.528000     960.000000    99.983000     5.05889E-02  5.35610E-04  24.871700  8.953000
3  1180.000000   111.428000    960.000000    99.983000     1000.000000   109.284000    7.68312E-02  7.88119E-04  24.453200  6.163320
3  1180.000000   111.428000    1000.000000   109.284000    1040.000000   125.393000    1.17186E-01  1.18539E-03  26.128200  4.537260
3  1180.000000   111.428000    1040.000000   125.393000    1080.000000   127.088000    1.26970E-01  1.28071E-03  29.998300  4.013800
3  1180.000000   111.428000    1080.000000   127.088000    1120.000000   112.650000    3.03466E-01  3.04358E-03  24.976600  2.156500
3  1180.000000   111.428000    1240.000000   121.717000    1280.000000   118.242000    3.04265E-01  3.05160E-03  22.845000  2.156280
3  1180.000000   111.428000    1280.000000   118.242000    1320.000000   121.622000    1.64904E-01  1.65978E-03  30.192600  3.534140
3  1180.000000   111.428000    1320.000000   121.622000    1360.000000   139.168000    1.22069E-01  1.23129E-03  36.228600  4.013570
3  1180.000000   111.428000    1360.000000   139.168000    1400.000000   152.179000    5.77147E-02  6.08567E-04  19.911800  8.038330
3  1180.000000   111.428000    1400.000000   152.179000    1440.000000   160.534000    3.78523E-02  4.63263E-04  30.862900  24.290000
3  1180.000000   111.428000    1440.000000   160.534000    1480.000000   164.497000    3.92824E-02  4.80766E-04  27.771000  24.290000
3  1180.000000   111.428000    1480.000000   164.497000    1520.000000   168.092000    2.71177E-02  4.36486E-04  26.105800  36.345700
3  1180.000000   111.428000    2240.000000   41.064000     2280.000000   42.996000     1.37196E-03  7.00605E-05  36.399100  123.456000
3  1180.000000   111.428000    0.000000      85.461000     80.000000     95.232000     1.03582E-02  2.92648E-04  9.557940  68.360100
3  1180.000000   111.428000    40.000000     89.773000     120.000000    103.752000    6.80711E-03  2.17922E-04  11.322200  73.582300
3  1180.000000   111.428000    480.000000    115.862000    560.000000    107.062000    1.02609E-02  2.89888E-04  24.696800  68.357400
3  1180.000000   111.428000    520.000000    117.315000    600.000000    109.602000    1.27063E-02  3.47836E-04  25.709400  61.446400
3  1180.000000   111.428000    560.000000    107.062000    640.000000    94.241000     1.33317E-02  3.47739E-04  26.028500  58.038500
3  1180.000000   111.428000    600.000000    109.602000    680.000000    91.001000     1.81121E-02  4.15513E-04  27.152500  50.529500
3  1180.000000   111.428000    640.000000    94.241000     720.000000    99.688000     2.14499E-02  4.73219E-04  28.749600  45.474500
3  1180.000000   111.428000    680.000000    91.001000     760.000000    109.364000    2.31517E-02  4.02835E-04  30.947400  37.102900
3  1180.000000   111.428000    720.000000    99.688000     800.000000    112.086000    2.59355E-02  4.51273E-04  30.888000  37.102900
3  1180.000000   111.428000    760.000000    109.364000    840.000000    110.374000    2.73962E-02  4.40966E-04  29.974500  36.345700
3  1180.000000   111.428000    1520.000000   168.092000    1600.000000   139.326000    3.91000E-02  4.78533E-04  25.338000  24.290000
3  1180.000000   111.428000    1560.000000   155.128000    1640.000000   117.482000    4.70456E-02  4.98100E-04  24.684600  8.953000
3  1180.000000   111.428000    1600.000000   139.326000    1680.000000   108.805000    6.02787E-02  6.35609E-04  26.009600  8.038440
3  1180.000000   111.428000    1640.000000   117.482000    1720.000000   105.823000    5.10161E-02  5.40143E-04  25.068700  8.953000
3  1180.000000   111.428000    1680.000000   108.805000    1760.000000   106.406000    4.31926E-02  4.84673E-04  21.938900  15.460800
3  1180.000000   111.428000    1720.000000   105.823000    1800.000000   92.674000     3.73800E-02  4.57483E-04  21.771100  24.290000
3  1180.000000   111.428000    1760.000000   106.406000    1840.000000   86.557000     2.61461E-02  4.54937E-04  22.586800  37.102900
3  1180.000000   111.428000    1800.000000   92.674000     1880.000000   78.369000     2.73487E-02  4.40205E-04  24.673800  36.345700
3  1180.000000   111.428000    2200.000000   41.028000     2280.000000   42.996000     3.08059E-03  1.04275E-04  38.183500  74.200500
3  1180.000000   111.428000    0.000000      85.461000     160.000000    106.465000    1.56246E-02  3.53500E-04  12.197600  50.470300
3  1180.000000   111.428000    40.000000     89.773000     200.000000    103.693000    1.23085E-02  3.36946E-04  13.193700  61.446400
3  1180.000000   111.428000    80.000000     95.232000     240.000000    107.318000    1.20469E-02  3.29785E-04  17.101200  61.446400
3  1180.000000   111.428000    120.000000    103.752000    280.000000    107.758000    1.28672E-02  3.52241E-04  18.577800  61.446400
3  1180.000000   111.428000    160.000000    106.465000    320.000000    109.059000    1.48724E-02  3.87932E-04  17.842800  58.038500
3  1180.000000   111.428000    200.000000    103.693000    360.000000    107.422000    1.62218E-02  3.66999E-04  21.215100  50.469700
3  1180.000000   111.428000    240.000000    107.318000    400.000000    112.646000    3.24775E-02  4.35137E-04  21.767100  30.529500
3  1180.000000   111.428000    280.000000    107.758000    440.000000    114.190000    2.19058E-02  4.83424E-04  17.205600  45.477400
3  1180.000000   111.428000    320.000000    109.059000    480.000000    115.862000    2.43989E-02  4.24599E-04  22.808300  37.103200
3  1180.000000   111.428000    360.000000    107.422000    520.000000    117.315000    2.36038E-02  4.10874E-04  22.623900  37.105400
3  1180.000000   111.428000    1840.000000   86.557000     2000.000000   66.527000     3.80401E-02  4.65558E-04  27.868500  24.290000
3  1180.000000   111.428000    1880.000000   78.369000     2040.000000   61.428000     2.58929E-02  4.50531E-04  28.686000  37.102900
3  1180.000000   111.428000    1920.000000   69.798000     2080.000000   55.293000     1.93757E-02  4.44502E-04  30.056800  50.529500
3  1180.000000   111.428000    1960.000000   70.212000     2120.000000   43.879000     1.32379E-02  3.45292E-04  29.588600  58.038500
3  1180.000000   111.428000    2000.000000   66.527000     2160.000000   41.041000     1.15479E-02  3.16125E-04  24.936500  61.446400
3  1180.000000   111.428000    2040.000000   61.428000     2200.000000   41.028000     6.88231E-03  2.20330E-04  32.731000  73.582300
3  1180.000000   111.428000    2080.000000   55.293000     2240.000000   41.064000     6.99644E-03  2.23990E-04  32.600600  73.582300
3  1180.000000   111.428000    2120.000000   43.879000     2280.000000   42.996000     5.15067E-03  1.65208E-04  39.376300  73.448500
3  1220.000000   118.238000    0.000000      85.461000     40.000000     89.773000     6.14671E-03  1.96780E-04  -0.804916  73.582300
3  1220.000000   118.238000    880.000000    97.963000     920.000000    98.528000     2.95521E-02  4.75668E-04  31.859300  36.345700
3  1220.000000   118.238000    920.000000    98.528000     960.000000    99.983000     3.79518E-02  4.64477E-04  26.620100  24.290000
3  1220.000000   118.238000    960.000000    99.983000     1000.000000   109.284000    5.34631E-02  5.66041E-04  25.691600  8.953090
3  1220.000000   118.238000    1000.000000   109.284000    1040.000000   125.393000    7.51413E-02  7.70784E-04  27.092000  6.163230
3  1220.000000   118.238000    1040.000000   125.393000    1080.000000   127.088000    7.24598E-02  7.50959E-04  32.160900  6.686260
3  1220.000000   118.238000    1080.000000   127.088000    1120.000000   112.650000    1.38241E-01  1.39440E-03  27.196900  4.013780
3  1220.000000   118.238000    1120.000000   112.650000    1160.000000   107.119000    4.02902E-01  4.04087E-03  28.356000  2.156540
3  1220.000000   118.238000    1280.000000   118.242000    1320.000000   121.622000    3.41057E-01  3.42060E-03  22.710000  2.156300
3  1220.000000   118.238000    1320.000000   121.622000    1360.000000   139.168000    2.13336E-01  2.14366E-03  31.498900  3.023080
3  1220.000000   118.238000    1360.000000   139.168000    1400.000000   152.179000    8.86054E-02  9.02517E-04  16.415900  5.510570
3  1220.000000   118.238000    1400.000000   152.179000    1440.000000   160.534000    5.43791E-02  5.73395E-04  30.623600  8.038330
3  1220.000000   118.238000    1440.000000   160.534000    1480.000000   164.497000    5.40794E-02  5.70235E-04  27.407500  8.038370
3  1220.000000   118.238000    1480.000000   164.497000    1520.000000   168.092000    3.58049E-02  4.38205E-04  25.509800  24.290000
3  1220.000000   118.238000    1520.000000   168.092000    1560.000000   155.128000    2.71872E-02  4.37602E-04  27.248700  36.345700
3  1220.000000   118.238000    2240.000000   41.064000     2280.000000   42.996000     1.47582E-03  7.53642E-05  22.119000  123.454000
3  1220.000000   118.238000    0.000000      85.461000     80.000000     95.232000     9.83439E-03  2.77838E-04  1.214810  68.357400
3  1220.000000   118.238000    40.000000     89.773000     120.000000    103.752000    6.43634E-03  2.06052E-04  6.280110  73.582300
3  1220.000000   118.238000    520.000000    117.315000    600.000000    109.602000    1.15897E-02  3.17269E-04  27.764800  61.446400
3  1220.000000   118.238000    560.000000    107.062000    640.000000    94.241000     1.20967E-02  3.31148E-04  27.837900  61.446400
3  1220.000000   118.238000    600.000000    109.602000    680.000000    91.001000     1.63159E-02  3.69126E-04  28.927200  50.469700
3  1220.000000   118.238000    640.000000    94.241000     720.000000    99.688000     1.91380E-02  4.39049E-04  30.286800  50.529500
3  1220.000000   118.238000    680.000000    91.001000     760.000000    109.364000    2.04159E-02  4.50407E-04  32.432400  45.474500
3  1220.000000   118.238000    720.000000    99.688000     800.000000    112.086000    2.26374E-02  4.99417E-04  32.720800  45.474500
3  1220.000000   118.238000    760.000000    109.364000    840.000000    110.374000    2.34533E-02  4.08083E-04  31.270800  37.102900
3  1220.000000   118.238000    800.000000    112.086000    880.000000    97.963000     3.07651E-02  4.10843E-04  30.440200  30.517400
3  1220.000000   118.238000    1560.000000   155.128000    1640.000000   117.482000    5.65553E-02  5.96342E-04  23.327400  8.038370
3  1220.000000   118.238000    1600.000000   139.326000    1680.000000   108.805000    7.01830E-02  7.27370E-04  24.235100  6.686130
3  1220.000000   118.238000    1640.000000   117.482000    1720.000000   105.823000    5.79439E-02  6.10984E-04  22.700800  8.038350
3  1220.000000   118.238000    1680.000000   108.805000    1760.000000   106.406000    4.85325E-02  5.13838E-04  19.022800  8.952920
3  1220.000000   118.238000    1720.000000   105.823000    1800.000000   92.674000     4.16242E-02  4.67069E-04  18.612400  15.460700
3  1220.000000   118.238000    1760.000000   106.406000    1840.000000   86.557000     2.89421E-02  4.65849E-04  19.186700  36.345700
3  1220.000000   118.238000    1800.000000   92.674000     1880.000000   78.369000     3.02389E-02  4.86722E-04  20.866200  36.345700
3  1220.000000   118.238000    1840.000000   86.557000     1920.000000   69.798000     2.60809E-02  4.53802E-04  23.149500  37.102900
3  1220.000000   118.238000    2200.000000   41.028000     2280.000000   42.996000     3.31232E-03  1.11839E-04  24.309500  74.186800
3  1220.000000   118.238000    0.000000      85.461000     160.000000    106.465000    1.48099E-02  3.86296E-04  4.877090  58.038500
3  1220.000000   118.238000    40.000000     89.773000     200.000000    103.693000    1.16201E-02  3.18101E-04  9.280230  61.446400
3  1220.000000   118.238000    80.000000     95.232000     240.000000    107.318000    1.13437E-02  3.10545E-04  15.220000  61.446600
3  1220.000000   118.238000    120.000000    103.752000    280.000000    107.758000    1.20857E-02  3.30850E-04  18.183900  61.446500
3  1220.000000   118.238000    160.000000    106.465000    320.000000    109.059000    1.39401E-02  3.63644E-04  19.488000  58.039200
3  1220.000000   118.238000    200.000000    103.693000    360.000000    107.422000    1.51608E-02  3.95466E-04  22.652400  58.038800
3  1220.000000   118.238000    240.000000    107.318000    400.000000    112.646000    3.01484E-02  4.85851E-04  23.678100  36.354400
3  1220.000000   118.238000    280.000000    107.758000    440.000000    114.190000    2.05667E-02  4.53767E-04  24.097200  45.474800
3  1220.000000   118.238000    320.000000    109.059000    480.000000    115.862000    2.25882E-02  4.98402E-04  24.563300  45.475200
3  1220.000000   118.238000    360.000000    107.422000    520.000000    117.315000    2.18149E-02  4.81357E-04  24.796700  45.475300
3  1220.000000   118.238000    400.000000    112.646000    560.000000    107.062000    9.41723E-03  2.67094E-04  26.772300  68.402900
3  1220.000000   118.238000    1880.000000   78.369000     2040.000000   61.428000     2.84612E-02  4.58109E-04  23.699300  36.345700
3  1220.000000   118.238000    1920.000000   69.798000     2080.000000   55.293000     2.12101E-02  4.67929E-04  24.904900  45.474500
3  1220.000000   118.238000    1960.000000   70.212000     2120.000000   43.879000     1.43862E-02  3.75244E-04  23.146900  58.038500
3  1220.000000   118.238000    2000.000000   66.527000     2160.000000   41.041000     1.24669E-02  3.41283E-04  16.489800  61.446500
3  1220.000000   118.238000    2040.000000   61.428000     2200.000000   41.028000     7.44663E-03  2.38400E-04  22.820700  73.582300
3  1220.000000   118.238000    2080.000000   55.293000     2240.000000   41.064000     7.55662E-03  2.24470E-04  21.052800  70.743200
3  1220.000000   118.238000    2120.000000   43.879000     2280.000000   42.996000     5.58120E-03  1.79026E-04  26.012700  73.449500
3  1260.000000   119.928000    0.000000      85.461000     40.000000     89.773000     5.97462E-03  1.91271E-04  -10.371600  73.582300
3  1260.000000   119.928000    920.000000    98.528000     960.000000    99.983000     3.29785E-02  4.40408E-04  27.232500  30.517400
3  1260.000000   119.928000    960.000000    99.983000     1000.000000   109.284000    4.73012E-02  5.00811E-04  26.694700  8.953300
3  1260.000000   119.928000    1000.000000   109.284000    1040.000000   125.393000    6.20346E-02  6.54118E-04  27.843300  8.038600
3  1260.000000   119.928000    1040.000000   125.393000    1080.000000   127.088000    5.67414E-02  5.98304E-04  32.624300  8.038490
3  1260.000000   119.928000    1080.000000   127.088000    1120.000000   112.650000    9.77418E-02  9.95578E-04  28.881200  5.510840
3  1260.000000   119.928000    1120.000000   112.650000    1160.000000   107.119000    2.61476E-01  2.62470E-03  31.547200  2.636060
3  1260.000000   119.928000    1160.000000   107.119000    1200.000000   112.156000    3.16106E-01  3.22254E-03  20.833700  2.622950
3  1260.000000   119.928000    1320.000000   121.622000    1360.000000   139.168000    3.15053E-01  3.15982E-03  27.544700  2.156350
3  1260.000000   119.928000    1360.000000   139.168000    1400.000000   152.179000    1.13458E-01  1.14770E-03  11.088700  4.537070
3  1260.000000   119.928000    1400.000000   152.179000    1440.000000   160.534000    6.72110E-02  6.96568E-04  29.700300  6.686110
3  1260.000000   119.928000    1440.000000   160.534000    1480.000000   164.497000    6.53197E-02  6.76980E-04  26.548700  6.686230
3  1260.000000   119.928000    1480.000000   164.497000    1520.000000   168.092000    4.25419E-02  4.77375E-04  24.600600  15.460800
3  1260.000000   119.928000    1520.000000   168.092000    1560.000000   155.128000    3.16555E-02  4.22740E-04  26.994100  30.517400
3  1260.000000   119.928000    1560.000000   155.128000    1600.000000   139.326000    2.46150E-02  4.28299E-04  20.766800  37.102900
3  1260.000000   119.928000    2240.000000   41.064000     2280.000000   42.996000     1.53131E-03  7.81979E-05  31.035800  123.454000
3  1260.000000   119.928000    0.000000      85.461000     80.000000     95.232000     9.55608E-03  2.69976E-04  -8.153020  68.357400
3  1260.000000   119.928000    40.000000     89.773000     120.000000    103.752000    6.24443E-03  1.99909E-04  -2.036300  73.582300
3  1260.000000   119.928000    560.000000    107.062000    640.000000    94.241000     1.14867E-02  3.14450E-04  26.606300  61.446400
3  1260.000000   119.928000    600.000000    109.602000    680.000000    91.001000     1.54749E-02  3.50099E-04  28.121100  50.469700
3  1260.000000   119.928000    640.000000    94.241000     720.000000    99.688000     1.80067E-02  4.13095E-04  29.543100  50.529500
3  1260.000000   119.928000    680.000000    91.001000     760.000000    109.364000    1.90706E-02  4.37502E-04  31.767400  50.529500
3  1260.000000   119.928000    720.000000    99.688000     800.000000    112.086000    2.11601E-02  4.66826E-04  32.543200  45.474500
3  1260.000000   119.928000    760.000000    109.364000    840.000000    110.374000    2.16601E-02  4.77856E-04  30.949700  45.474500
3  1260.000000   119.928000    800.000000    112.086000    880.000000    97.963000     2.78593E-02  4.48423E-04  30.128200  36.345700
3  1260.000000   119.928000    840.000000    110.374000    920.000000    98.528000     4.28228E-02  4.80527E-04  31.148700  15.460900
3  1260.000000   119.928000    1600.000000   139.326000    1680.000000   108.805000    7.81625E-02  8.01822E-04  23.725400  6.163350
3  1260.000000   119.928000    1640.000000   117.482000    1720.000000   105.823000    6.35162E-02  6.58301E-04  22.171300  6.686460
3  1260.000000   119.928000    1680.000000   108.805000    1760.000000   106.406000    5.26262E-02  5.57196E-04  18.459800  8.953090
3  1260.000000   119.928000    1720.000000   105.823000    1800.000000   92.674000     4.49510E-02  5.04418E-04  18.082900  15.460800
3  1260.000000   119.928000    1760.000000   106.406000    1840.000000   86.557000     3.11486E-02  4.15971E-04  18.760200  30.517400
3  1260.000000   119.928000    1800.000000   92.674000     1880.000000   78.369000     3.24128E-02  4.32860E-04  20.388600  30.517400
3  1260.000000   119.928000    1840.000000   86.557000     1920.000000   69.798000     2.78457E-02  4.48207E-04  22.723400  36.345700
3  1260.000000   119.928000    1880.000000   78.369000     1960.000000   70.212000     2.04572E-02  4.51321E-04  22.887300  45.474500
3  1260.000000   119.928000    2200.000000   41.028000     2280.000000   42.996000     3.43846E-03  1.16131E-04  31.953900  74.189900
3  1260.000000   119.928000    0.000000      85.461000     160.000000    106.465000    1.43713E-02  3.74855E-04  -4.239830  58.038500
3  1260.000000   119.928000    40.000000     89.773000     200.000000    103.693000    1.12598E-02  3.08238E-04  0.603585  61.446400
3  1260.000000   119.928000    80.000000     95.232000     240.000000    107.318000    1.09795E-02  3.10190E-04  6.792220  68.357400
3  1260.000000   119.928000    120.000000    103.752000    280.000000    107.758000    1.16905E-02  3.20036E-04  9.987510  61.446400
3  1260.000000   119.928000    160.000000    106.465000    320.000000    109.059000    1.34717E-02  3.51452E-04  12.131700  58.038600
3  1260.000000   119.928000    200.000000    103.693000    360.000000    107.422000    1.46381E-02  3.81825E-04  16.228400  58.038500
3  1260.000000   119.928000    240.000000    107.318000    400.000000    112.646000    2.90440E-02  4.67974E-04  19.550500  36.354400
3  1260.000000   119.928000    280.000000    107.758000    440.000000    114.190000    1.98145E-02  4.54568E-04  19.842600  50.529500
3  1260.000000   119.928000    320.000000    109.059000    480.000000    115.862000    2.17479E-02  4.79796E-04  21.254100  45.474600
3  1260.000000   119.928000    360.000000    107.422000    520.000000    117.315000    2.09764E-02  4.62777E-04  21.940400  45.474600
3  1260.000000   119.928000    400.000000    112.646000    560.000000    107.062000    9.01425E-03  2.68686E-04  25.013600  70.787900
3  1260.000000   119.928000    440.000000    114.190000    600.000000    109.602000    2.02014E-02  4.63444E-04  24.760100  50.529500
3  1260.000000   119.928000    1920.000000   69.798000     2080.000000   55.293000     2.25081E-02  4.96567E-04  24.778300  45.474500
3  1260.000000   119.928000    1960.000000   70.212000     2120.000000   43.879000     1.51720E-02  3.43248E-04  24.546800  50.469700
3  1260.000000   119.928000    2000.000000   66.527000     2160.000000   41.041000     1.30449E-02  3.40261E-04  20.313400  58.038500
3  1260.000000   119.928000    2040.000000   61.428000     2200.000000   41.028000     7.75211E-03  2.30293E-04  24.981600  70.743100
3  1260.000000   119.928000    2080.000000   55.293000     2240.000000   41.064000     7.83957E-03  2.32907E-04  24.441100  70.743900
3  1260.000000   119.928000    2120.000000   43.879000     2280.000000   42.996000     5.78737E-03  1.85288E-04  29.591200  73.584300
3  1300.000000   120.477000    0.000000      85.461000     40.000000     89.773000     5.74098E-03  1.84185E-04  1.061530  73.446900
3  1300.000000   120.477000    960.000000    99.983000     1000.000000   109.284000    3.74754E-02  4.58646E-04  57.747700  33.941600
3  1300.000000   120.477000    1000.000000   109.284000    1040.000000   125.393000    4.82940E-02  5.11332E-04  1.704370  33.700100
3  1300.000000   120.477000    1080.000000   127.088000    1120.000000   112.650000    6.55854E-02  7.54245E-04  34.037200  6.686250
3  1300.000000   120.477000    1120.000000   112.650000    1160.000000   107.119000    1.61674E-01  2.17958E-03  37.461800  3.536180
3  1300.000000   120.477000    1160.000000   107.119000    1200.000000   112.156000    1.64366E-01  1.71509E-03  28.333200  3.534750
3  1300.000000   120.477000    1200.000000   112.156000    1240.000000   121.717000    3.42523E-01  3.46455E-03  23.745900  2.964930
3  1300.000000   120.477000    1360.000000   139.168000    1400.000000   152.179000    2.07011E-01  2.12950E-03  -0.645998  20.831900
3  1300.000000   120.477000    1400.000000   152.179000    1440.000000   160.534000    1.01500E-01  1.02673E-03  29.948400  4.536850
3  1300.000000   120.477000    1440.000000   160.534000    1480.000000   164.497000    9.26522E-02  9.43737E-04  27.102600  5.510620
3  1300.000000   120.477000    1480.000000   164.497000    1520.000000   168.092000    5.69268E-02  6.00253E-04  25.001400  8.038360
3  1300.000000   120.477000    1520.000000   168.092000    1560.000000   155.128000    4.11364E-02  1.10209E-03  31.729900  16.722000
3  1300.000000   120.477000    1560.000000   155.128000    1600.000000   139.326000    3.04210E-02  4.89653E-04  21.525500  36.345700
3  1300.000000   120.477000    1600.000000   139.326000    1640.000000   117.482000    4.67615E-02  4.95087E-04  24.778400  8.952930
3  1300.000000   120.477000    2240.000000   41.064000     2280.000000   42.996000     1.61940E-03  6.45745E-05  25.763200  81.680500
3  1300.000000   120.477000    0.000000      85.461000     80.000000     95.232000     9.17873E-03  2.72656E-04  3.084870  70.743800
3  1300.000000   120.477000    40.000000     89.773000     120.000000    103.752000    5.99020E-03  1.91774E-04  8.430120  73.582500
3  1300.000000   120.477000    600.000000    109.602000    680.000000    91.001000     1.43353E-02  3.73918E-04  27.855400  58.038600
3  1300.000000   120.477000    640.000000    94.241000     720.000000    99.688000     1.65949E-02  3.75440E-04  29.224400  50.469700
3  1300.000000   120.477000    680.000000    91.001000     760.000000    109.364000    1.74605E-02  3.95021E-04  31.345000  50.469700
3  1300.000000   120.477000    720.000000    99.688000     800.000000    112.086000    1.92497E-02  4.41611E-04  31.954800  50.529500
3  1300.000000   120.477000    760.000000    109.364000    840.000000    110.374000    1.95146E-02  4.47688E-04  30.319000  50.529500
3  1300.000000   120.477000    800.000000    112.086000    880.000000    97.963000     2.46548E-02  4.28989E-04  29.513300  37.102900
3  1300.000000   120.477000    840.000000    110.374000    920.000000    98.528000     3.69914E-02  4.52723E-04  30.774800  28.054400
3  1300.000000   120.477000    880.000000    97.963000     960.000000    99.983000     4.96753E-02  5.25937E-04  29.036300  8.953050
3  1300.000000   120.477000    1640.000000   117.482000    1720.000000   105.823000    7.16805E-02  7.42890E-04  22.944700  6.686110
3  1300.000000   120.477000    1680.000000   108.805000    1760.000000   106.406000    5.88962E-02  6.21019E-04  19.419300  8.038330
3  1300.000000   120.477000    1720.000000   105.823000    1800.000000   92.674000     4.97953E-02  5.27208E-04  18.940700  8.952910
3  1300.000000   120.477000    1760.000000   106.406000    1840.000000   86.557000     3.42630E-02  4.57555E-04  19.581900  30.517400
3  1300.000000   120.477000    1800.000000   92.674000     1880.000000   78.369000     3.55639E-02  4.35252E-04  21.265700  24.290000
3  1300.000000   120.477000    1840.000000   86.557000     1920.000000   69.798000     3.04823E-02  4.07067E-04  23.668100  30.517400
3  1300.000000   120.477000    1880.000000   78.369000     1960.000000   70.212000     2.23035E-02  4.92051E-04  23.852600  45.474500
3  1300.000000   120.477000    1920.000000   69.798000     2000.000000   66.527000     1.82735E-02  4.19216E-04  24.083600  50.529500
3  1300.000000   120.477000    0.000000      85.461000     160.000000    106.465000    1.37927E-02  3.59807E-04  6.518140  58.039500
3  1300.000000   120.477000    40.000000     89.773000     200.000000    103.693000    1.07848E-02  3.04689E-04  9.986050  68.357400
3  1300.000000   120.477000    80.000000     95.232000     240.000000    107.318000    1.04895E-02  2.96346E-04  14.618300  68.357400
3  1300.000000   120.477000    120.000000    103.752000    280.000000    107.758000    1.11445E-02  3.14851E-04  16.535300  68.357400
3  1300.000000   120.477000    160.000000    106.465000    320.000000    109.059000    1.28194E-02  3.50950E-04  17.644400  61.446800
3  1300.000000   120.477000    200.000000    103.693000    360.000000    107.422000    1.38961E-02  3.62466E-04  20.595400  58.038600
3  1300.000000   120.477000    240.000000    107.318000    400.000000    112.646000    2.74394E-02  4.41964E-04  21.863700  36.351300
3  1300.000000   120.477000    280.000000    107.758000    440.000000    114.190000    1.87235E-02  4.29549E-04  22.170900  50.529700
3  1300.000000   120.477000    320.000000    109.059000    480.000000    115.862000    2.05062E-02  4.70480E-04  22.711400  50.530200
3  1300.000000   120.477000    360.000000    107.422000    520.000000    117.315000    1.97526E-02  4.53158E-04  23.210400  50.529700
3  1300.000000   120.477000    400.000000    112.646000    560.000000    107.062000    8.43717E-03  2.51147E-04  25.608800  70.774000
3  1300.000000   120.477000    440.000000    114.190000    600.000000    109.602000    1.89134E-02  4.33896E-04  25.231000  50.529500
3  1300.000000   120.477000    480.000000    115.862000    640.000000    94.241000     1.91162E-02  4.38581E-04  26.190400  50.530000
3  1300.000000   120.477000    1960.000000   70.212000     2120.000000   43.879000     1.63137E-02  3.69080E-04  24.859300  50.469700
3  1300.000000   120.477000    2000.000000   66.527000     2160.000000   41.041000     1.39130E-02  3.62903E-04  20.383700  58.038500
3  1300.000000   120.477000    2040.000000   61.428000     2200.000000   41.028000     8.26036E-03  2.45365E-04  26.507400  70.742900
3  1300.000000   120.477000    2080.000000   55.293000     2240.000000   41.064000     8.33126E-03  2.47463E-04  24.736200  70.742800
3  1300.000000   120.477000    2120.000000   43.879000     2280.000000   42.996000     6.15783E-03  2.98429E-04  29.010100  73.582700
3  1340.000000   126.284000    1000.000000   109.284000    1040.000000   125.393000    3.66208E-02  4.48187E-04  23.943200  24.290200
3  1340.000000   126.284000    1040.000000   125.393000    1080.000000   127.088000    3.05685E-02  4.08218E-04  28.387800  30.517400
3  1340.000000   126.284000    1080.000000   127.088000    1120.000000   112.650000    4.38090E-02  4.91585E-04  29.011900  15.460900
3  1340.000000   126.284000    1120.000000   112.650000    1160.000000   107.119000    9.76460E-02  9.94603E-04  34.310500  5.511090
3  1340.000000   126.284000    1160.000000   107.119000    1200.000000   112.156000    8.74429E-02  8.90676E-04  29.480700  7.824340
3  1340.000000   126.284000    1200.000000   112.156000    1240.000000   121.717000    1.48200E-01  1.49163E-03  28.274300  3.534130
3  1340.000000   126.284000    1240.000000   121.717000    1280.000000   118.242000    2.63272E-01  2.64270E-03  29.333700  2.635030
3  1340.000000   126.284000    1400.000000   152.179000    1440.000000   160.534000    3.22783E-01  3.23732E-03  28.546200  2.156420
3  1340.000000   126.284000    1440.000000   160.534000    1480.000000   164.497000    2.21346E-01  2.22417E-03  27.152500  3.023330
3  1340.000000   126.284000    1480.000000   164.497000    1520.000000   168.092000    1.16912E-01  1.18265E-03  24.560400  4.537020
3  1340.000000   126.284000    1520.000000   168.092000    1560.000000   155.128000    7.34876E-02  7.53836E-04  30.668900  6.163170
3  1340.000000   126.284000    1560.000000   155.128000    1600.000000   139.326000    4.85715E-02  5.14256E-04  22.368100  8.953010
3  1340.000000   126.284000    1600.000000   139.326000    1640.000000   117.482000    6.87815E-02  7.12872E-04  25.605200  6.686500
3  1340.000000   126.284000    1640.000000   117.482000    1680.000000   108.805000    5.67772E-02  5.98699E-04  24.733600  8.038620
3  1340.000000   126.284000    2240.000000   41.064000     2280.000000   42.996000     1.75793E-03  7.00985E-05  21.743000  81.680500
3  1340.000000   126.284000    40.000000     89.773000     120.000000    103.752000    5.61739E-03  1.80308E-04  -4.687360  73.446300
3  1340.000000   126.284000    640.000000    94.241000     720.000000    99.688000     1.50156E-02  3.91661E-04  25.706500  58.038500
3  1340.000000   126.284000    680.000000    91.001000     760.000000    109.364000    1.57246E-02  3.55749E-04  27.972800  50.469700
3  1340.000000   126.284000    720.000000    99.688000     800.000000    112.086000    1.71170E-02  3.87250E-04  28.517900  50.469700
3  1340.000000   126.284000    760.000000    109.364000    840.000000    110.374000    1.72347E-02  3.89913E-04  27.092600  50.469700
3  1340.000000   126.284000    800.000000    112.086000    880.000000    97.963000     2.14680E-02  4.73618E-04  26.492800  45.474500
3  1340.000000   126.284000    840.000000    110.374000    920.000000    98.528000     3.15403E-02  4.21195E-04  27.973100  30.517400
3  1340.000000   126.284000    880.000000    97.963000     960.000000    99.983000     4.11649E-02  4.61915E-04  26.252200  15.460800
3  1340.000000   126.284000    920.000000    98.528000     1000.000000   109.284000    5.18487E-02  5.48948E-04  23.118800  8.953060
3  1340.000000   126.284000    1680.000000   108.805000    1760.000000   106.406000    7.20154E-02  7.46368E-04  21.112200  6.686270
3  1340.000000   126.284000    1720.000000   105.823000    1800.000000   92.674000     5.92398E-02  6.24654E-04  20.374100  8.038470
3  1340.000000   126.284000    1760.000000   106.406000    1840.000000   86.557000     4.00143E-02  4.89723E-04  20.878300  24.290000
3  1340.000000   126.284000    1800.000000   92.674000     1880.000000   78.369000     4.13727E-02  4.64251E-04  22.791900  15.460800
3  1340.000000   126.284000    1840.000000   86.557000     1920.000000   69.798000     3.53339E-02  4.32437E-04  25.418500  24.290000
3  1340.000000   126.284000    1880.000000   78.369000     1960.000000   70.212000     2.56601E-02  4.46481E-04  25.734300  37.102900
3  1340.000000   126.284000    1920.000000   69.798000     2000.000000   66.527000     2.08222E-02  4.59371E-04  25.689400  45.474500
3  1340.000000   126.284000    1960.000000   70.212000     2040.000000   61.428000     1.19411E-02  3.26889E-04  26.642900  61.446400
3  1340.000000   126.284000    2200.000000   41.028000     2280.000000   42.996000     3.95755E-03  1.34506E-04  21.565900  74.194800
3  1340.000000   126.284000    0.000000      85.461000     160.000000    106.465000    1.29398E-02  3.54642E-04  -8.458640  61.449200
3  1340.000000   126.284000    40.000000     89.773000     200.000000    103.693000    1.01043E-02  2.85464E-04  -3.007810  68.357700
3  1340.000000   126.284000    80.000000     95.232000     240.000000    107.318000    9.81075E-03  2.77269E-04  2.749750  68.357900
3  1340.000000   126.284000    120.000000    103.752000    280.000000    107.758000    1.03990E-02  2.93864E-04  5.876070  68.357400
3  1340.000000   126.284000    160.000000    106.465000    320.000000    109.059000    1.19440E-02  3.27022E-04  8.239970  61.446400
3  1340.000000   126.284000    200.000000    103.693000    360.000000    107.422000    1.29174E-02  3.53669E-04  12.639400  61.446400
3  1340.000000   126.284000    240.000000    107.318000    400.000000    112.646000    2.53510E-02  4.41533E-04  16.112300  37.112100
3  1340.000000   126.284000    280.000000    107.758000    440.000000    114.190000    1.73094E-02  3.91615E-04  16.625600  50.471500
3  1340.000000   126.284000    320.000000    109.059000    480.000000    115.862000    1.88934E-02  4.33456E-04  17.838200  50.531300
3  1340.000000   126.284000    360.000000    107.422000    520.000000    117.315000    1.81913E-02  4.17350E-04  18.638700  50.531500
3  1340.000000   126.284000    400.000000    112.646000    560.000000    107.062000    7.73474E-03  2.30581E-04  21.173400  70.786300
3  1340.000000   126.284000    440.000000    114.190000    600.000000    109.602000    1.73176E-02  3.91788E-04  20.757700  50.469700
3  1340.000000   126.284000    480.000000    115.862000    640.000000    94.241000     1.74858E-02  3.95593E-04  21.973400  50.469700
3  1340.000000   126.284000    520.000000    117.315000    680.000000    91.001000     2.24213E-02  4.94650E-04  23.295100  45.474500
3  1340.000000   126.284000    2000.000000   66.527000     2160.000000   41.041000     1.53288E-02  3.46797E-04  21.595700  50.469700
3  1340.000000   126.284000    2040.000000   61.428000     2200.000000   41.028000     9.10646E-03  2.70507E-04  26.509600  70.742800
3  1340.000000   126.284000    2080.000000   55.293000     2240.000000   41.064000     9.14444E-03  2.71871E-04  22.892400  70.742900
3  1340.000000   126.284000    2120.000000   43.879000     2280.000000   42.996000     6.77519E-03  2.17709E-04  24.270600  73.584400
3  1380.000000   148.857000    0.000000      85.461000     40.000000     89.773000     5.06897E-03  1.62672E-04  -7.502760  73.456100
3  1380.000000   148.857000    1040.000000   125.393000    1080.000000   127.088000    2.45042E-02  4.26376E-04  27.836900  37.103000
3  1380.000000   148.857000    1080.000000   127.088000    1120.000000   112.650000    3.30160E-02  4.40919E-04  28.732100  30.517700
3  1380.000000   148.857000    1120.000000   112.650000    1160.000000   107.119000    7.08282E-02  7.34141E-04  34.064000  6.689700
3  1380.000000   148.857000    1160.000000   107.119000    1200.000000   112.156000    5.93072E-02  6.25383E-04  29.756600  8.039170
3  1380.000000   148.857000    1200.000000   112.156000    1240.000000   121.717000    8.93198E-02  9.09847E-04  29.418400  5.511500
3  1380.000000   148.857000    1240.000000   121.717000    1280.000000   118.242000    1.30397E-01  1.31533E-03  32.757300  4.014330
3  1380.000000   148.857000    1280.000000   118.242000    1320.000000   121.622000    2.61946E-01  2.62947E-03  26.089600  2.635800
3  1380.000000   148.857000    1440.000000   160.534000    1480.000000   164.497000    6.65167E-01  6.66358E-03  15.659300  1.753640
3  1380.000000   148.857000    1480.000000   164.497000    1520.000000   168.092000    2.95336E-01  2.96464E-03  14.512000  2.635210
3  1380.000000   148.857000    1520.000000   168.092000    1560.000000   155.128000    1.64712E-01  1.65789E-03  22.028700  3.534680
3  1380.000000   148.857000    1560.000000   155.128000    1600.000000   139.326000    9.29609E-02  9.46909E-04  13.814400  5.510600
3  1380.000000   148.857000    1600.000000   139.326000    1640.000000   117.482000    1.22358E-01  1.23436E-03  17.753300  4.014000
3  1380.000000   148.857000    1640.000000   117.482000    1680.000000   108.805000    8.67941E-02  8.84163E-04  17.548300  5.510580
3  1380.000000   148.857000    1680.000000   108.805000    1720.000000   105.823000    4.91807E-02  5.20725E-04  15.543900  8.952920
3  1380.000000   148.857000    2240.000000   41.064000     2280.000000   42.996000     1.94459E-03  7.75417E-05  11.159200  81.680600
3  1380.000000   148.857000    0.000000      85.461000     80.000000     95.232000     8.09655E-03  2.40514E-04  -7.349880  70.743000
3  1380.000000   148.857000    40.000000     89.773000     120.000000    103.752000    5.27289E-03  1.69097E-04  -4.102940  73.446300
3  1380.000000   148.857000    680.000000    91.001000     760.000000    109.364000    1.41949E-02  3.70257E-04  32.467100  58.038600
3  1380.000000   148.857000    720.000000    99.688000     800.000000    112.086000    1.54096E-02  3.48625E-04  32.615200  50.469800
3  1380.000000   148.857000    760.000000    109.364000    840.000000    110.374000    1.54231E-02  3.48929E-04  31.086700  50.469700
3  1380.000000   148.857000    800.000000    112.086000    880.000000    97.963000     1.90026E-02  4.35944E-04  30.010300  50.529600
3  1380.000000   148.857000    840.000000    110.374000    920.000000    98.528000     2.75088E-02  4.42787E-04  31.075200  36.345900
3  1380.000000   148.857000    880.000000    97.963000     960.000000    99.983000     3.54684E-02  4.34098E-04  28.770900  24.290200
3  1380.000000   148.857000    920.000000    98.528000     1000.000000   109.284000    4.39861E-02  4.93603E-04  24.889600  15.461300
3  1380.000000   148.857000    960.000000    99.983000     1040.000000   125.393000    5.47849E-02  5.77718E-04  24.579200  8.039830
3  1380.000000   148.857000    1720.000000   105.823000    1800.000000   92.674000     7.94542E-02  8.15065E-04  12.800600  6.162930
3  1380.000000   148.857000    1760.000000   106.406000    1840.000000   86.557000     5.23441E-02  5.54209E-04  13.124300  8.952910
3  1380.000000   148.857000    1800.000000   92.674000     1880.000000   78.369000     5.31538E-02  5.62803E-04  14.536600  8.952920
3  1380.000000   148.857000    1840.000000   86.557000     1920.000000   69.798000     4.46315E-02  5.00837E-04  16.850500  15.460700
3  1380.000000   148.857000    1880.000000   78.369000     1960.000000   70.212000     3.16952E-02  4.23280E-04  16.730900  30.517400
3  1380.000000   148.857000    1920.000000   69.798000     2000.000000   66.527000     2.55642E-02  4.44822E-04  16.594000  37.102900
3  1380.000000   148.857000    1960.000000   70.212000     2040.000000   61.428000     1.45494E-02  3.79504E-04  17.347900  58.038500
3  1380.000000   148.857000    2000.000000   66.527000     2080.000000   55.293000     8.23322E-03  2.44551E-04  21.184600  70.742800
3  1380.000000   148.857000    2200.000000   41.028000     2280.000000   42.996000     4.38661E-03  1.40668E-04  11.925400  73.449900
3  1380.000000   148.857000    0.000000      85.461000     160.000000    106.465000    1.21546E-02  3.32806E-04  -3.911970  61.446500
3  1380.000000   148.857000    40.000000     89.773000     200.000000    103.693000    9.47429E-03  2.81479E-04  -0.747995  70.742900
3  1380.000000   148.857000    80.000000     95.232000     240.000000    107.318000    9.19101E-03  2.73206E-04  7.073780  70.743800
3  1380.000000   148.857000    120.000000    103.752000    280.000000    107.758000    9.73278E-03  2.75047E-04  11.065300  68.357500
3  1380.000000   148.857000    160.000000    106.465000    320.000000    109.059000    1.11622E-02  3.16285E-04  13.624400  68.366900
3  1380.000000   148.857000    200.000000    103.693000    360.000000    107.422000    1.20481E-02  3.31054E-04  18.451600  61.465600
3  1380.000000   148.857000    240.000000    107.318000    400.000000    112.646000    2.35366E-02  5.19406E-04  22.868900  45.476700
3  1380.000000   148.857000    280.000000    107.758000    440.000000    114.190000    1.60654E-02  3.65049E-04  24.004600  50.499400
3  1380.000000   148.857000    320.000000    109.059000    480.000000    115.862000    1.75165E-02  3.97209E-04  25.087800  50.490800
3  1380.000000   148.857000    360.000000    107.422000    520.000000    117.315000    1.68255E-02  3.82023E-04  26.255100  50.493500
3  1380.000000   148.857000    400.000000    112.646000    560.000000    107.062000    7.09802E-03  2.27379E-04  27.986800  73.588600
3  1380.000000   148.857000    440.000000    114.190000    600.000000    109.602000    1.59251E-02  3.60285E-04  26.799900  50.469700
3  1380.000000   148.857000    480.000000    115.862000    640.000000    94.241000     1.60019E-02  3.62261E-04  28.156500  50.476900
3  1380.000000   148.857000    520.000000    117.315000    680.000000    91.001000     2.04829E-02  4.51886E-04  28.791000  45.474500
3  1380.000000   148.857000    560.000000    107.062000    720.000000    99.688000     2.25363E-02  4.97189E-04  29.860400  45.474600
3  1380.000000   148.857000    2040.000000   61.428000     2200.000000   41.028000     1.02742E-02  2.90336E-04  13.770600  68.357700
3  1380.000000   148.857000    2080.000000   55.293000     2240.000000   41.064000     1.01577E-02  2.87224E-04  10.207300  68.358700
3  1380.000000   148.857000    2120.000000   43.879000     2280.000000   42.996000     7.50789E-03  2.23446E-04  10.733400  70.744500
3  1420.000000   158.796000    0.000000      85.461000     40.000000     89.773000     4.82381E-03  1.54840E-04  2.165250  73.462500
3  1420.000000   158.796000    400.000000    112.646000    440.000000    114.190000    9.01593E-03  2.67799E-04  10.428900  70.742800
3  1420.000000   158.796000    1080.000000   127.088000    1120.000000   112.650000    2.72866E-02  4.39202E-04  23.998400  36.345700
3  1420.000000   158.796000    1120.000000   112.650000    1160.000000   107.119000    5.74523E-02  6.05794E-04  30.074000  8.038800
3  1420.000000   158.796000    1160.000000   107.119000    1200.000000   112.156000    4.62449E-02  7.94233E-04  27.026400  15.882500
3  1420.000000   158.796000    1200.000000   112.156000    1240.000000   121.717000    6.71432E-02  6.95859E-04  27.301100  6.686100
3  1420.000000   158.796000    1240.000000   121.717000    1280.000000   118.242000    8.81996E-02  8.98383E-04  31.200100  5.510550
3  1420.000000   158.796000    1280.000000   118.242000    1320.000000   121.622000    1.45976E-01  1.47242E-03  24.704700  4.013510
3  1420.000000   158.796000    1480.000000   164.497000    1520.000000   168.092000    5.98154E-01  5.99219E-03  10.868000  1.753480
3  1420.000000   158.796000    1520.000000   168.092000    1560.000000   155.128000    2.95120E-01  2.96239E-03  16.017900  2.635000
3  1420.000000   158.796000    1560.000000   155.128000    1600.000000   139.326000    1.51499E-01  1.52484E-03  11.079600  3.534090
3  1420.000000   158.796000    1600.000000   139.326000    1640.000000   117.482000    1.88475E-01  1.89385E-03  15.341300  3.023080
3  1420.000000   158.796000    1640.000000   117.482000    1680.000000   108.805000    1.19682E-01  1.21064E-03  18.040200  4.536810
3  1420.000000   158.796000    1680.000000   108.805000    1720.000000   105.823000    6.49628E-02  6.73261E-04  17.930400  6.686090
3  1420.000000   158.796000    2240.000000   41.064000     2280.000000   42.996000     2.10912E-03  8.41024E-05  30.623300  81.680500
3  1420.000000   158.796000    0.000000      85.461000     80.000000     95.232000     7.70593E-03  2.28888E-04  2.635980  70.744400
3  1420.000000   158.796000    40.000000     89.773000     120.000000    103.752000    5.01396E-03  1.60786E-04  4.986060  73.446400
3  1420.000000   158.796000    400.000000    112.646000    480.000000    115.862000    1.34259E-02  3.50196E-04  10.810400  58.038500
3  1420.000000   158.796000    440.000000    114.190000    520.000000    117.315000    6.83075E-03  2.18679E-04  12.082200  73.582300
3  1420.000000   158.796000    720.000000    99.688000     800.000000    112.086000    1.42310E-02  3.71197E-04  22.924900  58.038500
3  1420.000000   158.796000    760.000000    109.364000    840.000000    110.374000    1.41848E-02  3.69991E-04  21.841400  58.038500
3  1420.000000   158.796000    800.000000    112.086000    880.000000    97.963000     1.73443E-02  3.92392E-04  21.616800  50.469700
3  1420.000000   158.796000    840.000000    110.374000    920.000000    98.528000     2.48272E-02  4.31988E-04  22.974000  37.102900
3  1420.000000   158.796000    880.000000    97.963000     960.000000    99.983000     3.19224E-02  4.26298E-04  21.701500  30.517400
3  1420.000000   158.796000    920.000000    98.528000     1000.000000   109.284000    3.94935E-02  4.83345E-04  18.942000  24.290000
3  1420.000000   158.796000    960.000000    99.983000     1040.000000   125.393000    4.85849E-02  5.14393E-04  19.032500  8.953070
3  1420.000000   158.796000    1000.000000   109.284000    1080.000000   127.088000    4.77566E-02  5.05623E-04  21.009300  8.953020
3  1420.000000   158.796000    1760.000000   106.406000    1840.000000   86.557000     6.49427E-02  6.73053E-04  18.583100  6.686120
3  1420.000000   158.796000    1800.000000   92.674000     1880.000000   78.369000     6.50878E-02  6.74557E-04  20.833400  6.686110
3  1420.000000   158.796000    1840.000000   86.557000     1920.000000   69.798000     5.39467E-02  5.68830E-04  24.292800  8.038350
3  1420.000000   158.796000    1880.000000   78.369000     1960.000000   70.212000     3.76384E-02  4.60641E-04  25.678000  24.290000
3  1420.000000   158.796000    1920.000000   69.798000     2000.000000   66.527000     3.02074E-02  4.86215E-04  25.987600  36.345700
3  1420.000000   158.796000    1960.000000   70.212000     2040.000000   61.428000     1.70756E-02  3.86313E-04  27.376100  50.469700
3  1420.000000   158.796000    2000.000000   66.527000     2080.000000   55.293000     9.58265E-03  2.70726E-04  31.975600  68.357400
3  1420.000000   158.796000    2040.000000   61.428000     2120.000000   43.879000     7.92586E-03  2.35421E-04  29.250900  70.742800
3  1420.000000   158.796000    2200.000000   41.028000     2280.000000   42.996000     4.76610E-03  1.53012E-04  32.524500  73.449300
3  1420.000000   158.796000    0.000000      85.461000     160.000000    106.465000    1.15505E-02  3.16349E-04  4.822020  61.446500
3  1420.000000   158.796000    40.000000     89.773000     200.000000    103.693000    8.99284E-03  2.67126E-04  3.998820  70.742800
3  1420.000000   158.796000    80.000000     95.232000     240.000000    107.318000    8.71051E-03  2.58803E-04  5.045920  70.742800
3  1420.000000   158.796000    120.000000    103.752000    280.000000    107.758000    9.21472E-03  2.73735E-04  4.208500  70.742800
3  1420.000000   158.796000    160.000000    106.465000    320.000000    109.059000    1.05652E-02  2.98505E-04  5.148230  68.357400
3  1420.000000   158.796000    200.000000    103.693000    360.000000    107.422000    1.13736E-02  3.11376E-04  5.651160  61.446500
3  1420.000000   158.796000    400.000000    112.646000    560.000000    107.062000    2.00655E-02  4.60327E-04  11.923800  50.529500
3  1420.000000   158.796000    440.000000    114.190000    600.000000    109.602000    1.49225E-02  3.89233E-04  14.030600  58.038500
3  1420.000000   158.796000    480.000000    115.862000    640.000000    94.241000     1.49351E-02  3.89561E-04  15.297200  58.038500
3  1420.000000   158.796000    520.000000    117.315000    680.000000    91.001000     1.91108E-02  4.38425E-04  17.163000  50.529500
3  1420.000000   158.796000    560.000000    107.062000    720.000000    99.688000     2.09164E-02  4.61449E-04  18.292700  45.474500
3  1420.000000   158.796000    600.000000    109.602000    760.000000    109.364000    2.41054E-02  4.19429E-04  20.214400  37.102900
3  1420.000000   158.796000    2080.000000   55.293000     2240.000000   41.064000     1.10390E-02  3.02442E-04  33.763800  61.447100
3  1420.000000   158.796000    2120.000000   43.879000     2280.000000   42.996000     8.15672E-03  2.42798E-04  39.112000  70.747900
3  1460.000000   159.081000    0.000000      85.461000     40.000000     89.773000     4.59776E-03  1.47439E-04  -1.755210  73.446400
3  1460.000000   159.081000    440.000000    114.190000    480.000000    115.862000    4.11429E-03  1.38865E-04  20.685700  74.186100
3  1460.000000   159.081000    1120.000000   112.650000    1160.000000   107.119000    4.59948E-02  4.86979E-04  30.685100  8.953590
3  1460.000000   159.081000    1160.000000   107.119000    1200.000000   112.156000    3.55957E-02  6.45756E-04  27.892800  28.182100
3  1460.000000   159.081000    1200.000000   112.156000    1240.000000   121.717000    4.99248E-02  5.28579E-04  27.722100  8.952960
3  1460.000000   159.081000    1240.000000   121.717000    1280.000000   118.242000    5.98184E-02  6.30743E-04  30.783700  8.038380
3  1460.000000   159.081000    1320.000000   121.622000    1360.000000   139.168000    4.04867E-01  1.04037E-02  32.130400  14.871300
3  1460.000000   159.081000    1360.000000   139.168000    1400.000000   152.179000    7.46901E-01  7.86375E-03  9.305060  3.052680
3  1460.000000   159.081000    1560.000000   155.128000    1600.000000   139.326000    2.70340E-01  2.71419E-03  7.583570  2.637390
3  1460.000000   159.081000    1600.000000   139.326000    1640.000000   117.482000    3.10467E-01  3.11650E-03  11.692200  2.160430
3  1460.000000   159.081000    1640.000000   117.482000    1680.000000   108.805000    1.74698E-01  1.76422E-03  14.109500  3.545100
3  1460.000000   159.081000    1680.000000   108.805000    1720.000000   105.823000    8.76652E-02  8.96771E-04  13.665600  5.514310
3  1460.000000   159.081000    1720.000000   105.823000    1760.000000   106.406000    8.40526E-02  8.69709E-04  11.853600  6.210490
3  1460.000000   159.081000    1760.000000   106.406000    1800.000000   92.674000     4.58923E-02  5.16711E-04  15.090600  15.464300
3  1460.000000   159.081000    2240.000000   41.064000     2280.000000   42.996000     2.31144E-03  9.21705E-05  24.282100  81.680600
3  1460.000000   159.081000    0.000000      85.461000     80.000000     95.232000     7.33836E-03  2.34930E-04  0.441986  73.582300
3  1460.000000   159.081000    40.000000     89.773000     120.000000    103.752000    4.75516E-03  1.52487E-04  5.746020  73.446400
3  1460.000000   159.081000    440.000000    114.190000    520.000000    117.315000    6.34767E-03  2.03217E-04  21.148200  73.582300
3  1460.000000   159.081000    760.000000    109.364000    840.000000    110.374000    1.28832E-02  3.52679E-04  26.621000  61.446400
3  1460.000000   159.081000    800.000000    112.086000    880.000000    97.963000     1.56091E-02  3.53136E-04  25.935800  50.469700
3  1460.000000   159.081000    840.000000    110.374000    920.000000    98.528000     2.21108E-02  4.87802E-04  26.988900  45.474500
3  1460.000000   159.081000    880.000000    97.963000     960.000000    99.983000     2.83662E-02  4.56582E-04  25.169800  36.345800
3  1460.000000   159.081000    920.000000    98.528000     1000.000000   109.284000    3.50113E-02  4.67558E-04  21.618200  30.517500
3  1460.000000   159.081000    960.000000    99.983000     1040.000000   125.393000    4.25331E-02  4.77281E-04  21.025000  15.461000
3  1460.000000   159.081000    1000.000000   109.284000    1080.000000   127.088000    4.12440E-02  4.62811E-04  22.402100  15.460900
3  1460.000000   159.081000    1040.000000   125.393000    1120.000000   112.650000    4.04200E-02  4.53561E-04  24.368500  15.460900
3  1460.000000   159.081000    1800.000000   92.674000     1880.000000   78.369000     8.16365E-02  9.79516E-04  17.160000  6.212210
3  1460.000000   159.081000    1840.000000   86.557000     1920.000000   69.798000     6.68395E-02  8.53226E-04  20.629100  6.759130
3  1460.000000   159.081000    1880.000000   78.369000     1960.000000   70.212000     4.57707E-02  5.13680E-04  20.011200  15.460800
3  1460.000000   159.081000    1920.000000   69.798000     2000.000000   66.527000     3.64953E-02  4.46739E-04  20.175900  24.290000
3  1460.000000   159.081000    1960.000000   70.212000     2040.000000   61.428000     2.04792E-02  4.51837E-04  21.417700  45.474500
3  1460.000000   159.081000    2000.000000   66.527000     2080.000000   55.293000     1.13754E-02  3.11420E-04  26.020100  61.446500
3  1460.000000   159.081000    2040.000000   61.428000     2120.000000   43.879000     8.94359E-03  2.65677E-04  24.377600  70.743100
3  1460.000000   159.081000    2080.000000   55.293000     2160.000000   41.041000     1.12351E-02  3.07600E-04  15.308700  61.458100
3  1460.000000   159.081000    2160.000000   41.041000     2240.000000   41.064000     9.52866E-04  5.28163E-05  136.991000  126.775000
3  1460.000000   159.081000    2200.000000   41.028000     2280.000000   42.996000     5.23879E-03  1.67996E-04  25.489000  73.446400
3  1460.000000   159.081000    0.000000      85.461000     160.000000    106.465000    1.09639E-02  3.09753E-04  3.956130  68.357500
3  1460.000000   159.081000    40.000000     89.773000     200.000000    103.693000    8.50240E-03  2.52562E-04  8.113550  70.744700
3  1460.000000   159.081000    80.000000     95.232000     240.000000    107.318000    8.20851E-03  2.43918E-04  13.092800  70.748100
3  1460.000000   159.081000    120.000000    103.752000    280.000000    107.758000    8.66751E-03  2.57458E-04  15.231600  70.744100
3  1460.000000   159.081000    160.000000    106.465000    320.000000    109.059000    9.90471E-03  2.79941E-04  15.017100  68.359300
3  1460.000000   159.081000    200.000000    103.693000    360.000000    107.422000    1.06586E-02  3.01125E-04  17.176400  68.357700
3  1460.000000   159.081000    400.000000    112.646000    560.000000    107.062000    1.85406E-02  4.25344E-04  22.563500  50.529500
3  1460.000000   159.081000    440.000000    114.190000    600.000000    109.602000    1.38321E-02  3.60792E-04  22.163800  58.038500
3  1460.000000   159.081000    480.000000    115.862000    640.000000    94.241000     1.37677E-02  3.59183E-04  22.743200  58.038500
3  1460.000000   159.081000    520.000000    117.315000    680.000000    91.001000     1.76198E-02  3.98625E-04  23.898500  50.469700
3  1460.000000   159.081000    560.000000    107.062000    720.000000    99.688000     1.91665E-02  4.39703E-04  24.648300  50.529500
3  1460.000000   159.081000    600.000000    109.602000    760.000000    109.364000    2.20419E-02  4.86280E-04  26.173800  45.474500
3  1460.000000   159.081000    640.000000    94.241000     800.000000    112.086000    2.45386E-02  4.26967E-04  26.966000  37.102900
3  1460.000000   159.081000    2120.000000   43.879000     2280.000000   42.996000     8.98043E-03  2.66763E-04  28.137500  70.743000
3  1500.000000   168.145000    1160.000000   107.119000    1200.000000   112.156000    2.88895E-02  4.65008E-04  28.083200  36.345800
3  1500.000000   168.145000    1200.000000   112.156000    1240.000000   121.717000    3.96613E-02  4.85407E-04  27.230000  24.290200
3  1500.000000   168.145000    1240.000000   121.717000    1280.000000   118.242000    4.46797E-02  5.01364E-04  30.542600  15.460900
3  1500.000000   168.145000    1280.000000   118.242000    1320.000000   121.622000    6.17895E-02  6.51539E-04  23.428500  8.038610
3  1500.000000   168.145000    1320.000000   121.622000    1360.000000   139.168000    2.48759E-01  2.49712E-03  17.627100  2.637630
3  1500.000000   168.145000    1360.000000   139.168000    1400.000000   152.179000    4.14585E-01  4.15820E-03  4.341430  2.168870
3  1500.000000   168.145000    1400.000000   152.179000    1440.000000   160.534000    5.98984E-01  6.00050E-03  7.278880  1.754130
3  1500.000000   168.145000    1560.000000   155.128000    1600.000000   139.326000    4.98902E-01  4.99790E-03  7.010770  1.753550
3  1500.000000   168.145000    1600.000000   139.326000    1640.000000   117.482000    5.06795E-01  5.07697E-03  9.898110  1.753560
3  1500.000000   168.145000    1640.000000   117.482000    1680.000000   108.805000    2.46625E-01  2.47560E-03  12.086800  2.635020
3  1500.000000   168.145000    1680.000000   108.805000    1720.000000   105.823000    1.14838E-01  1.16164E-03  11.582200  4.536830
3  1500.000000   168.145000    1720.000000   105.823000    1760.000000   106.406000    1.05860E-01  1.07083E-03  9.188340  4.536870
3  1500.000000   168.145000    1760.000000   106.406000    1800.000000   92.674000     5.57096E-02  5.87419E-04  13.080300  8.038340
3  1500.000000   168.145000    1800.000000   92.674000     1840.000000   86.557000     4.42835E-02  4.96910E-04  10.085300  15.460800
3  1500.000000   168.145000    2240.000000   41.064000     2280.000000   42.996000     2.50633E-03  9.99414E-05  13.439400  81.680500
3  1500.000000   168.145000    800.000000    112.086000    880.000000    97.963000     1.43048E-02  3.73122E-04  26.750000  58.038600
3  1500.000000   168.145000    840.000000    110.374000    920.000000    98.528000     2.01159E-02  4.61487E-04  27.960000  50.529600
3  1500.000000   168.145000    880.000000    97.963000     960.000000    99.983000     2.56956E-02  4.47109E-04  26.214900  37.103100
3  1500.000000   168.145000    920.000000    98.528000     1000.000000   109.284000    3.15554E-02  4.21419E-04  22.704500  30.517700
3  1500.000000   168.145000    960.000000    99.983000     1040.000000   125.393000    3.79610E-02  4.64620E-04  21.898400  24.290600
3  1500.000000   168.145000    1000.000000   109.284000    1080.000000   127.088000    3.64475E-02  4.46085E-04  22.915700  24.290300
3  1500.000000   168.145000    1040.000000   125.393000    1120.000000   112.650000    3.48724E-02  4.65703E-04  24.589000  30.517500
3  1500.000000   168.145000    1080.000000   127.088000    1160.000000   107.119000    5.73595E-02  6.04850E-04  29.020300  8.039880
3  1500.000000   168.145000    1840.000000   86.557000     1920.000000   69.798000     7.96898E-02  8.17442E-04  16.575500  6.162960
3  1500.000000   168.145000    1880.000000   78.369000     1960.000000   70.212000     5.39767E-02  5.71478E-04  17.567400  8.952920
3  1500.000000   168.145000    1920.000000   69.798000     2000.000000   66.527000     4.26369E-02  4.78433E-04  17.798800  15.460700
3  1500.000000   168.145000    1960.000000   70.212000     2040.000000   61.428000     2.37172E-02  4.12675E-04  19.028900  37.102900
3  1500.000000   168.145000    2000.000000   66.527000     2080.000000   55.293000     1.30184E-02  3.56380E-04  23.486300  61.446400
3  1500.000000   168.145000    2040.000000   61.428000     2120.000000   43.879000     9.88744E-03  2.79338E-04  20.926100  68.357400
3  1500.000000   168.145000    2080.000000   55.293000     2160.000000   41.041000     1.22309E-02  3.34869E-04  8.479060  61.446400
3  1500.000000   168.145000    2120.000000   43.879000     2200.000000   41.028000     4.15011E-03  1.40946E-04  18.037000  74.191100
3  1500.000000   168.145000    2200.000000   41.028000     2280.000000   42.996000     5.69830E-03  1.82730E-04  14.254900  73.446700
3  1500.000000   168.145000    80.000000     95.232000     240.000000    107.318000    7.76653E-03  2.56250E-04  -11.440600  73.707100
3  1500.000000   168.145000    120.000000    103.752000    280.000000    107.758000    8.19217E-03  2.45962E-04  -6.355870  70.759600
3  1500.000000   168.145000    160.000000    106.465000    320.000000    109.059000    9.35188E-03  2.78965E-04  -2.430960  70.743100
3  1500.000000   168.145000    200.000000    103.693000    360.000000    107.422000    1.00474E-02  2.84262E-04  4.708280  68.360900
3  1500.000000   168.145000    240.000000    107.318000    400.000000    112.646000    1.11353E-02  3.14596E-04  6.856780  68.357400
3  1500.000000   168.145000    280.000000    107.758000    440.000000    114.190000    1.32984E-02  3.46873E-04  10.873100  58.038500
3  1500.000000   168.145000    320.000000    109.059000    480.000000    115.862000    1.44751E-02  3.77564E-04  13.746100  58.038600
3  1500.000000   168.145000    360.000000    107.422000    520.000000    117.315000    1.38460E-02  3.61155E-04  15.218900  58.038500
3  1500.000000   168.145000    400.000000    112.646000    560.000000    107.062000    1.41041E-02  3.67887E-04  17.296600  58.038500
3  1500.000000   168.145000    440.000000    114.190000    600.000000    109.602000    1.29442E-02  3.54349E-04  19.161500  61.446400
3  1500.000000   168.145000    480.000000    115.862000    640.000000    94.241000     1.28516E-02  3.51815E-04  20.772500  61.446400
3  1500.000000   168.145000    520.000000    117.315000    680.000000    91.001000     1.64221E-02  3.71530E-04  23.084200  50.469700
3  1500.000000   168.145000    560.000000    107.062000    720.000000    99.688000     1.78106E-02  4.08598E-04  24.272900  50.529500
3  1500.000000   168.145000    600.000000    109.602000    760.000000    109.364000    2.04517E-02  4.51199E-04  26.365500  45.474500
3  1500.000000   168.145000    640.000000    94.241000     800.000000    112.086000    2.27361E-02  5.01597E-04  27.543800  45.474500
3  1500.000000   168.145000    680.000000    91.001000     840.000000    110.374000    2.28960E-02  5.05125E-04  27.626600  45.474500
3  1540.000000   164.126000    0.000000      85.461000     40.000000     89.773000     4.18249E-03  1.41187E-04  -11.025600  74.186100
3  1540.000000   164.126000    1200.000000   112.156000    1240.000000   121.717000    3.30158E-02  4.40903E-04  27.656900  30.517500
3  1540.000000   164.126000    1240.000000   121.717000    1280.000000   118.242000    3.58069E-02  4.38230E-04  29.716300  24.290100
3  1540.000000   164.126000    1280.000000   118.242000    1320.000000   121.622000    4.69495E-02  4.97083E-04  22.740700  8.953030
3  1540.000000   164.126000    1320.000000   121.622000    1360.000000   139.168000    1.72397E-01  1.73523E-03  17.095200  3.534620
3  1540.000000   164.126000    1360.000000   139.168000    1400.000000   152.179000    2.67804E-01  2.68827E-03  3.966970  2.721810
3  1540.000000   164.126000    1400.000000   152.179000    1440.000000   160.534000    3.44626E-01  6.86633E-03  14.651700  29.487100
3  1540.000000   164.126000    1440.000000   160.534000    1480.000000   164.497000    7.35302E-01  7.43802E-03  6.129450  1.975820
3  1540.000000   164.126000    1600.000000   139.326000    1640.000000   117.482000    9.19685E-01  2.24835E-02  4.750810  8.460660
3  1540.000000   164.126000    1640.000000   117.482000    1680.000000   108.805000    3.59688E-01  3.60745E-03  11.642300  2.156260
3  1540.000000   164.126000    1680.000000   108.805000    1720.000000   105.823000    1.51344E-01  1.52328E-03  10.972000  3.534090
3  1540.000000   164.126000    1720.000000   105.823000    1760.000000   106.406000    1.32609E-01  1.33759E-03  8.735980  4.013530
3  1540.000000   164.126000    1760.000000   106.406000    1800.000000   92.674000     6.53698E-02  6.77480E-04  12.549600  6.686100
3  1540.000000   164.126000    1800.000000   92.674000     1840.000000   86.557000     5.25874E-02  5.56769E-04  9.603290  8.952950
3  1540.000000   164.126000    1840.000000   86.557000     1880.000000   78.369000     6.24328E-02  6.58310E-04  15.659200  8.038340
3  1540.000000   164.126000    2240.000000   41.064000     2280.000000   42.996000     2.68709E-03  1.07149E-04  17.128700  81.680500
3  1540.000000   164.126000    0.000000      85.461000     80.000000     95.232000     6.66968E-03  2.13522E-04  -8.845100  73.582300
3  1540.000000   164.126000    40.000000     89.773000     120.000000    103.752000    4.30784E-03  1.45396E-04  -2.950320  74.186100
3  1540.000000   164.126000    840.000000    110.374000    920.000000    98.528000     1.86341E-02  4.27489E-04  28.728700  50.529600
3  1540.000000   164.126000    880.000000    97.963000     960.000000    99.983000     2.36498E-02  4.11502E-04  26.805700  37.103100
3  1540.000000   164.126000    920.000000    98.528000     1000.000000   109.284000    2.88180E-02  4.63855E-04  23.054200  36.345900
3  1540.000000   164.126000    960.000000    99.983000     1040.000000   125.393000    3.44134E-02  4.59570E-04  21.949000  30.517800
3  1540.000000   164.126000    1000.000000   109.284000    1080.000000   127.088000    3.28274E-02  4.38387E-04  22.848700  30.517600
3  1540.000000   164.126000    1040.000000   125.393000    1120.000000   112.650000    3.10240E-02  4.14304E-04  24.274800  30.517500
3  1540.000000   164.126000    1080.000000   127.088000    1160.000000   107.119000    5.01932E-02  5.31421E-04  28.464700  8.954050
3  1540.000000   164.126000    1120.000000   112.650000    1200.000000   112.156000    5.81411E-02  6.13063E-04  29.307300  8.039850
3  1540.000000   164.126000    1880.000000   78.369000     1960.000000   70.212000     6.28020E-02  6.62203E-04  17.298600  8.038330
3  1540.000000   164.126000    1920.000000   69.798000     2000.000000   66.527000     4.89699E-02  5.18469E-04  17.469800  8.952920
3  1540.000000   164.126000    1960.000000   70.212000     2040.000000   61.428000     2.69399E-02  4.33622E-04  18.809300  36.345700
3  1540.000000   164.126000    2000.000000   66.527000     2080.000000   55.293000     1.45663E-02  3.79942E-04  23.697600  58.038500
3  1540.000000   164.126000    2040.000000   61.428000     2120.000000   43.879000     1.07758E-02  3.04435E-04  22.072200  68.357400
3  1540.000000   164.126000    2080.000000   55.293000     2160.000000   41.041000     1.32103E-02  3.61643E-04  9.873720  61.446400
3  1540.000000   164.126000    2120.000000   43.879000     2200.000000   41.028000     4.62903E-03  1.48643E-04  18.544100  73.447300
3  1540.000000   164.126000    2200.000000   41.028000     2280.000000   42.996000     6.11760E-03  1.96352E-04  17.703800  73.582300
3  1540.000000   164.126000    0.000000      85.461000     160.000000    106.465000    9.94350E-03  2.80921E-04  -5.014310  68.357600
3  1540.000000   164.126000    40.000000     89.773000     200.000000    103.693000    7.70639E-03  2.46714E-04  0.944492  73.622100
3  1540.000000   164.126000    80.000000     95.232000     240.000000    107.318000    7.42314E-03  2.38481E-04  7.455910  73.598200
3  1540.000000   164.126000    120.000000    103.752000    280.000000    107.758000    7.82980E-03  2.32708E-04  11.157900  70.742800
3  1540.000000   164.126000    160.000000    106.465000    320.000000    109.059000    8.93259E-03  2.65377E-04  13.341100  70.747200
3  1540.000000   164.126000    200.000000    103.693000    360.000000    107.422000    9.57578E-03  2.70590E-04  15.811500  68.357600
3  1540.000000   164.126000    240.000000    107.318000    400.000000    112.646000    1.05922E-02  2.99254E-04  16.023700  68.358200
3  1540.000000   164.126000    280.000000    107.758000    440.000000    114.190000    1.26238E-02  3.45580E-04  18.445300  61.463000
3  1540.000000   164.126000    320.000000    109.059000    480.000000    115.862000    1.37172E-02  3.57795E-04  19.943800  58.134500
3  1540.000000   164.126000    360.000000    107.422000    520.000000    117.315000    1.31099E-02  3.58886E-04  21.040400  61.452800
3  1540.000000   164.126000    400.000000    112.646000    560.000000    107.062000    1.33329E-02  3.47771E-04  23.118500  58.038600
3  1540.000000   164.126000    440.000000    114.190000    600.000000    109.602000    1.22200E-02  3.34524E-04  24.192600  61.446400
3  1540.000000   164.126000    480.000000    115.862000    640.000000    94.241000     1.21228E-02  3.31863E-04  24.872300  61.446400
3  1540.000000   164.126000    520.000000    117.315000    680.000000    91.001000     1.54595E-02  3.49753E-04  26.372300  50.469700
3  1540.000000   164.126000    560.000000    107.062000    720.000000    99.688000     1.67575E-02  3.79117E-04  26.991500  50.469700
3  1540.000000   164.126000    600.000000    109.602000    760.000000    109.364000    1.92102E-02  4.40705E-04  28.525700  50.529600
3  1540.000000   164.126000    640.000000    94.241000     800.000000    112.086000    2.13237E-02  4.70435E-04  29.607300  45.474600
3  1540.000000   164.126000    680.000000    91.001000     840.000000    110.374000    2.14287E-02  4.72751E-04  29.338100  45.474600
3  1540.000000   164.126000    720.000000    99.688000     880.000000    97.963000     2.45642E-02  4.27412E-04  29.146900  37.103000
3  1580.000000   146.735000    1240.000000   121.717000    1280.000000   118.242000    2.84184E-02  4.57425E-04  26.239100  36.345800
3  1580.000000   146.735000    1280.000000   118.242000    1320.000000   121.622000    3.47766E-02  4.64421E-04  19.514800  30.517400
3  1580.000000   146.735000    1320.000000   121.622000    1360.000000   139.168000    1.21691E-01  1.23106E-03  16.120300  4.538430
3  1580.000000   146.735000    1360.000000   139.168000    1400.000000   152.179000    1.81462E-01  1.82652E-03  3.486790  3.541080
3  1580.000000   146.735000    1400.000000   152.179000    1440.000000   160.534000    2.08782E-01  2.09793E-03  6.580430  3.023730
3  1580.000000   146.735000    1440.000000   160.534000    1480.000000   164.497000    3.89432E-01  3.90577E-03  5.788300  2.156700
3  1580.000000   146.735000    1480.000000   164.497000    1520.000000   168.092000    6.28580E-01  1.94799E-02  -3.385530  22.308500
3  1580.000000   146.735000    1640.000000   117.482000    1680.000000   108.805000    7.29974E-01  1.45571E-02  23.481600  15.418000
3  1580.000000   146.735000    1680.000000   108.805000    1720.000000   105.823000    2.26461E-01  2.27555E-03  11.043800  3.023090
3  1580.000000   146.735000    1720.000000   105.823000    1760.000000   106.406000    1.80967E-01  1.82143E-03  9.445400  3.534210
3  1580.000000   146.735000    1760.000000   106.406000    1800.000000   92.674000     8.32221E-02  8.53676E-04  14.378200  6.162950
3  1580.000000   146.735000    1800.000000   92.674000     1840.000000   86.557000     6.46777E-02  6.70307E-04  11.382500  6.686200
3  1580.000000   146.735000    1840.000000   86.557000     1880.000000   78.369000     7.63247E-02  7.82924E-04  17.853800  6.163020
3  1580.000000   146.735000    1880.000000   78.369000     1920.000000   69.798000     3.66459E-02  4.48495E-04  20.446700  24.290000
3  1580.000000   146.735000    2240.000000   41.064000     2280.000000   42.996000     2.90591E-03  1.15875E-04  35.729400  81.680500
3  1580.000000   146.735000    880.000000    97.963000     960.000000    99.983000     2.17444E-02  4.79718E-04  16.371300  45.474600
3  1580.000000   146.735000    920.000000    98.528000     1000.000000   109.284000    2.64885E-02  4.60905E-04  14.325800  37.103200
3  1580.000000   146.735000    960.000000    99.983000     1040.000000   125.393000    3.14371E-02  4.19836E-04  14.140200  30.518000
3  1580.000000   146.735000    1000.000000   109.284000    1080.000000   127.088000    2.97917E-02  4.79533E-04  15.522700  36.345900
3  1580.000000   146.735000    1040.000000   125.393000    1120.000000   112.650000    2.76303E-02  4.44740E-04  17.493300  36.345800
3  1580.000000   146.735000    1080.000000   127.088000    1160.000000   107.119000    4.38890E-02  4.92514E-04  22.672400  15.461400
3  1580.000000   146.735000    1120.000000   112.650000    1200.000000   112.156000    5.02329E-02  5.31876E-04  24.426100  8.956400
3  1580.000000   146.735000    1160.000000   107.119000    1240.000000   121.717000    4.85998E-02  5.14570E-04  24.041500  8.953890
3  1580.000000   146.735000    1920.000000   69.798000     2000.000000   66.527000     5.79423E-02  6.10961E-04  21.281900  8.038390
3  1580.000000   146.735000    1960.000000   70.212000     2040.000000   61.428000     3.15964E-02  4.21948E-04  23.074700  30.517400
3  1580.000000   146.735000    2000.000000   66.527000     2080.000000   55.293000     1.68916E-02  3.82150E-04  28.689700  50.469700
3  1580.000000   146.735000    2040.000000   61.428000     2120.000000   43.879000     1.19975E-02  3.28433E-04  31.267300  61.446400
3  1580.000000   146.735000    2080.000000   55.293000     2160.000000   41.041000     1.44039E-02  3.75706E-04  22.566200  58.038500
3  1580.000000   146.735000    2120.000000   43.879000     2200.000000   41.028000     5.13335E-03  1.64653E-04  42.313700  73.448800
3  1580.000000   146.735000    2160.000000   41.041000     2240.000000   41.064000     1.53450E-03  6.63647E-05  147.143000  85.729400
3  1580.000000   146.735000    2200.000000   41.028000     2280.000000   42.996000     6.63436E-03  2.12392E-04  36.526400  73.582300
3  1580.000000   146.735000    80.000000     95.232000     240.000000    107.318000    7.03517E-03  2.25239E-04  -11.259700  73.582500
3  1580.000000   146.735000    120.000000    103.752000    280.000000    107.758000    7.41207E-03  2.37297E-04  -8.927800  73.582300
3  1580.000000   146.735000    160.000000    106.465000    320.000000    109.059000    8.44720E-03  2.50983E-04  -6.981150  70.742800
3  1580.000000   146.735000    200.000000    103.693000    360.000000    107.422000    9.06106E-03  2.69195E-04  -3.587190  70.742800
3  1580.000000   146.735000    240.000000    107.318000    400.000000    112.646000    1.00099E-02  2.82801E-04  -2.486200  68.357400
3  1580.000000   146.735000    280.000000    107.758000    440.000000    114.190000    1.19241E-02  3.26426E-04  -0.094706  61.446500
3  1580.000000   146.735000    320.000000    109.059000    480.000000    115.862000    1.29563E-02  3.54680E-04  1.423510  61.446400
3  1580.000000   146.735000    360.000000    107.422000    520.000000    117.315000    1.23692E-02  3.38608E-04  2.497380  61.446400
3  1580.000000   146.735000    400.000000    112.646000    560.000000    107.062000    1.25659E-02  3.43993E-04  4.319390  61.446400
3  1580.000000   146.735000    440.000000    114.190000    600.000000    109.602000    1.14972E-02  3.14737E-04  6.019750  61.446400
3  1580.000000   146.735000    480.000000    115.862000    640.000000    94.241000     1.13710E-02  3.11282E-04  7.372210  61.446400
3  1580.000000   146.735000    520.000000    117.315000    680.000000    91.001000     1.44987E-02  3.78178E-04  9.566230  58.038500
3  1580.000000   146.735000    560.000000    107.062000    720.000000    99.688000     1.56579E-02  3.54240E-04  10.562800  50.469700
3  1580.000000   146.735000    600.000000    109.602000    760.000000    109.364000    1.79243E-02  4.11205E-04  12.823800  50.529500
3  1580.000000   146.735000    640.000000    94.241000     800.000000    112.086000    1.98860E-02  4.56209E-04  14.605300  50.529600
3  1580.000000   146.735000    680.000000    91.001000     840.000000    110.374000    1.99244E-02  4.57090E-04  14.848900  50.529500
3  1580.000000   146.735000    720.000000    99.688000     880.000000    97.963000     2.28049E-02  5.03113E-04  15.596200  45.474600
3  1580.000000   146.735000    760.000000    109.364000    920.000000    98.528000     2.74492E-02  4.41822E-04  16.066700  36.345800
3  1620.000000   129.172000    1280.000000   118.242000    1320.000000   121.622000    2.54668E-02  4.43655E-04  18.336700  37.103600
3  1620.000000   129.172000    1320.000000   121.622000    1360.000000   139.168000    8.47203E-02  8.79676E-04  16.303300  6.177420
3  1620.000000   129.172000    1360.000000   139.168000    1400.000000   152.179000    1.21223E-01  1.23247E-03  5.410400  4.546870
3  1620.000000   129.172000    1400.000000   152.179000    1440.000000   160.534000    1.32008E-01  1.33250E-03  7.129510  4.018370
3  1620.000000   129.172000    1440.000000   160.534000    1480.000000   164.497000    2.21444E-01  2.22538E-03  5.982000  3.024350
3  1620.000000   129.172000    1480.000000   164.497000    1520.000000   168.092000    2.99818E-01  3.00957E-03  13.338100  2.635520
3  1620.000000   129.172000    1520.000000   168.092000    1560.000000   155.128000    6.94996E-01  6.96247E-03  6.477700  1.753710
3  1620.000000   129.172000    1680.000000   108.805000    1720.000000   105.823000    4.47376E-01  4.48172E-03  10.192400  1.753480
3  1620.000000   129.172000    1760.000000   106.406000    1800.000000   92.674000     1.18126E-01  1.19492E-03  16.404300  4.536840
3  1620.000000   129.172000    1800.000000   92.674000     1840.000000   86.557000     9.00369E-02  9.17098E-04  10.077600  5.510550
3  1620.000000   129.172000    1840.000000   86.557000     1880.000000   78.369000     1.03472E-01  1.04670E-03  16.604500  4.536880
3  1620.000000   129.172000    1880.000000   78.369000     1920.000000   69.798000     4.87526E-02  5.16178E-04  19.011000  8.952930
3  1620.000000   129.172000    1920.000000   69.798000     1960.000000   70.212000     4.92952E-02  5.21972E-04  20.027400  8.952960
3  1620.000000   129.172000    2240.000000   41.064000     2280.000000   42.996000     3.27143E-03  1.10416E-04  41.416300  74.186100
3  1620.000000   129.172000    920.000000    98.528000     1000.000000   109.284000    2.32949E-02  4.07290E-04  11.525800  37.114800
3  1620.000000   129.172000    960.000000    99.983000     1040.000000   125.393000    2.74498E-02  4.44135E-04  12.010400  36.355200
3  1620.000000   129.172000    1000.000000   109.284000    1080.000000   127.088000    2.58448E-02  4.51023E-04  13.635900  37.108100
3  1620.000000   129.172000    1040.000000   125.393000    1120.000000   112.650000    2.36776E-02  4.12653E-04  15.584800  37.105300
3  1620.000000   129.172000    1080.000000   127.088000    1160.000000   107.119000    3.70138E-02  4.54963E-04  21.005700  24.295500
3  1620.000000   129.172000    1120.000000   112.650000    1200.000000   112.156000    4.18615E-02  4.75953E-04  22.904900  15.468000
3  1620.000000   129.172000    1160.000000   107.119000    1240.000000   121.717000    3.94977E-02  4.87571E-04  23.150400  24.292400
3  1620.000000   129.172000    1200.000000   112.156000    1280.000000   118.242000    4.42064E-02  4.97534E-04  24.257300  15.463700
3  1620.000000   129.172000    1960.000000   70.212000     2040.000000   61.428000     3.98031E-02  4.87202E-04  22.100000  24.290000
3  1620.000000   129.172000    2000.000000   66.527000     2080.000000   55.293000     2.07948E-02  4.58771E-04  28.019600  45.474500
3  1620.000000   129.172000    2040.000000   61.428000     2120.000000   43.879000     1.40592E-02  3.66726E-04  33.634900  58.038500
3  1620.000000   129.172000    2080.000000   55.293000     2160.000000   41.041000     1.65197E-02  3.81258E-04  25.331500  50.491800
3  1620.000000   129.172000    2120.000000   43.879000     2200.000000   41.028000     6.16788E-03  2.07853E-04  45.346800  73.653400
3  1620.000000   129.172000    2200.000000   41.028000     2280.000000   42.996000     7.49809E-03  2.76823E-04  42.432900  73.787000
3  1620.000000   129.172000    200.000000    103.693000    360.000000    107.422000    8.43243E-03  2.51668E-04  -12.037000  70.773900
3  1620.000000   129.172000    240.000000    107.318000    400.000000    112.646000    9.30855E-03  2.67724E-04  -2.273260  68.398500
3  1620.000000   129.172000    280.000000    107.758000    440.000000    114.190000    1.10500E-02  3.11078E-04  4.020730  61.614700
3  1620.000000   129.172000    320.000000    109.059000    480.000000    115.862000    1.19666E-02  3.30601E-04  7.635690  61.456300
3  1620.000000   129.172000    360.000000    107.422000    520.000000    117.315000    1.14074E-02  3.12458E-04  7.231350  61.449500
3  1620.000000   129.172000    400.000000    112.646000    560.000000    107.062000    1.15343E-02  3.15785E-04  7.907900  61.447000
3  1620.000000   129.172000    440.000000    114.190000    600.000000    109.602000    1.05086E-02  2.96911E-04  9.006420  68.357800
3  1620.000000   129.172000    480.000000    115.862000    640.000000    94.241000     1.03634E-02  2.92830E-04  10.985500  68.358100
3  1620.000000   129.172000    520.000000    117.315000    680.000000    91.001000     1.31631E-02  3.43727E-04  12.505200  58.043900
3  1620.000000   129.172000    560.000000    107.062000    720.000000    99.688000     1.42119E-02  3.71088E-04  12.956100  58.042800
3  1620.000000   129.172000    600.000000    109.602000    760.000000    109.364000    1.62392E-02  3.67865E-04  14.515300  50.474200
3  1620.000000   129.172000    640.000000    94.241000     800.000000    112.086000    1.79764E-02  4.12824E-04  15.396000  50.533400
3  1620.000000   129.172000    680.000000    91.001000     840.000000    110.374000    1.79743E-02  4.12640E-04  14.903500  50.532400
3  1620.000000   129.172000    720.000000    99.688000     880.000000    97.963000     2.04905E-02  4.52447E-04  14.740700  45.478700
3  1620.000000   129.172000    760.000000    109.364000    920.000000    98.528000     2.45557E-02  4.28050E-04  14.394700  37.109600
3  1620.000000   129.172000    800.000000    112.086000    960.000000    99.983000     3.02822E-02  4.05630E-04  13.361700  30.525200
3  1660.000000   114.079000    1320.000000   121.622000    1360.000000   139.168000    5.72085E-02  6.03538E-04  18.341800  8.042400
3  1660.000000   114.079000    1360.000000   139.168000    1400.000000   152.179000    7.71384E-02  7.91656E-04  4.511380  6.172720
3  1660.000000   114.079000    1400.000000   152.179000    1440.000000   160.534000    7.95508E-02  8.16199E-04  7.833300  6.165770
3  1660.000000   114.079000    1440.000000   160.534000    1480.000000   164.497000    1.23045E-01  1.24493E-03  6.513140  4.539920
3  1660.000000   114.079000    1480.000000   164.497000    1520.000000   168.092000    1.39011E-01  1.40232E-03  11.066900  4.014890
3  1660.000000   114.079000    1520.000000   168.092000    1560.000000   155.128000    2.22048E-01  2.23136E-03  6.482740  3.024380
3  1660.000000   114.079000    1560.000000   155.128000    1600.000000   139.326000    4.02507E-01  4.03702E-03  6.952160  2.156950
3  1660.000000   114.079000    1760.000000   106.406000    1800.000000   92.674000     2.13790E-01  2.14823E-03  11.949400  3.023090
3  1660.000000   114.079000    1800.000000   92.674000     1840.000000   86.557000     1.50891E-01  1.51872E-03  8.592690  3.534200
3  1660.000000   114.079000    1840.000000   86.557000     1880.000000   78.369000     1.63744E-01  1.64808E-03  14.869300  3.534160
3  1660.000000   114.079000    1880.000000   78.369000     1920.000000   69.798000     7.64807E-02  7.84524E-04  17.021800  6.162940
3  1660.000000   114.079000    1920.000000   69.798000     1960.000000   70.212000     7.18789E-02  7.44939E-04  17.508400  6.686120
3  1660.000000   114.079000    1960.000000   70.212000     2000.000000   66.527000     3.60056E-02  4.40658E-04  17.713100  24.290000
3  1660.000000   114.079000    2240.000000   41.064000     2280.000000   42.996000     3.88492E-03  1.31122E-04  22.597500  74.186100
3  1660.000000   114.079000    960.000000    99.983000     1040.000000   125.393000    2.20877E-02  4.87423E-04  17.768300  45.476000
3  1660.000000   114.079000    1000.000000   109.284000    1080.000000   127.088000    2.06998E-02  4.56747E-04  18.498000  45.475400
3  1660.000000   114.079000    1040.000000   125.393000    1120.000000   112.650000    1.90400E-02  4.36835E-04  19.704200  50.529900
3  1660.000000   114.079000    1080.000000   127.088000    1160.000000   107.119000    2.95313E-02  4.75404E-04  24.259700  36.346300
3  1660.000000   114.079000    1120.000000   112.650000    1200.000000   112.156000    3.29553E-02  4.40411E-04  25.784000  30.519400
3  1660.000000   114.079000    1160.000000   107.119000    1240.000000   121.717000    3.04565E-02  4.06920E-04  24.973600  30.518400
3  1660.000000   114.079000    1200.000000   112.156000    1280.000000   118.242000    3.36958E-02  4.50004E-04  25.728700  30.517500
3  1660.000000   114.079000    1240.000000   121.717000    1320.000000   121.622000    3.59131E-02  4.39569E-04  24.021300  24.290300
3  1660.000000   114.079000    2000.000000   66.527000     2080.000000   55.293000     2.79497E-02  4.49876E-04  24.427600  36.345700
3  1660.000000   114.079000    2040.000000   61.428000     2120.000000   43.879000     1.76198E-02  3.98625E-04  25.108400  50.469700
3  1660.000000   114.079000    2080.000000   55.293000     2160.000000   41.041000     2.02171E-02  4.63807E-04  14.283500  50.529600
3  1660.000000   114.079000    2120.000000   43.879000     2200.000000   41.028000     8.33086E-03  2.47752E-04  28.782600  70.749300
3  1660.000000   114.079000    2160.000000   41.041000     2240.000000   41.064000     3.01342E-03  1.06410E-04  89.478700  74.953800
3  1660.000000   114.079000    2200.000000   41.028000     2280.000000   42.996000     8.97093E-03  2.66647E-04  23.660400  70.744300
3  1660.000000   114.079000    240.000000    107.318000    400.000000    112.646000    8.03518E-03  2.39014E-04  -8.322050  70.742800
3  1660.000000   114.079000    280.000000    107.758000    440.000000    114.190000    9.52823E-03  2.69554E-04  -2.765710  68.357500
3  1660.000000   114.079000    320.000000    109.059000    480.000000    115.862000    1.02979E-02  2.91500E-04  1.248060  68.357900
3  1660.000000   114.079000    360.000000    107.422000    520.000000    117.315000    9.82791E-03  2.78241E-04  3.075080  68.357900
3  1660.000000   114.079000    400.000000    112.646000    560.000000    107.062000    9.94884E-03  2.81091E-04  5.747920  68.357800
3  1660.000000   114.079000    440.000000    114.190000    600.000000    109.602000    9.07058E-03  2.69426E-04  7.966110  70.743100
3  1660.000000   114.079000    480.000000    115.862000    640.000000    94.241000     8.97809E-03  2.66682E-04  9.824250  70.743000
3  1660.000000   114.079000    520.000000    117.315000    680.000000    91.001000     1.13383E-02  3.10400E-04  12.878000  61.446700
3  1660.000000   114.079000    560.000000    107.062000    720.000000    99.688000     1.22938E-02  3.36564E-04  14.232200  61.446800
3  1660.000000   114.079000    600.000000    109.602000    760.000000    109.364000    1.39906E-02  3.64950E-04  16.893300  58.039000
3  1660.000000   114.079000    640.000000    94.241000     800.000000    112.086000    1.53904E-02  3.48226E-04  18.909800  50.470300
3  1660.000000   114.079000    680.000000    91.001000     840.000000    110.374000    1.54010E-02  3.48457E-04  19.121300  50.470100
3  1660.000000   114.079000    720.000000    99.688000     880.000000    97.963000     1.74107E-02  3.93940E-04  20.137300  50.470200
3  1660.000000   114.079000    760.000000    109.364000    920.000000    98.528000     2.08264E-02  4.59528E-04  20.569900  45.475200
3  1660.000000   114.079000    800.000000    112.086000    960.000000    99.983000     2.53612E-02  4.41386E-04  20.137500  37.103800
3  1660.000000   114.079000    840.000000    110.374000    1000.000000   109.284000    3.18370E-02  4.25365E-04  19.561600  30.518700
3  1700.000000   106.988000    1360.000000   139.168000    1400.000000   152.179000    5.56454E-02  5.87844E-04  8.794540  8.056950
3  1700.000000   106.988000    1400.000000   152.179000    1440.000000   160.534000    5.61124E-02  5.92210E-04  9.292990  8.047530
3  1700.000000   106.988000    1440.000000   160.534000    1480.000000   164.497000    8.32948E-02  8.55196E-04  7.822260  6.173780
3  1700.000000   106.988000    1480.000000   164.497000    1520.000000   168.092000    8.70065E-02  8.92913E-04  11.819900  6.168020
3  1700.000000   106.988000    1520.000000   168.092000    1560.000000   155.128000    1.22989E-01  1.24456E-03  7.128600  4.542610
3  1700.000000   106.988000    1560.000000   155.128000    1600.000000   139.326000    1.88837E-01  1.89796E-03  7.351520  3.028880
3  1700.000000   106.988000    1600.000000   139.326000    1640.000000   117.482000    5.59900E-01  5.60986E-03  11.239500  1.759120
3  1700.000000   106.988000    1760.000000   106.406000    1800.000000   92.674000     4.68135E-01  4.68968E-03  9.457030  1.753530
3  1700.000000   106.988000    1800.000000   92.674000     1840.000000   86.557000     2.62699E-01  2.63695E-03  6.902690  2.635220
3  1700.000000   106.988000    1840.000000   86.557000     1880.000000   78.369000     2.64872E-01  2.65876E-03  13.560600  2.635080
3  1700.000000   106.988000    1880.000000   78.369000     1920.000000   69.798000     1.14515E-01  1.15838E-03  15.649200  4.536820
3  1700.000000   106.988000    1920.000000   69.798000     1960.000000   70.212000     1.03861E-01  1.05061E-03  15.958300  4.536860
3  1700.000000   106.988000    1960.000000   70.212000     2000.000000   66.527000     5.09509E-02  5.39443E-04  16.040900  8.952960
3  1700.000000   106.988000    2000.000000   66.527000     2040.000000   61.428000     2.78252E-02  4.47874E-04  19.903000  36.345800
3  1700.000000   106.988000    2240.000000   41.064000     2280.000000   42.996000     4.49443E-03  1.44125E-04  19.058100  73.446300
3  1700.000000   106.988000    1000.000000   109.284000    1080.000000   127.088000    1.75713E-02  3.97654E-04  21.328800  50.471400
3  1700.000000   106.988000    1040.000000   125.393000    1120.000000   112.650000    1.60117E-02  3.62305E-04  22.338100  50.470700
3  1700.000000   106.988000    1080.000000   127.088000    1160.000000   107.119000    2.45636E-02  4.27532E-04  27.045100  37.105300
3  1700.000000   106.988000    1120.000000   112.650000    1200.000000   112.156000    2.72036E-02  4.38394E-04  28.450800  36.348400
3  1700.000000   106.988000    1160.000000   107.119000    1240.000000   121.717000    2.47366E-02  4.30738E-04  27.585900  37.104200
3  1700.000000   106.988000    1200.000000   112.156000    1280.000000   118.242000    2.68226E-02  4.31790E-04  28.120100  36.346800
3  1700.000000   106.988000    1240.000000   121.717000    1320.000000   121.622000    2.76098E-02  4.44482E-04  25.726700  36.346400
3  1700.000000   106.988000    1280.000000   118.242000    1360.000000   139.168000    5.63364E-02  5.94845E-04  21.055400  8.049040
3  1700.000000   106.988000    2040.000000   61.428000     2120.000000   43.879000     2.21773E-02  4.89267E-04  24.397400  45.474500
3  1700.000000   106.988000    2080.000000   55.293000     2160.000000   41.041000     2.41371E-02  4.19981E-04  13.259400  37.102900
3  1700.000000   106.988000    2120.000000   43.879000     2200.000000   41.028000     1.03814E-02  2.93309E-04  21.841900  68.357700
3  1700.000000   106.988000    2160.000000   41.041000     2240.000000   41.064000     3.95283E-03  1.33735E-04  62.528500  74.410000
3  1700.000000   106.988000    2200.000000   41.028000     2280.000000   42.996000     1.04578E-02  2.95510E-04  19.086900  68.358000
3  1700.000000   106.988000    280.000000    107.758000    440.000000    114.190000    8.45903E-03  2.51263E-04  -0.399793  70.743200
3  1700.000000   106.988000    320.000000    109.059000    480.000000    115.862000    9.13175E-03  2.71263E-04  2.244830  70.743000
3  1700.000000   106.988000    360.000000    107.422000    520.000000    117.315000    8.70780E-03  2.58660E-04  4.212330  70.743000
3  1700.000000   106.988000    400.000000    112.646000    560.000000    107.062000    8.80033E-03  2.61401E-04  6.963110  70.742900
3  1700.000000   106.988000    440.000000    114.190000    600.000000    109.602000    8.00994E-03  2.37922E-04  8.967780  70.742900
3  1700.000000   106.988000    480.000000    115.862000    640.000000    94.241000     7.91178E-03  2.35007E-04  11.177400  70.742900
3  1700.000000   106.988000    520.000000    117.315000    680.000000    91.001000     9.97155E-03  2.81715E-04  14.223000  68.357400
3  1700.000000   106.988000    560.000000    107.062000    720.000000    99.688000     1.07952E-02  3.04990E-04  15.813500  68.357600
3  1700.000000   106.988000    600.000000    109.602000    760.000000    109.364000    1.22644E-02  3.35750E-04  18.895700  61.446700
3  1700.000000   106.988000    640.000000    94.241000     800.000000    112.086000    1.34667E-02  3.51282E-04  20.937400  58.039000
3  1700.000000   106.988000    680.000000    91.001000     840.000000    110.374000    1.34517E-02  3.50886E-04  21.171300  58.038900
3  1700.000000   106.988000    720.000000    99.688000     880.000000    97.963000     1.51625E-02  3.95527E-04  22.324600  58.039100
3  1700.000000   106.988000    760.000000    109.364000    920.000000    98.528000     1.80648E-02  4.14488E-04  22.824100  50.530300
3  1700.000000   106.988000    800.000000    112.086000    960.000000    99.983000     2.19137E-02  4.83546E-04  22.535400  45.475700
3  1700.000000   106.988000    840.000000    110.374000    1000.000000   109.284000    2.73934E-02  4.41138E-04  22.191900  36.347600
3  1700.000000   106.988000    880.000000    97.963000     1040.000000   125.393000    3.26137E-02  4.35902E-04  21.752100  30.519900
3  1780.000000   102.279000    160.000000    106.465000    200.000000    103.693000    1.01780E-03  5.35836E-05  48.587600  125.282000
3  1780.000000   102.279000    1440.000000   160.534000    1480.000000   164.497000    4.03042E-02  4.93541E-04  6.845000  24.291200
3  1780.000000   102.279000    1480.000000   164.497000    1520.000000   168.092000    3.88745E-02  4.75898E-04  8.446950  24.290700
3  1780.000000   102.279000    1520.000000   168.092000    1560.000000   155.128000    4.91400E-02  5.20412E-04  8.012410  8.954630
3  1780.000000   102.279000    1560.000000   155.128000    1600.000000   139.326000    6.31160E-02  6.65634E-04  6.638740  8.039690
3  1780.000000   102.279000    1600.000000   139.326000    1640.000000   117.482000    1.42887E-01  1.44152E-03  11.301000  4.016610
3  1780.000000   102.279000    1680.000000   108.805000    1720.000000   105.823000    6.50969E-01  7.16372E-03  2.471870  3.509870
3  1780.000000   102.279000    1840.000000   86.557000     1880.000000   78.369000     8.58707E-01  1.49316E-02  18.225600  11.588300
3  1780.000000   102.279000    1880.000000   78.369000     1920.000000   69.798000     2.81522E-01  2.82589E-03  15.233800  2.635000
3  1780.000000   102.279000    1920.000000   69.798000     1960.000000   70.212000     2.34725E-01  2.35615E-03  15.549400  2.635030
3  1780.000000   102.279000    1960.000000   70.212000     2000.000000   66.527000     1.08227E-01  1.09478E-03  15.775200  4.536910
3  1780.000000   102.279000    2000.000000   66.527000     2040.000000   61.428000     5.66928E-02  5.97792E-04  19.512300  8.038610
3  1780.000000   102.279000    2040.000000   61.428000     2080.000000   55.293000     2.01949E-02  4.63295E-04  30.645800  50.529500
3  1780.000000   102.279000    2080.000000   55.293000     2120.000000   43.879000     1.79264E-02  4.11255E-04  23.452200  50.529500
3  1780.000000   102.279000    2120.000000   43.879000     2160.000000   41.041000     1.86531E-02  4.27964E-04  12.140900  50.534200
3  1780.000000   102.279000    2240.000000   41.064000     2280.000000   42.996000     6.24518E-03  1.99933E-04  24.615100  73.582300
3  1780.000000   102.279000    160.000000    106.465000    240.000000    107.318000    2.15808E-03  9.13362E-05  53.456500  84.505100
3  1780.000000   102.279000    200.000000    103.693000    280.000000    107.758000    2.28717E-03  9.94962E-05  51.936000  83.641600
3  1780.000000   102.279000    1080.000000   127.088000    1160.000000   107.119000    1.59070E-02  3.59925E-04  16.723000  50.470200
3  1780.000000   102.279000    1120.000000   112.650000    1200.000000   112.156000    1.73521E-02  3.92636E-04  19.031100  50.472300
3  1780.000000   102.279000    1160.000000   107.119000    1240.000000   121.717000    1.54010E-02  3.48475E-04  19.650300  50.471300
3  1780.000000   102.279000    1200.000000   112.156000    1280.000000   118.242000    1.63936E-02  3.70936E-04  20.714000  50.469800
3  1780.000000   102.279000    1240.000000   121.717000    1320.000000   121.622000    1.64560E-02  3.72333E-04  19.252700  50.469900
3  1780.000000   102.279000    1280.000000   118.242000    1360.000000   139.168000    3.11828E-02  4.16808E-04  17.667800  30.518700
3  1780.000000   102.279000    1320.000000   121.622000    1400.000000   152.179000    5.15155E-02  5.46559E-04  12.732800  8.963480
3  1780.000000   102.279000    1360.000000   139.168000    1440.000000   160.534000    5.70900E-02  6.02773E-04  8.491550  8.046240
3  1780.000000   102.279000    2160.000000   41.041000     2240.000000   41.064000     7.35611E-03  2.18831E-04  60.058100  70.765100
3  1780.000000   102.279000    160.000000    106.465000    320.000000    109.059000    4.62172E-03  1.57331E-04  49.192900  74.755900
3  1780.000000   102.279000    360.000000    107.422000    520.000000    117.315000    6.46485E-03  2.06966E-04  9.703770  73.582300
3  1780.000000   102.279000    400.000000    112.646000    560.000000    107.062000    6.50753E-03  2.08333E-04  6.574380  73.582300
3  1780.000000   102.279000    440.000000    114.190000    600.000000    109.602000    5.90206E-03  1.89267E-04  2.804430  73.446400
3  1780.000000   102.279000    480.000000    115.862000    640.000000    94.241000     5.82560E-03  1.86815E-04  1.255950  73.446400
3  1780.000000   102.279000    520.000000    117.315000    680.000000    91.001000     7.27913E-03  2.33036E-04  0.505530  73.582300
3  1780.000000   102.279000    560.000000    107.062000    720.000000    99.688000     7.89049E-03  2.34377E-04  1.231590  70.742900
3  1780.000000   102.279000    600.000000    109.602000    760.000000    109.364000    8.90816E-03  2.64605E-04  3.674820  70.743100
3  1780.000000   102.279000    640.000000    94.241000     800.000000    112.086000    9.70530E-03  2.74199E-04  4.717670  68.357800
3  1780.000000   102.279000    680.000000    91.001000     840.000000    110.374000    9.67517E-03  2.73345E-04  5.277890  68.357700
3  1780.000000   102.279000    720.000000    99.688000     880.000000    97.963000     1.07862E-02  3.04734E-04  6.253910  68.357600
3  1780.000000   102.279000    760.000000    109.364000    920.000000    98.528000     1.27714E-02  3.49626E-04  7.351430  61.446700
3  1780.000000   102.279000    800.000000    112.086000    960.000000    99.983000     1.52522E-02  3.97843E-04  7.887750  58.039000
3  1780.000000   102.279000    840.000000    110.374000    1000.000000   109.284000    1.87342E-02  4.29800E-04  8.520850  50.530100
3  1780.000000   102.279000    880.000000    97.963000     1040.000000   125.393000    2.19621E-02  4.84541E-04  9.006010  45.475200
3  1780.000000   102.279000    920.000000    98.528000     1080.000000   127.088000    2.24176E-02  4.94591E-04  9.226240  45.475200
3  1780.000000   102.279000    960.000000    99.983000     1120.000000   112.650000    2.29788E-02  5.06974E-04  10.129300  45.475500
3  1780.000000   102.279000    40.000000     89.773000     360.000000    107.422000    9.04739E-03  4.51962E-04  28.457700  71.274500
3  1780.000000   102.279000    80.000000     95.232000     400.000000    112.646000    9.29549E-03  4.17931E-04  30.804800  71.462600
3  1780.000000   102.279000    120.000000    103.752000    440.000000    114.190000    1.04107E-02  2.98438E-04  29.184700  68.649100
3  1780.000000   102.279000    160.000000    106.465000    480.000000    115.862000    1.14097E-02  3.17046E-04  26.849400  61.446400
3  1860.000000   83.352000     0.000000      85.461000     40.000000     89.773000     1.73582E-03  6.92639E-05  20.707800  81.681000
3  1860.000000   83.352000     1520.000000   168.092000    1560.000000   155.128000    2.29004E-02  5.06193E-04  11.284000  45.476900
3  1860.000000   83.352000     1560.000000   155.128000    1600.000000   139.326000    2.84544E-02  4.59248E-04  10.843400  36.348500
3  1860.000000   83.352000     1600.000000   139.326000    1640.000000   117.482000    6.12045E-02  6.49735E-04  14.264500  8.051230
3  1860.000000   83.352000     1640.000000   117.482000    1680.000000   108.805000    1.42855E-01  1.44651E-03  15.744900  4.041080
3  1860.000000   83.352000     1680.000000   108.805000    1720.000000   105.823000    1.76953E-01  1.78261E-03  13.619000  3.542570
3  1860.000000   83.352000     1720.000000   105.823000    1760.000000   106.406000    3.44462E-01  3.45561E-03  13.238800  2.161380
3  1860.000000   83.352000     1760.000000   106.406000    1800.000000   92.674000     3.29403E-01  3.30385E-03  13.237400  2.157330
3  1860.000000   83.352000     1960.000000   70.212000     2000.000000   66.527000     2.66308E-01  2.67317E-03  12.132200  2.635060
3  1860.000000   83.352000     2000.000000   66.527000     2040.000000   61.428000     1.22132E-01  1.23544E-03  15.317100  4.537140
3  1860.000000   83.352000     2040.000000   61.428000     2080.000000   55.293000     3.93054E-02  4.81047E-04  27.309700  24.290000
3  1860.000000   83.352000     2080.000000   55.293000     2120.000000   43.879000     2.69885E-02  4.34418E-04  24.470700  36.345700
3  1860.000000   83.352000     2120.000000   43.879000     2160.000000   41.041000     2.72568E-02  4.51318E-04  16.525100  36.778100
3  1860.000000   83.352000     2240.000000   41.064000     2280.000000   42.996000     8.38193E-03  2.48968E-04  23.991700  70.742800
3  1860.000000   83.352000     0.000000      85.461000     80.000000     95.232000     2.75741E-03  1.09955E-04  27.389900  81.681100
3  1860.000000   83.352000     40.000000     89.773000     120.000000    103.752000    1.76552E-03  7.04534E-05  38.581900  81.680700
3  1860.000000   83.352000     1160.000000   107.119000    1240.000000   121.717000    9.33977E-03  2.64163E-04  19.561200  68.364700
3  1860.000000   83.352000     1200.000000   112.156000    1280.000000   118.242000    9.86777E-03  2.79097E-04  20.506800  68.357600
3  1860.000000   83.352000     1240.000000   121.717000    1320.000000   121.622000    9.93847E-03  2.80984E-04  19.886500  68.357900
3  1860.000000   83.352000     1280.000000   118.242000    1360.000000   139.168000    1.73604E-02  3.95032E-04  20.659400  50.472400
3  1860.000000   83.352000     1320.000000   121.622000    1400.000000   152.179000    2.65292E-02  4.75066E-04  20.177700  37.163800
3  1860.000000   83.352000     1360.000000   139.168000    1440.000000   160.534000    2.84885E-02  4.68579E-04  15.288900  36.395800
3  1860.000000   83.352000     1400.000000   152.179000    1480.000000   164.497000    3.41505E-02  4.59908E-04  10.405200  30.521100
3  1860.000000   83.352000     1440.000000   160.534000    1520.000000   168.092000    3.88730E-02  4.80117E-04  11.262700  24.294900
3  1860.000000   83.352000     2200.000000   41.028000     2280.000000   42.996000     2.03878E-02  4.49787E-04  23.545900  45.474500
3  1860.000000   83.352000     0.000000      85.461000     160.000000    106.465000    4.09515E-03  1.42918E-04  30.756000  74.418500
3  1860.000000   83.352000     40.000000     89.773000     200.000000    103.693000    3.12637E-03  1.06837E-04  12.900400  74.297300
3  1860.000000   83.352000     560.000000    107.062000    720.000000    99.688000     5.72966E-03  1.83832E-04  -9.843120  73.446800
3  1860.000000   83.352000     600.000000    109.602000    760.000000    109.364000    6.41849E-03  2.05561E-04  -5.740060  73.583200
3  1860.000000   83.352000     640.000000    94.241000     800.000000    112.086000    6.91949E-03  2.21599E-04  -3.973500  73.583400
3  1860.000000   83.352000     680.000000    91.001000     840.000000    110.374000    6.89135E-03  2.20668E-04  -2.874940  73.583000
3  1860.000000   83.352000     720.000000    99.688000     880.000000    97.963000     7.57334E-03  2.25019E-04  -1.051140  70.743600
3  1860.000000   83.352000     760.000000    109.364000    920.000000    98.528000     8.91491E-03  2.64884E-04  0.859118  70.743400
3  1860.000000   83.352000     800.000000    112.086000    960.000000    99.983000     1.04285E-02  2.94751E-04  2.206010  68.358800
3  1860.000000   83.352000     840.000000    110.374000    1000.000000   109.284000    1.24949E-02  3.42252E-04  4.288470  61.448000
3  1860.000000   83.352000     880.000000    97.963000     1040.000000   125.393000    1.43375E-02  3.74266E-04  5.776640  58.040200
3  1860.000000   83.352000     920.000000    98.528000     1080.000000   127.088000    1.43335E-02  3.74150E-04  6.519610  58.040100
3  1860.000000   83.352000     960.000000    99.983000     1120.000000   112.650000    1.46388E-02  3.82136E-04  7.884070  58.040700
3  1860.000000   83.352000     1000.000000   109.284000    1160.000000   107.119000    1.73437E-02  3.93000E-04  12.207700  50.470600
3  1860.000000   83.352000     1040.000000   125.393000    1200.000000   112.156000    1.74613E-02  3.95671E-04  14.671300  50.473600
3  1860.000000   83.352000     0.000000      85.461000     320.000000    109.059000    7.58054E-03  2.48224E-04  -9.928710  73.649200
3  1940.000000   71.729000     1600.000000   139.326000    1640.000000   117.482000    2.56531E-02  4.47616E-04  23.298300  37.124200
3  1940.000000   71.729000     1640.000000   117.482000    1680.000000   108.805000    5.26361E-02  5.77265E-04  24.113300  9.237210
3  1940.000000   71.729000     1680.000000   108.805000    1720.000000   105.823000    5.87224E-02  6.39387E-04  21.185900  8.301110
3  1940.000000   71.729000     1720.000000   105.823000    1760.000000   106.406000    1.02785E-01  1.08003E-03  20.072900  5.849060
3  1940.000000   71.729000     1760.000000   106.406000    1800.000000   92.674000     8.30578E-02  8.61260E-04  19.561900  6.268450
3  1940.000000   71.729000     1800.000000   92.674000     1840.000000   86.557000     1.49676E-01  1.52438E-03  12.788200  3.722990
3  1940.000000   71.729000     1840.000000   86.557000     1880.000000   78.369000     4.08642E-01  4.12634E-03  11.731400  2.324380
3  1940.000000   71.729000     2000.000000   66.527000     2040.000000   61.428000     3.30425E-01  3.31396E-03  10.451900  2.157570
3  1940.000000   71.729000     2040.000000   61.428000     2080.000000   55.293000     9.25763E-02  9.42964E-04  23.401200  5.510550
3  1940.000000   71.729000     2080.000000   55.293000     2120.000000   43.879000     4.58871E-02  5.14904E-04  24.489100  15.460700
3  1940.000000   71.729000     2120.000000   43.879000     2160.000000   41.041000     4.21166E-02  4.73041E-04  11.187200  15.546600
3  1940.000000   71.729000     2160.000000   41.041000     2200.000000   41.028000     3.61068E-03  1.21866E-04  128.694000  74.186100
3  1940.000000   71.729000     2200.000000   41.028000     2240.000000   41.064000     1.76177E-02  3.98578E-04  17.844500  50.469700
3  1940.000000   71.729000     2240.000000   41.064000     2280.000000   42.996000     1.16563E-02  3.19092E-04  17.864700  61.446400
3  1940.000000   71.729000     1240.000000   121.717000    1320.000000   121.622000    5.99699E-03  1.92097E-04  7.925210  73.584800
3  1940.000000   71.729000     1280.000000   118.242000    1360.000000   139.168000    9.69412E-03  2.74399E-04  17.624100  68.363500
3  1940.000000   71.729000     1320.000000   121.622000    1400.000000   152.179000    1.34448E-02  3.52515E-04  34.868400  58.346600
3  1940.000000   71.729000     1360.000000   139.168000    1440.000000   160.534000    1.39007E-02  3.63537E-04  32.616200  58.331900
3  1940.000000   71.729000     1400.000000   152.179000    1480.000000   164.497000    1.68185E-02  3.80951E-04  16.707100  50.471100
3  1940.000000   71.729000     1440.000000   160.534000    1520.000000   168.092000    1.86804E-02  4.28805E-04  17.186500  50.531900
3  1940.000000   71.729000     1480.000000   164.497000    1560.000000   155.128000    1.93379E-02  4.43708E-04  19.071000  50.532200
3  1940.000000   71.729000     1520.000000   168.092000    1600.000000   139.326000    2.27188E-02  5.01302E-04  18.731600  45.478400
3  1940.000000   71.729000     1000.000000   109.284000    1160.000000   107.119000    1.12224E-02  3.17534E-04  -9.630810  68.363500
3  1940.000000   71.729000     1040.000000   125.393000    1200.000000   112.156000    1.11838E-02  3.16183E-04  -5.182110  68.361500
3  1940.000000   71.729000     1080.000000   127.088000    1240.000000   121.717000    1.22236E-02  3.34910E-04  -0.273111  61.452800
3  1940.000000   71.729000     1120.000000   112.650000    1280.000000   118.242000    1.28234E-02  3.51473E-04  3.347390  61.455600
3  2018.000000   63.729000     1680.000000   108.805000    1720.000000   105.823000    1.88543E-02  4.43776E-04  18.874300  50.718100
3  2018.000000   63.729000     1720.000000   105.823000    1760.000000   106.406000    3.04339E-02  5.70770E-04  23.677300  37.245500
3  2018.000000   63.729000     1760.000000   106.406000    1800.000000   92.674000     2.09625E-02  4.65787E-04  19.589800  45.511200
3  2018.000000   63.729000     1800.000000   92.674000     1840.000000   86.557000     3.07764E-02  4.24536E-04  17.460500  30.598100
3  2018.000000   63.729000     1840.000000   86.557000     1880.000000   78.369000     6.64242E-02  7.38199E-04  18.608900  7.214490
3  2018.000000   63.729000     1880.000000   78.369000     1920.000000   69.798000     8.72685E-02  9.17061E-04  17.670800  5.837510
3  2018.000000   63.729000     2080.000000   55.293000     2120.000000   43.879000     8.02234E-02  8.22916E-04  27.680400  6.162930
3  2018.000000   63.729000     2120.000000   43.879000     2160.000000   41.041000     6.20188E-02  6.54149E-04  18.216500  8.080950
3  2018.000000   63.729000     2160.000000   41.041000     2200.000000   41.028000     8.61195E-03  2.55800E-04  87.423700  70.742800
3  2018.000000   63.729000     2200.000000   41.028000     2240.000000   41.064000     2.37362E-02  4.13005E-04  20.491500  37.102900
3  2018.000000   63.729000     2240.000000   41.064000     2280.000000   42.996000     1.49594E-02  3.90195E-04  22.503600  58.038500
3  2018.000000   63.729000     1320.000000   121.622000    1400.000000   152.179000    7.23406E-03  2.15421E-04  43.405000  71.900000
3  2018.000000   63.729000     1360.000000   139.168000    1440.000000   160.534000    7.04371E-03  2.25649E-04  42.465900  74.791500
3  2018.000000   63.729000     1400.000000   152.179000    1480.000000   164.497000    8.69782E-03  2.62672E-04  -3.116870  70.828700
3  2018.000000   63.729000     1440.000000   160.534000    1520.000000   168.092000    9.42964E-03  2.70279E-04  -3.983520  68.456100
3  2018.000000   63.729000     1480.000000   164.497000    1560.000000   155.128000    9.32919E-03  2.79326E-04  -2.085380  70.798400
3  2018.000000   63.729000     1520.000000   168.092000    1600.000000   139.326000    1.03475E-02  2.94302E-04  2.341430  68.404300
3  2018.000000   63.729000     1560.000000   155.128000    1640.000000   117.482000    1.63392E-02  3.75395E-04  8.104490  50.563600
3  2018.000000   63.729000     1600.000000   139.326000    1680.000000   108.805000    3.00592E-02  5.19970E-04  17.572900  36.966400
3  2100.000000   50.391000     1760.000000   106.406000    1800.000000   92.674000     1.08664E-02  3.15979E-04  16.024400  68.391900
3  2100.000000   50.391000     1800.000000   92.674000     1840.000000   86.557000     1.29303E-02  3.64702E-04  16.694200  61.511000
3  2100.000000   50.391000     1840.000000   86.557000     1880.000000   78.369000     2.33860E-02  5.55796E-04  22.860200  45.813300
3  2100.000000   50.391000     1880.000000   78.369000     1920.000000   69.798000     2.60535E-02  4.93224E-04  25.052700  37.896700
3  2100.000000   50.391000     1920.000000   69.798000     1960.000000   70.212000     3.42557E-02  5.10985E-04  25.168900  30.897000
3  2100.000000   50.391000     1960.000000   70.212000     2000.000000   66.527000     2.97053E-02  4.94575E-04  27.688600  36.480700
3  2100.000000   50.391000     2000.000000   66.527000     2040.000000   61.428000     3.74550E-02  4.77390E-04  27.767600  24.454600
3  2100.000000   50.391000     2160.000000   41.041000     2200.000000   41.028000     4.13861E-02  4.64402E-04  45.405700  15.461000
3  2100.000000   50.391000     2200.000000   41.028000     2240.000000   41.064000     3.85145E-02  4.71364E-04  21.423200  24.290100
3  2100.000000   50.391000     2240.000000   41.064000     2280.000000   42.996000     2.07675E-02  4.58164E-04  27.885200  45.474500
3  2100.000000   50.391000     1560.000000   155.128000    1640.000000   117.482000    1.15410E-02  3.41779E-04  -7.343000  61.484000
3  2100.000000   50.391000     1600.000000   139.326000    1680.000000   108.805000    1.98705E-02  5.43673E-04  3.582840  50.591600
3  2100.000000   50.391000     1640.000000   117.482000    1720.000000   105.823000    2.31576E-02  6.07009E-04  9.493880  45.517500
3  2100.000000   50.391000     1680.000000   108.805000    1760.000000   106.406000    2.70746E-02  5.80301E-04  12.330600  37.180600
3  2180.000000   41.040000     1840.000000   86.557000     1880.000000   78.369000     1.27905E-02  3.57956E-04  12.932600  61.561100
3  2180.000000   41.040000     1880.000000   78.369000     1920.000000   69.798000     1.29588E-02  3.61430E-04  13.704800  61.534800
3  2180.000000   41.040000     1920.000000   69.798000     1960.000000   70.212000     1.57403E-02  3.64616E-04  16.042000  50.554900
3  2180.000000   41.040000     1960.000000   70.212000     2000.000000   66.527000     1.17139E-02  3.22539E-04  17.100600  61.472700
3  2180.000000   41.040000     2000.000000   66.527000     2040.000000   61.428000     9.81411E-03  2.77913E-04  20.409900  68.368200
3  2180.000000   41.040000     2040.000000   61.428000     2080.000000   55.293000     1.62111E-02  3.68955E-04  33.282900  50.510900
3  2180.000000   41.040000     2080.000000   55.293000     2120.000000   43.879000     5.39695E-02  5.91187E-04  28.938100  8.438950
3  2180.000000   41.040000     1520.000000   168.092000    1600.000000   139.326000    5.71202E-03  1.83848E-04  -11.911700  73.472200
3  2180.000000   41.040000     1560.000000   155.128000    1640.000000   117.482000    8.62592E-03  2.58528E-04  -6.082550  70.795500
3  2180.000000   41.040000     1600.000000   139.326000    1680.000000   108.805000    1.37931E-02  3.71634E-04  -3.525610  58.382300
3  2180.000000   41.040000     1640.000000   117.482000    1720.000000   105.823000    1.54623E-02  4.19259E-04  -0.420569  58.402900
3  2180.000000   41.040000     1680.000000   108.805000    1760.000000   106.406000    1.77478E-02  4.15050E-04  3.301080  50.621900
3  2180.000000   41.040000     1720.000000   105.823000    1800.000000   92.674000     1.72548E-02  4.01495E-04  4.652290  50.597000
3  2180.000000   41.040000     1760.000000   106.406000    1840.000000   86.557000     1.44172E-02  3.80030E-04  7.103860  58.090300
3  2180.000000   41.040000     1240.000000   121.717000    1400.000000   152.179000    7.45609E-03  2.39584E-04  6.957080  73.613400
3  2180.000000   41.040000     1280.000000   118.242000    1440.000000   160.534000    8.29864E-03  2.47507E-04  8.732690  70.834200
3  2180.000000   41.040000     1320.000000   121.622000    1480.000000   164.497000    9.86040E-03  2.80075E-04  5.306310  68.480600
3  2180.000000   41.040000     1360.000000   139.168000    1520.000000   168.092000    9.90350E-03  2.80872E-04  3.032560  68.480900
3  2260.000000   42.469000     1920.000000   69.798000     1960.000000   70.212000     8.63963E-03  2.61384E-04  6.055760  70.802400
3  2260.000000   42.469000     1960.000000   70.212000     2000.000000   66.527000     5.88589E-03  1.89606E-04  7.703720  73.469600
3  2260.000000   42.469000     2000.000000   66.527000     2040.000000   61.428000     4.15234E-03  1.40330E-04  10.875800  74.203400
3  2260.000000   42.469000     2040.000000   61.428000     2080.000000   55.293000     3.68329E-03  1.24475E-04  33.571800  74.332700
3  2260.000000   42.469000     2080.000000   55.293000     2120.000000   43.879000     3.45617E-03  1.16710E-04  34.704700  74.412700
3  2260.000000   42.469000     2120.000000   43.879000     2160.000000   41.041000     5.57004E-02  6.57265E-04  20.937900  10.454700
3  2260.000000   42.469000     2160.000000   41.041000     2200.000000   41.028000     2.74393E-01  2.81492E-03  10.063500  3.690410
3  2260.000000   42.469000     1760.000000   106.406000    1840.000000   86.557000     9.87182E-03  2.83496E-04  -12.196400  68.399200
3  2260.000000   42.469000     1800.000000   92.674000     1880.000000   78.369000     1.31063E-02  3.69258E-04  -4.193670  61.536900
3  2260.000000   42.469000     1840.000000   86.557000     1920.000000   69.798000     1.55485E-02  4.19603E-04  1.472220  58.146500
3  2260.000000   42.469000     1240.000000   121.717000    1400.000000   152.179000    6.18743E-03  2.12859E-04  17.401600  75.115100
3  2260.000000   42.469000     1280.000000   118.242000    1440.000000   160.534000    6.87214E-03  2.41985E-04  21.052700  75.892100
3  2260.000000   42.469000     1320.000000   121.622000    1480.000000   164.497000    8.14861E-03  2.70192E-04  13.354000  72.936000
3  2260.000000   42.469000     1360.000000   139.168000    1520.000000   168.092000    8.12783E-03  2.70690E-04  9.933990  72.904700
3  2411.000000   51.327000     2120.000000   43.879000     2160.000000   41.041000     8.96154E-03  2.75573E-04  23.999600  71.800000
3  2411.000000   51.327000     2160.000000   41.041000     2200.000000   41.028000     4.40028E-02  7.06113E-04  19.054500  20.684900
3  2411.000000   51.327000     2200.000000   41.028000     2240.000000   41.064000     5.35788E-02  6.19446E-04  8.221450  10.721600
3  2411.000000   51.327000     2240.000000   41.064000     2280.000000   42.996000     4.79713E-02  5.18594E-04  7.029210  9.233970
3  2411.000000   51.327000     1880.000000   78.369000     1960.000000   70.212000     7.39339E-03  2.40537E-04  -11.991200  73.767200
3  2411.000000   51.327000     1920.000000   69.798000     2000.000000   66.527000     6.59643E-03  2.13753E-04  -10.720700  73.758500
3  2411.000000   51.327000     1960.000000   70.212000     2040.000000   61.428000     4.41349E-03  1.49464E-04  -10.801800  74.237100
3  2411.000000   51.327000     2000.000000   66.527000     2080.000000   55.293000     2.82714E-03  1.12760E-04  -4.907010  81.682200
3  2585.000000   52.947000     2240.000000   41.064000     2280.000000   42.996000     8.69828E-03  2.66250E-04  10.266300  71.046900
3  2585.000000   52.947000     2120.000000   43.879000     2200.000000   41.028000     1.35441E-02  5.42337E-04  32.444900  66.410800
3  2585.000000   52.947000     2160.000000   41.041000     2240.000000   41.064000     2.40621E-02  1.05312E-03  30.422300  54.270300
3  2747.000000   62.815000     2240.000000   41.064000     2280.000000   42.996000     5.23152E-03  1.85397E-04  20.633600  74.194200
