L22 SSIP denoised F1 0.15625 Hz
10.000000
11
0
Type of measurement (0=app. resistivity,1=resistance)
1
1816                
1
1
Phase Angle
mrad
0,0.15625
Error estimate for data present
Type of error estimate (0=same unit as data)
0
3  -20.000000    87.212000     200.000000    103.693000    240.000000    107.318000    1.51031E-02  3.95444E-04  7.598710  58.083200
3  -20.000000    87.212000     240.000000    107.318000    280.000000    107.758000    9.61305E-03  2.72103E-04  8.126620  68.379700
3  -20.000000    87.212000     280.000000    107.758000    320.000000    109.059000    9.08208E-03  2.70358E-04  8.976890  70.770300
3  -20.000000    87.212000     320.000000    109.059000    400.000000    112.646000    1.17243E-02  3.21648E-04  6.008630  61.472800
3  -20.000000    87.212000     360.000000    107.422000    440.000000    114.190000    1.19068E-02  3.26938E-04  8.243320  61.483400
3  -20.000000    87.212000     400.000000    112.646000    480.000000    115.862000    1.04682E-02  2.96670E-04  8.914500  68.394000
3  -20.000000    87.212000     440.000000    114.190000    520.000000    117.315000    6.48178E-03  2.07853E-04  8.604010  73.605500
3  -20.000000    87.212000     480.000000    115.862000    560.000000    107.062000    4.78554E-03  1.53691E-04  6.189540  73.467400
3  -20.000000    87.212000     520.000000    117.315000    600.000000    109.602000    4.66934E-03  1.50044E-04  8.367210  73.475300
3  -20.000000    87.212000     560.000000    107.062000    640.000000    94.241000     4.07611E-03  1.37910E-04  8.758450  74.223500
3  -20.000000    87.212000     600.000000    109.602000    680.000000    91.001000     4.38764E-03  1.48731E-04  9.375410  74.252700
3  -20.000000    87.212000     640.000000    94.241000     800.000000    112.086000    7.93444E-03  2.37690E-04  13.097400  70.849700
3  -20.000000    87.212000     680.000000    91.001000     840.000000    110.374000    7.14444E-03  2.30550E-04  12.907200  73.693900
3  -20.000000    87.212000     720.000000    99.688000     880.000000    97.963000     6.83420E-03  2.20703E-04  12.901700  73.704500
3  -20.000000    87.212000     760.000000    109.364000    920.000000    98.528000     7.09257E-03  2.31794E-04  9.844340  73.875100
3  -20.000000    87.212000     800.000000    112.086000    960.000000    99.983000     7.08239E-03  2.31425E-04  8.438660  73.872800
3  -20.000000    87.212000     840.000000    110.374000    1000.000000   109.284000    7.12822E-03  2.32677E-04  7.616350  73.857600
3  -20.000000    87.212000     880.000000    97.963000     1040.000000   125.393000    6.81349E-03  2.22231E-04  6.644860  73.846300
3  -20.000000    87.212000     920.000000    98.528000     1080.000000   127.088000    5.66992E-03  1.83294E-04  8.189840  73.560200
3  -20.000000    87.212000     960.000000    99.983000     1120.000000   112.650000    5.04297E-03  1.62836E-04  8.270750  73.543600
3  -20.000000    87.212000     1000.000000   109.284000    1160.000000   107.119000    5.06644E-03  1.63274E-04  11.133300  73.515900
3  -20.000000    87.212000     1040.000000   125.393000    1200.000000   112.156000    4.47979E-03  1.51950E-04  13.646900  74.262400
3  -20.000000    87.212000     1080.000000   127.088000    1240.000000   121.717000    4.40712E-03  1.49315E-04  15.718500  74.244800
3  -20.000000    87.212000     1120.000000   112.650000    1280.000000   118.242000    4.16908E-03  1.41188E-04  18.776900  74.238000
3  -20.000000    87.212000     1160.000000   107.119000    1320.000000   121.622000    3.33916E-03  1.13059E-04  22.039400  74.234800
3  -20.000000    87.212000     1200.000000   112.156000    1360.000000   139.168000    3.53156E-03  1.19456E-04  30.554100  74.219600
3  -20.000000    87.212000     1240.000000   121.717000    1400.000000   152.179000    3.52521E-03  1.19197E-04  35.839800  74.213900
3  -20.000000    87.212000     2000.000000   66.527000     2160.000000   41.041000     1.27501E-03  6.52198E-05  56.461000  123.490000
3  -20.000000    87.212000     2040.000000   61.428000     2200.000000   41.028000     7.44613E-04  3.80272E-05  54.595200  123.455000
3  -20.000000    87.212000     1280.000000   118.242000    1600.000000   139.326000    6.50650E-03  2.08482E-04  47.641500  73.594500
3  -20.000000    87.212000     1320.000000   121.622000    1640.000000   117.482000    6.99640E-03  2.24329E-04  52.401400  73.603900
3  -20.000000    87.212000     1360.000000   139.168000    1680.000000   108.805000    7.47566E-03  2.39954E-04  56.468700  73.618900
3  -20.000000    87.212000     1400.000000   152.179000    1720.000000   105.823000    7.73622E-03  2.48261E-04  59.883200  73.615700
3  -20.000000    87.212000     1440.000000   160.534000    1760.000000   106.406000    8.40262E-03  2.50303E-04  61.917600  70.778900
3  -20.000000    87.212000     1480.000000   164.497000    1800.000000   92.674000     8.39049E-03  2.49966E-04  63.904600  70.780100
3  -20.000000    87.212000     1520.000000   168.092000    1840.000000   86.557000     8.44388E-03  2.51574E-04  65.415900  70.781000
3  -20.000000    87.212000     1560.000000   155.128000    1880.000000   78.369000     8.81271E-03  2.62650E-04  67.628400  70.785100
3  -20.000000    87.212000     1600.000000   139.326000    1920.000000   69.798000     8.74424E-03  2.60440E-04  69.606000  70.777000
3  -20.000000    87.212000     1640.000000   117.482000    1960.000000   70.212000     8.21438E-03  2.44631E-04  71.649700  70.775500
3  -20.000000    87.212000     1680.000000   108.805000    2000.000000   66.527000     7.03591E-03  2.25692E-04  73.366500  73.609800
3  -20.000000    87.212000     1720.000000   105.823000    2040.000000   61.428000     6.15539E-03  1.97419E-04  74.724400  73.607800
3  -20.000000    87.212000     1760.000000   106.406000    2080.000000   55.293000     4.89655E-03  1.57158E-04  77.034900  73.458600
3  -20.000000    87.212000     1800.000000   92.674000     2120.000000   43.879000     4.41900E-03  1.49168E-04  75.711900  74.188100
3  -20.000000    87.212000     1840.000000   86.557000     2160.000000   41.041000     4.06892E-03  1.37960E-04  73.360600  74.256400
3  -20.000000    87.212000     1880.000000   78.369000     2200.000000   41.028000     2.73940E-03  1.09844E-04  74.985600  81.789200
3  -20.000000    87.212000     1920.000000   69.798000     2240.000000   41.064000     2.27318E-03  9.06469E-05  76.339200  81.681000
3  -20.000000    87.212000     1960.000000   70.212000     2280.000000   42.996000     1.69871E-03  6.78393E-05  74.645800  81.709900
3  60.000000     93.431000     200.000000    103.693000    240.000000    107.318000    3.94161E-02  4.90116E-04  10.994500  24.389300
3  60.000000     93.431000     240.000000    107.318000    280.000000    107.758000    2.13836E-02  4.73317E-04  4.457940  45.510000
3  60.000000     93.431000     280.000000    107.758000    320.000000    109.059000    2.05444E-02  4.73567E-04  10.342800  50.579400
3  60.000000     93.431000     320.000000    109.059000    360.000000    107.422000    1.23124E-02  3.37764E-04  4.616050  61.472100
3  60.000000     93.431000     360.000000    107.422000    400.000000    112.646000    1.15491E-02  3.17075E-04  10.314100  61.481800
3  60.000000     93.431000     400.000000    112.646000    480.000000    115.862000    2.02731E-02  4.67863E-04  11.880100  50.591800
3  60.000000     93.431000     440.000000    114.190000    520.000000    117.315000    1.24772E-02  3.42509E-04  11.736100  61.480200
3  60.000000     93.431000     480.000000    115.862000    560.000000    107.062000    9.10916E-03  2.71038E-04  12.312700  70.764400
3  60.000000     93.431000     520.000000    117.315000    600.000000    109.602000    8.60439E-03  2.56103E-04  14.654500  70.768500
3  60.000000     93.431000     560.000000    107.062000    640.000000    94.241000     7.40891E-03  2.37597E-04  15.524700  73.606300
3  60.000000     93.431000     600.000000    109.602000    680.000000    91.001000     7.76995E-03  2.31412E-04  18.764100  70.776500
3  60.000000     93.431000     640.000000    94.241000     720.000000    99.688000     7.74440E-03  2.48687E-04  22.164200  73.624900
3  60.000000     93.431000     680.000000    91.001000     760.000000    109.364000    6.90305E-03  2.21676E-04  24.475100  73.625400
3  60.000000     93.431000     720.000000    99.688000     880.000000    97.963000     1.14871E-02  3.15826E-04  28.238800  61.499400
3  60.000000     93.431000     760.000000    109.364000    920.000000    98.528000     1.18161E-02  3.35609E-04  31.816300  61.911000
3  60.000000     93.431000     800.000000    112.086000    960.000000    99.983000     1.17025E-02  3.31576E-04  33.399300  61.879500
3  60.000000     93.431000     840.000000    110.374000    1000.000000   109.284000    1.16399E-02  3.29239E-04  35.230100  61.857300
3  60.000000     93.431000     880.000000    97.963000     1040.000000   125.393000    1.10232E-02  3.21657E-04  36.851300  68.746300
3  60.000000     93.431000     920.000000    98.528000     1080.000000   127.088000    9.10734E-03  2.71242E-04  35.185600  70.776400
3  60.000000     93.431000     960.000000    99.983000     1120.000000   112.650000    8.10706E-03  2.41487E-04  35.404300  70.778200
3  60.000000     93.431000     1000.000000   109.284000    1160.000000   107.119000    8.17977E-03  2.43589E-04  37.258100  70.774900
3  60.000000     93.431000     1040.000000   125.393000    1200.000000   112.156000    7.26571E-03  2.33160E-04  37.713500  73.615600
3  60.000000     93.431000     1080.000000   127.088000    1240.000000   121.717000    7.19751E-03  2.30863E-04  37.835900  73.609000
3  60.000000     93.431000     1120.000000   112.650000    1280.000000   118.242000    6.84126E-03  2.19388E-04  37.987800  73.606000
3  60.000000     93.431000     1160.000000   107.119000    1320.000000   121.622000    5.53646E-03  1.77719E-04  37.626200  73.460400
3  60.000000     93.431000     1200.000000   112.156000    1360.000000   139.168000    5.90978E-03  1.89542E-04  37.994400  73.448500
3  60.000000     93.431000     1240.000000   121.717000    1400.000000   152.179000    5.91641E-03  1.89855E-04  30.619800  73.456000
3  60.000000     93.431000     1280.000000   118.242000    1440.000000   160.534000    5.85634E-03  1.87989E-04  25.471000  73.460600
3  60.000000     93.431000     1320.000000   121.622000    1480.000000   164.497000    6.13099E-03  1.96398E-04  18.062700  73.590900
3  60.000000     93.431000     2040.000000   61.428000     2200.000000   41.028000     1.20246E-03  6.35113E-05  27.464500  124.189000
3  60.000000     93.431000     1360.000000   139.168000    1680.000000   108.805000    1.27579E-02  3.49263E-04  7.627590  61.446900
3  60.000000     93.431000     1400.000000   152.179000    1720.000000   105.823000    1.32514E-02  3.62793E-04  6.626700  61.447600
3  60.000000     93.431000     1440.000000   160.534000    1760.000000   106.406000    1.44277E-02  3.76368E-04  4.240380  58.039800
3  60.000000     93.431000     1480.000000   164.497000    1800.000000   92.674000     1.44425E-02  3.76736E-04  2.946880  58.039200
3  60.000000     93.431000     1520.000000   168.092000    1840.000000   86.557000     1.45464E-02  3.79436E-04  1.540870  58.038900
3  60.000000     93.431000     1560.000000   155.128000    1880.000000   78.369000     1.51915E-02  3.96260E-04  0.626492  58.038800
3  60.000000     93.431000     1600.000000   139.326000    1920.000000   69.798000     1.50651E-02  3.92957E-04  0.119483  58.038700
3  60.000000     93.431000     1640.000000   117.482000    1960.000000   70.212000     1.41421E-02  3.68908E-04  -1.295420  58.039500
3  60.000000     93.431000     1680.000000   108.805000    2000.000000   66.527000     1.20860E-02  3.30964E-04  -2.905380  61.450400
3  60.000000     93.431000     1720.000000   105.823000    2040.000000   61.428000     1.05661E-02  2.98669E-04  -3.240620  68.363600
3  60.000000     93.431000     1760.000000   106.406000    2080.000000   55.293000     8.38565E-03  2.49205E-04  -1.977370  70.749100
3  60.000000     93.431000     1800.000000   92.674000     2120.000000   43.879000     7.45140E-03  2.38599E-04  3.275470  73.585200
3  60.000000     93.431000     1840.000000   86.557000     2160.000000   41.041000     6.75927E-03  2.16662E-04  10.161100  73.599800
3  60.000000     93.431000     1880.000000   78.369000     2200.000000   41.028000     4.60411E-03  1.48751E-04  4.785690  73.551800
3  140.000000    106.294000    280.000000    107.758000    320.000000    109.059000    3.55727E-02  4.76486E-04  8.063550  30.535100
3  140.000000    106.294000    320.000000    109.059000    360.000000    107.422000    2.02644E-02  4.65236E-04  0.575700  50.537300
3  140.000000    106.294000    360.000000    107.422000    400.000000    112.646000    1.81887E-02  4.11934E-04  6.820610  50.480500
3  140.000000    106.294000    400.000000    112.646000    440.000000    114.190000    1.80462E-02  4.08941E-04  6.840930  50.486300
3  140.000000    106.294000    440.000000    114.190000    480.000000    115.862000    1.24099E-02  3.40029E-04  6.126450  61.457400
3  140.000000    106.294000    480.000000    115.862000    560.000000    107.062000    1.29602E-02  3.54968E-04  5.940410  61.452600
3  140.000000    106.294000    520.000000    117.315000    600.000000    109.602000    1.20564E-02  3.30250E-04  6.760330  61.454000
3  140.000000    106.294000    560.000000    107.062000    640.000000    94.241000     1.01658E-02  2.87369E-04  6.914980  68.364200
3  140.000000    106.294000    600.000000    109.602000    680.000000    91.001000     1.05375E-02  2.97965E-04  8.821600  68.367700
3  140.000000    106.294000    640.000000    94.241000     720.000000    99.688000     1.03551E-02  2.92896E-04  11.408800  68.371300
3  140.000000    106.294000    680.000000    91.001000     760.000000    109.364000    9.11443E-03  2.71035E-04  13.091100  70.757100
3  140.000000    106.294000    720.000000    99.688000     800.000000    112.086000    7.79845E-03  2.31902E-04  14.695400  70.757100
3  140.000000    106.294000    760.000000    109.364000    840.000000    110.374000    7.00320E-03  2.24441E-04  14.073900  73.597200
3  140.000000    106.294000    800.000000    112.086000    960.000000    99.983000     1.52385E-02  3.99026E-04  16.880200  58.084300
3  140.000000    106.294000    840.000000    110.374000    1000.000000   109.284000    1.50905E-02  3.95421E-04  17.858400  58.092400
3  140.000000    106.294000    880.000000    97.963000     1040.000000   125.393000    1.42154E-02  3.72775E-04  18.779200  58.101400
3  140.000000    106.294000    920.000000    98.528000     1080.000000   127.088000    1.16306E-02  3.19830E-04  18.391900  61.501700
3  140.000000    106.294000    960.000000    99.983000     1120.000000   112.650000    1.02819E-02  2.91668E-04  18.443800  68.405200
3  140.000000    106.294000    1000.000000   109.284000    1160.000000   107.119000    1.02886E-02  2.92192E-04  20.765900  68.418700
3  140.000000    106.294000    1040.000000   125.393000    1200.000000   112.156000    9.07948E-03  2.70920E-04  21.568500  70.799900
3  140.000000    106.294000    1080.000000   127.088000    1240.000000   121.717000    8.94149E-03  2.66762E-04  22.147700  70.798000
3  140.000000    106.294000    1120.000000   112.650000    1280.000000   118.242000    8.45512E-03  2.52296E-04  22.573100  70.800200
3  140.000000    106.294000    1160.000000   107.119000    1320.000000   121.622000    6.79055E-03  2.17891E-04  21.800700  73.614300
3  140.000000    106.294000    1200.000000   112.156000    1360.000000   139.168000    7.18939E-03  2.30661E-04  21.988400  73.612600
3  140.000000    106.294000    1240.000000   121.717000    1400.000000   152.179000    7.15373E-03  2.29515E-04  14.903400  73.612500
3  140.000000    106.294000    1280.000000   118.242000    1440.000000   160.534000    7.04211E-03  2.25920E-04  9.205180  73.611600
3  140.000000    106.294000    1320.000000   121.622000    1480.000000   164.497000    7.33039E-03  2.35237E-04  1.204880  73.615700
3  140.000000    106.294000    1360.000000   139.168000    1520.000000   168.092000    6.55926E-03  2.10349E-04  -8.977160  73.606200
3  140.000000    106.294000    1400.000000   152.179000    1560.000000   155.128000    6.17394E-03  1.97925E-04  -11.240700  73.601500
3  220.000000    103.976000    0.000000      85.461000     40.000000     89.773000     4.98224E-02  5.27495E-04  5.663750  8.952920
3  220.000000    103.976000    40.000000     89.773000     80.000000     95.232000     3.83401E-02  4.69229E-04  6.330730  24.290000
3  220.000000    103.976000    80.000000     95.232000     120.000000    103.752000    4.80715E-02  5.08957E-04  11.444900  8.952930
3  220.000000    103.976000    360.000000    107.422000    400.000000    112.646000    3.04473E-02  4.90987E-04  5.630380  36.359000
3  220.000000    103.976000    400.000000    112.646000    440.000000    114.190000    2.79103E-02  4.50821E-04  3.302500  36.370800
3  220.000000    103.976000    440.000000    114.190000    480.000000    115.862000    1.83846E-02  4.22618E-04  2.239940  50.550600
3  220.000000    103.976000    480.000000    115.862000    520.000000    117.315000    8.47791E-03  2.51951E-04  1.887960  70.749300
3  220.000000    103.976000    520.000000    117.315000    560.000000    107.062000    9.71186E-03  2.74682E-04  0.962621  68.370400
3  220.000000    103.976000    560.000000    107.062000    640.000000    94.241000     1.34321E-02  3.67997E-04  0.489064  61.456100
3  220.000000    103.976000    600.000000    109.602000    680.000000    91.001000     1.35972E-02  3.55022E-04  1.049250  58.050300
3  220.000000    103.976000    640.000000    94.241000     720.000000    99.688000     1.30988E-02  3.58923E-04  2.530420  61.458100
3  220.000000    103.976000    680.000000    91.001000     760.000000    109.364000    1.13400E-02  3.20594E-04  3.254900  68.365400
3  220.000000    103.976000    720.000000    99.688000     800.000000    112.086000    9.54843E-03  2.83746E-04  3.289500  70.748500
3  220.000000    103.976000    760.000000    109.364000    840.000000    110.374000    8.52913E-03  2.53435E-04  2.342440  70.747500
3  220.000000    103.976000    800.000000    112.086000    880.000000    97.963000     8.79210E-03  2.61255E-04  1.850250  70.747800
3  220.000000    103.976000    840.000000    110.374000    920.000000    98.528000     1.01543E-02  2.87050E-04  2.926080  68.364500
3  220.000000    103.976000    880.000000    97.963000     1040.000000   125.393000    1.67983E-02  3.80194E-04  2.166190  50.473800
3  220.000000    103.976000    920.000000    98.528000     1080.000000   127.088000    1.36281E-02  3.55550E-04  0.964434  58.041200
3  220.000000    103.976000    960.000000    99.983000     1120.000000   112.650000    1.19707E-02  3.27749E-04  0.428399  61.448300
3  220.000000    103.976000    1000.000000   109.284000    1160.000000   107.119000    1.18943E-02  3.25661E-04  1.756760  61.448400
3  220.000000    103.976000    1040.000000   125.393000    1200.000000   112.156000    1.04430E-02  2.95077E-04  2.518990  68.359200
3  220.000000    103.976000    1080.000000   127.088000    1240.000000   121.717000    1.02383E-02  2.89316E-04  2.626830  68.360100
3  220.000000    103.976000    1120.000000   112.650000    1280.000000   118.242000    9.63953E-03  2.72420E-04  2.773690  68.361100
3  220.000000    103.976000    1160.000000   107.119000    1320.000000   121.622000    7.69821E-03  2.46531E-04  2.663320  73.586900
3  220.000000    103.976000    1200.000000   112.156000    1360.000000   139.168000    8.08764E-03  2.40468E-04  2.221220  70.755400
3  220.000000    103.976000    1240.000000   121.717000    1400.000000   152.179000    7.98120E-03  2.37441E-04  -4.769880  70.762600
3  220.000000    103.976000    1280.000000   118.242000    1440.000000   160.534000    7.79790E-03  2.32076E-04  -9.673490  70.767400
3  220.000000    103.976000    1320.000000   121.622000    1480.000000   164.497000    8.05130E-03  2.39678E-04  -16.351700  70.770500
3  220.000000    103.976000    1400.000000   152.179000    1560.000000   155.128000    6.69226E-03  2.14557E-04  -19.877200  73.602500
3  220.000000    103.976000    1440.000000   160.534000    1600.000000   139.326000    6.52098E-03  2.08912E-04  -18.415900  73.592300
3  220.000000    103.976000    1480.000000   164.497000    1640.000000   117.482000    7.17576E-03  2.30221E-04  -14.865700  73.612400
3  220.000000    103.976000    1520.000000   168.092000    1840.000000   86.557000     1.76517E-02  4.01500E-04  -5.818510  50.524500
3  220.000000    103.976000    1560.000000   155.128000    1880.000000   78.369000     1.83258E-02  4.22826E-04  -2.467390  50.589400
3  220.000000    103.976000    1600.000000   139.326000    1920.000000   69.798000     1.81039E-02  4.11904E-04  -0.435532  50.527400
3  220.000000    103.976000    1640.000000   117.482000    1960.000000   70.212000     1.68972E-02  3.84134E-04  2.979400  50.519000
3  220.000000    103.976000    1680.000000   108.805000    2000.000000   66.527000     1.43807E-02  3.75125E-04  7.131880  58.039300
3  220.000000    103.976000    1720.000000   105.823000    2040.000000   61.428000     1.25314E-02  3.43071E-04  9.301820  61.447200
3  220.000000    103.976000    1760.000000   106.406000    2080.000000   55.293000     9.91471E-03  2.80132E-04  12.124100  68.358500
3  220.000000    103.976000    1800.000000   92.674000     2120.000000   43.879000     8.83789E-03  2.62526E-04  5.740240  70.743500
3  220.000000    103.976000    1840.000000   86.557000     2160.000000   41.041000     8.04073E-03  2.38966E-04  -6.502540  70.749800
3  220.000000    103.976000    1880.000000   78.369000     2200.000000   41.028000     5.45692E-03  1.75489E-04  -12.195600  73.486300
3  300.000000    106.205000    40.000000     89.773000     80.000000     95.232000     2.52186E-02  4.38799E-04  6.352600  37.102900
3  300.000000    106.205000    80.000000     95.232000     120.000000    103.752000    2.47888E-02  4.31320E-04  9.027810  37.102900
3  300.000000    106.205000    120.000000    103.752000    160.000000    106.465000    2.49801E-02  4.34649E-04  3.406140  37.102900
3  300.000000    106.205000    160.000000    106.465000    200.000000    103.693000    4.71467E-02  5.29038E-04  5.470000  15.460800
3  300.000000    106.205000    440.000000    114.190000    480.000000    115.862000    3.59801E-02  4.43728E-04  6.430030  24.337500
3  300.000000    106.205000    480.000000    115.862000    520.000000    117.315000    1.54692E-02  4.03755E-04  6.000240  58.046100
3  300.000000    106.205000    520.000000    117.315000    560.000000    107.062000    1.63183E-02  3.69729E-04  6.155020  50.484700
3  300.000000    106.205000    560.000000    107.062000    600.000000    109.602000    1.05747E-02  2.98934E-04  7.011070  68.364500
3  300.000000    106.205000    600.000000    109.602000    640.000000    94.241000     1.03607E-02  2.92958E-04  6.681100  68.367400
3  300.000000    106.205000    640.000000    94.241000     720.000000    99.688000     1.88862E-02  4.34101E-04  11.033200  50.549400
3  300.000000    106.205000    680.000000    91.001000     760.000000    109.364000    1.59012E-02  3.60469E-04  12.404600  50.490100
3  300.000000    106.205000    720.000000    99.688000     800.000000    112.086000    1.29504E-02  3.54976E-04  13.138400  61.462100
3  300.000000    106.205000    760.000000    109.364000    840.000000    110.374000    1.14435E-02  3.23723E-04  12.438700  68.372700
3  300.000000    106.205000    800.000000    112.086000    880.000000    97.963000     1.16664E-02  3.20054E-04  12.635400  61.472600
3  300.000000    106.205000    840.000000    110.374000    920.000000    98.528000     1.33119E-02  3.65915E-04  14.961200  61.496700
3  300.000000    106.205000    880.000000    97.963000     960.000000    99.983000     1.22676E-02  3.37439E-04  16.830700  61.505100
3  300.000000    106.205000    920.000000    98.528000     1000.000000   109.284000    9.88824E-03  2.80529E-04  17.211800  68.406400
3  300.000000    106.205000    960.000000    99.983000     1120.000000   112.650000    1.48928E-02  3.90290E-04  18.785300  58.093900
3  300.000000    106.205000    1000.000000   109.284000    1160.000000   107.119000    1.46732E-02  3.86698E-04  23.108000  58.160500
3  300.000000    106.205000    1040.000000   125.393000    1200.000000   112.156000    1.27942E-02  3.53647E-04  25.054800  61.565400
3  300.000000    106.205000    1080.000000   127.088000    1240.000000   121.717000    1.24947E-02  3.45873E-04  26.554600  61.583600
3  300.000000    106.205000    1120.000000   112.650000    1280.000000   118.242000    1.17114E-02  3.24864E-04  28.023400  61.609400
3  300.000000    106.205000    1160.000000   107.119000    1320.000000   121.622000    9.31461E-03  2.78181E-04  27.342600  70.811000
3  300.000000    106.205000    1200.000000   112.156000    1360.000000   139.168000    9.74384E-03  2.80094E-04  30.618400  68.563100
3  300.000000    106.205000    1240.000000   121.717000    1400.000000   152.179000    9.56202E-03  2.86800E-04  22.783900  70.865400
3  300.000000    106.205000    1280.000000   118.242000    1440.000000   160.534000    9.29700E-03  2.78896E-04  16.684600  70.867400
3  300.000000    106.205000    1320.000000   121.622000    1480.000000   164.497000    9.54872E-03  2.87552E-04  7.722970  70.916500
3  300.000000    106.205000    1360.000000   139.168000    1520.000000   168.092000    8.44424E-03  2.52447E-04  -5.913600  70.824000
3  300.000000    106.205000    1400.000000   152.179000    1560.000000   155.128000    7.89887E-03  2.35854E-04  -7.637780  70.808500
3  300.000000    106.205000    1440.000000   160.534000    1600.000000   139.326000    7.68284E-03  2.46877E-04  -13.018100  73.634400
3  300.000000    106.205000    1480.000000   164.497000    1640.000000   117.482000    8.43744E-03  2.51768E-04  -18.511100  70.800200
3  300.000000    106.205000    2000.000000   66.527000     2160.000000   41.041000     2.68062E-03  1.07022E-04  1.399500  81.704300
3  300.000000    106.205000    2040.000000   61.428000     2200.000000   41.028000     1.61300E-03  8.31281E-05  21.451300  123.649000
3  300.000000    106.205000    2080.000000   55.293000     2240.000000   41.064000     1.65129E-03  6.59122E-05  -6.756530  81.700000
3  380.000000    113.072000    0.000000      85.461000     40.000000     89.773000     2.68412E-02  4.67778E-04  19.214400  37.115900
3  380.000000    113.072000    40.000000     89.773000     80.000000     95.232000     1.82254E-02  4.12326E-04  17.546400  50.469700
3  380.000000    113.072000    80.000000     95.232000     120.000000    103.752000    1.66310E-02  3.76255E-04  17.458600  50.469700
3  380.000000    113.072000    120.000000    103.752000    160.000000    106.465000    1.57494E-02  3.56310E-04  14.606200  50.469700
3  380.000000    113.072000    160.000000    106.465000    200.000000    103.693000    2.54969E-02  4.43644E-04  11.711200  37.102900
3  380.000000    113.072000    200.000000    103.693000    240.000000    107.318000    3.93130E-02  4.81136E-04  10.309400  24.290000
3  380.000000    113.072000    240.000000    107.318000    280.000000    107.758000    5.56579E-02  5.86874E-04  11.288500  8.038350
3  380.000000    113.072000    560.000000    107.062000    600.000000    109.602000    1.89797E-02  4.35645E-04  2.484170  50.535000
3  380.000000    113.072000    600.000000    109.602000    640.000000    94.241000     1.74009E-02  3.93946E-04  1.970870  50.476700
3  380.000000    113.072000    640.000000    94.241000     680.000000    91.001000     1.56160E-02  4.07571E-04  3.960550  58.045700
3  380.000000    113.072000    680.000000    91.001000     720.000000    99.688000     1.34851E-02  3.69387E-04  4.871960  61.454000
3  380.000000    113.072000    720.000000    99.688000     800.000000    112.086000    1.83004E-02  4.20133E-04  3.922650  50.537000
3  380.000000    113.072000    760.000000    109.364000    840.000000    110.374000    1.59182E-02  3.60420E-04  2.824180  50.477900
3  380.000000    113.072000    800.000000    112.086000    880.000000    97.963000     1.59884E-02  3.62169E-04  2.320030  50.482400
3  380.000000    113.072000    840.000000    110.374000    920.000000    98.528000     1.79424E-02  4.06937E-04  3.404070  50.495000
3  380.000000    113.072000    880.000000    97.963000     960.000000    99.983000     1.62694E-02  3.69216E-04  4.080500  50.501200
3  380.000000    113.072000    920.000000    98.528000     1000.000000   109.284000    1.28477E-02  3.52427E-04  2.647180  61.471400
3  380.000000    113.072000    960.000000    99.983000     1040.000000   125.393000    1.17105E-02  3.21358E-04  1.933860  61.476200
3  380.000000    113.072000    1000.000000   109.284000    1080.000000   127.088000    9.16092E-03  2.72585E-04  1.940960  70.764700
3  380.000000    113.072000    1040.000000   125.393000    1200.000000   112.156000    1.59726E-02  3.63220E-04  5.131940  50.522000
3  380.000000    113.072000    1080.000000   127.088000    1240.000000   121.717000    1.55079E-02  4.06043E-04  6.056860  58.083200
3  380.000000    113.072000    1120.000000   112.650000    1280.000000   118.242000    1.44527E-02  3.78544E-04  6.817460  58.087300
3  380.000000    113.072000    1160.000000   107.119000    1320.000000   121.622000    1.14195E-02  3.23809E-04  7.041380  68.400500
3  380.000000    113.072000    1200.000000   112.156000    1360.000000   139.168000    1.18714E-02  3.25821E-04  7.920850  61.478000
3  380.000000    113.072000    1240.000000   121.717000    1400.000000   152.179000    1.15794E-02  3.17724E-04  2.580400  61.474800
3  380.000000    113.072000    1280.000000   118.242000    1440.000000   160.534000    1.12050E-02  3.17245E-04  -1.153430  68.382700
3  380.000000    113.072000    1320.000000   121.622000    1480.000000   164.497000    1.14517E-02  3.14430E-04  -6.837660  61.483000
3  380.000000    113.072000    1360.000000   139.168000    1520.000000   168.092000    1.00825E-02  2.85571E-04  -13.930600  68.387100
3  380.000000    113.072000    1400.000000   152.179000    1560.000000   155.128000    9.41636E-03  2.80193E-04  -13.785900  70.765100
3  380.000000    113.072000    1440.000000   160.534000    1600.000000   139.326000    9.14453E-03  2.72020E-04  -16.029400  70.761200
3  380.000000    113.072000    1480.000000   164.497000    1640.000000   117.482000    1.00233E-02  2.83724E-04  -17.845900  68.380000
3  380.000000    113.072000    1520.000000   168.092000    1680.000000   108.805000    1.24045E-02  3.40634E-04  -19.510200  61.484500
3  460.000000    116.789000    0.000000      85.461000     40.000000     89.773000     2.01757E-02  4.62929E-04  7.084050  50.531200
3  460.000000    116.789000    120.000000    103.752000    160.000000    106.465000    9.97064E-03  2.81688E-04  9.787780  68.357400
3  460.000000    116.789000    160.000000    106.465000    200.000000    103.693000    1.49655E-02  3.90354E-04  8.472960  58.038500
3  460.000000    116.789000    200.000000    103.693000    240.000000    107.318000    2.06022E-02  4.72639E-04  9.815660  50.529500
3  460.000000    116.789000    240.000000    107.318000    280.000000    107.758000    2.48563E-02  4.32495E-04  10.215300  37.102900
3  460.000000    116.789000    280.000000    107.758000    320.000000    109.059000    3.67897E-02  4.50254E-04  9.187960  24.290000
3  460.000000    116.789000    560.000000    107.062000    600.000000    109.602000    5.06779E-02  5.37165E-04  5.747100  8.967300
3  460.000000    116.789000    600.000000    109.602000    640.000000    94.241000     3.97034E-02  4.86402E-04  7.509620  24.296200
3  460.000000    116.789000    640.000000    94.241000     680.000000    91.001000     3.18111E-02  4.25203E-04  9.502530  30.522700
3  460.000000    116.789000    680.000000    91.001000     720.000000    99.688000     2.48613E-02  4.32815E-04  11.795500  37.107300
3  460.000000    116.789000    720.000000    99.688000     760.000000    109.364000    1.67844E-02  3.79816E-04  11.869300  50.472100
3  460.000000    116.789000    760.000000    109.364000    800.000000    112.086000    1.36882E-02  3.57102E-04  10.988800  58.040600
3  460.000000    116.789000    0.000000      85.461000     80.000000     95.232000     3.33234E-02  4.45007E-04  7.659040  30.517400
3  460.000000    116.789000    40.000000     89.773000     120.000000    103.752000    2.43150E-02  4.23076E-04  9.193980  37.102900
3  460.000000    116.789000    800.000000    112.086000    880.000000    97.963000     2.50501E-02  4.36137E-04  10.227600  37.107900
3  460.000000    116.789000    840.000000    110.374000    920.000000    98.528000     2.73791E-02  4.76947E-04  11.725900  37.112400
3  460.000000    116.789000    880.000000    97.963000     960.000000    99.983000     2.41695E-02  4.21129E-04  12.655500  37.114200
3  460.000000    116.789000    920.000000    98.528000     1000.000000   109.284000    1.84506E-02  4.23585E-04  11.114500  50.537000
3  460.000000    116.789000    960.000000    99.983000     1040.000000   125.393000    1.64623E-02  3.72781E-04  10.098900  50.479000
3  460.000000    116.789000    1000.000000   109.284000    1080.000000   127.088000    1.26804E-02  3.47321E-04  10.133900  61.453200
3  460.000000    116.789000    1040.000000   125.393000    1120.000000   112.650000    9.88807E-03  2.79481E-04  11.372700  68.362700
3  460.000000    116.789000    1080.000000   127.088000    1160.000000   107.119000    1.25510E-02  3.44083E-04  14.816800  61.464100
3  460.000000    116.789000    1120.000000   112.650000    1280.000000   118.242000    1.91633E-02  4.40486E-04  16.932100  50.549800
3  460.000000    116.789000    1160.000000   107.119000    1320.000000   121.622000    1.50033E-02  3.91760E-04  19.049900  58.051100
3  460.000000    116.789000    1200.000000   112.156000    1360.000000   139.168000    1.54458E-02  4.03735E-04  21.417400  58.063300
3  460.000000    116.789000    1240.000000   121.717000    1400.000000   152.179000    1.49408E-02  3.90121E-04  19.233700  58.050900
3  460.000000    116.789000    1280.000000   118.242000    1440.000000   160.534000    1.43406E-02  3.74419E-04  18.295400  58.049900
3  460.000000    116.789000    1320.000000   121.622000    1480.000000   164.497000    1.45276E-02  3.79536E-04  15.535200  58.057200
3  460.000000    116.789000    1360.000000   139.168000    1520.000000   168.092000    1.26907E-02  3.47676E-04  12.174600  61.455800
3  460.000000    116.789000    1400.000000   152.179000    1560.000000   155.128000    1.17906E-02  3.22969E-04  15.014400  61.454000
3  460.000000    116.789000    1440.000000   160.534000    1600.000000   139.326000    1.14001E-02  3.22227E-04  15.497700  68.363000
3  460.000000    116.789000    1480.000000   164.497000    1640.000000   117.482000    1.24245E-02  3.40313E-04  17.919800  61.453200
3  460.000000    116.789000    1520.000000   168.092000    1680.000000   108.805000    1.52841E-02  3.99016E-04  20.419100  58.048900
3  460.000000    116.789000    1560.000000   155.128000    1720.000000   105.823000    1.66952E-02  3.78130E-04  21.595700  50.481000
3  460.000000    116.789000    1600.000000   139.326000    1760.000000   106.406000    1.90730E-02  4.38006E-04  22.560400  50.540200
3  460.000000    116.789000    1640.000000   117.482000    1800.000000   92.674000     1.76416E-02  3.99482E-04  23.515800  50.478900
3  460.000000    116.789000    1680.000000   108.805000    1840.000000   86.557000     1.46726E-02  3.82874E-04  23.820900  58.043400
3  460.000000    116.789000    1720.000000   105.823000    1880.000000   78.369000     1.42742E-02  3.72457E-04  25.894400  58.042700
3  460.000000    116.789000    2000.000000   66.527000     2160.000000   41.041000     3.76662E-03  1.27157E-04  20.573100  74.189500
3  460.000000    116.789000    2040.000000   61.428000     2200.000000   41.028000     2.38236E-03  9.49990E-05  22.978000  81.680700
3  460.000000    116.789000    2080.000000   55.293000     2240.000000   41.064000     2.49871E-03  9.97400E-05  28.036400  81.700500
3  460.000000    116.789000    1760.000000   106.406000    2080.000000   55.293000     1.64851E-02  3.72994E-04  31.127200  50.470800
3  460.000000    116.789000    1800.000000   92.674000     2120.000000   43.879000     1.45577E-02  3.79767E-04  30.898700  58.040000
3  460.000000    116.789000    1840.000000   86.557000     2160.000000   41.041000     1.31302E-02  3.59497E-04  29.975900  61.448300
3  460.000000    116.789000    1880.000000   78.369000     2200.000000   41.028000     9.00585E-03  2.67522E-04  32.179300  70.743800
3  460.000000    116.789000    1920.000000   69.798000     2240.000000   41.064000     7.54154E-03  2.41533E-04  33.566400  73.588000
3  460.000000    116.789000    1960.000000   70.212000     2280.000000   42.996000     5.66170E-03  1.81662E-04  33.769000  73.454500
3  540.000000    107.724000    0.000000      85.461000     40.000000     89.773000     1.74484E-02  3.94747E-04  8.900680  50.469700
3  540.000000    107.724000    200.000000    103.693000    240.000000    107.318000    1.53304E-02  3.99875E-04  17.033600  58.038600
3  540.000000    107.724000    240.000000    107.318000    280.000000    107.758000    1.74942E-02  3.95785E-04  12.591500  50.469700
3  540.000000    107.724000    280.000000    107.758000    320.000000    109.059000    2.37414E-02  5.23773E-04  12.251900  45.474500
3  540.000000    107.724000    320.000000    109.059000    360.000000    107.422000    3.03795E-02  6.52904E-04  20.142200  39.036200
3  540.000000    107.724000    360.000000    107.422000    400.000000    112.646000    4.74432E-02  5.32374E-04  10.895900  15.460900
3  540.000000    107.724000    400.000000    112.646000    440.000000    114.190000    8.79284E-02  9.02128E-04  12.469100  6.166350
3  540.000000    107.724000    640.000000    94.241000     680.000000    91.001000     5.75892E-02  6.09230E-04  10.966900  8.083660
3  540.000000    107.724000    680.000000    91.001000     720.000000    99.688000     3.66572E-02  4.49432E-04  13.583600  24.301000
3  540.000000    107.724000    720.000000    99.688000     760.000000    109.364000    2.40283E-02  4.18345E-04  13.654200  37.107900
3  540.000000    107.724000    760.000000    109.364000    800.000000    112.086000    1.89227E-02  4.34270E-04  12.762100  50.533400
3  540.000000    107.724000    800.000000    112.086000    840.000000    110.374000    1.59768E-02  3.61625E-04  12.364400  50.474500
3  540.000000    107.724000    840.000000    110.374000    880.000000    97.963000     1.70408E-02  3.85790E-04  12.808000  50.476600
3  540.000000    107.724000    2240.000000   41.064000     2280.000000   42.996000     5.09771E-04  2.60321E-05  13.338700  123.454000
3  540.000000    107.724000    0.000000      85.461000     80.000000     95.232000     2.86150E-02  4.60584E-04  9.705330  36.345700
3  540.000000    107.724000    40.000000     89.773000     120.000000    103.752000    2.04645E-02  4.69480E-04  11.660200  50.529500
3  540.000000    107.724000    80.000000     95.232000     160.000000    106.465000    1.74875E-02  3.95632E-04  12.918800  50.469700
3  540.000000    107.724000    120.000000    103.752000    200.000000    103.693000    1.97557E-02  4.53219E-04  7.960160  50.529500
3  540.000000    107.724000    880.000000    97.963000     960.000000    99.983000     3.05942E-02  4.93090E-04  15.952300  36.355100
3  540.000000    107.724000    920.000000    98.528000     1000.000000   109.284000    2.30607E-02  5.09012E-04  15.359700  45.479900
3  540.000000    107.724000    960.000000    99.983000     1040.000000   125.393000    2.02279E-02  4.64265E-04  15.017300  50.534300
3  540.000000    107.724000    1000.000000   109.284000    1080.000000   127.088000    1.53812E-02  4.01314E-04  15.542700  58.041900
3  540.000000    107.724000    1040.000000   125.393000    1120.000000   112.650000    1.18237E-02  3.23733E-04  17.166000  61.448600
3  540.000000    107.724000    1080.000000   127.088000    1160.000000   107.119000    1.48467E-02  3.87563E-04  21.891700  58.047800
3  540.000000    107.724000    1120.000000   112.650000    1200.000000   112.156000    1.37129E-02  3.57761E-04  24.298300  58.041100
3  540.000000    107.724000    1160.000000   107.119000    1240.000000   121.717000    9.52119E-03  2.82820E-04  25.162100  70.743400
3  540.000000    107.724000    2080.000000   55.293000     2160.000000   41.041000     2.46546E-03  9.83223E-05  -7.802420  81.682600
3  540.000000    107.724000    2200.000000   41.028000     2280.000000   42.996000     1.13070E-03  5.77411E-05  18.470600  123.454000
3  540.000000    107.724000    1200.000000   112.156000    1360.000000   139.168000    1.75836E-02  4.09613E-04  28.173700  50.774200
3  540.000000    107.724000    1240.000000   121.717000    1400.000000   152.179000    1.68412E-02  4.12921E-04  23.200400  51.347000
3  540.000000    107.724000    1280.000000   118.242000    1440.000000   160.534000    1.60463E-02  4.31713E-04  19.869800  52.528000
3  540.000000    107.724000    1320.000000   121.622000    1480.000000   164.497000    1.61436E-02  3.65509E-04  14.395600  50.477500
3  540.000000    107.724000    1360.000000   139.168000    1520.000000   168.092000    1.40427E-02  3.66367E-04  8.533340  58.041100
3  540.000000    107.724000    1400.000000   152.179000    1560.000000   155.128000    1.29905E-02  3.55693E-04  10.290000  61.449000
3  540.000000    107.724000    1440.000000   160.534000    1600.000000   139.326000    1.25122E-02  3.42585E-04  9.480190  61.448600
3  540.000000    107.724000    1480.000000   164.497000    1640.000000   117.482000    1.35683E-02  3.53977E-04  10.311600  58.040700
3  540.000000    107.724000    1520.000000   168.092000    1680.000000   108.805000    1.66125E-02  3.75967E-04  11.103900  50.473200
3  540.000000    107.724000    1560.000000   155.128000    1720.000000   105.823000    1.80944E-02  4.09494E-04  10.894900  50.473000
3  540.000000    107.724000    1600.000000   139.326000    1760.000000   106.406000    2.06096E-02  4.72961E-04  10.565400  50.532900
3  540.000000    107.724000    1640.000000   117.482000    1800.000000   92.674000     1.90264E-02  4.36606E-04  10.204800  50.532300
3  540.000000    107.724000    1680.000000   108.805000    1840.000000   86.557000     1.58088E-02  3.57706E-04  8.984100  50.471200
3  540.000000    107.724000    1720.000000   105.823000    1880.000000   78.369000     1.53742E-02  4.01047E-04  9.921260  58.039400
3  540.000000    107.724000    1760.000000   106.406000    1920.000000   69.798000     1.23305E-02  3.37561E-04  11.432000  61.446800
3  540.000000    107.724000    1800.000000   92.674000     1960.000000   70.212000     1.15311E-02  3.15679E-04  12.514200  61.446900
3  540.000000    107.724000    2000.000000   66.527000     2160.000000   41.041000     3.90114E-03  1.31672E-04  1.797560  74.186400
3  540.000000    107.724000    2040.000000   61.428000     2200.000000   41.028000     2.43432E-03  9.70897E-05  4.651540  81.684400
3  540.000000    107.724000    1840.000000   86.557000     2160.000000   41.041000     1.39611E-02  3.64161E-04  10.622900  58.038700
3  540.000000    107.724000    1880.000000   78.369000     2200.000000   41.028000     9.53436E-03  2.83199E-04  12.074400  70.742800
3  540.000000    107.724000    1920.000000   69.798000     2240.000000   41.064000     7.95055E-03  2.36224E-04  12.439800  70.746500
3  540.000000    107.724000    1960.000000   70.212000     2280.000000   42.996000     5.91578E-03  1.89805E-04  11.611200  73.453800
3  620.000000    104.048000    0.000000      85.461000     40.000000     89.773000     1.53070E-02  3.99262E-04  5.141870  58.038500
3  620.000000    104.048000    280.000000    107.758000    320.000000    109.059000    1.75968E-02  3.98105E-04  12.458800  50.469700
3  620.000000    104.048000    320.000000    109.059000    360.000000    107.422000    2.07161E-02  4.75252E-04  14.243400  50.529500
3  620.000000    104.048000    360.000000    107.422000    400.000000    112.646000    3.00533E-02  4.83735E-04  12.348700  36.345700
3  620.000000    104.048000    400.000000    112.646000    440.000000    114.190000    4.82570E-02  5.10921E-04  14.370700  8.952910
3  620.000000    104.048000    440.000000    114.190000    480.000000    115.862000    5.01653E-02  5.31125E-04  13.262200  8.952910
3  620.000000    104.048000    480.000000    115.862000    520.000000    117.315000    4.02737E-02  4.92894E-04  17.588000  24.290000
3  620.000000    104.048000    520.000000    117.315000    560.000000    107.062000    1.45357E-01  1.46617E-03  11.869300  4.013500
3  620.000000    104.048000    680.000000    91.001000     720.000000    99.688000     1.00979E-01  1.03244E-03  16.052500  5.581400
3  620.000000    104.048000    720.000000    99.688000     760.000000    109.364000    5.01788E-02  5.32673E-04  15.747500  8.986050
3  620.000000    104.048000    760.000000    109.364000    800.000000    112.086000    3.47163E-02  4.64348E-04  15.424900  30.526700
3  620.000000    104.048000    800.000000    112.086000    840.000000    110.374000    2.69268E-02  4.68981E-04  14.993100  37.110900
3  620.000000    104.048000    840.000000    110.374000    880.000000    97.963000     2.69068E-02  4.68940E-04  16.249900  37.116200
3  620.000000    104.048000    880.000000    97.963000     920.000000    98.528000     2.70882E-02  4.72765E-04  20.432700  37.127800
3  620.000000    104.048000    920.000000    98.528000     960.000000    99.983000     1.75791E-02  3.98826E-04  21.584700  50.498300
3  620.000000    104.048000    2240.000000   41.064000     2280.000000   42.996000     5.56789E-04  2.84345E-05  73.206900  123.455000
3  620.000000    104.048000    0.000000      85.461000     80.000000     95.232000     2.49890E-02  4.34804E-04  6.402140  37.102900
3  620.000000    104.048000    40.000000     89.773000     120.000000    103.752000    1.75892E-02  3.97933E-04  8.856620  50.469700
3  620.000000    104.048000    80.000000     95.232000     160.000000    106.465000    1.48019E-02  3.86088E-04  10.982900  58.038500
3  620.000000    104.048000    120.000000    103.752000    200.000000    103.693000    1.63623E-02  3.70177E-04  7.202000  50.469700
3  620.000000    104.048000    160.000000    106.465000    240.000000    107.318000    2.16335E-02  4.77272E-04  10.510400  45.474600
3  620.000000    104.048000    200.000000    103.693000    280.000000    107.758000    2.56606E-02  4.46489E-04  14.128400  37.102900
3  620.000000    104.048000    960.000000    99.983000     1040.000000   125.393000    2.70613E-02  4.72019E-04  19.970400  37.123000
3  620.000000    104.048000    1000.000000   109.284000    1080.000000   127.088000    2.00243E-02  4.59894E-04  20.452800  50.541100
3  620.000000    104.048000    1040.000000   125.393000    1120.000000   112.650000    1.50254E-02  3.92149E-04  22.131100  58.045500
3  620.000000    104.048000    1080.000000   127.088000    1160.000000   107.119000    1.84855E-02  4.24388E-04  26.726800  50.537100
3  620.000000    104.048000    1120.000000   112.650000    1200.000000   112.156000    1.68558E-02  3.83063E-04  28.765500  50.515600
3  620.000000    104.048000    1160.000000   107.119000    1240.000000   121.717000    1.15000E-02  3.16213E-04  29.268600  61.500700
3  620.000000    104.048000    1200.000000   112.156000    1280.000000   118.242000    1.03373E-02  2.92105E-04  30.799400  68.359800
3  620.000000    104.048000    1240.000000   121.717000    1320.000000   121.622000    9.22250E-03  2.74091E-04  34.475900  70.749900
3  620.000000    104.048000    2200.000000   41.028000     2280.000000   42.996000     1.22401E-03  6.25197E-05  65.302700  123.459000
3  620.000000    104.048000    1280.000000   118.242000    1440.000000   160.534000    1.88468E-02  4.32621E-04  28.118400  50.535600
3  620.000000    104.048000    1320.000000   121.622000    1480.000000   164.497000    1.88749E-02  4.33381E-04  23.463400  50.538400
3  620.000000    104.048000    1360.000000   139.168000    1520.000000   168.092000    1.63151E-02  3.69418E-04  17.264400  50.478200
3  620.000000    104.048000    1400.000000   152.179000    1560.000000   155.128000    1.50288E-02  3.92174E-04  18.912900  58.043600
3  620.000000    104.048000    1440.000000   160.534000    1600.000000   139.326000    1.44213E-02  3.76294E-04  18.315000  58.042700
3  620.000000    104.048000    1480.000000   164.497000    1640.000000   117.482000    1.55546E-02  4.05886E-04  19.170300  58.043300
3  620.000000    104.048000    1520.000000   168.092000    1680.000000   108.805000    1.89430E-02  4.34943E-04  19.844600  50.538300
3  620.000000    104.048000    1560.000000   155.128000    1720.000000   105.823000    2.05687E-02  4.72282E-04  19.498500  50.538600
3  620.000000    104.048000    1600.000000   139.326000    1760.000000   106.406000    2.33731E-02  5.16202E-04  18.780700  45.486000
3  620.000000    104.048000    1640.000000   117.482000    1800.000000   92.674000     2.15047E-02  4.74970E-04  18.300500  45.486700
3  620.000000    104.048000    1680.000000   108.805000    1840.000000   86.557000     1.78104E-02  4.03302E-04  16.859000  50.478900
3  620.000000    104.048000    1720.000000   105.823000    1880.000000   78.369000     1.72694E-02  3.91076E-04  17.862000  50.479500
3  620.000000    104.048000    1760.000000   106.406000    1920.000000   69.798000     1.37921E-02  3.59861E-04  19.990700  58.042200
3  620.000000    104.048000    1800.000000   92.674000     1960.000000   70.212000     1.28727E-02  3.52489E-04  21.465700  61.449800
3  620.000000    104.048000    1840.000000   86.557000     2000.000000   66.527000     1.12176E-02  3.16993E-04  23.550000  68.360200
3  620.000000    104.048000    1880.000000   78.369000     2040.000000   61.428000     7.90233E-03  2.34747E-04  25.092500  70.744100
3  620.000000    104.048000    2000.000000   66.527000     2160.000000   41.041000     4.31743E-03  1.45721E-04  27.371400  74.186200
3  620.000000    104.048000    2040.000000   61.428000     2200.000000   41.028000     2.69164E-03  1.07356E-04  32.968600  81.685100
3  620.000000    104.048000    2080.000000   55.293000     2240.000000   41.064000     2.80724E-03  1.13865E-04  37.697800  82.017400
3  620.000000    104.048000    2120.000000   43.879000     2280.000000   42.996000     2.03976E-03  8.47049E-05  56.005400  82.499200
3  620.000000    104.048000    1920.000000   69.798000     2240.000000   41.064000     8.80555E-03  2.61903E-04  30.419600  70.759600
3  620.000000    104.048000    1960.000000   70.212000     2280.000000   42.996000     6.52847E-03  2.10112E-04  36.590100  73.656400
3  700.000000    93.247000     0.000000      85.461000     40.000000     89.773000     1.31101E-02  3.58890E-04  1.244060  61.446400
3  700.000000    93.247000     360.000000    107.422000    400.000000    112.646000    2.00436E-02  4.59824E-04  16.169700  50.529500
3  700.000000    93.247000     400.000000    112.646000    440.000000    114.190000    2.98164E-02  4.79922E-04  17.749300  36.345700
3  700.000000    93.247000     440.000000    114.190000    480.000000    115.862000    2.85244E-02  4.59126E-04  16.879800  36.345700
3  700.000000    93.247000     480.000000    115.862000    520.000000    117.315000    1.97207E-02  4.52417E-04  18.425200  50.529500
3  700.000000    93.247000     520.000000    117.315000    560.000000    107.062000    4.47213E-02  5.01822E-04  17.729500  15.460700
3  700.000000    93.247000     560.000000    107.062000    600.000000    109.602000    5.93227E-02  6.25516E-04  18.721600  8.038320
3  700.000000    93.247000     600.000000    109.602000    640.000000    94.241000     1.19952E-01  1.21337E-03  13.398900  4.536810
3  700.000000    93.247000     760.000000    109.364000    800.000000    112.086000    1.40391E-01  1.41608E-03  12.109600  4.013500
3  700.000000    93.247000     840.000000    110.374000    880.000000    97.963000     6.76595E-02  7.01318E-04  13.559900  6.688530
3  700.000000    93.247000     880.000000    97.963000     920.000000    98.528000     5.79959E-02  6.11683E-04  18.542900  8.041830
3  700.000000    93.247000     920.000000    98.528000     960.000000    99.983000     3.43191E-02  4.58362E-04  17.345400  30.518100
3  700.000000    93.247000     960.000000    99.983000     1000.000000   109.284000    2.66462E-02  4.63679E-04  14.543500  37.103600
3  700.000000    93.247000     1000.000000   109.284000    1040.000000   125.393000    2.09071E-02  4.79659E-04  14.946100  50.530100
3  700.000000    93.247000     2240.000000   41.064000     2280.000000   42.996000     6.41364E-04  3.27520E-05  26.685800  123.454000
3  700.000000    93.247000     0.000000      85.461000     80.000000     95.232000     2.13189E-02  4.70329E-04  2.597860  45.474500
3  700.000000    93.247000     40.000000     89.773000     120.000000    103.752000    1.48695E-02  3.87850E-04  5.800220  58.038500
3  700.000000    93.247000     80.000000     95.232000     160.000000    106.465000    1.24490E-02  3.40793E-04  9.053910  61.446400
3  700.000000    93.247000     120.000000    103.752000    200.000000    103.693000    1.34111E-02  3.67132E-04  7.202930  61.446400
3  700.000000    93.247000     160.000000    106.465000    240.000000    107.318000    1.71072E-02  3.87030E-04  11.524800  50.469700
3  700.000000    93.247000     200.000000    103.693000    280.000000    107.758000    1.97908E-02  4.54025E-04  15.690200  50.529500
3  700.000000    93.247000     240.000000    107.318000    320.000000    109.059000    2.35840E-02  5.20301E-04  14.412200  45.474500
3  700.000000    93.247000     280.000000    107.758000    360.000000    107.422000    2.77013E-02  4.45877E-04  15.519900  36.345700
3  700.000000    93.247000     1040.000000   125.393000    1120.000000   112.650000    2.32849E-02  5.13716E-04  16.149900  45.474800
3  700.000000    93.247000     1080.000000   127.088000    1160.000000   107.119000    2.72620E-02  4.74370E-04  20.439500  37.103200
3  700.000000    93.247000     1120.000000   112.650000    1200.000000   112.156000    2.43960E-02  4.24717E-04  22.363900  37.107300
3  700.000000    93.247000     1160.000000   107.119000    1240.000000   121.717000    1.58968E-02  3.59916E-04  23.125400  50.477300
3  700.000000    93.247000     1200.000000   112.156000    1280.000000   118.242000    1.37145E-02  3.57750E-04  24.239200  58.039300
3  700.000000    93.247000     1240.000000   121.717000    1320.000000   121.622000    1.18608E-02  3.24719E-04  27.331000  61.447500
3  700.000000    93.247000     1280.000000   118.242000    1360.000000   139.168000    1.33136E-02  3.64530E-04  29.908100  61.448700
3  700.000000    93.247000     1320.000000   121.622000    1400.000000   152.179000    1.34021E-02  3.66948E-04  20.081400  61.448500
3  700.000000    93.247000     2200.000000   41.028000     2280.000000   42.996000     1.42524E-03  7.30976E-05  27.349000  123.546000
3  700.000000    93.247000     1360.000000   139.168000    1520.000000   168.092000    2.02688E-02  4.65039E-04  11.464500  50.530600
3  700.000000    93.247000     1400.000000   152.179000    1560.000000   155.128000    1.84581E-02  4.23484E-04  13.229200  50.530300
3  700.000000    93.247000     1440.000000   160.534000    1600.000000   139.326000    1.75369E-02  3.96774E-04  12.581100  50.470300
3  700.000000    93.247000     1480.000000   164.497000    1640.000000   117.482000    1.86674E-02  4.28281E-04  13.596500  50.530200
3  700.000000    93.247000     1520.000000   168.092000    1680.000000   108.805000    2.24800E-02  4.95994E-04  14.598000  45.475600
3  700.000000    93.247000     1560.000000   155.128000    1720.000000   105.823000    2.42710E-02  4.22371E-04  14.505400  37.104100
3  700.000000    93.247000     1600.000000   139.326000    1760.000000   106.406000    2.74529E-02  4.77735E-04  14.086800  37.103900
3  700.000000    93.247000     1640.000000   117.482000    1800.000000   92.674000     2.51360E-02  4.37407E-04  13.818900  37.103700
3  700.000000    93.247000     1680.000000   108.805000    1840.000000   86.557000     2.07675E-02  4.76446E-04  12.499100  50.529800
3  700.000000    93.247000     1720.000000   105.823000    1880.000000   78.369000     2.00933E-02  4.60974E-04  13.424800  50.529700
3  700.000000    93.247000     1760.000000   106.406000    1920.000000   69.798000     1.60339E-02  3.62749E-04  15.043700  50.469800
3  700.000000    93.247000     1800.000000   92.674000     1960.000000   70.212000     1.49631E-02  3.90295E-04  15.888500  58.038600
3  700.000000    93.247000     1840.000000   86.557000     2000.000000   66.527000     1.30338E-02  3.56804E-04  17.318200  61.446500
3  700.000000    93.247000     1880.000000   78.369000     2040.000000   61.428000     9.17074E-03  2.72399E-04  17.799700  70.742900
3  700.000000    93.247000     1920.000000   69.798000     2080.000000   55.293000     6.94225E-03  2.22250E-04  19.067800  73.582400
3  700.000000    93.247000     1960.000000   70.212000     2120.000000   43.879000     5.15193E-03  1.65214E-04  16.656500  73.446700
3  700.000000    93.247000     2000.000000   66.527000     2160.000000   41.041000     4.91594E-03  1.57645E-04  10.899500  73.446600
3  700.000000    93.247000     2040.000000   61.428000     2200.000000   41.028000     3.08163E-03  1.04010E-04  16.433900  74.186100
3  700.000000    93.247000     2080.000000   55.293000     2240.000000   41.064000     3.23267E-03  1.09125E-04  17.141200  74.188600
3  700.000000    93.247000     2120.000000   43.879000     2280.000000   42.996000     2.37679E-03  9.49742E-05  25.574000  81.721200
3  740.000000    105.187000    0.000000      85.461000     40.000000     89.773000     1.24294E-02  3.40360E-04  8.469590  61.450100
3  740.000000    105.187000    400.000000    112.646000    440.000000    114.190000    2.59759E-02  4.51975E-04  18.120800  37.102900
3  740.000000    105.187000    440.000000    114.190000    480.000000    115.862000    2.44292E-02  4.25063E-04  17.298600  37.102900
3  740.000000    105.187000    480.000000    115.862000    520.000000    117.315000    1.65455E-02  3.74320E-04  18.752600  50.469700
3  740.000000    105.187000    520.000000    117.315000    560.000000    107.062000    3.50605E-02  4.68205E-04  18.294500  30.517400
3  740.000000    105.187000    560.000000    107.062000    600.000000    109.602000    4.27343E-02  4.79526E-04  19.702500  15.460700
3  740.000000    105.187000    600.000000    109.602000    640.000000    94.241000     7.58472E-02  7.78025E-04  14.507300  6.162930
3  740.000000    105.187000    640.000000    94.241000     680.000000    91.001000     1.58657E-01  1.59688E-03  15.290200  3.534080
3  740.000000    105.187000    800.000000    112.086000    840.000000    110.374000    1.64385E-01  1.65457E-03  9.285550  3.534650
3  740.000000    105.187000    840.000000    110.374000    880.000000    97.963000     1.15076E-01  1.16414E-03  13.358200  4.538620
3  740.000000    105.187000    880.000000    97.963000     920.000000    98.528000     8.92497E-02  9.09213E-04  19.065200  5.513450
3  740.000000    105.187000    920.000000    98.528000     960.000000    99.983000     4.87227E-02  5.15905E-04  18.180500  8.954260
3  740.000000    105.187000    960.000000    99.983000     1000.000000   109.284000    3.57151E-02  4.76979E-04  16.469400  30.517800
3  740.000000    105.187000    1000.000000   109.284000    1040.000000   125.393000    2.68629E-02  4.67428E-04  16.701000  37.103200
3  740.000000    105.187000    1040.000000   125.393000    1080.000000   127.088000    1.50428E-02  3.92375E-04  16.464600  58.038600
3  740.000000    105.187000    2240.000000   41.064000     2280.000000   42.996000     6.64276E-04  3.41559E-05  75.627300  123.600000
3  740.000000    105.187000    0.000000      85.461000     80.000000     95.232000     2.01730E-02  4.63017E-04  9.043270  50.534500
3  740.000000    105.187000    40.000000     89.773000     120.000000    103.752000    1.40010E-02  3.65196E-04  10.861800  58.038500
3  740.000000    105.187000    80.000000     95.232000     160.000000    106.465000    1.16622E-02  3.19254E-04  12.989700  61.446400
3  740.000000    105.187000    120.000000    103.752000    200.000000    103.693000    1.24728E-02  3.41444E-04  9.404590  61.446400
3  740.000000    105.187000    160.000000    106.465000    240.000000    107.318000    1.58039E-02  3.57543E-04  13.312700  50.469700
3  740.000000    105.187000    200.000000    103.693000    280.000000    107.758000    1.81630E-02  4.10914E-04  17.161100  50.469700
3  740.000000    105.187000    240.000000    107.318000    320.000000    109.059000    2.14918E-02  4.74143E-04  15.373100  45.474500
3  740.000000    105.187000    280.000000    107.758000    360.000000    107.422000    2.49676E-02  4.34431E-04  16.036600  37.102900
3  740.000000    105.187000    320.000000    109.059000    400.000000    112.646000    3.06484E-02  4.93314E-04  16.652500  36.345700
3  740.000000    105.187000    1080.000000   127.088000    1160.000000   107.119000    3.28676E-02  4.38963E-04  23.213200  30.517900
3  740.000000    105.187000    1120.000000   112.650000    1200.000000   112.156000    2.90395E-02  4.67455E-04  25.707400  36.346300
3  740.000000    105.187000    1160.000000   107.119000    1240.000000   121.717000    1.85530E-02  4.25641E-04  27.228500  50.529800
3  740.000000    105.187000    1200.000000   112.156000    1280.000000   118.242000    1.57576E-02  3.56509E-04  28.276200  50.470100
3  740.000000    105.187000    1240.000000   121.717000    1320.000000   121.622000    1.34882E-02  3.69254E-04  31.792800  61.446800
3  740.000000    105.187000    1280.000000   118.242000    1360.000000   139.168000    1.49880E-02  3.90974E-04  34.921300  58.039500
3  740.000000    105.187000    1320.000000   121.622000    1400.000000   152.179000    1.49812E-02  3.90798E-04  25.879600  58.039600
3  740.000000    105.187000    1360.000000   139.168000    1440.000000   160.534000    1.15846E-02  3.17149E-04  16.708400  61.447200
3  740.000000    105.187000    2200.000000   41.028000     2280.000000   42.996000     1.46365E-03  7.64609E-05  83.765400  123.944000
3  740.000000    105.187000    1400.000000   152.179000    1560.000000   155.128000    2.03925E-02  4.67861E-04  19.999600  50.530300
3  740.000000    105.187000    1440.000000   160.534000    1600.000000   139.326000    1.93123E-02  4.43074E-04  19.548900  50.530100
3  740.000000    105.187000    1480.000000   164.497000    1640.000000   117.482000    2.04692E-02  4.69621E-04  20.826700  50.530200
3  740.000000    105.187000    1520.000000   168.092000    1680.000000   108.805000    2.45460E-02  4.27253E-04  22.120700  37.105900
3  740.000000    105.187000    1560.000000   155.128000    1720.000000   105.823000    2.64304E-02  4.60032E-04  22.394000  37.105500
3  740.000000    105.187000    1600.000000   139.326000    1760.000000   106.406000    2.98306E-02  4.80314E-04  22.468700  36.348200
3  740.000000    105.187000    1640.000000   117.482000    1800.000000   92.674000     2.72495E-02  4.74299E-04  22.654500  37.105700
3  740.000000    105.187000    1680.000000   108.805000    1840.000000   86.557000     2.24752E-02  4.95877E-04  22.085300  45.475400
3  740.000000    105.187000    1720.000000   105.823000    1880.000000   78.369000     2.17071E-02  4.78924E-04  23.552300  45.475200
3  740.000000    105.187000    1760.000000   106.406000    1920.000000   69.798000     1.72902E-02  3.91173E-04  26.183700  50.469800
3  740.000000    105.187000    1800.000000   92.674000     1960.000000   70.212000     1.61081E-02  3.64428E-04  28.067100  50.469700
3  740.000000    105.187000    1840.000000   86.557000     2000.000000   66.527000     1.40098E-02  3.65427E-04  30.288200  58.038500
3  740.000000    105.187000    1880.000000   78.369000     2040.000000   61.428000     9.84030E-03  2.78006E-04  31.841300  68.357400
3  740.000000    105.187000    1920.000000   69.798000     2080.000000   55.293000     7.44157E-03  2.38234E-04  32.870700  73.582300
3  740.000000    105.187000    1960.000000   70.212000     2120.000000   43.879000     5.50918E-03  1.76672E-04  28.451900  73.446800
3  740.000000    105.187000    2000.000000   66.527000     2160.000000   41.041000     5.24857E-03  1.68309E-04  22.515900  73.446400
3  740.000000    105.187000    2040.000000   61.428000     2200.000000   41.028000     3.29560E-03  1.11232E-04  37.362200  74.186200
3  740.000000    105.187000    2080.000000   55.293000     2240.000000   41.064000     3.41928E-03  1.15406E-04  49.252500  74.186100
3  740.000000    105.187000    2120.000000   43.879000     2280.000000   42.996000     2.48886E-03  9.92475E-05  78.584600  81.681000
3  780.000000    111.181000    0.000000      85.461000     40.000000     89.773000     1.18085E-02  3.23259E-04  1.022700  61.446400
3  780.000000    111.181000    440.000000    114.190000    480.000000    115.862000    2.13849E-02  4.71785E-04  17.251000  45.474500
3  780.000000    111.181000    480.000000    115.862000    520.000000    117.315000    1.40479E-02  3.66420E-04  18.939200  58.038500
3  780.000000    111.181000    520.000000    117.315000    560.000000    107.062000    2.88317E-02  4.64072E-04  18.471900  36.345700
3  780.000000    111.181000    560.000000    107.062000    600.000000    109.602000    3.37038E-02  4.50087E-04  19.934000  30.517400
3  780.000000    111.181000    640.000000    94.241000     680.000000    91.001000     1.06249E-01  1.07476E-03  16.650100  4.536810
3  780.000000    111.181000    680.000000    91.001000     720.000000    99.688000     2.20408E-01  2.21473E-03  14.578500  3.023070
3  780.000000    111.181000    840.000000    110.374000    880.000000    97.963000     2.17046E-01  2.18116E-03  12.147700  3.026540
3  780.000000    111.181000    880.000000    97.963000     920.000000    98.528000     1.46110E-01  1.47397E-03  18.756000  4.017090
3  780.000000    111.181000    920.000000    98.528000     960.000000    99.983000     7.13173E-02  7.39147E-04  18.351600  6.686590
3  780.000000    111.181000    960.000000    99.983000     1000.000000   109.284000    4.87265E-02  5.15897E-04  17.623300  8.953070
3  780.000000    111.181000    1000.000000   109.284000    1040.000000   125.393000    3.51145E-02  4.68930E-04  17.188200  30.517400
3  780.000000    111.181000    1040.000000   125.393000    1080.000000   127.088000    1.89264E-02  4.34194E-04  16.971400  50.529500
3  780.000000    111.181000    1080.000000   127.088000    1120.000000   112.650000    1.69014E-02  3.82374E-04  21.235900  50.469700
3  780.000000    111.181000    2240.000000   41.064000     2280.000000   42.996000     7.42380E-04  3.79104E-05  10.056900  123.454000
3  780.000000    111.181000    0.000000      85.461000     80.000000     95.232000     1.91520E-02  4.39370E-04  2.155350  50.529500
3  780.000000    111.181000    40.000000     89.773000     120.000000    103.752000    1.32245E-02  3.62022E-04  4.704830  61.446400
3  780.000000    111.181000    80.000000     95.232000     160.000000    106.465000    1.09473E-02  3.09280E-04  7.917030  68.357400
3  780.000000    111.181000    120.000000    103.752000    200.000000    103.693000    1.16691E-02  3.19444E-04  5.782500  61.446400
3  780.000000    111.181000    160.000000    106.465000    240.000000    107.318000    1.47009E-02  3.83455E-04  10.058200  58.038600
3  780.000000    111.181000    200.000000    103.693000    280.000000    107.758000    1.67868E-02  3.79780E-04  14.728100  50.469700
3  780.000000    111.181000    240.000000    107.318000    320.000000    109.059000    1.96992E-02  4.51923E-04  13.531800  50.529500
3  780.000000    111.181000    280.000000    107.758000    360.000000    107.422000    2.27061E-02  5.00933E-04  14.777200  45.474500
3  780.000000    111.181000    320.000000    109.059000    400.000000    112.646000    2.76093E-02  4.44397E-04  16.021400  36.345700
3  780.000000    111.181000    360.000000    107.422000    440.000000    114.190000    3.89532E-02  4.76733E-04  17.295200  24.290000
3  780.000000    111.181000    1120.000000   112.650000    1200.000000   112.156000    3.47367E-02  4.63909E-04  26.651500  30.517700
3  780.000000    111.181000    1160.000000   107.119000    1240.000000   121.717000    2.17792E-02  4.80501E-04  28.546400  45.474900
3  780.000000    111.181000    1200.000000   112.156000    1280.000000   118.242000    1.82604E-02  4.18921E-04  29.727200  50.529600
3  780.000000    111.181000    1240.000000   121.717000    1320.000000   121.622000    1.54910E-02  4.04070E-04  33.095000  58.038800
3  780.000000    111.181000    1280.000000   118.242000    1360.000000   139.168000    1.70198E-02  3.85083E-04  36.916600  50.470500
3  780.000000    111.181000    1320.000000   121.622000    1400.000000   152.179000    1.68105E-02  3.80341E-04  28.885100  50.470300
3  780.000000    111.181000    1360.000000   139.168000    1440.000000   160.534000    1.28824E-02  3.52674E-04  20.050400  61.447000
3  780.000000    111.181000    1400.000000   152.179000    1480.000000   164.497000    1.25404E-02  3.43312E-04  22.957600  61.447000
3  780.000000    111.181000    2200.000000   41.028000     2280.000000   42.996000     1.63716E-03  7.33888E-05  24.202800  84.208600
3  780.000000    111.181000    1440.000000   160.534000    1600.000000   139.326000    2.13501E-02  4.71039E-04  22.697600  45.475000
3  780.000000    111.181000    1480.000000   164.497000    1640.000000   117.482000    2.25736E-02  4.98032E-04  23.830400  45.475000
3  780.000000    111.181000    1520.000000   168.092000    1680.000000   108.805000    2.69954E-02  4.69966E-04  25.193400  37.107300
3  780.000000    111.181000    1560.000000   155.128000    1720.000000   105.823000    2.90148E-02  4.67272E-04  24.940500  36.349600
3  780.000000    111.181000    1600.000000   139.326000    1760.000000   106.406000    3.26911E-02  4.36884E-04  24.388500  30.521600
3  780.000000    111.181000    1640.000000   117.482000    1800.000000   92.674000     2.98142E-02  4.80208E-04  23.921800  36.350500
3  780.000000    111.181000    1680.000000   108.805000    1840.000000   86.557000     2.45524E-02  4.27271E-04  22.008300  37.104100
3  780.000000    111.181000    1720.000000   105.823000    1880.000000   78.369000     2.36947E-02  5.22793E-04  22.642800  45.475500
3  780.000000    111.181000    1760.000000   106.406000    1920.000000   69.798000     1.88607E-02  4.32697E-04  23.801500  50.529700
3  780.000000    111.181000    1800.000000   92.674000     1960.000000   70.212000     1.75598E-02  3.97273E-04  24.177600  50.469800
3  780.000000    111.181000    1840.000000   86.557000     2000.000000   66.527000     1.52690E-02  3.98274E-04  25.245300  58.038600
3  780.000000    111.181000    1880.000000   78.369000     2040.000000   61.428000     1.07194E-02  3.02841E-04  25.182900  68.357400
3  780.000000    111.181000    1920.000000   69.798000     2080.000000   55.293000     8.10514E-03  2.40746E-04  26.529400  70.742800
3  780.000000    111.181000    1960.000000   70.212000     2120.000000   43.879000     5.97819E-03  1.91714E-04  26.636200  73.446900
3  780.000000    111.181000    2000.000000   66.527000     2160.000000   41.041000     5.67582E-03  1.82012E-04  23.324300  73.446600
3  780.000000    111.181000    2040.000000   61.428000     2200.000000   41.028000     3.59463E-03  1.21325E-04  30.181100  74.186200
3  780.000000    111.181000    2080.000000   55.293000     2240.000000   41.064000     3.75621E-03  1.28952E-04  30.378300  74.451200
3  780.000000    111.181000    2120.000000   43.879000     2280.000000   42.996000     2.78063E-03  1.14327E-04  28.971600  82.292900
3  820.000000    111.774000    0.000000      85.461000     40.000000     89.773000     1.09966E-02  3.11113E-04  7.587520  68.374000
3  820.000000    111.774000    480.000000    115.862000    520.000000    117.315000    1.20893E-02  3.30946E-04  19.946200  61.446400
3  820.000000    111.774000    520.000000    117.315000    560.000000    107.062000    2.39959E-02  5.29388E-04  19.549000  45.474500
3  820.000000    111.774000    560.000000    107.062000    600.000000    109.602000    2.69741E-02  4.69344E-04  20.911100  37.102900
3  820.000000    111.774000    600.000000    109.602000    640.000000    94.241000     4.24231E-02  4.76034E-04  17.326700  15.460700
3  820.000000    111.774000    640.000000    94.241000     680.000000    91.001000     7.47418E-02  7.74609E-04  18.516500  6.686110
3  820.000000    111.774000    680.000000    91.001000     720.000000    99.688000     1.32431E-01  1.33579E-03  17.615100  4.013530
3  820.000000    111.774000    720.000000    99.688000     760.000000    109.364000    2.40098E-01  2.41008E-03  15.889200  2.635020
3  820.000000    111.774000    880.000000    97.963000     920.000000    98.528000     2.73735E-01  2.75106E-03  16.753600  2.680860
3  820.000000    111.774000    920.000000    98.528000     960.000000    99.983000     1.12458E-01  1.14100E-03  17.149000  4.604450
3  820.000000    111.774000    960.000000    99.983000     1000.000000   109.284000    6.95397E-02  7.23109E-04  16.680600  6.739650
3  820.000000    111.774000    1000.000000   109.284000    1040.000000   125.393000    4.72345E-02  5.31596E-04  16.211300  15.484900
3  820.000000    111.774000    1040.000000   125.393000    1080.000000   127.088000    2.44891E-02  4.26380E-04  16.129800  37.108100
3  820.000000    111.774000    1080.000000   127.088000    1120.000000   112.650000    2.10553E-02  4.64728E-04  20.895100  45.479400
3  820.000000    111.774000    1120.000000   112.650000    1160.000000   107.119000    2.80745E-02  4.52092E-04  25.388500  36.349000
3  820.000000    111.774000    2240.000000   41.064000     2280.000000   42.996000     7.63892E-04  3.90188E-05  -6.791280  123.459000
3  820.000000    111.774000    0.000000      85.461000     80.000000     95.232000     1.78180E-02  4.03294E-04  7.941600  50.474300
3  820.000000    111.774000    40.000000     89.773000     120.000000    103.752000    1.22769E-02  3.36100E-04  9.202830  61.447100
3  820.000000    111.774000    120.000000    103.752000    200.000000    103.693000    1.07868E-02  3.04773E-04  7.613210  68.358500
3  820.000000    111.774000    160.000000    106.465000    240.000000    107.318000    1.35606E-02  3.53712E-04  12.245100  58.038600
3  820.000000    111.774000    200.000000    103.693000    280.000000    107.758000    1.54272E-02  4.02397E-04  17.283200  58.038500
3  820.000000    111.774000    240.000000    107.318000    320.000000    109.059000    1.80236E-02  4.07761E-04  15.415200  50.469700
3  820.000000    111.774000    280.000000    107.758000    360.000000    107.422000    2.06277E-02  4.73224E-04  16.350400  50.529500
3  820.000000    111.774000    320.000000    109.059000    400.000000    112.646000    2.48416E-02  4.32239E-04  17.216000  37.102900
3  820.000000    111.774000    360.000000    107.422000    440.000000    114.190000    3.47014E-02  4.63413E-04  18.366600  30.517400
3  820.000000    111.774000    400.000000    112.646000    480.000000    115.862000    3.91846E-02  4.79565E-04  18.644700  24.290000
3  820.000000    111.774000    1160.000000   107.119000    1240.000000   121.717000    2.54600E-02  4.46502E-04  28.378600  37.167600
3  820.000000    111.774000    1200.000000   112.156000    1280.000000   118.242000    2.08686E-02  4.78847E-04  29.488700  50.531600
3  820.000000    111.774000    1240.000000   121.717000    1320.000000   121.622000    1.73857E-02  3.93630E-04  32.681000  50.477400
3  820.000000    111.774000    1280.000000   118.242000    1360.000000   139.168000    1.87776E-02  4.31460E-04  36.640800  50.546000
3  820.000000    111.774000    1320.000000   121.622000    1400.000000   152.179000    1.83534E-02  4.21658E-04  29.434200  50.544600
3  820.000000    111.774000    1360.000000   139.168000    1440.000000   160.534000    1.39712E-02  3.64720E-04  21.496000  58.048200
3  820.000000    111.774000    1400.000000   152.179000    1480.000000   164.497000    1.35165E-02  3.52833E-04  24.435700  58.047600
3  820.000000    111.774000    1440.000000   160.534000    1520.000000   168.092000    1.29397E-02  3.54475E-04  24.270300  61.455000
3  820.000000    111.774000    2200.000000   41.028000     2280.000000   42.996000     1.68407E-03  8.49487E-05  13.484800  87.327400
3  820.000000    111.774000    0.000000      85.461000     160.000000    106.465000    2.79583E-02  4.50014E-04  9.327270  36.345700
3  820.000000    111.774000    1480.000000   164.497000    1640.000000   117.482000    2.39956E-02  5.29835E-04  26.307000  45.483700
3  820.000000    111.774000    1520.000000   168.092000    1680.000000   108.805000    2.85561E-02  4.60761E-04  27.979900  36.363200
3  820.000000    111.774000    1560.000000   155.128000    1720.000000   105.823000    3.06100E-02  4.93880E-04  28.161100  36.362900
3  820.000000    111.774000    1600.000000   139.326000    1760.000000   106.406000    3.44219E-02  4.61205E-04  27.995600  30.536800
3  820.000000    111.774000    1640.000000   117.482000    1800.000000   92.674000     3.13368E-02  5.05547E-04  27.959600  36.362000
3  820.000000    111.774000    1680.000000   108.805000    1840.000000   86.557000     2.57861E-02  4.49248E-04  26.706200  37.113300
3  820.000000    111.774000    1720.000000   105.823000    1880.000000   78.369000     2.48672E-02  4.33085E-04  27.720600  37.110400
3  820.000000    111.774000    1760.000000   106.406000    1920.000000   69.798000     1.97862E-02  4.53992E-04  29.313700  50.531200
3  820.000000    111.774000    1800.000000   92.674000     1960.000000   70.212000     1.84169E-02  4.22541E-04  30.100400  50.530400
3  820.000000    111.774000    1840.000000   86.557000     2000.000000   66.527000     1.60085E-02  3.62186E-04  31.511000  50.470100
3  820.000000    111.774000    1880.000000   78.369000     2040.000000   61.428000     1.12366E-02  3.17453E-04  31.796800  68.357400
3  820.000000    111.774000    1920.000000   69.798000     2080.000000   55.293000     8.48976E-03  2.52172E-04  33.007000  70.742800
3  820.000000    111.774000    1960.000000   70.212000     2120.000000   43.879000     6.23078E-03  1.99526E-04  28.258700  73.586100
3  820.000000    111.774000    2000.000000   66.527000     2160.000000   41.041000     5.88689E-03  1.88793E-04  18.185100  73.447400
3  820.000000    111.774000    2040.000000   61.428000     2200.000000   41.028000     3.68330E-03  1.24371E-04  22.625200  74.192800
3  820.000000    111.774000    2080.000000   55.293000     2240.000000   41.064000     3.83970E-03  1.29735E-04  21.123200  74.202600
3  820.000000    111.774000    2120.000000   43.879000     2280.000000   42.996000     2.83197E-03  1.12953E-04  18.159400  81.685000
3  860.000000    103.921000    0.000000      85.461000     40.000000     89.773000     1.06121E-02  2.99938E-04  16.463300  68.362400
3  860.000000    103.921000    440.000000    114.190000    480.000000    115.862000    1.64251E-02  3.71597E-04  20.124300  50.469700
3  860.000000    103.921000    520.000000    117.315000    560.000000    107.062000    2.00612E-02  4.60228E-04  21.209300  50.529500
3  860.000000    103.921000    560.000000    107.062000    600.000000    109.602000    2.17831E-02  4.80570E-04  22.400800  45.474500
3  860.000000    103.921000    600.000000    109.602000    640.000000    94.241000     3.26622E-02  4.36178E-04  19.300400  30.517400
3  860.000000    103.921000    640.000000    94.241000     680.000000    91.001000     5.51132E-02  5.83511E-04  20.765800  8.952910
3  860.000000    103.921000    680.000000    91.001000     720.000000    99.688000     8.79870E-02  9.02553E-04  20.134900  6.162930
3  860.000000    103.921000    720.000000    99.688000     760.000000    109.364000    1.37763E-01  1.38957E-03  20.204200  4.013500
3  860.000000    103.921000    760.000000    109.364000    800.000000    112.086000    2.21850E-01  2.22922E-03  15.917200  3.023070
3  860.000000    103.921000    920.000000    98.528000     960.000000    99.983000     2.54815E-01  2.55781E-03  13.028100  2.635000
3  860.000000    103.921000    960.000000    99.983000     1000.000000   109.284000    1.29461E-01  1.30583E-03  13.747300  4.013500
3  860.000000    103.921000    1040.000000   125.393000    1080.000000   127.088000    3.60138E-02  4.41173E-04  12.953600  24.295800
3  860.000000    103.921000    1080.000000   127.088000    1120.000000   112.650000    2.96109E-02  4.77020E-04  19.014100  36.351800
3  860.000000    103.921000    1120.000000   112.650000    1160.000000   107.119000    3.73492E-02  4.58484E-04  22.669600  24.308700
3  860.000000    103.921000    1160.000000   107.119000    1200.000000   112.156000    1.77103E-02  4.01889E-04  25.573600  50.500500
3  860.000000    103.921000    2240.000000   41.064000     2280.000000   42.996000     8.52641E-04  4.35414E-05  41.126800  123.454000
3  860.000000    103.921000    0.000000      85.461000     80.000000     95.232000     1.71405E-02  3.87876E-04  16.925900  50.472200
3  860.000000    103.921000    40.000000     89.773000     120.000000    103.752000    1.17033E-02  3.20394E-04  18.226400  61.447000
3  860.000000    103.921000    160.000000    106.465000    240.000000    107.318000    1.25985E-02  3.44918E-04  18.200300  61.447600
3  860.000000    103.921000    200.000000    103.693000    280.000000    107.758000    1.42169E-02  3.70858E-04  20.919500  58.039400
3  860.000000    103.921000    240.000000    107.318000    320.000000    109.059000    1.64746E-02  3.72718E-04  18.793400  50.469700
3  860.000000    103.921000    280.000000    107.758000    360.000000    107.422000    1.86943E-02  4.28870E-04  19.126300  50.529500
3  860.000000    103.921000    440.000000    114.190000    520.000000    117.315000    2.67876E-02  4.66099E-04  20.690000  37.102900
3  860.000000    103.921000    1200.000000   112.156000    1280.000000   118.242000    2.56941E-02  4.47463E-04  26.688100  37.110000
3  860.000000    103.921000    1240.000000   121.717000    1320.000000   121.622000    2.10255E-02  4.64348E-04  29.569900  45.485900
3  860.000000    103.921000    1280.000000   118.242000    1360.000000   139.168000    2.22692E-02  4.92160E-04  32.854600  45.493400
3  860.000000    103.921000    1320.000000   121.622000    1400.000000   152.179000    2.13516E-02  4.71740E-04  25.299800  45.490200
3  860.000000    103.921000    1360.000000   139.168000    1440.000000   160.534000    1.60171E-02  3.62715E-04  16.984900  50.479400
3  860.000000    103.921000    1400.000000   152.179000    1480.000000   164.497000    1.54300E-02  4.02745E-04  19.498800  58.046500
3  860.000000    103.921000    1440.000000   160.534000    1520.000000   168.092000    1.47399E-02  3.84733E-04  19.216400  58.046500
3  860.000000    103.921000    1480.000000   164.497000    1560.000000   155.128000    1.21868E-02  3.33755E-04  20.524900  61.451500
3  860.000000    103.921000    2200.000000   41.028000     2280.000000   42.996000     1.88286E-03  7.86930E-05  28.238200  82.634200
3  860.000000    103.921000    0.000000      85.461000     160.000000    106.465000    2.67251E-02  4.65011E-04  18.111900  37.102900
3  860.000000    103.921000    40.000000     89.773000     200.000000    103.693000    2.18132E-02  4.81234E-04  17.216200  45.474500
3  860.000000    103.921000    1520.000000   168.092000    1680.000000   108.805000    3.21729E-02  4.31056E-04  24.575400  30.536600
3  860.000000    103.921000    1560.000000   155.128000    1720.000000   105.823000    3.43790E-02  4.60596E-04  25.069900  30.536400
3  860.000000    103.921000    1600.000000   139.326000    1760.000000   106.406000    3.85503E-02  4.73641E-04  25.242100  24.314100
3  860.000000    103.921000    1640.000000   117.482000    1800.000000   92.674000     3.50001E-02  4.68973E-04  25.704500  30.537100
3  860.000000    103.921000    1680.000000   108.805000    1840.000000   86.557000     2.87158E-02  4.63103E-04  23.799800  36.359500
3  860.000000    103.921000    1720.000000   105.823000    1880.000000   78.369000     2.76442E-02  4.45721E-04  25.094400  36.358000
3  860.000000    103.921000    1760.000000   106.406000    1920.000000   69.798000     2.19506E-02  4.84456E-04  27.091000  45.478700
3  860.000000    103.921000    1800.000000   92.674000     1960.000000   70.212000     2.03861E-02  4.67873E-04  28.488500  50.533800
3  860.000000    103.921000    1840.000000   86.557000     2000.000000   66.527000     1.76956E-02  4.00559E-04  30.378300  50.475200
3  860.000000    103.921000    1880.000000   78.369000     2040.000000   61.428000     1.23963E-02  3.39521E-04  31.487400  61.452600
3  860.000000    103.921000    1920.000000   69.798000     2080.000000   55.293000     9.36264E-03  2.78222E-04  33.589000  70.748400
3  860.000000    103.921000    1960.000000   70.212000     2120.000000   43.879000     6.82658E-03  2.18748E-04  33.792600  73.595200
3  860.000000    103.921000    2000.000000   66.527000     2160.000000   41.041000     6.42856E-03  2.05827E-04  32.744100  73.583900
3  860.000000    103.921000    2040.000000   61.428000     2200.000000   41.028000     4.05927E-03  1.37013E-04  26.239900  74.186800
3  860.000000    103.921000    2080.000000   55.293000     2240.000000   41.064000     4.25158E-03  1.43597E-04  19.973800  74.196700
3  860.000000    103.921000    2120.000000   43.879000     2280.000000   42.996000     3.19103E-03  1.27369E-04  20.223700  77.185500
3  900.000000    97.405000     0.000000      85.461000     40.000000     89.773000     9.58991E-03  2.70931E-04  7.957390  68.357400
3  900.000000    97.405000     560.000000    107.062000    600.000000    109.602000    1.68807E-02  3.81904E-04  22.100200  50.469700
3  900.000000    97.405000     600.000000    109.602000    640.000000    94.241000     2.46322E-02  4.28595E-04  19.774400  37.102900
3  900.000000    97.405000     640.000000    94.241000     680.000000    91.001000     3.78997E-02  4.63839E-04  21.549700  24.290000
3  900.000000    97.405000     680.000000    91.001000     720.000000    99.688000     5.76280E-02  6.07647E-04  20.481800  8.038320
3  900.000000    97.405000     720.000000    99.688000     760.000000    109.364000    7.67107E-02  7.86883E-04  21.182700  6.162920
3  900.000000    97.405000     760.000000    109.364000    800.000000    112.086000    1.05516E-01  1.06735E-03  18.939300  4.536810
3  900.000000    97.405000     800.000000    112.086000    840.000000    110.374000    2.13399E-01  2.14430E-03  14.321200  3.023090
3  900.000000    97.405000     960.000000    99.983000     1000.000000   109.284000    3.74701E-01  3.75803E-03  11.569500  2.156260
3  900.000000    97.405000     1000.000000   109.284000    1040.000000   125.393000    1.62791E-01  1.63849E-03  12.265600  3.534080
3  900.000000    97.405000     1080.000000   127.088000    1120.000000   112.650000    5.02548E-02  5.32088E-04  20.678600  8.953350
3  900.000000    97.405000     1120.000000   112.650000    1160.000000   107.119000    5.94347E-02  6.26769E-04  24.069300  8.039910
3  900.000000    97.405000     1160.000000   107.119000    1200.000000   112.156000    2.67119E-02  4.64795E-04  29.256800  37.103100
3  900.000000    97.405000     1200.000000   112.156000    1240.000000   121.717000    2.01473E-02  4.62211E-04  31.163500  50.529700
3  900.000000    97.405000     2240.000000   41.064000     2280.000000   42.996000     8.69539E-04  4.44994E-05  32.487200  123.499000
3  900.000000    97.405000     0.000000      85.461000     80.000000     95.232000     1.55105E-02  4.04571E-04  8.994760  58.038500
3  900.000000    97.405000     40.000000     89.773000     120.000000    103.752000    1.06169E-02  2.99945E-04  10.978200  68.357400
3  900.000000    97.405000     200.000000    103.693000    280.000000    107.758000    1.26583E-02  3.46522E-04  17.695800  61.446400
3  900.000000    97.405000     240.000000    107.318000    320.000000    109.059000    1.46523E-02  3.82185E-04  16.805900  58.038500
3  900.000000    97.405000     280.000000    107.758000    360.000000    107.422000    1.64187E-02  3.71452E-04  16.892100  50.469700
3  900.000000    97.405000     440.000000    114.190000    520.000000    117.315000    2.24189E-02  4.94597E-04  19.644700  45.474500
3  900.000000    97.405000     480.000000    115.862000    560.000000    107.062000    2.47001E-02  4.29777E-04  20.626200  37.102900
3  900.000000    97.405000     1240.000000   121.717000    1320.000000   121.622000    2.66003E-02  4.62853E-04  34.065200  37.103100
3  900.000000    97.405000     1280.000000   118.242000    1360.000000   139.168000    2.69471E-02  4.68901E-04  37.764000  37.103300
3  900.000000    97.405000     1320.000000   121.622000    1400.000000   152.179000    2.54799E-02  4.43366E-04  30.624600  37.103200
3  900.000000    97.405000     1360.000000   139.168000    1440.000000   160.534000    1.89934E-02  4.35739E-04  22.190100  50.529700
3  900.000000    97.405000     1400.000000   152.179000    1480.000000   164.497000    1.79694E-02  4.06542E-04  24.469800  50.469900
3  900.000000    97.405000     1440.000000   160.534000    1520.000000   168.092000    1.69207E-02  3.82816E-04  23.671000  50.469900
3  900.000000    97.405000     1480.000000   164.497000    1560.000000   155.128000    1.37492E-02  3.58633E-04  23.686300  58.038600
3  900.000000    97.405000     1520.000000   168.092000    1600.000000   139.326000    1.24589E-02  3.41066E-04  22.672900  61.446500
3  900.000000    97.405000     2200.000000   41.028000     2280.000000   42.996000     1.93416E-03  7.98435E-05  30.664700  82.375600
3  900.000000    97.405000     0.000000      85.461000     160.000000    106.465000    2.42300E-02  4.21597E-04  10.715600  37.102900
3  900.000000    97.405000     40.000000     89.773000     200.000000    103.693000    1.97536E-02  4.53171E-04  10.551800  50.529500
3  900.000000    97.405000     80.000000     95.232000     240.000000    107.318000    1.99903E-02  4.58601E-04  13.427800  50.529500
3  900.000000    97.405000     1560.000000   155.128000    1720.000000   105.823000    3.75171E-02  4.59191E-04  24.210400  24.290500
3  900.000000    97.405000     1600.000000   139.326000    1760.000000   106.406000    4.18348E-02  4.69474E-04  23.468200  15.461400
3  900.000000    97.405000     1640.000000   117.482000    1800.000000   92.674000     3.77612E-02  4.62178E-04  22.940700  24.290500
3  900.000000    97.405000     1680.000000   108.805000    1840.000000   86.557000     3.08997E-02  4.97377E-04  21.377300  36.346000
3  900.000000    97.405000     1720.000000   105.823000    1880.000000   78.369000     2.96671E-02  4.77536E-04  22.098200  36.346000
3  900.000000    97.405000     1760.000000   106.406000    1920.000000   69.798000     2.35165E-02  5.18816E-04  23.576100  45.474600
3  900.000000    97.405000     1800.000000   92.674000     1960.000000   70.212000     2.18279E-02  4.81565E-04  24.269700  45.474600
3  900.000000    97.405000     1840.000000   86.557000     2000.000000   66.527000     1.89273E-02  4.34219E-04  25.738900  50.529600
3  900.000000    97.405000     1880.000000   78.369000     2040.000000   61.428000     1.32315E-02  3.62216E-04  26.146600  61.446500
3  900.000000    97.405000     1920.000000   69.798000     2080.000000   55.293000     9.96493E-03  2.81527E-04  27.499100  68.357400
3  900.000000    97.405000     1960.000000   70.212000     2120.000000   43.879000     7.24773E-03  2.32030E-04  25.671800  73.582400
3  900.000000    97.405000     2000.000000   66.527000     2160.000000   41.041000     6.76761E-03  2.17028E-04  17.786400  73.606100
3  900.000000    97.405000     2040.000000   61.428000     2200.000000   41.028000     4.25261E-03  1.43552E-04  22.372400  74.188200
3  900.000000    97.405000     2080.000000   55.293000     2240.000000   41.064000     4.43120E-03  1.50052E-04  21.289100  74.236700
3  900.000000    97.405000     2120.000000   43.879000     2280.000000   42.996000     3.27042E-03  1.12831E-04  26.572200  74.529800
3  940.000000    100.145000    0.000000      85.461000     40.000000     89.773000     9.04811E-03  2.68755E-04  -4.072660  70.742800
3  940.000000    100.145000    600.000000    109.602000    640.000000    94.241000     1.98742E-02  4.55938E-04  21.583100  50.529500
3  940.000000    100.145000    640.000000    94.241000     680.000000    91.001000     2.95555E-02  4.75722E-04  23.903900  36.345700
3  940.000000    100.145000    680.000000    91.001000     720.000000    99.688000     4.27934E-02  4.80189E-04  20.381900  15.460700
3  940.000000    100.145000    720.000000    99.688000     760.000000    109.364000    5.18605E-02  5.69729E-04  21.870400  9.420650
3  940.000000    100.145000    760.000000    109.364000    800.000000    112.086000    6.69453E-02  6.93808E-04  20.766800  6.686090
3  940.000000    100.145000    800.000000    112.086000    840.000000    110.374000    1.16117E-01  1.17935E-03  17.773800  4.627750
3  940.000000    100.145000    840.000000    110.374000    880.000000    97.963000     3.41530E-01  3.42534E-03  11.387800  2.156300
3  940.000000    100.145000    1000.000000   109.284000    1040.000000   125.393000    3.31843E-01  3.32829E-03  9.199180  2.157660
3  940.000000    100.145000    1040.000000   125.393000    1080.000000   127.088000    1.20041E-01  1.21430E-03  7.849060  4.537300
3  940.000000    100.145000    1080.000000   127.088000    1120.000000   112.650000    8.28705E-02  8.50094E-04  17.972800  6.163440
3  940.000000    100.145000    1120.000000   112.650000    1160.000000   107.119000    9.00203E-02  9.16974E-04  20.545700  5.511550
3  940.000000    100.145000    1160.000000   107.119000    1200.000000   112.156000    3.72550E-02  9.64960E-04  26.128300  33.333300
3  940.000000    100.145000    1200.000000   112.156000    1240.000000   121.717000    2.71228E-02  4.71937E-04  27.986300  37.103000
3  940.000000    100.145000    1240.000000   121.717000    1280.000000   118.242000    1.88386E-02  4.32184E-04  28.134700  50.529600
3  940.000000    100.145000    2240.000000   41.064000     2280.000000   42.996000     9.36056E-04  4.78006E-05  11.614300  123.454000
3  940.000000    100.145000    0.000000      85.461000     80.000000     95.232000     1.46102E-02  3.81087E-04  -2.749920  58.038500
3  940.000000    100.145000    40.000000     89.773000     120.000000    103.752000    9.94839E-03  2.81059E-04  0.990811  68.357400
3  940.000000    100.145000    240.000000    107.318000    320.000000    109.059000    1.34010E-02  3.66854E-04  18.405400  61.446400
3  940.000000    100.145000    280.000000    107.758000    360.000000    107.422000    1.49582E-02  3.90164E-04  20.040700  58.038500
3  940.000000    100.145000    360.000000    107.422000    440.000000    114.190000    2.32161E-02  5.12184E-04  21.733200  45.474500
3  940.000000    100.145000    440.000000    114.190000    520.000000    117.315000    1.97128E-02  4.52235E-04  21.936100  50.529500
3  940.000000    100.145000    480.000000    115.862000    560.000000    107.062000    2.12711E-02  4.69274E-04  23.216600  45.474500
3  940.000000    100.145000    520.000000    117.315000    600.000000    109.602000    2.77981E-02  4.47435E-04  23.834900  36.345700
3  940.000000    100.145000    1280.000000   118.242000    1360.000000   139.168000    3.33803E-02  4.45801E-04  33.496400  30.517800
3  940.000000    100.145000    1320.000000   121.622000    1400.000000   152.179000    3.05835E-02  4.92296E-04  25.565400  36.346100
3  940.000000    100.145000    1360.000000   139.168000    1440.000000   160.534000    2.22919E-02  4.91802E-04  16.363700  45.474700
3  940.000000    100.145000    1400.000000   152.179000    1480.000000   164.497000    2.08942E-02  4.79344E-04  18.336800  50.529700
3  940.000000    100.145000    1440.000000   160.534000    1520.000000   168.092000    1.95473E-02  4.48444E-04  16.800100  50.529700
3  940.000000    100.145000    1480.000000   164.497000    1560.000000   155.128000    1.57769E-02  3.56935E-04  16.745800  50.469800
3  940.000000    100.145000    1520.000000   168.092000    1600.000000   139.326000    1.41761E-02  3.69767E-04  14.919600  58.038600
3  940.000000    100.145000    1560.000000   155.128000    1640.000000   117.482000    1.86410E-02  4.27653E-04  15.132000  50.529700
3  940.000000    100.145000    2200.000000   41.028000     2280.000000   42.996000     2.09046E-03  8.34727E-05  13.308000  81.707200
3  940.000000    100.145000    0.000000      85.461000     160.000000    106.465000    2.27172E-02  5.01178E-04  -0.082068  45.474500
3  940.000000    100.145000    40.000000     89.773000     200.000000    103.693000    1.84148E-02  4.22458E-04  2.119210  50.529500
3  940.000000    100.145000    80.000000     95.232000     240.000000    107.318000    1.85454E-02  4.31398E-04  10.713100  50.675800
3  940.000000    100.145000    120.000000    103.752000    280.000000    107.758000    2.01329E-02  4.62966E-04  14.532300  50.554200
3  940.000000    100.145000    1600.000000   139.326000    1760.000000   106.406000    4.67875E-02  5.25031E-04  13.729200  15.461100
3  940.000000    100.145000    1640.000000   117.482000    1800.000000   92.674000     4.20568E-02  4.71945E-04  12.705800  15.461100
3  940.000000    100.145000    1680.000000   108.805000    1840.000000   86.557000     3.43021E-02  4.58087E-04  10.796600  30.517500
3  940.000000    100.145000    1720.000000   105.823000    1880.000000   78.369000     3.28586E-02  4.38807E-04  11.267800  30.517500
3  940.000000    100.145000    1760.000000   106.406000    1920.000000   69.798000     2.59907E-02  4.52236E-04  12.517600  37.102900
3  940.000000    100.145000    1800.000000   92.674000     1960.000000   70.212000     2.40673E-02  4.18766E-04  12.918900  37.102900
3  940.000000    100.145000    1840.000000   86.557000     2000.000000   66.527000     2.08341E-02  4.77959E-04  14.105400  50.529500
3  940.000000    100.145000    1880.000000   78.369000     2040.000000   61.428000     1.45364E-02  3.79162E-04  14.210500  58.038500
3  940.000000    100.145000    1920.000000   69.798000     2080.000000   55.293000     1.09385E-02  3.09031E-04  15.527000  68.357400
3  940.000000    100.145000    1960.000000   70.212000     2120.000000   43.879000     7.89815E-03  2.34599E-04  13.670100  70.742800
3  940.000000    100.145000    2000.000000   66.527000     2160.000000   41.041000     7.32919E-03  2.34637E-04  7.885880  73.582300
3  940.000000    100.145000    2040.000000   61.428000     2200.000000   41.028000     4.60709E-03  1.47738E-04  10.889400  73.446300
3  940.000000    100.145000    2080.000000   55.293000     2240.000000   41.064000     4.79534E-03  1.53775E-04  9.072990  73.446400
3  940.000000    100.145000    2120.000000   43.879000     2280.000000   42.996000     3.55653E-03  1.20121E-04  11.959200  74.196700
3  980.000000    106.286000    0.000000      85.461000     40.000000     89.773000     8.38804E-03  2.49149E-04  18.857700  70.742800
3  980.000000    106.286000    640.000000    94.241000     680.000000    91.001000     2.21860E-02  4.89459E-04  23.357700  45.474500
3  980.000000    106.286000    680.000000    91.001000     720.000000    99.688000     2.85137E-02  4.58954E-04  21.306600  36.345700
3  980.000000    106.286000    720.000000    99.688000     760.000000    109.364000    3.32820E-02  4.44454E-04  19.319600  30.517400
3  980.000000    106.286000    760.000000    109.364000    800.000000    112.086000    4.02028E-02  4.92026E-04  22.704900  24.290000
3  980.000000    106.286000    800.000000    112.086000    840.000000    110.374000    5.73991E-02  6.05233E-04  20.150000  8.038320
3  980.000000    106.286000    840.000000    110.374000    880.000000    97.963000     1.30832E-01  1.31966E-03  14.419400  4.013510
3  980.000000    106.286000    880.000000    97.963000     920.000000    98.528000     3.37835E-01  3.38828E-03  12.862800  2.156270
3  980.000000    106.286000    1040.000000   125.393000    1080.000000   127.088000    3.59803E-01  3.60886E-03  5.444310  2.159700
3  980.000000    106.286000    1080.000000   127.088000    1120.000000   112.650000    2.02109E-01  2.03105E-03  13.071400  3.026530
3  980.000000    106.286000    1120.000000   112.650000    1160.000000   107.119000    1.81934E-01  1.83146E-03  17.534900  3.538610
3  980.000000    106.286000    1160.000000   107.119000    1200.000000   112.156000    6.80819E-02  1.31525E-03  24.629000  17.621200
3  980.000000    106.286000    1200.000000   112.156000    1240.000000   121.717000    4.56347E-02  5.12103E-04  27.467000  15.461200
3  980.000000    106.286000    1240.000000   121.717000    1280.000000   118.242000    2.98505E-02  4.80495E-04  28.514500  36.346100
3  980.000000    106.286000    1280.000000   118.242000    1320.000000   121.622000    2.35074E-02  5.18627E-04  34.966100  45.474800
3  980.000000    106.286000    2240.000000   41.064000     2280.000000   42.996000     1.03700E-03  5.29555E-05  26.212700  123.454000
3  980.000000    106.286000    0.000000      85.461000     80.000000     95.232000     1.35182E-02  3.52603E-04  19.332700  58.038500
3  980.000000    106.286000    40.000000     89.773000     120.000000    103.752000    9.10690E-03  2.70501E-04  18.714800  70.742800
3  980.000000    106.286000    280.000000    107.758000    360.000000    107.422000    1.31586E-02  3.60218E-04  19.248000  61.446400
3  980.000000    106.286000    360.000000    107.422000    440.000000    114.190000    2.04696E-02  4.69597E-04  19.811000  50.529500
3  980.000000    106.286000    440.000000    114.190000    520.000000    117.315000    1.67068E-02  3.77970E-04  19.845100  50.469700
3  980.000000    106.286000    480.000000    115.862000    560.000000    107.062000    1.75571E-02  3.97207E-04  21.454200  50.469700
3  980.000000    106.286000    520.000000    117.315000    600.000000    109.602000    2.25126E-02  4.96664E-04  22.160200  45.474500
3  980.000000    106.286000    560.000000    107.062000    640.000000    94.241000     2.60650E-02  4.53526E-04  21.890900  37.102900
3  980.000000    106.286000    1320.000000   121.622000    1400.000000   152.179000    4.20058E-02  4.71423E-04  32.571000  15.462000
3  980.000000    106.286000    1360.000000   139.168000    1440.000000   160.534000    2.88958E-02  4.65124E-04  25.139100  36.346000
3  980.000000    106.286000    1400.000000   152.179000    1480.000000   164.497000    2.67165E-02  4.64880E-04  27.639500  37.103200
3  980.000000    106.286000    1440.000000   160.534000    1520.000000   168.092000    2.48821E-02  4.32961E-04  26.650200  37.103200
3  980.000000    106.286000    1480.000000   164.497000    1560.000000   155.128000    1.99529E-02  4.57749E-04  26.955100  50.529700
3  980.000000    106.286000    1520.000000   168.092000    1600.000000   139.326000    1.77063E-02  4.00587E-04  26.153500  50.469800
3  980.000000    106.286000    1560.000000   155.128000    1640.000000   117.482000    2.31212E-02  5.10105E-04  27.400800  45.474800
3  980.000000    106.286000    1600.000000   139.326000    1680.000000   108.805000    3.17464E-02  4.23999E-04  29.285100  30.518100
3  980.000000    106.286000    2200.000000   41.028000     2280.000000   42.996000     2.31249E-03  9.24506E-05  28.295300  81.730900
3  980.000000    106.286000    0.000000      85.461000     160.000000    106.465000    2.08356E-02  4.77994E-04  20.333900  50.529500
3  980.000000    106.286000    40.000000     89.773000     200.000000    103.693000    1.67517E-02  3.78990E-04  18.365900  50.469800
3  980.000000    106.286000    80.000000     95.232000     240.000000    107.318000    1.67370E-02  3.78656E-04  19.217800  50.469800
3  980.000000    106.286000    120.000000    103.752000    280.000000    107.758000    1.80943E-02  4.09360E-04  19.431900  50.469700
3  980.000000    106.286000    160.000000    106.465000    320.000000    109.059000    2.12643E-02  4.69124E-04  17.856500  45.474500
3  980.000000    106.286000    1640.000000   117.482000    1800.000000   92.674000     5.08913E-02  5.38868E-04  27.284500  8.954290
3  980.000000    106.286000    1680.000000   108.805000    1840.000000   86.557000     4.11135E-02  5.03200E-04  25.874100  24.290400
3  980.000000    106.286000    1720.000000   105.823000    1880.000000   78.369000     3.91920E-02  4.79679E-04  26.708300  24.290300
3  980.000000    106.286000    1760.000000   106.406000    1920.000000   69.798000     3.07764E-02  4.95380E-04  28.319600  36.345800
3  980.000000    106.286000    1800.000000   92.674000     1960.000000   70.212000     2.82613E-02  4.54897E-04  29.225300  36.345800
3  980.000000    106.286000    1840.000000   86.557000     2000.000000   66.527000     2.43442E-02  4.23589E-04  30.780200  37.103000
3  980.000000    106.286000    1880.000000   78.369000     2040.000000   61.428000     1.68724E-02  3.81718E-04  31.120000  50.469700
3  980.000000    106.286000    1920.000000   69.798000     2080.000000   55.293000     1.27132E-02  3.48025E-04  32.383900  61.446400
3  980.000000    106.286000    1960.000000   70.212000     2120.000000   43.879000     9.05160E-03  2.68861E-04  31.303200  70.742900
3  980.000000    106.286000    2000.000000   66.527000     2160.000000   41.041000     8.25424E-03  2.45175E-04  26.070400  70.742800
3  980.000000    106.286000    2040.000000   61.428000     2200.000000   41.028000     5.11478E-03  1.64019E-04  37.145900  73.446400
3  980.000000    106.286000    2080.000000   55.293000     2240.000000   41.064000     5.28158E-03  1.69378E-04  34.463200  73.447200
3  980.000000    106.286000    2120.000000   43.879000     2280.000000   42.996000     3.90914E-03  1.31942E-04  38.066400  74.186400
3  1020.000000   115.870000    0.000000      85.461000     40.000000     89.773000     8.20734E-03  2.48439E-04  27.706900  70.982900
3  1020.000000   115.870000    680.000000    91.001000     720.000000    99.688000     2.33360E-02  5.14829E-04  20.014700  45.474500
3  1020.000000   115.870000    720.000000    99.688000     760.000000    109.364000    2.76204E-02  4.44575E-04  21.834000  36.345700
3  1020.000000   115.870000    760.000000    109.364000    800.000000    112.086000    3.22956E-02  4.31282E-04  21.730200  30.517400
3  1020.000000   115.870000    800.000000    112.086000    840.000000    110.374000    4.23376E-02  4.75074E-04  20.986500  15.460800
3  1020.000000   115.870000    840.000000    110.374000    880.000000    97.963000     8.98407E-02  9.15099E-04  15.836700  5.510610
3  1020.000000   115.870000    880.000000    97.963000     920.000000    98.528000     2.05016E-01  2.06006E-03  15.075200  3.023220
3  1020.000000   115.870000    920.000000    98.528000     960.000000    99.983000     3.88918E-01  3.90061E-03  9.261640  2.156410
3  1020.000000   115.870000    1080.000000   127.088000    1120.000000   112.650000    3.90539E-01  3.92105E-03  11.765600  2.205870
3  1020.000000   115.870000    1120.000000   112.650000    1160.000000   107.119000    2.96152E-01  2.97440E-03  17.498200  2.656060
3  1020.000000   115.870000    1160.000000   107.119000    1200.000000   112.156000    1.02397E-01  2.27746E-03  26.903200  20.525600
3  1020.000000   115.870000    1200.000000   112.156000    1240.000000   121.717000    6.53314E-02  6.77650E-04  28.625500  6.699590
3  1020.000000   115.870000    1240.000000   121.717000    1280.000000   118.242000    4.03044E-02  4.93793E-04  30.180400  24.296600
3  1020.000000   115.870000    1280.000000   118.242000    1320.000000   121.622000    3.07782E-02  4.95806E-04  37.703000  36.351500
3  1020.000000   115.870000    1320.000000   121.622000    1360.000000   139.168000    3.19950E-02  4.29002E-04  43.764300  30.541100
3  1020.000000   115.870000    0.000000      85.461000     80.000000     95.232000     1.31921E-02  3.61725E-04  24.184800  61.466300
3  1020.000000   115.870000    40.000000     89.773000     120.000000    103.752000    8.81326E-03  2.61779E-04  18.791100  70.742800
3  1020.000000   115.870000    360.000000    107.422000    440.000000    114.190000    1.89835E-02  4.35504E-04  13.229900  50.529500
3  1020.000000   115.870000    440.000000    114.190000    520.000000    117.315000    1.53293E-02  3.99843E-04  14.119900  58.038500
3  1020.000000   115.870000    480.000000    115.862000    560.000000    107.062000    1.59192E-02  3.60151E-04  16.357400  50.469700
3  1020.000000   115.870000    520.000000    117.315000    600.000000    109.602000    2.02387E-02  4.64300E-04  17.305400  50.529500
3  1020.000000   115.870000    560.000000    107.062000    640.000000    94.241000     2.29600E-02  5.06534E-04  17.735000  45.474500
3  1020.000000   115.870000    600.000000    109.602000    680.000000    91.001000     3.22112E-02  4.30155E-04  18.848200  30.517400
3  1020.000000   115.870000    1360.000000   139.168000    1440.000000   160.534000    3.42952E-02  4.58167E-04  31.227500  30.519700
3  1020.000000   115.870000    1400.000000   152.179000    1480.000000   164.497000    3.13537E-02  5.04817E-04  34.626300  36.347800
3  1020.000000   115.870000    1440.000000   160.534000    1520.000000   168.092000    2.89942E-02  4.66812E-04  33.566400  36.347600
3  1020.000000   115.870000    1480.000000   164.497000    1560.000000   155.128000    2.30480E-02  5.08513E-04  34.139400  45.475300
3  1020.000000   115.870000    1520.000000   168.092000    1600.000000   139.326000    2.02358E-02  4.64252E-04  33.325700  50.529900
3  1020.000000   115.870000    1560.000000   155.128000    1640.000000   117.482000    2.62142E-02  4.56174E-04  33.749800  37.103800
3  1020.000000   115.870000    1600.000000   139.326000    1680.000000   108.805000    3.57685E-02  4.77685E-04  34.425900  30.517700
3  1020.000000   115.870000    1640.000000   117.482000    1720.000000   105.823000    3.19740E-02  4.27016E-04  33.105900  30.517700
3  1020.000000   115.870000    2200.000000   41.028000     2280.000000   42.996000     2.29490E-03  1.44101E-04  66.842800  94.997100
3  1020.000000   115.870000    0.000000      85.461000     160.000000    106.465000    2.02062E-02  4.63825E-04  23.030100  50.535600
3  1020.000000   115.870000    40.000000     89.773000     200.000000    103.693000    1.60972E-02  3.64180E-04  17.003000  50.469700
3  1020.000000   115.870000    80.000000     95.232000     240.000000    107.318000    1.59412E-02  3.60729E-04  15.771000  50.471900
3  1020.000000   115.870000    120.000000    103.752000    280.000000    107.758000    1.71392E-02  3.87828E-04  14.074300  50.471700
3  1020.000000   115.870000    160.000000    106.465000    320.000000    109.059000    2.00417E-02  4.59853E-04  12.642000  50.531100
3  1020.000000   115.870000    200.000000    103.693000    360.000000    107.422000    2.21609E-02  4.88905E-04  13.548500  45.474500
3  1020.000000   115.870000    1680.000000   108.805000    1840.000000   86.557000     4.54634E-02  5.10186E-04  30.387600  15.461300
3  1020.000000   115.870000    1720.000000   105.823000    1880.000000   78.369000     4.31896E-02  4.84713E-04  30.870900  15.462000
3  1020.000000   115.870000    1760.000000   106.406000    1920.000000   69.798000     3.37604E-02  4.50867E-04  32.481000  30.517600
3  1020.000000   115.870000    1800.000000   92.674000     1960.000000   70.212000     3.08501E-02  4.96588E-04  33.532900  36.346100
3  1020.000000   115.870000    1840.000000   86.557000     2000.000000   66.527000     2.64861E-02  4.60887E-04  35.198900  37.103500
3  1020.000000   115.870000    1880.000000   78.369000     2040.000000   61.428000     1.82787E-02  4.19366E-04  36.093600  50.530300
3  1020.000000   115.870000    1920.000000   69.798000     2080.000000   55.293000     1.37748E-02  3.59316E-04  37.523000  58.039100
3  1020.000000   115.870000    1960.000000   70.212000     2120.000000   43.879000     9.74018E-03  2.75187E-04  40.087900  68.357900
3  1020.000000   115.870000    2000.000000   66.527000     2160.000000   41.041000     8.79436E-03  2.61250E-04  38.722500  70.744300
3  1020.000000   115.870000    2040.000000   61.428000     2200.000000   41.028000     5.31985E-03  1.70677E-04  45.689900  73.453100
3  1020.000000   115.870000    2080.000000   55.293000     2240.000000   41.064000     5.37489E-03  1.85002E-04  48.141300  74.503300
3  1060.000000   129.120000    0.000000      85.461000     40.000000     89.773000     7.73516E-03  2.47634E-04  20.300700  73.582400
3  1060.000000   129.120000    720.000000    99.688000     760.000000    109.364000    2.33120E-02  5.14300E-04  28.252300  45.474500
3  1060.000000   129.120000    760.000000    109.364000    800.000000    112.086000    2.64446E-02  4.60131E-04  26.220600  37.102900
3  1060.000000   129.120000    800.000000    112.086000    840.000000    110.374000    3.28474E-02  4.38654E-04  25.487900  30.517400
3  1060.000000   129.120000    840.000000    110.374000    880.000000    97.963000     6.50152E-02  6.73811E-04  20.432100  6.686210
3  1060.000000   129.120000    880.000000    97.963000     920.000000    98.528000     1.35908E-01  1.37086E-03  19.338900  4.013700
3  1060.000000   129.120000    920.000000    98.528000     960.000000    99.983000     2.23181E-01  2.24259E-03  13.125800  3.023160
3  1060.000000   129.120000    960.000000    99.983000     1000.000000   109.284000    5.07140E-01  5.08043E-03  11.891600  1.753550
3  1060.000000   129.120000    1120.000000   112.650000    1160.000000   107.119000    4.84783E-01  4.85709E-03  16.162400  1.761090
3  1060.000000   129.120000    1160.000000   107.119000    1200.000000   112.156000    1.51089E-01  1.52431E-03  24.585100  4.018770
3  1060.000000   129.120000    1200.000000   112.156000    1240.000000   121.717000    8.94005E-02  9.10812E-04  26.271100  5.514610
3  1060.000000   129.120000    1240.000000   121.717000    1280.000000   118.242000    5.27794E-02  5.58881E-04  26.378100  8.954690
3  1060.000000   129.120000    1280.000000   118.242000    1320.000000   121.622000    3.89724E-02  4.77007E-04  33.649500  24.290500
3  1060.000000   129.120000    1320.000000   121.622000    1360.000000   139.168000    3.88160E-02  4.75100E-04  37.144600  24.290600
3  1060.000000   129.120000    1360.000000   139.168000    1400.000000   152.179000    2.28238E-02  5.03541E-04  19.268100  45.474800
3  1060.000000   129.120000    2240.000000   41.064000     2280.000000   42.996000     1.09084E-03  6.44976E-05  26.026500  127.000000
3  1060.000000   129.120000    0.000000      85.461000     80.000000     95.232000     1.24442E-02  3.40662E-04  22.287600  61.446400
3  1060.000000   129.120000    40.000000     89.773000     120.000000    103.752000    8.32035E-03  2.47139E-04  27.426600  70.742800
3  1060.000000   129.120000    360.000000    107.422000    440.000000    114.190000    1.77668E-02  4.02210E-04  20.047500  50.476200
3  1060.000000   129.120000    440.000000    114.190000    520.000000    117.315000    1.42284E-02  3.71128E-04  21.492900  58.038500
3  1060.000000   129.120000    480.000000    115.862000    560.000000    107.062000    1.46345E-02  3.81722E-04  23.428200  58.038500
3  1060.000000   129.120000    520.000000    117.315000    600.000000    109.602000    1.84806E-02  4.23967E-04  24.145900  50.529500
3  1060.000000   129.120000    560.000000    107.062000    640.000000    94.241000     2.06267E-02  4.73201E-04  24.177900  50.529500
3  1060.000000   129.120000    600.000000    109.602000    680.000000    91.001000     2.86357E-02  4.60920E-04  24.932700  36.345700
3  1060.000000   129.120000    640.000000    94.241000     720.000000    99.688000     3.69353E-02  4.52040E-04  25.751900  24.290100
3  1060.000000   129.120000    1400.000000   152.179000    1480.000000   164.497000    3.59871E-02  4.40468E-04  26.571700  24.290500
3  1060.000000   129.120000    1440.000000   160.534000    1520.000000   168.092000    3.29705E-02  4.40331E-04  25.031300  30.517800
3  1060.000000   129.120000    1480.000000   164.497000    1560.000000   155.128000    2.59201E-02  4.51020E-04  25.402900  37.103200
3  1060.000000   129.120000    1520.000000   168.092000    1600.000000   139.326000    2.24956E-02  4.96298E-04  24.574800  45.474700
3  1060.000000   129.120000    1560.000000   155.128000    1640.000000   117.482000    2.88757E-02  4.64821E-04  25.227200  36.346300
3  1060.000000   129.120000    1600.000000   139.326000    1680.000000   108.805000    3.90840E-02  4.78451E-04  27.067100  24.291500
3  1060.000000   129.120000    1640.000000   117.482000    1720.000000   105.823000    3.46462E-02  4.62762E-04  26.431400  30.518500
3  1060.000000   129.120000    1680.000000   108.805000    1760.000000   106.406000    3.01323E-02  4.85061E-04  23.585200  36.346500
3  1060.000000   129.120000    2200.000000   41.028000     2280.000000   42.996000     2.41407E-03  1.38506E-04  32.058200  91.506700
3  1060.000000   129.120000    0.000000      85.461000     160.000000    106.465000    1.90465E-02  4.36965E-04  25.552700  50.529900
3  1060.000000   129.120000    40.000000     89.773000     200.000000    103.693000    1.52030E-02  3.96684E-04  25.714100  58.042500
3  1060.000000   129.120000    80.000000     95.232000     240.000000    107.318000    1.50865E-02  3.93578E-04  25.510700  58.040500
3  1060.000000   129.120000    120.000000    103.752000    280.000000    107.758000    1.62323E-02  3.67243E-04  22.979000  50.469900
3  1060.000000   129.120000    160.000000    106.465000    320.000000    109.059000    1.89697E-02  4.35188E-04  20.844300  50.529500
3  1060.000000   129.120000    200.000000    103.693000    360.000000    107.422000    2.09385E-02  4.80354E-04  21.767400  50.529500
3  1060.000000   129.120000    1720.000000   105.823000    1880.000000   78.369000     4.62729E-02  5.19339E-04  24.640700  15.462400
3  1060.000000   129.120000    1760.000000   106.406000    1920.000000   69.798000     3.60636E-02  4.41397E-04  26.375800  24.290400
3  1060.000000   129.120000    1800.000000   92.674000     1960.000000   70.212000     3.28574E-02  4.38814E-04  27.355500  30.517700
3  1060.000000   129.120000    1840.000000   86.557000     2000.000000   66.527000     2.81530E-02  4.53168E-04  28.907700  36.346000
3  1060.000000   129.120000    1880.000000   78.369000     2040.000000   61.428000     1.93763E-02  4.44523E-04  29.350100  50.529700
3  1060.000000   129.120000    1920.000000   69.798000     2080.000000   55.293000     1.45884E-02  3.80521E-04  30.235500  58.038600
3  1060.000000   129.120000    1960.000000   70.212000     2120.000000   43.879000     1.02347E-02  2.89152E-04  26.715200  68.357600
3  1060.000000   129.120000    2000.000000   66.527000     2160.000000   41.041000     9.16208E-03  2.72294E-04  18.499300  70.749800
3  1060.000000   129.120000    2040.000000   61.428000     2200.000000   41.028000     5.61524E-03  1.80536E-04  26.430000  73.482900
3  1060.000000   129.120000    2080.000000   55.293000     2240.000000   41.064000     5.68793E-03  1.93434E-04  26.541300  74.314000
3  1060.000000   129.120000    2120.000000   43.879000     2280.000000   42.996000     4.14509E-03  1.76396E-04  34.515500  78.583600
3  1100.000000   118.586000    0.000000      85.461000     40.000000     89.773000     7.29998E-03  2.34958E-04  8.237000  73.657300
3  1100.000000   118.586000    760.000000    109.364000    800.000000    112.086000    2.12996E-02  4.69903E-04  28.717600  45.474500
3  1100.000000   118.586000    800.000000    112.086000    840.000000    110.374000    2.50746E-02  4.36293E-04  28.122700  37.102900
3  1100.000000   118.586000    840.000000    110.374000    880.000000    97.963000     4.64612E-02  5.21350E-04  24.268800  15.460800
3  1100.000000   118.586000    880.000000    97.963000     920.000000    98.528000     8.94216E-02  9.10831E-04  23.640500  5.510660
3  1100.000000   118.586000    920.000000    98.528000     960.000000    99.983000     1.32835E-01  1.33987E-03  17.522200  4.013660
3  1100.000000   118.586000    960.000000    99.983000     1000.000000   109.284000    2.46532E-01  2.47466E-03  18.177200  2.635070
3  1100.000000   118.586000    1160.000000   107.119000    1200.000000   112.156000    3.23962E-01  5.04982E-03  21.573200  12.125900
3  1100.000000   118.586000    1200.000000   112.156000    1240.000000   121.717000    1.56487E-01  1.57523E-03  25.644600  3.537570
3  1100.000000   118.586000    1240.000000   121.717000    1280.000000   118.242000    8.12877E-02  8.33939E-04  25.339500  6.165200
3  1100.000000   118.586000    1280.000000   118.242000    1320.000000   121.622000    5.58729E-02  5.89236E-04  32.852700  8.040490
3  1100.000000   118.586000    1320.000000   121.622000    1360.000000   139.168000    5.22143E-02  5.52991E-04  35.574200  8.956890
3  1100.000000   118.586000    1360.000000   139.168000    1400.000000   152.179000    2.93543E-02  4.72531E-04  17.531300  36.346400
3  1100.000000   118.586000    1400.000000   152.179000    1440.000000   160.534000    2.12063E-02  4.67868E-04  26.459000  45.475000
3  1100.000000   118.586000    2240.000000   41.064000     2280.000000   42.996000     1.23041E-03  6.28411E-05  45.539300  123.457000
3  1100.000000   118.586000    0.000000      85.461000     80.000000     95.232000     1.17418E-02  3.21683E-04  8.078750  61.455900
3  1100.000000   118.586000    40.000000     89.773000     120.000000    103.752000    7.82970E-03  2.32574E-04  9.522830  70.743300
3  1100.000000   118.586000    440.000000    114.190000    520.000000    117.315000    1.29810E-02  3.55356E-04  23.060500  61.446400
3  1100.000000   118.586000    480.000000    115.862000    560.000000    107.062000    1.32178E-02  3.61839E-04  24.984200  61.446400
3  1100.000000   118.586000    520.000000    117.315000    600.000000    109.602000    1.65798E-02  3.75096E-04  25.774800  50.469700
3  1100.000000   118.586000    560.000000    107.062000    640.000000    94.241000     1.81516E-02  4.10656E-04  25.850200  50.469700
3  1100.000000   118.586000    600.000000    109.602000    680.000000    91.001000     2.49866E-02  4.34762E-04  26.692900  37.102900
3  1100.000000   118.586000    640.000000    94.241000     720.000000    99.688000     3.13754E-02  5.05015E-04  27.961500  36.345700
3  1100.000000   118.586000    680.000000    91.001000     760.000000    109.364000    3.58173E-02  4.78311E-04  29.461200  30.517400
3  1100.000000   118.586000    1440.000000   160.534000    1520.000000   168.092000    4.00071E-02  4.89739E-04  22.846600  24.291400
3  1100.000000   118.586000    1480.000000   164.497000    1560.000000   155.128000    3.08353E-02  4.96365E-04  22.907000  36.346300
3  1100.000000   118.586000    1520.000000   168.092000    1600.000000   139.326000    2.62796E-02  4.57281E-04  21.882900  37.103300
3  1100.000000   118.586000    1560.000000   155.128000    1640.000000   117.482000    3.32295E-02  4.43826E-04  22.170000  30.518300
3  1100.000000   118.586000    1600.000000   139.326000    1680.000000   108.805000    4.44408E-02  4.98812E-04  24.066100  15.463000
3  1100.000000   118.586000    1640.000000   117.482000    1720.000000   105.823000    3.89950E-02  4.77326E-04  23.835900  24.291100
3  1100.000000   118.586000    1680.000000   108.805000    1760.000000   106.406000    3.36983E-02  4.50044E-04  21.607700  30.517700
3  1100.000000   118.586000    1720.000000   105.823000    1800.000000   92.674000     2.94780E-02  4.74487E-04  21.773200  36.345900
3  1100.000000   118.586000    2200.000000   41.028000     2280.000000   42.996000     2.75541E-03  1.10291E-04  49.781100  81.754500
3  1100.000000   118.586000    0.000000      85.461000     160.000000    106.465000    1.79200E-02  4.05501E-04  10.274900  50.471800
3  1100.000000   118.586000    40.000000     89.773000     200.000000    103.693000    1.42714E-02  3.72251E-04  11.219000  58.038500
3  1100.000000   118.586000    80.000000     95.232000     240.000000    107.318000    1.41243E-02  3.68414E-04  16.290100  58.038500
3  1100.000000   118.586000    120.000000    103.752000    280.000000    107.758000    1.51722E-02  3.95746E-04  18.281500  58.038500
3  1100.000000   118.586000    160.000000    106.465000    320.000000    109.059000    1.76837E-02  4.00081E-04  19.249000  50.469900
3  1100.000000   118.586000    200.000000    103.693000    360.000000    107.422000    1.94727E-02  4.46731E-04  21.982300  50.529600
3  1100.000000   118.586000    280.000000    107.758000    440.000000    114.190000    2.71043E-02  4.71609E-04  22.227000  37.102900
3  1100.000000   118.586000    1760.000000   106.406000    1920.000000   69.798000     4.00629E-02  4.90318E-04  25.929300  24.290100
3  1100.000000   118.586000    1800.000000   92.674000     1960.000000   70.212000     3.64471E-02  4.46065E-04  27.597100  24.290000
3  1100.000000   118.586000    1840.000000   86.557000     2000.000000   66.527000     3.11961E-02  5.02132E-04  29.746800  36.345700
3  1100.000000   118.586000    1880.000000   78.369000     2040.000000   61.428000     2.14341E-02  4.72871E-04  31.040400  45.474500
3  1100.000000   118.586000    1920.000000   69.798000     2080.000000   55.293000     1.61209E-02  3.64716E-04  32.265000  50.469700
3  1100.000000   118.586000    1960.000000   70.212000     2120.000000   43.879000     1.12335E-02  3.17367E-04  31.557900  68.357500
3  1100.000000   118.586000    2000.000000   66.527000     2160.000000   41.041000     9.98934E-03  2.82216E-04  27.178400  68.357400
3  1100.000000   118.586000    2040.000000   61.428000     2200.000000   41.028000     6.09370E-03  1.95084E-04  41.237000  73.582300
3  1100.000000   118.586000    2080.000000   55.293000     2240.000000   41.064000     6.24359E-03  1.99882E-04  43.873300  73.582300
3  1100.000000   118.586000    2120.000000   43.879000     2280.000000   42.996000     4.63094E-03  1.48508E-04  55.994300  73.446900
3  1140.000000   108.477000    0.000000      85.461000     40.000000     89.773000     6.99903E-03  2.24726E-04  16.025300  73.623300
3  1140.000000   108.477000    480.000000    115.862000    520.000000    117.315000    4.26358E-03  1.43929E-04  25.540200  74.188900
3  1140.000000   108.477000    800.000000    112.086000    840.000000    110.374000    1.91461E-02  4.39235E-04  30.781500  50.529500
3  1140.000000   108.477000    840.000000    110.374000    880.000000    97.963000     3.34157E-02  4.46243E-04  27.667400  30.517400
3  1140.000000   108.477000    880.000000    97.963000     920.000000    98.528000     5.96555E-02  6.29031E-04  27.808200  8.038490
3  1140.000000   108.477000    920.000000    98.528000     960.000000    99.983000     8.30643E-02  8.52065E-04  21.962100  6.163110
3  1140.000000   108.477000    960.000000    99.983000     1000.000000   109.284000    1.38988E-01  1.40193E-03  22.059900  4.013670
3  1140.000000   108.477000    1000.000000   109.284000    1040.000000   125.393000    2.45066E-01  2.45997E-03  22.709800  2.635130
3  1140.000000   108.477000    1040.000000   125.393000    1080.000000   127.088000    3.26730E-01  3.27691E-03  22.600400  2.156310
3  1140.000000   108.477000    1200.000000   112.156000    1240.000000   121.717000    3.88927E-01  3.90070E-03  25.203900  2.156610
3  1140.000000   108.477000    1240.000000   121.717000    1280.000000   118.242000    1.61797E-01  1.62850E-03  25.911000  3.534370
3  1140.000000   108.477000    1280.000000   118.242000    1320.000000   121.622000    9.91991E-02  1.01043E-03  32.926200  5.510730
3  1140.000000   108.477000    1320.000000   121.622000    1360.000000   139.168000    8.13288E-02  8.34287E-04  36.509900  6.163640
3  1140.000000   108.477000    1360.000000   139.168000    1400.000000   152.179000    4.20350E-02  4.71683E-04  18.812900  15.460800
3  1140.000000   108.477000    1400.000000   152.179000    1440.000000   160.534000    2.91661E-02  4.69458E-04  28.870200  36.345700
3  1140.000000   108.477000    1440.000000   160.534000    1480.000000   164.497000    3.09553E-02  4.98257E-04  25.393000  36.345700
3  1140.000000   108.477000    2240.000000   41.064000     2280.000000   42.996000     1.30711E-03  6.69486E-05  14.769200  123.517000
3  1140.000000   108.477000    0.000000      85.461000     80.000000     95.232000     1.12252E-02  3.17544E-04  17.999900  68.372600
3  1140.000000   108.477000    40.000000     89.773000     120.000000    103.752000    7.42554E-03  2.37721E-04  22.019300  73.582300
3  1140.000000   108.477000    480.000000    115.862000    560.000000    107.062000    1.18208E-02  3.23610E-04  26.438300  61.447000
3  1140.000000   108.477000    520.000000    117.315000    600.000000    109.602000    1.47205E-02  3.83965E-04  27.439500  58.038500
3  1140.000000   108.477000    560.000000    107.062000    640.000000    94.241000     1.58081E-02  3.57639E-04  27.533100  50.469700
3  1140.000000   108.477000    600.000000    109.602000    680.000000    91.001000     2.15955E-02  4.76433E-04  28.252500  45.474500
3  1140.000000   108.477000    640.000000    94.241000     720.000000    99.688000     2.63977E-02  4.59317E-04  29.700600  37.102900
3  1140.000000   108.477000    680.000000    91.001000     760.000000    109.364000    2.93326E-02  4.72138E-04  31.637900  36.345800
3  1140.000000   108.477000    720.000000    99.688000     800.000000    112.086000    3.29700E-02  4.40291E-04  31.361100  30.517400
3  1140.000000   108.477000    1480.000000   164.497000    1560.000000   155.128000    3.92270E-02  4.80084E-04  23.950900  24.290000
3  1140.000000   108.477000    1520.000000   168.092000    1600.000000   139.326000    3.24165E-02  4.32896E-04  22.114400  30.517400
3  1140.000000   108.477000    1560.000000   155.128000    1640.000000   117.482000    3.99099E-02  4.88441E-04  21.329500  24.290000
3  1140.000000   108.477000    1600.000000   139.326000    1680.000000   108.805000    5.22149E-02  5.52825E-04  21.811500  8.953000
3  1140.000000   108.477000    1640.000000   117.482000    1720.000000   105.823000    4.49687E-02  5.04603E-04  20.180500  15.460800
3  1140.000000   108.477000    1680.000000   108.805000    1760.000000   106.406000    3.84191E-02  4.70196E-04  16.951100  24.290000
3  1140.000000   108.477000    1720.000000   105.823000    1800.000000   92.674000     3.33994E-02  4.46022E-04  16.549000  30.517400
3  1140.000000   108.477000    1760.000000   106.406000    1840.000000   86.557000     2.34733E-02  5.17859E-04  17.143400  45.474500
3  1140.000000   108.477000    2200.000000   41.028000     2280.000000   42.996000     2.92868E-03  1.17740E-04  16.154800  81.840500
3  1140.000000   108.477000    0.000000      85.461000     160.000000    106.465000    1.70428E-02  3.86630E-04  20.640600  50.497600
3  1140.000000   108.477000    40.000000     89.773000     200.000000    103.693000    1.34587E-02  3.68435E-04  21.909800  61.446400
3  1140.000000   108.477000    80.000000     95.232000     240.000000    107.318000    1.32341E-02  3.62298E-04  23.795300  61.446900
3  1140.000000   108.477000    120.000000    103.752000    280.000000    107.758000    1.41478E-02  3.69031E-04  23.794900  58.038700
3  1140.000000   108.477000    160.000000    106.465000    320.000000    109.059000    1.64072E-02  3.71198E-04  23.177100  50.469900
3  1140.000000   108.477000    200.000000    103.693000    360.000000    107.422000    1.79948E-02  4.07109E-04  25.062300  50.469700
3  1140.000000   108.477000    280.000000    107.758000    440.000000    114.190000    2.32021E-02  5.18852E-04  22.177700  45.621100
3  1140.000000   108.477000    320.000000    109.059000    480.000000    115.862000    2.74372E-02  4.77525E-04  22.988800  37.105000
3  1140.000000   108.477000    1800.000000   92.674000     1960.000000   70.212000     4.07806E-02  4.99097E-04  19.508800  24.290000
3  1140.000000   108.477000    1840.000000   86.557000     2000.000000   66.527000     3.47956E-02  4.64667E-04  20.890300  30.517400
3  1140.000000   108.477000    1880.000000   78.369000     2040.000000   61.428000     2.38055E-02  5.25187E-04  21.111800  45.474500
3  1140.000000   108.477000    1920.000000   69.798000     2080.000000   55.293000     1.78631E-02  4.04129E-04  22.096200  50.469700
3  1140.000000   108.477000    1960.000000   70.212000     2120.000000   43.879000     1.23391E-02  3.37784E-04  19.326200  61.446400
3  1140.000000   108.477000    2000.000000   66.527000     2160.000000   41.041000     1.08592E-02  3.06791E-04  11.465800  68.357400
3  1140.000000   108.477000    2040.000000   61.428000     2200.000000   41.028000     6.57226E-03  2.10426E-04  18.520500  73.583700
3  1140.000000   108.477000    2080.000000   55.293000     2240.000000   41.064000     6.68742E-03  2.14173E-04  15.781500  73.587600
3  1180.000000   111.428000    0.000000      85.461000     40.000000     89.773000     6.57740E-03  2.10782E-04  9.474240  73.596400
3  1180.000000   111.428000    840.000000    110.374000    880.000000    97.963000     2.39392E-02  5.28137E-04  28.290600  45.474500
3  1180.000000   111.428000    880.000000    97.963000     920.000000    98.528000     3.91027E-02  4.78562E-04  29.762000  24.290000
3  1180.000000   111.428000    920.000000    98.528000     960.000000    99.983000     5.21489E-02  5.52126E-04  24.419500  8.952960
3  1180.000000   111.428000    960.000000    99.983000     1000.000000   109.284000    7.91643E-02  8.12052E-04  24.225200  6.162980
3  1180.000000   111.428000    1000.000000   109.284000    1040.000000   125.393000    1.21103E-01  1.22502E-03  25.754900  4.536870
3  1180.000000   111.428000    1040.000000   125.393000    1080.000000   127.088000    1.31732E-01  1.32874E-03  29.774500  4.013540
3  1180.000000   111.428000    1080.000000   127.088000    1120.000000   112.650000    3.13756E-01  3.14678E-03  24.333500  2.156300
3  1180.000000   111.428000    1240.000000   121.717000    1280.000000   118.242000    3.13694E-01  3.14616E-03  22.275300  2.156440
3  1180.000000   111.428000    1280.000000   118.242000    1320.000000   121.622000    1.71452E-01  1.72568E-03  29.739500  3.534380
3  1180.000000   111.428000    1320.000000   121.622000    1360.000000   139.168000    1.27817E-01  1.28926E-03  35.813100  4.013800
3  1180.000000   111.428000    1360.000000   139.168000    1400.000000   152.179000    5.96133E-02  6.28586E-04  18.560100  8.038430
3  1180.000000   111.428000    1400.000000   152.179000    1440.000000   160.534000    3.93271E-02  4.81313E-04  30.952300  24.290000
3  1180.000000   111.428000    1440.000000   160.534000    1480.000000   164.497000    4.06863E-02  4.97947E-04  27.810500  24.290100
3  1180.000000   111.428000    1480.000000   164.497000    1520.000000   168.092000    2.80470E-02  4.51445E-04  26.115200  36.345800
3  1180.000000   111.428000    2240.000000   41.064000     2280.000000   42.996000     1.42087E-03  7.25581E-05  41.886800  123.454000
3  1180.000000   111.428000    0.000000      85.461000     80.000000     95.232000     1.05497E-02  2.98059E-04  9.111800  68.357900
3  1180.000000   111.428000    40.000000     89.773000     120.000000    103.752000    6.95449E-03  2.22640E-04  9.725090  73.582300
3  1180.000000   111.428000    480.000000    115.862000    560.000000    107.062000    1.05640E-02  2.98451E-04  24.063900  68.357400
3  1180.000000   111.428000    520.000000    117.315000    600.000000    109.602000    1.31003E-02  3.58622E-04  25.032700  61.446400
3  1180.000000   111.428000    560.000000    107.062000    640.000000    94.241000     1.37520E-02  3.58702E-04  25.319800  58.038500
3  1180.000000   111.428000    600.000000    109.602000    680.000000    91.001000     1.87151E-02  4.29347E-04  26.452200  50.529500
3  1180.000000   111.428000    640.000000    94.241000     720.000000    99.688000     2.22053E-02  4.89884E-04  28.089400  45.474500
3  1180.000000   111.428000    680.000000    91.001000     760.000000    109.364000    2.40348E-02  4.18201E-04  30.323000  37.102900
3  1180.000000   111.428000    720.000000    99.688000     800.000000    112.086000    2.69523E-02  4.68965E-04  30.128700  37.102900
3  1180.000000   111.428000    760.000000    109.364000    840.000000    110.374000    2.84200E-02  4.57445E-04  29.384100  36.345700
3  1180.000000   111.428000    1520.000000   168.092000    1600.000000   139.326000    4.03746E-02  4.94133E-04  25.671600  24.290000
3  1180.000000   111.428000    1560.000000   155.128000    1640.000000   117.482000    4.85394E-02  5.13916E-04  25.145900  8.953120
3  1180.000000   111.428000    1600.000000   139.326000    1680.000000   108.805000    6.22936E-02  6.56855E-04  26.593300  8.038610
3  1180.000000   111.428000    1640.000000   117.482000    1720.000000   105.823000    5.26683E-02  5.57636E-04  25.791900  8.953130
3  1180.000000   111.428000    1680.000000   108.805000    1760.000000   106.406000    4.44310E-02  4.98569E-04  22.792500  15.460800
3  1180.000000   111.428000    1720.000000   105.823000    1800.000000   92.674000     3.84367E-02  4.70415E-04  22.722400  24.290100
3  1180.000000   111.428000    1760.000000   106.406000    1840.000000   86.557000     2.68986E-02  4.68030E-04  23.692300  37.102900
3  1180.000000   111.428000    1800.000000   92.674000     1880.000000   78.369000     2.82082E-02  4.54039E-04  25.855900  36.345700
3  1180.000000   111.428000    2200.000000   41.028000     2280.000000   42.996000     3.19717E-03  1.08221E-04  43.129200  74.230600
3  1180.000000   111.428000    0.000000      85.461000     160.000000    106.465000    1.59521E-02  3.60910E-04  11.534300  50.470100
3  1180.000000   111.428000    40.000000     89.773000     200.000000    103.693000    1.25607E-02  3.43850E-04  12.103400  61.446400
3  1180.000000   111.428000    80.000000     95.232000     240.000000    107.318000    1.23087E-02  3.36952E-04  16.476000  61.446400
3  1180.000000   111.428000    120.000000    103.752000    280.000000    107.758000    1.31320E-02  3.59490E-04  18.360500  61.446400
3  1180.000000   111.428000    160.000000    106.465000    320.000000    109.059000    1.51823E-02  3.96015E-04  17.584700  58.038700
3  1180.000000   111.428000    200.000000    103.693000    360.000000    107.422000    1.65969E-02  3.75485E-04  20.968300  50.469700
3  1180.000000   111.428000    280.000000    107.758000    440.000000    114.190000    2.23562E-02  4.93363E-04  16.308600  45.477800
3  1180.000000   111.428000    320.000000    109.059000    480.000000    115.862000    2.50106E-02  4.35244E-04  22.270900  37.104100
3  1180.000000   111.428000    360.000000    107.422000    520.000000    117.315000    2.42118E-02  4.21457E-04  22.067800  37.106300
3  1180.000000   111.428000    1840.000000   86.557000     2000.000000   66.527000     3.93657E-02  4.81781E-04  29.302700  24.290000
3  1180.000000   111.428000    1880.000000   78.369000     2040.000000   61.428000     2.68129E-02  4.66539E-04  30.272800  37.102900
3  1180.000000   111.428000    1920.000000   69.798000     2080.000000   55.293000     2.00968E-02  4.61045E-04  31.654500  50.529500
3  1180.000000   111.428000    1960.000000   70.212000     2120.000000   43.879000     1.37298E-02  3.58123E-04  31.118300  58.038500
3  1180.000000   111.428000    2000.000000   66.527000     2160.000000   41.041000     1.19240E-02  3.26421E-04  26.513100  61.446400
3  1180.000000   111.428000    2040.000000   61.428000     2200.000000   41.028000     7.18150E-03  2.29908E-04  35.150900  73.582300
3  1180.000000   111.428000    2080.000000   55.293000     2240.000000   41.064000     7.28158E-03  2.33118E-04  35.730500  73.582700
3  1220.000000   118.238000    0.000000      85.461000     40.000000     89.773000     6.23997E-03  1.99766E-04  -3.729370  73.582300
3  1220.000000   118.238000    880.000000    97.963000     920.000000    98.528000     3.07318E-02  4.94656E-04  32.012200  36.345700
3  1220.000000   118.238000    920.000000    98.528000     960.000000    99.983000     3.92040E-02  4.79802E-04  26.762800  24.290000
3  1220.000000   118.238000    960.000000    99.983000     1000.000000   109.284000    5.51510E-02  5.83911E-04  25.842000  8.952910
3  1220.000000   118.238000    1000.000000   109.284000    1040.000000   125.393000    7.77414E-02  7.97456E-04  26.947400  6.162930
3  1220.000000   118.238000    1040.000000   125.393000    1080.000000   127.088000    7.52733E-02  7.80117E-04  32.383100  6.686090
3  1220.000000   118.238000    1080.000000   127.088000    1120.000000   112.650000    1.43394E-01  1.44637E-03  26.508600  4.013500
3  1220.000000   118.238000    1120.000000   112.650000    1160.000000   107.119000    4.18030E-01  4.19259E-03  27.865700  2.156260
3  1220.000000   118.238000    1280.000000   118.242000    1320.000000   121.622000    3.51442E-01  3.52475E-03  22.181100  2.156510
3  1220.000000   118.238000    1320.000000   121.622000    1360.000000   139.168000    2.22102E-01  2.23175E-03  30.955300  3.023390
3  1220.000000   118.238000    1360.000000   139.168000    1400.000000   152.179000    9.12194E-02  9.29143E-04  14.568000  5.510670
3  1220.000000   118.238000    1400.000000   152.179000    1440.000000   160.534000    5.64696E-02  5.95438E-04  30.243500  8.038410
3  1220.000000   118.238000    1440.000000   160.534000    1480.000000   164.497000    5.59746E-02  5.90219E-04  26.864800  8.038490
3  1220.000000   118.238000    1480.000000   164.497000    1520.000000   168.092000    3.69994E-02  4.52825E-04  24.785200  24.290000
3  1220.000000   118.238000    1520.000000   168.092000    1560.000000   155.128000    2.81119E-02  4.52486E-04  26.712200  36.345700
3  1220.000000   118.238000    2240.000000   41.064000     2280.000000   42.996000     1.51364E-03  7.72955E-05  18.350400  123.454000
3  1220.000000   118.238000    0.000000      85.461000     80.000000     95.232000     1.00087E-02  2.82763E-04  -1.653240  68.357400
3  1220.000000   118.238000    40.000000     89.773000     120.000000    103.752000    6.59787E-03  2.11224E-04  3.438900  73.582300
3  1220.000000   118.238000    520.000000    117.315000    600.000000    109.602000    1.19874E-02  3.28156E-04  28.501100  61.446400
3  1220.000000   118.238000    560.000000    107.062000    640.000000    94.241000     1.25136E-02  3.42561E-04  28.491600  61.446400
3  1220.000000   118.238000    600.000000    109.602000    680.000000    91.001000     1.69049E-02  3.82451E-04  29.493600  50.469700
3  1220.000000   118.238000    640.000000    94.241000     720.000000    99.688000     1.98583E-02  4.55573E-04  30.833700  50.529500
3  1220.000000   118.238000    680.000000    91.001000     760.000000    109.364000    2.12384E-02  4.68553E-04  32.949900  45.474500
3  1220.000000   118.238000    720.000000    99.688000     800.000000    112.086000    2.35858E-02  5.20340E-04  32.958200  45.474500
3  1220.000000   118.238000    760.000000    109.364000    840.000000    110.374000    2.43744E-02  4.24110E-04  31.614300  37.102900
3  1220.000000   118.238000    800.000000    112.086000    880.000000    97.963000     3.19259E-02  4.26345E-04  30.804400  30.517400
3  1220.000000   118.238000    1560.000000   155.128000    1640.000000   117.482000    5.82221E-02  6.13917E-04  22.575500  8.038430
3  1220.000000   118.238000    1600.000000   139.326000    1680.000000   108.805000    7.23259E-02  7.49578E-04  23.371800  6.686210
3  1220.000000   118.238000    1640.000000   117.482000    1720.000000   105.823000    5.96121E-02  6.28574E-04  21.665300  8.038390
3  1220.000000   118.238000    1680.000000   108.805000    1760.000000   106.406000    4.97169E-02  5.26378E-04  17.832000  8.952930
3  1220.000000   118.238000    1720.000000   105.823000    1800.000000   92.674000     4.26100E-02  4.78131E-04  17.408800  15.460700
3  1220.000000   118.238000    1760.000000   106.406000    1840.000000   86.557000     2.96330E-02  4.76970E-04  18.020800  36.345700
3  1220.000000   118.238000    1800.000000   92.674000     1880.000000   78.369000     3.10258E-02  4.99388E-04  19.582300  36.345700
3  1220.000000   118.238000    1840.000000   86.557000     1920.000000   69.798000     2.68254E-02  4.66757E-04  21.782400  37.102900
3  1220.000000   118.238000    2200.000000   41.028000     2280.000000   42.996000     3.39622E-03  1.14672E-04  20.710500  74.192000
3  1220.000000   118.238000    0.000000      85.461000     160.000000    106.465000    1.51353E-02  3.94783E-04  2.241240  58.038500
3  1220.000000   118.238000    40.000000     89.773000     200.000000    103.693000    1.19058E-02  3.25922E-04  7.459980  61.446400
3  1220.000000   118.238000    80.000000     95.232000     240.000000    107.318000    1.16422E-02  3.18717E-04  14.740800  61.446800
3  1220.000000   118.238000    120.000000    103.752000    280.000000    107.758000    1.23923E-02  3.39243E-04  18.704500  61.446500
3  1220.000000   118.238000    160.000000    106.465000    320.000000    109.059000    1.42918E-02  3.72819E-04  20.435700  58.039700
3  1220.000000   118.238000    200.000000    103.693000    360.000000    107.422000    1.55823E-02  4.06461E-04  23.814800  58.039000
3  1220.000000   118.238000    280.000000    107.758000    440.000000    114.190000    2.11691E-02  4.67058E-04  25.305200  45.475300
3  1220.000000   118.238000    320.000000    109.059000    480.000000    115.862000    2.32561E-02  5.13139E-04  25.760400  45.476000
3  1220.000000   118.238000    360.000000    107.422000    520.000000    117.315000    2.24681E-02  4.95770E-04  25.952600  45.476400
3  1220.000000   118.238000    1880.000000   78.369000     2040.000000   61.428000     2.92835E-02  4.71344E-04  22.213100  36.345700
3  1220.000000   118.238000    1920.000000   69.798000     2080.000000   55.293000     2.18575E-02  4.82211E-04  23.355500  45.474500
3  1220.000000   118.238000    1960.000000   70.212000     2120.000000   43.879000     1.48259E-02  3.86713E-04  20.980500  58.038500
3  1220.000000   118.238000    2000.000000   66.527000     2160.000000   41.041000     1.27899E-02  3.50125E-04  13.452000  61.446400
3  1220.000000   118.238000    2040.000000   61.428000     2200.000000   41.028000     7.68564E-03  2.46052E-04  19.481300  73.582500
3  1220.000000   118.238000    2080.000000   55.293000     2240.000000   41.064000     7.76570E-03  2.30681E-04  17.412500  70.743700
3  1260.000000   119.928000    0.000000      85.461000     40.000000     89.773000     6.07758E-03  1.94567E-04  -15.989700  73.582300
3  1260.000000   119.928000    920.000000    98.528000     960.000000    99.983000     3.40162E-02  4.54266E-04  27.391400  30.517400
3  1260.000000   119.928000    960.000000    99.983000     1000.000000   109.284000    4.87329E-02  5.15969E-04  26.822900  8.953140
3  1260.000000   119.928000    1000.000000   109.284000    1040.000000   125.393000    6.40335E-02  6.75195E-04  27.420800  8.038490
3  1260.000000   119.928000    1040.000000   125.393000    1080.000000   127.088000    5.88014E-02  6.20025E-04  32.574700  8.038410
3  1260.000000   119.928000    1080.000000   127.088000    1120.000000   112.650000    1.01425E-01  1.03309E-03  28.006500  5.510680
3  1260.000000   119.928000    1120.000000   112.650000    1160.000000   107.119000    2.72123E-01  2.73157E-03  30.980100  2.635280
3  1260.000000   119.928000    1160.000000   107.119000    1200.000000   112.156000    3.24461E-01  3.30772E-03  20.430000  2.826410
3  1260.000000   119.928000    1320.000000   121.622000    1360.000000   139.168000    3.26461E-01  3.27424E-03  27.080500  2.156930
3  1260.000000   119.928000    1360.000000   139.168000    1400.000000   152.179000    1.16278E-01  1.17622E-03  9.060860  4.536920
3  1260.000000   119.928000    1400.000000   152.179000    1440.000000   160.534000    6.97970E-02  7.23369E-04  29.384900  6.686250
3  1260.000000   119.928000    1440.000000   160.534000    1480.000000   164.497000    6.76542E-02  7.01175E-04  26.054800  6.686480
3  1260.000000   119.928000    1480.000000   164.497000    1520.000000   168.092000    4.40148E-02  4.93903E-04  23.913000  15.460900
3  1260.000000   119.928000    1520.000000   168.092000    1560.000000   155.128000    3.28040E-02  4.38078E-04  26.618000  30.517400
3  1260.000000   119.928000    1560.000000   155.128000    1600.000000   139.326000    2.53725E-02  4.41479E-04  20.058100  37.102900
3  1260.000000   119.928000    2240.000000   41.064000     2280.000000   42.996000     1.60012E-03  8.17117E-05  33.951800  123.454000
3  1260.000000   119.928000    0.000000      85.461000     80.000000     95.232000     9.73905E-03  2.75145E-04  -13.705500  68.357400
3  1260.000000   119.928000    40.000000     89.773000     120.000000    103.752000    6.39655E-03  2.04779E-04  -7.399580  73.582300
3  1260.000000   119.928000    560.000000    107.062000    640.000000    94.241000     1.18172E-02  3.23497E-04  26.654700  61.446400
3  1260.000000   119.928000    600.000000    109.602000    680.000000    91.001000     1.59538E-02  3.60934E-04  28.201100  50.469700
3  1260.000000   119.928000    640.000000    94.241000     720.000000    99.688000     1.85911E-02  4.26502E-04  29.694200  50.529500
3  1260.000000   119.928000    680.000000    91.001000     760.000000    109.364000    1.97445E-02  4.52963E-04  31.928300  50.529500
3  1260.000000   119.928000    720.000000    99.688000     800.000000    112.086000    2.19603E-02  4.84479E-04  32.480000  45.474500
3  1260.000000   119.928000    760.000000    109.364000    840.000000    110.374000    2.24197E-02  4.94614E-04  31.086600  45.474500
3  1260.000000   119.928000    800.000000    112.086000    880.000000    97.963000     2.88005E-02  4.63573E-04  30.373400  36.345700
3  1260.000000   119.928000    840.000000    110.374000    920.000000    98.528000     4.43712E-02  4.97903E-04  31.238300  15.460800
3  1260.000000   119.928000    1600.000000   139.326000    1680.000000   108.805000    8.09094E-02  8.30001E-04  23.019800  6.163890
3  1260.000000   119.928000    1640.000000   117.482000    1720.000000   105.823000    6.57142E-02  6.81082E-04  21.331900  6.686880
3  1260.000000   119.928000    1680.000000   108.805000    1760.000000   106.406000    5.42656E-02  5.74553E-04  17.530300  8.953340
3  1260.000000   119.928000    1720.000000   105.823000    1800.000000   92.674000     4.63388E-02  5.19991E-04  17.177400  15.461000
3  1260.000000   119.928000    1760.000000   106.406000    1840.000000   86.557000     3.21305E-02  4.29084E-04  17.950100  30.517400
3  1260.000000   119.928000    1800.000000   92.674000     1880.000000   78.369000     3.35243E-02  4.47704E-04  19.509400  30.517500
3  1260.000000   119.928000    1840.000000   86.557000     1920.000000   69.798000     2.88907E-02  4.65028E-04  21.863700  36.345800
3  1260.000000   119.928000    1880.000000   78.369000     1960.000000   70.212000     2.12403E-02  4.68597E-04  22.064800  45.474600
3  1260.000000   119.928000    2200.000000   41.028000     2280.000000   42.996000     3.59606E-03  1.21454E-04  35.214800  74.196400
3  1260.000000   119.928000    0.000000      85.461000     160.000000    106.465000    1.46890E-02  3.83142E-04  -9.562340  58.038500
3  1260.000000   119.928000    40.000000     89.773000     200.000000    103.693000    1.15077E-02  3.15024E-04  -3.882090  61.446400
3  1260.000000   119.928000    80.000000     95.232000     240.000000    107.318000    1.12144E-02  3.16826E-04  3.770190  68.357400
3  1260.000000   119.928000    120.000000    103.752000    280.000000    107.758000    1.19161E-02  3.26212E-04  8.032220  61.446700
3  1260.000000   119.928000    160.000000    106.465000    320.000000    109.059000    1.37179E-02  3.57875E-04  10.835700  58.040600
3  1260.000000   119.928000    200.000000    103.693000    360.000000    107.422000    1.49407E-02  3.89718E-04  15.410100  58.038800
3  1260.000000   119.928000    280.000000    107.758000    440.000000    114.190000    2.02591E-02  4.64768E-04  19.451700  50.529500
3  1260.000000   119.928000    320.000000    109.059000    480.000000    115.862000    2.22466E-02  4.90798E-04  21.104300  45.474600
3  1260.000000   119.928000    360.000000    107.422000    520.000000    117.315000    2.14674E-02  4.73609E-04  21.867900  45.474600
3  1260.000000   119.928000    440.000000    114.190000    600.000000    109.602000    2.07349E-02  4.75683E-04  24.809100  50.529500
3  1260.000000   119.928000    1920.000000   69.798000     2080.000000   55.293000     2.34248E-02  5.16791E-04  23.982700  45.474600
3  1260.000000   119.928000    1960.000000   70.212000     2120.000000   43.879000     1.57946E-02  3.57334E-04  23.755100  50.469700
3  1260.000000   119.928000    2000.000000   66.527000     2160.000000   41.041000     1.35257E-02  3.52802E-04  19.684900  58.038600
3  1260.000000   119.928000    2040.000000   61.428000     2200.000000   41.028000     8.11921E-03  2.41199E-04  23.921200  70.744600
3  1260.000000   119.928000    2080.000000   55.293000     2240.000000   41.064000     8.19442E-03  2.43449E-04  24.454700  70.745400
3  1300.000000   120.477000    0.000000      85.461000     40.000000     89.773000     5.78592E-03  1.85627E-04  -1.894320  73.452900
3  1300.000000   120.477000    960.000000    99.983000     1000.000000   109.284000    3.82874E-02  4.68584E-04  25.011400  24.290000
3  1300.000000   120.477000    1000.000000   109.284000    1040.000000   125.393000    5.00457E-02  5.29879E-04  26.601200  8.953380
3  1300.000000   120.477000    1080.000000   127.088000    1120.000000   112.650000    6.80996E-02  7.83159E-04  33.627000  8.339610
3  1300.000000   120.477000    1120.000000   112.650000    1160.000000   107.119000    1.68394E-01  2.27017E-03  41.901000  9.640150
3  1300.000000   120.477000    1160.000000   107.119000    1200.000000   112.156000    1.69932E-01  1.77317E-03  27.135300  4.479510
3  1300.000000   120.477000    1200.000000   112.156000    1240.000000   121.717000    3.52836E-01  3.56887E-03  23.188400  2.523800
3  1300.000000   120.477000    1360.000000   139.168000    1400.000000   152.179000    2.09189E-01  2.15191E-03  16.804300  3.740700
3  1300.000000   120.477000    1400.000000   152.179000    1440.000000   160.534000    1.05343E-01  1.06561E-03  29.804200  4.536930
3  1300.000000   120.477000    1440.000000   160.534000    1480.000000   164.497000    9.59235E-02  9.77058E-04  26.802900  5.510610
3  1300.000000   120.477000    1480.000000   164.497000    1520.000000   168.092000    5.88643E-02  6.20683E-04  24.491200  8.038330
3  1300.000000   120.477000    1520.000000   168.092000    1560.000000   155.128000    4.12774E-02  1.10586E-03  31.589300  28.825000
3  1300.000000   120.477000    1560.000000   155.128000    1600.000000   139.326000    3.13344E-02  5.04355E-04  21.119900  36.345700
3  1300.000000   120.477000    1600.000000   139.326000    1640.000000   117.482000    4.83260E-02  5.11652E-04  24.542300  8.952960
3  1300.000000   120.477000    2240.000000   41.064000     2280.000000   42.996000     1.79503E-03  7.15779E-05  147.559000  81.680500
3  1300.000000   120.477000    0.000000      85.461000     80.000000     95.232000     9.27623E-03  2.75552E-04  0.447895  70.743800
3  1300.000000   120.477000    40.000000     89.773000     120.000000    103.752000    6.09868E-03  1.95247E-04  6.404660  73.582600
3  1300.000000   120.477000    600.000000    109.602000    680.000000    91.001000     1.47746E-02  3.85376E-04  27.827100  58.038600
3  1300.000000   120.477000    640.000000    94.241000     720.000000    99.688000     1.71283E-02  3.87507E-04  29.278800  50.469700
3  1300.000000   120.477000    680.000000    91.001000     760.000000    109.364000    1.80692E-02  4.08792E-04  31.430600  50.469700
3  1300.000000   120.477000    720.000000    99.688000     800.000000    112.086000    1.99672E-02  4.58072E-04  31.727200  50.529500
3  1300.000000   120.477000    760.000000    109.364000    840.000000    110.374000    2.01881E-02  4.63139E-04  30.289900  50.529500
3  1300.000000   120.477000    800.000000    112.086000    880.000000    97.963000     2.54724E-02  4.43215E-04  29.618500  37.102900
3  1300.000000   120.477000    840.000000    110.374000    920.000000    98.528000     3.83089E-02  4.68847E-04  30.730600  24.290000
3  1300.000000   120.477000    880.000000    97.963000     960.000000    99.983000     5.13421E-02  5.43584E-04  29.065000  8.953000
3  1300.000000   120.477000    1640.000000   117.482000    1720.000000   105.823000    7.40755E-02  7.67711E-04  22.477600  6.686130
3  1300.000000   120.477000    1680.000000   108.805000    1760.000000   106.406000    6.06647E-02  6.39667E-04  18.882700  8.038340
3  1300.000000   120.477000    1720.000000   105.823000    1800.000000   92.674000     5.12687E-02  5.42807E-04  18.423400  8.952930
3  1300.000000   120.477000    1760.000000   106.406000    1840.000000   86.557000     3.52961E-02  4.71351E-04  19.156300  30.517400
3  1300.000000   120.477000    1800.000000   92.674000     1880.000000   78.369000     3.67358E-02  4.49595E-04  20.770600  24.290000
3  1300.000000   120.477000    1840.000000   86.557000     1920.000000   69.798000     3.15887E-02  4.21842E-04  23.178200  30.517400
3  1300.000000   120.477000    1880.000000   78.369000     1960.000000   70.212000     2.31323E-02  5.10336E-04  23.361300  45.474500
3  1300.000000   120.477000    1920.000000   69.798000     2000.000000   66.527000     1.89608E-02  4.34984E-04  23.564000  50.529500
3  1300.000000   120.477000    0.000000      85.461000     160.000000    106.465000    1.39980E-02  3.65163E-04  4.285890  58.039900
3  1300.000000   120.477000    40.000000     89.773000     200.000000    103.693000    1.09784E-02  3.10158E-04  8.580930  68.357400
3  1300.000000   120.477000    80.000000     95.232000     240.000000    107.318000    1.06958E-02  3.02175E-04  14.064600  68.357400
3  1300.000000   120.477000    120.000000    103.752000    280.000000    107.758000    1.13543E-02  3.20778E-04  16.554300  68.357400
3  1300.000000   120.477000    160.000000    106.465000    320.000000    109.059000    1.30571E-02  3.57458E-04  17.928300  61.447000
3  1300.000000   120.477000    200.000000    103.693000    360.000000    107.422000    1.41851E-02  3.70004E-04  20.969800  58.038700
3  1300.000000   120.477000    280.000000    107.758000    440.000000    114.190000    1.91458E-02  4.39237E-04  22.369900  50.529700
3  1300.000000   120.477000    320.000000    109.059000    480.000000    115.862000    2.09792E-02  4.81332E-04  22.856800  50.530500
3  1300.000000   120.477000    360.000000    107.422000    520.000000    117.315000    2.02172E-02  4.63817E-04  23.369700  50.529700
3  1300.000000   120.477000    440.000000    114.190000    600.000000    109.602000    1.94112E-02  4.45316E-04  25.336500  50.529500
3  1300.000000   120.477000    480.000000    115.862000    640.000000    94.241000     1.96443E-02  4.50697E-04  26.286400  50.530300
3  1300.000000   120.477000    1960.000000   70.212000     2120.000000   43.879000     1.69713E-02  3.83957E-04  24.116400  50.469800
3  1300.000000   120.477000    2000.000000   66.527000     2160.000000   41.041000     1.44307E-02  3.76406E-04  19.537300  58.038500
3  1300.000000   120.477000    2040.000000   61.428000     2200.000000   41.028000     8.65813E-03  2.57180E-04  25.726800  70.743200
3  1300.000000   120.477000    2080.000000   55.293000     2240.000000   41.064000     8.71644E-03  2.58904E-04  24.318900  70.742800
3  1340.000000   126.284000    1000.000000   109.284000    1040.000000   125.393000    3.77492E-02  4.61997E-04  23.515300  24.290000
3  1340.000000   126.284000    1040.000000   125.393000    1080.000000   127.088000    3.16234E-02  4.22305E-04  28.337000  30.517400
3  1340.000000   126.284000    1080.000000   127.088000    1120.000000   112.650000    4.54985E-02  5.10543E-04  28.324800  15.460800
3  1340.000000   126.284000    1120.000000   112.650000    1160.000000   107.119000    1.01893E-01  1.03786E-03  33.612000  5.510620
3  1340.000000   126.284000    1160.000000   107.119000    1200.000000   112.156000    9.06166E-02  9.23003E-04  29.019900  5.510590
3  1340.000000   126.284000    1200.000000   112.156000    1240.000000   121.717000    1.53760E-01  1.54759E-03  27.669200  3.534140
3  1340.000000   126.284000    1240.000000   121.717000    1280.000000   118.242000    2.72947E-01  2.73981E-03  29.169700  2.635050
3  1340.000000   126.284000    1400.000000   152.179000    1440.000000   160.534000    3.34222E-01  3.35205E-03  28.457300  2.156540
3  1340.000000   126.284000    1440.000000   160.534000    1480.000000   164.497000    2.28917E-01  2.30025E-03  26.979100  3.023570
3  1340.000000   126.284000    1480.000000   164.497000    1520.000000   168.092000    1.20712E-01  1.22109E-03  24.110700  4.537200
3  1340.000000   126.284000    1520.000000   168.092000    1560.000000   155.128000    7.60868E-02  7.80498E-04  31.110500  6.163230
3  1340.000000   126.284000    1560.000000   155.128000    1600.000000   139.326000    4.99249E-02  5.28585E-04  22.323000  8.953060
3  1340.000000   126.284000    1600.000000   139.326000    1640.000000   117.482000    7.08743E-02  7.34563E-04  25.864300  6.686850
3  1340.000000   126.284000    1640.000000   117.482000    1680.000000   108.805000    5.84853E-02  6.16710E-04  24.912400  8.038880
3  1340.000000   126.284000    2240.000000   41.064000     2280.000000   42.996000     1.81587E-03  7.24089E-05  21.405100  81.680500
3  1340.000000   126.284000    40.000000     89.773000     120.000000    103.752000    5.64316E-03  1.81135E-04  -11.221900  73.459700
3  1340.000000   126.284000    640.000000    94.241000     720.000000    99.688000     1.55167E-02  4.04731E-04  24.777900  58.038500
3  1340.000000   126.284000    680.000000    91.001000     760.000000    109.364000    1.62914E-02  3.68572E-04  27.141400  50.469700
3  1340.000000   126.284000    720.000000    99.688000     800.000000    112.086000    1.77695E-02  4.02012E-04  27.470200  50.469700
3  1340.000000   126.284000    760.000000    109.364000    840.000000    110.374000    1.78443E-02  4.03704E-04  26.254000  50.469700
3  1340.000000   126.284000    800.000000    112.086000    880.000000    97.963000     2.21961E-02  4.89681E-04  25.860800  45.474500
3  1340.000000   126.284000    840.000000    110.374000    920.000000    98.528000     3.26791E-02  4.36403E-04  27.323300  30.517400
3  1340.000000   126.284000    880.000000    97.963000     960.000000    99.983000     4.25410E-02  4.77357E-04  25.765800  15.460800
3  1340.000000   126.284000    920.000000    98.528000     1000.000000   109.284000    5.33594E-02  5.64943E-04  22.807600  8.952950
3  1340.000000   126.284000    1680.000000   108.805000    1760.000000   106.406000    7.38632E-02  7.65518E-04  21.347100  6.686390
3  1340.000000   126.284000    1720.000000   105.823000    1800.000000   92.674000     6.06932E-02  6.39979E-04  20.673800  8.038540
3  1340.000000   126.284000    1760.000000   106.406000    1840.000000   86.557000     4.09977E-02  5.01759E-04  21.303200  24.290000
3  1340.000000   126.284000    1800.000000   92.674000     1880.000000   78.369000     4.25009E-02  4.76911E-04  23.159100  15.460800
3  1340.000000   126.284000    1840.000000   86.557000     1920.000000   69.798000     3.64088E-02  4.45593E-04  25.788300  24.290000
3  1340.000000   126.284000    1880.000000   78.369000     1960.000000   70.212000     2.64535E-02  4.60286E-04  26.095500  37.102900
3  1340.000000   126.284000    1920.000000   69.798000     2000.000000   66.527000     2.14678E-02  4.73614E-04  26.036600  45.474500
3  1340.000000   126.284000    1960.000000   70.212000     2040.000000   61.428000     1.23221E-02  3.37319E-04  27.024600  61.446400
3  1340.000000   126.284000    2200.000000   41.028000     2280.000000   42.996000     4.08306E-03  1.38771E-04  20.059400  74.293600
3  1340.000000   126.284000    0.000000      85.461000     160.000000    106.465000    1.29535E-02  3.55018E-04  -15.791700  61.460700
3  1340.000000   126.284000    40.000000     89.773000     200.000000    103.693000    1.01540E-02  2.86868E-04  -9.004450  68.357400
3  1340.000000   126.284000    80.000000     95.232000     240.000000    107.318000    9.89065E-03  2.79528E-04  -1.592920  68.361600
3  1340.000000   126.284000    120.000000    103.752000    280.000000    107.758000    1.05043E-02  2.96840E-04  2.668500  68.360400
3  1340.000000   126.284000    160.000000    106.465000    320.000000    109.059000    1.20876E-02  3.30954E-04  5.640380  61.448400
3  1340.000000   126.284000    200.000000    103.693000    360.000000    107.422000    1.31287E-02  3.59455E-04  10.652500  61.448300
3  1340.000000   126.284000    280.000000    107.758000    440.000000    114.190000    1.76738E-02  3.99859E-04  14.579400  50.470000
3  1340.000000   126.284000    320.000000    109.059000    480.000000    115.862000    1.93191E-02  4.43223E-04  16.087600  50.530000
3  1340.000000   126.284000    360.000000    107.422000    520.000000    117.315000    1.86178E-02  4.27135E-04  17.013800  50.530000
3  1340.000000   126.284000    440.000000    114.190000    600.000000    109.602000    1.77813E-02  4.02279E-04  19.523700  50.469700
3  1340.000000   126.284000    480.000000    115.862000    640.000000    94.241000     1.79829E-02  4.06840E-04  20.809500  50.469700
3  1340.000000   126.284000    520.000000    117.315000    680.000000    91.001000     2.31049E-02  5.09731E-04  22.172800  45.474500
3  1340.000000   126.284000    2000.000000   66.527000     2160.000000   41.041000     1.57615E-02  3.56587E-04  21.700800  50.469800
3  1340.000000   126.284000    2040.000000   61.428000     2200.000000   41.028000     9.43264E-03  2.80197E-04  26.463700  70.743700
3  1340.000000   126.284000    2080.000000   55.293000     2240.000000   41.064000     9.43850E-03  2.80613E-04  22.240500  70.754500
3  1380.000000   148.857000    0.000000      85.461000     40.000000     89.773000     5.06487E-03  1.62540E-04  -13.733800  73.456900
3  1380.000000   148.857000    1040.000000   125.393000    1080.000000   127.088000    2.52641E-02  4.39598E-04  29.074500  37.103000
3  1380.000000   148.857000    1080.000000   127.088000    1120.000000   112.650000    3.41759E-02  4.56409E-04  29.269700  30.517600
3  1380.000000   148.857000    1120.000000   112.650000    1160.000000   107.119000    7.37819E-02  7.64757E-04  34.507900  6.688080
3  1380.000000   148.857000    1160.000000   107.119000    1200.000000   112.156000    6.14312E-02  6.47780E-04  30.210900  8.039040
3  1380.000000   148.857000    1200.000000   112.156000    1240.000000   121.717000    9.26073E-02  9.43335E-04  29.567100  5.511630
3  1380.000000   148.857000    1240.000000   121.717000    1280.000000   118.242000    1.35451E-01  1.36631E-03  33.187400  4.014620
3  1380.000000   148.857000    1280.000000   118.242000    1320.000000   121.622000    2.70552E-01  2.71586E-03  25.962000  2.636180
3  1380.000000   148.857000    1440.000000   160.534000    1480.000000   164.497000    6.78848E-01  6.80063E-03  15.308800  1.754080
3  1380.000000   148.857000    1480.000000   164.497000    1520.000000   168.092000    3.01548E-01  3.02700E-03  13.728200  2.636190
3  1380.000000   148.857000    1520.000000   168.092000    1560.000000   155.128000    1.68930E-01  1.70035E-03  22.126500  3.535400
3  1380.000000   148.857000    1560.000000   155.128000    1600.000000   139.326000    9.47707E-02  9.65344E-04  12.950700  5.511200
3  1380.000000   148.857000    1600.000000   139.326000    1640.000000   117.482000    1.25195E-01  1.26298E-03  17.002000  4.017080
3  1380.000000   148.857000    1640.000000   117.482000    1680.000000   108.805000    8.90283E-02  9.06922E-04  15.917400  5.512710
3  1380.000000   148.857000    1680.000000   108.805000    1720.000000   105.823000    5.03782E-02  5.33404E-04  13.464200  8.953560
3  1380.000000   148.857000    2240.000000   41.064000     2280.000000   42.996000     2.02823E-03  8.08769E-05  -0.541485  81.680500
3  1380.000000   148.857000    0.000000      85.461000     80.000000     95.232000     8.10474E-03  2.40757E-04  -13.982700  70.744000
3  1380.000000   148.857000    40.000000     89.773000     120.000000    103.752000    5.30758E-03  1.70209E-04  -10.982400  73.447000
3  1380.000000   148.857000    680.000000    91.001000     760.000000    109.364000    1.46704E-02  3.82660E-04  35.225500  58.038600
3  1380.000000   148.857000    720.000000    99.688000     800.000000    112.086000    1.59592E-02  3.61059E-04  34.844200  50.469800
3  1380.000000   148.857000    760.000000    109.364000    840.000000    110.374000    1.59320E-02  3.60442E-04  33.430600  50.469700
3  1380.000000   148.857000    800.000000    112.086000    880.000000    97.963000     1.96010E-02  4.49672E-04  32.331000  50.529600
3  1380.000000   148.857000    840.000000    110.374000    920.000000    98.528000     2.84362E-02  4.57715E-04  33.111800  36.345800
3  1380.000000   148.857000    880.000000    97.963000     960.000000    99.983000     3.65731E-02  4.47618E-04  30.595900  24.290200
3  1380.000000   148.857000    920.000000    98.528000     1000.000000   109.284000    4.51675E-02  5.06861E-04  26.471500  15.461200
3  1380.000000   148.857000    960.000000    99.983000     1040.000000   125.393000    5.62722E-02  5.93402E-04  25.939700  8.039480
3  1380.000000   148.857000    1720.000000   105.823000    1800.000000   92.674000     8.12539E-02  8.33527E-04  10.163900  6.163850
3  1380.000000   148.857000    1760.000000   106.406000    1840.000000   86.557000     5.35625E-02  5.67109E-04  10.307800  8.953290
3  1380.000000   148.857000    1800.000000   92.674000     1880.000000   78.369000     5.45526E-02  5.77614E-04  11.322700  8.953750
3  1380.000000   148.857000    1840.000000   86.557000     1920.000000   69.798000     4.59770E-02  5.15936E-04  13.271900  15.461100
3  1380.000000   148.857000    1880.000000   78.369000     1960.000000   70.212000     3.26991E-02  4.36687E-04  12.638600  30.517600
3  1380.000000   148.857000    1920.000000   69.798000     2000.000000   66.527000     2.63833E-02  4.59075E-04  12.346800  37.103000
3  1380.000000   148.857000    1960.000000   70.212000     2040.000000   61.428000     1.50344E-02  3.92154E-04  12.887800  58.038600
3  1380.000000   148.857000    2000.000000   66.527000     2080.000000   55.293000     8.55863E-03  2.54217E-04  16.290900  70.742800
3  1380.000000   148.857000    2200.000000   41.028000     2280.000000   42.996000     4.58249E-03  1.46949E-04  -0.154467  73.446400
3  1380.000000   148.857000    0.000000      85.461000     160.000000    106.465000    1.22136E-02  3.34422E-04  -10.153900  61.449100
3  1380.000000   148.857000    40.000000     89.773000     200.000000    103.693000    9.53457E-03  2.83270E-04  -6.087230  70.745700
3  1380.000000   148.857000    80.000000     95.232000     240.000000    107.318000    9.28337E-03  2.75952E-04  4.512300  70.752200
3  1380.000000   148.857000    120.000000    103.752000    280.000000    107.758000    9.84460E-03  2.78207E-04  10.080600  68.360800
3  1380.000000   148.857000    160.000000    106.465000    320.000000    109.059000    1.13055E-02  3.20346E-04  13.701600  68.392000
3  1380.000000   148.857000    200.000000    103.693000    360.000000    107.422000    1.22615E-02  3.36918E-04  19.684800  61.492200
3  1380.000000   148.857000    280.000000    107.758000    440.000000    114.190000    1.64038E-02  3.72739E-04  26.946800  50.514100
3  1380.000000   148.857000    320.000000    109.059000    480.000000    115.862000    1.78995E-02  4.05894E-04  28.471300  50.493300
3  1380.000000   148.857000    360.000000    107.422000    520.000000    117.315000    1.72066E-02  3.90676E-04  29.896900  50.506200
3  1380.000000   148.857000    440.000000    114.190000    600.000000    109.602000    1.63249E-02  3.69330E-04  29.956000  50.469700
3  1380.000000   148.857000    480.000000    115.862000    640.000000    94.241000     1.64296E-02  3.71943E-04  31.350600  50.476300
3  1380.000000   148.857000    520.000000    117.315000    680.000000    91.001000     2.10643E-02  4.64712E-04  31.714000  45.474500
3  1380.000000   148.857000    560.000000    107.062000    720.000000    99.688000     2.32050E-02  5.11942E-04  32.812100  45.474600
3  1380.000000   148.857000    2080.000000   55.293000     2240.000000   41.064000     1.06184E-02  3.00251E-04  0.349901  68.367700
3  1420.000000   158.796000    0.000000      85.461000     40.000000     89.773000     4.96989E-03  1.59529E-04  -0.251236  73.460200
3  1420.000000   158.796000    1080.000000   127.088000    1120.000000   112.650000    2.81778E-02  4.53547E-04  23.013000  36.345700
3  1420.000000   158.796000    1120.000000   112.650000    1160.000000   107.119000    5.97234E-02  6.29741E-04  29.262700  8.038320
3  1420.000000   158.796000    1160.000000   107.119000    1200.000000   112.156000    4.78421E-02  8.21664E-04  26.539200  16.218000
3  1420.000000   158.796000    1200.000000   112.156000    1240.000000   121.717000    6.95548E-02  7.20852E-04  26.745100  6.686100
3  1420.000000   158.796000    1240.000000   121.717000    1280.000000   118.242000    9.15224E-02  9.32229E-04  31.205700  5.510550
3  1420.000000   158.796000    1280.000000   118.242000    1320.000000   121.622000    1.50633E-01  1.51939E-03  24.319400  4.013510
3  1420.000000   158.796000    1480.000000   164.497000    1520.000000   168.092000    6.07253E-01  6.08334E-03  10.496100  1.753480
3  1420.000000   158.796000    1520.000000   168.092000    1560.000000   155.128000    3.00764E-01  3.01904E-03  16.108400  2.635000
3  1420.000000   158.796000    1560.000000   155.128000    1600.000000   139.326000    1.53681E-01  1.54680E-03  10.982500  3.534080
3  1420.000000   158.796000    1600.000000   139.326000    1640.000000   117.482000    1.91939E-01  1.92866E-03  15.495400  3.023070
3  1420.000000   158.796000    1640.000000   117.482000    1680.000000   108.805000    1.22328E-01  1.23741E-03  18.246800  4.536810
3  1420.000000   158.796000    1680.000000   108.805000    1720.000000   105.823000    6.63529E-02  6.87668E-04  18.346600  6.686090
3  1420.000000   158.796000    2240.000000   41.064000     2280.000000   42.996000     2.19126E-03  8.73778E-05  32.902000  81.680500
3  1420.000000   158.796000    0.000000      85.461000     80.000000     95.232000     7.94156E-03  2.35887E-04  0.287608  70.742800
3  1420.000000   158.796000    40.000000     89.773000     120.000000    103.752000    5.16769E-03  1.65715E-04  2.809160  73.446400
3  1420.000000   158.796000    440.000000    114.190000    520.000000    117.315000    6.99138E-03  2.23821E-04  8.563370  73.582300
3  1420.000000   158.796000    720.000000    99.688000     800.000000    112.086000    1.47163E-02  3.83856E-04  20.529400  58.038500
3  1420.000000   158.796000    760.000000    109.364000    840.000000    110.374000    1.46386E-02  3.81827E-04  19.682800  58.038500
3  1420.000000   158.796000    800.000000    112.086000    880.000000    97.963000     1.78795E-02  4.04500E-04  19.747900  50.469700
3  1420.000000   158.796000    840.000000    110.374000    920.000000    98.528000     2.56283E-02  4.45927E-04  21.283300  37.102900
3  1420.000000   158.796000    880.000000    97.963000     960.000000    99.983000     3.28700E-02  4.38953E-04  20.328100  30.517400
3  1420.000000   158.796000    920.000000    98.528000     1000.000000   109.284000    4.04927E-02  4.95574E-04  17.923800  24.290000
3  1420.000000   158.796000    960.000000    99.983000     1040.000000   125.393000    4.98131E-02  5.27396E-04  18.159600  8.952930
3  1420.000000   158.796000    1000.000000   109.284000    1080.000000   127.088000    4.90619E-02  5.19443E-04  20.249200  8.952920
3  1420.000000   158.796000    1760.000000   106.406000    1840.000000   86.557000     6.63041E-02  6.87162E-04  19.409900  6.686100
3  1420.000000   158.796000    1800.000000   92.674000     1880.000000   78.369000     6.66511E-02  6.90759E-04  21.664300  6.686120
3  1420.000000   158.796000    1840.000000   86.557000     1920.000000   69.798000     5.54567E-02  5.84752E-04  25.241400  8.038340
3  1420.000000   158.796000    1880.000000   78.369000     1960.000000   70.212000     3.87488E-02  4.74231E-04  26.785900  24.290000
3  1420.000000   158.796000    1920.000000   69.798000     2000.000000   66.527000     3.11109E-02  5.00758E-04  27.136200  36.345700
3  1420.000000   158.796000    1960.000000   70.212000     2040.000000   61.428000     1.76064E-02  3.98322E-04  28.644600  50.469700
3  1420.000000   158.796000    2000.000000   66.527000     2080.000000   55.293000     9.93314E-03  2.80628E-04  33.240700  68.357400
3  1420.000000   158.796000    2040.000000   61.428000     2120.000000   43.879000     8.20620E-03  2.43748E-04  30.067900  70.742800
3  1420.000000   158.796000    2200.000000   41.028000     2280.000000   42.996000     4.95901E-03  1.59206E-04  35.517800  73.462400
3  1420.000000   158.796000    0.000000      85.461000     160.000000    106.465000    1.19214E-02  3.26507E-04  2.630550  61.452300
3  1420.000000   158.796000    40.000000     89.773000     200.000000    103.693000    9.24731E-03  2.74685E-04  1.455180  70.743400
3  1420.000000   158.796000    80.000000     95.232000     240.000000    107.318000    8.93012E-03  2.65328E-04  1.638240  70.746400
3  1420.000000   158.796000    120.000000    103.752000    280.000000    107.758000    9.42521E-03  2.79988E-04  0.200307  70.744200
3  1420.000000   158.796000    160.000000    106.465000    320.000000    109.059000    1.07805E-02  3.04588E-04  0.746214  68.358200
3  1420.000000   158.796000    200.000000    103.693000    360.000000    107.422000    1.16194E-02  3.18105E-04  0.942603  61.447300
3  1420.000000   158.796000    440.000000    114.190000    600.000000    109.602000    1.52962E-02  3.98980E-04  10.671300  58.038500
3  1420.000000   158.796000    480.000000    115.862000    640.000000    94.241000     1.53268E-02  3.99778E-04  12.118700  58.038500
3  1420.000000   158.796000    520.000000    117.315000    680.000000    91.001000     1.96448E-02  4.50675E-04  14.200700  50.529500
3  1420.000000   158.796000    560.000000    107.062000    720.000000    99.688000     2.15192E-02  4.74748E-04  15.523100  45.474500
3  1420.000000   158.796000    600.000000    109.602000    760.000000    109.364000    2.48509E-02  4.32401E-04  17.616100  37.102900
3  1420.000000   158.796000    2080.000000   55.293000     2240.000000   41.064000     1.14887E-02  3.14763E-04  36.312400  61.456400
3  1460.000000   159.081000    0.000000      85.461000     40.000000     89.773000     4.60684E-03  1.47730E-04  -6.894060  73.446400
3  1460.000000   159.081000    440.000000    114.190000    480.000000    115.862000    4.17478E-03  1.40906E-04  20.530500  74.186200
3  1460.000000   159.081000    1120.000000   112.650000    1160.000000   107.119000    4.77153E-02  5.05195E-04  30.551400  8.953170
3  1460.000000   159.081000    1160.000000   107.119000    1200.000000   112.156000    3.67820E-02  6.67277E-04  27.932200  27.736800
3  1460.000000   159.081000    1200.000000   112.156000    1240.000000   121.717000    5.16846E-02  5.47211E-04  27.551100  8.952950
3  1460.000000   159.081000    1240.000000   121.717000    1280.000000   118.242000    6.19948E-02  6.53692E-04  31.072500  8.038390
3  1460.000000   159.081000    1320.000000   121.622000    1360.000000   139.168000    4.17181E-01  1.07201E-02  38.646500  23.756500
3  1460.000000   159.081000    1360.000000   139.168000    1400.000000   152.179000    7.55001E-01  7.94903E-03  10.553900  3.750020
3  1460.000000   159.081000    1560.000000   155.128000    1600.000000   139.326000    2.73106E-01  2.74196E-03  7.340810  2.642390
3  1460.000000   159.081000    1600.000000   139.326000    1640.000000   117.482000    3.14928E-01  3.16128E-03  11.546400  2.196330
3  1460.000000   159.081000    1640.000000   117.482000    1680.000000   108.805000    1.77861E-01  1.79616E-03  13.772900  3.629030
3  1460.000000   159.081000    1680.000000   108.805000    1720.000000   105.823000    8.92247E-02  9.12724E-04  13.372600  5.591020
3  1460.000000   159.081000    1720.000000   105.823000    1760.000000   106.406000    8.53542E-02  8.83177E-04  11.016500  6.310600
3  1460.000000   159.081000    1760.000000   106.406000    1800.000000   92.674000     4.67657E-02  5.26544E-04  14.844900  15.488400
3  1460.000000   159.081000    2240.000000   41.064000     2280.000000   42.996000     2.40492E-03  9.58981E-05  22.915100  81.680600
3  1460.000000   159.081000    0.000000      85.461000     80.000000     95.232000     7.36893E-03  2.35908E-04  -4.535630  73.582300
3  1460.000000   159.081000    40.000000     89.773000     120.000000    103.752000    4.79797E-03  1.53859E-04  1.117470  73.446400
3  1460.000000   159.081000    440.000000    114.190000    520.000000    117.315000    6.45704E-03  2.06718E-04  21.423000  73.582500
3  1460.000000   159.081000    760.000000    109.364000    840.000000    110.374000    1.32529E-02  3.62799E-04  26.619100  61.446400
3  1460.000000   159.081000    800.000000    112.086000    880.000000    97.963000     1.60421E-02  3.62932E-04  26.070200  50.469700
3  1460.000000   159.081000    840.000000    110.374000    920.000000    98.528000     2.27622E-02  5.02173E-04  27.141700  45.474600
3  1460.000000   159.081000    880.000000    97.963000     960.000000    99.983000     2.91402E-02  4.69041E-04  25.393100  36.345800
3  1460.000000   159.081000    920.000000    98.528000     1000.000000   109.284000    3.58240E-02  4.78412E-04  21.915100  30.517500
3  1460.000000   159.081000    960.000000    99.983000     1040.000000   125.393000    4.35138E-02  4.88286E-04  21.296000  15.461000
3  1460.000000   159.081000    1000.000000   109.284000    1080.000000   127.088000    4.22719E-02  4.74346E-04  22.638500  15.460900
3  1460.000000   159.081000    1040.000000   125.393000    1120.000000   112.650000    4.15677E-02  4.66439E-04  24.416000  15.460800
3  1460.000000   159.081000    1800.000000   92.674000     1880.000000   78.369000     8.25413E-02  9.90372E-04  16.430700  8.759250
3  1460.000000   159.081000    1840.000000   86.557000     1920.000000   69.798000     6.77251E-02  8.64531E-04  19.815200  10.012400
3  1460.000000   159.081000    1880.000000   78.369000     1960.000000   70.212000     4.70688E-02  5.28248E-04  19.335600  15.462000
3  1460.000000   159.081000    1920.000000   69.798000     2000.000000   66.527000     3.75465E-02  4.59607E-04  19.478300  24.291200
3  1460.000000   159.081000    1960.000000   70.212000     2040.000000   61.428000     2.10975E-02  4.65478E-04  20.770800  45.475300
3  1460.000000   159.081000    2000.000000   66.527000     2080.000000   55.293000     1.17878E-02  3.22710E-04  25.278600  61.447100
3  1460.000000   159.081000    2040.000000   61.428000     2120.000000   43.879000     9.28716E-03  2.75883E-04  22.909400  70.744000
3  1460.000000   159.081000    2080.000000   55.293000     2160.000000   41.041000     1.15530E-02  3.16304E-04  13.093600  61.447900
3  1460.000000   159.081000    2200.000000   41.028000     2280.000000   42.996000     5.46083E-03  1.75117E-04  24.152300  73.446500
3  1460.000000   159.081000    0.000000      85.461000     160.000000    106.465000    1.10473E-02  3.12109E-04  -0.805460  68.357600
3  1460.000000   159.081000    40.000000     89.773000     200.000000    103.693000    8.58536E-03  2.55026E-04  4.721410  70.743600
3  1460.000000   159.081000    80.000000     95.232000     240.000000    107.318000    8.30193E-03  2.46694E-04  10.946200  70.748000
3  1460.000000   159.081000    120.000000    103.752000    280.000000    107.758000    8.76896E-03  2.60471E-04  13.912000  70.743200
3  1460.000000   159.081000    160.000000    106.465000    320.000000    109.059000    1.00096E-02  2.82905E-04  13.794700  68.362300
3  1460.000000   159.081000    200.000000    103.693000    360.000000    107.422000    1.08034E-02  3.05215E-04  15.922700  68.357400
3  1460.000000   159.081000    440.000000    114.190000    600.000000    109.602000    1.41047E-02  3.67903E-04  22.135400  58.038600
3  1460.000000   159.081000    480.000000    115.862000    640.000000    94.241000     1.40710E-02  3.67096E-04  22.705900  58.040900
3  1460.000000   159.081000    520.000000    117.315000    680.000000    91.001000     1.80398E-02  4.08127E-04  23.696800  50.469700
3  1460.000000   159.081000    560.000000    107.062000    720.000000    99.688000     1.96442E-02  4.50662E-04  24.545200  50.529500
3  1460.000000   159.081000    600.000000    109.602000    760.000000    109.364000    2.26457E-02  4.99600E-04  26.099100  45.474500
3  1460.000000   159.081000    640.000000    94.241000     800.000000    112.086000    2.52485E-02  4.39319E-04  26.869100  37.102900
3  1500.000000   168.145000    1160.000000   107.119000    1200.000000   112.156000    2.98696E-02  4.80784E-04  28.537200  36.345800
3  1500.000000   168.145000    1200.000000   112.156000    1240.000000   121.717000    4.10378E-02  5.02253E-04  27.201100  24.290100
3  1500.000000   168.145000    1240.000000   121.717000    1280.000000   118.242000    4.62890E-02  5.19423E-04  31.030500  15.460900
3  1500.000000   168.145000    1280.000000   118.242000    1320.000000   121.622000    6.36093E-02  6.70728E-04  23.424800  8.038550
3  1500.000000   168.145000    1320.000000   121.622000    1360.000000   139.168000    2.54300E-01  2.55274E-03  17.357600  2.636520
3  1500.000000   168.145000    1360.000000   139.168000    1400.000000   152.179000    4.17918E-01  4.19163E-03  3.563700  2.158220
3  1500.000000   168.145000    1400.000000   152.179000    1440.000000   160.534000    6.04798E-01  6.05875E-03  7.110900  1.753690
3  1500.000000   168.145000    1560.000000   155.128000    1600.000000   139.326000    5.03137E-01  5.04033E-03  6.968190  1.753500
3  1500.000000   168.145000    1600.000000   139.326000    1640.000000   117.482000    5.13389E-01  5.14303E-03  9.615790  1.753530
3  1500.000000   168.145000    1640.000000   117.482000    1680.000000   108.805000    2.50667E-01  2.51617E-03  11.590100  2.635030
3  1500.000000   168.145000    1680.000000   108.805000    1720.000000   105.823000    1.16649E-01  1.17996E-03  10.977300  4.536820
3  1500.000000   168.145000    1720.000000   105.823000    1760.000000   106.406000    1.07323E-01  1.08563E-03  8.291390  4.536840
3  1500.000000   168.145000    1760.000000   106.406000    1800.000000   92.674000     5.66400E-02  5.97229E-04  12.486000  8.038330
3  1500.000000   168.145000    1800.000000   92.674000     1840.000000   86.557000     4.49189E-02  5.04039E-04  9.139860  15.460800
3  1500.000000   168.145000    2240.000000   41.064000     2280.000000   42.996000     2.56973E-03  1.02470E-04  7.884790  81.680500
3  1500.000000   168.145000    800.000000    112.086000    880.000000    97.963000     1.47613E-02  3.85029E-04  27.996300  58.038600
3  1500.000000   168.145000    840.000000    110.374000    920.000000    98.528000     2.07879E-02  4.76904E-04  29.170200  50.529600
3  1500.000000   168.145000    880.000000    97.963000     960.000000    99.983000     2.64873E-02  4.60884E-04  27.412600  37.103100
3  1500.000000   168.145000    920.000000    98.528000     1000.000000   109.284000    3.23877E-02  4.32534E-04  23.877800  30.517700
3  1500.000000   168.145000    960.000000    99.983000     1040.000000   125.393000    3.89339E-02  4.76528E-04  22.958600  24.290400
3  1500.000000   168.145000    1000.000000   109.284000    1080.000000   127.088000    3.74286E-02  4.58092E-04  23.860000  24.290300
3  1500.000000   168.145000    1040.000000   125.393000    1120.000000   112.650000    3.59060E-02  4.79507E-04  25.291700  30.517500
3  1500.000000   168.145000    1080.000000   127.088000    1160.000000   107.119000    5.94255E-02  6.26636E-04  29.456100  8.039120
3  1500.000000   168.145000    1840.000000   86.557000     1920.000000   69.798000     8.14743E-02  8.35747E-04  15.470800  6.162950
3  1500.000000   168.145000    1880.000000   78.369000     1960.000000   70.212000     5.52631E-02  5.85098E-04  16.278000  8.952920
3  1500.000000   168.145000    1920.000000   69.798000     2000.000000   66.527000     4.36740E-02  4.90070E-04  16.450500  15.460700
3  1500.000000   168.145000    1960.000000   70.212000     2040.000000   61.428000     2.43217E-02  4.23193E-04  17.650800  37.102900
3  1500.000000   168.145000    2000.000000   66.527000     2080.000000   55.293000     1.34206E-02  3.67390E-04  21.882800  61.446400
3  1500.000000   168.145000    2040.000000   61.428000     2120.000000   43.879000     1.01813E-02  2.87640E-04  17.793400  68.357500
3  1500.000000   168.145000    2080.000000   55.293000     2160.000000   41.041000     1.24228E-02  3.40123E-04  4.348970  61.448100
3  1500.000000   168.145000    2200.000000   41.028000     2280.000000   42.996000     5.85896E-03  1.87882E-04  8.881850  73.446300
3  1500.000000   168.145000    80.000000     95.232000     240.000000    107.318000    7.73933E-03  2.55353E-04  -14.455800  74.014000
3  1500.000000   168.145000    120.000000    103.752000    280.000000    107.758000    8.19072E-03  2.45918E-04  -7.490820  70.878200
3  1500.000000   168.145000    160.000000    106.465000    320.000000    109.059000    9.39793E-03  2.80338E-04  -2.822590  70.796200
3  1500.000000   168.145000    200.000000    103.693000    360.000000    107.422000    1.01618E-02  2.87499E-04  4.215580  68.374100
3  1500.000000   168.145000    240.000000    107.318000    400.000000    112.646000    1.12927E-02  3.19042E-04  5.804570  68.357600
3  1500.000000   168.145000    280.000000    107.758000    440.000000    114.190000    1.35357E-02  3.53062E-04  10.393000  58.038600
3  1500.000000   168.145000    320.000000    109.059000    480.000000    115.862000    1.47696E-02  3.85246E-04  13.731800  58.038500
3  1500.000000   168.145000    360.000000    107.422000    520.000000    117.315000    1.41452E-02  3.68959E-04  15.407400  58.038500
3  1500.000000   168.145000    400.000000    112.646000    560.000000    107.062000    1.44351E-02  3.76521E-04  17.668900  58.038500
3  1500.000000   168.145000    440.000000    114.190000    600.000000    109.602000    1.32676E-02  3.63202E-04  19.688100  61.446400
3  1500.000000   168.145000    480.000000    115.862000    640.000000    94.241000     1.31932E-02  3.61166E-04  21.418500  61.446400
3  1500.000000   168.145000    520.000000    117.315000    680.000000    91.001000     1.69028E-02  3.82406E-04  23.905700  50.469700
3  1500.000000   168.145000    560.000000    107.062000    720.000000    99.688000     1.83467E-02  4.20897E-04  25.234100  50.529600
3  1500.000000   168.145000    600.000000    109.602000    760.000000    109.364000    2.11184E-02  4.65908E-04  27.423800  45.474600
3  1500.000000   168.145000    640.000000    94.241000     800.000000    112.086000    2.35119E-02  5.18712E-04  28.604200  45.474600
3  1500.000000   168.145000    680.000000    91.001000     840.000000    110.374000    2.36639E-02  5.22066E-04  28.748000  45.474600
3  1540.000000   164.126000    0.000000      85.461000     40.000000     89.773000     4.16124E-03  1.40470E-04  -11.274800  74.188500
3  1540.000000   164.126000    1200.000000   112.156000    1240.000000   121.717000    3.41823E-02  4.56481E-04  27.457200  30.517400
3  1540.000000   164.126000    1240.000000   121.717000    1280.000000   118.242000    3.70760E-02  4.53762E-04  29.909900  24.290000
3  1540.000000   164.126000    1280.000000   118.242000    1320.000000   121.622000    4.82941E-02  5.11319E-04  22.577600  8.953040
3  1540.000000   164.126000    1320.000000   121.622000    1360.000000   139.168000    1.76116E-01  1.77266E-03  16.730900  3.535010
3  1540.000000   164.126000    1360.000000   139.168000    1400.000000   152.179000    2.69817E-01  2.70848E-03  3.101180  2.636130
3  1540.000000   164.126000    1400.000000   152.179000    1440.000000   160.534000    3.33358E-01  6.64182E-03  22.054600  17.350100
3  1540.000000   164.126000    1440.000000   160.534000    1480.000000   164.497000    7.39014E-01  7.47557E-03  5.885000  2.353750
3  1540.000000   164.126000    1600.000000   139.326000    1640.000000   117.482000    9.46179E-01  2.31312E-02  2.445500  22.380200
3  1540.000000   164.126000    1640.000000   117.482000    1680.000000   108.805000    3.65310E-01  3.66384E-03  11.335700  2.156260
3  1540.000000   164.126000    1680.000000   108.805000    1720.000000   105.823000    1.53566E-01  1.54564E-03  10.671200  3.534080
3  1540.000000   164.126000    1720.000000   105.823000    1760.000000   106.406000    1.34296E-01  1.35460E-03  8.262040  4.013510
3  1540.000000   164.126000    1760.000000   106.406000    1800.000000   92.674000     6.63855E-02  6.88006E-04  12.434500  6.686090
3  1540.000000   164.126000    1800.000000   92.674000     1840.000000   86.557000     5.32760E-02  5.64060E-04  9.242040  8.952920
3  1540.000000   164.126000    1840.000000   86.557000     1880.000000   78.369000     6.37135E-02  6.71814E-04  15.262500  8.038330
3  1540.000000   164.126000    2240.000000   41.064000     2280.000000   42.996000     2.76606E-03  1.10298E-04  14.828900  81.680500
3  1540.000000   164.126000    0.000000      85.461000     80.000000     95.232000     6.65793E-03  2.13146E-04  -8.462160  73.582300
3  1540.000000   164.126000    40.000000     89.773000     120.000000    103.752000    4.33401E-03  1.46279E-04  -1.614850  74.186100
3  1540.000000   164.126000    840.000000    110.374000    920.000000    98.528000     1.92403E-02  4.41396E-04  29.163700  50.529500
3  1540.000000   164.126000    880.000000    97.963000     960.000000    99.983000     2.43641E-02  4.23930E-04  27.244700  37.102900
3  1540.000000   164.126000    920.000000    98.528000     1000.000000   109.284000    2.95651E-02  4.75880E-04  23.508900  36.345800
3  1540.000000   164.126000    960.000000    99.983000     1040.000000   125.393000    3.52836E-02  4.71191E-04  22.335700  30.517400
3  1540.000000   164.126000    1000.000000   109.284000    1080.000000   127.088000    3.37031E-02  4.50081E-04  23.172300  30.517400
3  1540.000000   164.126000    1040.000000   125.393000    1120.000000   112.650000    3.19303E-02  4.26407E-04  24.404900  30.517400
3  1540.000000   164.126000    1080.000000   127.088000    1160.000000   107.119000    5.19675E-02  5.50206E-04  28.395100  8.953000
3  1540.000000   164.126000    1120.000000   112.650000    1200.000000   112.156000    6.02389E-02  6.35183E-04  29.295400  8.038420
3  1540.000000   164.126000    1880.000000   78.369000     1960.000000   70.212000     6.42151E-02  6.77103E-04  16.885700  8.038330
3  1540.000000   164.126000    1920.000000   69.798000     2000.000000   66.527000     5.00908E-02  5.30336E-04  17.014000  8.952920
3  1540.000000   164.126000    1960.000000   70.212000     2040.000000   61.428000     2.75919E-02  4.44116E-04  18.386900  36.345700
3  1540.000000   164.126000    2000.000000   66.527000     2080.000000   55.293000     1.50091E-02  3.91491E-04  23.229800  58.038500
3  1540.000000   164.126000    2040.000000   61.428000     2120.000000   43.879000     1.11197E-02  3.14150E-04  20.957000  68.357400
3  1540.000000   164.126000    2080.000000   55.293000     2160.000000   41.041000     1.34548E-02  3.68336E-04  8.420400  61.446700
3  1540.000000   164.126000    2200.000000   41.028000     2280.000000   42.996000     6.29011E-03  2.01889E-04  15.085200  73.618100
3  1540.000000   164.126000    0.000000      85.461000     160.000000    106.465000    9.96902E-03  2.81642E-04  -4.040980  68.357400
3  1540.000000   164.126000    40.000000     89.773000     200.000000    103.693000    7.74193E-03  2.47852E-04  3.273070  73.582400
3  1540.000000   164.126000    80.000000     95.232000     240.000000    107.318000    7.47617E-03  2.40185E-04  10.849000  73.631400
3  1540.000000   164.126000    120.000000    103.752000    280.000000    107.758000    7.89002E-03  2.34498E-04  15.258600  70.750300
3  1540.000000   164.126000    160.000000    106.465000    320.000000    109.059000    9.01007E-03  2.67679E-04  17.623600  70.745300
3  1540.000000   164.126000    200.000000    103.693000    360.000000    107.422000    9.70720E-03  2.74304E-04  20.043400  68.359900
3  1540.000000   164.126000    240.000000    107.318000    400.000000    112.646000    1.07552E-02  3.03859E-04  20.291000  68.357700
3  1540.000000   164.126000    280.000000    107.758000    440.000000    114.190000    1.28583E-02  3.52000E-04  21.628200  61.446500
3  1540.000000   164.126000    320.000000    109.059000    480.000000    115.862000    1.39928E-02  3.64984E-04  22.316600  58.038500
3  1540.000000   164.126000    360.000000    107.422000    520.000000    117.315000    1.33883E-02  3.66507E-04  22.866300  61.446400
3  1540.000000   164.126000    400.000000    112.646000    560.000000    107.062000    1.36415E-02  3.55821E-04  23.898200  58.038500
3  1540.000000   164.126000    440.000000    114.190000    600.000000    109.602000    1.25173E-02  3.42662E-04  24.837500  61.446400
3  1540.000000   164.126000    480.000000    115.862000    640.000000    94.241000     1.24332E-02  3.40360E-04  25.412000  61.446400
3  1540.000000   164.126000    520.000000    117.315000    680.000000    91.001000     1.58891E-02  3.59472E-04  26.848500  50.469700
3  1540.000000   164.126000    560.000000    107.062000    720.000000    99.688000     1.72355E-02  3.89931E-04  27.480700  50.469700
3  1540.000000   164.126000    600.000000    109.602000    760.000000    109.364000    1.98025E-02  4.54293E-04  28.985100  50.529500
3  1540.000000   164.126000    640.000000    94.241000     800.000000    112.086000    2.20234E-02  4.85871E-04  29.998000  45.474500
3  1540.000000   164.126000    680.000000    91.001000     840.000000    110.374000    2.21219E-02  4.88045E-04  29.787000  45.474500
3  1540.000000   164.126000    720.000000    99.688000     880.000000    97.963000     2.53682E-02  4.41402E-04  29.560700  37.102900
3  1580.000000   146.735000    1240.000000   121.717000    1280.000000   118.242000    2.93499E-02  4.72419E-04  25.709900  36.345800
3  1580.000000   146.735000    1280.000000   118.242000    1320.000000   121.622000    3.56661E-02  4.76299E-04  18.845300  30.517400
3  1580.000000   146.735000    1320.000000   121.622000    1360.000000   139.168000    1.24185E-01  1.25629E-03  15.486300  4.538540
3  1580.000000   146.735000    1360.000000   139.168000    1400.000000   152.179000    1.82801E-01  1.84000E-03  2.409200  3.535880
3  1580.000000   146.735000    1400.000000   152.179000    1440.000000   160.534000    2.10609E-01  2.11628E-03  6.357770  3.023570
3  1580.000000   146.735000    1440.000000   160.534000    1480.000000   164.497000    3.92770E-01  3.93925E-03  5.434720  2.156540
3  1580.000000   146.735000    1480.000000   164.497000    1520.000000   168.092000    6.38258E-01  1.97798E-02  -9.637800  29.378900
3  1580.000000   146.735000    1640.000000   117.482000    1680.000000   108.805000    7.38807E-01  1.47332E-02  29.539900  17.346300
3  1580.000000   146.735000    1680.000000   108.805000    1720.000000   105.823000    2.29649E-01  2.30758E-03  11.022200  3.023090
3  1580.000000   146.735000    1720.000000   105.823000    1760.000000   106.406000    1.83251E-01  1.84442E-03  9.373060  3.534130
3  1580.000000   146.735000    1760.000000   106.406000    1800.000000   92.674000     8.45856E-02  8.67662E-04  14.822800  6.162940
3  1580.000000   146.735000    1800.000000   92.674000     1840.000000   86.557000     6.55638E-02  6.79490E-04  11.651900  6.686120
3  1580.000000   146.735000    1840.000000   86.557000     1880.000000   78.369000     7.79650E-02  7.99749E-04  18.170700  6.162990
3  1580.000000   146.735000    1880.000000   78.369000     1920.000000   69.798000     3.75158E-02  4.59141E-04  21.019100  24.290000
3  1580.000000   146.735000    2240.000000   41.064000     2280.000000   42.996000     3.00186E-03  1.19701E-04  38.630000  81.680500
3  1580.000000   146.735000    880.000000    97.963000     960.000000    99.983000     2.22732E-02  4.91385E-04  14.167800  45.474600
3  1580.000000   146.735000    920.000000    98.528000     1000.000000   109.284000    2.70412E-02  4.70522E-04  12.613900  37.103000
3  1580.000000   146.735000    960.000000    99.983000     1040.000000   125.393000    3.20825E-02  4.28455E-04  12.652500  30.517600
3  1580.000000   146.735000    1000.000000   109.284000    1080.000000   127.088000    3.04461E-02  4.90067E-04  14.146400  36.345900
3  1580.000000   146.735000    1040.000000   125.393000    1120.000000   112.650000    2.83101E-02  4.55682E-04  16.071500  36.345800
3  1580.000000   146.735000    1080.000000   127.088000    1160.000000   107.119000    4.52598E-02  5.07896E-04  21.271900  15.461200
3  1580.000000   146.735000    1120.000000   112.650000    1200.000000   112.156000    5.18757E-02  5.49270E-04  23.186000  8.953760
3  1580.000000   146.735000    1160.000000   107.119000    1240.000000   121.717000    5.01646E-02  5.31138E-04  23.014600  8.953380
3  1580.000000   146.735000    1920.000000   69.798000     2000.000000   66.527000     5.93816E-02  6.26137E-04  21.883900  8.038380
3  1580.000000   146.735000    1960.000000   70.212000     2040.000000   61.428000     3.24320E-02  4.33107E-04  23.804400  30.517400
3  1580.000000   146.735000    2000.000000   66.527000     2080.000000   55.293000     1.74490E-02  3.94761E-04  29.512700  50.469700
3  1580.000000   146.735000    2040.000000   61.428000     2120.000000   43.879000     1.24268E-02  3.40185E-04  32.173300  61.446400
3  1580.000000   146.735000    2080.000000   55.293000     2160.000000   41.041000     1.47394E-02  3.84457E-04  23.942600  58.038500
3  1580.000000   146.735000    2200.000000   41.028000     2280.000000   42.996000     6.86194E-03  2.19677E-04  39.426000  73.582300
3  1580.000000   146.735000    80.000000     95.232000     240.000000    107.318000    7.04818E-03  2.25656E-04  -19.440500  73.583300
3  1580.000000   146.735000    120.000000    103.752000    280.000000    107.758000    7.41633E-03  2.37433E-04  -16.590600  73.582700
3  1580.000000   146.735000    160.000000    106.465000    320.000000    109.059000    8.44244E-03  2.50842E-04  -14.103400  70.746600
3  1580.000000   146.735000    200.000000    103.693000    360.000000    107.422000    9.07957E-03  2.69745E-04  -10.080600  70.745300
3  1580.000000   146.735000    240.000000    107.318000    400.000000    112.646000    1.00543E-02  2.84055E-04  -8.565160  68.357600
3  1580.000000   146.735000    280.000000    107.758000    440.000000    114.190000    1.20166E-02  3.28958E-04  -5.726390  61.446500
3  1580.000000   146.735000    320.000000    109.059000    480.000000    115.862000    1.30858E-02  3.58225E-04  -3.812020  61.446400
3  1580.000000   146.735000    360.000000    107.422000    520.000000    117.315000    1.25095E-02  3.42449E-04  -2.546150  61.446400
3  1580.000000   146.735000    400.000000    112.646000    560.000000    107.062000    1.27372E-02  3.48682E-04  -0.500299  61.446400
3  1580.000000   146.735000    440.000000    114.190000    600.000000    109.602000    1.16750E-02  3.19604E-04  1.417200  61.446400
3  1580.000000   146.735000    480.000000    115.862000    640.000000    94.241000     1.15657E-02  3.16612E-04  2.925500  61.446400
3  1580.000000   146.735000    520.000000    117.315000    680.000000    91.001000     1.47859E-02  3.85670E-04  5.354060  58.038500
3  1580.000000   146.735000    560.000000    107.062000    720.000000    99.688000     1.59820E-02  3.61572E-04  6.511000  50.469700
3  1580.000000   146.735000    600.000000    109.602000    760.000000    109.364000    1.83450E-02  4.20856E-04  8.998610  50.529500
3  1580.000000   146.735000    640.000000    94.241000     800.000000    112.086000    2.03979E-02  4.67952E-04  10.935900  50.529500
3  1580.000000   146.735000    680.000000    91.001000     840.000000    110.374000    2.04297E-02  4.68682E-04  11.406800  50.529500
3  1580.000000   146.735000    720.000000    99.688000     880.000000    97.963000     2.33988E-02  5.16215E-04  12.414600  45.474500
3  1580.000000   146.735000    760.000000    109.364000    920.000000    98.528000     2.81574E-02  4.53222E-04  13.176100  36.345700
3  1620.000000   129.172000    1280.000000   118.242000    1320.000000   121.622000    2.62124E-02  4.56644E-04  16.964800  37.112800
3  1620.000000   129.172000    1320.000000   121.622000    1360.000000   139.168000    8.67140E-02  9.00377E-04  15.292300  6.369670
3  1620.000000   129.172000    1360.000000   139.168000    1400.000000   152.179000    1.22937E-01  1.24990E-03  3.835830  4.650410
3  1620.000000   129.172000    1400.000000   152.179000    1440.000000   160.534000    1.33432E-01  1.34688E-03  6.752380  4.032240
3  1620.000000   129.172000    1440.000000   160.534000    1480.000000   164.497000    2.23636E-01  2.24741E-03  5.283570  3.026910
3  1620.000000   129.172000    1480.000000   164.497000    1520.000000   168.092000    3.04076E-01  3.05231E-03  13.568800  2.635340
3  1620.000000   129.172000    1520.000000   168.092000    1560.000000   155.128000    7.02883E-01  7.04148E-03  5.762180  1.754350
3  1620.000000   129.172000    1680.000000   108.805000    1720.000000   105.823000    4.52926E-01  4.53732E-03  10.161600  1.753480
3  1620.000000   129.172000    1760.000000   106.406000    1800.000000   92.674000     1.19812E-01  1.21197E-03  17.438300  4.536910
3  1620.000000   129.172000    1800.000000   92.674000     1840.000000   86.557000     9.08980E-02  9.25869E-04  10.519900  5.510640
3  1620.000000   129.172000    1840.000000   86.557000     1880.000000   78.369000     1.05198E-01  1.06416E-03  17.146200  4.537390
3  1620.000000   129.172000    1880.000000   78.369000     1920.000000   69.798000     4.96056E-02  5.25209E-04  19.991700  8.953170
3  1620.000000   129.172000    1920.000000   69.798000     1960.000000   70.212000     5.01853E-02  5.31397E-04  21.087500  8.954320
3  1620.000000   129.172000    2240.000000   41.064000     2280.000000   42.996000     3.32946E-03  1.12374E-04  51.145900  74.186100
3  1620.000000   129.172000    920.000000    98.528000     1000.000000   109.284000    2.40811E-02  4.21036E-04  7.959310  37.142500
3  1620.000000   129.172000    960.000000    99.983000     1040.000000   125.393000    2.83226E-02  4.58257E-04  8.945490  36.383000
3  1620.000000   129.172000    1000.000000   109.284000    1080.000000   127.088000    2.66767E-02  4.65540E-04  10.818700  37.127000
3  1620.000000   129.172000    1040.000000   125.393000    1120.000000   112.650000    2.44753E-02  4.26556E-04  12.868300  37.116100
3  1620.000000   129.172000    1080.000000   127.088000    1160.000000   107.119000    3.84397E-02  4.72489E-04  18.440800  24.316800
3  1620.000000   129.172000    1120.000000   112.650000    1200.000000   112.156000    4.34492E-02  4.94004E-04  20.731400  15.568900
3  1620.000000   129.172000    1160.000000   107.119000    1240.000000   121.717000    4.09559E-02  5.05572E-04  21.286000  24.343400
3  1620.000000   129.172000    1200.000000   112.156000    1280.000000   118.242000    4.58743E-02  5.16306E-04  22.554000  15.485200
3  1620.000000   129.172000    1960.000000   70.212000     2040.000000   61.428000     4.05588E-02  4.96452E-04  23.393900  24.290900
3  1620.000000   129.172000    2000.000000   66.527000     2080.000000   55.293000     2.13008E-02  4.69934E-04  29.759700  45.474600
3  1620.000000   129.172000    2040.000000   61.428000     2120.000000   43.879000     1.43814E-02  3.75130E-04  38.119000  58.038900
3  1620.000000   129.172000    2080.000000   55.293000     2160.000000   41.041000     1.66303E-02  3.83811E-04  32.605400  50.675400
3  1620.000000   129.172000    2200.000000   41.028000     2280.000000   42.996000     7.51520E-03  2.77454E-04  54.145400  75.845100
3  1620.000000   129.172000    200.000000    103.693000    360.000000    107.422000    8.98330E-03  2.68108E-04  -17.508700  70.802700
3  1620.000000   129.172000    240.000000    107.318000    400.000000    112.646000    9.81335E-03  2.82243E-04  -5.406940  68.569500
3  1620.000000   129.172000    280.000000    107.758000    440.000000    114.190000    1.15333E-02  3.24684E-04  2.561490  61.796400
3  1620.000000   129.172000    320.000000    109.059000    480.000000    115.862000    1.23901E-02  3.42301E-04  6.680870  61.559100
3  1620.000000   129.172000    360.000000    107.422000    520.000000    117.315000    1.17496E-02  3.21831E-04  5.945730  61.453400
3  1620.000000   129.172000    400.000000    112.646000    560.000000    107.062000    1.18860E-02  3.25414E-04  5.898600  61.447700
3  1620.000000   129.172000    440.000000    114.190000    600.000000    109.602000    1.08502E-02  3.06563E-04  6.326330  68.358400
3  1620.000000   129.172000    480.000000    115.862000    640.000000    94.241000     1.07316E-02  3.03234E-04  8.395790  68.359300
3  1620.000000   129.172000    520.000000    117.315000    680.000000    91.001000     1.36729E-02  3.57039E-04  9.189050  58.051700
3  1620.000000   129.172000    560.000000    107.062000    720.000000    99.688000     1.47906E-02  3.86199E-04  9.732260  58.050900
3  1620.000000   129.172000    600.000000    109.602000    760.000000    109.364000    1.69387E-02  3.83711E-04  11.177900  50.482800
3  1620.000000   129.172000    640.000000    94.241000     800.000000    112.086000    1.87822E-02  4.31329E-04  11.709000  50.540200
3  1620.000000   129.172000    680.000000    91.001000     840.000000    110.374000    1.87732E-02  4.30980E-04  11.287200  50.536800
3  1620.000000   129.172000    720.000000    99.688000     880.000000    97.963000     2.13935E-02  4.72386E-04  10.846900  45.483800
3  1620.000000   129.172000    760.000000    109.364000    920.000000    98.528000     2.56091E-02  4.46413E-04  10.519500  37.117900
3  1620.000000   129.172000    800.000000    112.086000    960.000000    99.983000     3.14946E-02  4.21870E-04  9.533160  30.535200
3  1660.000000   114.079000    1320.000000   121.622000    1360.000000   139.168000    5.85556E-02  6.17750E-04  18.327400  8.045590
3  1660.000000   114.079000    1360.000000   139.168000    1400.000000   152.179000    7.77546E-02  7.97980E-04  3.741770  6.171360
3  1660.000000   114.079000    1400.000000   152.179000    1440.000000   160.534000    8.03403E-02  8.24300E-04  7.886850  6.166860
3  1660.000000   114.079000    1440.000000   160.534000    1480.000000   164.497000    1.24218E-01  1.25680E-03  6.301080  4.541580
3  1660.000000   114.079000    1480.000000   164.497000    1520.000000   168.092000    1.40786E-01  1.42022E-03  11.284700  4.016270
3  1660.000000   114.079000    1520.000000   168.092000    1560.000000   155.128000    2.24400E-01  2.25500E-03  5.994040  3.025690
3  1660.000000   114.079000    1560.000000   155.128000    1600.000000   139.326000    4.06371E-01  4.07578E-03  6.763650  2.158000
3  1660.000000   114.079000    1760.000000   106.406000    1800.000000   92.674000     2.16653E-01  2.17699E-03  12.053000  3.023070
3  1660.000000   114.079000    1800.000000   92.674000     1840.000000   86.557000     1.52528E-01  1.53519E-03  8.358520  3.534100
3  1660.000000   114.079000    1840.000000   86.557000     1880.000000   78.369000     1.66768E-01  1.67852E-03  14.582900  3.534100
3  1660.000000   114.079000    1880.000000   78.369000     1920.000000   69.798000     7.80505E-02  8.00626E-04  16.788000  6.162930
3  1660.000000   114.079000    1920.000000   69.798000     1960.000000   70.212000     7.34072E-02  7.60778E-04  17.213800  6.686100
3  1660.000000   114.079000    1960.000000   70.212000     2000.000000   66.527000     3.67802E-02  4.50138E-04  17.372300  24.290000
3  1660.000000   114.079000    2240.000000   41.064000     2280.000000   42.996000     3.98704E-03  1.34569E-04  20.624700  74.186100
3  1660.000000   114.079000    960.000000    99.983000     1040.000000   125.393000    2.26220E-02  4.99213E-04  18.555400  45.477400
3  1660.000000   114.079000    1000.000000   109.284000    1080.000000   127.088000    2.12164E-02  4.68146E-04  19.161500  45.476300
3  1660.000000   114.079000    1040.000000   125.393000    1120.000000   112.650000    1.95517E-02  4.48575E-04  20.128300  50.530300
3  1660.000000   114.079000    1080.000000   127.088000    1160.000000   107.119000    3.05018E-02  4.91027E-04  24.523400  36.346800
3  1660.000000   114.079000    1120.000000   112.650000    1200.000000   112.156000    3.40695E-02  4.55301E-04  26.128300  30.521600
3  1660.000000   114.079000    1160.000000   107.119000    1240.000000   121.717000    3.14588E-02  4.20312E-04  25.170300  30.520200
3  1660.000000   114.079000    1200.000000   112.156000    1280.000000   118.242000    3.48350E-02  4.65218E-04  25.856100  30.517700
3  1660.000000   114.079000    1240.000000   121.717000    1320.000000   121.622000    3.70196E-02  4.53113E-04  24.225100  24.290600
3  1660.000000   114.079000    2000.000000   66.527000     2080.000000   55.293000     2.87629E-02  4.62965E-04  24.111000  36.345700
3  1660.000000   114.079000    2040.000000   61.428000     2120.000000   43.879000     1.81972E-02  4.11688E-04  23.799700  50.469700
3  1660.000000   114.079000    2080.000000   55.293000     2160.000000   41.041000     2.06116E-02  4.72857E-04  12.513100  50.529600
3  1660.000000   114.079000    2200.000000   41.028000     2280.000000   42.996000     9.21439E-03  2.73883E-04  22.334600  70.751400
3  1660.000000   114.079000    240.000000    107.318000    400.000000    112.646000    8.23516E-03  2.44962E-04  -14.942200  70.760900
3  1660.000000   114.079000    280.000000    107.758000    440.000000    114.190000    9.76656E-03  2.76296E-04  -7.698060  68.373200
3  1660.000000   114.079000    320.000000    109.059000    480.000000    115.862000    1.05487E-02  2.98599E-04  -2.261710  68.380100
3  1660.000000   114.079000    360.000000    107.422000    520.000000    117.315000    1.00698E-02  2.85089E-04  0.085311  68.382100
3  1660.000000   114.079000    400.000000    112.646000    560.000000    107.062000    1.02128E-02  2.88548E-04  2.746490  68.358200
3  1660.000000   114.079000    440.000000    114.190000    600.000000    109.602000    9.31242E-03  2.76610E-04  5.401680  70.743000
3  1660.000000   114.079000    480.000000    115.862000    640.000000    94.241000     9.22268E-03  2.73947E-04  7.624240  70.743100
3  1660.000000   114.079000    520.000000    117.315000    680.000000    91.001000     1.16640E-02  3.19316E-04  11.271500  61.446900
3  1660.000000   114.079000    560.000000    107.062000    720.000000    99.688000     1.26535E-02  3.46411E-04  12.892400  61.447100
3  1660.000000   114.079000    600.000000    109.602000    760.000000    109.364000    1.44299E-02  3.76410E-04  15.887500  58.039300
3  1660.000000   114.079000    640.000000    94.241000     800.000000    112.086000    1.58971E-02  3.59691E-04  18.157700  50.470800
3  1660.000000   114.079000    680.000000    91.001000     840.000000    110.374000    1.58988E-02  3.59720E-04  18.533300  50.470500
3  1660.000000   114.079000    720.000000    99.688000     880.000000    97.963000     1.79774E-02  4.06762E-04  19.853600  50.470800
3  1660.000000   114.079000    760.000000    109.364000    920.000000    98.528000     2.14919E-02  4.74212E-04  20.510100  45.476000
3  1660.000000   114.079000    800.000000    112.086000    960.000000    99.983000     2.61178E-02  4.54554E-04  20.380800  37.104800
3  1660.000000   114.079000    840.000000    110.374000    1000.000000   109.284000    3.27285E-02  4.37276E-04  20.070400  30.520200
3  1700.000000   106.988000    1360.000000   139.168000    1400.000000   152.179000    5.64516E-02  5.96360E-04  7.795540  8.064300
3  1700.000000   106.988000    1400.000000   152.179000    1440.000000   160.534000    5.66431E-02  5.97811E-04  9.397250  8.051010
3  1700.000000   106.988000    1440.000000   160.534000    1480.000000   164.497000    8.40552E-02  8.63003E-04  7.661100  6.178450
3  1700.000000   106.988000    1480.000000   164.497000    1520.000000   168.092000    8.80527E-02  9.03650E-04  12.103000  6.170920
3  1700.000000   106.988000    1520.000000   168.092000    1560.000000   155.128000    1.24158E-01  1.25639E-03  6.514890  4.545250
3  1700.000000   106.988000    1560.000000   155.128000    1600.000000   139.326000    1.90482E-01  1.91450E-03  7.062770  3.031480
3  1700.000000   106.988000    1600.000000   139.326000    1640.000000   117.482000    5.67505E-01  5.68606E-03  11.117100  1.762440
3  1700.000000   106.988000    1760.000000   106.406000    1800.000000   92.674000     4.73497E-01  4.74340E-03  9.479750  1.753490
3  1700.000000   106.988000    1800.000000   92.674000     1840.000000   86.557000     2.65202E-01  2.66207E-03  6.701210  2.635030
3  1700.000000   106.988000    1840.000000   86.557000     1880.000000   78.369000     2.69559E-01  2.70581E-03  13.360500  2.635040
3  1700.000000   106.988000    1880.000000   78.369000     1920.000000   69.798000     1.16821E-01  1.18170E-03  15.512200  4.536830
3  1700.000000   106.988000    1920.000000   69.798000     1960.000000   70.212000     1.06044E-01  1.07269E-03  15.750200  4.536870
3  1700.000000   106.988000    1960.000000   70.212000     2000.000000   66.527000     5.20393E-02  5.50966E-04  15.802900  8.952970
3  1700.000000   106.988000    2000.000000   66.527000     2040.000000   61.428000     2.85189E-02  4.59040E-04  19.845700  36.345800
3  1700.000000   106.988000    2240.000000   41.064000     2280.000000   42.996000     4.62710E-03  1.48380E-04  17.957100  73.446300
3  1700.000000   106.988000    1000.000000   109.284000    1080.000000   127.088000    1.79310E-02  4.05795E-04  21.581500  50.472900
3  1700.000000   106.988000    1040.000000   125.393000    1120.000000   112.650000    1.63681E-02  3.70369E-04  22.428500  50.471400
3  1700.000000   106.988000    1080.000000   127.088000    1160.000000   107.119000    2.52653E-02  4.39745E-04  27.057900  37.105400
3  1700.000000   106.988000    1120.000000   112.650000    1200.000000   112.156000    2.80082E-02  4.51361E-04  28.753300  36.354300
3  1700.000000   106.988000    1160.000000   107.119000    1240.000000   121.717000    2.54638E-02  4.43401E-04  27.794100  37.109100
3  1700.000000   106.988000    1200.000000   112.156000    1280.000000   118.242000    2.76445E-02  4.45021E-04  28.123700  36.346700
3  1700.000000   106.988000    1240.000000   121.717000    1320.000000   121.622000    2.83641E-02  4.56625E-04  25.928500  36.346900
3  1700.000000   106.988000    1280.000000   118.242000    1360.000000   139.168000    5.76296E-02  6.08499E-04  21.140000  8.057380
3  1700.000000   106.988000    2040.000000   61.428000     2120.000000   43.879000     2.29289E-02  5.05848E-04  23.692200  45.474500
3  1700.000000   106.988000    2080.000000   55.293000     2160.000000   41.041000     2.46449E-02  4.28816E-04  12.365200  37.102900
3  1700.000000   106.988000    2200.000000   41.028000     2280.000000   42.996000     1.07783E-02  3.04567E-04  17.655500  68.359800
3  1700.000000   106.988000    280.000000    107.758000    440.000000    114.190000    8.55769E-03  2.54193E-04  -6.296950  70.743000
3  1700.000000   106.988000    320.000000    109.059000    480.000000    115.862000    9.23450E-03  2.74315E-04  -2.413440  70.743900
3  1700.000000   106.988000    360.000000    107.422000    520.000000    117.315000    8.81415E-03  2.61819E-04  -0.067575  70.743400
3  1700.000000   106.988000    400.000000    112.646000    560.000000    107.062000    8.92104E-03  2.64987E-04  3.039340  70.743100
3  1700.000000   106.988000    440.000000    114.190000    600.000000    109.602000    8.12714E-03  2.41404E-04  5.308660  70.743000
3  1700.000000   106.988000    480.000000    115.862000    640.000000    94.241000     8.04272E-03  2.38896E-04  7.869260  70.743000
3  1700.000000   106.988000    520.000000    117.315000    680.000000    91.001000     1.01573E-02  2.86963E-04  11.469500  68.357500
3  1700.000000   106.988000    560.000000    107.062000    720.000000    99.688000     1.10081E-02  3.11005E-04  13.468700  68.357700
3  1700.000000   106.988000    600.000000    109.602000    760.000000    109.364000    1.25391E-02  3.43270E-04  17.040600  61.446800
3  1700.000000   106.988000    640.000000    94.241000     800.000000    112.086000    1.37942E-02  3.59824E-04  19.348800  58.039200
3  1700.000000   106.988000    680.000000    91.001000     840.000000    110.374000    1.37756E-02  3.59335E-04  19.784900  58.039100
3  1700.000000   106.988000    720.000000    99.688000     880.000000    97.963000     1.55406E-02  4.05391E-04  21.261800  58.039500
3  1700.000000   106.988000    760.000000    109.364000    920.000000    98.528000     1.85148E-02  4.24813E-04  22.074000  50.531000
3  1700.000000   106.988000    800.000000    112.086000    960.000000    99.983000     2.24278E-02  4.94890E-04  22.132200  45.476600
3  1700.000000   106.988000    840.000000    110.374000    1000.000000   109.284000    2.80044E-02  4.50977E-04  22.111200  36.349200
3  1700.000000   106.988000    880.000000    97.963000     1040.000000   125.393000    3.33071E-02  4.45169E-04  21.864600  30.522400
3  1780.000000   102.279000    160.000000    106.465000    200.000000    103.693000    9.91423E-04  5.21950E-05  38.462800  124.116000
3  1780.000000   102.279000    1440.000000   160.534000    1480.000000   164.497000    4.07009E-02  4.98399E-04  6.093040  24.293500
3  1780.000000   102.279000    1480.000000   164.497000    1520.000000   168.092000    3.91743E-02  4.79568E-04  7.316370  24.291700
3  1780.000000   102.279000    1520.000000   168.092000    1560.000000   155.128000    4.97129E-02  5.26479E-04  7.276620  8.956390
3  1780.000000   102.279000    1560.000000   155.128000    1600.000000   139.326000    6.35663E-02  6.70383E-04  5.707280  8.040850
3  1780.000000   102.279000    1600.000000   139.326000    1640.000000   117.482000    1.44753E-01  1.46034E-03  10.769100  4.018010
3  1780.000000   102.279000    1680.000000   108.805000    1720.000000   105.823000    6.54874E-01  7.20669E-03  0.724472  4.880760
3  1780.000000   102.279000    1840.000000   86.557000     1880.000000   78.369000     8.75254E-01  1.52194E-02  19.858900  14.337900
3  1780.000000   102.279000    1880.000000   78.369000     1920.000000   69.798000     2.86790E-01  2.87877E-03  15.208800  2.635000
3  1780.000000   102.279000    1920.000000   69.798000     1960.000000   70.212000     2.39238E-01  2.40145E-03  15.523800  2.635020
3  1780.000000   102.279000    1960.000000   70.212000     2000.000000   66.527000     1.10346E-01  1.11622E-03  15.732600  4.536890
3  1780.000000   102.279000    2000.000000   66.527000     2040.000000   61.428000     5.79889E-02  6.11458E-04  19.706300  8.038510
3  1780.000000   102.279000    2040.000000   61.428000     2080.000000   55.293000     2.09821E-02  4.81355E-04  30.419600  50.529500
3  1780.000000   102.279000    2120.000000   43.879000     2160.000000   41.041000     1.89333E-02  4.34392E-04  11.738500  50.530500
3  1780.000000   102.279000    2240.000000   41.064000     2280.000000   42.996000     6.42544E-03  2.05703E-04  25.208600  73.582300
3  1780.000000   102.279000    160.000000    106.465000    240.000000    107.318000    2.12822E-03  9.00724E-05  49.358900  82.902800
3  1780.000000   102.279000    200.000000    103.693000    280.000000    107.758000    2.28819E-03  9.95406E-05  57.975800  83.510800
3  1780.000000   102.279000    1080.000000   127.088000    1160.000000   107.119000    1.63202E-02  3.69274E-04  14.010300  50.471000
3  1780.000000   102.279000    1120.000000   112.650000    1200.000000   112.156000    1.78391E-02  4.03656E-04  16.552800  50.471400
3  1780.000000   102.279000    1160.000000   107.119000    1240.000000   121.717000    1.58431E-02  3.58479E-04  17.445200  50.471000
3  1780.000000   102.279000    1200.000000   112.156000    1280.000000   118.242000    1.68702E-02  3.81720E-04  18.677100  50.471100
3  1780.000000   102.279000    1240.000000   121.717000    1320.000000   121.622000    1.68845E-02  3.82029E-04  17.482300  50.470700
3  1780.000000   102.279000    1280.000000   118.242000    1360.000000   139.168000    3.19081E-02  4.26503E-04  16.361600  30.522800
3  1780.000000   102.279000    1320.000000   121.622000    1400.000000   152.179000    5.26224E-02  5.58303E-04  10.932500  8.979080
3  1780.000000   102.279000    1360.000000   139.168000    1440.000000   160.534000    5.79751E-02  6.12118E-04  7.034900  8.056630
3  1780.000000   102.279000    160.000000    106.465000    320.000000    109.059000    4.60782E-03  1.56858E-04  53.538000  74.329400
3  1780.000000   102.279000    360.000000    107.422000    520.000000    117.315000    6.52244E-03  2.08809E-04  9.318880  73.582300
3  1780.000000   102.279000    400.000000    112.646000    560.000000    107.062000    6.56919E-03  2.10307E-04  4.743390  73.582400
3  1780.000000   102.279000    440.000000    114.190000    600.000000    109.602000    5.95125E-03  1.90845E-04  -0.469352  73.446600
3  1780.000000   102.279000    480.000000    115.862000    640.000000    94.241000     5.87906E-03  1.88529E-04  -2.916750  73.446500
3  1780.000000   102.279000    520.000000    117.315000    680.000000    91.001000     7.35964E-03  2.35614E-04  -4.329440  73.582500
3  1780.000000   102.279000    560.000000    107.062000    720.000000    99.688000     7.98988E-03  2.37329E-04  -3.700250  70.743100
3  1780.000000   102.279000    600.000000    109.602000    760.000000    109.364000    9.05396E-03  2.68936E-04  -1.148590  70.743100
3  1780.000000   102.279000    640.000000    94.241000     800.000000    112.086000    9.88367E-03  2.79238E-04  -0.198845  68.357700
3  1780.000000   102.279000    680.000000    91.001000     840.000000    110.374000    9.85325E-03  2.78376E-04  0.510767  68.357600
3  1780.000000   102.279000    720.000000    99.688000     880.000000    97.963000     1.10008E-02  3.10797E-04  1.683710  68.357600
3  1780.000000   102.279000    760.000000    109.364000    920.000000    98.528000     1.30324E-02  3.56771E-04  3.071280  61.446700
3  1780.000000   102.279000    800.000000    112.086000    960.000000    99.983000     1.55542E-02  4.05720E-04  4.037460  58.038800
3  1780.000000   102.279000    840.000000    110.374000    1000.000000   109.284000    1.91019E-02  4.38236E-04  5.116090  50.529900
3  1780.000000   102.279000    880.000000    97.963000     1040.000000   125.393000    2.23812E-02  4.93787E-04  5.926780  45.475000
3  1780.000000   102.279000    920.000000    98.528000     1080.000000   127.088000    2.28302E-02  5.03694E-04  6.419080  45.475000
3  1780.000000   102.279000    960.000000    99.983000     1120.000000   112.650000    2.34135E-02  5.16565E-04  7.433320  45.475100
3  1780.000000   102.279000    40.000000     89.773000     360.000000    107.422000    9.03830E-03  4.51508E-04  77.627900  81.349700
3  1780.000000   102.279000    80.000000     95.232000     400.000000    112.646000    9.39623E-03  4.22460E-04  79.511400  78.382000
3  1780.000000   102.279000    120.000000    103.752000    440.000000    114.190000    1.04653E-02  3.00004E-04  48.543100  68.529900
3  1780.000000   102.279000    160.000000    106.465000    480.000000    115.862000    1.14473E-02  3.18091E-04  28.819800  61.631200
3  1860.000000   83.352000     0.000000      85.461000     40.000000     89.773000     1.76643E-03  7.04853E-05  24.990100  81.693700
3  1860.000000   83.352000     1520.000000   168.092000    1560.000000   155.128000    2.31790E-02  5.12351E-04  10.340700  45.495200
3  1860.000000   83.352000     1560.000000   155.128000    1600.000000   139.326000    2.87715E-02  4.64366E-04  10.212400  36.365200
3  1860.000000   83.352000     1600.000000   139.326000    1640.000000   117.482000    6.19944E-02  6.58120E-04  13.473700  8.131920
3  1860.000000   83.352000     1640.000000   117.482000    1680.000000   108.805000    1.45376E-01  1.47203E-03  15.532700  4.110660
3  1860.000000   83.352000     1680.000000   108.805000    1720.000000   105.823000    1.79766E-01  1.81094E-03  13.461200  3.559360
3  1860.000000   83.352000     1720.000000   105.823000    1760.000000   106.406000    3.49863E-01  3.50979E-03  13.150900  2.168260
3  1860.000000   83.352000     1760.000000   106.406000    1800.000000   92.674000     3.34873E-01  3.35871E-03  13.024500  2.158350
3  1860.000000   83.352000     1960.000000   70.212000     2000.000000   66.527000     2.70489E-01  2.71514E-03  11.957100  2.635000
3  1860.000000   83.352000     2000.000000   66.527000     2040.000000   61.428000     1.24352E-01  1.25790E-03  15.433700  4.536910
3  1860.000000   83.352000     2040.000000   61.428000     2080.000000   55.293000     4.06992E-02  4.98105E-04  27.026900  24.290100
3  1860.000000   83.352000     2120.000000   43.879000     2160.000000   41.041000     2.78681E-02  4.61440E-04  13.530200  36.552700
3  1860.000000   83.352000     2240.000000   41.064000     2280.000000   42.996000     8.63178E-03  2.56389E-04  24.944500  70.742800
3  1860.000000   83.352000     0.000000      85.461000     80.000000     95.232000     2.78614E-03  1.11101E-04  33.351600  81.680800
3  1860.000000   83.352000     40.000000     89.773000     120.000000    103.752000    1.76022E-03  7.02419E-05  49.353700  81.695000
3  1860.000000   83.352000     1160.000000   107.119000    1240.000000   121.717000    9.56238E-03  2.70459E-04  16.967200  68.370700
3  1860.000000   83.352000     1200.000000   112.156000    1280.000000   118.242000    1.01038E-02  2.85773E-04  17.870700  68.370600
3  1860.000000   83.352000     1240.000000   121.717000    1320.000000   121.622000    1.01621E-02  2.87307E-04  17.331200  68.366000
3  1860.000000   83.352000     1280.000000   118.242000    1360.000000   139.168000    1.77188E-02  4.03188E-04  19.024300  50.528600
3  1860.000000   83.352000     1320.000000   121.622000    1400.000000   152.179000    2.72383E-02  4.87764E-04  17.390700  37.343600
3  1860.000000   83.352000     1360.000000   139.168000    1440.000000   160.534000    2.90862E-02  4.78410E-04  12.864400  36.503000
3  1860.000000   83.352000     1400.000000   152.179000    1480.000000   164.497000    3.44588E-02  4.64060E-04  9.425950  30.566900
3  1860.000000   83.352000     1440.000000   160.534000    1520.000000   168.092000    3.92690E-02  4.85007E-04  10.382300  24.346800
3  1860.000000   83.352000     2200.000000   41.028000     2280.000000   42.996000     2.09958E-02  4.63201E-04  24.372400  45.474500
3  1860.000000   83.352000     0.000000      85.461000     160.000000    106.465000    4.12277E-03  1.43882E-04  38.781800  74.715300
3  1860.000000   83.352000     40.000000     89.773000     200.000000    103.693000    3.12943E-03  1.06942E-04  17.248400  74.378700
3  1860.000000   83.352000     560.000000    107.062000    720.000000    99.688000     5.86163E-03  1.88066E-04  -17.282600  73.453600
3  1860.000000   83.352000     600.000000    109.602000    760.000000    109.364000    6.59014E-03  2.11058E-04  -12.491000  73.587700
3  1860.000000   83.352000     640.000000    94.241000     800.000000    112.086000    7.11348E-03  2.27812E-04  -10.506300  73.587300
3  1860.000000   83.352000     680.000000    91.001000     840.000000    110.374000    7.08203E-03  2.26774E-04  -9.351340  73.585400
3  1860.000000   83.352000     720.000000    99.688000     880.000000    97.963000     7.78357E-03  2.31265E-04  -7.091950  70.746600
3  1860.000000   83.352000     760.000000    109.364000    920.000000    98.528000     9.15533E-03  2.72028E-04  -4.812480  70.746800
3  1860.000000   83.352000     800.000000    112.086000    960.000000    99.983000     1.06839E-02  3.01970E-04  -3.012100  68.362500
3  1860.000000   83.352000     840.000000    110.374000    1000.000000   109.284000    1.27775E-02  3.49992E-04  -0.241315  61.453600
3  1860.000000   83.352000     880.000000    97.963000     1040.000000   125.393000    1.46293E-02  3.81883E-04  1.672570  58.047700
3  1860.000000   83.352000     920.000000    98.528000     1080.000000   127.088000    1.45905E-02  3.80859E-04  2.677430  58.047300
3  1860.000000   83.352000     960.000000    99.983000     1120.000000   112.650000    1.48901E-02  3.88696E-04  4.233420  58.047800
3  1860.000000   83.352000     1000.000000   109.284000    1160.000000   107.119000    1.76768E-02  4.00547E-04  8.775920  50.485700
3  1860.000000   83.352000     1040.000000   125.393000    1200.000000   112.156000    1.78160E-02  4.03709E-04  11.460100  50.485900
3  1860.000000   83.352000     0.000000      85.461000     320.000000    109.059000    7.66101E-03  2.50859E-04  -15.633000  73.903300
3  1940.000000   71.729000     1600.000000   139.326000    1640.000000   117.482000    2.61287E-02  4.55914E-04  25.613200  37.125900
3  1940.000000   71.729000     1640.000000   117.482000    1680.000000   108.805000    5.37041E-02  5.88978E-04  26.259700  9.398860
3  1940.000000   71.729000     1680.000000   108.805000    1720.000000   105.823000    5.98039E-02  6.51163E-04  22.943100  8.484520
3  1940.000000   71.729000     1720.000000   105.823000    1760.000000   106.406000    1.04660E-01  1.09974E-03  21.540000  6.085030
3  1940.000000   71.729000     1760.000000   106.406000    1800.000000   92.674000     8.47266E-02  8.78564E-04  20.441600  6.347010
3  1940.000000   71.729000     1800.000000   92.674000     1840.000000   86.557000     1.51580E-01  1.54377E-03  13.426300  3.861300
3  1940.000000   71.729000     1840.000000   86.557000     1880.000000   78.369000     4.14015E-01  4.18060E-03  12.003300  2.454600
3  1940.000000   71.729000     2000.000000   66.527000     2040.000000   61.428000     3.34731E-01  3.35715E-03  10.284400  2.156300
3  1940.000000   71.729000     2040.000000   61.428000     2080.000000   55.293000     9.54001E-02  9.71726E-04  22.984000  5.510550
3  1940.000000   71.729000     2120.000000   43.879000     2160.000000   41.041000     4.27722E-02  4.80405E-04  9.200140  15.468400
3  1940.000000   71.729000     2200.000000   41.028000     2240.000000   41.064000     1.80743E-02  4.08908E-04  16.803600  50.469700
3  1940.000000   71.729000     2240.000000   41.064000     2280.000000   42.996000     1.19636E-02  3.27505E-04  16.688600  61.446400
3  1940.000000   71.729000     1240.000000   121.717000    1320.000000   121.622000    6.15380E-03  1.97120E-04  2.220680  73.590200
3  1940.000000   71.729000     1280.000000   118.242000    1360.000000   139.168000    9.95890E-03  2.81894E-04  14.901300  68.379800
3  1940.000000   71.729000     1320.000000   121.622000    1400.000000   152.179000    1.42493E-02  3.73608E-04  33.634300  58.099700
3  1940.000000   71.729000     1360.000000   139.168000    1440.000000   160.534000    1.46312E-02  3.82641E-04  32.916700  58.069500
3  1940.000000   71.729000     1400.000000   152.179000    1480.000000   164.497000    1.70601E-02  3.86423E-04  17.912500  50.481800
3  1940.000000   71.729000     1440.000000   160.534000    1520.000000   168.092000    1.89443E-02  4.34863E-04  18.615000  50.535700
3  1940.000000   71.729000     1480.000000   164.497000    1560.000000   155.128000    1.96221E-02  4.50229E-04  20.942300  50.531200
3  1940.000000   71.729000     1520.000000   168.092000    1600.000000   139.326000    2.30398E-02  5.08385E-04  20.734700  45.476400
3  1940.000000   71.729000     1000.000000   109.284000    1160.000000   107.119000    1.14380E-02  3.23635E-04  -19.311700  68.375200
3  1940.000000   71.729000     1040.000000   125.393000    1200.000000   112.156000    1.14167E-02  3.22767E-04  -13.190200  68.365600
3  1940.000000   71.729000     1080.000000   127.088000    1240.000000   121.717000    1.25333E-02  3.43395E-04  -7.573210  61.456900
3  1940.000000   71.729000     1120.000000   112.650000    1280.000000   118.242000    1.31741E-02  3.61085E-04  -3.338840  61.461400
3  2018.000000   63.729000     1680.000000   108.805000    1720.000000   105.823000    1.93479E-02  4.55393E-04  17.597000  50.802900
3  2018.000000   63.729000     1720.000000   105.823000    1760.000000   106.406000    3.12236E-02  5.85580E-04  23.518400  37.598700
3  2018.000000   63.729000     1760.000000   106.406000    1800.000000   92.674000     2.15115E-02  4.77986E-04  18.748600  45.551600
3  2018.000000   63.729000     1800.000000   92.674000     1840.000000   86.557000     3.14373E-02  4.33652E-04  17.715700  30.712500
3  2018.000000   63.729000     1840.000000   86.557000     1880.000000   78.369000     6.76645E-02  7.51983E-04  18.665400  7.797550
3  2018.000000   63.729000     1880.000000   78.369000     1920.000000   69.798000     8.90509E-02  9.35791E-04  18.072600  6.086380
3  2018.000000   63.729000     2200.000000   41.028000     2240.000000   41.064000     2.43023E-02  4.22855E-04  20.960900  37.102900
3  2018.000000   63.729000     2240.000000   41.064000     2280.000000   42.996000     1.53220E-02  3.99653E-04  23.386200  58.038500
3  2018.000000   63.729000     1320.000000   121.622000    1400.000000   152.179000    7.96564E-03  2.37206E-04  26.765700  70.774600
3  2018.000000   63.729000     1360.000000   139.168000    1440.000000   160.534000    7.73574E-03  2.47818E-04  28.624800  73.591700
3  2018.000000   63.729000     1400.000000   152.179000    1480.000000   164.497000    8.91254E-03  2.69156E-04  -10.190200  70.952800
3  2018.000000   63.729000     1440.000000   160.534000    1520.000000   168.092000    9.63147E-03  2.76064E-04  -11.814800  68.528300
3  2018.000000   63.729000     1480.000000   164.497000    1560.000000   155.128000    9.52632E-03  2.85228E-04  -9.275790  70.843100
3  2018.000000   63.729000     1520.000000   168.092000    1600.000000   139.326000    1.05766E-02  3.00818E-04  -3.240530  68.436200
3  2018.000000   63.729000     1560.000000   155.128000    1640.000000   117.482000    1.67360E-02  3.84511E-04  3.832920  50.628200
3  2018.000000   63.729000     1600.000000   139.326000    1680.000000   108.805000    3.09453E-02  5.35298E-04  13.915100  36.893900
3  2100.000000   50.391000     1760.000000   106.406000    1800.000000   92.674000     1.10462E-02  3.21207E-04  15.162000  68.703200
3  2100.000000   50.391000     1800.000000   92.674000     1840.000000   86.557000     1.31514E-02  3.70938E-04  16.654300  61.820700
3  2100.000000   50.391000     1840.000000   86.557000     1880.000000   78.369000     2.38732E-02  5.67375E-04  22.876700  46.325500
3  2100.000000   50.391000     1880.000000   78.369000     1920.000000   69.798000     2.66469E-02  5.04458E-04  23.507600  37.845200
3  2100.000000   50.391000     2200.000000   41.028000     2240.000000   41.064000     3.95195E-02  4.83663E-04  21.383100  24.290000
3  2100.000000   50.391000     1560.000000   155.128000    1640.000000   117.482000    1.15286E-02  3.41411E-04  -14.610900  62.476200
3  2100.000000   50.391000     1600.000000   139.326000    1680.000000   108.805000    1.99377E-02  5.45511E-04  -1.251100  52.683500
3  2100.000000   50.391000     1640.000000   117.482000    1720.000000   105.823000    2.33225E-02  6.11332E-04  6.612280  47.626600
3  2100.000000   50.391000     1680.000000   108.805000    1760.000000   106.406000    2.73081E-02  5.85305E-04  10.744700  39.156900
3  2180.000000   41.040000     1840.000000   86.557000     1880.000000   78.369000     1.29348E-02  3.61995E-04  12.095300  61.721100
3  2180.000000   41.040000     1880.000000   78.369000     1920.000000   69.798000     1.31224E-02  3.65993E-04  13.733900  61.677800
3  2180.000000   41.040000     1920.000000   69.798000     1960.000000   70.212000     1.59799E-02  3.70166E-04  15.802500  50.714400
3  2180.000000   41.040000     1960.000000   70.212000     2000.000000   66.527000     1.19203E-02  3.28222E-04  16.902700  61.517700
3  2180.000000   41.040000     1520.000000   168.092000    1600.000000   139.326000    5.64144E-03  1.81576E-04  -17.409900  73.498200
3  2180.000000   41.040000     1560.000000   155.128000    1640.000000   117.482000    8.55795E-03  2.56491E-04  -10.641600  70.855800
3  2180.000000   41.040000     1600.000000   139.326000    1680.000000   108.805000    1.38263E-02  3.72529E-04  -8.284700  58.430000
3  2180.000000   41.040000     1640.000000   117.482000    1720.000000   105.823000    1.55477E-02  4.21574E-04  -4.442440  58.509300
3  2180.000000   41.040000     1680.000000   108.805000    1760.000000   106.406000    1.77837E-02  4.15890E-04  0.633174  50.816000
3  2180.000000   41.040000     1720.000000   105.823000    1800.000000   92.674000     1.73067E-02  4.02703E-04  2.142510  50.762100
3  2180.000000   41.040000     1760.000000   106.406000    1840.000000   86.557000     1.45005E-02  3.82226E-04  5.061130  58.163000
3  2180.000000   41.040000     1240.000000   121.717000    1400.000000   152.179000    7.63517E-03  2.45339E-04  -6.392560  73.634000
3  2180.000000   41.040000     1280.000000   118.242000    1440.000000   160.534000    8.51283E-03  2.53895E-04  -2.561110  70.794100
3  2180.000000   41.040000     1320.000000   121.622000    1480.000000   164.497000    1.00633E-02  2.85838E-04  -4.303900  68.420500
3  2180.000000   41.040000     1360.000000   139.168000    1520.000000   168.092000    1.00878E-02  2.86099E-04  -6.107190  68.402600
3  2260.000000   42.469000     1920.000000   69.798000     1960.000000   70.212000     8.64288E-03  2.61483E-04  4.096740  70.976000
3  2260.000000   42.469000     1960.000000   70.212000     2000.000000   66.527000     5.91616E-03  1.90581E-04  6.306990  73.510300
3  2260.000000   42.469000     2160.000000   41.041000     2200.000000   41.028000     2.77873E-01  2.85062E-03  10.115100  3.379970
3  2260.000000   42.469000     1760.000000   106.406000    1840.000000   86.557000     9.65474E-03  2.77262E-04  -17.397100  68.551300
3  2260.000000   42.469000     1800.000000   92.674000     1880.000000   78.369000     1.29239E-02  3.64119E-04  -8.099620  61.806500
3  2260.000000   42.469000     1840.000000   86.557000     1920.000000   69.798000     1.54445E-02  4.16796E-04  -1.301790  58.449900
3  2260.000000   42.469000     1240.000000   121.717000    1400.000000   152.179000    6.07073E-03  2.08844E-04  4.535160  74.495100
3  2260.000000   42.469000     1280.000000   118.242000    1440.000000   160.534000    6.76534E-03  2.38224E-04  10.528200  75.029100
3  2260.000000   42.469000     1320.000000   121.622000    1480.000000   164.497000    7.98765E-03  2.64854E-04  4.498690  72.261600
3  2260.000000   42.469000     1360.000000   139.168000    1520.000000   168.092000    7.96052E-03  2.65118E-04  1.088820  72.328700
3  2411.000000   51.327000     2240.000000   41.064000     2280.000000   42.996000     4.82687E-02  5.21809E-04  7.075450  9.215580
3  2411.000000   51.327000     1880.000000   78.369000     1960.000000   70.212000     7.31776E-03  2.38077E-04  -19.838300  73.810100
3  2411.000000   51.327000     1920.000000   69.798000     2000.000000   66.527000     6.53969E-03  2.11915E-04  -18.825900  73.753000
3  2585.000000   52.947000     2240.000000   41.064000     2280.000000   42.996000     8.71475E-03  2.66754E-04  8.034510  71.128200
3  2747.000000   62.815000     2240.000000   41.064000     2280.000000   42.996000     5.25332E-03  1.86170E-04  26.114100  74.979500
