L24 SSIP denoised resistance
10.000000
11
0
Type of measurement (0=app. resistivity,1=resistance)
1
2895                
1
0
Error estimate for data present
Type of error estimate (0=same unit as data)
0
3  -20.000000    100.546000    40.000000     87.181000     80.000000     87.439000     8.15954E-02  8.21462E-04
3  -20.000000    100.546000    80.000000     87.439000     120.000000    88.121000     3.86262E-02  3.93605E-04
3  -20.000000    100.546000    120.000000    88.121000     160.000000    96.899000     2.89682E-02  3.00099E-04
3  -20.000000    100.546000    160.000000    96.899000     200.000000    103.483000    1.58102E-02  1.66018E-04
3  -20.000000    100.546000    200.000000    103.483000    240.000000    107.360000    8.66487E-03  9.90265E-05
3  -20.000000    100.546000    240.000000    107.360000    280.000000    105.248000    1.31751E-02  1.39667E-04
3  -20.000000    100.546000    280.000000    105.248000    320.000000    113.072000    8.85017E-03  1.01144E-04
3  -20.000000    100.546000    2360.000000   52.469000     2400.000000   59.965000     1.97169E-04  4.26544E-06
3  -20.000000    100.546000    320.000000    113.072000    400.000000    115.247000    1.14220E-02  1.23746E-04
3  -20.000000    100.546000    360.000000    115.089000    440.000000    111.533000    1.03661E-02  1.12306E-04
3  -20.000000    100.546000    400.000000    115.247000    480.000000    120.110000    1.10127E-02  1.19312E-04
3  -20.000000    100.546000    440.000000    111.533000    520.000000    115.268000    7.76800E-03  8.87766E-05
3  -20.000000    100.546000    480.000000    120.110000    560.000000    123.811000    5.57129E-03  7.72615E-05
3  -20.000000    100.546000    520.000000    115.268000    600.000000    124.839000    5.59617E-03  7.76066E-05
3  -20.000000    100.546000    560.000000    123.811000    640.000000    115.456000    4.03572E-03  5.80772E-05
3  -20.000000    100.546000    600.000000    124.839000    680.000000    99.357000     4.34404E-03  6.25142E-05
3  -20.000000    100.546000    2280.000000   42.192000     2360.000000   52.469000     6.02539E-04  1.30350E-05
3  -20.000000    100.546000    2320.000000   45.283000     2400.000000   59.965000     4.12607E-04  8.92609E-06
3  -20.000000    100.546000    640.000000    115.456000    800.000000    109.655000    9.81050E-03  1.06287E-04
3  -20.000000    100.546000    680.000000    99.357000     840.000000    115.365000    9.59550E-03  1.03958E-04
3  -20.000000    100.546000    720.000000    100.587000    880.000000    118.144000    9.37459E-03  1.07138E-04
3  -20.000000    100.546000    760.000000    98.622000     920.000000    132.008000    8.45752E-03  9.66568E-05
3  -20.000000    100.546000    800.000000    109.655000    960.000000    128.518000    7.21707E-03  9.66994E-05
3  -20.000000    100.546000    840.000000    115.365000    1000.000000   116.905000    6.54867E-03  8.77437E-05
3  -20.000000    100.546000    880.000000    118.144000    1040.000000   108.286000    5.51579E-03  7.64913E-05
3  -20.000000    100.546000    920.000000    132.008000    1080.000000   117.343000    5.51121E-03  7.64278E-05
3  -20.000000    100.546000    960.000000    128.518000    1120.000000   134.172000    5.18673E-03  7.19280E-05
3  -20.000000    100.546000    1000.000000   116.905000    1160.000000   128.135000    4.37182E-03  6.06271E-05
3  -20.000000    100.546000    1040.000000   108.286000    1200.000000   123.583000    4.44569E-03  6.16515E-05
3  -20.000000    100.546000    1080.000000   117.343000    1240.000000   121.871000    4.27975E-03  6.15890E-05
3  -20.000000    100.546000    1120.000000   134.172000    1280.000000   129.599000    4.55101E-03  6.31120E-05
3  -20.000000    100.546000    1160.000000   128.135000    1320.000000   143.045000    5.12097E-03  7.10161E-05
3  -20.000000    100.546000    1200.000000   123.583000    1360.000000   150.159000    5.07492E-03  7.03775E-05
3  -20.000000    100.546000    1240.000000   121.871000    1400.000000   160.896000    4.78517E-03  6.63593E-05
3  -20.000000    100.546000    2120.000000   51.358000     2280.000000   42.192000     9.32528E-04  2.01738E-05
3  -20.000000    100.546000    2160.000000   53.175000     2320.000000   45.283000     1.09192E-03  2.36219E-05
3  -20.000000    100.546000    2200.000000   49.089000     2360.000000   52.469000     1.14391E-03  2.47467E-05
3  -20.000000    100.546000    2240.000000   45.045000     2400.000000   59.965000     1.13602E-03  2.45760E-05
3  -20.000000    100.546000    1280.000000   129.599000    1600.000000   137.193000    7.20425E-03  9.65276E-05
3  -20.000000    100.546000    1320.000000   143.045000    1640.000000   122.640000    7.23659E-03  9.69609E-05
3  -20.000000    100.546000    1360.000000   150.159000    1680.000000   100.508000    7.82505E-03  8.94286E-05
3  -20.000000    100.546000    1400.000000   160.896000    1720.000000   92.752000     8.18576E-03  9.35510E-05
3  -20.000000    100.546000    1440.000000   178.173000    1760.000000   89.581000     8.19116E-03  9.36127E-05
3  -20.000000    100.546000    1480.000000   197.065000    1800.000000   73.849000     9.34770E-03  1.06830E-04
3  -20.000000    100.546000    1520.000000   178.674000    1840.000000   69.746000     1.03263E-02  1.11875E-04
3  -20.000000    100.546000    1560.000000   156.964000    1880.000000   67.320000     1.07889E-02  1.16887E-04
3  -20.000000    100.546000    1600.000000   137.193000    1920.000000   57.532000     1.06273E-02  1.15136E-04
3  -20.000000    100.546000    1640.000000   122.640000    1960.000000   54.922000     1.00302E-02  1.08667E-04
3  -20.000000    100.546000    1680.000000   100.508000    2000.000000   51.429000     8.87044E-03  1.01376E-04
3  -20.000000    100.546000    1720.000000   92.752000     2040.000000   51.134000     7.62272E-03  1.02135E-04
3  -20.000000    100.546000    1760.000000   89.581000     2080.000000   47.855000     6.89014E-03  9.23189E-05
3  -20.000000    100.546000    1800.000000   73.849000     2120.000000   51.358000     5.53460E-03  7.67522E-05
3  -20.000000    100.546000    1840.000000   69.746000     2160.000000   53.175000     4.23260E-03  6.09105E-05
3  -20.000000    100.546000    1880.000000   67.320000     2200.000000   49.089000     3.25098E-03  4.67842E-05
3  -20.000000    100.546000    1920.000000   57.532000     2240.000000   45.045000     2.63941E-03  4.12970E-05
3  -20.000000    100.546000    1960.000000   54.922000     2280.000000   42.192000     2.16362E-03  3.38526E-05
3  -20.000000    100.546000    2000.000000   51.429000     2320.000000   45.283000     2.20068E-03  3.44325E-05
3  -20.000000    100.546000    2040.000000   51.134000     2360.000000   52.469000     2.09886E-03  3.28394E-05
3  -20.000000    100.546000    2080.000000   47.855000     2400.000000   59.965000     2.00277E-03  3.13359E-05
3  -320.000000   93.637000     2360.000000   52.469000     2400.000000   59.965000     1.42057E-04  3.07318E-06
3  -320.000000   93.637000     40.000000     87.181000     120.000000    88.121000     1.53377E-03  2.50258E-05
3  -320.000000   93.637000     80.000000     87.439000     160.000000    96.899000     1.99051E-03  3.12355E-05
3  -320.000000   93.637000     120.000000    88.121000     200.000000    103.483000    1.85554E-03  2.90331E-05
3  -320.000000   93.637000     160.000000    96.899000     240.000000    107.360000    1.37766E-03  2.98035E-05
3  -320.000000   93.637000     200.000000    103.483000    280.000000    105.248000    1.78152E-03  2.78749E-05
3  -320.000000   93.637000     240.000000    107.360000    320.000000    113.072000    2.11127E-03  3.30386E-05
3  -320.000000   93.637000     280.000000    105.248000    360.000000    115.089000    1.71760E-03  2.68753E-05
3  -320.000000   93.637000     320.000000    113.072000    400.000000    115.247000    1.55945E-03  2.44084E-05
3  -320.000000   93.637000     2280.000000   42.192000     2360.000000   52.469000     4.30783E-04  9.31930E-06
3  -320.000000   93.637000     2320.000000   45.283000     2400.000000   59.965000     2.95802E-04  6.39920E-06
3  -320.000000   93.637000     360.000000    115.089000    520.000000    115.268000    3.25252E-03  4.68073E-05
3  -320.000000   93.637000     400.000000    115.247000    560.000000    123.811000    3.30936E-03  4.76270E-05
3  -320.000000   93.637000     440.000000    111.533000    600.000000    124.839000    2.96379E-03  4.26528E-05
3  -320.000000   93.637000     480.000000    120.110000    640.000000    115.456000    2.44226E-03  3.82131E-05
3  -320.000000   93.637000     520.000000    115.268000    680.000000    99.357000     2.76830E-03  4.33189E-05
3  -320.000000   93.637000     560.000000    123.811000    720.000000    100.587000    2.69009E-03  4.20926E-05
3  -320.000000   93.637000     600.000000    124.839000    760.000000    98.622000     3.02361E-03  4.35176E-05
3  -320.000000   93.637000     640.000000    115.456000    800.000000    109.655000    3.45373E-03  4.97120E-05
3  -320.000000   93.637000     680.000000    99.357000     840.000000    115.365000    3.55565E-03  5.11701E-05
3  -320.000000   93.637000     720.000000    100.587000    880.000000    118.144000    3.61326E-03  5.19991E-05
3  -320.000000   93.637000     760.000000    98.622000     920.000000    132.008000    3.39354E-03  4.88368E-05
3  -320.000000   93.637000     800.000000    109.655000    960.000000    128.518000    2.99870E-03  4.31543E-05
3  -320.000000   93.637000     840.000000    115.365000    1000.000000   116.905000    2.81214E-03  4.39999E-05
3  -320.000000   93.637000     880.000000    118.144000    1040.000000   108.286000    2.43184E-03  3.80493E-05
3  -320.000000   93.637000     920.000000    132.008000    1080.000000   117.343000    2.53439E-03  3.96541E-05
3  -320.000000   93.637000     960.000000    128.518000    1120.000000   134.172000    2.46004E-03  3.84905E-05
3  -320.000000   93.637000     2120.000000   51.358000     2280.000000   42.192000     6.75350E-04  1.46103E-05
3  -320.000000   93.637000     2160.000000   53.175000     2320.000000   45.283000     7.86051E-04  1.70050E-05
3  -320.000000   93.637000     2200.000000   49.089000     2360.000000   52.469000     8.19828E-04  1.77362E-05
3  -320.000000   93.637000     2240.000000   45.045000     2400.000000   59.965000     8.13515E-04  1.76008E-05
3  -320.000000   93.637000     1000.000000   116.905000    1320.000000   143.045000    4.99770E-03  6.93071E-05
3  -320.000000   93.637000     1040.000000   108.286000    1360.000000   150.159000    5.12654E-03  7.10938E-05
3  -320.000000   93.637000     1080.000000   117.343000    1400.000000   160.896000    5.02960E-03  6.97495E-05
3  -320.000000   93.637000     1120.000000   134.172000    1440.000000   178.173000    5.13807E-03  7.12537E-05
3  -320.000000   93.637000     1160.000000   128.135000    1480.000000   197.065000    5.00979E-03  6.94748E-05
3  -320.000000   93.637000     1200.000000   123.583000    1520.000000   178.674000    4.84427E-03  6.71794E-05
3  -320.000000   93.637000     1240.000000   121.871000    1560.000000   156.964000    4.45967E-03  6.18454E-05
3  -320.000000   93.637000     1280.000000   129.599000    1600.000000   137.193000    4.36990E-03  6.28864E-05
3  -320.000000   93.637000     1320.000000   143.045000    1640.000000   122.640000    4.49596E-03  6.23486E-05
3  -320.000000   93.637000     1360.000000   150.159000    1680.000000   100.508000    4.94710E-03  6.86054E-05
3  -320.000000   93.637000     1400.000000   160.896000    1720.000000   92.752000     5.27152E-03  7.31044E-05
3  -320.000000   93.637000     1440.000000   178.173000    1760.000000   89.581000     5.33848E-03  7.40324E-05
3  -320.000000   93.637000     1480.000000   197.065000    1800.000000   73.849000     6.14548E-03  8.23414E-05
3  -320.000000   93.637000     1520.000000   178.674000    1840.000000   69.746000     6.84401E-03  9.17008E-05
3  -320.000000   93.637000     1560.000000   156.964000    1880.000000   67.320000     7.19549E-03  9.64102E-05
3  -320.000000   93.637000     1600.000000   137.193000    1920.000000   57.532000     7.12876E-03  9.55161E-05
3  -320.000000   93.637000     1640.000000   122.640000    1960.000000   54.922000     6.77131E-03  9.07308E-05
3  -320.000000   93.637000     1680.000000   100.508000    2000.000000   51.429000     6.02034E-03  8.06707E-05
3  -320.000000   93.637000     1720.000000   92.752000     2040.000000   51.134000     5.20156E-03  7.21550E-05
3  -320.000000   93.637000     1760.000000   89.581000     2080.000000   47.855000     4.72311E-03  6.55332E-05
3  -320.000000   93.637000     1800.000000   73.849000     2120.000000   51.358000     3.81889E-03  5.49569E-05
3  -320.000000   93.637000     1840.000000   69.746000     2160.000000   53.175000     2.94044E-03  4.23165E-05
3  -320.000000   93.637000     1880.000000   67.320000     2200.000000   49.089000     2.27492E-03  3.55941E-05
3  -320.000000   93.637000     1920.000000   57.532000     2240.000000   45.045000     1.86044E-03  2.91099E-05
3  -320.000000   93.637000     1960.000000   54.922000     2280.000000   42.192000     1.54116E-03  2.41136E-05
3  -320.000000   93.637000     2000.000000   51.429000     2320.000000   45.283000     1.57632E-03  2.46644E-05
3  -320.000000   93.637000     2040.000000   51.134000     2360.000000   52.469000     1.50730E-03  3.26080E-05
3  -320.000000   93.637000     2080.000000   47.855000     2400.000000   59.965000     1.44122E-03  3.11786E-05
3  -480.000000   80.619000     2360.000000   52.469000     2400.000000   59.965000     1.42889E-04  3.09117E-06
3  -480.000000   80.619000     200.000000    103.483000    280.000000    105.248000    9.32825E-04  2.01860E-05
3  -480.000000   80.619000     2280.000000   42.192000     2360.000000   52.469000     4.31944E-04  9.34442E-06
3  -480.000000   80.619000     2320.000000   45.283000     2400.000000   59.965000     2.98446E-04  6.45640E-06
3  -480.000000   80.619000     240.000000    107.360000    400.000000    115.247000    2.23523E-03  3.54170E-05
3  -480.000000   80.619000     280.000000    105.248000    440.000000    111.533000    2.27027E-03  3.59645E-05
3  -480.000000   80.619000     320.000000    113.072000    480.000000    120.110000    2.53008E-03  3.99469E-05
3  -480.000000   80.619000     360.000000    115.089000    520.000000    115.268000    2.38995E-03  3.75277E-05
3  -480.000000   80.619000     400.000000    115.247000    560.000000    123.811000    2.52125E-03  3.95544E-05
3  -480.000000   80.619000     440.000000    111.533000    600.000000    124.839000    2.32659E-03  3.65035E-05
3  -480.000000   80.619000     480.000000    120.110000    640.000000    115.456000    1.98117E-03  3.10917E-05
3  -480.000000   80.619000     520.000000    115.268000    680.000000    99.357000     2.29155E-03  3.59107E-05
3  -480.000000   80.619000     560.000000    123.811000    720.000000    100.587000    2.27287E-03  3.55677E-05
3  -480.000000   80.619000     600.000000    124.839000    760.000000    98.622000     2.59219E-03  4.05582E-05
3  -480.000000   80.619000     640.000000    115.456000    800.000000    109.655000    2.99753E-03  4.31369E-05
3  -480.000000   80.619000     680.000000    99.357000     840.000000    115.365000    3.12350E-03  4.49497E-05
3  -480.000000   80.619000     720.000000    100.587000    880.000000    118.144000    3.20059E-03  4.60591E-05
3  -480.000000   80.619000     760.000000    98.622000     920.000000    132.008000    3.03527E-03  4.36800E-05
3  -480.000000   80.619000     800.000000    109.655000    960.000000    128.518000    2.70406E-03  4.23085E-05
3  -480.000000   80.619000     2120.000000   51.358000     2280.000000   42.192000     6.83867E-04  1.47944E-05
3  -480.000000   80.619000     2160.000000   53.175000     2320.000000   45.283000     7.86800E-04  1.70212E-05
3  -480.000000   80.619000     2200.000000   49.089000     2360.000000   52.469000     8.21218E-04  1.77657E-05
3  -480.000000   80.619000     2240.000000   45.045000     2400.000000   59.965000     8.15836E-04  1.76493E-05
3  -480.000000   80.619000     840.000000    115.365000    1160.000000   128.135000    4.56861E-03  6.33561E-05
3  -480.000000   80.619000     880.000000    118.144000    1200.000000   123.583000    4.34141E-03  6.24764E-05
3  -480.000000   80.619000     920.000000    132.008000    1240.000000   121.871000    4.47671E-03  6.20817E-05
3  -480.000000   80.619000     960.000000    128.518000    1280.000000   129.599000    4.63279E-03  6.42461E-05
3  -480.000000   80.619000     1000.000000   116.905000    1320.000000   143.045000    4.73470E-03  6.56594E-05
3  -480.000000   80.619000     1040.000000   108.286000    1360.000000   150.159000    4.87754E-03  6.76403E-05
3  -480.000000   80.619000     1080.000000   117.343000    1400.000000   160.896000    4.81332E-03  6.67497E-05
3  -480.000000   80.619000     1120.000000   134.172000    1440.000000   178.173000    4.93600E-03  6.84510E-05
3  -480.000000   80.619000     1160.000000   128.135000    1480.000000   197.065000    4.82336E-03  6.68889E-05
3  -480.000000   80.619000     1200.000000   123.583000    1520.000000   178.674000    4.67681E-03  6.48566E-05
3  -480.000000   80.619000     1240.000000   121.871000    1560.000000   156.964000    4.32112E-03  6.21844E-05
3  -480.000000   80.619000     1280.000000   129.599000    1600.000000   137.193000    4.24846E-03  6.11387E-05
3  -480.000000   80.619000     1320.000000   143.045000    1640.000000   122.640000    4.38821E-03  6.08544E-05
3  -480.000000   80.619000     1360.000000   150.159000    1680.000000   100.508000    4.84256E-03  6.71552E-05
3  -480.000000   80.619000     1400.000000   160.896000    1720.000000   92.752000     5.17446E-03  7.17579E-05
3  -480.000000   80.619000     1440.000000   178.173000    1760.000000   89.581000     5.25075E-03  7.28158E-05
3  -480.000000   80.619000     1480.000000   197.065000    1800.000000   73.849000     6.05374E-03  8.11122E-05
3  -480.000000   80.619000     1520.000000   178.674000    1840.000000   69.746000     6.75056E-03  9.04487E-05
3  -480.000000   80.619000     1560.000000   156.964000    1880.000000   67.320000     7.10427E-03  9.51880E-05
3  -480.000000   80.619000     1600.000000   137.193000    1920.000000   57.532000     7.04587E-03  9.44055E-05
3  -480.000000   80.619000     1640.000000   122.640000    1960.000000   54.922000     6.69958E-03  8.97657E-05
3  -480.000000   80.619000     1680.000000   100.508000    2000.000000   51.429000     5.96206E-03  8.26807E-05
3  -480.000000   80.619000     1720.000000   92.752000     2040.000000   51.134000     5.15758E-03  7.15243E-05
3  -480.000000   80.619000     1760.000000   89.581000     2080.000000   47.855000     4.68660E-03  6.49928E-05
3  -480.000000   80.619000     1800.000000   73.849000     2120.000000   51.358000     3.79399E-03  5.45982E-05
3  -480.000000   80.619000     1840.000000   69.746000     2160.000000   53.175000     2.93222E-03  4.21973E-05
3  -480.000000   80.619000     1880.000000   67.320000     2200.000000   49.089000     2.27395E-03  3.55789E-05
3  -480.000000   80.619000     1920.000000   57.532000     2240.000000   45.045000     1.86339E-03  2.91552E-05
3  -480.000000   80.619000     1960.000000   54.922000     2280.000000   42.192000     1.54837E-03  2.42263E-05
3  -480.000000   80.619000     2000.000000   51.429000     2320.000000   45.283000     1.58422E-03  2.47872E-05
3  -480.000000   80.619000     2040.000000   51.134000     2360.000000   52.469000     1.51689E-03  3.28155E-05
3  -480.000000   80.619000     2080.000000   47.855000     2400.000000   59.965000     1.45172E-03  3.14056E-05
3  -640.000000   84.765000     280.000000    105.248000    320.000000    113.072000    3.42817E-04  7.41630E-06
3  -640.000000   84.765000     2360.000000   52.469000     2400.000000   59.965000     1.31847E-04  2.85230E-06
3  -640.000000   84.765000     240.000000    107.360000    320.000000    113.072000    7.28974E-04  1.57702E-05
3  -640.000000   84.765000     2280.000000   42.192000     2360.000000   52.469000     3.97263E-04  8.59419E-06
3  -640.000000   84.765000     2320.000000   45.283000     2400.000000   59.965000     2.74768E-04  5.94417E-06
3  -640.000000   84.765000     360.000000    115.089000    520.000000    115.268000    1.80480E-03  2.82637E-05
3  -640.000000   84.765000     400.000000    115.247000    560.000000    123.811000    1.93762E-03  3.03548E-05
3  -640.000000   84.765000     440.000000    111.533000    600.000000    124.839000    1.82010E-03  2.84809E-05
3  -640.000000   84.765000     480.000000    120.110000    640.000000    115.456000    1.58180E-03  2.47531E-05
3  -640.000000   84.765000     520.000000    115.268000    680.000000    99.357000     1.85228E-03  2.89845E-05
3  -640.000000   84.765000     560.000000    123.811000    720.000000    100.587000    1.86378E-03  2.91613E-05
3  -640.000000   84.765000     600.000000    124.839000    760.000000    98.622000     2.14673E-03  3.35888E-05
3  -640.000000   84.765000     640.000000    115.456000    800.000000    109.655000    2.49658E-03  3.90697E-05
3  -640.000000   84.765000     2120.000000   51.358000     2280.000000   42.192000     6.37343E-04  1.37890E-05
3  -640.000000   84.765000     2160.000000   53.175000     2320.000000   45.283000     7.26003E-04  1.57071E-05
3  -640.000000   84.765000     2200.000000   49.089000     2360.000000   52.469000     7.56331E-04  1.63624E-05
3  -640.000000   84.765000     2240.000000   45.045000     2400.000000   59.965000     7.50094E-04  1.62271E-05
3  -640.000000   84.765000     680.000000    99.357000     1000.000000   116.905000    4.78190E-03  6.63202E-05
3  -640.000000   84.765000     720.000000    100.587000    1040.000000   108.286000    4.58363E-03  6.35704E-05
3  -640.000000   84.765000     760.000000    98.622000     1080.000000   117.343000    4.57591E-03  6.34619E-05
3  -640.000000   84.765000     800.000000    109.655000    1120.000000   134.172000    4.27351E-03  6.15022E-05
3  -640.000000   84.765000     840.000000    115.365000    1160.000000   128.135000    3.94152E-03  5.67240E-05
3  -640.000000   84.765000     880.000000    118.144000    1200.000000   123.583000    3.77177E-03  5.42811E-05
3  -640.000000   84.765000     920.000000    132.008000    1240.000000   121.871000    3.92345E-03  5.64635E-05
3  -640.000000   84.765000     960.000000    128.518000    1280.000000   129.599000    4.08616E-03  5.88052E-05
3  -640.000000   84.765000     1000.000000   116.905000    1320.000000   143.045000    4.20567E-03  6.05246E-05
3  -640.000000   84.765000     1040.000000   108.286000    1360.000000   150.159000    4.34881E-03  6.25846E-05
3  -640.000000   84.765000     1080.000000   117.343000    1400.000000   160.896000    4.30521E-03  6.19571E-05
3  -640.000000   84.765000     1120.000000   134.172000    1440.000000   178.173000    4.42856E-03  6.14153E-05
3  -640.000000   84.765000     1160.000000   128.135000    1480.000000   197.065000    4.33638E-03  6.24048E-05
3  -640.000000   84.765000     1200.000000   123.583000    1520.000000   178.674000    4.21490E-03  6.06566E-05
3  -640.000000   84.765000     1240.000000   121.871000    1560.000000   156.964000    3.90765E-03  5.62346E-05
3  -640.000000   84.765000     1280.000000   129.599000    1600.000000   137.193000    3.85950E-03  5.55417E-05
3  -640.000000   84.765000     1320.000000   143.045000    1640.000000   122.640000    4.00908E-03  5.76943E-05
3  -640.000000   84.765000     1360.000000   150.159000    1680.000000   100.508000    4.44280E-03  6.16119E-05
3  -640.000000   84.765000     1400.000000   160.896000    1720.000000   92.752000     4.76600E-03  6.60939E-05
3  -640.000000   84.765000     1440.000000   178.173000    1760.000000   89.581000     4.84743E-03  6.72232E-05
3  -640.000000   84.765000     1480.000000   197.065000    1800.000000   73.849000     5.59653E-03  7.76116E-05
3  -640.000000   84.765000     1520.000000   178.674000    1840.000000   69.746000     6.24974E-03  8.37390E-05
3  -640.000000   84.765000     1560.000000   156.964000    1880.000000   67.320000     6.58423E-03  8.82201E-05
3  -640.000000   84.765000     1600.000000   137.193000    1920.000000   57.532000     6.53581E-03  8.75714E-05
3  -640.000000   84.765000     1640.000000   122.640000    1960.000000   54.922000     6.22413E-03  8.34195E-05
3  -640.000000   84.765000     1680.000000   100.508000    2000.000000   51.429000     5.54012E-03  7.68548E-05
3  -640.000000   84.765000     1720.000000   92.752000     2040.000000   51.134000     4.80211E-03  6.66427E-05
3  -640.000000   84.765000     1760.000000   89.581000     2080.000000   47.855000     4.36563E-03  6.28725E-05
3  -640.000000   84.765000     1800.000000   73.849000     2120.000000   51.358000     3.53886E-03  5.09380E-05
3  -640.000000   84.765000     1840.000000   69.746000     2160.000000   53.175000     2.74047E-03  4.28963E-05
3  -640.000000   84.765000     1880.000000   67.320000     2200.000000   49.089000     2.12687E-03  3.32776E-05
3  -640.000000   84.765000     1920.000000   57.532000     2240.000000   45.045000     1.74400E-03  2.72884E-05
3  -640.000000   84.765000     1960.000000   54.922000     2280.000000   42.192000     1.44300E-03  3.12171E-05
3  -640.000000   84.765000     2000.000000   51.429000     2320.000000   45.283000     1.47688E-03  3.19513E-05
3  -640.000000   84.765000     2040.000000   51.134000     2360.000000   52.469000     1.40746E-03  3.04503E-05
3  -640.000000   84.765000     2080.000000   47.855000     2400.000000   59.965000     1.34648E-03  2.91328E-05
3  60.000000     87.443000     120.000000    88.121000     160.000000    96.899000     9.74143E-02  9.79160E-04
3  60.000000     87.443000     160.000000    96.899000     200.000000    103.483000    4.11541E-02  4.19369E-04
3  60.000000     87.443000     200.000000    103.483000    240.000000    107.360000    1.93605E-02  2.00910E-04
3  60.000000     87.443000     240.000000    107.360000    280.000000    105.248000    2.67675E-02  2.76562E-04
3  60.000000     87.443000     280.000000    105.248000    320.000000    113.072000    1.71881E-02  1.79421E-04
3  60.000000     87.443000     320.000000    113.072000    360.000000    115.089000    1.20896E-02  1.28159E-04
3  60.000000     87.443000     360.000000    115.089000    400.000000    115.247000    8.86857E-03  1.01354E-04
3  60.000000     87.443000     2360.000000   52.469000     2400.000000   59.965000     2.66810E-04  5.77201E-06
3  60.000000     87.443000     400.000000    115.247000    480.000000    120.110000    1.92250E-02  1.99506E-04
3  60.000000     87.443000     440.000000    111.533000    520.000000    115.268000    1.33834E-02  1.41875E-04
3  60.000000     87.443000     480.000000    120.110000    560.000000    123.811000    9.39849E-03  1.07411E-04
3  60.000000     87.443000     520.000000    115.268000    600.000000    124.839000    9.31867E-03  1.06498E-04
3  60.000000     87.443000     560.000000    123.811000    640.000000    115.456000    6.53968E-03  8.76232E-05
3  60.000000     87.443000     600.000000    124.839000    680.000000    99.357000     6.89024E-03  9.23203E-05
3  60.000000     87.443000     640.000000    115.456000    720.000000    100.587000    7.31874E-03  9.80616E-05
3  60.000000     87.443000     680.000000    99.357000     760.000000    98.622000     7.36110E-03  9.86299E-05
3  60.000000     87.443000     2280.000000   42.192000     2360.000000   52.469000     8.19982E-04  1.77390E-05
3  60.000000     87.443000     2320.000000   45.283000     2400.000000   59.965000     5.58573E-04  1.20838E-05
3  60.000000     87.443000     720.000000    100.587000    880.000000    118.144000    1.44007E-02  1.51223E-04
3  60.000000     87.443000     760.000000    98.622000     920.000000    132.008000    1.29373E-02  1.37147E-04
3  60.000000     87.443000     800.000000    109.655000    960.000000    128.518000    1.09974E-02  1.19147E-04
3  60.000000     87.443000     840.000000    115.365000    1000.000000   116.905000    9.92483E-03  1.07528E-04
3  60.000000     87.443000     880.000000    118.144000    1040.000000   108.286000    8.32475E-03  9.51411E-05
3  60.000000     87.443000     920.000000    132.008000    1080.000000   117.343000    8.22646E-03  9.40177E-05
3  60.000000     87.443000     960.000000    128.518000    1120.000000   134.172000    7.68463E-03  1.02965E-04
3  60.000000     87.443000     1000.000000   116.905000    1160.000000   128.135000    6.41756E-03  8.59876E-05
3  60.000000     87.443000     1040.000000   108.286000    1200.000000   123.583000    6.48008E-03  8.68259E-05
3  60.000000     87.443000     1080.000000   117.343000    1240.000000   121.871000    6.19642E-03  8.30252E-05
3  60.000000     87.443000     1120.000000   134.172000    1280.000000   129.599000    6.55790E-03  8.78686E-05
3  60.000000     87.443000     1160.000000   128.135000    1320.000000   143.045000    7.34860E-03  9.84632E-05
3  60.000000     87.443000     1200.000000   123.583000    1360.000000   150.159000    7.25807E-03  9.72502E-05
3  60.000000     87.443000     1240.000000   121.871000    1400.000000   160.896000    6.81407E-03  9.13010E-05
3  60.000000     87.443000     1280.000000   129.599000    1440.000000   178.173000    6.40762E-03  8.58551E-05
3  60.000000     87.443000     1320.000000   143.045000    1480.000000   197.065000    5.09936E-03  7.07174E-05
3  60.000000     87.443000     2120.000000   51.358000     2280.000000   42.192000     1.25926E-03  2.72421E-05
3  60.000000     87.443000     2160.000000   53.175000     2320.000000   45.283000     1.47996E-03  3.20166E-05
3  60.000000     87.443000     2200.000000   49.089000     2360.000000   52.469000     1.55447E-03  2.43217E-05
3  60.000000     87.443000     2240.000000   45.045000     2400.000000   59.965000     1.54546E-03  2.41809E-05
3  60.000000     87.443000     1360.000000   150.159000    1680.000000   100.508000    1.08410E-02  1.17456E-04
3  60.000000     87.443000     1400.000000   160.896000    1720.000000   92.752000     1.12771E-02  1.22179E-04
3  60.000000     87.443000     1440.000000   178.173000    1760.000000   89.581000     1.12444E-02  1.21823E-04
3  60.000000     87.443000     1480.000000   197.065000    1800.000000   73.849000     1.28010E-02  1.35705E-04
3  60.000000     87.443000     1520.000000   178.674000    1840.000000   69.746000     1.41096E-02  1.48162E-04
3  60.000000     87.443000     1560.000000   156.964000    1880.000000   67.320000     1.47146E-02  1.54515E-04
3  60.000000     87.443000     1600.000000   137.193000    1920.000000   57.532000     1.44733E-02  1.51983E-04
3  60.000000     87.443000     1640.000000   122.640000    1960.000000   54.922000     1.36378E-02  1.44580E-04
3  60.000000     87.443000     1680.000000   100.508000    2000.000000   51.429000     1.20449E-02  1.27694E-04
3  60.000000     87.443000     1720.000000   92.752000     2040.000000   51.134000     1.03310E-02  1.11937E-04
3  60.000000     87.443000     1760.000000   89.581000     2080.000000   47.855000     9.32643E-03  1.06595E-04
3  60.000000     87.443000     1800.000000   73.849000     2120.000000   51.358000     7.48344E-03  1.00268E-04
3  60.000000     87.443000     1840.000000   69.746000     2160.000000   53.175000     5.71915E-03  7.93115E-05
3  60.000000     87.443000     1880.000000   67.320000     2200.000000   49.089000     4.38851E-03  6.08585E-05
3  60.000000     87.443000     1920.000000   57.532000     2240.000000   45.045000     3.56103E-03  5.12461E-05
3  60.000000     87.443000     1960.000000   54.922000     2280.000000   42.192000     2.92251E-03  4.20573E-05
3  60.000000     87.443000     2000.000000   51.429000     2320.000000   45.283000     2.97675E-03  4.28378E-05
3  60.000000     87.443000     2040.000000   51.134000     2360.000000   52.469000     2.84296E-03  4.44818E-05
3  60.000000     87.443000     2080.000000   47.855000     2400.000000   59.965000     2.71575E-03  4.24914E-05
3  140.000000    91.316000     0.000000      94.302000     40.000000     87.181000     6.67591E-02  6.73292E-04
3  140.000000    91.316000     40.000000     87.181000     80.000000     87.439000     1.00870E-01  1.01334E-03
3  140.000000    91.316000     200.000000    103.483000    240.000000    107.360000    5.75601E-02  5.81288E-04
3  140.000000    91.316000     240.000000    107.360000    280.000000    105.248000    5.78942E-02  5.84668E-04
3  140.000000    91.316000     280.000000    105.248000    320.000000    113.072000    3.33198E-02  3.45623E-04
3  140.000000    91.316000     320.000000    113.072000    360.000000    115.089000    2.14880E-02  2.22987E-04
3  140.000000    91.316000     360.000000    115.089000    400.000000    115.247000    1.47261E-02  1.54634E-04
3  140.000000    91.316000     400.000000    115.247000    440.000000    111.533000    1.51610E-02  1.59201E-04
3  140.000000    91.316000     440.000000    111.533000    480.000000    120.110000    1.51188E-02  1.58758E-04
3  140.000000    91.316000     2360.000000   52.469000     2400.000000   59.965000     3.14538E-04  6.80453E-06
3  140.000000    91.316000     480.000000    120.110000    560.000000    123.811000    1.40423E-02  1.47455E-04
3  140.000000    91.316000     520.000000    115.268000    600.000000    124.839000    1.36748E-02  1.44964E-04
3  140.000000    91.316000     560.000000    123.811000    640.000000    115.456000    9.27498E-03  1.05999E-04
3  140.000000    91.316000     600.000000    124.839000    680.000000    99.357000     9.50938E-03  1.08678E-04
3  140.000000    91.316000     640.000000    115.456000    720.000000    100.587000    9.97821E-03  1.08104E-04
3  140.000000    91.316000     680.000000    99.357000     760.000000    98.622000     9.89658E-03  1.07220E-04
3  140.000000    91.316000     720.000000    100.587000    800.000000    109.655000    1.05608E-02  1.14416E-04
3  140.000000    91.316000     760.000000    98.622000     840.000000    115.365000    9.87195E-03  1.06953E-04
3  140.000000    91.316000     2280.000000   42.192000     2360.000000   52.469000     9.67285E-04  2.09257E-05
3  140.000000    91.316000     2320.000000   45.283000     2400.000000   59.965000     6.58287E-04  1.42410E-05
3  140.000000    91.316000     800.000000    109.655000    960.000000    128.518000    1.44171E-02  1.51390E-04
3  140.000000    91.316000     840.000000    115.365000    1000.000000   116.905000    1.29415E-02  1.37190E-04
3  140.000000    91.316000     880.000000    118.144000    1040.000000   108.286000    1.08128E-02  1.17146E-04
3  140.000000    91.316000     920.000000    132.008000    1080.000000   117.343000    1.05670E-02  1.14483E-04
3  140.000000    91.316000     960.000000    128.518000    1120.000000   134.172000    9.79969E-03  1.06170E-04
3  140.000000    91.316000     1000.000000   116.905000    1160.000000   128.135000    8.11008E-03  9.26860E-05
3  140.000000    91.316000     1040.000000   108.286000    1200.000000   123.583000    8.13318E-03  9.29500E-05
3  140.000000    91.316000     1080.000000   117.343000    1240.000000   121.871000    7.73859E-03  8.84405E-05
3  140.000000    91.316000     1120.000000   134.172000    1280.000000   129.599000    8.16245E-03  9.32846E-05
3  140.000000    91.316000     1160.000000   128.135000    1320.000000   143.045000    9.11988E-03  1.04227E-04
3  140.000000    91.316000     1200.000000   123.583000    1360.000000   150.159000    8.98980E-03  1.02740E-04
3  140.000000    91.316000     1240.000000   121.871000    1400.000000   160.896000    8.41951E-03  9.62224E-05
3  140.000000    91.316000     1280.000000   129.599000    1440.000000   178.173000    7.88727E-03  9.01397E-05
3  140.000000    91.316000     1320.000000   143.045000    1480.000000   197.065000    6.25610E-03  8.38236E-05
3  140.000000    91.316000     1360.000000   150.159000    1520.000000   178.674000    5.56238E-03  7.71374E-05
3  140.000000    91.316000     1400.000000   160.896000    1560.000000   156.964000    4.60221E-03  6.38221E-05
3  140.000000    91.316000     2120.000000   51.358000     2280.000000   42.192000     1.48504E-03  3.21265E-05
3  140.000000    91.316000     2160.000000   53.175000     2320.000000   45.283000     1.74535E-03  2.73083E-05
3  140.000000    91.316000     2200.000000   49.089000     2360.000000   52.469000     1.83366E-03  2.86900E-05
3  140.000000    91.316000     2240.000000   45.045000     2400.000000   59.965000     1.82323E-03  2.85268E-05
3  140.000000    91.316000     1440.000000   178.173000    1760.000000   89.581000     1.34939E-02  1.43046E-04
3  140.000000    91.316000     1480.000000   197.065000    1800.000000   73.849000     1.53349E-02  1.61027E-04
3  140.000000    91.316000     1520.000000   178.674000    1840.000000   69.746000     1.68759E-02  1.76161E-04
3  140.000000    91.316000     1560.000000   156.964000    1880.000000   67.320000     1.75777E-02  1.83487E-04
3  140.000000    91.316000     1600.000000   137.193000    1920.000000   57.532000     1.72718E-02  1.80293E-04
3  140.000000    91.316000     1640.000000   122.640000    1960.000000   54.922000     1.62580E-02  1.69711E-04
3  140.000000    91.316000     1680.000000   100.508000    2000.000000   51.429000     1.43469E-02  1.50652E-04
3  140.000000    91.316000     1720.000000   92.752000     2040.000000   51.134000     1.22890E-02  1.30273E-04
3  140.000000    91.316000     1760.000000   89.581000     2080.000000   47.855000     1.10840E-02  1.20084E-04
3  140.000000    91.316000     1800.000000   73.849000     2120.000000   51.358000     8.88233E-03  1.01512E-04
3  140.000000    91.316000     1840.000000   69.746000     2160.000000   53.175000     6.78306E-03  9.08842E-05
3  140.000000    91.316000     1880.000000   67.320000     2200.000000   49.089000     5.20118E-03  7.21284E-05
3  140.000000    91.316000     1920.000000   57.532000     2240.000000   45.045000     4.21659E-03  6.06797E-05
3  140.000000    91.316000     1960.000000   54.922000     2280.000000   42.192000     3.45501E-03  4.97204E-05
3  140.000000    91.316000     2000.000000   51.429000     2320.000000   45.283000     3.51445E-03  5.05757E-05
3  140.000000    91.316000     2040.000000   51.134000     2360.000000   52.469000     3.35557E-03  4.82893E-05
3  140.000000    91.316000     2080.000000   47.855000     2400.000000   59.965000     3.20493E-03  4.61215E-05
3  220.000000    106.101000    0.000000      94.302000     40.000000     87.181000     3.89690E-02  3.97098E-04
3  220.000000    106.101000    40.000000     87.181000     80.000000     87.439000     4.09430E-02  4.17213E-04
3  220.000000    106.101000    80.000000     87.439000     120.000000    88.121000     5.38710E-02  5.44032E-04
3  220.000000    106.101000    120.000000    88.121000     160.000000    96.899000     1.16100E-01  1.16634E-03
3  220.000000    106.101000    280.000000    105.248000    320.000000    113.072000    9.25069E-02  9.29833E-04
3  220.000000    106.101000    320.000000    113.072000    360.000000    115.089000    4.69436E-02  4.76017E-04
3  220.000000    106.101000    360.000000    115.089000    400.000000    115.247000    2.85203E-02  2.94669E-04
3  220.000000    106.101000    400.000000    115.247000    440.000000    111.533000    2.60837E-02  2.69494E-04
3  220.000000    106.101000    440.000000    111.533000    480.000000    120.110000    2.48925E-02  2.57189E-04
3  220.000000    106.101000    480.000000    120.110000    520.000000    115.268000    8.69219E-03  9.93387E-05
3  220.000000    106.101000    520.000000    115.268000    560.000000    123.811000    1.28214E-02  1.35918E-04
3  220.000000    106.101000    2360.000000   52.469000     2400.000000   59.965000     3.57870E-04  7.74194E-06
3  220.000000    106.101000    560.000000    123.811000    640.000000    115.456000    1.32999E-02  1.40990E-04
3  220.000000    106.101000    600.000000    124.839000    680.000000    99.357000     1.32432E-02  1.40389E-04
3  220.000000    106.101000    640.000000    115.456000    720.000000    100.587000    1.35769E-02  1.43927E-04
3  220.000000    106.101000    680.000000    99.357000     760.000000    98.622000     1.31879E-02  1.39804E-04
3  220.000000    106.101000    720.000000    100.587000    800.000000    109.655000    1.38713E-02  1.45663E-04
3  220.000000    106.101000    760.000000    98.622000     840.000000    115.365000    1.27336E-02  1.34990E-04
3  220.000000    106.101000    800.000000    109.655000    880.000000    118.144000    1.08001E-02  1.17010E-04
3  220.000000    106.101000    840.000000    115.365000    920.000000    132.008000    9.01028E-03  1.02976E-04
3  220.000000    106.101000    2280.000000   42.192000     2360.000000   52.469000     1.10149E-03  2.38290E-05
3  220.000000    106.101000    2320.000000   45.283000     2400.000000   59.965000     7.49020E-04  1.62038E-05
3  220.000000    106.101000    880.000000    118.144000    1040.000000   108.286000    1.34432E-02  1.42511E-04
3  220.000000    106.101000    920.000000    132.008000    1080.000000   117.343000    1.30896E-02  1.38765E-04
3  220.000000    106.101000    960.000000    128.518000    1120.000000   134.172000    1.20908E-02  1.28178E-04
3  220.000000    106.101000    1000.000000   116.905000    1160.000000   128.135000    9.95295E-03  1.07832E-04
3  220.000000    106.101000    1040.000000   108.286000    1200.000000   123.583000    9.94519E-03  1.07749E-04
3  220.000000    106.101000    1080.000000   117.343000    1240.000000   121.871000    9.37592E-03  1.07156E-04
3  220.000000    106.101000    1120.000000   134.172000    1280.000000   129.599000    9.83531E-03  1.06560E-04
3  220.000000    106.101000    1160.000000   128.135000    1320.000000   143.045000    1.09441E-02  1.18573E-04
3  220.000000    106.101000    1200.000000   123.583000    1360.000000   150.159000    1.07446E-02  1.16412E-04
3  220.000000    106.101000    1240.000000   121.871000    1400.000000   160.896000    1.00162E-02  1.08519E-04
3  220.000000    106.101000    1280.000000   129.599000    1440.000000   178.173000    9.35184E-03  1.06880E-04
3  220.000000    106.101000    1320.000000   143.045000    1480.000000   197.065000    7.39702E-03  9.91119E-05
3  220.000000    106.101000    1360.000000   150.159000    1520.000000   178.674000    6.56569E-03  8.79724E-05
3  220.000000    106.101000    1400.000000   160.896000    1560.000000   156.964000    5.41854E-03  7.51432E-05
3  220.000000    106.101000    1440.000000   178.173000    1600.000000   137.193000    5.24716E-03  7.27666E-05
3  220.000000    106.101000    1480.000000   197.065000    1640.000000   122.640000    7.01359E-03  9.39737E-05
3  220.000000    106.101000    2120.000000   51.358000     2280.000000   42.192000     1.69042E-03  2.64488E-05
3  220.000000    106.101000    2160.000000   53.175000     2320.000000   45.283000     1.98776E-03  3.11011E-05
3  220.000000    106.101000    2200.000000   49.089000     2360.000000   52.469000     2.08846E-03  3.26769E-05
3  220.000000    106.101000    2240.000000   45.045000     2400.000000   59.965000     2.07609E-03  3.24831E-05
3  220.000000    106.101000    1520.000000   178.674000    1840.000000   69.746000     1.96468E-02  2.03887E-04
3  220.000000    106.101000    1560.000000   156.964000    1880.000000   67.320000     2.04412E-02  2.12133E-04
3  220.000000    106.101000    1600.000000   137.193000    1920.000000   57.532000     2.00629E-02  2.08207E-04
3  220.000000    106.101000    1640.000000   122.640000    1960.000000   54.922000     1.88612E-02  1.95740E-04
3  220.000000    106.101000    1680.000000   100.508000    2000.000000   51.429000     1.66251E-02  1.73554E-04
3  220.000000    106.101000    1720.000000   92.752000     2040.000000   51.134000     1.42256E-02  1.49393E-04
3  220.000000    106.101000    1760.000000   89.581000     2080.000000   47.855000     1.28190E-02  1.35908E-04
3  220.000000    106.101000    1800.000000   73.849000     2120.000000   51.358000     1.02557E-02  1.11111E-04
3  220.000000    106.101000    1840.000000   69.746000     2160.000000   53.175000     7.81659E-03  8.93319E-05
3  220.000000    106.101000    1880.000000   67.320000     2200.000000   49.089000     5.98107E-03  8.01386E-05
3  220.000000    106.101000    1920.000000   57.532000     2240.000000   45.045000     4.83787E-03  6.70901E-05
3  220.000000    106.101000    1960.000000   54.922000     2280.000000   42.192000     3.94961E-03  5.68384E-05
3  220.000000    106.101000    2000.000000   51.429000     2320.000000   45.283000     4.01063E-03  5.77162E-05
3  220.000000    106.101000    2040.000000   51.134000     2360.000000   52.469000     3.82312E-03  5.50178E-05
3  220.000000    106.101000    2080.000000   47.855000     2400.000000   59.965000     3.64780E-03  5.24951E-05
3  300.000000    109.080000    0.000000      94.302000     40.000000     87.181000     2.70220E-02  2.79186E-04
3  300.000000    109.080000    40.000000     87.181000     80.000000     87.439000     2.51400E-02  2.59741E-04
3  300.000000    109.080000    80.000000     87.439000     120.000000    88.121000     2.82960E-02  2.92349E-04
3  300.000000    109.080000    120.000000    88.121000     160.000000    96.899000     4.47950E-02  4.54226E-04
3  300.000000    109.080000    160.000000    96.899000     200.000000    103.483000    5.52820E-02  5.58282E-04
3  300.000000    109.080000    200.000000    103.483000    240.000000    107.360000    7.28670E-02  7.33589E-04
3  300.000000    109.080000    360.000000    115.089000    400.000000    115.247000    9.06710E-02  9.11370E-04
3  300.000000    109.080000    400.000000    115.247000    440.000000    111.533000    6.13522E-02  6.18761E-04
3  300.000000    109.080000    440.000000    111.533000    480.000000    120.110000    5.31729E-02  5.36988E-04
3  300.000000    109.080000    480.000000    120.110000    520.000000    115.268000    1.71408E-02  1.78926E-04
3  300.000000    109.080000    520.000000    115.268000    560.000000    123.811000    2.39157E-02  2.47630E-04
3  300.000000    109.080000    560.000000    123.811000    600.000000    124.839000    1.30281E-02  1.38108E-04
3  300.000000    109.080000    600.000000    124.839000    640.000000    115.456000    9.53726E-03  1.03327E-04
3  300.000000    109.080000    2360.000000   52.469000     2400.000000   59.965000     4.11780E-04  8.90820E-06
3  300.000000    109.080000    640.000000    115.456000    720.000000    100.587000    2.09650E-02  2.17560E-04
3  300.000000    109.080000    680.000000    99.357000     760.000000    98.622000     1.96370E-02  2.03779E-04
3  300.000000    109.080000    720.000000    100.587000    800.000000    109.655000    2.01029E-02  2.08614E-04
3  300.000000    109.080000    760.000000    98.622000     840.000000    115.365000    1.79772E-02  1.87657E-04
3  300.000000    109.080000    800.000000    109.655000    880.000000    118.144000    1.49428E-02  1.56910E-04
3  300.000000    109.080000    840.000000    115.365000    920.000000    132.008000    1.22560E-02  1.29923E-04
3  300.000000    109.080000    880.000000    118.144000    960.000000    128.518000    9.91864E-03  1.07459E-04
3  300.000000    109.080000    920.000000    132.008000    1000.000000   116.905000    9.57010E-03  1.03682E-04
3  300.000000    109.080000    2280.000000   42.192000     2360.000000   52.469000     1.27002E-03  2.74749E-05
3  300.000000    109.080000    2320.000000   45.283000     2400.000000   59.965000     8.62567E-04  1.86603E-05
3  300.000000    109.080000    960.000000    128.518000    1120.000000   134.172000    1.58057E-02  1.65971E-04
3  300.000000    109.080000    1000.000000   116.905000    1160.000000   128.135000    1.28661E-02  1.36391E-04
3  300.000000    109.080000    1040.000000   108.286000    1200.000000   123.583000    1.27529E-02  1.35191E-04
3  300.000000    109.080000    1080.000000   117.343000    1240.000000   121.871000    1.18645E-02  1.25773E-04
3  300.000000    109.080000    1120.000000   134.172000    1280.000000   129.599000    1.23430E-02  1.30846E-04
3  300.000000    109.080000    1160.000000   128.135000    1320.000000   143.045000    1.36477E-02  1.44677E-04
3  300.000000    109.080000    1200.000000   123.583000    1360.000000   150.159000    1.33242E-02  1.41247E-04
3  300.000000    109.080000    1240.000000   121.871000    1400.000000   160.896000    1.23370E-02  1.30782E-04
3  300.000000    109.080000    1280.000000   129.599000    1440.000000   178.173000    1.14577E-02  1.24133E-04
3  300.000000    109.080000    1320.000000   143.045000    1480.000000   197.065000    9.02250E-03  1.03114E-04
3  300.000000    109.080000    1360.000000   150.159000    1520.000000   178.674000    7.97959E-03  9.11947E-05
3  300.000000    109.080000    1400.000000   160.896000    1560.000000   156.964000    6.55109E-03  8.77761E-05
3  300.000000    109.080000    1440.000000   178.173000    1600.000000   137.193000    6.30466E-03  8.44742E-05
3  300.000000    109.080000    1480.000000   197.065000    1640.000000   122.640000    8.39435E-03  9.59348E-05
3  300.000000    109.080000    1520.000000   178.674000    1680.000000   100.508000    1.05204E-02  1.13978E-04
3  300.000000    109.080000    1560.000000   156.964000    1720.000000   92.752000     1.24532E-02  1.32014E-04
3  300.000000    109.080000    2120.000000   51.358000     2280.000000   42.192000     1.94257E-03  3.03940E-05
3  300.000000    109.080000    2160.000000   53.175000     2320.000000   45.283000     2.28926E-03  3.58184E-05
3  300.000000    109.080000    2200.000000   49.089000     2360.000000   52.469000     2.40701E-03  3.76608E-05
3  300.000000    109.080000    2240.000000   45.045000     2400.000000   59.965000     2.39279E-03  3.74383E-05
3  300.000000    109.080000    1600.000000   137.193000    1920.000000   57.532000     2.37412E-02  2.45824E-04
3  300.000000    109.080000    1640.000000   122.640000    1960.000000   54.922000     2.22797E-02  2.30691E-04
3  300.000000    109.080000    1680.000000   100.508000    2000.000000   51.429000     1.96086E-02  2.03484E-04
3  300.000000    109.080000    1720.000000   92.752000     2040.000000   51.134000     1.67530E-02  1.74878E-04
3  300.000000    109.080000    1760.000000   89.581000     2080.000000   47.855000     1.50768E-02  1.58317E-04
3  300.000000    109.080000    1800.000000   73.849000     2120.000000   51.358000     1.20341E-02  1.27571E-04
3  300.000000    109.080000    1840.000000   69.746000     2160.000000   53.175000     9.14666E-03  1.04533E-04
3  300.000000    109.080000    1880.000000   67.320000     2200.000000   49.089000     6.97824E-03  9.34993E-05
3  300.000000    109.080000    1920.000000   57.532000     2240.000000   45.045000     5.62617E-03  7.80220E-05
3  300.000000    109.080000    1960.000000   54.922000     2280.000000   42.192000     4.57107E-03  6.33902E-05
3  300.000000    109.080000    2000.000000   51.429000     2320.000000   45.283000     4.63017E-03  6.42098E-05
3  300.000000    109.080000    2040.000000   51.134000     2360.000000   52.469000     4.40469E-03  6.10829E-05
3  300.000000    109.080000    2080.000000   47.855000     2400.000000   59.965000     4.19725E-03  6.04018E-05
3  380.000000    115.310000    0.000000      94.302000     40.000000     87.181000     2.11321E-02  2.19298E-04
3  380.000000    115.310000    40.000000     87.181000     80.000000     87.439000     1.84957E-02  1.93069E-04
3  380.000000    115.310000    80.000000     87.439000     120.000000    88.121000     1.93279E-02  2.00571E-04
3  380.000000    115.310000    120.000000    88.121000     160.000000    96.899000     2.74117E-02  2.83212E-04
3  380.000000    115.310000    160.000000    96.899000     200.000000    103.483000    2.90429E-02  3.00873E-04
3  380.000000    115.310000    200.000000    103.483000    240.000000    107.360000    3.08551E-02  3.19646E-04
3  380.000000    115.310000    240.000000    107.360000    280.000000    105.248000    8.23824E-02  8.29385E-04
3  380.000000    115.310000    280.000000    105.248000    320.000000    113.072000    9.82182E-02  9.87230E-04
3  380.000000    115.310000    440.000000    111.533000    480.000000    120.110000    1.35235E-01  1.35812E-03
3  380.000000    115.310000    480.000000    120.110000    520.000000    115.268000    3.48461E-02  3.90667E-04
3  380.000000    115.310000    520.000000    115.268000    560.000000    123.811000    4.36442E-02  4.45132E-04
3  380.000000    115.310000    560.000000    123.811000    600.000000    124.839000    2.18100E-02  2.25956E-04
3  380.000000    115.310000    600.000000    124.839000    640.000000    115.456000    1.49758E-02  1.57346E-04
3  380.000000    115.310000    640.000000    115.456000    680.000000    99.357000     1.74266E-02  1.82169E-04
3  380.000000    115.310000    680.000000    99.357000     720.000000    100.587000    1.33055E-02  1.41242E-04
3  380.000000    115.310000    2360.000000   52.469000     2400.000000   59.965000     4.59797E-04  9.94702E-06
3  380.000000    115.310000    720.000000    100.587000    800.000000    109.655000    2.75488E-02  2.85494E-04
3  380.000000    115.310000    760.000000    98.622000     840.000000    115.365000    2.40600E-02  2.50027E-04
3  380.000000    115.310000    800.000000    109.655000    880.000000    118.144000    1.96505E-02  2.04691E-04
3  380.000000    115.310000    840.000000    115.365000    920.000000    132.008000    1.58489E-02  1.67035E-04
3  380.000000    115.310000    880.000000    118.144000    960.000000    128.518000    1.26021E-02  1.34096E-04
3  380.000000    115.310000    920.000000    132.008000    1000.000000   116.905000    1.20719E-02  1.28635E-04
3  380.000000    115.310000    960.000000    128.518000    1040.000000   108.286000    1.00716E-02  1.09674E-04
3  380.000000    115.310000    1000.000000   116.905000    1080.000000   117.343000    9.52851E-03  1.03880E-04
3  380.000000    115.310000    2280.000000   42.192000     2360.000000   52.469000     1.41565E-03  3.06279E-05
3  380.000000    115.310000    2320.000000   45.283000     2400.000000   59.965000     9.63878E-04  2.08521E-05
3  380.000000    115.310000    1040.000000   108.286000    1200.000000   123.583000    1.55626E-02  1.64318E-04
3  380.000000    115.310000    1080.000000   117.343000    1240.000000   121.871000    1.43143E-02  1.51112E-04
3  380.000000    115.310000    1120.000000   134.172000    1280.000000   129.599000    1.47799E-02  1.56235E-04
3  380.000000    115.310000    1160.000000   128.135000    1320.000000   143.045000    1.62510E-02  1.70920E-04
3  380.000000    115.310000    1200.000000   123.583000    1360.000000   150.159000    1.57986E-02  1.67072E-04
3  380.000000    115.310000    1240.000000   121.871000    1400.000000   160.896000    1.45551E-02  1.53712E-04
3  380.000000    115.310000    1280.000000   129.599000    1440.000000   178.173000    1.34669E-02  1.43452E-04
3  380.000000    115.310000    1320.000000   143.045000    1480.000000   197.065000    1.05736E-02  1.14945E-04
3  380.000000    115.310000    1360.000000   150.159000    1520.000000   178.674000    9.32133E-03  1.06779E-04
3  380.000000    115.310000    1400.000000   160.896000    1560.000000   156.964000    7.62043E-03  1.02188E-04
3  380.000000    115.310000    1440.000000   178.173000    1600.000000   137.193000    7.29786E-03  9.78512E-05
3  380.000000    115.310000    1480.000000   197.065000    1640.000000   122.640000    9.68306E-03  1.05131E-04
3  380.000000    115.310000    1520.000000   178.674000    1680.000000   100.508000    1.21114E-02  1.28777E-04
3  380.000000    115.310000    1560.000000   156.964000    1720.000000   92.752000     1.43067E-02  1.50748E-04
3  380.000000    115.310000    1600.000000   137.193000    1760.000000   89.581000     1.43305E-02  1.51005E-04
3  380.000000    115.310000    1640.000000   122.640000    1800.000000   73.849000     1.47544E-02  1.55449E-04
3  380.000000    115.310000    2120.000000   51.358000     2280.000000   42.192000     2.16685E-03  3.39207E-05
3  380.000000    115.310000    2160.000000   53.175000     2320.000000   45.283000     2.55402E-03  3.99811E-05
3  380.000000    115.310000    2200.000000   49.089000     2360.000000   52.469000     2.68630E-03  4.20411E-05
3  380.000000    115.310000    2240.000000   45.045000     2400.000000   59.965000     2.67016E-03  4.17837E-05
3  380.000000    115.310000    1680.000000   100.508000    2000.000000   51.429000     2.24031E-02  2.33057E-04
3  380.000000    115.310000    1720.000000   92.752000     2040.000000   51.134000     1.91236E-02  1.99935E-04
3  380.000000    115.310000    1760.000000   89.581000     2080.000000   47.855000     1.71875E-02  1.80584E-04
3  380.000000    115.310000    1800.000000   73.849000     2120.000000   51.358000     1.36896E-02  1.43830E-04
3  380.000000    115.310000    1840.000000   69.746000     2160.000000   53.175000     1.03783E-02  1.12723E-04
3  380.000000    115.310000    1880.000000   67.320000     2200.000000   49.089000     7.89786E-03  9.04250E-05
3  380.000000    115.310000    1920.000000   57.532000     2240.000000   45.045000     6.34719E-03  8.50593E-05
3  380.000000    115.310000    1960.000000   54.922000     2280.000000   42.192000     5.12960E-03  7.11465E-05
3  380.000000    115.310000    2000.000000   51.429000     2320.000000   45.283000     5.17804E-03  7.18360E-05
3  380.000000    115.310000    2040.000000   51.134000     2360.000000   52.469000     4.91504E-03  6.82493E-05
3  380.000000    115.310000    2080.000000   47.855000     2400.000000   59.965000     4.67947E-03  6.49356E-05
3  466.000000    108.119000    0.000000      94.302000     40.000000     87.181000     1.67869E-02  1.75237E-04
3  466.000000    108.119000    120.000000    88.121000     160.000000    96.899000     1.84848E-02  1.92955E-04
3  466.000000    108.119000    160.000000    96.899000     200.000000    103.483000    1.80347E-02  1.88257E-04
3  466.000000    108.119000    200.000000    103.483000    240.000000    107.360000    1.76387E-02  1.84123E-04
3  466.000000    108.119000    240.000000    107.360000    280.000000    105.248000    4.25173E-02  4.33256E-04
3  466.000000    108.119000    280.000000    105.248000    320.000000    113.072000    4.22276E-02  4.30303E-04
3  466.000000    108.119000    320.000000    113.072000    360.000000    115.089000    5.73458E-02  5.79124E-04
3  466.000000    108.119000    360.000000    115.089000    400.000000    115.247000    9.88248E-02  9.92794E-04
3  466.000000    108.119000    560.000000    123.811000    600.000000    124.839000    5.33411E-02  5.38713E-04
3  466.000000    108.119000    600.000000    124.839000    640.000000    115.456000    3.13723E-02  3.25017E-04
3  466.000000    108.119000    640.000000    115.456000    680.000000    99.357000     3.23845E-02  3.35516E-04
3  466.000000    108.119000    680.000000    99.357000     720.000000    100.587000    2.28849E-02  2.36973E-04
3  466.000000    108.119000    720.000000    100.587000    760.000000    98.622000     2.33515E-02  2.41814E-04
3  466.000000    108.119000    760.000000    98.622000     800.000000    109.655000    2.03122E-02  2.10814E-04
3  466.000000    108.119000    2360.000000   52.469000     2400.000000   59.965000     5.20352E-04  1.12570E-05
3  466.000000    108.119000    0.000000      94.302000     80.000000     87.439000     3.08431E-02  3.19522E-04
3  466.000000    108.119000    40.000000     87.181000     120.000000    88.121000     2.79491E-02  2.88765E-04
3  466.000000    108.119000    800.000000    109.655000    880.000000    118.144000    2.88943E-02  2.99368E-04
3  466.000000    108.119000    840.000000    115.365000    920.000000    132.008000    2.26729E-02  2.34789E-04
3  466.000000    108.119000    880.000000    118.144000    960.000000    128.518000    1.75764E-02  1.83485E-04
3  466.000000    108.119000    920.000000    132.008000    1000.000000   116.905000    1.66342E-02  1.73656E-04
3  466.000000    108.119000    960.000000    128.518000    1040.000000   108.286000    1.37863E-02  1.44782E-04
3  466.000000    108.119000    1000.000000   116.905000    1080.000000   117.343000    1.27129E-02  1.34777E-04
3  466.000000    108.119000    1040.000000   108.286000    1120.000000   134.172000    1.26222E-02  1.33823E-04
3  466.000000    108.119000    1080.000000   117.343000    1160.000000   128.135000    8.16216E-03  9.32853E-05
3  466.000000    108.119000    2280.000000   42.192000     2360.000000   52.469000     1.60912E-03  2.51768E-05
3  466.000000    108.119000    2320.000000   45.283000     2400.000000   59.965000     1.09155E-03  2.36139E-05
3  466.000000    108.119000    1120.000000   134.172000    1280.000000   129.599000    1.86864E-02  1.93933E-04
3  466.000000    108.119000    1160.000000   128.135000    1320.000000   143.045000    2.03787E-02  2.11519E-04
3  466.000000    108.119000    1200.000000   123.583000    1360.000000   150.159000    1.96702E-02  2.04159E-04
3  466.000000    108.119000    1240.000000   121.871000    1400.000000   160.896000    1.79761E-02  1.87669E-04
3  466.000000    108.119000    1280.000000   129.599000    1440.000000   178.173000    1.65027E-02  1.72298E-04
3  466.000000    108.119000    1320.000000   143.045000    1480.000000   197.065000    1.28702E-02  1.36446E-04
3  466.000000    108.119000    1360.000000   150.159000    1520.000000   178.674000    1.12773E-02  1.22190E-04
3  466.000000    108.119000    1400.000000   160.896000    1560.000000   156.964000    9.13069E-03  1.04355E-04
3  466.000000    108.119000    1440.000000   178.173000    1600.000000   137.193000    8.65573E-03  9.89263E-05
3  466.000000    108.119000    1480.000000   197.065000    1640.000000   122.640000    1.14135E-02  1.23664E-04
3  466.000000    108.119000    1520.000000   178.674000    1680.000000   100.508000    1.42170E-02  1.49320E-04
3  466.000000    108.119000    1560.000000   156.964000    1720.000000   92.752000     1.67378E-02  1.74753E-04
3  466.000000    108.119000    1600.000000   137.193000    1760.000000   89.581000     1.67184E-02  1.74558E-04
3  466.000000    108.119000    1640.000000   122.640000    1800.000000   73.849000     1.71483E-02  1.79049E-04
3  466.000000    108.119000    1680.000000   100.508000    1840.000000   69.746000     1.69545E-02  1.77025E-04
3  466.000000    108.119000    1720.000000   92.752000     1880.000000   67.320000     1.55136E-02  1.62949E-04
3  466.000000    108.119000    2120.000000   51.358000     2280.000000   42.192000     2.45164E-03  3.83601E-05
3  466.000000    108.119000    2160.000000   53.175000     2320.000000   45.283000     2.89571E-03  4.16719E-05
3  466.000000    108.119000    2200.000000   49.089000     2360.000000   52.469000     3.04913E-03  4.38800E-05
3  466.000000    108.119000    2240.000000   45.045000     2400.000000   59.965000     3.03284E-03  4.36456E-05
3  466.000000    108.119000    1760.000000   89.581000     2080.000000   47.855000     1.97364E-02  2.04959E-04
3  466.000000    108.119000    1800.000000   73.849000     2120.000000   51.358000     1.56846E-02  1.64735E-04
3  466.000000    108.119000    1840.000000   69.746000     2160.000000   53.175000     1.18682E-02  1.25812E-04
3  466.000000    108.119000    1880.000000   67.320000     2200.000000   49.089000     9.01417E-03  1.03019E-04
3  466.000000    108.119000    1920.000000   57.532000     2240.000000   45.045000     7.23040E-03  9.68801E-05
3  466.000000    108.119000    1960.000000   54.922000     2280.000000   42.192000     5.82662E-03  8.08076E-05
3  466.000000    108.119000    2000.000000   51.429000     2320.000000   45.283000     5.87751E-03  8.15087E-05
3  466.000000    108.119000    2040.000000   51.134000     2360.000000   52.469000     5.57793E-03  7.73536E-05
3  466.000000    108.119000    2080.000000   47.855000     2400.000000   59.965000     5.30992E-03  7.36374E-05
3  540.000000    118.615000    0.000000      94.302000     40.000000     87.181000     1.43132E-02  1.50301E-04
3  540.000000    118.615000    200.000000    103.483000    240.000000    107.360000    1.20601E-02  1.27856E-04
3  540.000000    118.615000    240.000000    107.360000    280.000000    105.248000    2.77748E-02  2.87175E-04
3  540.000000    118.615000    280.000000    105.248000    320.000000    113.072000    2.58234E-02  2.88292E-04
3  540.000000    118.615000    320.000000    113.072000    360.000000    115.089000    2.97245E-02  3.07976E-04
3  540.000000    118.615000    360.000000    115.089000    400.000000    115.247000    3.91263E-02  3.98783E-04
3  540.000000    118.615000    400.000000    115.247000    440.000000    111.533000    7.33971E-02  7.39175E-04
3  540.000000    118.615000    440.000000    111.533000    480.000000    120.110000    1.30681E-01  1.31225E-03
3  540.000000    118.615000    600.000000    124.839000    640.000000    115.456000    9.01412E-02  9.06054E-04
3  540.000000    118.615000    640.000000    115.456000    680.000000    99.357000     6.66503E-02  6.72202E-04
3  540.000000    118.615000    680.000000    99.357000     720.000000    100.587000    4.02804E-02  4.10626E-04
3  540.000000    118.615000    720.000000    100.587000    760.000000    98.622000     3.76345E-02  3.90394E-04
3  540.000000    118.615000    760.000000    98.622000     800.000000    109.655000    3.07476E-02  3.18554E-04
3  540.000000    118.615000    800.000000    109.655000    840.000000    115.365000    2.34835E-02  2.43181E-04
3  540.000000    118.615000    840.000000    115.365000    880.000000    118.144000    1.78373E-02  1.86221E-04
3  540.000000    118.615000    2360.000000   52.469000     2400.000000   59.965000     5.82924E-04  1.26106E-05
3  540.000000    118.615000    0.000000      94.302000     80.000000     87.439000     2.59607E-02  2.68223E-04
3  540.000000    118.615000    40.000000     87.181000     120.000000    88.121000     2.27518E-02  2.35581E-04
3  540.000000    118.615000    80.000000     87.439000     160.000000    96.899000     2.52626E-02  2.61013E-04
3  540.000000    118.615000    120.000000    88.121000     200.000000    103.483000    2.72346E-02  2.81412E-04
3  540.000000    118.615000    880.000000    118.144000    960.000000    128.518000    2.35769E-02  2.44146E-04
3  540.000000    118.615000    920.000000    132.008000    1000.000000   116.905000    2.20629E-02  2.28481E-04
3  540.000000    118.615000    960.000000    128.518000    1040.000000   108.286000    1.81714E-02  1.89717E-04
3  540.000000    118.615000    1000.000000   116.905000    1080.000000   117.343000    1.64094E-02  1.71331E-04
3  540.000000    118.615000    1040.000000   108.286000    1120.000000   134.172000    1.60982E-02  1.68089E-04
3  540.000000    118.615000    1080.000000   117.343000    1160.000000   128.135000    1.02394E-02  1.10947E-04
3  540.000000    118.615000    1120.000000   134.172000    1200.000000   123.583000    9.46178E-03  1.08150E-04
3  540.000000    118.615000    1160.000000   128.135000    1240.000000   121.871000    1.24235E-02  1.31756E-04
3  540.000000    118.615000    2280.000000   42.192000     2360.000000   52.469000     1.80330E-03  2.82152E-05
3  540.000000    118.615000    2320.000000   45.283000     2400.000000   59.965000     1.22296E-03  2.64568E-05
3  540.000000    118.615000    1200.000000   123.583000    1360.000000   150.159000    2.37527E-02  2.46076E-04
3  540.000000    118.615000    1240.000000   121.871000    1400.000000   160.896000    2.15470E-02  2.23714E-04
3  540.000000    118.615000    1280.000000   129.599000    1440.000000   178.173000    1.96567E-02  2.04076E-04
3  540.000000    118.615000    1320.000000   143.045000    1480.000000   197.065000    1.52498E-02  1.60193E-04
3  540.000000    118.615000    1360.000000   150.159000    1520.000000   178.674000    1.33013E-02  1.41048E-04
3  540.000000    118.615000    1400.000000   160.896000    1560.000000   156.964000    1.06921E-02  1.15848E-04
3  540.000000    118.615000    1440.000000   178.173000    1600.000000   137.193000    1.00581E-02  1.08979E-04
3  540.000000    118.615000    1480.000000   197.065000    1640.000000   122.640000    1.31963E-02  1.39932E-04
3  540.000000    118.615000    1520.000000   178.674000    1680.000000   100.508000    1.63829E-02  1.71088E-04
3  540.000000    118.615000    1560.000000   156.964000    1720.000000   92.752000     1.92370E-02  1.99722E-04
3  540.000000    118.615000    1600.000000   137.193000    1760.000000   89.581000     1.91705E-02  1.99020E-04
3  540.000000    118.615000    1640.000000   122.640000    1800.000000   73.849000     1.96081E-02  2.03563E-04
3  540.000000    118.615000    1680.000000   100.508000    1840.000000   69.746000     1.93279E-02  2.00655E-04
3  540.000000    118.615000    1720.000000   92.752000     1880.000000   67.320000     1.76369E-02  1.84161E-04
3  540.000000    118.615000    1760.000000   89.581000     1920.000000   57.532000     1.67808E-02  1.75228E-04
3  540.000000    118.615000    1800.000000   73.849000     1960.000000   54.922000     1.39368E-02  1.46637E-04
3  540.000000    118.615000    2120.000000   51.358000     2280.000000   42.192000     2.74474E-03  4.29467E-05
3  540.000000    118.615000    2160.000000   53.175000     2320.000000   45.283000     3.24311E-03  4.66709E-05
3  540.000000    118.615000    2200.000000   49.089000     2360.000000   52.469000     3.41661E-03  4.91691E-05
3  540.000000    118.615000    2240.000000   45.045000     2400.000000   59.965000     3.39953E-03  4.89240E-05
3  540.000000    118.615000    1840.000000   69.746000     2160.000000   53.175000     1.33910E-02  1.41962E-04
3  540.000000    118.615000    1880.000000   67.320000     2200.000000   49.089000     1.01517E-02  1.09985E-04
3  540.000000    118.615000    1920.000000   57.532000     2240.000000   45.045000     8.12626E-03  9.28742E-05
3  540.000000    118.615000    1960.000000   54.922000     2280.000000   42.192000     6.53823E-03  8.76332E-05
3  540.000000    118.615000    2000.000000   51.429000     2320.000000   45.283000     6.58682E-03  8.82601E-05
3  540.000000    118.615000    2040.000000   51.134000     2360.000000   52.469000     6.25015E-03  8.37439E-05
3  540.000000    118.615000    2080.000000   47.855000     2400.000000   59.965000     5.94974E-03  8.25104E-05
3  620.000000    121.037000    0.000000      94.302000     40.000000     87.181000     1.27219E-02  1.35314E-04
3  620.000000    121.037000    280.000000    105.248000    320.000000    113.072000    1.89500E-02  1.96650E-04
3  620.000000    121.037000    320.000000    113.072000    360.000000    115.089000    2.05260E-02  2.13004E-04
3  620.000000    121.037000    360.000000    115.089000    400.000000    115.247000    2.44859E-02  2.53534E-04
3  620.000000    121.037000    400.000000    115.247000    440.000000    111.533000    3.98275E-02  4.05846E-04
3  620.000000    121.037000    440.000000    111.533000    480.000000    120.110000    5.79001E-02  5.84722E-04
3  620.000000    121.037000    480.000000    120.110000    520.000000    115.268000    4.44417E-02  4.50643E-04
3  620.000000    121.037000    520.000000    115.268000    560.000000    123.811000    1.25640E-01  1.26126E-03
3  620.000000    121.037000    680.000000    99.357000     720.000000    100.587000    1.01391E-01  1.01881E-03
3  620.000000    121.037000    720.000000    100.587000    760.000000    98.622000     7.44241E-02  7.49577E-04
3  620.000000    121.037000    760.000000    98.622000     800.000000    109.655000    5.35885E-02  5.41512E-04
3  620.000000    121.037000    800.000000    109.655000    840.000000    115.365000    3.69902E-02  3.83936E-04
3  620.000000    121.037000    840.000000    115.365000    880.000000    118.144000    2.69747E-02  2.78878E-04
3  620.000000    121.037000    880.000000    118.144000    920.000000    132.008000    1.91194E-02  1.98522E-04
3  620.000000    121.037000    920.000000    132.008000    960.000000    128.518000    1.37300E-02  1.44236E-04
3  620.000000    121.037000    2360.000000   52.469000     2400.000000   59.965000     6.28462E-04  1.35958E-05
3  620.000000    121.037000    0.000000      94.302000     80.000000     87.439000     2.28811E-02  2.36966E-04
3  620.000000    121.037000    40.000000     87.181000     120.000000    88.121000     1.96077E-02  2.03481E-04
3  620.000000    121.037000    80.000000     87.439000     160.000000    96.899000     2.12199E-02  2.20205E-04
3  620.000000    121.037000    120.000000    88.121000     200.000000    103.483000    2.23262E-02  2.31172E-04
3  620.000000    121.037000    160.000000    96.899000     240.000000    107.360000    1.99448E-02  2.06973E-04
3  620.000000    121.037000    200.000000    103.483000    280.000000    105.248000    3.03025E-02  3.13922E-04
3  620.000000    121.037000    960.000000    128.518000    1040.000000   108.286000    2.47378E-02  2.56308E-04
3  620.000000    121.037000    1000.000000   116.905000    1080.000000   117.343000    2.18884E-02  2.26770E-04
3  620.000000    121.037000    1040.000000   108.286000    1120.000000   134.172000    2.12233E-02  2.20374E-04
3  620.000000    121.037000    1080.000000   117.343000    1160.000000   128.135000    1.31858E-02  1.39810E-04
3  620.000000    121.037000    1120.000000   134.172000    1200.000000   123.583000    1.19949E-02  1.27192E-04
3  620.000000    121.037000    1160.000000   128.135000    1240.000000   121.871000    1.55633E-02  1.63486E-04
3  620.000000    121.037000    1200.000000   123.583000    1280.000000   129.599000    1.66389E-02  1.73758E-04
3  620.000000    121.037000    1240.000000   121.871000    1320.000000   143.045000    1.51375E-02  1.58995E-04
3  620.000000    121.037000    2280.000000   42.192000     2360.000000   52.469000     1.94308E-03  3.04032E-05
3  620.000000    121.037000    2320.000000   45.283000     2400.000000   59.965000     1.32090E-03  2.85757E-05
3  620.000000    121.037000    1280.000000   129.599000    1440.000000   178.173000    2.37647E-02  2.46114E-04
3  620.000000    121.037000    1320.000000   143.045000    1480.000000   197.065000    1.83300E-02  1.91365E-04
3  620.000000    121.037000    1360.000000   150.159000    1520.000000   178.674000    1.59234E-02  1.67228E-04
3  620.000000    121.037000    1400.000000   160.896000    1560.000000   156.964000    1.27208E-02  1.34866E-04
3  620.000000    121.037000    1440.000000   178.173000    1600.000000   137.193000    1.18743E-02  1.25889E-04
3  620.000000    121.037000    1480.000000   197.065000    1640.000000   122.640000    1.55022E-02  1.62843E-04
3  620.000000    121.037000    1520.000000   178.674000    1680.000000   100.508000    1.91701E-02  1.99085E-04
3  620.000000    121.037000    1560.000000   156.964000    1720.000000   92.752000     2.24296E-02  2.32570E-04
3  620.000000    121.037000    1600.000000   137.193000    1760.000000   89.581000     2.22890E-02  2.31175E-04
3  620.000000    121.037000    1640.000000   122.640000    1800.000000   73.849000     2.27228E-02  2.37606E-04
3  620.000000    121.037000    1680.000000   100.508000    1840.000000   69.746000     2.23325E-02  2.37361E-04
3  620.000000    121.037000    1720.000000   92.752000     1880.000000   67.320000     2.03288E-02  2.19453E-04
3  620.000000    121.037000    1760.000000   89.581000     1920.000000   57.532000     1.93122E-02  2.11783E-04
3  620.000000    121.037000    1800.000000   73.849000     1960.000000   54.922000     1.59964E-02  1.68141E-04
3  620.000000    121.037000    1840.000000   69.746000     2000.000000   51.429000     1.15010E-02  1.24628E-04
3  620.000000    121.037000    1880.000000   67.320000     2040.000000   51.134000     8.36228E-03  9.55934E-05
3  620.000000    121.037000    2120.000000   51.358000     2280.000000   42.192000     2.97689E-03  4.59135E-05
3  620.000000    121.037000    2160.000000   53.175000     2320.000000   45.283000     3.50620E-03  5.04847E-05
3  620.000000    121.037000    2200.000000   49.089000     2360.000000   52.469000     3.69022E-03  5.31310E-05
3  620.000000    121.037000    2240.000000   45.045000     2400.000000   59.965000     3.66617E-03  5.27606E-05
3  620.000000    121.037000    1920.000000   57.532000     2240.000000   45.045000     9.11405E-03  1.04492E-04
3  620.000000    121.037000    1960.000000   54.922000     2280.000000   42.192000     7.23718E-03  9.73473E-05
3  620.000000    121.037000    2000.000000   51.429000     2320.000000   45.283000     7.22037E-03  1.00263E-04
3  620.000000    121.037000    2040.000000   51.134000     2360.000000   52.469000     6.79736E-03  9.87126E-05
3  620.000000    121.037000    2080.000000   47.855000     2400.000000   59.965000     6.43409E-03  9.80678E-05
3  700.000000    96.325000     0.000000      94.302000     40.000000     87.181000     1.13926E-02  1.24556E-04
3  700.000000    96.325000     360.000000    115.089000    400.000000    115.247000    1.80259E-02  1.88165E-04
3  700.000000    96.325000     400.000000    115.247000    440.000000    111.533000    2.79260E-02  2.88526E-04
3  700.000000    96.325000     440.000000    111.533000    480.000000    120.110000    3.83091E-02  3.90374E-04
3  700.000000    96.325000     480.000000    120.110000    520.000000    115.268000    2.55151E-02  2.63617E-04
3  700.000000    96.325000     520.000000    115.268000    560.000000    123.811000    5.92951E-02  5.98809E-04
3  700.000000    96.325000     560.000000    123.811000    600.000000    124.839000    6.89319E-02  6.95206E-04
3  700.000000    96.325000     600.000000    124.839000    640.000000    115.456000    9.41228E-02  9.46066E-04
3  700.000000    96.325000     760.000000    98.622000     800.000000    109.655000    1.32271E-01  1.32792E-03
3  700.000000    96.325000     800.000000    109.655000    840.000000    115.365000    7.40431E-02  7.45481E-04
3  700.000000    96.325000     840.000000    115.365000    880.000000    118.144000    4.77121E-02  4.83844E-04
3  700.000000    96.325000     880.000000    118.144000    920.000000    132.008000    2.96388E-02  3.07061E-04
3  700.000000    96.325000     920.000000    132.008000    960.000000    128.518000    1.87572E-02  1.94657E-04
3  700.000000    96.325000     960.000000    128.518000    1000.000000   116.905000    2.42988E-02  2.51631E-04
3  700.000000    96.325000     1000.000000   116.905000    1040.000000   108.286000    1.17826E-02  1.24910E-04
3  700.000000    96.325000     2360.000000   52.469000     2400.000000   59.965000     7.04785E-04  1.52469E-05
3  700.000000    96.325000     0.000000      94.302000     80.000000     87.439000     2.03917E-02  2.11707E-04
3  700.000000    96.325000     40.000000     87.181000     120.000000    88.121000     1.72452E-02  1.80016E-04
3  700.000000    96.325000     80.000000     87.439000     160.000000    96.899000     1.83650E-02  1.91705E-04
3  700.000000    96.325000     120.000000    88.121000     200.000000    103.483000    1.90088E-02  1.97260E-04
3  700.000000    96.325000     160.000000    96.899000     240.000000    107.360000    1.66279E-02  1.73572E-04
3  700.000000    96.325000     200.000000    103.483000    280.000000    105.248000    2.46428E-02  2.55159E-04
3  700.000000    96.325000     240.000000    107.360000    320.000000    113.072000    3.19549E-02  3.31040E-04
3  700.000000    96.325000     280.000000    105.248000    360.000000    115.089000    3.08399E-02  3.19489E-04
3  700.000000    96.325000     1040.000000   108.286000    1120.000000   134.172000    2.93336E-02  3.03917E-04
3  700.000000    96.325000     1080.000000   117.343000    1160.000000   128.135000    1.76852E-02  1.84616E-04
3  700.000000    96.325000     1120.000000   134.172000    1200.000000   123.583000    1.57459E-02  1.65352E-04
3  700.000000    96.325000     1160.000000   128.135000    1240.000000   121.871000    2.00832E-02  2.08427E-04
3  700.000000    96.325000     1200.000000   123.583000    1280.000000   129.599000    2.11502E-02  2.19499E-04
3  700.000000    96.325000     1240.000000   121.871000    1320.000000   143.045000    1.89723E-02  1.96891E-04
3  700.000000    96.325000     1280.000000   129.599000    1360.000000   150.159000    1.55662E-02  1.63462E-04
3  700.000000    96.325000     1320.000000   143.045000    1400.000000   160.896000    1.36073E-02  1.44254E-04
3  700.000000    96.325000     2280.000000   42.192000     2360.000000   52.469000     2.18763E-03  3.42288E-05
3  700.000000    96.325000     2320.000000   45.283000     2400.000000   59.965000     1.48169E-03  3.20540E-05
3  700.000000    96.325000     1360.000000   150.159000    1520.000000   178.674000    1.93520E-02  2.00823E-04
3  700.000000    96.325000     1400.000000   160.896000    1560.000000   156.964000    1.53418E-02  1.61101E-04
3  700.000000    96.325000     1440.000000   178.173000    1600.000000   137.193000    1.41885E-02  1.48991E-04
3  700.000000    96.325000     1480.000000   197.065000    1640.000000   122.640000    1.84128E-02  1.92206E-04
3  700.000000    96.325000     1520.000000   178.674000    1680.000000   100.508000    2.26578E-02  2.34610E-04
3  700.000000    96.325000     1560.000000   156.964000    1720.000000   92.752000     2.64112E-02  2.72886E-04
3  700.000000    96.325000     1600.000000   137.193000    1760.000000   89.581000     2.61502E-02  2.70186E-04
3  700.000000    96.325000     1640.000000   122.640000    1800.000000   73.849000     2.65330E-02  2.74144E-04
3  700.000000    96.325000     1680.000000   100.508000    1840.000000   69.746000     2.59629E-02  2.68251E-04
3  700.000000    96.325000     1720.000000   92.752000     1880.000000   67.320000     2.35443E-02  2.43792E-04
3  700.000000    96.325000     1760.000000   89.581000     1920.000000   57.532000     2.23221E-02  2.31136E-04
3  700.000000    96.325000     1800.000000   73.849000     1960.000000   54.922000     1.84421E-02  1.92519E-04
3  700.000000    96.325000     1840.000000   69.746000     2000.000000   51.429000     1.32349E-02  1.40304E-04
3  700.000000    96.325000     1880.000000   67.320000     2040.000000   51.134000     9.59903E-03  1.04025E-04
3  700.000000    96.325000     1920.000000   57.532000     2080.000000   47.855000     7.26122E-03  9.73621E-05
3  700.000000    96.325000     1960.000000   54.922000     2120.000000   51.358000     4.83788E-03  6.70951E-05
3  700.000000    96.325000     2120.000000   51.358000     2280.000000   42.192000     3.33421E-03  4.79819E-05
3  700.000000    96.325000     2160.000000   53.175000     2320.000000   45.283000     3.94396E-03  5.67567E-05
3  700.000000    96.325000     2200.000000   49.089000     2360.000000   52.469000     4.15117E-03  5.97399E-05
3  700.000000    96.325000     2240.000000   45.045000     2400.000000   59.965000     4.12378E-03  5.93478E-05
3  700.000000    96.325000     2000.000000   51.429000     2320.000000   45.283000     8.13181E-03  9.29433E-05
3  700.000000    96.325000     2040.000000   51.134000     2360.000000   52.469000     7.63586E-03  1.02312E-04
3  700.000000    96.325000     2080.000000   47.855000     2400.000000   59.965000     7.21648E-03  9.66915E-05
3  740.000000    95.156000     0.000000      94.302000     40.000000     87.181000     1.05592E-02  1.14408E-04
3  740.000000    95.156000     400.000000    115.247000    440.000000    111.533000    2.34031E-02  2.42323E-04
3  740.000000    95.156000     440.000000    111.533000    480.000000    120.110000    3.11203E-02  3.22394E-04
3  740.000000    95.156000     480.000000    120.110000    520.000000    115.268000    1.97792E-02  2.05255E-04
3  740.000000    95.156000     520.000000    115.268000    560.000000    123.811000    4.39722E-02  4.48081E-04
3  740.000000    95.156000     560.000000    123.811000    600.000000    124.839000    4.69615E-02  4.76199E-04
3  740.000000    95.156000     600.000000    124.839000    640.000000    115.456000    5.77781E-02  5.83489E-04
3  740.000000    95.156000     640.000000    115.456000    680.000000    99.357000     1.38261E-01  1.38796E-03
3  740.000000    95.156000     800.000000    109.655000    840.000000    115.365000    1.88834E-01  1.89395E-03
3  740.000000    95.156000     840.000000    115.365000    880.000000    118.144000    9.21331E-02  9.26214E-04
3  740.000000    95.156000     880.000000    118.144000    920.000000    132.008000    4.63347E-02  4.69908E-04
3  740.000000    95.156000     920.000000    132.008000    960.000000    128.518000    2.89447E-02  2.99884E-04
3  740.000000    95.156000     960.000000    128.518000    1000.000000   116.905000    3.29605E-02  3.41978E-04
3  740.000000    95.156000     1000.000000   116.905000    1040.000000   108.286000    1.56539E-02  1.64391E-04
3  740.000000    95.156000     1040.000000   108.286000    1080.000000   117.343000    2.37781E-02  2.46282E-04
3  740.000000    95.156000     2360.000000   52.469000     2400.000000   59.965000     7.69431E-04  1.66454E-05
3  740.000000    95.156000     0.000000      94.302000     80.000000     87.439000     1.88619E-02  1.95737E-04
3  740.000000    95.156000     40.000000     87.181000     120.000000    88.121000     1.58796E-02  1.66756E-04
3  740.000000    95.156000     80.000000     87.439000     160.000000    96.899000     1.67800E-02  1.75160E-04
3  740.000000    95.156000     120.000000    88.121000     200.000000    103.483000    1.72089E-02  1.79637E-04
3  740.000000    95.156000     160.000000    96.899000     240.000000    107.360000    1.48988E-02  1.56448E-04
3  740.000000    95.156000     200.000000    103.483000    280.000000    105.248000    2.18197E-02  2.25928E-04
3  740.000000    95.156000     240.000000    107.360000    320.000000    113.072000    2.80928E-02  2.90249E-04
3  740.000000    95.156000     280.000000    105.248000    360.000000    115.089000    2.67849E-02  2.76736E-04
3  740.000000    95.156000     320.000000    113.072000    400.000000    115.247000    2.88940E-02  2.99330E-04
3  740.000000    95.156000     1080.000000   117.343000    1160.000000   128.135000    2.16230E-02  2.23921E-04
3  740.000000    95.156000     1120.000000   134.172000    1200.000000   123.583000    1.89660E-02  1.96844E-04
3  740.000000    95.156000     1160.000000   128.135000    1240.000000   121.871000    2.38032E-02  2.46535E-04
3  740.000000    95.156000     1200.000000   123.583000    1280.000000   129.599000    2.47709E-02  2.56584E-04
3  740.000000    95.156000     1240.000000   121.871000    1320.000000   143.045000    2.19965E-02  2.27851E-04
3  740.000000    95.156000     1280.000000   129.599000    1360.000000   150.159000    1.79134E-02  1.87048E-04
3  740.000000    95.156000     1320.000000   143.045000    1400.000000   160.896000    1.55594E-02  1.63434E-04
3  740.000000    95.156000     1360.000000   150.159000    1440.000000   178.173000    1.55822E-02  1.63677E-04
3  740.000000    95.156000     2280.000000   42.192000     2360.000000   52.469000     2.38445E-03  3.73085E-05
3  740.000000    95.156000     2320.000000   45.283000     2400.000000   59.965000     1.61703E-03  2.53005E-05
3  740.000000    95.156000     1400.000000   160.896000    1560.000000   156.964000    1.73196E-02  1.80806E-04
3  740.000000    95.156000     1440.000000   178.173000    1600.000000   137.193000    1.59049E-02  1.67022E-04
3  740.000000    95.156000     1480.000000   197.065000    1640.000000   122.640000    2.05486E-02  2.13268E-04
3  740.000000    95.156000     1520.000000   178.674000    1680.000000   100.508000    2.52087E-02  2.60514E-04
3  740.000000    95.156000     1560.000000   156.964000    1720.000000   92.752000     2.92943E-02  3.03562E-04
3  740.000000    95.156000     1600.000000   137.193000    1760.000000   89.581000     2.89544E-02  3.00037E-04
3  740.000000    95.156000     1640.000000   122.640000    1800.000000   73.849000     2.93044E-02  3.03658E-04
3  740.000000    95.156000     1680.000000   100.508000    1840.000000   69.746000     2.85980E-02  2.96341E-04
3  740.000000    95.156000     1720.000000   92.752000     1880.000000   67.320000     2.58823E-02  2.67483E-04
3  740.000000    95.156000     1760.000000   89.581000     1920.000000   57.532000     2.45076E-02  2.53825E-04
3  740.000000    95.156000     1800.000000   73.849000     1960.000000   54.922000     2.02283E-02  2.09970E-04
3  740.000000    95.156000     1840.000000   69.746000     2000.000000   51.429000     1.45139E-02  1.52438E-04
3  740.000000    95.156000     1880.000000   67.320000     2040.000000   51.134000     1.05212E-02  1.14132E-04
3  740.000000    95.156000     1920.000000   57.532000     2080.000000   47.855000     7.95035E-03  9.11341E-05
3  740.000000    95.156000     1960.000000   54.922000     2120.000000   51.358000     5.28436E-03  7.33194E-05
3  740.000000    95.156000     2000.000000   51.429000     2160.000000   53.175000     4.56862E-03  6.33713E-05
3  740.000000    95.156000     2120.000000   51.358000     2280.000000   42.192000     3.63775E-03  5.23520E-05
3  740.000000    95.156000     2160.000000   53.175000     2320.000000   45.283000     4.29912E-03  6.18691E-05
3  740.000000    95.156000     2200.000000   49.089000     2360.000000   52.469000     4.52828E-03  6.27991E-05
3  740.000000    95.156000     2240.000000   45.045000     2400.000000   59.965000     4.50020E-03  6.24106E-05
3  740.000000    95.156000     2040.000000   51.134000     2360.000000   52.469000     8.32865E-03  9.51840E-05
3  740.000000    95.156000     2080.000000   47.855000     2400.000000   59.965000     7.87658E-03  9.00199E-05
3  780.000000    105.378000    0.000000      94.302000     40.000000     87.181000     9.85963E-03  1.07087E-04
3  780.000000    105.378000    440.000000    111.533000    480.000000    120.110000    2.61821E-02  2.70508E-04
3  780.000000    105.378000    480.000000    120.110000    520.000000    115.268000    1.60431E-02  1.67468E-04
3  780.000000    105.378000    520.000000    115.268000    560.000000    123.811000    3.44641E-02  3.57493E-04
3  780.000000    105.378000    560.000000    123.811000    600.000000    124.839000    3.48077E-02  3.61057E-04
3  780.000000    105.378000    600.000000    124.839000    640.000000    115.456000    4.04569E-02  4.12260E-04
3  780.000000    105.378000    640.000000    115.456000    680.000000    99.357000     8.51375E-02  8.55751E-04
3  780.000000    105.378000    680.000000    99.357000     720.000000    100.587000    1.62324E-01  1.62848E-03
3  780.000000    105.378000    840.000000    115.365000    880.000000    118.144000    2.64011E-01  2.64560E-03
3  780.000000    105.378000    880.000000    118.144000    920.000000    132.008000    8.96276E-02  9.00937E-04
3  780.000000    105.378000    920.000000    132.008000    960.000000    128.518000    5.10540E-02  5.17723E-04
3  780.000000    105.378000    960.000000    128.518000    1000.000000   116.905000    4.96947E-02  5.03954E-04
3  780.000000    105.378000    1000.000000   116.905000    1040.000000   108.286000    2.23115E-02  2.31027E-04
3  780.000000    105.378000    1040.000000   108.286000    1080.000000   117.343000    3.09148E-02  3.20302E-04
3  780.000000    105.378000    1080.000000   117.343000    1120.000000   134.172000    1.61201E-02  1.68284E-04
3  780.000000    105.378000    2360.000000   52.469000     2400.000000   59.965000     8.13394E-04  1.75965E-05
3  780.000000    105.378000    0.000000      94.302000     80.000000     87.439000     1.75877E-02  1.83591E-04
3  780.000000    105.378000    40.000000     87.181000     120.000000    88.121000     1.47411E-02  1.54792E-04
3  780.000000    105.378000    80.000000     87.439000     160.000000    96.899000     1.54633E-02  1.62397E-04
3  780.000000    105.378000    120.000000    88.121000     200.000000    103.483000    1.57234E-02  1.65132E-04
3  780.000000    105.378000    160.000000    96.899000     240.000000    107.360000    1.34711E-02  1.42804E-04
3  780.000000    105.378000    200.000000    103.483000    280.000000    105.248000    1.95077E-02  2.02437E-04
3  780.000000    105.378000    240.000000    107.360000    320.000000    113.072000    2.49526E-02  2.57805E-04
3  780.000000    105.378000    280.000000    105.248000    360.000000    115.089000    2.35395E-02  2.43735E-04
3  780.000000    105.378000    320.000000    113.072000    400.000000    115.247000    2.50466E-02  2.58776E-04
3  780.000000    105.378000    360.000000    115.089000    440.000000    111.533000    3.29640E-02  3.41932E-04
3  780.000000    105.378000    1120.000000   134.172000    1200.000000   123.583000    2.34437E-02  2.42757E-04
3  780.000000    105.378000    1160.000000   128.135000    1240.000000   121.871000    2.87907E-02  2.98295E-04
3  780.000000    105.378000    1200.000000   123.583000    1280.000000   129.599000    2.94699E-02  3.05361E-04
3  780.000000    105.378000    1240.000000   121.871000    1320.000000   143.045000    2.58059E-02  2.66673E-04
3  780.000000    105.378000    1280.000000   129.599000    1360.000000   150.159000    2.08165E-02  2.16067E-04
3  780.000000    105.378000    1320.000000   143.045000    1400.000000   160.896000    1.79313E-02  1.87214E-04
3  780.000000    105.378000    1360.000000   150.159000    1440.000000   178.173000    1.78769E-02  1.86655E-04
3  780.000000    105.378000    1400.000000   160.896000    1480.000000   197.065000    1.13708E-02  1.23211E-04
3  780.000000    105.378000    2280.000000   42.192000     2360.000000   52.469000     2.52119E-03  3.94478E-05
3  780.000000    105.378000    2320.000000   45.283000     2400.000000   59.965000     1.71190E-03  2.67849E-05
3  780.000000    105.378000    1440.000000   178.173000    1600.000000   137.193000    1.79349E-02  1.87226E-04
3  780.000000    105.378000    1480.000000   197.065000    1640.000000   122.640000    2.30568E-02  2.38774E-04
3  780.000000    105.378000    1520.000000   178.674000    1680.000000   100.508000    2.81787E-02  2.91185E-04
3  780.000000    105.378000    1560.000000   156.964000    1720.000000   92.752000     3.26401E-02  3.38207E-04
3  780.000000    105.378000    1600.000000   137.193000    1760.000000   89.581000     3.21751E-02  3.33392E-04
3  780.000000    105.378000    1640.000000   122.640000    1800.000000   73.849000     3.24564E-02  3.36300E-04
3  780.000000    105.378000    1680.000000   100.508000    1840.000000   69.746000     3.15759E-02  3.27171E-04
3  780.000000    105.378000    1720.000000   92.752000     1880.000000   67.320000     2.85074E-02  2.94587E-04
3  780.000000    105.378000    1760.000000   89.581000     1920.000000   57.532000     2.69508E-02  2.78501E-04
3  780.000000    105.378000    1800.000000   73.849000     1960.000000   54.922000     2.21919E-02  2.30086E-04
3  780.000000    105.378000    1840.000000   69.746000     2000.000000   51.429000     1.58917E-02  1.67413E-04
3  780.000000    105.378000    1880.000000   67.320000     2040.000000   51.134000     1.14967E-02  1.25757E-04
3  780.000000    105.378000    1920.000000   57.532000     2080.000000   47.855000     8.66060E-03  1.00718E-04
3  780.000000    105.378000    1960.000000   54.922000     2120.000000   51.358000     5.70912E-03  7.92591E-05
3  780.000000    105.378000    2000.000000   51.429000     2160.000000   53.175000     4.90042E-03  6.79625E-05
3  780.000000    105.378000    2040.000000   51.134000     2200.000000   49.089000     4.04803E-03  5.82544E-05
3  780.000000    105.378000    2120.000000   51.358000     2280.000000   42.192000     3.85388E-03  5.54612E-05
3  780.000000    105.378000    2160.000000   53.175000     2320.000000   45.283000     4.55256E-03  6.31344E-05
3  780.000000    105.378000    2200.000000   49.089000     2360.000000   52.469000     4.79332E-03  6.64738E-05
3  780.000000    105.378000    2240.000000   45.045000     2400.000000   59.965000     4.75954E-03  6.60058E-05
3  780.000000    105.378000    2080.000000   47.855000     2400.000000   59.965000     8.33488E-03  9.52552E-05
3  820.000000    113.802000    0.000000      94.302000     40.000000     87.181000     9.06686E-03  1.03623E-04
3  820.000000    113.802000    480.000000    120.110000    520.000000    115.268000    1.28001E-02  1.35691E-04
3  820.000000    113.802000    520.000000    115.268000    560.000000    123.811000    2.68622E-02  2.77535E-04
3  820.000000    113.802000    560.000000    123.811000    600.000000    124.839000    2.58762E-02  2.67348E-04
3  820.000000    113.802000    600.000000    124.839000    640.000000    115.456000    2.91219E-02  3.01691E-04
3  820.000000    113.802000    640.000000    115.456000    680.000000    99.357000     5.58035E-02  5.63548E-04
3  820.000000    113.802000    680.000000    99.357000     720.000000    100.587000    8.36825E-02  8.41135E-04
3  820.000000    113.802000    720.000000    100.587000    760.000000    98.622000     2.76394E-01  5.53012E-03
3  820.000000    113.802000    880.000000    118.144000    920.000000    132.008000    2.33109E-01  3.11187E-03
3  820.000000    113.802000    960.000000    128.518000    1000.000000   116.905000    8.73907E-02  1.07447E-03
3  820.000000    113.802000    1000.000000   116.905000    1040.000000   108.286000    3.64004E-02  9.33721E-04
3  820.000000    113.802000    1040.000000   108.286000    1080.000000   117.343000    4.39897E-02  4.48268E-04
3  820.000000    113.802000    1080.000000   117.343000    1120.000000   134.172000    2.24037E-02  2.31977E-04
3  820.000000    113.802000    1120.000000   134.172000    1160.000000   128.135000    1.49989E-02  1.57500E-04
3  820.000000    113.802000    2360.000000   52.469000     2400.000000   59.965000     9.00152E-04  1.94733E-05
3  820.000000    113.802000    0.000000      94.302000     80.000000     87.439000     1.61149E-02  1.68219E-04
3  820.000000    113.802000    40.000000     87.181000     120.000000    88.121000     1.33852E-02  1.41894E-04
3  820.000000    113.802000    120.000000    88.121000     200.000000    103.483000    1.40756E-02  1.47805E-04
3  820.000000    113.802000    160.000000    96.899000     240.000000    107.360000    1.19624E-02  1.26811E-04
3  820.000000    113.802000    200.000000    103.483000    280.000000    105.248000    1.71260E-02  1.78771E-04
3  820.000000    113.802000    240.000000    107.360000    320.000000    113.072000    2.17750E-02  2.25465E-04
3  820.000000    113.802000    280.000000    105.248000    360.000000    115.089000    2.03459E-02  2.11136E-04
3  820.000000    113.802000    320.000000    113.072000    400.000000    115.247000    2.13280E-02  2.21327E-04
3  820.000000    113.802000    360.000000    115.089000    440.000000    111.533000    2.76173E-02  2.85336E-04
3  820.000000    113.802000    400.000000    115.247000    480.000000    120.110000    3.80087E-02  3.87312E-04
3  820.000000    113.802000    1160.000000   128.135000    1240.000000   121.871000    3.72368E-02  3.86265E-04
3  820.000000    113.802000    1200.000000   123.583000    1280.000000   129.599000    3.72419E-02  3.86321E-04
3  820.000000    113.802000    1240.000000   121.871000    1320.000000   143.045000    3.19615E-02  3.31128E-04
3  820.000000    113.802000    1280.000000   129.599000    1360.000000   150.159000    2.54329E-02  2.62780E-04
3  820.000000    113.802000    1320.000000   143.045000    1400.000000   160.896000    2.16601E-02  2.24286E-04
3  820.000000    113.802000    1360.000000   150.159000    1440.000000   178.173000    2.15207E-02  2.23340E-04
3  820.000000    113.802000    1400.000000   160.896000    1480.000000   197.065000    1.36382E-02  1.44580E-04
3  820.000000    113.802000    1440.000000   178.173000    1520.000000   178.674000    8.63535E-03  9.86891E-05
3  820.000000    113.802000    2280.000000   42.192000     2360.000000   52.469000     2.79144E-03  4.36760E-05
3  820.000000    113.802000    2320.000000   45.283000     2400.000000   59.965000     1.89709E-03  2.96824E-05
3  820.000000    113.802000    0.000000      94.302000     160.000000    96.899000     3.00412E-02  3.11215E-04
3  820.000000    113.802000    1480.000000   197.065000    1640.000000   122.640000    2.72199E-02  2.81239E-04
3  820.000000    113.802000    1520.000000   178.674000    1680.000000   100.508000    3.31226E-02  3.43594E-04
3  820.000000    113.802000    1560.000000   156.964000    1720.000000   92.752000     3.82115E-02  3.89402E-04
3  820.000000    113.802000    1600.000000   137.193000    1760.000000   89.581000     3.75508E-02  3.89533E-04
3  820.000000    113.802000    1640.000000   122.640000    1800.000000   73.849000     3.77227E-02  3.91316E-04
3  820.000000    113.802000    1680.000000   100.508000    1840.000000   69.746000     3.65739E-02  3.79407E-04
3  820.000000    113.802000    1720.000000   92.752000     1880.000000   67.320000     3.29397E-02  3.41710E-04
3  820.000000    113.802000    1760.000000   89.581000     1920.000000   57.532000     3.10884E-02  3.22094E-04
3  820.000000    113.802000    1800.000000   73.849000     1960.000000   54.922000     2.55568E-02  2.64078E-04
3  820.000000    113.802000    1840.000000   69.746000     2000.000000   51.429000     1.82631E-02  1.90661E-04
3  820.000000    113.802000    1880.000000   67.320000     2040.000000   51.134000     1.31893E-02  1.39834E-04
3  820.000000    113.802000    1920.000000   57.532000     2080.000000   47.855000     9.90611E-03  1.07359E-04
3  820.000000    113.802000    1960.000000   54.922000     2120.000000   51.358000     6.45614E-03  8.65045E-05
3  820.000000    113.802000    2000.000000   51.429000     2160.000000   53.175000     5.49408E-03  7.61908E-05
3  820.000000    113.802000    2040.000000   51.134000     2200.000000   49.089000     4.49369E-03  6.23203E-05
3  820.000000    113.802000    2080.000000   47.855000     2240.000000   45.045000     3.94237E-03  5.67343E-05
3  820.000000    113.802000    2120.000000   51.358000     2280.000000   42.192000     4.26122E-03  6.13228E-05
3  820.000000    113.802000    2160.000000   53.175000     2320.000000   45.283000     5.04209E-03  6.99232E-05
3  820.000000    113.802000    2200.000000   49.089000     2360.000000   52.469000     5.31038E-03  7.36438E-05
3  820.000000    113.802000    2240.000000   45.045000     2400.000000   59.965000     5.27044E-03  7.30905E-05
3  865.000000    114.769000    0.000000      94.302000     40.000000     87.181000     8.43831E-03  9.64372E-05
3  865.000000    114.769000    520.000000    115.268000    560.000000    123.811000    2.16027E-02  2.24178E-04
3  865.000000    114.769000    560.000000    123.811000    600.000000    124.839000    2.00664E-02  2.08235E-04
3  865.000000    114.769000    600.000000    124.839000    640.000000    115.456000    2.18662E-02  2.26409E-04
3  865.000000    114.769000    640.000000    115.456000    680.000000    99.357000     3.95388E-02  4.02904E-04
3  865.000000    114.769000    680.000000    99.357000     720.000000    100.587000    5.05536E-02  5.12624E-04
3  865.000000    114.769000    720.000000    100.587000    760.000000    98.622000     1.14960E-01  2.37509E-03
3  865.000000    114.769000    760.000000    98.622000     800.000000    109.655000    2.84501E-01  2.85107E-03
3  865.000000    114.769000    960.000000    128.518000    1000.000000   116.905000    1.56162E-01  1.56670E-03
3  865.000000    114.769000    1000.000000   116.905000    1040.000000   108.286000    5.69377E-02  5.75008E-04
3  865.000000    114.769000    1040.000000   108.286000    1080.000000   117.343000    6.14119E-02  6.19376E-04
3  865.000000    114.769000    1080.000000   117.343000    1120.000000   134.172000    3.02001E-02  3.12861E-04
3  865.000000    114.769000    1120.000000   134.172000    1160.000000   128.135000    1.98259E-02  2.05739E-04
3  865.000000    114.769000    1160.000000   128.135000    1200.000000   123.583000    2.09170E-02  2.17064E-04
3  865.000000    114.769000    2360.000000   52.469000     2400.000000   59.965000     9.82340E-04  2.12514E-05
3  865.000000    114.769000    0.000000      94.302000     80.000000     87.439000     1.49604E-02  1.57096E-04
3  865.000000    114.769000    40.000000     87.181000     120.000000    88.121000     1.23350E-02  1.30761E-04
3  865.000000    114.769000    160.000000    96.899000     240.000000    107.360000    1.07813E-02  1.16805E-04
3  865.000000    114.769000    200.000000    103.483000    280.000000    105.248000    1.52635E-02  1.60279E-04
3  865.000000    114.769000    240.000000    107.360000    320.000000    113.072000    1.92961E-02  2.00241E-04
3  865.000000    114.769000    280.000000    105.248000    360.000000    115.089000    1.78702E-02  1.86540E-04
3  865.000000    114.769000    320.000000    113.072000    400.000000    115.247000    1.84810E-02  1.92916E-04
3  865.000000    114.769000    360.000000    115.089000    440.000000    111.533000    2.35879E-02  2.44236E-04
3  865.000000    114.769000    400.000000    115.247000    480.000000    120.110000    3.20829E-02  3.32366E-04
3  865.000000    114.769000    440.000000    111.533000    520.000000    115.268000    2.85386E-02  2.94855E-04
3  865.000000    114.769000    1200.000000   123.583000    1280.000000   129.599000    4.61263E-02  4.67735E-04
3  865.000000    114.769000    1240.000000   121.871000    1320.000000   143.045000    3.87999E-02  3.95383E-04
3  865.000000    114.769000    1280.000000   129.599000    1360.000000   150.159000    3.04619E-02  3.15573E-04
3  865.000000    114.769000    1320.000000   143.045000    1400.000000   160.896000    2.56610E-02  2.65127E-04
3  865.000000    114.769000    1360.000000   150.159000    1440.000000   178.173000    2.53870E-02  2.62296E-04
3  865.000000    114.769000    1400.000000   160.896000    1480.000000   197.065000    1.60181E-02  1.67207E-04
3  865.000000    114.769000    1440.000000   178.173000    1520.000000   178.674000    1.00747E-02  1.09149E-04
3  865.000000    114.769000    1480.000000   197.065000    1560.000000   156.964000    1.14611E-02  1.24170E-04
3  865.000000    114.769000    2280.000000   42.192000     2360.000000   52.469000     3.04689E-03  4.38472E-05
3  865.000000    114.769000    2320.000000   45.283000     2400.000000   59.965000     2.07193E-03  3.24180E-05
3  865.000000    114.769000    0.000000      94.302000     160.000000    96.899000     2.76926E-02  2.86117E-04
3  865.000000    114.769000    40.000000     87.181000     200.000000    103.483000    2.51252E-02  2.59589E-04
3  865.000000    114.769000    1520.000000   178.674000    1680.000000   100.508000    3.80905E-02  3.88150E-04
3  865.000000    114.769000    1560.000000   156.964000    1720.000000   92.752000     4.37735E-02  4.46061E-04
3  865.000000    114.769000    1600.000000   137.193000    1760.000000   89.581000     4.28899E-02  4.37057E-04
3  865.000000    114.769000    1640.000000   122.640000    1800.000000   73.849000     4.29190E-02  4.37353E-04
3  865.000000    114.769000    1680.000000   100.508000    1840.000000   69.746000     4.14732E-02  4.22620E-04
3  865.000000    114.769000    1720.000000   92.752000     1880.000000   67.320000     3.72595E-02  3.86493E-04
3  865.000000    114.769000    1760.000000   89.581000     1920.000000   57.532000     3.51068E-02  3.64166E-04
3  865.000000    114.769000    1800.000000   73.849000     1960.000000   54.922000     2.88059E-02  2.98420E-04
3  865.000000    114.769000    1840.000000   69.746000     2000.000000   51.429000     2.05455E-02  2.13209E-04
3  865.000000    114.769000    1880.000000   67.320000     2040.000000   51.134000     1.48090E-02  1.55508E-04
3  865.000000    114.769000    1920.000000   57.532000     2080.000000   47.855000     1.10947E-02  1.20201E-04
3  865.000000    114.769000    1960.000000   54.922000     2120.000000   51.358000     7.17057E-03  9.60763E-05
3  865.000000    114.769000    2000.000000   51.429000     2160.000000   53.175000     6.06265E-03  8.12316E-05
3  865.000000    114.769000    2040.000000   51.134000     2200.000000   49.089000     4.92554E-03  6.83064E-05
3  865.000000    114.769000    2080.000000   47.855000     2240.000000   45.045000     4.29764E-03  6.18465E-05
3  865.000000    114.769000    2120.000000   51.358000     2280.000000   42.192000     4.65145E-03  6.45049E-05
3  865.000000    114.769000    2160.000000   53.175000     2320.000000   45.283000     5.50776E-03  7.63800E-05
3  865.000000    114.769000    2200.000000   49.089000     2360.000000   52.469000     5.80057E-03  8.04406E-05
3  865.000000    114.769000    2240.000000   45.045000     2400.000000   59.965000     5.75430E-03  7.97989E-05
3  900.000000    124.837000    0.000000      94.302000     40.000000     87.181000     7.98479E-03  9.12558E-05
3  900.000000    124.837000    560.000000    123.811000    600.000000    124.839000    1.74879E-02  1.82549E-04
3  900.000000    124.837000    600.000000    124.839000    640.000000    115.456000    1.87810E-02  1.94896E-04
3  900.000000    124.837000    640.000000    115.456000    680.000000    99.357000     3.33909E-02  3.46360E-04
3  900.000000    124.837000    680.000000    99.357000     720.000000    100.587000    4.00501E-02  4.08115E-04
3  900.000000    124.837000    720.000000    100.587000    760.000000    98.622000     7.55596E-02  7.60696E-04
3  900.000000    124.837000    760.000000    98.622000     800.000000    109.655000    1.48124E-01  1.48602E-03
3  900.000000    124.837000    800.000000    109.655000    840.000000    115.365000    2.63065E-01  2.63604E-03
3  900.000000    124.837000    960.000000    128.518000    1000.000000   116.905000    2.94768E-01  2.95372E-03
3  900.000000    124.837000    1000.000000   116.905000    1040.000000   108.286000    8.55543E-02  8.59949E-04
3  900.000000    124.837000    1040.000000   108.286000    1080.000000   117.343000    7.94928E-02  8.00310E-04
3  900.000000    124.837000    1080.000000   117.343000    1120.000000   134.172000    3.81354E-02  3.88607E-04
3  900.000000    124.837000    1120.000000   134.172000    1160.000000   128.135000    2.43971E-02  2.52617E-04
3  900.000000    124.837000    1160.000000   128.135000    1200.000000   123.583000    2.53130E-02  2.61531E-04
3  900.000000    124.837000    1200.000000   123.583000    1240.000000   121.871000    3.10187E-02  3.21344E-04
3  900.000000    124.837000    2360.000000   52.469000     2400.000000   59.965000     1.02800E-03  2.22391E-05
3  900.000000    124.837000    0.000000      94.302000     80.000000     87.439000     1.41409E-02  1.48489E-04
3  900.000000    124.837000    40.000000     87.181000     120.000000    88.121000     1.16099E-02  1.23074E-04
3  900.000000    124.837000    200.000000    103.483000    280.000000    105.248000    1.41734E-02  1.48832E-04
3  900.000000    124.837000    240.000000    107.360000    320.000000    113.072000    1.78668E-02  1.86504E-04
3  900.000000    124.837000    280.000000    105.248000    360.000000    115.089000    1.64732E-02  1.71957E-04
3  900.000000    124.837000    320.000000    113.072000    400.000000    115.247000    1.68850E-02  1.76256E-04
3  900.000000    124.837000    360.000000    115.089000    440.000000    111.533000    2.13753E-02  2.21818E-04
3  900.000000    124.837000    400.000000    115.247000    480.000000    120.110000    2.89131E-02  2.99528E-04
3  900.000000    124.837000    440.000000    111.533000    520.000000    115.268000    2.55687E-02  2.64171E-04
3  900.000000    124.837000    480.000000    120.110000    560.000000    123.811000    2.84982E-02  2.94438E-04
3  900.000000    124.837000    1240.000000   121.871000    1320.000000   143.045000    4.46637E-02  4.52899E-04
3  900.000000    124.837000    1280.000000   129.599000    1360.000000   150.159000    3.46709E-02  3.59638E-04
3  900.000000    124.837000    1320.000000   143.045000    1400.000000   160.896000    2.89400E-02  2.99807E-04
3  900.000000    124.837000    1360.000000   150.159000    1440.000000   178.173000    2.85524E-02  2.94998E-04
3  900.000000    124.837000    1400.000000   160.896000    1480.000000   197.065000    1.79612E-02  1.87490E-04
3  900.000000    124.837000    1440.000000   178.173000    1520.000000   178.674000    1.12404E-02  1.21778E-04
3  900.000000    124.837000    1480.000000   197.065000    1560.000000   156.964000    1.27583E-02  1.35248E-04
3  900.000000    124.837000    1520.000000   178.674000    1600.000000   137.193000    1.61905E-02  1.69008E-04
3  900.000000    124.837000    2280.000000   42.192000     2360.000000   52.469000     3.18825E-03  4.58815E-05
3  900.000000    124.837000    2320.000000   45.283000     2400.000000   59.965000     2.17248E-03  3.39913E-05
3  900.000000    124.837000    0.000000      94.302000     160.000000    96.899000     2.60851E-02  2.69506E-04
3  900.000000    124.837000    40.000000     87.181000     200.000000    103.483000    2.35990E-02  2.44351E-04
3  900.000000    124.837000    80.000000     87.439000     240.000000    107.360000    2.20213E-02  2.28017E-04
3  900.000000    124.837000    1560.000000   156.964000    1720.000000   92.752000     4.81245E-02  4.87992E-04
3  900.000000    124.837000    1600.000000   137.193000    1760.000000   89.581000     4.70390E-02  4.76985E-04
3  900.000000    124.837000    1640.000000   122.640000    1800.000000   73.849000     4.69098E-02  4.75675E-04
3  900.000000    124.837000    1680.000000   100.508000    1840.000000   69.746000     4.52007E-02  4.58340E-04
3  900.000000    124.837000    1720.000000   92.752000     1880.000000   67.320000     4.05338E-02  4.13043E-04
3  900.000000    124.837000    1760.000000   89.581000     1920.000000   57.532000     3.81386E-02  3.88636E-04
3  900.000000    124.837000    1800.000000   73.849000     1960.000000   54.922000     3.12404E-02  3.23638E-04
3  900.000000    124.837000    1840.000000   69.746000     2000.000000   51.429000     2.22373E-02  2.30252E-04
3  900.000000    124.837000    1880.000000   67.320000     2040.000000   51.134000     1.59950E-02  1.68007E-04
3  900.000000    124.837000    1920.000000   57.532000     2080.000000   47.855000     1.19379E-02  1.26621E-04
3  900.000000    124.837000    1960.000000   54.922000     2120.000000   51.358000     7.63886E-03  1.02362E-04
3  900.000000    124.837000    2000.000000   51.429000     2160.000000   53.175000     6.40883E-03  8.58770E-05
3  900.000000    124.837000    2040.000000   51.134000     2200.000000   49.089000     5.15960E-03  7.15518E-05
3  900.000000    124.837000    2080.000000   47.855000     2240.000000   45.045000     4.48054E-03  6.21348E-05
3  900.000000    124.837000    2120.000000   51.358000     2280.000000   42.192000     4.86266E-03  6.74344E-05
3  900.000000    124.837000    2160.000000   53.175000     2320.000000   45.283000     5.76458E-03  7.99420E-05
3  900.000000    124.837000    2200.000000   49.089000     2360.000000   52.469000     6.07379E-03  8.13809E-05
3  900.000000    124.837000    2240.000000   45.045000     2400.000000   59.965000     6.02243E-03  8.06927E-05
3  940.000000    133.647000    0.000000      94.302000     40.000000     87.181000     7.58592E-03  1.01693E-04
3  940.000000    133.647000    600.000000    124.839000    640.000000    115.456000    1.62439E-02  1.69564E-04
3  940.000000    133.647000    640.000000    115.456000    680.000000    99.357000     2.84062E-02  2.93487E-04
3  940.000000    133.647000    680.000000    99.357000     720.000000    100.587000    3.33328E-02  3.45758E-04
3  940.000000    133.647000    720.000000    100.587000    760.000000    98.622000     5.47850E-02  5.53263E-04
3  940.000000    133.647000    760.000000    98.622000     800.000000    109.655000    9.78244E-02  9.83272E-04
3  940.000000    133.647000    800.000000    109.655000    840.000000    115.365000    1.51759E-01  1.52248E-03
3  940.000000    133.647000    840.000000    115.365000    880.000000    118.144000    2.44411E-01  2.44983E-03
3  940.000000    133.647000    1000.000000   116.905000    1040.000000   108.286000    1.56471E-01  1.56981E-03
3  940.000000    133.647000    1040.000000   108.286000    1080.000000   117.343000    1.06881E-01  1.07380E-03
3  940.000000    133.647000    1080.000000   117.343000    1120.000000   134.172000    4.99885E-02  5.06918E-04
3  940.000000    133.647000    1120.000000   134.172000    1160.000000   128.135000    3.02085E-02  3.12957E-04
3  940.000000    133.647000    1160.000000   128.135000    1200.000000   123.583000    3.03884E-02  3.14827E-04
3  940.000000    133.647000    1200.000000   123.583000    1240.000000   121.871000    3.69420E-02  3.83236E-04
3  940.000000    133.647000    1240.000000   121.871000    1280.000000   129.599000    2.68490E-02  2.77423E-04
3  940.000000    133.647000    2360.000000   52.469000     2400.000000   59.965000     1.08548E-03  2.34826E-05
3  940.000000    133.647000    0.000000      94.302000     80.000000     87.439000     1.34120E-02  1.42178E-04
3  940.000000    133.647000    40.000000     87.181000     120.000000    88.121000     1.09485E-02  1.19323E-04
3  940.000000    133.647000    240.000000    107.360000    320.000000    113.072000    1.65319E-02  1.72570E-04
3  940.000000    133.647000    280.000000    105.248000    360.000000    115.089000    1.51736E-02  1.59333E-04
3  940.000000    133.647000    320.000000    113.072000    400.000000    115.247000    1.54109E-02  1.61825E-04
3  940.000000    133.647000    360.000000    115.089000    440.000000    111.533000    1.93487E-02  2.00787E-04
3  940.000000    133.647000    400.000000    115.247000    480.000000    120.110000    2.60389E-02  2.69029E-04
3  940.000000    133.647000    440.000000    111.533000    520.000000    115.268000    2.29067E-02  2.37183E-04
3  940.000000    133.647000    480.000000    120.110000    560.000000    123.811000    2.53469E-02  2.61879E-04
3  940.000000    133.647000    520.000000    115.268000    600.000000    124.839000    3.23234E-02  3.34857E-04
3  940.000000    133.647000    1280.000000   129.599000    1360.000000   150.159000    3.97537E-02  4.05122E-04
3  940.000000    133.647000    1320.000000   143.045000    1400.000000   160.896000    3.28582E-02  3.40851E-04
3  940.000000    133.647000    1360.000000   150.159000    1440.000000   178.173000    3.22961E-02  3.34601E-04
3  940.000000    133.647000    1400.000000   160.896000    1480.000000   197.065000    2.02485E-02  2.10135E-04
3  940.000000    133.647000    1440.000000   178.173000    1520.000000   178.674000    1.26065E-02  1.33640E-04
3  940.000000    133.647000    1480.000000   197.065000    1560.000000   156.964000    1.42555E-02  1.49696E-04
3  940.000000    133.647000    1520.000000   178.674000    1600.000000   137.193000    1.80259E-02  1.88171E-04
3  940.000000    133.647000    1560.000000   156.964000    1640.000000   122.640000    2.44572E-02  2.53247E-04
3  940.000000    133.647000    2280.000000   42.192000     2360.000000   52.469000     3.36772E-03  4.84645E-05
3  940.000000    133.647000    2320.000000   45.283000     2400.000000   59.965000     2.29523E-03  3.59119E-05
3  940.000000    133.647000    0.000000      94.302000     160.000000    96.899000     2.46208E-02  2.55923E-04
3  940.000000    133.647000    40.000000     87.181000     200.000000    103.483000    2.21852E-02  2.29781E-04
3  940.000000    133.647000    80.000000     87.439000     240.000000    107.360000    2.06268E-02  2.14073E-04
3  940.000000    133.647000    120.000000    88.121000     280.000000    105.248000    2.43917E-02  2.52564E-04
3  940.000000    133.647000    1600.000000   137.193000    1760.000000   89.581000     5.18319E-02  5.23461E-04
3  940.000000    133.647000    1640.000000   122.640000    1800.000000   73.849000     5.15211E-02  5.22450E-04
3  940.000000    133.647000    1680.000000   100.508000    1840.000000   69.746000     4.95136E-02  5.02093E-04
3  940.000000    133.647000    1720.000000   92.752000     1880.000000   67.320000     4.43187E-02  4.49405E-04
3  940.000000    133.647000    1760.000000   89.581000     1920.000000   57.532000     4.16469E-02  4.24394E-04
3  940.000000    133.647000    1800.000000   73.849000     1960.000000   54.922000     3.40543E-02  3.53521E-04
3  940.000000    133.647000    1840.000000   69.746000     2000.000000   51.429000     2.41902E-02  2.51094E-04
3  940.000000    133.647000    1880.000000   67.320000     2040.000000   51.134000     1.73635E-02  1.82775E-04
3  940.000000    133.647000    1920.000000   57.532000     2080.000000   47.855000     1.29246E-02  1.38733E-04
3  940.000000    133.647000    1960.000000   54.922000     2120.000000   51.358000     8.20234E-03  9.37560E-05
3  940.000000    133.647000    2000.000000   51.429000     2160.000000   53.175000     6.83659E-03  9.16014E-05
3  940.000000    133.647000    2040.000000   51.134000     2200.000000   49.089000     5.46401E-03  7.57749E-05
3  940.000000    133.647000    2080.000000   47.855000     2240.000000   45.045000     4.71496E-03  6.53913E-05
3  940.000000    133.647000    2120.000000   51.358000     2280.000000   42.192000     5.13165E-03  7.11647E-05
3  940.000000    133.647000    2160.000000   53.175000     2320.000000   45.283000     6.09302E-03  8.16416E-05
3  940.000000    133.647000    2200.000000   49.089000     2360.000000   52.469000     6.41873E-03  8.60033E-05
3  940.000000    133.647000    2240.000000   45.045000     2400.000000   59.965000     6.36143E-03  8.52362E-05
3  980.000000    116.627000    0.000000      94.302000     40.000000     87.181000     7.20967E-03  9.71078E-05
3  980.000000    116.627000    640.000000    115.456000    680.000000    99.357000     2.31812E-02  2.40025E-04
3  980.000000    116.627000    680.000000    99.357000     720.000000    100.587000    2.62370E-02  2.71075E-04
3  980.000000    116.627000    720.000000    100.587000    760.000000    98.622000     4.04459E-02  4.12148E-04
3  980.000000    116.627000    760.000000    98.622000     800.000000    109.655000    6.41953E-02  6.47435E-04
3  980.000000    116.627000    800.000000    109.655000    840.000000    115.365000    8.87260E-02  8.91821E-04
3  980.000000    116.627000    840.000000    115.365000    880.000000    118.144000    1.12900E-01  1.13419E-03
3  980.000000    116.627000    880.000000    118.144000    920.000000    132.008000    2.04689E-01  2.05168E-03
3  980.000000    116.627000    1040.000000   108.286000    1080.000000   117.343000    1.87840E-01  1.88377E-03
3  980.000000    116.627000    1080.000000   117.343000    1120.000000   134.172000    7.28354E-02  7.33270E-04
3  980.000000    116.627000    1120.000000   134.172000    1160.000000   128.135000    4.15133E-02  4.23025E-04
3  980.000000    116.627000    1160.000000   128.135000    1200.000000   123.583000    4.00391E-02  4.08002E-04
3  980.000000    116.627000    1200.000000   123.583000    1240.000000   121.871000    4.58708E-02  4.65134E-04
3  980.000000    116.627000    1280.000000   129.599000    1320.000000   143.045000    2.98919E-02  3.09668E-04
3  980.000000    116.627000    2360.000000   52.469000     2400.000000   59.965000     1.16710E-03  2.52483E-05
3  980.000000    116.627000    0.000000      94.302000     80.000000     87.439000     1.26880E-02  1.34503E-04
3  980.000000    116.627000    40.000000     87.181000     120.000000    88.121000     1.02460E-02  1.11038E-04
3  980.000000    116.627000    280.000000    105.248000    360.000000    115.089000    1.36779E-02  1.43628E-04
3  980.000000    116.627000    320.000000    113.072000    400.000000    115.247000    1.37409E-02  1.44289E-04
3  980.000000    116.627000    360.000000    115.089000    440.000000    111.533000    1.70731E-02  1.78219E-04
3  980.000000    116.627000    400.000000    115.247000    480.000000    120.110000    2.28139E-02  2.36222E-04
3  980.000000    116.627000    440.000000    111.533000    520.000000    115.268000    1.99174E-02  2.06689E-04
3  980.000000    116.627000    480.000000    120.110000    560.000000    123.811000    2.17755E-02  2.25470E-04
3  980.000000    116.627000    520.000000    115.268000    600.000000    124.839000    2.74850E-02  2.83970E-04
3  980.000000    116.627000    560.000000    123.811000    640.000000    115.456000    2.63967E-02  2.72725E-04
3  980.000000    116.627000    1320.000000   143.045000    1400.000000   160.896000    3.86570E-02  3.93923E-04
3  980.000000    116.627000    1360.000000   150.159000    1440.000000   178.173000    3.77435E-02  3.91510E-04
3  980.000000    116.627000    1400.000000   160.896000    1480.000000   197.065000    2.35046E-02  2.43374E-04
3  980.000000    116.627000    1440.000000   178.173000    1520.000000   178.674000    1.45131E-02  1.52398E-04
3  980.000000    116.627000    1480.000000   197.065000    1560.000000   156.964000    1.63182E-02  1.70339E-04
3  980.000000    116.627000    1520.000000   178.674000    1600.000000   137.193000    2.05304E-02  2.13050E-04
3  980.000000    116.627000    1560.000000   156.964000    1640.000000   122.640000    2.77245E-02  2.86444E-04
3  980.000000    116.627000    1600.000000   137.193000    1680.000000   100.508000    3.22437E-02  3.34035E-04
3  980.000000    116.627000    2280.000000   42.192000     2360.000000   52.469000     3.62388E-03  5.21505E-05
3  980.000000    116.627000    2320.000000   45.283000     2400.000000   59.965000     2.47080E-03  3.86589E-05
3  980.000000    116.627000    0.000000      94.302000     160.000000    96.899000     2.31158E-02  2.39450E-04
3  980.000000    116.627000    40.000000     87.181000     200.000000    103.483000    2.06593E-02  2.14396E-04
3  980.000000    116.627000    80.000000     87.439000     240.000000    107.360000    1.90922E-02  1.98125E-04
3  980.000000    116.627000    120.000000    88.121000     280.000000    105.248000    2.24020E-02  2.31975E-04
3  980.000000    116.627000    160.000000    96.899000     320.000000    113.072000    2.36622E-02  2.45006E-04
3  980.000000    116.627000    1640.000000   122.640000    1800.000000   73.849000     5.78079E-02  5.83796E-04
3  980.000000    116.627000    1680.000000   100.508000    1840.000000   69.746000     5.53767E-02  5.59244E-04
3  980.000000    116.627000    1720.000000   92.752000     1880.000000   67.320000     4.94404E-02  5.01336E-04
3  980.000000    116.627000    1760.000000   89.581000     1920.000000   57.532000     4.63851E-02  4.70359E-04
3  980.000000    116.627000    1800.000000   73.849000     1960.000000   54.922000     3.78570E-02  3.85804E-04
3  980.000000    116.627000    1840.000000   69.746000     2000.000000   51.429000     2.68503E-02  2.77463E-04
3  980.000000    116.627000    1880.000000   67.320000     2040.000000   51.134000     1.92463E-02  1.99857E-04
3  980.000000    116.627000    1920.000000   57.532000     2080.000000   47.855000     1.42963E-02  1.50326E-04
3  980.000000    116.627000    1960.000000   54.922000     2120.000000   51.358000     9.00460E-03  1.02916E-04
3  980.000000    116.627000    2000.000000   51.429000     2160.000000   53.175000     7.45438E-03  9.98797E-05
3  980.000000    116.627000    2040.000000   51.134000     2200.000000   49.089000     5.91360E-03  8.20080E-05
3  980.000000    116.627000    2080.000000   47.855000     2240.000000   45.045000     5.07137E-03  7.03293E-05
3  980.000000    116.627000    2120.000000   51.358000     2280.000000   42.192000     5.52636E-03  7.66379E-05
3  980.000000    116.627000    2160.000000   53.175000     2320.000000   45.283000     6.56435E-03  8.79538E-05
3  980.000000    116.627000    2200.000000   49.089000     2360.000000   52.469000     6.91375E-03  9.26353E-05
3  980.000000    116.627000    2240.000000   45.045000     2400.000000   59.965000     6.84726E-03  9.17444E-05
3  1020.000000   114.295000    0.000000      94.302000     40.000000     87.181000     6.73928E-03  9.02976E-05
3  1020.000000   114.295000    680.000000    99.357000     720.000000    100.587000    2.26631E-02  2.34661E-04
3  1020.000000   114.295000    720.000000    100.587000    760.000000    98.622000     3.38123E-02  3.50732E-04
3  1020.000000   114.295000    760.000000    98.622000     800.000000    109.655000    4.93262E-02  5.00173E-04
3  1020.000000   114.295000    800.000000    109.655000    840.000000    115.365000    6.42166E-02  6.47650E-04
3  1020.000000   114.295000    840.000000    115.365000    880.000000    118.144000    7.26334E-02  7.31237E-04
3  1020.000000   114.295000    880.000000    118.144000    920.000000    132.008000    9.72451E-02  9.77449E-04
3  1020.000000   114.295000    920.000000    132.008000    960.000000    128.518000    1.29522E-01  1.30023E-03
3  1020.000000   114.295000    1080.000000   117.343000    1120.000000   134.172000    1.00351E-01  1.00814E-03
3  1020.000000   114.295000    1120.000000   134.172000    1160.000000   128.135000    5.07405E-02  5.14676E-04
3  1020.000000   114.295000    1160.000000   128.135000    1200.000000   123.583000    4.73424E-02  4.80658E-04
3  1020.000000   114.295000    1200.000000   123.583000    1240.000000   121.871000    5.29266E-02  5.34495E-04
3  1020.000000   114.295000    1240.000000   121.871000    1280.000000   129.599000    3.69126E-02  3.82891E-04
3  1020.000000   114.295000    1280.000000   129.599000    1320.000000   143.045000    3.31478E-02  3.43839E-04
3  1020.000000   114.295000    1320.000000   143.045000    1360.000000   150.159000    1.93169E-02  2.00457E-04
3  1020.000000   114.295000    2360.000000   52.469000     2400.000000   59.965000     1.21720E-03  2.63322E-05
3  1020.000000   114.295000    0.000000      94.302000     80.000000     87.439000     1.18920E-02  1.26065E-04
3  1020.000000   114.295000    40.000000     87.181000     120.000000    88.121000     9.62634E-03  1.04346E-04
3  1020.000000   114.295000    320.000000    113.072000    400.000000    115.247000    1.27627E-02  1.35295E-04
3  1020.000000   114.295000    360.000000    115.089000    440.000000    111.533000    1.57577E-02  1.65467E-04
3  1020.000000   114.295000    400.000000    115.247000    480.000000    120.110000    2.09808E-02  2.17724E-04
3  1020.000000   114.295000    440.000000    111.533000    520.000000    115.268000    1.82504E-02  1.90510E-04
3  1020.000000   114.295000    480.000000    120.110000    560.000000    123.811000    1.98752E-02  2.06251E-04
3  1020.000000   114.295000    520.000000    115.268000    600.000000    124.839000    2.49441E-02  2.57717E-04
3  1020.000000   114.295000    560.000000    123.811000    640.000000    115.456000    2.36992E-02  2.45389E-04
3  1020.000000   114.295000    600.000000    124.839000    680.000000    99.357000     3.25453E-02  3.37156E-04
3  1020.000000   114.295000    1360.000000   150.159000    1440.000000   178.173000    4.15517E-02  4.23416E-04
3  1020.000000   114.295000    1400.000000   160.896000    1480.000000   197.065000    2.58029E-02  2.66590E-04
3  1020.000000   114.295000    1440.000000   178.173000    1520.000000   178.674000    1.58568E-02  1.66507E-04
3  1020.000000   114.295000    1480.000000   197.065000    1560.000000   156.964000    1.77820E-02  1.85619E-04
3  1020.000000   114.295000    1520.000000   178.674000    1600.000000   137.193000    2.22949E-02  2.30848E-04
3  1020.000000   114.295000    1560.000000   156.964000    1640.000000   122.640000    3.00109E-02  3.10901E-04
3  1020.000000   114.295000    1600.000000   137.193000    1680.000000   100.508000    3.48017E-02  3.60995E-04
3  1020.000000   114.295000    1640.000000   122.640000    1720.000000   92.752000     3.47606E-02  3.60568E-04
3  1020.000000   114.295000    2280.000000   42.192000     2360.000000   52.469000     3.78153E-03  5.44192E-05
3  1020.000000   114.295000    2320.000000   45.283000     2400.000000   59.965000     2.57859E-03  4.03454E-05
3  1020.000000   114.295000    0.000000      94.302000     160.000000    96.899000     2.16822E-02  2.24506E-04
3  1020.000000   114.295000    40.000000     87.181000     200.000000    103.483000    1.94281E-02  2.01621E-04
3  1020.000000   114.295000    80.000000     87.439000     240.000000    107.360000    1.79590E-02  1.87479E-04
3  1020.000000   114.295000    120.000000    88.121000     280.000000    105.248000    2.10616E-02  2.18563E-04
3  1020.000000   114.295000    160.000000    96.899000     320.000000    113.072000    2.22342E-02  2.30220E-04
3  1020.000000   114.295000    200.000000    103.483000    360.000000    115.089000    2.40556E-02  2.49079E-04
3  1020.000000   114.295000    1680.000000   100.508000    1840.000000   69.746000     5.93286E-02  5.99148E-04
3  1020.000000   114.295000    1720.000000   92.752000     1880.000000   67.320000     5.28870E-02  5.34095E-04
3  1020.000000   114.295000    1760.000000   89.581000     1920.000000   57.532000     4.95651E-02  5.02600E-04
3  1020.000000   114.295000    1800.000000   73.849000     1960.000000   54.922000     4.03908E-02  4.11602E-04
3  1020.000000   114.295000    1840.000000   69.746000     2000.000000   51.429000     2.85981E-02  2.96291E-04
3  1020.000000   114.295000    1880.000000   67.320000     2040.000000   51.134000     2.04607E-02  2.12431E-04
3  1020.000000   114.295000    1920.000000   57.532000     2080.000000   47.855000     1.51570E-02  1.59358E-04
3  1020.000000   114.295000    1960.000000   54.922000     2120.000000   51.358000     9.49026E-03  1.08471E-04
3  1020.000000   114.295000    2000.000000   51.429000     2160.000000   53.175000     7.81957E-03  8.93675E-05
3  1020.000000   114.295000    2040.000000   51.134000     2200.000000   49.089000     6.16653E-03  8.26235E-05
3  1020.000000   114.295000    2080.000000   47.855000     2240.000000   45.045000     5.26949E-03  7.30762E-05
3  1020.000000   114.295000    2120.000000   51.358000     2280.000000   42.192000     5.75524E-03  7.98119E-05
3  1020.000000   114.295000    2160.000000   53.175000     2320.000000   45.283000     6.84789E-03  9.17528E-05
3  1020.000000   114.295000    2200.000000   49.089000     2360.000000   52.469000     7.21490E-03  9.66703E-05
3  1020.000000   114.295000    2240.000000   45.045000     2400.000000   59.965000     7.14493E-03  9.57328E-05
3  1060.000000   109.082000    0.000000      94.302000     40.000000     87.181000     6.52548E-03  8.74329E-05
3  1060.000000   109.082000    720.000000    100.587000    760.000000    98.622000     2.90912E-02  3.01373E-04
3  1060.000000   109.082000    760.000000    98.622000     800.000000    109.655000    4.08780E-02  4.16551E-04
3  1060.000000   109.082000    800.000000    109.655000    840.000000    115.365000    5.19121E-02  5.24250E-04
3  1060.000000   109.082000    840.000000    115.365000    880.000000    118.144000    5.62189E-02  5.67743E-04
3  1060.000000   109.082000    880.000000    118.144000    920.000000    132.008000    6.95122E-02  7.01058E-04
3  1060.000000   109.082000    920.000000    132.008000    960.000000    128.518000    7.51602E-02  7.56675E-04
3  1060.000000   109.082000    960.000000    128.518000    1000.000000   116.905000    1.47349E-01  1.47825E-03
3  1060.000000   109.082000    1120.000000   134.172000    1160.000000   128.135000    1.19440E-01  1.19902E-03
3  1060.000000   109.082000    1160.000000   128.135000    1200.000000   123.583000    8.16136E-02  8.21645E-04
3  1060.000000   109.082000    1200.000000   123.583000    1240.000000   121.871000    7.63885E-02  7.69041E-04
3  1060.000000   109.082000    1240.000000   121.871000    1280.000000   129.599000    4.90534E-02  4.97411E-04
3  1060.000000   109.082000    1280.000000   129.599000    1320.000000   143.045000    4.12978E-02  4.20833E-04
3  1060.000000   109.082000    1320.000000   143.045000    1360.000000   150.159000    2.34364E-02  2.42668E-04
3  1060.000000   109.082000    1360.000000   150.159000    1400.000000   160.896000    2.79379E-02  1.08848E-03
3  1060.000000   109.082000    2360.000000   52.469000     2400.000000   59.965000     1.29059E-03  2.79198E-05
3  1060.000000   109.082000    0.000000      94.302000     80.000000     87.439000     1.14885E-02  1.24468E-04
3  1060.000000   109.082000    40.000000     87.181000     120.000000    88.121000     9.25012E-03  1.05766E-04
3  1060.000000   109.082000    360.000000    115.089000    440.000000    111.533000    1.46186E-02  1.53507E-04
3  1060.000000   109.082000    400.000000    115.247000    480.000000    120.110000    1.93878E-02  2.01193E-04
3  1060.000000   109.082000    440.000000    111.533000    520.000000    115.268000    1.67893E-02  1.75257E-04
3  1060.000000   109.082000    480.000000    120.110000    560.000000    123.811000    1.81346E-02  1.89300E-04
3  1060.000000   109.082000    520.000000    115.268000    600.000000    124.839000    2.26371E-02  2.34391E-04
3  1060.000000   109.082000    560.000000    123.811000    640.000000    115.456000    2.13419E-02  2.21471E-04
3  1060.000000   109.082000    600.000000    124.839000    680.000000    99.357000     2.90677E-02  3.01130E-04
3  1060.000000   109.082000    640.000000    115.456000    720.000000    100.587000    3.81800E-02  3.89058E-04
3  1060.000000   109.082000    1400.000000   160.896000    1480.000000   197.065000    2.99048E-02  3.09805E-04
3  1060.000000   109.082000    1440.000000   178.173000    1520.000000   178.674000    1.80629E-02  1.88551E-04
3  1060.000000   109.082000    1480.000000   197.065000    1560.000000   156.964000    1.99847E-02  2.07387E-04
3  1060.000000   109.082000    1520.000000   178.674000    1600.000000   137.193000    2.48585E-02  2.56838E-04
3  1060.000000   109.082000    1560.000000   156.964000    1640.000000   122.640000    3.32077E-02  3.44473E-04
3  1060.000000   109.082000    1600.000000   137.193000    1680.000000   100.508000    3.83085E-02  3.90402E-04
3  1060.000000   109.082000    1640.000000   122.640000    1720.000000   92.752000     3.81198E-02  3.88490E-04
3  1060.000000   109.082000    1680.000000   100.508000    1760.000000   89.581000     3.06441E-02  3.17491E-04
3  1060.000000   109.082000    2280.000000   42.192000     2360.000000   52.469000     4.01680E-03  5.78054E-05
3  1060.000000   109.082000    2320.000000   45.283000     2400.000000   59.965000     2.73265E-03  4.27559E-05
3  1060.000000   109.082000    0.000000      94.302000     160.000000    96.899000     2.08441E-02  2.16326E-04
3  1060.000000   109.082000    40.000000     87.181000     200.000000    103.483000    1.85775E-02  1.93940E-04
3  1060.000000   109.082000    80.000000     87.439000     240.000000    107.360000    1.70966E-02  1.78499E-04
3  1060.000000   109.082000    120.000000    88.121000     280.000000    105.248000    1.99448E-02  2.06983E-04
3  1060.000000   109.082000    160.000000    96.899000     320.000000    113.072000    2.09708E-02  2.17620E-04
3  1060.000000   109.082000    200.000000    103.483000    360.000000    115.089000    2.26093E-02  2.34103E-04
3  1060.000000   109.082000    240.000000    107.360000    400.000000    115.247000    2.51315E-02  2.59654E-04
3  1060.000000   109.082000    1720.000000   92.752000     1880.000000   67.320000     5.73619E-02  5.79384E-04
3  1060.000000   109.082000    1760.000000   89.581000     1920.000000   57.532000     5.36526E-02  5.41945E-04
3  1060.000000   109.082000    1800.000000   73.849000     1960.000000   54.922000     4.36043E-02  4.44494E-04
3  1060.000000   109.082000    1840.000000   69.746000     2000.000000   51.429000     3.08448E-02  3.19669E-04
3  1060.000000   109.082000    1880.000000   67.320000     2040.000000   51.134000     2.20415E-02  2.28352E-04
3  1060.000000   109.082000    1920.000000   57.532000     2080.000000   47.855000     1.63074E-02  1.70300E-04
3  1060.000000   109.082000    1960.000000   54.922000     2120.000000   51.358000     1.01866E-02  1.10364E-04
3  1060.000000   109.082000    2000.000000   51.429000     2160.000000   53.175000     8.36510E-03  9.56031E-05
3  1060.000000   109.082000    2040.000000   51.134000     2200.000000   49.089000     6.58722E-03  8.82655E-05
3  1060.000000   109.082000    2080.000000   47.855000     2240.000000   45.045000     5.61307E-03  7.78449E-05
3  1060.000000   109.082000    2120.000000   51.358000     2280.000000   42.192000     6.11742E-03  8.19673E-05
3  1060.000000   109.082000    2160.000000   53.175000     2320.000000   45.283000     7.27740E-03  9.75092E-05
3  1060.000000   109.082000    2200.000000   49.089000     2360.000000   52.469000     7.66401E-03  1.02689E-04
3  1060.000000   109.082000    2240.000000   45.045000     2400.000000   59.965000     7.58855E-03  1.01677E-04
3  1100.000000   129.924000    0.000000      94.302000     40.000000     87.181000     6.26690E-03  8.39683E-05
3  1100.000000   129.924000    760.000000    98.622000     800.000000    109.655000    3.27429E-02  3.39203E-04
3  1100.000000   129.924000    800.000000    109.655000    840.000000    115.365000    4.01426E-02  4.09061E-04
3  1100.000000   129.924000    840.000000    115.365000    880.000000    118.144000    4.22346E-02  4.30375E-04
3  1100.000000   129.924000    880.000000    118.144000    920.000000    132.008000    4.96981E-02  5.03949E-04
3  1100.000000   129.924000    920.000000    132.008000    960.000000    128.518000    4.96843E-02  5.03809E-04
3  1100.000000   129.924000    960.000000    128.518000    1000.000000   116.905000    7.38469E-02  7.43454E-04
3  1100.000000   129.924000    1000.000000   116.905000    1040.000000   108.286000    9.95504E-02  1.00011E-03
3  1100.000000   129.924000    1160.000000   128.135000    1200.000000   123.583000    2.04645E-01  2.05146E-03
3  1100.000000   129.924000    1200.000000   123.583000    1240.000000   121.871000    1.38698E-01  1.39170E-03
3  1100.000000   129.924000    1240.000000   121.871000    1280.000000   129.599000    7.82535E-02  7.87981E-04
3  1100.000000   129.924000    1280.000000   129.599000    1320.000000   143.045000    6.00492E-02  6.06563E-04
3  1100.000000   129.924000    1320.000000   143.045000    1360.000000   150.159000    3.21605E-02  3.33212E-04
3  1100.000000   129.924000    1360.000000   150.159000    1400.000000   160.896000    3.72046E-02  3.86024E-04
3  1100.000000   129.924000    1400.000000   160.896000    1440.000000   178.173000    2.70067E-02  2.79079E-04
3  1100.000000   129.924000    2360.000000   52.469000     2400.000000   59.965000     1.44079E-03  3.11692E-05
3  1100.000000   129.924000    0.000000      94.302000     80.000000     87.439000     1.09805E-02  1.21430E-04
3  1100.000000   129.924000    40.000000     87.181000     120.000000    88.121000     8.76279E-03  1.04288E-04
3  1100.000000   129.924000    400.000000    115.247000    480.000000    120.110000    1.73823E-02  1.81449E-04
3  1100.000000   129.924000    440.000000    111.533000    520.000000    115.268000    1.49528E-02  1.57015E-04
3  1100.000000   129.924000    480.000000    120.110000    560.000000    123.811000    1.59352E-02  1.67332E-04
3  1100.000000   129.924000    520.000000    115.268000    600.000000    124.839000    1.97388E-02  2.04835E-04
3  1100.000000   129.924000    560.000000    123.811000    640.000000    115.456000    1.84270E-02  1.92352E-04
3  1100.000000   129.924000    600.000000    124.839000    680.000000    99.357000     2.48385E-02  2.57185E-04
3  1100.000000   129.924000    640.000000    115.456000    720.000000    100.587000    3.22424E-02  3.34018E-04
3  1100.000000   129.924000    680.000000    99.357000     760.000000    98.622000     4.08667E-02  4.16436E-04
3  1100.000000   129.924000    1440.000000   178.173000    1520.000000   178.674000    2.23160E-02  2.31073E-04
3  1100.000000   129.924000    1480.000000   197.065000    1560.000000   156.964000    2.41296E-02  2.49862E-04
3  1100.000000   129.924000    1520.000000   178.674000    1600.000000   137.193000    2.95964E-02  3.06639E-04
3  1100.000000   129.924000    1560.000000   156.964000    1640.000000   122.640000    3.90092E-02  3.97621E-04
3  1100.000000   129.924000    1600.000000   137.193000    1680.000000   100.508000    4.45950E-02  4.52345E-04
3  1100.000000   129.924000    1640.000000   122.640000    1720.000000   92.752000     4.40823E-02  4.47144E-04
3  1100.000000   129.924000    1680.000000   100.508000    1760.000000   89.581000     3.52374E-02  3.65588E-04
3  1100.000000   129.924000    1720.000000   92.752000     1800.000000   73.849000     3.39563E-02  3.52286E-04
3  1100.000000   129.924000    2280.000000   42.192000     2360.000000   52.469000     4.48214E-03  6.21574E-05
3  1100.000000   129.924000    2320.000000   45.283000     2400.000000   59.965000     3.04834E-03  4.38681E-05
3  1100.000000   129.924000    0.000000      94.302000     160.000000    96.899000     1.97914E-02  2.05613E-04
3  1100.000000   129.924000    40.000000     87.181000     200.000000    103.483000    1.74915E-02  1.83390E-04
3  1100.000000   129.924000    80.000000     87.439000     240.000000    107.360000    1.60004E-02  1.67135E-04
3  1100.000000   129.924000    120.000000    88.121000     280.000000    105.248000    1.85164E-02  1.93319E-04
3  1100.000000   129.924000    160.000000    96.899000     320.000000    113.072000    1.93387E-02  2.00730E-04
3  1100.000000   129.924000    200.000000    103.483000    360.000000    115.089000    2.07411E-02  2.15259E-04
3  1100.000000   129.924000    240.000000    107.360000    400.000000    115.247000    2.29536E-02  2.37689E-04
3  1100.000000   129.924000    280.000000    105.248000    440.000000    111.533000    2.41347E-02  2.49898E-04
3  1100.000000   129.924000    1760.000000   89.581000     1920.000000   57.532000     6.07044E-02  6.12319E-04
3  1100.000000   129.924000    1800.000000   73.849000     1960.000000   54.922000     4.90902E-02  4.98742E-04
3  1100.000000   129.924000    1840.000000   69.746000     2000.000000   51.429000     3.46640E-02  3.61702E-04
3  1100.000000   129.924000    1880.000000   67.320000     2040.000000   51.134000     2.47038E-02  2.61453E-04
3  1100.000000   129.924000    1920.000000   57.532000     2080.000000   47.855000     1.82218E-02  1.97707E-04
3  1100.000000   129.924000    1960.000000   54.922000     2120.000000   51.358000     1.13776E-02  1.23919E-04
3  1100.000000   129.924000    2000.000000   51.429000     2160.000000   53.175000     9.32957E-03  1.06627E-04
3  1100.000000   129.924000    2040.000000   51.134000     2200.000000   49.089000     7.37047E-03  9.87569E-05
3  1100.000000   129.924000    2080.000000   47.855000     2240.000000   45.045000     6.29220E-03  8.43117E-05
3  1100.000000   129.924000    2120.000000   51.358000     2280.000000   42.192000     6.82704E-03  9.14762E-05
3  1100.000000   129.924000    2160.000000   53.175000     2320.000000   45.283000     8.10939E-03  9.26782E-05
3  1100.000000   129.924000    2200.000000   49.089000     2360.000000   52.469000     8.54276E-03  9.76318E-05
3  1100.000000   129.924000    2240.000000   45.045000     2400.000000   59.965000     8.46557E-03  9.67505E-05
3  1140.000000   132.283000    0.000000      94.302000     40.000000     87.181000     5.88450E-03  8.16068E-05
3  1140.000000   132.283000    800.000000    109.655000    840.000000    115.365000    3.55196E-02  3.68441E-04
3  1140.000000   132.283000    880.000000    118.144000    920.000000    132.008000    4.21432E-02  4.29443E-04
3  1140.000000   132.283000    920.000000    132.008000    960.000000    128.518000    4.10954E-02  4.18766E-04
3  1140.000000   132.283000    960.000000    128.518000    1000.000000   116.905000    6.03885E-02  6.09857E-04
3  1140.000000   132.283000    1000.000000   116.905000    1040.000000   108.286000    6.07953E-02  6.13145E-04
3  1140.000000   132.283000    1040.000000   108.286000    1080.000000   117.343000    2.87917E-01  2.88507E-03
3  1140.000000   132.283000    1200.000000   123.583000    1240.000000   121.871000    2.10512E-01  2.11005E-03
3  1140.000000   132.283000    1240.000000   121.871000    1280.000000   129.599000    1.05419E-01  1.05904E-03
3  1140.000000   132.283000    1280.000000   129.599000    1320.000000   143.045000    7.46455E-02  7.51494E-04
3  1140.000000   132.283000    1360.000000   150.159000    1400.000000   160.896000    4.35874E-02  4.44164E-04
3  1140.000000   132.283000    1400.000000   160.896000    1440.000000   178.173000    3.12797E-02  3.24045E-04
3  1140.000000   132.283000    1440.000000   178.173000    1480.000000   197.065000    1.26420E-02  1.34015E-04
3  1140.000000   132.283000    2360.000000   52.469000     2400.000000   59.965000     1.48231E-03  3.20674E-05
3  1140.000000   132.283000    0.000000      94.302000     80.000000     87.439000     1.03490E-02  1.12121E-04
3  1140.000000   132.283000    40.000000     87.181000     120.000000    88.121000     8.31155E-03  9.49885E-05
3  1140.000000   132.283000    440.000000    111.533000    520.000000    115.268000    1.40696E-02  1.47741E-04
3  1140.000000   132.283000    480.000000    120.110000    560.000000    123.811000    1.49386E-02  1.56866E-04
3  1140.000000   132.283000    520.000000    115.268000    600.000000    124.839000    1.84508E-02  1.92601E-04
3  1140.000000   132.283000    560.000000    123.811000    640.000000    115.456000    1.71498E-02  1.79020E-04
3  1140.000000   132.283000    600.000000    124.839000    680.000000    99.357000     2.30130E-02  2.38284E-04
3  1140.000000   132.283000    640.000000    115.456000    720.000000    100.587000    2.97420E-02  3.08115E-04
3  1140.000000   132.283000    680.000000    99.357000     760.000000    98.622000     3.73650E-02  3.87583E-04
3  1140.000000   132.283000    720.000000    100.587000    800.000000    109.655000    5.13780E-02  5.20978E-04
3  1140.000000   132.283000    1480.000000   197.065000    1560.000000   156.964000    2.70938E-02  2.79928E-04
3  1140.000000   132.283000    1520.000000   178.674000    1600.000000   137.193000    3.29685E-02  3.41979E-04
3  1140.000000   132.283000    1560.000000   156.964000    1640.000000   122.640000    4.31297E-02  4.39500E-04
3  1140.000000   132.283000    1600.000000   137.193000    1680.000000   100.508000    4.90169E-02  4.97041E-04
3  1140.000000   132.283000    1640.000000   122.640000    1720.000000   92.752000     4.81913E-02  4.88669E-04
3  1140.000000   132.283000    1680.000000   100.508000    1760.000000   89.581000     3.83419E-02  3.90712E-04
3  1140.000000   132.283000    1720.000000   92.752000     1800.000000   73.849000     3.68050E-02  3.81775E-04
3  1140.000000   132.283000    1760.000000   89.581000     1840.000000   69.746000     4.16304E-02  4.24222E-04
3  1140.000000   132.283000    2280.000000   42.192000     2360.000000   52.469000     4.61511E-03  6.40010E-05
3  1140.000000   132.283000    2320.000000   45.283000     2400.000000   59.965000     3.14202E-03  4.52162E-05
3  1140.000000   132.283000    0.000000      94.302000     160.000000    96.899000     1.87171E-02  1.94298E-04
3  1140.000000   132.283000    40.000000     87.181000     200.000000    103.483000    1.66084E-02  1.73373E-04
3  1140.000000   132.283000    80.000000     87.439000     240.000000    107.360000    1.52098E-02  1.59715E-04
3  1140.000000   132.283000    120.000000    88.121000     280.000000    105.248000    1.76036E-02  1.83764E-04
3  1140.000000   132.283000    160.000000    96.899000     320.000000    113.072000    1.83879E-02  1.91944E-04
3  1140.000000   132.283000    200.000000    103.483000    360.000000    115.089000    1.97042E-02  2.04476E-04
3  1140.000000   132.283000    240.000000    107.360000    400.000000    115.247000    2.17761E-02  2.25476E-04
3  1140.000000   132.283000    280.000000    105.248000    440.000000    111.533000    2.28464E-02  2.36558E-04
3  1140.000000   132.283000    320.000000    113.072000    480.000000    120.110000    2.66169E-02  2.75000E-04
3  1140.000000   132.283000    1800.000000   73.849000     1960.000000   54.922000     5.28332E-02  5.33578E-04
3  1140.000000   132.283000    1840.000000   69.746000     2000.000000   51.429000     3.72933E-02  3.86877E-04
3  1140.000000   132.283000    1880.000000   67.320000     2040.000000   51.134000     2.65730E-02  2.74643E-04
3  1140.000000   132.283000    1920.000000   57.532000     2080.000000   47.855000     1.95867E-02  2.03388E-04
3  1140.000000   132.283000    1960.000000   54.922000     2120.000000   51.358000     1.21238E-02  1.28526E-04
3  1140.000000   132.283000    2000.000000   51.429000     2160.000000   53.175000     9.84457E-03  1.06657E-04
3  1140.000000   132.283000    2040.000000   51.134000     2200.000000   49.089000     7.71118E-03  8.81272E-05
3  1140.000000   132.283000    2080.000000   47.855000     2240.000000   45.045000     6.51881E-03  8.73436E-05
3  1140.000000   132.283000    2120.000000   51.358000     2280.000000   42.192000     7.07072E-03  9.47385E-05
3  1140.000000   132.283000    2160.000000   53.175000     2320.000000   45.283000     8.38032E-03  9.57745E-05
3  1140.000000   132.283000    2200.000000   49.089000     2360.000000   52.469000     8.81891E-03  1.00787E-04
3  1140.000000   132.283000    2240.000000   45.045000     2400.000000   59.965000     8.72582E-03  9.97230E-05
3  1180.000000   121.308000    0.000000      94.302000     40.000000     87.181000     5.67926E-03  7.87583E-05
3  1180.000000   121.308000    840.000000    115.365000    880.000000    118.144000    3.18020E-02  3.29456E-04
3  1180.000000   121.308000    880.000000    118.144000    920.000000    132.008000    3.62200E-02  3.75706E-04
3  1180.000000   121.308000    920.000000    132.008000    960.000000    128.518000    3.45064E-02  3.57931E-04
3  1180.000000   121.308000    960.000000    128.518000    1000.000000   116.905000    4.99996E-02  5.07006E-04
3  1180.000000   121.308000    1000.000000   116.905000    1040.000000   108.286000    4.45248E-02  4.51495E-04
3  1180.000000   121.308000    1040.000000   108.286000    1080.000000   117.343000    1.70832E-01  1.71321E-03
3  1180.000000   121.308000    1080.000000   117.343000    1120.000000   134.172000    1.85934E-01  1.86468E-03
3  1180.000000   121.308000    1240.000000   121.871000    1280.000000   129.599000    1.69318E-01  1.69804E-03
3  1180.000000   121.308000    1280.000000   129.599000    1320.000000   143.045000    1.04458E-01  1.04940E-03
3  1180.000000   121.308000    1320.000000   143.045000    1360.000000   150.159000    4.97519E-02  5.04494E-04
3  1180.000000   121.308000    1360.000000   150.159000    1400.000000   160.896000    5.46056E-02  5.51451E-04
3  1180.000000   121.308000    1400.000000   160.896000    1440.000000   178.173000    3.73891E-02  3.87833E-04
3  1180.000000   121.308000    1440.000000   178.173000    1480.000000   197.065000    1.49770E-02  1.57269E-04
3  1180.000000   121.308000    1480.000000   197.065000    1520.000000   178.674000    1.46840E-02  1.54192E-04
3  1180.000000   121.308000    2360.000000   52.469000     2400.000000   59.965000     1.55199E-03  2.42829E-05
3  1180.000000   121.308000    0.000000      94.302000     80.000000     87.439000     9.97625E-03  1.08083E-04
3  1180.000000   121.308000    40.000000     87.181000     120.000000    88.121000     7.98617E-03  9.12795E-05
3  1180.000000   121.308000    480.000000    120.110000    560.000000    123.811000    1.39775E-02  1.46775E-04
3  1180.000000   121.308000    520.000000    115.268000    600.000000    124.839000    1.72163E-02  1.79714E-04
3  1180.000000   121.308000    560.000000    123.811000    640.000000    115.456000    1.59335E-02  1.67314E-04
3  1180.000000   121.308000    600.000000    124.839000    680.000000    99.357000     2.12900E-02  2.20933E-04
3  1180.000000   121.308000    640.000000    115.456000    720.000000    100.587000    2.74026E-02  2.83118E-04
3  1180.000000   121.308000    680.000000    99.357000     760.000000    98.622000     3.41045E-02  3.53763E-04
3  1180.000000   121.308000    720.000000    100.587000    800.000000    109.655000    4.63069E-02  4.69557E-04
3  1180.000000   121.308000    760.000000    98.622000     840.000000    115.365000    5.75451E-02  5.81136E-04
3  1180.000000   121.308000    1520.000000   178.674000    1600.000000   137.193000    3.73669E-02  3.87603E-04
3  1180.000000   121.308000    1560.000000   156.964000    1640.000000   122.640000    4.83448E-02  4.90226E-04
3  1180.000000   121.308000    1600.000000   137.193000    1680.000000   100.508000    5.45084E-02  5.50469E-04
3  1180.000000   121.308000    1640.000000   122.640000    1720.000000   92.752000     5.32559E-02  5.37821E-04
3  1180.000000   121.308000    1680.000000   100.508000    1760.000000   89.581000     4.21530E-02  4.29548E-04
3  1180.000000   121.308000    1720.000000   92.752000     1800.000000   73.849000     4.02342E-02  4.09991E-04
3  1180.000000   121.308000    1760.000000   89.581000     1840.000000   69.746000     4.53088E-02  4.59436E-04
3  1180.000000   121.308000    1800.000000   73.849000     1880.000000   67.320000     3.63292E-02  3.76839E-04
3  1180.000000   121.308000    2280.000000   42.192000     2360.000000   52.469000     4.83606E-03  6.70650E-05
3  1180.000000   121.308000    2320.000000   45.283000     2400.000000   59.965000     3.29147E-03  4.73669E-05
3  1180.000000   121.308000    0.000000      94.302000     160.000000    96.899000     1.79894E-02  1.87809E-04
3  1180.000000   121.308000    40.000000     87.181000     200.000000    103.483000    1.59174E-02  1.67169E-04
3  1180.000000   121.308000    80.000000     87.439000     240.000000    107.360000    1.45437E-02  1.52786E-04
3  1180.000000   121.308000    120.000000    88.121000     280.000000    105.248000    1.67911E-02  1.75323E-04
3  1180.000000   121.308000    160.000000    96.899000     320.000000    113.072000    1.75087E-02  1.82766E-04
3  1180.000000   121.308000    200.000000    103.483000    360.000000    115.089000    1.87280E-02  1.94346E-04
3  1180.000000   121.308000    240.000000    107.360000    400.000000    115.247000    2.06567E-02  2.14361E-04
3  1180.000000   121.308000    280.000000    105.248000    440.000000    111.533000    2.16101E-02  2.24254E-04
3  1180.000000   121.308000    320.000000    113.072000    480.000000    120.110000    2.51036E-02  2.59365E-04
3  1180.000000   121.308000    360.000000    115.089000    520.000000    115.268000    2.49555E-02  2.57835E-04
3  1180.000000   121.308000    1840.000000   69.746000     2000.000000   51.429000     4.02797E-02  4.10454E-04
3  1180.000000   121.308000    1880.000000   67.320000     2040.000000   51.134000     2.86483E-02  2.96822E-04
3  1180.000000   121.308000    1920.000000   57.532000     2080.000000   47.855000     2.10558E-02  2.18620E-04
3  1180.000000   121.308000    1960.000000   54.922000     2120.000000   51.358000     1.29410E-02  1.37219E-04
3  1180.000000   121.308000    2000.000000   51.429000     2160.000000   53.175000     1.04361E-02  1.13081E-04
3  1180.000000   121.308000    2040.000000   51.134000     2200.000000   49.089000     8.12938E-03  9.29066E-05
3  1180.000000   121.308000    2080.000000   47.855000     2240.000000   45.045000     6.84209E-03  9.16751E-05
3  1180.000000   121.308000    2120.000000   51.358000     2280.000000   42.192000     7.41278E-03  9.93216E-05
3  1180.000000   121.308000    2160.000000   53.175000     2320.000000   45.283000     8.78418E-03  1.00390E-04
3  1180.000000   121.308000    2200.000000   49.089000     2360.000000   52.469000     9.24315E-03  1.05635E-04
3  1180.000000   121.308000    2240.000000   45.045000     2400.000000   59.965000     9.14343E-03  1.04496E-04
3  1220.000000   115.808000    0.000000      94.302000     40.000000     87.181000     5.49052E-03  7.61414E-05
3  1220.000000   115.808000    880.000000    118.144000    920.000000    132.008000    3.13246E-02  3.24510E-04
3  1220.000000   115.808000    920.000000    132.008000    960.000000    128.518000    2.93941E-02  3.04511E-04
3  1220.000000   115.808000    960.000000    128.518000    1000.000000   116.905000    4.19870E-02  4.27852E-04
3  1220.000000   115.808000    1000.000000   116.905000    1040.000000   108.286000    3.44957E-02  3.57820E-04
3  1220.000000   115.808000    1040.000000   108.286000    1080.000000   117.343000    1.16281E-01  1.16731E-03
3  1220.000000   115.808000    1080.000000   117.343000    1120.000000   134.172000    1.08444E-01  2.70951E-03
3  1220.000000   115.808000    1120.000000   134.172000    1160.000000   128.135000    1.48320E-01  1.48798E-03
3  1220.000000   115.808000    1280.000000   129.599000    1320.000000   143.045000    2.16270E-01  2.22903E-03
3  1220.000000   115.808000    1320.000000   143.045000    1360.000000   150.159000    8.02018E-02  8.07448E-04
3  1220.000000   115.808000    1360.000000   150.159000    1400.000000   160.896000    8.07039E-02  8.12583E-04
3  1220.000000   115.808000    1400.000000   160.896000    1440.000000   178.173000    5.08978E-02  5.16287E-04
3  1220.000000   115.808000    1440.000000   178.173000    1480.000000   197.065000    1.95832E-02  2.03305E-04
3  1220.000000   115.808000    1480.000000   197.065000    1520.000000   178.674000    1.82168E-02  1.90453E-04
3  1220.000000   115.808000    1520.000000   178.674000    1560.000000   156.964000    1.99024E-02  2.06706E-04
3  1220.000000   115.808000    2360.000000   52.469000     2400.000000   59.965000     1.66639E-03  2.60728E-05
3  1220.000000   115.808000    0.000000      94.302000     80.000000     87.439000     9.63749E-03  1.04413E-04
3  1220.000000   115.808000    40.000000     87.181000     120.000000    88.121000     7.70166E-03  8.80192E-05
3  1220.000000   115.808000    520.000000    115.268000    600.000000    124.839000    1.60312E-02  1.67343E-04
3  1220.000000   115.808000    560.000000    123.811000    640.000000    115.456000    1.47767E-02  1.55166E-04
3  1220.000000   115.808000    600.000000    124.839000    680.000000    99.357000     1.96624E-02  2.04043E-04
3  1220.000000   115.808000    640.000000    115.456000    720.000000    100.587000    2.51970E-02  2.60330E-04
3  1220.000000   115.808000    680.000000    99.357000     760.000000    98.622000     3.11345E-02  3.22541E-04
3  1220.000000   115.808000    720.000000    100.587000    800.000000    109.655000    4.18226E-02  4.26176E-04
3  1220.000000   115.808000    760.000000    98.622000     840.000000    115.365000    5.13623E-02  5.20819E-04
3  1220.000000   115.808000    800.000000    109.655000    880.000000    118.144000    5.56122E-02  5.61616E-04
3  1220.000000   115.808000    1600.000000   137.193000    1680.000000   100.508000    6.27651E-02  6.33011E-04
3  1220.000000   115.808000    1640.000000   122.640000    1720.000000   92.752000     6.07449E-02  6.12637E-04
3  1220.000000   115.808000    1680.000000   100.508000    1760.000000   89.581000     4.79100E-02  4.85812E-04
3  1220.000000   115.808000    1720.000000   92.752000     1800.000000   73.849000     4.53678E-02  4.60034E-04
3  1220.000000   115.808000    1760.000000   89.581000     1840.000000   69.746000     5.07838E-02  5.14953E-04
3  1220.000000   115.808000    1800.000000   73.849000     1880.000000   67.320000     4.06411E-02  4.14137E-04
3  1220.000000   115.808000    1840.000000   69.746000     1920.000000   57.532000     2.87191E-02  2.97518E-04
3  1220.000000   115.808000    2280.000000   42.192000     2360.000000   52.469000     5.19672E-03  7.20671E-05
3  1220.000000   115.808000    2320.000000   45.283000     2400.000000   59.965000     3.53665E-03  5.08952E-05
3  1220.000000   115.808000    0.000000      94.302000     160.000000    96.899000     1.73469E-02  1.81086E-04
3  1220.000000   115.808000    40.000000     87.181000     200.000000    103.483000    1.53121E-02  1.60800E-04
3  1220.000000   115.808000    80.000000     87.439000     240.000000    107.360000    1.39573E-02  1.46585E-04
3  1220.000000   115.808000    120.000000    88.121000     280.000000    105.248000    1.60608E-02  1.67683E-04
3  1220.000000   115.808000    160.000000    96.899000     320.000000    113.072000    1.67014E-02  1.74339E-04
3  1220.000000   115.808000    200.000000    103.483000    360.000000    115.089000    1.78245E-02  1.86063E-04
3  1220.000000   115.808000    240.000000    107.360000    400.000000    115.247000    1.96217E-02  2.03620E-04
3  1220.000000   115.808000    280.000000    105.248000    440.000000    111.533000    2.04620E-02  2.12340E-04
3  1220.000000   115.808000    320.000000    113.072000    480.000000    120.110000    2.36978E-02  2.45374E-04
3  1220.000000   115.808000    360.000000    115.089000    520.000000    115.268000    2.34996E-02  2.43322E-04
3  1220.000000   115.808000    400.000000    115.247000    560.000000    123.811000    2.75864E-02  2.85017E-04
3  1220.000000   115.808000    1880.000000   67.320000     2040.000000   51.134000     3.18734E-02  3.30212E-04
3  1220.000000   115.808000    1920.000000   57.532000     2080.000000   47.855000     2.33609E-02  2.41909E-04
3  1220.000000   115.808000    1960.000000   54.922000     2120.000000   51.358000     1.42679E-02  1.49823E-04
3  1220.000000   115.808000    2000.000000   51.429000     2160.000000   53.175000     1.14151E-02  1.23675E-04
3  1220.000000   115.808000    2040.000000   51.134000     2200.000000   49.089000     8.84155E-03  1.01046E-04
3  1220.000000   115.808000    2080.000000   47.855000     2240.000000   45.045000     7.39863E-03  9.91335E-05
3  1220.000000   115.808000    2120.000000   51.358000     2280.000000   42.192000     7.99222E-03  9.13391E-05
3  1220.000000   115.808000    2160.000000   53.175000     2320.000000   45.283000     9.45450E-03  1.08051E-04
3  1220.000000   115.808000    2200.000000   49.089000     2360.000000   52.469000     9.94219E-03  1.07714E-04
3  1220.000000   115.808000    2240.000000   45.045000     2400.000000   59.965000     9.82828E-03  1.06481E-04
3  1260.000000   129.079000    0.000000      94.302000     40.000000     87.181000     5.02981E-03  7.19489E-05
3  1260.000000   129.079000    920.000000    132.008000    960.000000    128.518000    2.38104E-02  2.46540E-04
3  1260.000000   129.079000    960.000000    128.518000    1000.000000   116.905000    3.34950E-02  3.47444E-04
3  1260.000000   129.079000    1000.000000   116.905000    1040.000000   108.286000    2.60122E-02  2.68755E-04
3  1260.000000   129.079000    1040.000000   108.286000    1080.000000   117.343000    7.66022E-02  7.71200E-04
3  1260.000000   129.079000    1080.000000   117.343000    1120.000000   134.172000    6.57651E-02  6.63267E-04
3  1260.000000   129.079000    1120.000000   134.172000    1160.000000   128.135000    7.77804E-02  7.83062E-04
3  1260.000000   129.079000    1160.000000   128.135000    1200.000000   123.583000    1.56177E-01  1.56683E-03
3  1260.000000   129.079000    1320.000000   143.045000    1360.000000   150.159000    1.91038E-01  1.91603E-03
3  1260.000000   129.079000    1360.000000   150.159000    1400.000000   160.896000    1.60312E-01  1.60857E-03
3  1260.000000   129.079000    1400.000000   160.896000    1440.000000   178.173000    8.94254E-02  8.99110E-04
3  1260.000000   129.079000    1440.000000   178.173000    1480.000000   197.065000    3.10145E-02  3.21320E-04
3  1260.000000   129.079000    1480.000000   197.065000    1520.000000   178.674000    2.69488E-02  2.78454E-04
3  1260.000000   129.079000    1520.000000   178.674000    1560.000000   156.964000    2.84830E-02  2.94318E-04
3  1260.000000   129.079000    1560.000000   156.964000    1600.000000   137.193000    3.39270E-02  3.52047E-04
3  1260.000000   129.079000    2360.000000   52.469000     2400.000000   59.965000     1.84869E-03  2.89252E-05
3  1260.000000   129.079000    0.000000      94.302000     80.000000     87.439000     8.83982E-03  1.01882E-04
3  1260.000000   129.079000    40.000000     87.181000     120.000000    88.121000     7.06049E-03  9.46049E-05
3  1260.000000   129.079000    560.000000    123.811000    640.000000    115.456000    1.30031E-02  1.37843E-04
3  1260.000000   129.079000    600.000000    124.839000    680.000000    99.357000     1.72116E-02  1.79667E-04
3  1260.000000   129.079000    640.000000    115.456000    720.000000    100.587000    2.19567E-02  2.27348E-04
3  1260.000000   129.079000    680.000000    99.357000     760.000000    98.622000     2.69100E-02  2.78031E-04
3  1260.000000   129.079000    720.000000    100.587000    800.000000    109.655000    3.57055E-02  3.70373E-04
3  1260.000000   129.079000    760.000000    98.622000     840.000000    115.365000    4.36429E-02  4.44730E-04
3  1260.000000   129.079000    800.000000    109.655000    880.000000    118.144000    4.70162E-02  4.76754E-04
3  1260.000000   129.079000    840.000000    115.365000    920.000000    132.008000    4.94107E-02  5.01034E-04
3  1260.000000   129.079000    1600.000000   137.193000    1680.000000   100.508000    8.21881E-02  8.28382E-04
3  1260.000000   129.079000    1640.000000   122.640000    1720.000000   92.752000     7.77063E-02  7.90397E-04
3  1260.000000   129.079000    1680.000000   100.508000    1760.000000   89.581000     6.02608E-02  6.16757E-04
3  1260.000000   129.079000    1720.000000   92.752000     1800.000000   73.849000     5.62317E-02  6.32303E-04
3  1260.000000   129.079000    1760.000000   89.581000     1840.000000   69.746000     6.22018E-02  6.70716E-04
3  1260.000000   129.079000    1800.000000   73.849000     1880.000000   67.320000     4.91279E-02  4.98196E-04
3  1260.000000   129.079000    1840.000000   69.746000     1920.000000   57.532000     3.44679E-02  3.57591E-04
3  1260.000000   129.079000    1880.000000   67.320000     1960.000000   54.922000     2.76467E-02  2.85767E-04
3  1260.000000   129.079000    2280.000000   42.192000     2360.000000   52.469000     5.77827E-03  8.01319E-05
3  1260.000000   129.079000    2320.000000   45.283000     2400.000000   59.965000     3.93608E-03  5.66433E-05
3  1260.000000   129.079000    0.000000      94.302000     160.000000    96.899000     1.58927E-02  1.66959E-04
3  1260.000000   129.079000    40.000000     87.181000     200.000000    103.483000    1.40147E-02  1.47191E-04
3  1260.000000   129.079000    80.000000     87.439000     240.000000    107.360000    1.27429E-02  1.35086E-04
3  1260.000000   129.079000    120.000000    88.121000     280.000000    105.248000    1.46179E-02  1.53503E-04
3  1260.000000   129.079000    160.000000    96.899000     320.000000    113.072000    1.51491E-02  1.59079E-04
3  1260.000000   129.079000    200.000000    103.483000    360.000000    115.089000    1.61239E-02  1.68314E-04
3  1260.000000   129.079000    240.000000    107.360000    400.000000    115.247000    1.76973E-02  1.84737E-04
3  1260.000000   129.079000    280.000000    105.248000    440.000000    111.533000    1.84017E-02  1.94055E-04
3  1260.000000   129.079000    320.000000    113.072000    480.000000    120.110000    2.12597E-02  2.31646E-04
3  1260.000000   129.079000    360.000000    115.089000    520.000000    115.268000    2.10304E-02  2.23223E-04
3  1260.000000   129.079000    400.000000    115.247000    560.000000    123.811000    2.46169E-02  2.55154E-04
3  1260.000000   129.079000    440.000000    111.533000    600.000000    124.839000    2.52718E-02  2.61106E-04
3  1260.000000   129.079000    1920.000000   57.532000     2080.000000   47.855000     2.75397E-02  2.85281E-04
3  1260.000000   129.079000    1960.000000   54.922000     2120.000000   51.358000     1.65369E-02  1.83596E-04
3  1260.000000   129.079000    2000.000000   51.429000     2160.000000   53.175000     1.30180E-02  1.38650E-04
3  1260.000000   129.079000    2040.000000   51.134000     2200.000000   49.089000     9.90021E-03  1.07263E-04
3  1260.000000   129.079000    2080.000000   47.855000     2240.000000   45.045000     8.18141E-03  9.35037E-05
3  1260.000000   129.079000    2120.000000   51.358000     2280.000000   42.192000     8.85979E-03  1.01255E-04
3  1260.000000   129.079000    2160.000000   53.175000     2320.000000   45.283000     1.05125E-02  1.13896E-04
3  1260.000000   129.079000    2200.000000   49.089000     2360.000000   52.469000     1.10623E-02  1.19850E-04
3  1260.000000   129.079000    2240.000000   45.045000     2400.000000   59.965000     1.09257E-02  1.18369E-04
3  1300.000000   136.311000    0.000000      94.302000     40.000000     87.181000     4.73041E-03  6.56647E-05
3  1300.000000   136.311000    960.000000    128.518000    1000.000000   116.905000    2.73350E-02  2.82422E-04
3  1300.000000   136.311000    1000.000000   116.905000    1040.000000   108.286000    1.99219E-02  2.06736E-04
3  1300.000000   136.311000    1040.000000   108.286000    1080.000000   117.343000    5.32209E-02  5.37473E-04
3  1300.000000   136.311000    1080.000000   117.343000    1120.000000   134.172000    4.33270E-02  4.41506E-04
3  1300.000000   136.311000    1120.000000   134.172000    1160.000000   128.135000    4.64612E-02  4.71126E-04
3  1300.000000   136.311000    1160.000000   128.135000    1200.000000   123.583000    7.69901E-02  7.75098E-04
3  1300.000000   136.311000    1200.000000   123.583000    1240.000000   121.871000    2.88863E-01  2.90703E-03
3  1300.000000   136.311000    1360.000000   150.159000    1400.000000   160.896000    4.34131E-01  4.76628E-03
3  1300.000000   136.311000    1400.000000   160.896000    1440.000000   178.173000    2.05476E-01  6.77863E-03
3  1300.000000   136.311000    1440.000000   178.173000    1480.000000   197.065000    6.00225E-02  6.06155E-04
3  1300.000000   136.311000    1480.000000   197.065000    1520.000000   178.674000    4.65781E-02  4.72307E-04
3  1300.000000   136.311000    1520.000000   178.674000    1560.000000   156.964000    4.56000E-02  4.62389E-04
3  1300.000000   136.311000    1560.000000   156.964000    1600.000000   137.193000    5.16083E-02  5.21182E-04
3  1300.000000   136.311000    1600.000000   137.193000    1640.000000   122.640000    6.06691E-02  6.11872E-04
3  1300.000000   136.311000    2360.000000   52.469000     2400.000000   59.965000     2.07811E-03  3.25147E-05
3  1300.000000   136.311000    0.000000      94.302000     80.000000     87.439000     8.29483E-03  9.47975E-05
3  1300.000000   136.311000    40.000000     87.181000     120.000000    88.121000     6.58761E-03  8.82720E-05
3  1300.000000   136.311000    600.000000    124.839000    680.000000    99.357000     1.49677E-02  1.57173E-04
3  1300.000000   136.311000    640.000000    115.456000    720.000000    100.587000    1.90251E-02  1.97429E-04
3  1300.000000   136.311000    680.000000    99.357000     760.000000    98.622000     2.31651E-02  2.39858E-04
3  1300.000000   136.311000    720.000000    100.587000    800.000000    109.655000    3.04648E-02  3.15603E-04
3  1300.000000   136.311000    760.000000    98.622000     840.000000    115.365000    3.69029E-02  3.82790E-04
3  1300.000000   136.311000    800.000000    109.655000    880.000000    118.144000    3.93920E-02  4.01412E-04
3  1300.000000   136.311000    840.000000    115.365000    920.000000    132.008000    4.09121E-02  4.16902E-04
3  1300.000000   136.311000    880.000000    118.144000    960.000000    128.518000    4.08516E-02  4.16286E-04
3  1300.000000   136.311000    1640.000000   122.640000    1720.000000   92.752000     1.06316E-01  1.06806E-03
3  1300.000000   136.311000    1680.000000   100.508000    1760.000000   89.581000     8.03809E-02  8.09235E-04
3  1300.000000   136.311000    1720.000000   92.752000     1800.000000   73.849000     7.31446E-02  7.36383E-04
3  1300.000000   136.311000    1760.000000   89.581000     1840.000000   69.746000     7.93251E-02  7.98605E-04
3  1300.000000   136.311000    1800.000000   73.849000     1880.000000   67.320000     6.17947E-02  6.23224E-04
3  1300.000000   136.311000    1840.000000   69.746000     1920.000000   57.532000     4.31966E-02  4.40178E-04
3  1300.000000   136.311000    1880.000000   67.320000     1960.000000   54.922000     3.43856E-02  3.56682E-04
3  1300.000000   136.311000    1920.000000   57.532000     2000.000000   51.429000     2.37187E-02  2.45593E-04
3  1300.000000   136.311000    2280.000000   42.192000     2360.000000   52.469000     6.49674E-03  8.70479E-05
3  1300.000000   136.311000    2320.000000   45.283000     2400.000000   59.965000     4.43500E-03  6.15032E-05
3  1300.000000   136.311000    0.000000      94.302000     160.000000    96.899000     1.48369E-02  1.57148E-04
3  1300.000000   136.311000    40.000000     87.181000     200.000000    103.483000    1.30099E-02  1.38287E-04
3  1300.000000   136.311000    80.000000     87.439000     240.000000    107.360000    1.17703E-02  1.24778E-04
3  1300.000000   136.311000    120.000000    88.121000     280.000000    105.248000    1.34115E-02  1.42174E-04
3  1300.000000   136.311000    160.000000    96.899000     320.000000    113.072000    1.38316E-02  1.45259E-04
3  1300.000000   136.311000    200.000000    103.483000    360.000000    115.089000    1.46584E-02  1.54006E-04
3  1300.000000   136.311000    240.000000    107.360000    400.000000    115.247000    1.60239E-02  1.67398E-04
3  1300.000000   136.311000    280.000000    105.248000    440.000000    111.533000    1.65531E-02  1.72799E-04
3  1300.000000   136.311000    320.000000    113.072000    480.000000    120.110000    1.89926E-02  1.97107E-04
3  1300.000000   136.311000    360.000000    115.089000    520.000000    115.268000    1.87023E-02  3.20161E-04
3  1300.000000   136.311000    400.000000    115.247000    560.000000    123.811000    2.17988E-02  2.25711E-04
3  1300.000000   136.311000    440.000000    111.533000    600.000000    124.839000    2.22883E-02  2.30780E-04
3  1300.000000   136.311000    480.000000    120.110000    640.000000    115.456000    2.15907E-02  2.24053E-04
3  1300.000000   136.311000    1960.000000   54.922000     2120.000000   51.358000     1.98181E-02  2.05678E-04
3  1300.000000   136.311000    2000.000000   51.429000     2160.000000   53.175000     1.52548E-02  1.60192E-04
3  1300.000000   136.311000    2040.000000   51.134000     2200.000000   49.089000     1.13328E-02  1.22780E-04
3  1300.000000   136.311000    2080.000000   47.855000     2240.000000   45.045000     9.17871E-03  1.04899E-04
3  1300.000000   136.311000    2120.000000   51.358000     2280.000000   42.192000     9.97412E-03  1.08060E-04
3  1300.000000   136.311000    2160.000000   53.175000     2320.000000   45.283000     1.18556E-02  1.25679E-04
3  1300.000000   136.311000    2200.000000   49.089000     2360.000000   52.469000     1.24692E-02  1.32183E-04
3  1300.000000   136.311000    2240.000000   45.045000     2400.000000   59.965000     1.22945E-02  1.30333E-04
3  1339.000000   148.189000    0.000000      94.302000     40.000000     87.181000     4.57734E-03  6.34804E-05
3  1339.000000   148.189000    1000.000000   116.905000    1040.000000   108.286000    1.79319E-02  1.87184E-04
3  1339.000000   148.189000    1040.000000   108.286000    1080.000000   117.343000    4.59592E-02  4.66035E-04
3  1339.000000   148.189000    1080.000000   117.343000    1120.000000   134.172000    3.69818E-02  3.83609E-04
3  1339.000000   148.189000    1120.000000   134.172000    1160.000000   128.135000    3.86530E-02  3.93878E-04
3  1339.000000   148.189000    1160.000000   128.135000    1200.000000   123.583000    6.05541E-02  6.10712E-04
3  1339.000000   148.189000    1200.000000   123.583000    1240.000000   121.871000    1.96729E-01  1.97292E-03
3  1339.000000   148.189000    1400.000000   160.896000    1440.000000   178.173000    3.01778E-01  3.02397E-03
3  1339.000000   148.189000    1440.000000   178.173000    1480.000000   197.065000    8.31765E-02  8.37379E-04
3  1339.000000   148.189000    1480.000000   197.065000    1520.000000   178.674000    6.16395E-02  6.21659E-04
3  1339.000000   148.189000    1520.000000   178.674000    1560.000000   156.964000    5.82360E-02  5.88114E-04
3  1339.000000   148.189000    1560.000000   156.964000    1600.000000   137.193000    6.38427E-02  6.43879E-04
3  1339.000000   148.189000    1600.000000   137.193000    1640.000000   122.640000    7.31013E-02  7.35947E-04
3  1339.000000   148.189000    1640.000000   122.640000    1680.000000   100.508000    6.59981E-02  6.65617E-04
3  1339.000000   148.189000    2360.000000   52.469000     2400.000000   59.965000     2.20170E-03  3.44485E-05
3  1339.000000   148.189000    0.000000      94.302000     80.000000     87.439000     8.00403E-03  9.14741E-05
3  1339.000000   148.189000    40.000000     87.181000     120.000000    88.121000     6.31971E-03  8.46923E-05
3  1339.000000   148.189000    640.000000    115.456000    720.000000    100.587000    1.78794E-02  1.86636E-04
3  1339.000000   148.189000    680.000000    99.357000     760.000000    98.622000     2.17178E-02  2.24873E-04
3  1339.000000   148.189000    720.000000    100.587000    800.000000    109.655000    2.84708E-02  2.94155E-04
3  1339.000000   148.189000    760.000000    98.622000     840.000000    115.365000    3.43821E-02  3.56642E-04
3  1339.000000   148.189000    800.000000    109.655000    880.000000    118.144000    3.65842E-02  3.79484E-04
3  1339.000000   148.189000    840.000000    115.365000    920.000000    132.008000    3.78620E-02  3.85818E-04
3  1339.000000   148.189000    880.000000    118.144000    960.000000    128.518000    3.76779E-02  3.90829E-04
3  1339.000000   148.189000    920.000000    132.008000    1000.000000   116.905000    4.29280E-02  4.37441E-04
3  1339.000000   148.189000    1680.000000   100.508000    1760.000000   89.581000     9.29921E-02  9.34701E-04
3  1339.000000   148.189000    1720.000000   92.752000     1800.000000   73.849000     8.36329E-02  8.40628E-04
3  1339.000000   148.189000    1760.000000   89.581000     1840.000000   69.746000     8.99803E-02  9.04428E-04
3  1339.000000   148.189000    1800.000000   73.849000     1880.000000   67.320000     6.95657E-02  7.01598E-04
3  1339.000000   148.189000    1840.000000   69.746000     1920.000000   57.532000     4.83890E-02  4.90669E-04
3  1339.000000   148.189000    1880.000000   67.320000     1960.000000   54.922000     3.83476E-02  3.90770E-04
3  1339.000000   148.189000    1920.000000   57.532000     2000.000000   51.429000     2.63624E-02  2.72371E-04
3  1339.000000   148.189000    1960.000000   54.922000     2040.000000   51.134000     1.38027E-02  1.44961E-04
3  1339.000000   148.189000    2280.000000   42.192000     2360.000000   52.469000     6.87487E-03  9.21143E-05
3  1339.000000   148.189000    2320.000000   45.283000     2400.000000   59.965000     4.70459E-03  6.52418E-05
3  1339.000000   148.189000    0.000000      94.302000     160.000000    96.899000     1.42668E-02  1.49816E-04
3  1339.000000   148.189000    40.000000     87.181000     200.000000    103.483000    1.24744E-02  1.32267E-04
3  1339.000000   148.189000    80.000000     87.439000     240.000000    107.360000    1.12789E-02  1.22268E-04
3  1339.000000   148.189000    120.000000    88.121000     280.000000    105.248000    1.28567E-02  1.36368E-04
3  1339.000000   148.189000    160.000000    96.899000     320.000000    113.072000    1.32586E-02  1.40561E-04
3  1339.000000   148.189000    200.000000    103.483000    360.000000    115.089000    1.40389E-02  1.47418E-04
3  1339.000000   148.189000    240.000000    107.360000    400.000000    115.247000    1.53210E-02  1.60881E-04
3  1339.000000   148.189000    280.000000    105.248000    440.000000    111.533000    1.57881E-02  1.65786E-04
3  1339.000000   148.189000    320.000000    113.072000    480.000000    120.110000    1.80716E-02  1.88642E-04
3  1339.000000   148.189000    360.000000    115.089000    520.000000    115.268000    1.77655E-02  1.85447E-04
3  1339.000000   148.189000    400.000000    115.247000    560.000000    123.811000    2.06827E-02  2.14631E-04
3  1339.000000   148.189000    440.000000    111.533000    600.000000    124.839000    2.11128E-02  2.19094E-04
3  1339.000000   148.189000    480.000000    120.110000    640.000000    115.456000    2.04094E-02  2.11794E-04
3  1339.000000   148.189000    520.000000    115.268000    680.000000    99.357000     2.58827E-02  2.67415E-04
3  1339.000000   148.189000    2000.000000   51.429000     2160.000000   53.175000     1.64849E-02  1.72084E-04
3  1339.000000   148.189000    2040.000000   51.134000     2200.000000   49.089000     1.20859E-02  1.28120E-04
3  1339.000000   148.189000    2080.000000   47.855000     2240.000000   45.045000     9.68291E-03  1.04905E-04
3  1339.000000   148.189000    2120.000000   51.358000     2280.000000   42.192000     1.05568E-02  1.14372E-04
3  1339.000000   148.189000    2160.000000   53.175000     2320.000000   45.283000     1.25653E-02  1.33202E-04
3  1339.000000   148.189000    2200.000000   49.089000     2360.000000   52.469000     1.32143E-02  1.40082E-04
3  1339.000000   148.189000    2240.000000   45.045000     2400.000000   59.965000     1.30181E-02  1.38002E-04
3  1380.000000   154.732000    0.000000      94.302000     40.000000     87.181000     4.20664E-03  6.05369E-05
3  1380.000000   154.732000    1040.000000   108.286000    1080.000000   117.343000    3.73251E-02  3.87170E-04
3  1380.000000   154.732000    1080.000000   117.343000    1120.000000   134.172000    2.98770E-02  3.09514E-04
3  1380.000000   154.732000    1120.000000   134.172000    1160.000000   128.135000    3.04990E-02  3.15957E-04
3  1380.000000   154.732000    1160.000000   128.135000    1200.000000   123.583000    4.43953E-02  4.50177E-04
3  1380.000000   154.732000    1200.000000   123.583000    1240.000000   121.871000    1.28631E-01  1.29129E-03
3  1380.000000   154.732000    1240.000000   121.871000    1280.000000   129.599000    1.90826E-01  1.91374E-03
3  1380.000000   154.732000    1440.000000   178.173000    1480.000000   197.065000    1.58378E-01  1.58890E-03
3  1380.000000   154.732000    1480.000000   197.065000    1520.000000   178.674000    1.01549E-01  1.02016E-03
3  1380.000000   154.732000    1520.000000   178.674000    1560.000000   156.964000    8.88221E-02  8.92786E-04
3  1380.000000   154.732000    1560.000000   156.964000    1600.000000   137.193000    9.10938E-02  9.15620E-04
3  1380.000000   154.732000    1600.000000   137.193000    1640.000000   122.640000    9.88858E-02  9.93407E-04
3  1380.000000   154.732000    1640.000000   122.640000    1680.000000   100.508000    8.63576E-02  8.68015E-04
3  1380.000000   154.732000    1680.000000   100.508000    1720.000000   92.752000     7.47883E-02  7.52931E-04
3  1380.000000   154.732000    2360.000000   52.469000     2400.000000   59.965000     2.40510E-03  3.76309E-05
3  1380.000000   154.732000    0.000000      94.302000     80.000000     87.439000     7.37253E-03  9.87823E-05
3  1380.000000   154.732000    40.000000     87.181000     120.000000    88.121000     5.84027E-03  8.09917E-05
3  1380.000000   154.732000    680.000000    99.357000     760.000000    98.622000     1.95820E-02  2.03208E-04
3  1380.000000   154.732000    720.000000    100.587000    800.000000    109.655000    2.55567E-02  2.64047E-04
3  1380.000000   154.732000    760.000000    98.622000     840.000000    115.365000    3.07632E-02  3.18694E-04
3  1380.000000   154.732000    800.000000    109.655000    880.000000    118.144000    3.25980E-02  3.37702E-04
3  1380.000000   154.732000    840.000000    115.365000    920.000000    132.008000    3.35752E-02  3.48272E-04
3  1380.000000   154.732000    880.000000    118.144000    960.000000    128.518000    3.32265E-02  3.44655E-04
3  1380.000000   154.732000    920.000000    132.008000    1000.000000   116.905000    3.75749E-02  3.89761E-04
3  1380.000000   154.732000    960.000000    128.518000    1040.000000   108.286000    3.71892E-02  3.85760E-04
3  1380.000000   154.732000    1720.000000   92.752000     1800.000000   73.849000     1.03143E-01  1.03618E-03
3  1380.000000   154.732000    1760.000000   89.581000     1840.000000   69.746000     1.09726E-01  1.10232E-03
3  1380.000000   154.732000    1800.000000   73.849000     1880.000000   67.320000     8.30974E-02  8.36583E-04
3  1380.000000   154.732000    1840.000000   69.746000     1920.000000   57.532000     5.72264E-02  5.77918E-04
3  1380.000000   154.732000    1880.000000   67.320000     1960.000000   54.922000     4.54182E-02  4.60550E-04
3  1380.000000   154.732000    1920.000000   57.532000     2000.000000   51.429000     3.11497E-02  3.22698E-04
3  1380.000000   154.732000    1960.000000   54.922000     2040.000000   51.134000     1.61588E-02  1.68680E-04
3  1380.000000   154.732000    2000.000000   51.429000     2080.000000   47.855000     1.27344E-02  1.35028E-04
3  1380.000000   154.732000    2280.000000   42.192000     2360.000000   52.469000     7.51465E-03  1.00687E-04
3  1380.000000   154.732000    2320.000000   45.283000     2400.000000   59.965000     5.15620E-03  7.15046E-05
3  1380.000000   154.732000    0.000000      94.302000     160.000000    96.899000     1.31769E-02  1.39692E-04
3  1380.000000   154.732000    40.000000     87.181000     200.000000    103.483000    1.15642E-02  1.22591E-04
3  1380.000000   154.732000    80.000000     87.439000     240.000000    107.360000    1.04742E-02  1.13477E-04
3  1380.000000   154.732000    120.000000    88.121000     280.000000    105.248000    1.19482E-02  1.26660E-04
3  1380.000000   154.732000    160.000000    96.899000     320.000000    113.072000    1.23181E-02  1.30582E-04
3  1380.000000   154.732000    200.000000    103.483000    360.000000    115.089000    1.30243E-02  1.38068E-04
3  1380.000000   154.732000    240.000000    107.360000    400.000000    115.247000    1.41836E-02  1.48939E-04
3  1380.000000   154.732000    280.000000    105.248000    440.000000    111.533000    1.45768E-02  1.53067E-04
3  1380.000000   154.732000    320.000000    113.072000    480.000000    120.110000    1.66342E-02  1.73638E-04
3  1380.000000   154.732000    360.000000    115.089000    520.000000    115.268000    1.63186E-02  1.70343E-04
3  1380.000000   154.732000    400.000000    115.247000    560.000000    123.811000    1.89701E-02  1.96858E-04
3  1380.000000   154.732000    440.000000    111.533000    600.000000    124.839000    1.93219E-02  2.00509E-04
3  1380.000000   154.732000    480.000000    120.110000    640.000000    115.456000    1.86257E-02  1.94426E-04
3  1380.000000   154.732000    520.000000    115.268000    680.000000    99.357000     2.35545E-02  2.43890E-04
3  1380.000000   154.732000    560.000000    123.811000    720.000000    100.587000    2.59420E-02  2.68028E-04
3  1380.000000   154.732000    2040.000000   51.134000     2200.000000   49.089000     1.34407E-02  1.42482E-04
3  1380.000000   154.732000    2080.000000   47.855000     2240.000000   45.045000     1.06029E-02  1.14872E-04
3  1380.000000   154.732000    2120.000000   51.358000     2280.000000   42.192000     1.15649E-02  1.22597E-04
3  1380.000000   154.732000    2160.000000   53.175000     2320.000000   45.283000     1.37629E-02  1.44520E-04
3  1380.000000   154.732000    2200.000000   49.089000     2360.000000   52.469000     1.44741E-02  1.51988E-04
3  1380.000000   154.732000    2240.000000   45.045000     2400.000000   59.965000     1.42396E-02  1.49526E-04
3  1420.000000   166.670000    0.000000      94.302000     40.000000     87.181000     4.07882E-03  5.86975E-05
3  1420.000000   166.670000    1080.000000   117.343000    1120.000000   134.172000    2.46171E-02  2.54893E-04
3  1420.000000   166.670000    1120.000000   134.172000    1160.000000   128.135000    2.46150E-02  2.54871E-04
3  1420.000000   166.670000    1160.000000   128.135000    1200.000000   123.583000    3.45488E-02  3.58371E-04
3  1420.000000   166.670000    1200.000000   123.583000    1240.000000   121.871000    9.07919E-02  9.12586E-04
3  1420.000000   166.670000    1240.000000   121.871000    1280.000000   129.599000    1.22460E-01  1.22934E-03
3  1420.000000   166.670000    1280.000000   129.599000    1320.000000   143.045000    2.23621E-01  2.24147E-03
3  1420.000000   166.670000    1320.000000   143.045000    1360.000000   150.159000    2.59322E-01  2.59854E-03
3  1420.000000   166.670000    1480.000000   197.065000    1520.000000   178.674000    1.70691E-01  1.71179E-03
3  1420.000000   166.670000    1520.000000   178.674000    1560.000000   156.964000    1.32758E-01  1.33272E-03
3  1420.000000   166.670000    1560.000000   156.964000    1600.000000   137.193000    1.26988E-01  1.27479E-03
3  1420.000000   166.670000    1600.000000   137.193000    1640.000000   122.640000    1.30190E-01  1.30694E-03
3  1420.000000   166.670000    1640.000000   122.640000    1680.000000   100.508000    1.10120E-01  1.10627E-03
3  1420.000000   166.670000    1680.000000   100.508000    1720.000000   92.752000     9.32504E-02  9.37297E-04
3  1420.000000   166.670000    2360.000000   52.469000     2400.000000   59.965000     2.64758E-03  4.14248E-05
3  1420.000000   166.670000    0.000000      94.302000     80.000000     87.439000     7.11260E-03  9.54127E-05
3  1420.000000   166.670000    40.000000     87.181000     120.000000    88.121000     5.57987E-03  7.76344E-05
3  1420.000000   166.670000    720.000000    100.587000    800.000000    109.655000    2.30796E-02  2.38973E-04
3  1420.000000   166.670000    760.000000    98.622000     840.000000    115.365000    2.77455E-02  2.86661E-04
3  1420.000000   166.670000    800.000000    109.655000    880.000000    118.144000    2.93345E-02  3.03894E-04
3  1420.000000   166.670000    840.000000    115.365000    920.000000    132.008000    3.00832E-02  3.11650E-04
3  1420.000000   166.670000    880.000000    118.144000    960.000000    128.518000    2.96262E-02  3.06916E-04
3  1420.000000   166.670000    920.000000    132.008000    1000.000000   116.905000    3.33225E-02  3.45651E-04
3  1420.000000   166.670000    960.000000    128.518000    1040.000000   108.286000    3.27250E-02  3.39018E-04
3  1420.000000   166.670000    1000.000000   116.905000    1080.000000   117.343000    4.47263E-02  4.53534E-04
3  1420.000000   166.670000    1760.000000   89.581000     1840.000000   69.746000     1.31144E-01  1.31652E-03
3  1420.000000   166.670000    1800.000000   73.849000     1880.000000   67.320000     9.81370E-02  9.86414E-04
3  1420.000000   166.670000    1840.000000   69.746000     1920.000000   57.532000     6.72161E-02  6.77901E-04
3  1420.000000   166.670000    1880.000000   67.320000     1960.000000   54.922000     5.28617E-02  5.33840E-04
3  1420.000000   166.670000    1920.000000   57.532000     2000.000000   51.429000     3.62185E-02  3.75691E-04
3  1420.000000   166.670000    1960.000000   54.922000     2040.000000   51.134000     1.86358E-02  1.94532E-04
3  1420.000000   166.670000    2000.000000   51.429000     2080.000000   47.855000     1.44816E-02  1.52074E-04
3  1420.000000   166.670000    2040.000000   51.134000     2120.000000   51.358000     9.90402E-03  1.07302E-04
3  1420.000000   166.670000    2280.000000   42.192000     2360.000000   52.469000     8.27221E-03  9.45390E-05
3  1420.000000   166.670000    2320.000000   45.283000     2400.000000   59.965000     5.68223E-03  7.87995E-05
3  1420.000000   166.670000    0.000000      94.302000     160.000000    96.899000     1.26156E-02  1.34185E-04
3  1420.000000   166.670000    40.000000     87.181000     200.000000    103.483000    1.09790E-02  1.19002E-04
3  1420.000000   166.670000    80.000000     87.439000     240.000000    107.360000    9.89041E-03  1.07231E-04
3  1420.000000   166.670000    120.000000    88.121000     280.000000    105.248000    1.12096E-02  1.21529E-04
3  1420.000000   166.670000    160.000000    96.899000     320.000000    113.072000    1.15101E-02  1.24812E-04
3  1420.000000   166.670000    200.000000    103.483000    360.000000    115.089000    1.21293E-02  1.28669E-04
3  1420.000000   166.670000    240.000000    107.360000    400.000000    115.247000    1.31690E-02  1.39660E-04
3  1420.000000   166.670000    280.000000    105.248000    440.000000    111.533000    1.34867E-02  1.42970E-04
3  1420.000000   166.670000    320.000000    113.072000    480.000000    120.110000    1.53390E-02  1.61070E-04
3  1420.000000   166.670000    360.000000    115.089000    520.000000    115.268000    1.50163E-02  1.57683E-04
3  1420.000000   166.670000    400.000000    115.247000    560.000000    123.811000    1.74343E-02  1.81991E-04
3  1420.000000   166.670000    440.000000    111.533000    600.000000    124.839000    1.77287E-02  1.85063E-04
3  1420.000000   166.670000    480.000000    120.110000    640.000000    115.456000    1.70524E-02  1.78005E-04
3  1420.000000   166.670000    520.000000    115.268000    680.000000    99.357000     2.15182E-02  2.23301E-04
3  1420.000000   166.670000    560.000000    123.811000    720.000000    100.587000    2.36413E-02  2.44789E-04
3  1420.000000   166.670000    600.000000    124.839000    760.000000    98.622000     2.93999E-02  3.04571E-04
3  1420.000000   166.670000    2080.000000   47.855000     2240.000000   45.045000     1.16988E-02  1.24017E-04
3  1420.000000   166.670000    2120.000000   51.358000     2280.000000   42.192000     1.27462E-02  1.35120E-04
3  1420.000000   166.670000    2160.000000   53.175000     2320.000000   45.283000     1.51649E-02  1.59242E-04
3  1420.000000   166.670000    2200.000000   49.089000     2360.000000   52.469000     1.59475E-02  1.67462E-04
3  1420.000000   166.670000    2240.000000   45.045000     2400.000000   59.965000     1.56803E-02  1.64654E-04
3  1460.000000   188.747000    0.000000      94.302000     40.000000     87.181000     3.81087E-03  5.48415E-05
3  1460.000000   188.747000    1120.000000   134.172000    1160.000000   128.135000    2.10618E-02  2.18565E-04
3  1460.000000   188.747000    1160.000000   128.135000    1200.000000   123.583000    2.87127E-02  2.97452E-04
3  1460.000000   188.747000    1200.000000   123.583000    1240.000000   121.871000    7.15430E-02  7.20266E-04
3  1460.000000   188.747000    1240.000000   121.871000    1280.000000   129.599000    9.08355E-02  9.13033E-04
3  1460.000000   188.747000    1280.000000   129.599000    1320.000000   143.045000    1.50472E-01  1.50960E-03
3  1460.000000   188.747000    1320.000000   143.045000    1360.000000   150.159000    1.50571E-01  1.51057E-03
3  1460.000000   188.747000    1360.000000   150.159000    1400.000000   160.896000    2.76260E-01  2.76826E-03
3  1460.000000   188.747000    1520.000000   178.674000    1560.000000   156.964000    2.32782E-01  2.33327E-03
3  1460.000000   188.747000    1560.000000   156.964000    1600.000000   137.193000    1.86280E-01  1.86813E-03
3  1460.000000   188.747000    1600.000000   137.193000    1640.000000   122.640000    1.73162E-01  1.73659E-03
3  1460.000000   188.747000    1640.000000   122.640000    1680.000000   100.508000    1.40534E-01  1.40988E-03
3  1460.000000   188.747000    1680.000000   100.508000    1720.000000   92.752000     1.16035E-01  1.16571E-03
3  1460.000000   188.747000    1720.000000   92.752000     1760.000000   89.581000     6.34291E-02  6.39708E-04
3  1460.000000   188.747000    1760.000000   89.581000     1800.000000   73.849000     8.74669E-02  8.79182E-04
3  1460.000000   188.747000    2360.000000   52.469000     2400.000000   59.965000     2.81954E-03  4.41154E-05
3  1460.000000   188.747000    0.000000      94.302000     80.000000     87.439000     6.67298E-03  8.96275E-05
3  1460.000000   188.747000    40.000000     87.181000     120.000000    88.121000     5.28006E-03  7.34604E-05
3  1460.000000   188.747000    760.000000    98.622000     840.000000    115.365000    2.55504E-02  2.63987E-04
3  1460.000000   188.747000    800.000000    109.655000    880.000000    118.144000    2.69294E-02  2.78232E-04
3  1460.000000   188.747000    840.000000    115.365000    920.000000    132.008000    2.74834E-02  2.83956E-04
3  1460.000000   188.747000    880.000000    118.144000    960.000000    128.518000    2.70174E-02  2.79141E-04
3  1460.000000   188.747000    920.000000    132.008000    1000.000000   116.905000    3.03124E-02  3.14030E-04
3  1460.000000   188.747000    960.000000    128.518000    1040.000000   108.286000    2.95598E-02  3.06228E-04
3  1460.000000   188.747000    1000.000000   116.905000    1080.000000   117.343000    3.93730E-02  4.01219E-04
3  1460.000000   188.747000    1040.000000   108.286000    1120.000000   134.172000    4.87004E-02  4.93837E-04
3  1460.000000   188.747000    1800.000000   73.849000     1880.000000   67.320000     1.13073E-01  1.13594E-03
3  1460.000000   188.747000    1840.000000   69.746000     1920.000000   57.532000     7.67768E-02  7.72966E-04
3  1460.000000   188.747000    1880.000000   67.320000     1960.000000   54.922000     6.02924E-02  6.08917E-04
3  1460.000000   188.747000    1920.000000   57.532000     2000.000000   51.429000     4.13666E-02  4.21555E-04
3  1460.000000   188.747000    1960.000000   54.922000     2040.000000   51.134000     2.10840E-02  2.18833E-04
3  1460.000000   188.747000    2000.000000   51.429000     2080.000000   47.855000     1.60354E-02  1.67485E-04
3  1460.000000   188.747000    2040.000000   51.134000     2120.000000   51.358000     1.08454E-02  1.17513E-04
3  1460.000000   188.747000    2080.000000   47.855000     2160.000000   53.175000     7.07006E-03  9.47317E-05
3  1460.000000   188.747000    2280.000000   42.192000     2360.000000   52.469000     8.81683E-03  1.00763E-04
3  1460.000000   188.747000    2320.000000   45.283000     2400.000000   59.965000     6.05756E-03  8.11634E-05
3  1460.000000   188.747000    0.000000      94.302000     160.000000    96.899000     1.19102E-02  1.26876E-04
3  1460.000000   188.747000    40.000000     87.181000     200.000000    103.483000    1.04326E-02  1.13045E-04
3  1460.000000   188.747000    80.000000     87.439000     240.000000    107.360000    9.42440E-03  1.07760E-04
3  1460.000000   188.747000    120.000000    88.121000     280.000000    105.248000    1.06811E-02  1.15862E-04
3  1460.000000   188.747000    160.000000    96.899000     320.000000    113.072000    1.09515E-02  1.18658E-04
3  1460.000000   188.747000    200.000000    103.483000    360.000000    115.089000    1.15138E-02  1.22061E-04
3  1460.000000   188.747000    240.000000    107.360000    400.000000    115.247000    1.24726E-02  1.32223E-04
3  1460.000000   188.747000    280.000000    105.248000    440.000000    111.533000    1.27298E-02  1.34970E-04
3  1460.000000   188.747000    320.000000    113.072000    480.000000    120.110000    1.44380E-02  1.51650E-04
3  1460.000000   188.747000    360.000000    115.089000    520.000000    115.268000    1.41080E-02  1.48188E-04
3  1460.000000   188.747000    400.000000    115.247000    560.000000    123.811000    1.63537E-02  1.70752E-04
3  1460.000000   188.747000    440.000000    111.533000    600.000000    124.839000    1.65982E-02  1.73262E-04
3  1460.000000   188.747000    480.000000    120.110000    640.000000    115.456000    1.59284E-02  1.67261E-04
3  1460.000000   188.747000    520.000000    115.268000    680.000000    99.357000     2.00594E-02  2.08164E-04
3  1460.000000   188.747000    560.000000    123.811000    720.000000    100.587000    2.19858E-02  2.27650E-04
3  1460.000000   188.747000    600.000000    124.839000    760.000000    98.622000     2.72752E-02  2.81805E-04
3  1460.000000   188.747000    640.000000    115.456000    800.000000    109.655000    3.49953E-02  3.63006E-04
3  1460.000000   188.747000    2120.000000   51.358000     2280.000000   42.192000     1.36520E-02  1.44722E-04
3  1460.000000   188.747000    2160.000000   53.175000     2320.000000   45.283000     1.61971E-02  1.69075E-04
3  1460.000000   188.747000    2200.000000   49.089000     2360.000000   52.469000     1.70188E-02  1.77652E-04
3  1460.000000   188.747000    2240.000000   45.045000     2400.000000   59.965000     1.67185E-02  1.74519E-04
3  1500.000000   190.443000    0.000000      94.302000     40.000000     87.181000     3.65472E-03  5.26090E-05
3  1500.000000   190.443000    1160.000000   128.135000    1200.000000   123.583000    2.68893E-02  2.77842E-04
3  1500.000000   190.443000    1200.000000   123.583000    1240.000000   121.871000    8.00743E-02  9.17916E-04
3  1500.000000   190.443000    1240.000000   121.871000    1280.000000   129.599000    8.29610E-02  8.38429E-04
3  1500.000000   190.443000    1280.000000   129.599000    1320.000000   143.045000    1.32273E-01  3.44115E-03
3  1500.000000   190.443000    1320.000000   143.045000    1360.000000   150.159000    1.29895E-01  1.30399E-03
3  1500.000000   190.443000    1360.000000   150.159000    1400.000000   160.896000    2.25529E-01  2.26950E-03
3  1500.000000   190.443000    1400.000000   160.896000    1440.000000   178.173000    3.79167E-01  3.81097E-03
3  1500.000000   190.443000    1560.000000   156.964000    1600.000000   137.193000    2.41665E-01  2.42243E-03
3  1500.000000   190.443000    1600.000000   137.193000    1640.000000   122.640000    2.06324E-01  2.06840E-03
3  1500.000000   190.443000    1640.000000   122.640000    1680.000000   100.508000    1.62248E-01  1.62830E-03
3  1500.000000   190.443000    1680.000000   100.508000    1720.000000   92.752000     1.31968E-01  1.32496E-03
3  1500.000000   190.443000    1720.000000   92.752000     1760.000000   89.581000     7.07607E-02  7.13664E-04
3  1500.000000   190.443000    1760.000000   89.581000     1800.000000   73.849000     9.77250E-02  9.82341E-04
3  1500.000000   190.443000    1800.000000   73.849000     1840.000000   69.746000     7.33676E-02  7.38694E-04
3  1500.000000   190.443000    2360.000000   52.469000     2400.000000   59.965000     2.91168E-03  4.19014E-05
3  1500.000000   190.443000    0.000000      94.302000     80.000000     87.439000     6.41986E-03  8.60788E-05
3  1500.000000   190.443000    40.000000     87.181000     120.000000    88.121000     5.06833E-03  7.43250E-05
3  1500.000000   190.443000    800.000000    109.655000    880.000000    118.144000    2.59628E-02  2.68300E-04
3  1500.000000   190.443000    840.000000    115.365000    920.000000    132.008000    2.64760E-02  2.73592E-04
3  1500.000000   190.443000    880.000000    118.144000    960.000000    128.518000    2.60003E-02  2.68672E-04
3  1500.000000   190.443000    920.000000    132.008000    1000.000000   116.905000    2.91292E-02  3.01822E-04
3  1500.000000   190.443000    960.000000    128.518000    1040.000000   108.286000    2.83353E-02  2.92780E-04
3  1500.000000   190.443000    1000.000000   116.905000    1080.000000   117.343000    3.74593E-02  3.88670E-04
3  1500.000000   190.443000    1040.000000   108.286000    1120.000000   134.172000    4.61689E-02  4.68282E-04
3  1500.000000   190.443000    1080.000000   117.343000    1160.000000   128.135000    4.00536E-02  4.08210E-04
3  1500.000000   190.443000    1840.000000   69.746000     1920.000000   57.532000     8.23846E-02  8.29539E-04
3  1500.000000   190.443000    1880.000000   67.320000     1960.000000   54.922000     6.46657E-02  6.52328E-04
3  1500.000000   190.443000    1920.000000   57.532000     2000.000000   51.429000     4.44448E-02  4.50790E-04
3  1500.000000   190.443000    1960.000000   54.922000     2040.000000   51.134000     2.25272E-02  2.33283E-04
3  1500.000000   190.443000    2000.000000   51.429000     2080.000000   47.855000     1.68595E-02  1.77345E-04
3  1500.000000   190.443000    2040.000000   51.134000     2120.000000   51.358000     1.13719E-02  1.23581E-04
3  1500.000000   190.443000    2080.000000   47.855000     2160.000000   53.175000     7.40417E-03  9.92233E-05
3  1500.000000   190.443000    2120.000000   51.358000     2200.000000   49.089000     5.66821E-03  7.86062E-05
3  1500.000000   190.443000    2280.000000   42.192000     2360.000000   52.469000     9.10718E-03  1.04082E-04
3  1500.000000   190.443000    2320.000000   45.283000     2400.000000   59.965000     6.25373E-03  8.37919E-05
3  1500.000000   190.443000    0.000000      94.302000     160.000000    96.899000     1.14455E-02  1.44205E-04
3  1500.000000   190.443000    40.000000     87.181000     200.000000    103.483000    1.00677E-02  1.20627E-04
3  1500.000000   190.443000    80.000000     87.439000     240.000000    107.360000    9.11471E-03  1.05916E-04
3  1500.000000   190.443000    120.000000    88.121000     280.000000    105.248000    1.03938E-02  1.12836E-04
3  1500.000000   190.443000    160.000000    96.899000     320.000000    113.072000    1.06692E-02  1.18883E-04
3  1500.000000   190.443000    200.000000    103.483000    360.000000    115.089000    1.11964E-02  1.27682E-04
3  1500.000000   190.443000    240.000000    107.360000    400.000000    115.247000    1.21077E-02  1.28407E-04
3  1500.000000   190.443000    280.000000    105.248000    440.000000    111.533000    1.23383E-02  1.30797E-04
3  1500.000000   190.443000    320.000000    113.072000    480.000000    120.110000    1.39898E-02  1.46957E-04
3  1500.000000   190.443000    360.000000    115.089000    520.000000    115.268000    1.36726E-02  1.45062E-04
3  1500.000000   190.443000    400.000000    115.247000    560.000000    123.811000    1.58567E-02  1.66644E-04
3  1500.000000   190.443000    440.000000    111.533000    600.000000    124.839000    1.60971E-02  1.68150E-04
3  1500.000000   190.443000    480.000000    120.110000    640.000000    115.456000    1.54498E-02  1.62343E-04
3  1500.000000   190.443000    520.000000    115.268000    680.000000    99.357000     1.94507E-02  2.01994E-04
3  1500.000000   190.443000    560.000000    123.811000    720.000000    100.587000    2.13079E-02  2.21221E-04
3  1500.000000   190.443000    600.000000    124.839000    760.000000    98.622000     2.64292E-02  2.73177E-04
3  1500.000000   190.443000    640.000000    115.456000    800.000000    109.655000    3.38861E-02  3.51623E-04
3  1500.000000   190.443000    680.000000    99.357000     840.000000    115.365000    4.06027E-02  4.13855E-04
3  1500.000000   190.443000    2160.000000   53.175000     2320.000000   45.283000     1.67461E-02  1.74834E-04
3  1500.000000   190.443000    2200.000000   49.089000     2360.000000   52.469000     1.75845E-02  1.83559E-04
3  1500.000000   190.443000    2240.000000   45.045000     2400.000000   59.965000     1.72711E-02  1.80290E-04
3  1540.000000   167.700000    0.000000      94.302000     40.000000     87.181000     3.97588E-03  5.72161E-05
3  1540.000000   167.700000    1200.000000   123.583000    1240.000000   121.871000    5.99283E-02  6.05216E-04
3  1540.000000   167.700000    1240.000000   121.871000    1280.000000   129.599000    7.32547E-02  7.37492E-04
3  1540.000000   167.700000    1320.000000   143.045000    1360.000000   150.159000    1.07010E-01  1.07502E-03
3  1540.000000   167.700000    1360.000000   150.159000    1400.000000   160.896000    1.80010E-01  1.80525E-03
3  1540.000000   167.700000    1400.000000   160.896000    1440.000000   178.173000    2.44639E-01  2.45211E-03
3  1540.000000   167.700000    1440.000000   178.173000    1480.000000   197.065000    1.89560E-01  1.90102E-03
3  1540.000000   167.700000    1600.000000   137.193000    1640.000000   122.640000    2.85681E-01  2.86267E-03
3  1540.000000   167.700000    1640.000000   122.640000    1680.000000   100.508000    2.07592E-01  2.08078E-03
3  1540.000000   167.700000    1680.000000   100.508000    1720.000000   92.752000     1.63189E-01  1.63716E-03
3  1540.000000   167.700000    1720.000000   92.752000     1760.000000   89.581000     8.47048E-02  8.51402E-04
3  1540.000000   167.700000    1800.000000   73.849000     1840.000000   69.746000     8.34454E-02  8.38743E-04
3  1540.000000   167.700000    1840.000000   69.746000     1880.000000   67.320000     5.52557E-02  5.58016E-04
3  1540.000000   167.700000    2360.000000   52.469000     2400.000000   59.965000     3.09921E-03  4.46001E-05
3  1540.000000   167.700000    0.000000      94.302000     80.000000     87.439000     6.92006E-03  1.00463E-04
3  1540.000000   167.700000    40.000000     87.181000     120.000000    88.121000     5.35057E-03  8.37568E-05
3  1540.000000   167.700000    840.000000    115.365000    920.000000    132.008000    2.50999E-02  2.59332E-04
3  1540.000000   167.700000    880.000000    118.144000    960.000000    128.518000    2.46075E-02  2.54796E-04
3  1540.000000   167.700000    920.000000    132.008000    1000.000000   116.905000    2.75025E-02  2.84156E-04
3  1540.000000   167.700000    960.000000    128.518000    1040.000000   108.286000    2.66901E-02  2.75759E-04
3  1540.000000   167.700000    1000.000000   116.905000    1080.000000   117.343000    3.49266E-02  3.62294E-04
3  1540.000000   167.700000    1040.000000   108.286000    1120.000000   134.172000    4.28370E-02  4.36518E-04
3  1540.000000   167.700000    1080.000000   117.343000    1160.000000   128.135000    3.70051E-02  3.83850E-04
3  1540.000000   167.700000    1120.000000   134.172000    1200.000000   123.583000    4.28351E-02  4.36498E-04
3  1540.000000   167.700000    1880.000000   67.320000     1960.000000   54.922000     7.21167E-02  7.26042E-04
3  1540.000000   167.700000    1920.000000   57.532000     2000.000000   51.429000     4.96266E-02  5.03229E-04
3  1540.000000   167.700000    1960.000000   54.922000     2040.000000   51.134000     2.48994E-02  2.58640E-04
3  1540.000000   167.700000    2000.000000   51.429000     2080.000000   47.855000     1.82084E-02  1.94145E-04
3  1540.000000   167.700000    2040.000000   51.134000     2120.000000   51.358000     1.23026E-02  1.30496E-04
3  1540.000000   167.700000    2080.000000   47.855000     2160.000000   53.175000     8.06492E-03  9.21707E-05
3  1540.000000   167.700000    2120.000000   51.358000     2200.000000   49.089000     6.10322E-03  8.17758E-05
3  1540.000000   167.700000    2160.000000   53.175000     2240.000000   45.045000     6.09701E-03  8.16920E-05
3  1540.000000   167.700000    2280.000000   42.192000     2360.000000   52.469000     9.70054E-03  1.05096E-04
3  1540.000000   167.700000    2320.000000   45.283000     2400.000000   59.965000     6.65313E-03  8.91433E-05
3  1540.000000   167.700000    0.000000      94.302000     160.000000    96.899000     1.20312E-02  1.28901E-04
3  1540.000000   167.700000    40.000000     87.181000     200.000000    103.483000    1.02209E-02  1.20147E-04
3  1540.000000   167.700000    80.000000     87.439000     240.000000    107.360000    9.02308E-03  1.23169E-04
3  1540.000000   167.700000    120.000000    88.121000     280.000000    105.248000    1.00538E-02  1.45628E-04
3  1540.000000   167.700000    160.000000    96.899000     320.000000    113.072000    1.02451E-02  1.35628E-04
3  1540.000000   167.700000    200.000000    103.483000    360.000000    115.089000    1.07988E-02  1.24216E-04
3  1540.000000   167.700000    240.000000    107.360000    400.000000    115.247000    1.16887E-02  1.31072E-04
3  1540.000000   167.700000    280.000000    105.248000    440.000000    111.533000    1.19397E-02  1.27111E-04
3  1540.000000   167.700000    320.000000    113.072000    480.000000    120.110000    1.35307E-02  1.43438E-04
3  1540.000000   167.700000    360.000000    115.089000    520.000000    115.268000    1.32091E-02  1.40027E-04
3  1540.000000   167.700000    400.000000    115.247000    560.000000    123.811000    1.52831E-02  1.60485E-04
3  1540.000000   167.700000    440.000000    111.533000    600.000000    124.839000    1.54793E-02  1.62545E-04
3  1540.000000   167.700000    480.000000    120.110000    640.000000    115.456000    1.48193E-02  1.55619E-04
3  1540.000000   167.700000    520.000000    115.268000    680.000000    99.357000     1.86269E-02  1.94448E-04
3  1540.000000   167.700000    560.000000    123.811000    720.000000    100.587000    2.03709E-02  2.11403E-04
3  1540.000000   167.700000    600.000000    124.839000    760.000000    98.622000     2.52211E-02  2.60589E-04
3  1540.000000   167.700000    640.000000    115.456000    800.000000    109.655000    3.22937E-02  3.34556E-04
3  1540.000000   167.700000    680.000000    99.357000     840.000000    115.365000    3.86305E-02  3.93660E-04
3  1540.000000   167.700000    720.000000    100.587000    880.000000    118.144000    4.42737E-02  4.48949E-04
3  1540.000000   167.700000    2200.000000   49.089000     2360.000000   52.469000     1.87279E-02  1.94345E-04
3  1540.000000   167.700000    2240.000000   45.045000     2400.000000   59.965000     1.83978E-02  1.92047E-04
3  1580.000000   147.237000    0.000000      94.302000     40.000000     87.181000     3.48941E-03  5.02199E-05
3  1580.000000   147.237000    1240.000000   121.871000    1280.000000   129.599000    6.12552E-02  6.17789E-04
3  1580.000000   147.237000    1280.000000   129.599000    1320.000000   143.045000    9.34238E-02  9.39059E-04
3  1580.000000   147.237000    1320.000000   143.045000    1360.000000   150.159000    8.52975E-02  8.57368E-04
3  1580.000000   147.237000    1360.000000   150.159000    1400.000000   160.896000    1.38990E-01  1.39439E-03
3  1580.000000   147.237000    1400.000000   160.896000    1440.000000   178.173000    1.73651E-01  1.74149E-03
3  1580.000000   147.237000    1440.000000   178.173000    1480.000000   197.065000    1.17499E-01  1.17954E-03
3  1580.000000   147.237000    1480.000000   197.065000    1520.000000   178.674000    2.23109E-01  2.23631E-03
3  1580.000000   147.237000    1640.000000   122.640000    1680.000000   100.508000    3.62360E-01  3.62925E-03
3  1580.000000   147.237000    1680.000000   100.508000    1720.000000   92.752000     2.57906E-01  2.58435E-03
3  1580.000000   147.237000    1720.000000   92.752000     1760.000000   89.581000     1.21462E-01  1.21932E-03
3  1580.000000   147.237000    1760.000000   89.581000     1800.000000   73.849000     1.59840E-01  1.60356E-03
3  1580.000000   147.237000    1800.000000   73.849000     1840.000000   69.746000     1.06580E-01  1.07070E-03
3  1580.000000   147.237000    1840.000000   69.746000     1880.000000   67.320000     6.78424E-02  6.84218E-04
3  1580.000000   147.237000    1880.000000   67.320000     1920.000000   57.532000     4.50484E-02  4.56795E-04
3  1580.000000   147.237000    2360.000000   52.469000     2400.000000   59.965000     3.30007E-03  4.74906E-05
3  1580.000000   147.237000    0.000000      94.302000     80.000000     87.439000     6.05159E-03  8.20529E-05
3  1580.000000   147.237000    40.000000     87.181000     120.000000    88.121000     4.70742E-03  6.68312E-05
3  1580.000000   147.237000    880.000000    118.144000    960.000000    128.518000    2.24529E-02  2.32484E-04
3  1580.000000   147.237000    920.000000    132.008000    1000.000000   116.905000    2.50339E-02  2.58648E-04
3  1580.000000   147.237000    960.000000    128.518000    1040.000000   108.286000    2.42318E-02  2.50903E-04
3  1580.000000   147.237000    1000.000000   116.905000    1080.000000   117.343000    3.14110E-02  3.25409E-04
3  1580.000000   147.237000    1040.000000   108.286000    1120.000000   134.172000    3.83219E-02  3.90512E-04
3  1580.000000   147.237000    1080.000000   117.343000    1160.000000   128.135000    3.29044E-02  3.41314E-04
3  1580.000000   147.237000    1120.000000   134.172000    1200.000000   123.583000    3.78177E-02  3.85370E-04
3  1580.000000   147.237000    1160.000000   128.135000    1240.000000   121.871000    7.36664E-02  7.41644E-04
3  1580.000000   147.237000    1920.000000   57.532000     2000.000000   51.429000     6.15757E-02  6.21022E-04
3  1580.000000   147.237000    1960.000000   54.922000     2040.000000   51.134000     3.02603E-02  3.13560E-04
3  1580.000000   147.237000    2000.000000   51.429000     2080.000000   47.855000     2.08981E-02  2.17004E-04
3  1580.000000   147.237000    2040.000000   51.134000     2120.000000   51.358000     1.39826E-02  1.46831E-04
3  1580.000000   147.237000    2080.000000   47.855000     2160.000000   53.175000     9.15015E-03  1.04572E-04
3  1580.000000   147.237000    2120.000000   51.358000     2200.000000   49.089000     6.74529E-03  9.03774E-05
3  1580.000000   147.237000    2160.000000   53.175000     2240.000000   45.045000     6.57079E-03  8.80400E-05
3  1580.000000   147.237000    2200.000000   49.089000     2280.000000   42.192000     9.66648E-03  1.04727E-04
3  1580.000000   147.237000    2280.000000   42.192000     2360.000000   52.469000     1.03492E-02  1.12123E-04
3  1580.000000   147.237000    2320.000000   45.283000     2400.000000   59.965000     7.08922E-03  9.49863E-05
3  1580.000000   147.237000    0.000000      94.302000     160.000000    96.899000     1.06797E-02  1.16687E-04
3  1580.000000   147.237000    40.000000     87.181000     200.000000    103.483000    9.23655E-03  1.06147E-04
3  1580.000000   147.237000    80.000000     87.439000     240.000000    107.360000    8.30191E-03  9.48784E-05
3  1580.000000   147.237000    120.000000    88.121000     280.000000    105.248000    9.37205E-03  1.09963E-04
3  1580.000000   147.237000    160.000000    96.899000     320.000000    113.072000    9.59846E-03  1.07408E-04
3  1580.000000   147.237000    200.000000    103.483000    360.000000    115.089000    1.00920E-02  1.11416E-04
3  1580.000000   147.237000    240.000000    107.360000    400.000000    115.247000    1.09283E-02  1.20289E-04
3  1580.000000   147.237000    280.000000    105.248000    440.000000    111.533000    1.11542E-02  1.20922E-04
3  1580.000000   147.237000    320.000000    113.072000    480.000000    120.110000    1.26336E-02  1.33926E-04
3  1580.000000   147.237000    360.000000    115.089000    520.000000    115.268000    1.23246E-02  1.30651E-04
3  1580.000000   147.237000    400.000000    115.247000    560.000000    123.811000    1.42417E-02  1.49549E-04
3  1580.000000   147.237000    440.000000    111.533000    600.000000    124.839000    1.44075E-02  1.51290E-04
3  1580.000000   147.237000    480.000000    120.110000    640.000000    115.456000    1.37735E-02  1.44633E-04
3  1580.000000   147.237000    520.000000    115.268000    680.000000    99.357000     1.72913E-02  1.80499E-04
3  1580.000000   147.237000    560.000000    123.811000    720.000000    100.587000    1.88827E-02  1.95951E-04
3  1580.000000   147.237000    600.000000    124.839000    760.000000    98.622000     2.33488E-02  2.41760E-04
3  1580.000000   147.237000    640.000000    115.456000    800.000000    109.655000    2.98351E-02  3.09080E-04
3  1580.000000   147.237000    680.000000    99.357000     840.000000    115.365000    3.56083E-02  3.69361E-04
3  1580.000000   147.237000    720.000000    100.587000    880.000000    118.144000    4.07096E-02  4.14839E-04
3  1580.000000   147.237000    760.000000    98.622000     920.000000    132.008000    4.45190E-02  4.51432E-04
3  1580.000000   147.237000    2240.000000   45.045000     2400.000000   59.965000     1.96380E-02  2.03789E-04
3  1620.000000   129.670000    0.000000      94.302000     40.000000     87.181000     3.02734E-03  5.43937E-05
3  1620.000000   129.670000    1280.000000   129.599000    1320.000000   143.045000    7.48579E-02  7.53632E-04
3  1620.000000   129.670000    1320.000000   143.045000    1360.000000   150.159000    6.69327E-02  6.75043E-04
3  1620.000000   129.670000    1360.000000   150.159000    1400.000000   160.896000    1.06719E-01  1.07210E-03
3  1620.000000   129.670000    1400.000000   160.896000    1440.000000   178.173000    1.26042E-01  1.26530E-03
3  1620.000000   129.670000    1440.000000   178.173000    1480.000000   197.065000    8.12969E-02  8.18457E-04
3  1620.000000   129.670000    1480.000000   197.065000    1520.000000   178.674000    1.39452E-01  1.39902E-03
3  1620.000000   129.670000    1520.000000   178.674000    1560.000000   156.964000    2.73352E-01  2.73912E-03
3  1620.000000   129.670000    1720.000000   92.752000     1760.000000   89.581000     2.21762E-01  2.22281E-03
3  1620.000000   129.670000    1760.000000   89.581000     1800.000000   73.849000     2.71999E-01  2.72557E-03
3  1620.000000   129.670000    1800.000000   73.849000     1840.000000   69.746000     1.62343E-01  1.62867E-03
3  1620.000000   129.670000    1840.000000   69.746000     1880.000000   67.320000     9.72710E-02  9.77710E-04
3  1620.000000   129.670000    1880.000000   67.320000     1920.000000   57.532000     6.35232E-02  6.40657E-04
3  1620.000000   129.670000    1920.000000   57.532000     1960.000000   54.922000     6.09533E-02  6.14738E-04
3  1620.000000   129.670000    2360.000000   52.469000     2400.000000   59.965000     3.70431E-03  5.33080E-05
3  1620.000000   129.670000    0.000000      94.302000     80.000000     87.439000     5.33103E-03  7.88635E-05
3  1620.000000   129.670000    40.000000     87.181000     120.000000    88.121000     4.24710E-03  6.11209E-05
3  1620.000000   129.670000    920.000000    132.008000    1000.000000   116.905000    2.20496E-02  2.28308E-04
3  1620.000000   129.670000    960.000000    128.518000    1040.000000   108.286000    2.12778E-02  2.20806E-04
3  1620.000000   129.670000    1000.000000   116.905000    1080.000000   117.343000    2.73067E-02  2.82127E-04
3  1620.000000   129.670000    1040.000000   108.286000    1120.000000   134.172000    3.31333E-02  3.43688E-04
3  1620.000000   129.670000    1080.000000   117.343000    1160.000000   128.135000    2.82827E-02  2.92211E-04
3  1620.000000   129.670000    1120.000000   134.172000    1200.000000   123.583000    3.22827E-02  3.34436E-04
3  1620.000000   129.670000    1160.000000   128.135000    1240.000000   121.871000    6.16926E-02  6.22195E-04
3  1620.000000   129.670000    1200.000000   123.583000    1280.000000   129.599000    9.35678E-02  9.40487E-04
3  1620.000000   129.670000    1960.000000   54.922000     2040.000000   51.134000     4.10992E-02  4.18805E-04
3  1620.000000   129.670000    2000.000000   51.429000     2080.000000   47.855000     2.60782E-02  2.69440E-04
3  1620.000000   129.670000    2040.000000   51.134000     2120.000000   51.358000     1.71807E-02  1.79344E-04
3  1620.000000   129.670000    2080.000000   47.855000     2160.000000   53.175000     1.12238E-02  1.21599E-04
3  1620.000000   129.670000    2120.000000   51.358000     2200.000000   49.089000     7.95991E-03  9.09698E-05
3  1620.000000   129.670000    2160.000000   53.175000     2240.000000   45.045000     7.46884E-03  1.00073E-04
3  1620.000000   129.670000    2200.000000   49.089000     2280.000000   42.192000     1.09208E-02  1.18316E-04
3  1620.000000   129.670000    2240.000000   45.045000     2320.000000   45.283000     1.41720E-02  1.48816E-04
3  1620.000000   129.670000    2280.000000   42.192000     2360.000000   52.469000     1.16552E-02  1.23554E-04
3  1620.000000   129.670000    2320.000000   45.283000     2400.000000   59.965000     7.95401E-03  9.09024E-05
3  1620.000000   129.670000    0.000000      94.302000     160.000000    96.899000     9.55795E-03  1.05479E-04
3  1620.000000   129.670000    40.000000     87.181000     200.000000    103.483000    8.41117E-03  9.66940E-05
3  1620.000000   129.670000    80.000000     87.439000     240.000000    107.360000    7.60012E-03  1.02155E-04
3  1620.000000   129.670000    120.000000    88.121000     280.000000    105.248000    8.60485E-03  9.93241E-05
3  1620.000000   129.670000    200.000000    103.483000    360.000000    115.089000    9.23153E-03  1.10413E-04
3  1620.000000   129.670000    240.000000    107.360000    400.000000    115.247000    9.98417E-03  1.13347E-04
3  1620.000000   129.670000    280.000000    105.248000    440.000000    111.533000    1.01642E-02  1.11481E-04
3  1620.000000   129.670000    320.000000    113.072000    480.000000    120.110000    1.14918E-02  1.24737E-04
3  1620.000000   129.670000    360.000000    115.089000    520.000000    115.268000    1.11942E-02  1.21295E-04
3  1620.000000   129.670000    400.000000    115.247000    560.000000    123.811000    1.29047E-02  1.36803E-04
3  1620.000000   129.670000    440.000000    111.533000    600.000000    124.839000    1.30267E-02  1.38093E-04
3  1620.000000   129.670000    480.000000    120.110000    640.000000    115.456000    1.24221E-02  1.31684E-04
3  1620.000000   129.670000    520.000000    115.268000    680.000000    99.357000     1.55682E-02  1.63477E-04
3  1620.000000   129.670000    560.000000    123.811000    720.000000    100.587000    1.69651E-02  1.77092E-04
3  1620.000000   129.670000    600.000000    124.839000    760.000000    98.622000     2.09389E-02  2.17289E-04
3  1620.000000   129.670000    640.000000    115.456000    800.000000    109.655000    2.66962E-02  2.75822E-04
3  1620.000000   129.670000    680.000000    99.357000     840.000000    115.365000    3.17677E-02  3.29101E-04
3  1620.000000   129.670000    720.000000    100.587000    880.000000    118.144000    3.62294E-02  3.75804E-04
3  1620.000000   129.670000    760.000000    98.622000     920.000000    132.008000    3.95084E-02  4.02598E-04
3  1620.000000   129.670000    800.000000    109.655000    960.000000    128.518000    3.98743E-02  4.06327E-04
3  1620.000000   129.670000    0.000000      94.302000     320.000000    113.072000    1.83522E-02  1.94730E-04
3  1660.000000   112.450000    0.000000      94.302000     40.000000     87.181000     2.88583E-03  4.51615E-05
3  1660.000000   112.450000    1360.000000   150.159000    1400.000000   160.896000    8.14876E-02  8.20385E-04
3  1660.000000   112.450000    1400.000000   160.896000    1440.000000   178.173000    9.26199E-02  9.30987E-04
3  1660.000000   112.450000    1440.000000   178.173000    1480.000000   197.065000    5.78049E-02  5.83766E-04
3  1660.000000   112.450000    1480.000000   197.065000    1520.000000   178.674000    9.53258E-02  1.08405E-03
3  1660.000000   112.450000    1520.000000   178.674000    1560.000000   156.964000    1.77718E-01  1.78272E-03
3  1660.000000   112.450000    1560.000000   156.964000    1600.000000   137.193000    4.44225E-01  4.45127E-03
3  1660.000000   112.450000    1720.000000   92.752000     1760.000000   89.581000     4.23808E-01  4.24469E-03
3  1660.000000   112.450000    1760.000000   89.581000     1800.000000   73.849000     4.38681E-01  1.59132E-02
3  1660.000000   112.450000    1840.000000   69.746000     1880.000000   67.320000     1.41188E-01  1.41644E-03
3  1660.000000   112.450000    1880.000000   67.320000     1920.000000   57.532000     9.02407E-02  9.07054E-04
3  1660.000000   112.450000    1920.000000   57.532000     1960.000000   54.922000     8.56847E-02  8.61260E-04
3  1660.000000   112.450000    1960.000000   54.922000     2000.000000   51.429000     3.62573E-02  3.76093E-04
3  1660.000000   112.450000    2360.000000   52.469000     2400.000000   59.965000     4.13991E-03  5.95762E-05
3  1660.000000   112.450000    0.000000      94.302000     80.000000     87.439000     5.03491E-03  6.98236E-05
3  1660.000000   112.450000    40.000000     87.181000     120.000000    88.121000     3.94444E-03  5.67688E-05
3  1660.000000   112.450000    960.000000    128.518000    1040.000000   108.286000    1.83912E-02  1.91982E-04
3  1660.000000   112.450000    1000.000000   116.905000    1080.000000   117.343000    2.33836E-02  2.42128E-04
3  1660.000000   112.450000    1040.000000   108.286000    1120.000000   134.172000    2.82215E-02  2.91587E-04
3  1660.000000   112.450000    1080.000000   117.343000    1160.000000   128.135000    2.39348E-02  2.47830E-04
3  1660.000000   112.450000    1120.000000   134.172000    1200.000000   123.583000    2.71521E-02  2.80533E-04
3  1660.000000   112.450000    1160.000000   128.135000    1240.000000   121.871000    5.03875E-02  5.10949E-04
3  1660.000000   112.450000    1200.000000   123.583000    1280.000000   129.599000    7.55864E-02  7.60989E-04
3  1660.000000   112.450000    1240.000000   121.871000    1320.000000   143.045000    9.98062E-02  1.00267E-03
3  1660.000000   112.450000    2000.000000   51.429000     2080.000000   47.855000     3.28862E-02  3.41125E-04
3  1660.000000   112.450000    2040.000000   51.134000     2120.000000   51.358000     2.12311E-02  2.20321E-04
3  1660.000000   112.450000    2080.000000   47.855000     2160.000000   53.175000     1.37720E-02  1.44616E-04
3  1660.000000   112.450000    2120.000000   51.358000     2200.000000   49.089000     9.40145E-03  1.07444E-04
3  1660.000000   112.450000    2160.000000   53.175000     2240.000000   45.045000     8.48249E-03  9.69421E-05
3  1660.000000   112.450000    2200.000000   49.089000     2280.000000   42.192000     1.23020E-02  1.30411E-04
3  1660.000000   112.450000    2240.000000   45.045000     2320.000000   45.283000     1.59396E-02  1.67377E-04
3  1660.000000   112.450000    2280.000000   42.192000     2360.000000   52.469000     1.30729E-02  1.38583E-04
3  1660.000000   112.450000    2320.000000   45.283000     2400.000000   59.965000     8.89179E-03  1.01620E-04
3  1660.000000   112.450000    0.000000      94.302000     160.000000    96.899000     8.90503E-03  1.02659E-04
3  1660.000000   112.450000    40.000000     87.181000     200.000000    103.483000    7.72615E-03  8.85896E-05
3  1660.000000   112.450000    80.000000     87.439000     240.000000    107.360000    6.92901E-03  9.28570E-05
3  1660.000000   112.450000    120.000000    88.121000     280.000000    105.248000    7.80708E-03  8.92638E-05
3  1660.000000   112.450000    240.000000    107.360000    400.000000    115.247000    9.03255E-03  1.03297E-04
3  1660.000000   112.450000    280.000000    105.248000    440.000000    111.533000    9.17490E-03  1.04866E-04
3  1660.000000   112.450000    320.000000    113.072000    480.000000    120.110000    1.03498E-02  1.12147E-04
3  1660.000000   112.450000    360.000000    115.089000    520.000000    115.268000    1.00643E-02  1.09056E-04
3  1660.000000   112.450000    400.000000    115.247000    560.000000    123.811000    1.15727E-02  1.22697E-04
3  1660.000000   112.450000    440.000000    111.533000    600.000000    124.839000    1.16533E-02  1.23548E-04
3  1660.000000   112.450000    480.000000    120.110000    640.000000    115.456000    1.10814E-02  1.20066E-04
3  1660.000000   112.450000    520.000000    115.268000    680.000000    99.357000     1.38584E-02  1.45537E-04
3  1660.000000   112.450000    560.000000    123.811000    720.000000    100.587000    1.50653E-02  1.58208E-04
3  1660.000000   112.450000    600.000000    124.839000    760.000000    98.622000     1.85480E-02  1.93628E-04
3  1660.000000   112.450000    640.000000    115.456000    800.000000    109.655000    2.35821E-02  2.44197E-04
3  1660.000000   112.450000    680.000000    99.357000     840.000000    115.365000    2.79650E-02  2.88951E-04
3  1660.000000   112.450000    720.000000    100.587000    880.000000    118.144000    3.17987E-02  3.29444E-04
3  1660.000000   112.450000    760.000000    98.622000     920.000000    132.008000    3.45614E-02  3.58523E-04
3  1660.000000   112.450000    800.000000    109.655000    960.000000    128.518000    3.47630E-02  3.60611E-04
3  1660.000000   112.450000    840.000000    115.365000    1000.000000   116.905000    3.68223E-02  3.81969E-04
3  1660.000000   112.450000    0.000000      94.302000     320.000000    113.072000    1.68774E-02  1.79668E-04
3  1660.000000   112.450000    40.000000     87.181000     360.000000    115.089000    1.60851E-02  1.69193E-04
3  1699.000000   97.504000     0.000000      94.302000     40.000000     87.181000     2.70513E-03  6.53789E-05
3  1699.000000   97.504000     1360.000000   150.159000    1400.000000   160.896000    6.02409E-02  6.08373E-04
3  1699.000000   97.504000     1400.000000   160.896000    1440.000000   178.173000    6.61970E-02  6.67630E-04
3  1699.000000   97.504000     1440.000000   178.173000    1480.000000   197.065000    4.01443E-02  4.09078E-04
3  1699.000000   97.504000     1480.000000   197.065000    1520.000000   178.674000    6.35654E-02  6.41082E-04
3  1699.000000   97.504000     1760.000000   89.581000     1800.000000   73.849000     1.03013E+00  1.03279E-02
3  1699.000000   97.504000     1800.000000   73.849000     1840.000000   69.746000     4.74646E-01  4.81305E-03
3  1699.000000   97.504000     1840.000000   69.746000     1880.000000   67.320000     2.50030E-01  2.50615E-03
3  1699.000000   97.504000     1880.000000   67.320000     1920.000000   57.532000     1.50510E-01  1.50996E-03
3  1699.000000   97.504000     1920.000000   57.532000     1960.000000   54.922000     1.38788E-01  1.39236E-03
3  1699.000000   97.504000     1960.000000   54.922000     2000.000000   51.429000     5.81172E-02  5.86914E-04
3  1699.000000   97.504000     2000.000000   51.429000     2040.000000   51.134000     2.82202E-02  2.91565E-04
3  1699.000000   97.504000     2360.000000   52.469000     2400.000000   59.965000     4.81719E-03  6.68033E-05
3  1699.000000   97.504000     0.000000      94.302000     80.000000     87.439000     4.71582E-03  7.85005E-05
3  1699.000000   97.504000     40.000000     87.181000     120.000000    88.121000     3.66988E-03  5.28129E-05
3  1699.000000   97.504000     1000.000000   116.905000    1080.000000   117.343000    1.91403E-02  1.98632E-04
3  1699.000000   97.504000     1040.000000   108.286000    1120.000000   134.172000    2.29791E-02  2.37942E-04
3  1699.000000   97.504000     1080.000000   117.343000    1160.000000   128.135000    1.93726E-02  2.01037E-04
3  1699.000000   97.504000     1120.000000   134.172000    1200.000000   123.583000    2.18393E-02  2.26135E-04
3  1699.000000   97.504000     1160.000000   128.135000    1240.000000   121.871000    4.02758E-02  4.10435E-04
3  1699.000000   97.504000     1200.000000   123.583000    1280.000000   129.599000    5.97641E-02  6.03576E-04
3  1699.000000   97.504000     1240.000000   121.871000    1320.000000   143.045000    7.70298E-02  7.75521E-04
3  1699.000000   97.504000     1280.000000   129.599000    1360.000000   150.159000    8.46140E-02  8.50523E-04
3  1699.000000   97.504000     2040.000000   51.134000     2120.000000   51.358000     2.85737E-02  2.95218E-04
3  1699.000000   97.504000     2080.000000   47.855000     2160.000000   53.175000     1.81109E-02  1.89052E-04
3  1699.000000   97.504000     2120.000000   51.358000     2200.000000   49.089000     1.17610E-02  1.24676E-04
3  1699.000000   97.504000     2160.000000   53.175000     2240.000000   45.045000     1.00917E-02  1.09333E-04
3  1699.000000   97.504000     2200.000000   49.089000     2280.000000   42.192000     1.44693E-02  1.51938E-04
3  1699.000000   97.504000     2240.000000   45.045000     2320.000000   45.283000     1.87229E-02  1.94293E-04
3  1699.000000   97.504000     2280.000000   42.192000     2360.000000   52.469000     1.53127E-02  1.60794E-04
3  1699.000000   97.504000     2320.000000   45.283000     2400.000000   59.965000     1.03610E-02  1.12251E-04
3  1699.000000   97.504000     0.000000      94.302000     160.000000    96.899000     8.25290E-03  9.61199E-05
3  1699.000000   97.504000     40.000000     87.181000     200.000000    103.483000    7.07211E-03  9.50633E-05
3  1699.000000   97.504000     80.000000     87.439000     240.000000    107.360000    6.25597E-03  8.40684E-05
3  1699.000000   97.504000     120.000000    88.121000     280.000000    105.248000    6.92716E-03  9.63658E-05
3  1699.000000   97.504000     280.000000    105.248000    440.000000    111.533000    7.96228E-03  9.11227E-05
3  1699.000000   97.504000     320.000000    113.072000    480.000000    120.110000    8.95268E-03  1.02316E-04
3  1699.000000   97.504000     360.000000    115.089000    520.000000    115.268000    8.68178E-03  9.92206E-05
3  1699.000000   97.504000     400.000000    115.247000    560.000000    123.811000    9.94801E-03  1.07780E-04
3  1699.000000   97.504000     440.000000    111.533000    600.000000    124.839000    9.98463E-03  1.08177E-04
3  1699.000000   97.504000     480.000000    120.110000    640.000000    115.456000    9.45999E-03  1.08117E-04
3  1699.000000   97.504000     520.000000    115.268000    680.000000    99.357000     1.18033E-02  1.25130E-04
3  1699.000000   97.504000     560.000000    123.811000    720.000000    100.587000    1.27978E-02  1.35676E-04
3  1699.000000   97.504000     600.000000    124.839000    760.000000    98.622000     1.57077E-02  1.64953E-04
3  1699.000000   97.504000     640.000000    115.456000    800.000000    109.655000    1.99119E-02  2.06648E-04
3  1699.000000   97.504000     680.000000    99.357000     840.000000    115.365000    2.35239E-02  2.43590E-04
3  1699.000000   97.504000     720.000000    100.587000    880.000000    118.144000    2.66751E-02  2.75626E-04
3  1699.000000   97.504000     760.000000    98.622000     920.000000    132.008000    2.89286E-02  2.99706E-04
3  1699.000000   97.504000     800.000000    109.655000    960.000000    128.518000    2.89522E-02  2.99945E-04
3  1699.000000   97.504000     840.000000    115.365000    1000.000000   116.905000    3.05770E-02  3.16778E-04
3  1699.000000   97.504000     880.000000    118.144000    1040.000000   108.286000    2.94726E-02  3.05330E-04
3  1699.000000   97.504000     0.000000      94.302000     320.000000    113.072000    1.52574E-02  1.67407E-04
3  1699.000000   97.504000     40.000000     87.181000     360.000000    115.089000    1.43723E-02  1.52290E-04
3  1699.000000   97.504000     80.000000     87.439000     400.000000    115.247000    1.41163E-02  1.48577E-04
3  1782.000000   77.489000     0.000000      94.302000     40.000000     87.181000     2.12025E-03  3.31792E-05
3  1782.000000   77.489000     1440.000000   178.173000    1480.000000   197.065000    2.12981E-02  2.21019E-04
3  1782.000000   77.489000     1480.000000   197.065000    1520.000000   178.674000    3.14683E-02  3.26005E-04
3  1782.000000   77.489000     1520.000000   178.674000    1560.000000   156.964000    5.19219E-02  5.24370E-04
3  1782.000000   77.489000     1560.000000   156.964000    1600.000000   137.193000    1.06920E-01  1.07419E-03
3  1782.000000   77.489000     1600.000000   137.193000    1640.000000   122.640000    2.30302E-01  2.30850E-03
3  1782.000000   77.489000     1640.000000   122.640000    1680.000000   100.508000    4.42116E-01  8.38637E-03
3  1782.000000   77.489000     1680.000000   100.508000    1720.000000   92.752000     8.44897E-01  8.47009E-03
3  1782.000000   77.489000     1880.000000   67.320000     1920.000000   57.532000     3.68938E-01  3.69514E-03
3  1782.000000   77.489000     1920.000000   57.532000     1960.000000   54.922000     3.22957E-01  3.38843E-03
3  1782.000000   77.489000     1960.000000   54.922000     2000.000000   51.429000     1.31173E-01  1.31681E-03
3  1782.000000   77.489000     2000.000000   51.429000     2040.000000   51.134000     5.23713E-02  5.28893E-04
3  1782.000000   77.489000     2040.000000   51.134000     2080.000000   47.855000     2.96647E-02  3.07314E-04
3  1782.000000   77.489000     2080.000000   47.855000     2120.000000   51.358000     1.82162E-02  1.90152E-04
3  1782.000000   77.489000     2360.000000   52.469000     2400.000000   59.965000     6.08815E-03  8.15733E-05
3  1782.000000   77.489000     0.000000      94.302000     80.000000     87.439000     3.67559E-03  5.29222E-05
3  1782.000000   77.489000     40.000000     87.181000     120.000000    88.121000     2.83213E-03  4.45273E-05
3  1782.000000   77.489000     1080.000000   117.343000    1160.000000   128.135000    1.30950E-02  1.38832E-04
3  1782.000000   77.489000     1120.000000   134.172000    1200.000000   123.583000    1.46121E-02  1.53450E-04
3  1782.000000   77.489000     1160.000000   128.135000    1240.000000   121.871000    2.63527E-02  2.72326E-04
3  1782.000000   77.489000     1200.000000   123.583000    1280.000000   129.599000    3.83873E-02  3.91282E-04
3  1782.000000   77.489000     1240.000000   121.871000    1320.000000   143.045000    4.85486E-02  4.92428E-04
3  1782.000000   77.489000     1280.000000   129.599000    1360.000000   150.159000    5.21298E-02  5.26547E-04
3  1782.000000   77.489000     1320.000000   143.045000    1400.000000   160.896000    5.93910E-02  5.99861E-04
3  1782.000000   77.489000     1360.000000   150.159000    1440.000000   178.173000    7.21221E-02  7.26176E-04
3  1782.000000   77.489000     2120.000000   51.358000     2200.000000   49.089000     1.74521E-02  1.82175E-04
3  1782.000000   77.489000     2160.000000   53.175000     2240.000000   45.045000     1.34175E-02  1.42236E-04
3  1782.000000   77.489000     2200.000000   49.089000     2280.000000   42.192000     1.87117E-02  1.94177E-04
3  1782.000000   77.489000     2240.000000   45.045000     2320.000000   45.283000     2.40623E-02  2.49148E-04
3  1782.000000   77.489000     2280.000000   42.192000     2360.000000   52.469000     1.95280E-02  2.02648E-04
3  1782.000000   77.489000     2320.000000   45.283000     2400.000000   59.965000     1.31082E-02  1.38957E-04
3  1782.000000   77.489000     0.000000      94.302000     160.000000    96.899000     6.39874E-03  8.57450E-05
3  1782.000000   77.489000     40.000000     87.181000     200.000000    103.483000    5.41013E-03  8.18390E-05
3  1782.000000   77.489000     80.000000     87.439000     240.000000    107.360000    4.76159E-03  7.05534E-05
3  1782.000000   77.489000     120.000000    88.121000     280.000000    105.248000    5.25066E-03  7.92676E-05
3  1782.000000   77.489000     360.000000    115.089000    520.000000    115.268000    6.52780E-03  8.74660E-05
3  1782.000000   77.489000     400.000000    115.247000    560.000000    123.811000    7.45291E-03  9.98630E-05
3  1782.000000   77.489000     440.000000    111.533000    600.000000    124.839000    7.44937E-03  9.98156E-05
3  1782.000000   77.489000     480.000000    120.110000    640.000000    115.456000    7.02273E-03  9.40983E-05
3  1782.000000   77.489000     520.000000    115.268000    680.000000    99.357000     8.72688E-03  9.97395E-05
3  1782.000000   77.489000     560.000000    123.811000    720.000000    100.587000    9.41690E-03  1.07627E-04
3  1782.000000   77.489000     600.000000    124.839000    760.000000    98.622000     1.15145E-02  1.22073E-04
3  1782.000000   77.489000     640.000000    115.456000    800.000000    109.655000    1.45206E-02  1.52497E-04
3  1782.000000   77.489000     680.000000    99.357000     840.000000    115.365000    1.70473E-02  1.77972E-04
3  1782.000000   77.489000     720.000000    100.587000    880.000000    118.144000    1.92265E-02  1.99550E-04
3  1782.000000   77.489000     760.000000    98.622000     920.000000    132.008000    2.07137E-02  2.14977E-04
3  1782.000000   77.489000     800.000000    109.655000    960.000000    128.518000    2.06203E-02  2.14016E-04
3  1782.000000   77.489000     840.000000    115.365000    1000.000000   116.905000    2.16485E-02  2.24183E-04
3  1782.000000   77.489000     880.000000    118.144000    1040.000000   108.286000    2.07493E-02  2.15340E-04
3  1782.000000   77.489000     920.000000    132.008000    1080.000000   117.343000    2.42981E-02  2.51619E-04
3  1782.000000   77.489000     960.000000    128.518000    1120.000000   134.172000    2.63210E-02  2.71972E-04
3  1782.000000   77.489000     0.000000      94.302000     320.000000    113.072000    1.16868E-02  1.50819E-04
3  1782.000000   77.489000     40.000000     87.181000     360.000000    115.089000    1.09437E-02  1.36469E-04
3  1782.000000   77.489000     80.000000     87.439000     400.000000    115.247000    1.07126E-02  1.21651E-04
3  1782.000000   77.489000     120.000000    88.121000     440.000000    111.533000    1.12680E-02  1.23011E-04
3  1782.000000   77.489000     160.000000    96.899000     480.000000    120.110000    1.20356E-02  1.28137E-04
3  1860.000000   68.218000     0.000000      94.302000     40.000000     87.181000     1.41571E-03  3.16788E-05
3  1860.000000   68.218000     1520.000000   178.674000    1560.000000   156.964000    2.18984E-02  2.26789E-04
3  1860.000000   68.218000     1560.000000   156.964000    1600.000000   137.193000    4.12721E-02  1.43539E-03
3  1860.000000   68.218000     1600.000000   137.193000    1640.000000   122.640000    8.47336E-02  8.53318E-04
3  1860.000000   68.218000     1640.000000   122.640000    1680.000000   100.508000    1.40966E-01  1.44131E-03
3  1860.000000   68.218000     1680.000000   100.508000    1720.000000   92.752000     2.34377E-01  2.83999E-03
3  1860.000000   68.218000     1720.000000   92.752000     1760.000000   89.581000     2.57825E-01  2.65797E-03
3  1860.000000   68.218000     1760.000000   89.581000     1800.000000   73.849000     6.73282E-01  6.74339E-03
3  1860.000000   68.218000     1920.000000   57.532000     1960.000000   54.922000     9.05593E-01  9.07839E-03
3  1860.000000   68.218000     1960.000000   54.922000     2000.000000   51.429000     3.52567E-01  4.93985E-03
3  1860.000000   68.218000     2000.000000   51.429000     2040.000000   51.134000     1.13618E-01  1.14141E-03
3  1860.000000   68.218000     2040.000000   51.134000     2080.000000   47.855000     5.66215E-02  5.71815E-04
3  1860.000000   68.218000     2080.000000   47.855000     2120.000000   51.358000     3.58574E-02  3.71945E-04
3  1860.000000   68.218000     2120.000000   51.358000     2160.000000   53.175000     2.04714E-02  2.12438E-04
3  1860.000000   68.218000     2160.000000   53.175000     2200.000000   49.089000     9.02604E-03  1.03154E-04
3  1860.000000   68.218000     2360.000000   52.469000     2400.000000   59.965000     7.59949E-03  1.01823E-04
3  1860.000000   68.218000     0.000000      94.302000     80.000000     87.439000     2.46642E-03  3.86999E-05
3  1860.000000   68.218000     40.000000     87.181000     120.000000    88.121000     1.93307E-03  3.02471E-05
3  1860.000000   68.218000     1160.000000   128.135000    1240.000000   121.871000    1.47130E-02  1.54709E-04
3  1860.000000   68.218000     1200.000000   123.583000    1280.000000   129.599000    2.07413E-02  2.15660E-04
3  1860.000000   68.218000     1240.000000   121.871000    1320.000000   143.045000    2.53551E-02  2.62440E-04
3  1860.000000   68.218000     1280.000000   129.599000    1360.000000   150.159000    2.65728E-02  2.74896E-04
3  1860.000000   68.218000     1320.000000   143.045000    1400.000000   160.896000    2.97360E-02  3.08318E-04
3  1860.000000   68.218000     1360.000000   150.159000    1440.000000   178.173000    3.54808E-02  3.68316E-04
3  1860.000000   68.218000     1400.000000   160.896000    1480.000000   197.065000    2.77101E-02  2.86392E-04
3  1860.000000   68.218000     1440.000000   178.173000    1520.000000   178.674000    2.41249E-02  2.49828E-04
3  1860.000000   68.218000     2200.000000   49.089000     2280.000000   42.192000     2.41492E-02  2.50048E-04
3  1860.000000   68.218000     2240.000000   45.045000     2320.000000   45.283000     3.11490E-02  3.22691E-04
3  1860.000000   68.218000     2280.000000   42.192000     2360.000000   52.469000     2.48585E-02  2.56833E-04
3  1860.000000   68.218000     2320.000000   45.283000     2400.000000   59.965000     1.62480E-02  1.69606E-04
3  1860.000000   68.218000     0.000000      94.302000     160.000000    96.899000     4.36232E-03  6.50208E-05
3  1860.000000   68.218000     40.000000     87.181000     200.000000    103.483000    3.77457E-03  5.47037E-05
3  1860.000000   68.218000     80.000000     87.439000     240.000000    107.360000    3.37211E-03  5.45260E-05
3  1860.000000   68.218000     120.000000    88.121000     280.000000    105.248000    3.76203E-03  5.56897E-05
3  1860.000000   68.218000     440.000000    111.533000    600.000000    124.839000    5.08534E-03  7.08484E-05
3  1860.000000   68.218000     480.000000    120.110000    640.000000    115.456000    4.73928E-03  6.57258E-05
3  1860.000000   68.218000     520.000000    115.268000    680.000000    99.357000     5.84285E-03  8.10298E-05
3  1860.000000   68.218000     560.000000    123.811000    720.000000    100.587000    6.24510E-03  8.36825E-05
3  1860.000000   68.218000     600.000000    124.839000    760.000000    98.622000     7.58180E-03  1.01611E-04
3  1860.000000   68.218000     640.000000    115.456000    800.000000    109.655000    9.46491E-03  1.08231E-04
3  1860.000000   68.218000     680.000000    99.357000     840.000000    115.365000    1.09488E-02  1.18728E-04
3  1860.000000   68.218000     720.000000    100.587000    880.000000    118.144000    1.22079E-02  1.29560E-04
3  1860.000000   68.218000     760.000000    98.622000     920.000000    132.008000    1.29563E-02  1.37486E-04
3  1860.000000   68.218000     800.000000    109.655000    960.000000    128.518000    1.27470E-02  1.35247E-04
3  1860.000000   68.218000     840.000000    115.365000    1000.000000   116.905000    1.32367E-02  1.40433E-04
3  1860.000000   68.218000     880.000000    118.144000    1040.000000   108.286000    1.25687E-02  1.33311E-04
3  1860.000000   68.218000     920.000000    132.008000    1080.000000   117.343000    1.46532E-02  1.54005E-04
3  1860.000000   68.218000     960.000000    128.518000    1120.000000   134.172000    1.57421E-02  1.65445E-04
3  1860.000000   68.218000     1000.000000   116.905000    1160.000000   128.135000    1.55549E-02  1.63463E-04
3  1860.000000   68.218000     1040.000000   108.286000    1200.000000   123.583000    1.77933E-02  1.85883E-04
3  1860.000000   68.218000     0.000000      94.302000     320.000000    113.072000    8.15873E-03  1.03368E-04
3  1860.000000   68.218000     40.000000     87.181000     360.000000    115.089000    7.71775E-03  1.10455E-04
3  1860.000000   68.218000     80.000000     87.439000     400.000000    115.247000    7.60193E-03  1.09526E-04
3  1860.000000   68.218000     120.000000    88.121000     440.000000    111.533000    8.00070E-03  9.33330E-05
3  1860.000000   68.218000     160.000000    96.899000     480.000000    120.110000    8.52710E-03  9.79585E-05
3  1860.000000   68.218000     200.000000    103.483000    520.000000    115.268000    8.49467E-03  9.78586E-05
3  1860.000000   68.218000     240.000000    107.360000    560.000000    123.811000    9.36914E-03  1.09475E-04
3  1942.000000   53.804000     0.000000      94.302000     40.000000     87.181000     1.06549E-03  2.30643E-05
3  1942.000000   53.804000     1600.000000   137.193000    1640.000000   122.640000    2.99567E-02  3.11439E-04
3  1942.000000   53.804000     1640.000000   122.640000    1680.000000   100.508000    4.48946E-02  4.56439E-04
3  1942.000000   53.804000     1680.000000   100.508000    1720.000000   92.752000     6.75493E-02  6.82282E-04
3  1942.000000   53.804000     1720.000000   92.752000     1760.000000   89.581000     6.93788E-02  7.00053E-04
3  1942.000000   53.804000     1760.000000   89.581000     1800.000000   73.849000     1.67630E-01  1.68153E-03
3  1942.000000   53.804000     1800.000000   73.849000     1840.000000   69.746000     2.77478E-01  2.78063E-03
3  1942.000000   53.804000     2040.000000   51.134000     2080.000000   47.855000     9.05974E-02  9.10631E-04
3  1942.000000   53.804000     2080.000000   47.855000     2120.000000   51.358000     5.58618E-02  5.64137E-04
3  1942.000000   53.804000     2120.000000   51.358000     2160.000000   53.175000     3.06332E-02  3.17348E-04
3  1942.000000   53.804000     2160.000000   53.175000     2200.000000   49.089000     1.17640E-02  1.24708E-04
3  1942.000000   53.804000     2200.000000   49.089000     2240.000000   45.045000     1.11650E-02  1.20962E-04
3  1942.000000   53.804000     2240.000000   45.045000     2280.000000   42.192000     1.81009E-02  1.88948E-04
3  1942.000000   53.804000     2360.000000   52.469000     2400.000000   59.965000     8.96626E-03  1.02471E-04
3  1942.000000   53.804000     0.000000      94.302000     80.000000     87.439000     1.86362E-03  2.91630E-05
3  1942.000000   53.804000     40.000000     87.181000     120.000000    88.121000     1.46671E-03  3.17312E-05
3  1942.000000   53.804000     1240.000000   121.871000    1320.000000   143.045000    1.23334E-02  1.31311E-04
3  1942.000000   53.804000     1280.000000   129.599000    1360.000000   150.159000    1.25187E-02  1.33193E-04
3  1942.000000   53.804000     1320.000000   143.045000    1400.000000   160.896000    1.36405E-02  1.45086E-04
3  1942.000000   53.804000     1360.000000   150.159000    1440.000000   178.173000    1.60681E-02  1.68321E-04
3  1942.000000   53.804000     1400.000000   160.896000    1480.000000   197.065000    1.22944E-02  1.30579E-04
3  1942.000000   53.804000     1440.000000   178.173000    1520.000000   178.674000    1.02984E-02  1.11666E-04
3  1942.000000   53.804000     1480.000000   197.065000    1560.000000   156.964000    1.48656E-02  1.56342E-04
3  1942.000000   53.804000     1520.000000   178.674000    1600.000000   137.193000    2.49903E-02  2.58907E-04
3  1942.000000   53.804000     2280.000000   42.192000     2360.000000   52.469000     2.97344E-02  3.08036E-04
3  1942.000000   53.804000     2320.000000   45.283000     2400.000000   59.965000     1.90921E-02  1.98124E-04
3  1942.000000   53.804000     0.000000      94.302000     160.000000    96.899000     3.29410E-03  4.76090E-05
3  1942.000000   53.804000     40.000000     87.181000     200.000000    103.483000    2.84111E-03  4.44699E-05
3  1942.000000   53.804000     80.000000     87.439000     240.000000    107.360000    2.51851E-03  3.94436E-05
3  1942.000000   53.804000     120.000000    88.121000     280.000000    105.248000    2.77425E-03  4.76253E-05
3  1942.000000   53.804000     520.000000    115.268000    680.000000    99.357000     3.91037E-03  5.62921E-05
3  1942.000000   53.804000     560.000000    123.811000    720.000000    100.587000    4.13255E-03  5.94889E-05
3  1942.000000   53.804000     600.000000    124.839000    760.000000    98.622000     4.97287E-03  6.89921E-05
3  1942.000000   53.804000     640.000000    115.456000    800.000000    109.655000    6.12755E-03  8.21502E-05
3  1942.000000   53.804000     680.000000    99.357000     840.000000    115.365000    6.95605E-03  9.32639E-05
3  1942.000000   53.804000     720.000000    100.587000    880.000000    118.144000    7.63865E-03  1.02421E-04
3  1942.000000   53.804000     760.000000    98.622000     920.000000    132.008000    7.94333E-03  9.08773E-05
3  1942.000000   53.804000     800.000000    109.655000    960.000000    128.518000    7.68664E-03  1.03057E-04
3  1942.000000   53.804000     840.000000    115.365000    1000.000000   116.905000    7.86360E-03  8.99384E-05
3  1942.000000   53.804000     880.000000    118.144000    1040.000000   108.286000    7.37580E-03  9.88711E-05
3  1942.000000   53.804000     920.000000    132.008000    1080.000000   117.343000    8.60483E-03  9.84367E-05
3  1942.000000   53.804000     960.000000    128.518000    1120.000000   134.172000    9.17604E-03  1.04978E-04
3  1942.000000   53.804000     1000.000000   116.905000    1160.000000   128.135000    8.97097E-03  1.02618E-04
3  1942.000000   53.804000     1040.000000   108.286000    1200.000000   123.583000    1.01816E-02  1.10432E-04
3  1942.000000   53.804000     1080.000000   117.343000    1240.000000   121.871000    1.21945E-02  1.29497E-04
3  1942.000000   53.804000     1120.000000   134.172000    1280.000000   129.599000    1.52987E-02  1.61026E-04
3  1942.000000   53.804000     0.000000      94.302000     320.000000    113.072000    6.07167E-03  8.68631E-05
3  1942.000000   53.804000     40.000000     87.181000     360.000000    115.089000    5.70957E-03  8.39587E-05
3  1942.000000   53.804000     80.000000     87.439000     400.000000    115.247000    5.58418E-03  8.04987E-05
3  1942.000000   53.804000     120.000000    88.121000     440.000000    111.533000    5.82716E-03  8.15080E-05
3  1942.000000   53.804000     160.000000    96.899000     480.000000    120.110000    6.15361E-03  8.24731E-05
3  1942.000000   53.804000     200.000000    103.483000    520.000000    115.268000    6.08990E-03  8.20791E-05
3  1942.000000   53.804000     240.000000    107.360000    560.000000    123.811000    6.64579E-03  8.98424E-05
3  1942.000000   53.804000     280.000000    105.248000    600.000000    124.839000    6.54664E-03  8.77885E-05
3  1942.000000   53.804000     320.000000    113.072000    640.000000    115.456000    6.57819E-03  8.81392E-05
3  2022.000000   51.207000     0.000000      94.302000     40.000000     87.181000     9.11301E-04  1.97145E-05
3  2022.000000   51.207000     1680.000000   100.508000    1720.000000   92.752000     2.02963E-02  2.10621E-04
3  2022.000000   51.207000     1720.000000   92.752000     1760.000000   89.581000     1.75975E-02  1.83693E-04
3  2022.000000   51.207000     1760.000000   89.581000     1800.000000   73.849000     3.69552E-02  3.83336E-04
3  2022.000000   51.207000     1800.000000   73.849000     1840.000000   69.746000     5.17256E-02  5.22372E-04
3  2022.000000   51.207000     1840.000000   69.746000     1880.000000   67.320000     4.76094E-02  4.82769E-04
3  2022.000000   51.207000     1880.000000   67.320000     1920.000000   57.532000     4.44337E-02  4.50562E-04
3  2022.000000   51.207000     1920.000000   57.532000     1960.000000   54.922000     7.57624E-02  7.62738E-04
3  2022.000000   51.207000     2120.000000   51.358000     2160.000000   53.175000     5.08012E-02  5.15129E-04
3  2022.000000   51.207000     2160.000000   53.175000     2200.000000   49.089000     1.69261E-02  1.76685E-04
3  2022.000000   51.207000     2200.000000   49.089000     2240.000000   45.045000     1.37980E-02  1.44889E-04
3  2022.000000   51.207000     2240.000000   45.045000     2280.000000   42.192000     2.16581E-02  2.24257E-04
3  2022.000000   51.207000     2280.000000   42.192000     2320.000000   45.283000     2.28460E-02  2.36554E-04
3  2022.000000   51.207000     2320.000000   45.283000     2360.000000   52.469000     1.16690E-02  1.23701E-04
3  2022.000000   51.207000     2360.000000   52.469000     2400.000000   59.965000     1.02420E-02  1.10962E-04
3  2022.000000   51.207000     0.000000      94.302000     80.000000     87.439000     1.58395E-03  2.47830E-05
3  2022.000000   51.207000     40.000000     87.181000     120.000000    88.121000     1.23178E-03  2.66476E-05
3  2022.000000   51.207000     1320.000000   143.045000    1400.000000   160.896000    7.83742E-03  8.95700E-05
3  2022.000000   51.207000     1360.000000   150.159000    1440.000000   178.173000    9.03377E-03  1.03242E-04
3  2022.000000   51.207000     1400.000000   160.896000    1480.000000   197.065000    6.70385E-03  8.98229E-05
3  2022.000000   51.207000     1440.000000   178.173000    1520.000000   178.674000    5.30702E-03  7.35962E-05
3  2022.000000   51.207000     1480.000000   197.065000    1560.000000   156.964000    7.22396E-03  9.67917E-05
3  2022.000000   51.207000     1520.000000   178.674000    1600.000000   137.193000    1.11019E-02  1.20278E-04
3  2022.000000   51.207000     1560.000000   156.964000    1640.000000   122.640000    1.86354E-02  1.94529E-04
3  2022.000000   51.207000     1600.000000   137.193000    1680.000000   100.508000    2.71014E-02  2.80023E-04
3  2022.000000   51.207000     0.000000      94.302000     160.000000    96.899000     2.77383E-03  4.34002E-05
3  2022.000000   51.207000     40.000000     87.181000     200.000000    103.483000    2.36289E-03  3.69705E-05
3  2022.000000   51.207000     80.000000     87.439000     240.000000    107.360000    2.07669E-03  3.24925E-05
3  2022.000000   51.207000     120.000000    88.121000     280.000000    105.248000    2.27309E-03  3.55654E-05
3  2022.000000   51.207000     600.000000    124.839000    760.000000    98.622000     3.86612E-03  5.56366E-05
3  2022.000000   51.207000     640.000000    115.456000    800.000000    109.655000    4.73147E-03  6.56146E-05
3  2022.000000   51.207000     680.000000    99.357000     840.000000    115.365000    5.30518E-03  7.35706E-05
3  2022.000000   51.207000     720.000000    100.587000    880.000000    118.144000    5.77521E-03  8.00889E-05
3  2022.000000   51.207000     760.000000    98.622000     920.000000    132.008000    5.92686E-03  8.21925E-05
3  2022.000000   51.207000     800.000000    109.655000    960.000000    128.518000    5.67922E-03  7.87583E-05
3  2022.000000   51.207000     840.000000    115.365000    1000.000000   116.905000    5.75116E-03  7.97554E-05
3  2022.000000   51.207000     880.000000    118.144000    1040.000000   108.286000    5.34360E-03  7.41034E-05
3  2022.000000   51.207000     920.000000    132.008000    1080.000000   117.343000    6.21697E-03  8.32993E-05
3  2022.000000   51.207000     960.000000    128.518000    1120.000000   134.172000    6.57119E-03  8.80461E-05
3  2022.000000   51.207000     1000.000000   116.905000    1160.000000   128.135000    6.36848E-03  8.53294E-05
3  2022.000000   51.207000     1040.000000   108.286000    1200.000000   123.583000    7.17492E-03  9.61346E-05
3  2022.000000   51.207000     1080.000000   117.343000    1240.000000   121.871000    8.27408E-03  9.45628E-05
3  2022.000000   51.207000     1120.000000   134.172000    1280.000000   129.599000    1.00403E-02  1.08794E-04
3  2022.000000   51.207000     1160.000000   128.135000    1320.000000   143.045000    1.28127E-02  1.35834E-04
3  2022.000000   51.207000     1200.000000   123.583000    1360.000000   150.159000    1.42003E-02  1.49126E-04
3  2022.000000   51.207000     0.000000      94.302000     320.000000    113.072000    5.03471E-03  6.98204E-05
3  2022.000000   51.207000     40.000000     87.181000     360.000000    115.089000    4.68974E-03  6.50359E-05
3  2022.000000   51.207000     80.000000     87.439000     400.000000    115.247000    4.56035E-03  6.32416E-05
3  2022.000000   51.207000     120.000000    88.121000     440.000000    111.533000    4.73520E-03  6.56663E-05
3  2022.000000   51.207000     160.000000    96.899000     480.000000    120.110000    4.97882E-03  6.90453E-05
3  2022.000000   51.207000     200.000000    103.483000    520.000000    115.268000    4.91389E-03  6.81444E-05
3  2022.000000   51.207000     240.000000    107.360000    560.000000    123.811000    5.34429E-03  7.41130E-05
3  2022.000000   51.207000     280.000000    105.248000    600.000000    124.839000    5.23864E-03  7.26479E-05
3  2022.000000   51.207000     320.000000    113.072000    640.000000    115.456000    5.24640E-03  7.27555E-05
3  2022.000000   51.207000     360.000000    115.089000    680.000000    99.357000     5.66231E-03  7.85232E-05
3  2022.000000   51.207000     400.000000    115.247000    720.000000    100.587000    6.08924E-03  8.15879E-05
3  2100.000000   47.716000     0.000000      94.302000     40.000000     87.181000     8.26994E-04  1.78907E-05
3  2100.000000   47.716000     1760.000000   89.581000     1800.000000   73.849000     1.93505E-02  2.00812E-04
3  2100.000000   47.716000     1800.000000   73.849000     1840.000000   69.746000     2.46982E-02  2.55740E-04
3  2100.000000   47.716000     1840.000000   69.746000     1880.000000   67.320000     2.17259E-02  2.24961E-04
3  2100.000000   47.716000     1880.000000   67.320000     1920.000000   57.532000     1.87403E-02  1.94476E-04
3  2100.000000   47.716000     1920.000000   57.532000     1960.000000   54.922000     2.31564E-02  2.39771E-04
3  2100.000000   47.716000     1960.000000   54.922000     2000.000000   51.429000     2.90200E-02  3.00708E-04
3  2100.000000   47.716000     2000.000000   51.429000     2040.000000   51.134000     7.11847E-02  7.16873E-04
3  2100.000000   47.716000     2160.000000   53.175000     2200.000000   49.089000     5.01081E-02  5.08101E-04
3  2100.000000   47.716000     2200.000000   49.089000     2240.000000   45.045000     2.68471E-02  2.77379E-04
3  2100.000000   47.716000     2240.000000   45.045000     2280.000000   42.192000     3.56190E-02  3.69472E-04
3  2100.000000   47.716000     2280.000000   42.192000     2320.000000   45.283000     3.39460E-02  3.52118E-04
3  2100.000000   47.716000     2320.000000   45.283000     2360.000000   52.469000     1.72600E-02  1.80170E-04
3  2100.000000   47.716000     2360.000000   52.469000     2400.000000   59.965000     1.43970E-02  1.51179E-04
3  2100.000000   47.716000     0.000000      94.302000     80.000000     87.439000     1.43727E-03  3.10930E-05
3  2100.000000   47.716000     40.000000     87.181000     120.000000    88.121000     1.11679E-03  2.41600E-05
3  2100.000000   47.716000     1400.000000   160.896000    1480.000000   197.065000    5.15074E-03  7.14294E-05
3  2100.000000   47.716000     1440.000000   178.173000    1520.000000   178.674000    4.02080E-03  5.78625E-05
3  2100.000000   47.716000     1480.000000   197.065000    1560.000000   156.964000    5.39229E-03  7.47792E-05
3  2100.000000   47.716000     1520.000000   178.674000    1600.000000   137.193000    8.05294E-03  9.20330E-05
3  2100.000000   47.716000     1560.000000   156.964000    1640.000000   122.640000    1.30338E-02  1.38169E-04
3  2100.000000   47.716000     1600.000000   137.193000    1680.000000   100.508000    1.80755E-02  1.88708E-04
3  2100.000000   47.716000     1640.000000   122.640000    1720.000000   92.752000     2.23685E-02  2.31648E-04
3  2100.000000   47.716000     1680.000000   100.508000    1760.000000   89.581000     2.23012E-02  2.30922E-04
3  2100.000000   47.716000     0.000000      94.302000     160.000000    96.899000     2.51527E-03  3.93547E-05
3  2100.000000   47.716000     40.000000     87.181000     200.000000    103.483000    2.14145E-03  3.35058E-05
3  2100.000000   47.716000     80.000000     87.439000     240.000000    107.360000    1.88090E-03  2.94293E-05
3  2100.000000   47.716000     120.000000    88.121000     280.000000    105.248000    2.05632E-03  3.21738E-05
3  2100.000000   47.716000     680.000000    99.357000     840.000000    115.365000    4.64460E-03  6.44104E-05
3  2100.000000   47.716000     720.000000    100.587000    880.000000    118.144000    5.03636E-03  6.98432E-05
3  2100.000000   47.716000     760.000000    98.622000     920.000000    132.008000    5.14258E-03  7.13163E-05
3  2100.000000   47.716000     800.000000    109.655000    960.000000    128.518000    4.90587E-03  6.80341E-05
3  2100.000000   47.716000     840.000000    115.365000    1000.000000   116.905000    4.94493E-03  6.85753E-05
3  2100.000000   47.716000     880.000000    118.144000    1040.000000   108.286000    4.57651E-03  6.34657E-05
3  2100.000000   47.716000     920.000000    132.008000    1080.000000   117.343000    5.31248E-03  7.36729E-05
3  2100.000000   47.716000     960.000000    128.518000    1120.000000   134.172000    5.59535E-03  7.75974E-05
3  2100.000000   47.716000     1000.000000   116.905000    1160.000000   128.135000    5.40129E-03  7.49040E-05
3  2100.000000   47.716000     1040.000000   108.286000    1200.000000   123.583000    6.06380E-03  8.12470E-05
3  2100.000000   47.716000     1080.000000   117.343000    1240.000000   121.871000    6.88815E-03  9.23019E-05
3  2100.000000   47.716000     1120.000000   134.172000    1280.000000   129.599000    8.24594E-03  9.42519E-05
3  2100.000000   47.716000     1160.000000   128.135000    1320.000000   143.045000    1.03714E-02  1.12382E-04
3  2100.000000   47.716000     1200.000000   123.583000    1360.000000   150.159000    1.13484E-02  1.22967E-04
3  2100.000000   47.716000     1240.000000   121.871000    1400.000000   160.896000    1.21253E-02  1.28540E-04
3  2100.000000   47.716000     1280.000000   129.599000    1440.000000   178.173000    1.28334E-02  1.36046E-04
3  2100.000000   47.716000     0.000000      94.302000     320.000000    113.072000    4.55840E-03  6.32150E-05
3  2100.000000   47.716000     40.000000     87.181000     360.000000    115.089000    4.24155E-03  6.10393E-05
3  2100.000000   47.716000     80.000000     87.439000     400.000000    115.247000    4.11944E-03  5.92820E-05
3  2100.000000   47.716000     120.000000    88.121000     440.000000    111.533000    4.27141E-03  6.14690E-05
3  2100.000000   47.716000     160.000000    96.899000     480.000000    120.110000    4.48318E-03  6.21714E-05
3  2100.000000   47.716000     200.000000    103.483000    520.000000    115.268000    4.41872E-03  6.12775E-05
3  2100.000000   47.716000     240.000000    107.360000    560.000000    123.811000    4.79623E-03  6.65127E-05
3  2100.000000   47.716000     280.000000    105.248000    600.000000    124.839000    4.69112E-03  6.50550E-05
3  2100.000000   47.716000     320.000000    113.072000    640.000000    115.456000    4.68782E-03  6.50093E-05
3  2100.000000   47.716000     360.000000    115.089000    680.000000    99.357000     5.04580E-03  6.99741E-05
3  2100.000000   47.716000     400.000000    115.247000    720.000000    100.587000    5.41252E-03  7.50592E-05
3  2100.000000   47.716000     440.000000    111.533000    760.000000    98.622000     5.88627E-03  8.16290E-05
3  2100.000000   47.716000     480.000000    120.110000    800.000000    109.655000    6.40827E-03  8.58625E-05
3  2180.000000   52.441000     0.000000      94.302000     40.000000     87.181000     7.26900E-04  1.57253E-05
3  2180.000000   52.441000     1840.000000   69.746000     1880.000000   67.320000     9.23970E-03  1.05598E-04
3  2180.000000   52.441000     1880.000000   67.320000     1920.000000   57.532000     7.74012E-03  8.84587E-05
3  2180.000000   52.441000     1920.000000   57.532000     1960.000000   54.922000     9.17039E-03  1.04807E-04
3  2180.000000   52.441000     1960.000000   54.922000     2000.000000   51.429000     9.43184E-03  1.07796E-04
3  2180.000000   52.441000     2000.000000   51.429000     2040.000000   51.134000     1.27092E-02  1.34887E-04
3  2180.000000   52.441000     2040.000000   51.134000     2080.000000   47.855000     3.26266E-02  3.38142E-04
3  2180.000000   52.441000     2080.000000   47.855000     2120.000000   51.358000     1.48092E-01  1.48607E-03
3  2180.000000   52.441000     2240.000000   45.045000     2280.000000   42.192000     3.34139E-01  3.34660E-03
3  2180.000000   52.441000     2280.000000   42.192000     2320.000000   45.283000     1.61486E-01  1.62008E-03
3  2180.000000   52.441000     2320.000000   45.283000     2360.000000   52.469000     6.70950E-02  6.76680E-04
3  2180.000000   52.441000     2360.000000   52.469000     2400.000000   59.965000     4.18800E-02  4.26761E-04
3  2180.000000   52.441000     0.000000      94.302000     80.000000     87.439000     1.26368E-03  2.73377E-05
3  2180.000000   52.441000     40.000000     87.181000     120.000000    88.121000     9.79240E-04  2.11843E-05
3  2180.000000   52.441000     1480.000000   197.065000    1560.000000   156.964000    4.15626E-03  5.98119E-05
3  2180.000000   52.441000     1520.000000   178.674000    1600.000000   137.193000    6.03271E-03  8.08305E-05
3  2180.000000   52.441000     1560.000000   156.964000    1640.000000   122.640000    9.44925E-03  1.07993E-04
3  2180.000000   52.441000     1600.000000   137.193000    1680.000000   100.508000    1.27075E-02  1.34725E-04
3  2180.000000   52.441000     1640.000000   122.640000    1720.000000   92.752000     1.52058E-02  1.59723E-04
3  2180.000000   52.441000     1680.000000   100.508000    1760.000000   89.581000     1.42727E-02  1.49885E-04
3  2180.000000   52.441000     1720.000000   92.752000     1800.000000   73.849000     1.66889E-02  1.74214E-04
3  2180.000000   52.441000     1760.000000   89.581000     1840.000000   69.746000     2.19803E-02  2.27599E-04
3  2180.000000   52.441000     0.000000      94.302000     160.000000    96.899000     2.20832E-03  3.45520E-05
3  2180.000000   52.441000     40.000000     87.181000     200.000000    103.483000    1.88223E-03  2.94499E-05
3  2180.000000   52.441000     80.000000     87.439000     240.000000    107.360000    1.65491E-03  2.58932E-05
3  2180.000000   52.441000     120.000000    88.121000     280.000000    105.248000    1.81255E-03  2.83597E-05
3  2180.000000   52.441000     760.000000    98.622000     920.000000    132.008000    4.49018E-03  6.22694E-05
3  2180.000000   52.441000     800.000000    109.655000    960.000000    128.518000    4.29043E-03  6.17431E-05
3  2180.000000   52.441000     840.000000    115.365000    1000.000000   116.905000    4.32095E-03  6.21824E-05
3  2180.000000   52.441000     880.000000    118.144000    1040.000000   108.286000    3.99613E-03  5.75075E-05
3  2180.000000   52.441000     920.000000    132.008000    1080.000000   117.343000    4.56782E-03  6.33461E-05
3  2180.000000   52.441000     960.000000    128.518000    1120.000000   134.172000    4.77419E-03  6.62123E-05
3  2180.000000   52.441000     1000.000000   116.905000    1160.000000   128.135000    4.57480E-03  6.34424E-05
3  2180.000000   52.441000     1040.000000   108.286000    1200.000000   123.583000    5.10327E-03  7.07711E-05
3  2180.000000   52.441000     1080.000000   117.343000    1240.000000   121.871000    5.80868E-03  8.05617E-05
3  2180.000000   52.441000     1120.000000   134.172000    1280.000000   129.599000    6.97683E-03  9.34951E-05
3  2180.000000   52.441000     1160.000000   128.135000    1320.000000   143.045000    8.80068E-03  1.00599E-04
3  2180.000000   52.441000     1200.000000   123.583000    1360.000000   150.159000    9.65558E-03  1.04635E-04
3  2180.000000   52.441000     1240.000000   121.871000    1400.000000   160.896000    1.03178E-02  1.11793E-04
3  2180.000000   52.441000     1280.000000   129.599000    1440.000000   178.173000    1.07999E-02  1.17006E-04
3  2180.000000   52.441000     1320.000000   143.045000    1480.000000   197.065000    9.36910E-03  1.07075E-04
3  2180.000000   52.441000     1360.000000   150.159000    1520.000000   178.674000    9.00482E-03  1.02912E-04
3  2180.000000   52.441000     0.000000      94.302000     320.000000    113.072000    4.01133E-03  5.77262E-05
3  2180.000000   52.441000     40.000000     87.181000     360.000000    115.089000    3.73334E-03  5.37257E-05
3  2180.000000   52.441000     80.000000     87.439000     400.000000    115.247000    3.62147E-03  5.21159E-05
3  2180.000000   52.441000     120.000000    88.121000     440.000000    111.533000    3.75289E-03  5.40071E-05
3  2180.000000   52.441000     160.000000    96.899000     480.000000    120.110000    3.93216E-03  5.65869E-05
3  2180.000000   52.441000     200.000000    103.483000    520.000000    115.268000    3.86988E-03  5.56907E-05
3  2180.000000   52.441000     240.000000    107.360000    560.000000    123.811000    4.19740E-03  6.04039E-05
3  2180.000000   52.441000     280.000000    105.248000    600.000000    124.839000    4.10026E-03  5.90060E-05
3  2180.000000   52.441000     320.000000    113.072000    640.000000    115.456000    4.08958E-03  5.88523E-05
3  2180.000000   52.441000     360.000000    115.089000    680.000000    99.357000     4.39409E-03  6.09364E-05
3  2180.000000   52.441000     400.000000    115.247000    720.000000    100.587000    4.71360E-03  6.53673E-05
3  2180.000000   52.441000     440.000000    111.533000    760.000000    98.622000     5.12047E-03  7.10091E-05
3  2180.000000   52.441000     480.000000    120.110000    800.000000    109.655000    5.57223E-03  7.72740E-05
3  2180.000000   52.441000     520.000000    115.268000    840.000000    115.365000    6.41714E-03  8.59813E-05
3  2180.000000   52.441000     560.000000    123.811000    880.000000    118.144000    6.86774E-03  9.20188E-05
3  2261.000000   43.126000     0.000000      94.302000     40.000000     87.181000     6.41537E-04  1.50368E-05
3  2261.000000   43.126000     1920.000000   57.532000     1960.000000   54.922000     6.85876E-03  9.19060E-05
3  2261.000000   43.126000     1960.000000   54.922000     2000.000000   51.429000     6.24800E-03  8.37201E-05
3  2261.000000   43.126000     2000.000000   51.429000     2040.000000   51.134000     7.35347E-03  9.85350E-05
3  2261.000000   43.126000     2040.000000   51.134000     2080.000000   47.855000     1.91510E-02  1.98793E-04
3  2261.000000   43.126000     2080.000000   47.855000     2120.000000   51.358000     5.89936E-02  5.96071E-04
3  2261.000000   43.126000     2120.000000   51.358000     2160.000000   53.175000     1.73318E-01  1.73829E-03
3  2261.000000   43.126000     2160.000000   53.175000     2200.000000   49.089000     2.90669E-01  4.97994E-03
3  2261.000000   43.126000     2360.000000   52.469000     2400.000000   59.965000     1.54950E-01  1.55449E-03
3  2261.000000   43.126000     0.000000      94.302000     80.000000     87.439000     1.11754E-03  2.57991E-05
3  2261.000000   43.126000     40.000000     87.181000     120.000000    88.121000     8.67709E-04  3.57340E-05
3  2261.000000   43.126000     1560.000000   156.964000    1640.000000   122.640000    7.76786E-03  8.87944E-05
3  2261.000000   43.126000     1600.000000   137.193000    1680.000000   100.508000    1.03631E-02  1.12339E-04
3  2261.000000   43.126000     1640.000000   122.640000    1720.000000   92.752000     1.22351E-02  1.29801E-04
3  2261.000000   43.126000     1680.000000   100.508000    1760.000000   89.581000     1.13798E-02  1.23322E-04
3  2261.000000   43.126000     1720.000000   92.752000     1800.000000   73.849000     1.32061E-02  1.40036E-04
3  2261.000000   43.126000     1760.000000   89.581000     1840.000000   69.746000     1.73506E-02  1.81168E-04
3  2261.000000   43.126000     1800.000000   73.849000     1880.000000   67.320000     1.61613E-02  1.68739E-04
3  2261.000000   43.126000     1840.000000   69.746000     1920.000000   57.532000     1.32140E-02  1.40099E-04
3  2261.000000   43.126000     0.000000      94.302000     160.000000    96.899000     1.95603E-03  7.64246E-05
3  2261.000000   43.126000     40.000000     87.181000     200.000000    103.483000    1.67369E-03  5.60475E-05
3  2261.000000   43.126000     80.000000     87.439000     240.000000    107.360000    1.47391E-03  5.60336E-05
3  2261.000000   43.126000     120.000000    88.121000     280.000000    105.248000    1.61881E-03  4.79349E-05
3  2261.000000   43.126000     840.000000    115.365000    1000.000000   116.905000    3.75891E-03  5.40941E-05
3  2261.000000   43.126000     880.000000    118.144000    1040.000000   108.286000    3.46724E-03  4.98964E-05
3  2261.000000   43.126000     920.000000    132.008000    1080.000000   117.343000    3.94848E-03  5.68253E-05
3  2261.000000   43.126000     960.000000    128.518000    1120.000000   134.172000    4.11671E-03  5.92485E-05
3  2261.000000   43.126000     1000.000000   116.905000    1160.000000   128.135000    3.92887E-03  5.65427E-05
3  2261.000000   43.126000     1040.000000   108.286000    1200.000000   123.583000    4.37816E-03  6.07189E-05
3  2261.000000   43.126000     1080.000000   117.343000    1240.000000   121.871000    5.15929E-03  7.15583E-05
3  2261.000000   43.126000     1120.000000   134.172000    1280.000000   129.599000    6.11439E-03  8.19353E-05
3  2261.000000   43.126000     1160.000000   128.135000    1320.000000   143.045000    7.60606E-03  1.01933E-04
3  2261.000000   43.126000     1200.000000   123.583000    1360.000000   150.159000    8.27604E-03  9.46109E-05
3  2261.000000   43.126000     1240.000000   121.871000    1400.000000   160.896000    8.56156E-03  9.78689E-05
3  2261.000000   43.126000     1280.000000   129.599000    1440.000000   178.173000    8.93459E-03  1.02127E-04
3  2261.000000   43.126000     1320.000000   143.045000    1480.000000   197.065000    7.92192E-03  9.05468E-05
3  2261.000000   43.126000     1360.000000   150.159000    1520.000000   178.674000    7.62007E-03  1.02110E-04
3  2261.000000   43.126000     1400.000000   160.896000    1560.000000   156.964000    7.08421E-03  9.49263E-05
3  2261.000000   43.126000     1440.000000   178.173000    1600.000000   137.193000    7.79804E-03  8.91269E-05
3  2261.000000   43.126000     0.000000      94.302000     320.000000    113.072000    3.56881E-03  1.23665E-04
3  2261.000000   43.126000     40.000000     87.181000     360.000000    115.089000    3.32828E-03  1.16700E-04
3  2261.000000   43.126000     80.000000     87.439000     400.000000    115.247000    3.23033E-03  7.30907E-05
3  2261.000000   43.126000     120.000000    88.121000     440.000000    111.533000    3.34904E-03  5.80412E-05
3  2261.000000   43.126000     160.000000    96.899000     480.000000    120.110000    3.50719E-03  5.04716E-05
3  2261.000000   43.126000     200.000000    103.483000    520.000000    115.268000    3.44959E-03  4.96489E-05
3  2261.000000   43.126000     240.000000    107.360000    560.000000    123.811000    3.73839E-03  5.37995E-05
3  2261.000000   43.126000     280.000000    105.248000    600.000000    124.839000    3.64751E-03  5.24906E-05
3  2261.000000   43.126000     320.000000    113.072000    640.000000    115.456000    3.63237E-03  5.22727E-05
3  2261.000000   43.126000     360.000000    115.089000    680.000000    99.357000     3.89555E-03  5.60601E-05
3  2261.000000   43.126000     400.000000    115.247000    720.000000    100.587000    4.17416E-03  6.00695E-05
3  2261.000000   43.126000     440.000000    111.533000    760.000000    98.622000     4.52654E-03  6.27732E-05
3  2261.000000   43.126000     480.000000    120.110000    800.000000    109.655000    4.91505E-03  6.81609E-05
3  2261.000000   43.126000     520.000000    115.268000    840.000000    115.365000    5.64887E-03  7.83380E-05
3  2261.000000   43.126000     560.000000    123.811000    880.000000    118.144000    6.03434E-03  8.08535E-05
3  2261.000000   43.126000     600.000000    124.839000    920.000000    132.008000    6.53536E-03  8.75666E-05
3  2261.000000   43.126000     640.000000    115.456000    960.000000    128.518000    6.91927E-03  9.27120E-05
3  2340.000000   48.090000     0.000000      94.302000     40.000000     87.181000     5.36585E-04  1.16084E-05
3  2340.000000   48.090000     2000.000000   51.429000     2040.000000   51.134000     3.67054E-03  5.28947E-05
3  2340.000000   48.090000     2040.000000   51.134000     2080.000000   47.855000     8.53822E-03  9.76678E-05
3  2340.000000   48.090000     2080.000000   47.855000     2120.000000   51.358000     2.21423E-02  2.29780E-04
3  2340.000000   48.090000     2120.000000   51.358000     2160.000000   53.175000     4.22536E-02  4.31008E-04
3  2340.000000   48.090000     2160.000000   53.175000     2200.000000   49.089000     4.71116E-02  4.77778E-04
3  2340.000000   48.090000     2200.000000   49.089000     2240.000000   45.045000     1.29752E-01  1.30272E-03
3  2340.000000   48.090000     2240.000000   45.045000     2280.000000   42.192000     5.30100E-01  5.30710E-03
3  2340.000000   48.090000     0.000000      94.302000     80.000000     87.439000     9.32651E-04  2.01766E-05
3  2340.000000   48.090000     40.000000     87.181000     120.000000    88.121000     7.18368E-04  1.55408E-05
3  2340.000000   48.090000     1640.000000   122.640000    1720.000000   92.752000     8.11251E-03  9.32419E-05
3  2340.000000   48.090000     1680.000000   100.508000    1760.000000   89.581000     7.45702E-03  9.99494E-05
3  2340.000000   48.090000     1720.000000   92.752000     1800.000000   73.849000     8.57842E-03  9.80436E-05
3  2340.000000   48.090000     1760.000000   89.581000     1840.000000   69.746000     1.13152E-02  1.22600E-04
3  2340.000000   48.090000     1800.000000   73.849000     1880.000000   67.320000     1.05949E-02  1.14799E-04
3  2340.000000   48.090000     1840.000000   69.746000     1920.000000   57.532000     8.51445E-03  9.73159E-05
3  2340.000000   48.090000     1880.000000   67.320000     1960.000000   54.922000     7.95993E-03  9.09709E-05
3  2340.000000   48.090000     1920.000000   57.532000     2000.000000   51.429000     7.33517E-03  9.82883E-05
3  2340.000000   48.090000     0.000000      94.302000     160.000000    96.899000     1.62300E-03  2.53939E-05
3  2340.000000   48.090000     40.000000     87.181000     200.000000    103.483000    1.38211E-03  2.98997E-05
3  2340.000000   48.090000     80.000000     87.439000     240.000000    107.360000    1.21369E-03  2.62562E-05
3  2340.000000   48.090000     120.000000    88.121000     280.000000    105.248000    1.32854E-03  2.87410E-05
3  2340.000000   48.090000     920.000000    132.008000    1080.000000   117.343000    2.98787E-03  4.30002E-05
3  2340.000000   48.090000     960.000000    128.518000    1120.000000   134.172000    3.09176E-03  4.45028E-05
3  2340.000000   48.090000     1000.000000   116.905000    1160.000000   128.135000    2.92960E-03  4.21608E-05
3  2340.000000   48.090000     1040.000000   108.286000    1200.000000   123.583000    3.24930E-03  4.67617E-05
3  2340.000000   48.090000     1080.000000   117.343000    1240.000000   121.871000    3.62855E-03  5.22384E-05
3  2340.000000   48.090000     1120.000000   134.172000    1280.000000   129.599000    4.27587E-03  6.15546E-05
3  2340.000000   48.090000     1160.000000   128.135000    1320.000000   143.045000    5.29381E-03  7.34590E-05
3  2340.000000   48.090000     1200.000000   123.583000    1360.000000   150.159000    5.70658E-03  7.92050E-05
3  2340.000000   48.090000     1240.000000   121.871000    1400.000000   160.896000    5.98485E-03  8.02155E-05
3  2340.000000   48.090000     1280.000000   129.599000    1440.000000   178.173000    6.21605E-03  8.32932E-05
3  2340.000000   48.090000     1320.000000   143.045000    1480.000000   197.065000    5.35902E-03  7.43200E-05
3  2340.000000   48.090000     1360.000000   150.159000    1520.000000   178.674000    5.15659E-03  7.15137E-05
3  2340.000000   48.090000     1400.000000   160.896000    1560.000000   156.964000    4.79310E-03  6.64736E-05
3  2340.000000   48.090000     1440.000000   178.173000    1600.000000   137.193000    5.27170E-03  7.31095E-05
3  2340.000000   48.090000     1480.000000   197.065000    1640.000000   122.640000    7.72414E-03  8.82846E-05
3  2340.000000   48.090000     1520.000000   178.674000    1680.000000   100.508000    1.04645E-02  1.13648E-04
3  2340.000000   48.090000     0.000000      94.302000     320.000000    113.072000    2.94282E-03  4.23498E-05
3  2340.000000   48.090000     40.000000     87.181000     360.000000    115.089000    2.73125E-03  4.27340E-05
3  2340.000000   48.090000     80.000000     87.439000     400.000000    115.247000    2.63840E-03  4.12812E-05
3  2340.000000   48.090000     120.000000    88.121000     440.000000    111.533000    2.72469E-03  4.26313E-05
3  2340.000000   48.090000     160.000000    96.899000     480.000000    120.110000    2.83929E-03  4.44244E-05
3  2340.000000   48.090000     200.000000    103.483000    520.000000    115.268000    2.78321E-03  4.35469E-05
3  2340.000000   48.090000     240.000000    107.360000    560.000000    123.811000    3.00501E-03  4.32445E-05
3  2340.000000   48.090000     280.000000    105.248000    600.000000    124.839000    2.91997E-03  4.20207E-05
3  2340.000000   48.090000     320.000000    113.072000    640.000000    115.456000    2.89525E-03  4.16650E-05
3  2340.000000   48.090000     360.000000    115.089000    680.000000    99.357000     3.09110E-03  4.44837E-05
3  2340.000000   48.090000     400.000000    115.247000    720.000000    100.587000    3.30205E-03  4.75191E-05
3  2340.000000   48.090000     440.000000    111.533000    760.000000    98.622000     3.56539E-03  5.13088E-05
3  2340.000000   48.090000     480.000000    120.110000    800.000000    109.655000    3.85350E-03  5.54553E-05
3  2340.000000   48.090000     520.000000    115.268000    840.000000    115.365000    4.41517E-03  6.12291E-05
3  2340.000000   48.090000     560.000000    123.811000    880.000000    118.144000    4.69755E-03  6.51452E-05
3  2340.000000   48.090000     600.000000    124.839000    920.000000    132.008000    5.07206E-03  7.03388E-05
3  2340.000000   48.090000     640.000000    115.456000    960.000000    128.518000    5.35778E-03  7.43044E-05
3  2340.000000   48.090000     680.000000    99.357000     1000.000000   116.905000    5.63721E-03  7.81780E-05
3  2340.000000   48.090000     720.000000    100.587000    1040.000000   108.286000    5.62077E-03  7.79500E-05
3  2420.000000   60.932000     0.000000      94.302000     40.000000     87.181000     4.44019E-04  9.60582E-06
3  2420.000000   60.932000     2080.000000   47.855000     2120.000000   51.358000     7.22980E-03  9.73558E-05
3  2420.000000   60.932000     2120.000000   51.358000     2160.000000   53.175000     1.07109E-02  1.17341E-04
3  2420.000000   60.932000     2160.000000   53.175000     2200.000000   49.089000     1.06665E-02  1.15607E-04
3  2420.000000   60.932000     2200.000000   49.089000     2240.000000   45.045000     2.52033E-02  2.60537E-04
3  2420.000000   60.932000     2240.000000   45.045000     2280.000000   42.192000     6.83786E-02  6.90077E-04
3  2420.000000   60.932000     2280.000000   42.192000     2320.000000   45.283000     1.28281E-01  1.28803E-03
3  2420.000000   60.932000     2320.000000   45.283000     2360.000000   52.469000     2.51392E-01  2.51983E-03
3  2420.000000   60.932000     0.000000      94.302000     80.000000     87.439000     7.73548E-04  1.67347E-05
3  2420.000000   60.932000     40.000000     87.181000     120.000000    88.121000     5.96412E-04  1.29025E-05
3  2420.000000   60.932000     1720.000000   92.752000     1800.000000   73.849000     5.52126E-03  7.65733E-05
3  2420.000000   60.932000     1760.000000   89.581000     1840.000000   69.746000     7.30518E-03  9.78989E-05
3  2420.000000   60.932000     1800.000000   73.849000     1880.000000   67.320000     6.87656E-03  9.21961E-05
3  2420.000000   60.932000     1840.000000   69.746000     1920.000000   57.532000     5.40380E-03  7.50739E-05
3  2420.000000   60.932000     1880.000000   67.320000     1960.000000   54.922000     4.82654E-03  6.69335E-05
3  2420.000000   60.932000     1920.000000   57.532000     2000.000000   51.429000     3.93689E-03  5.83640E-05
3  2420.000000   60.932000     1960.000000   54.922000     2040.000000   51.134000     3.20814E-03  4.61683E-05
3  2420.000000   60.932000     2000.000000   51.429000     2080.000000   47.855000     5.01149E-03  7.01012E-05
3  2420.000000   60.932000     0.000000      94.302000     160.000000    96.899000     1.34807E-03  2.91633E-05
3  2420.000000   60.932000     40.000000     87.181000     200.000000    103.483000    1.15327E-03  2.49492E-05
3  2420.000000   60.932000     80.000000     87.439000     240.000000    107.360000    1.01601E-03  2.19799E-05
3  2420.000000   60.932000     120.000000    88.121000     280.000000    105.248000    1.11647E-03  2.41532E-05
3  2420.000000   60.932000     1000.000000   116.905000    1160.000000   128.135000    2.26691E-03  3.54692E-05
3  2420.000000   60.932000     1040.000000   108.286000    1200.000000   123.583000    2.50111E-03  3.91336E-05
3  2420.000000   60.932000     1080.000000   117.343000    1240.000000   121.871000    2.87109E-03  4.50167E-05
3  2420.000000   60.932000     1120.000000   134.172000    1280.000000   129.599000    3.32012E-03  4.78340E-05
3  2420.000000   60.932000     1160.000000   128.135000    1320.000000   143.045000    4.02323E-03  5.79667E-05
3  2420.000000   60.932000     1200.000000   123.583000    1360.000000   150.159000    4.27446E-03  6.15813E-05
3  2420.000000   60.932000     1240.000000   121.871000    1400.000000   160.896000    4.29291E-03  6.17831E-05
3  2420.000000   60.932000     1280.000000   129.599000    1440.000000   178.173000    4.41785E-03  6.12676E-05
3  2420.000000   60.932000     1320.000000   143.045000    1480.000000   197.065000    3.92006E-03  5.64171E-05
3  2420.000000   60.932000     1360.000000   150.159000    1520.000000   178.674000    3.76875E-03  5.42447E-05
3  2420.000000   60.932000     1400.000000   160.896000    1560.000000   156.964000    3.50516E-03  5.04512E-05
3  2420.000000   60.932000     1440.000000   178.173000    1600.000000   137.193000    3.82723E-03  5.50876E-05
3  2420.000000   60.932000     1480.000000   197.065000    1640.000000   122.640000    5.37700E-03  7.45720E-05
3  2420.000000   60.932000     1520.000000   178.674000    1680.000000   100.508000    7.17987E-03  9.65599E-05
3  2420.000000   60.932000     1560.000000   156.964000    1720.000000   92.752000     9.06015E-03  1.04721E-04
3  2420.000000   60.932000     1600.000000   137.193000    1760.000000   89.581000     9.63150E-03  1.05491E-04
3  2420.000000   60.932000     0.000000      94.302000     320.000000    113.072000    2.45935E-03  3.84797E-05
3  2420.000000   60.932000     40.000000     87.181000     360.000000    115.089000    2.28846E-03  3.58059E-05
3  2420.000000   60.932000     80.000000     87.439000     400.000000    115.247000    2.21086E-03  3.45918E-05
3  2420.000000   60.932000     120.000000    88.121000     440.000000    111.533000    2.28348E-03  3.57280E-05
3  2420.000000   60.932000     160.000000    96.899000     480.000000    120.110000    2.37590E-03  3.71740E-05
3  2420.000000   60.932000     200.000000    103.483000    520.000000    115.268000    2.32476E-03  3.63739E-05
3  2420.000000   60.932000     240.000000    107.360000    560.000000    123.811000    2.50485E-03  3.91916E-05
3  2420.000000   60.932000     280.000000    105.248000    600.000000    124.839000    2.42771E-03  3.79847E-05
3  2420.000000   60.932000     320.000000    113.072000    640.000000    115.456000    2.39922E-03  3.75392E-05
3  2420.000000   60.932000     360.000000    115.089000    680.000000    99.357000     2.55136E-03  3.99196E-05
3  2420.000000   60.932000     400.000000    115.247000    720.000000    100.587000    2.71974E-03  4.25539E-05
3  2420.000000   60.932000     440.000000    111.533000    760.000000    98.622000     2.92584E-03  4.21052E-05
3  2420.000000   60.932000     480.000000    120.110000    800.000000    109.655000    3.14933E-03  4.53217E-05
3  2420.000000   60.932000     520.000000    115.268000    840.000000    115.365000    3.59841E-03  5.17847E-05
3  2420.000000   60.932000     560.000000    123.811000    880.000000    118.144000    3.81438E-03  5.48927E-05
3  2420.000000   60.932000     600.000000    124.839000    920.000000    132.008000    4.10677E-03  5.91009E-05
3  2420.000000   60.932000     640.000000    115.456000    960.000000    128.518000    4.32701E-03  6.22722E-05
3  2420.000000   60.932000     680.000000    99.357000     1000.000000   116.905000    4.53399E-03  6.28783E-05
3  2420.000000   60.932000     720.000000    100.587000    1040.000000   108.286000    4.50490E-03  6.24744E-05
3  2420.000000   60.932000     760.000000    98.622000     1080.000000   117.343000    4.78961E-03  6.64247E-05
3  2420.000000   60.932000     800.000000    109.655000    1120.000000   134.172000    4.72300E-03  6.54986E-05
3  2577.000000   79.724000     0.000000      94.302000     40.000000     87.181000     4.05189E-04  8.76780E-06
3  2577.000000   79.724000     2240.000000   45.045000     2280.000000   42.192000     1.36696E-02  1.46224E-04
3  2577.000000   79.724000     2280.000000   42.192000     2320.000000   45.283000     1.93793E-02  2.01345E-04
3  2577.000000   79.724000     2320.000000   45.283000     2360.000000   52.469000     2.27769E-02  2.36035E-04
3  2577.000000   79.724000     2360.000000   52.469000     2400.000000   59.965000     2.32765E-02  2.41091E-04
3  2577.000000   79.724000     0.000000      94.302000     80.000000     87.439000     7.05348E-04  1.52617E-05
3  2577.000000   79.724000     40.000000     87.181000     120.000000    88.121000     5.41677E-04  1.17190E-05
3  2577.000000   79.724000     1880.000000   67.320000     1960.000000   54.922000     3.53241E-03  5.08377E-05
3  2577.000000   79.724000     1960.000000   54.922000     2040.000000   51.134000     1.90021E-03  2.99496E-05
3  2577.000000   79.724000     2000.000000   51.429000     2080.000000   47.855000     2.51684E-03  4.04250E-05
3  2577.000000   79.724000     2040.000000   51.134000     2120.000000   51.358000     3.94494E-03  5.90759E-05
3  2577.000000   79.724000     2080.000000   47.855000     2160.000000   53.175000     5.48572E-03  7.88479E-05
3  2577.000000   79.724000     2120.000000   51.358000     2200.000000   49.089000     5.82628E-03  8.23248E-05
3  2577.000000   79.724000     2160.000000   53.175000     2240.000000   45.045000     8.94519E-03  1.03610E-04
3  2577.000000   79.724000     0.000000      94.302000     160.000000    96.899000     1.22623E-03  2.65283E-05
3  2577.000000   79.724000     40.000000     87.181000     200.000000    103.483000    1.04822E-03  2.26775E-05
3  2577.000000   79.724000     80.000000     87.439000     240.000000    107.360000    9.23291E-04  1.99748E-05
3  2577.000000   79.724000     120.000000    88.121000     280.000000    105.248000    1.01468E-03  2.19518E-05
3  2577.000000   79.724000     1160.000000   128.135000    1320.000000   143.045000    3.46934E-03  5.01184E-05
3  2577.000000   79.724000     1200.000000   123.583000    1360.000000   150.159000    3.65437E-03  5.27687E-05
3  2577.000000   79.724000     1240.000000   121.871000    1400.000000   160.896000    3.52670E-03  5.07623E-05
3  2577.000000   79.724000     1280.000000   129.599000    1440.000000   178.173000    3.60810E-03  5.19278E-05
3  2577.000000   79.724000     1320.000000   143.045000    1480.000000   197.065000    3.22144E-03  4.63652E-05
3  2577.000000   79.724000     1360.000000   150.159000    1520.000000   178.674000    3.09300E-03  4.45339E-05
3  2577.000000   79.724000     1400.000000   160.896000    1560.000000   156.964000    2.87042E-03  4.49333E-05
3  2577.000000   79.724000     1440.000000   178.173000    1600.000000   137.193000    3.12327E-03  4.49713E-05
3  2577.000000   79.724000     1480.000000   197.065000    1640.000000   122.640000    4.31739E-03  6.21372E-05
3  2577.000000   79.724000     1520.000000   178.674000    1680.000000   100.508000    5.71103E-03  7.94878E-05
3  2577.000000   79.724000     1560.000000   156.964000    1720.000000   92.752000     7.12578E-03  9.62557E-05
3  2577.000000   79.724000     1600.000000   137.193000    1760.000000   89.581000     7.50714E-03  1.01289E-04
3  2577.000000   79.724000     1640.000000   122.640000    1800.000000   73.849000     8.37036E-03  9.64960E-05
3  2577.000000   79.724000     1680.000000   100.508000    1840.000000   69.746000     9.31358E-03  1.06965E-04
3  2577.000000   79.724000     1720.000000   92.752000     1880.000000   67.320000     9.47648E-03  1.08926E-04
3  2577.000000   79.724000     1760.000000   89.581000     1920.000000   57.532000     9.65977E-03  1.05261E-04
3  2577.000000   79.724000     0.000000      94.302000     320.000000    113.072000    2.23626E-03  3.49899E-05
3  2577.000000   79.724000     40.000000     87.181000     360.000000    115.089000    2.07802E-03  3.25133E-05
3  2577.000000   79.724000     80.000000     87.439000     400.000000    115.247000    2.00405E-03  3.13560E-05
3  2577.000000   79.724000     120.000000    88.121000     440.000000    111.533000    2.06710E-03  3.23425E-05
3  2577.000000   79.724000     160.000000    96.899000     480.000000    120.110000    2.14591E-03  3.35756E-05
3  2577.000000   79.724000     200.000000    103.483000    520.000000    115.268000    2.09577E-03  3.27913E-05
3  2577.000000   79.724000     240.000000    107.360000    560.000000    123.811000    2.25445E-03  3.52745E-05
3  2577.000000   79.724000     280.000000    105.248000    600.000000    124.839000    2.18039E-03  3.41159E-05
3  2577.000000   79.724000     320.000000    113.072000    640.000000    115.456000    2.14926E-03  3.36290E-05
3  2577.000000   79.724000     360.000000    115.089000    680.000000    99.357000     2.27965E-03  3.56692E-05
3  2577.000000   79.724000     400.000000    115.247000    720.000000    100.587000    2.42692E-03  3.79728E-05
3  2577.000000   79.724000     440.000000    111.533000    760.000000    98.622000     2.60467E-03  4.07545E-05
3  2577.000000   79.724000     480.000000    120.110000    800.000000    109.655000    2.79705E-03  4.37654E-05
3  2577.000000   79.724000     520.000000    115.268000    840.000000    115.365000    3.19173E-03  4.59354E-05
3  2577.000000   79.724000     560.000000    123.811000    880.000000    118.144000    3.37596E-03  4.85865E-05
3  2577.000000   79.724000     600.000000    124.839000    920.000000    132.008000    3.63022E-03  5.22469E-05
3  2577.000000   79.724000     640.000000    115.456000    960.000000    128.518000    3.82045E-03  5.49839E-05
3  2577.000000   79.724000     680.000000    99.357000     1000.000000   116.905000    3.99459E-03  5.74905E-05
3  2577.000000   79.724000     720.000000    100.587000    1040.000000   108.286000    3.96178E-03  5.70179E-05
3  2577.000000   79.724000     760.000000    98.622000     1080.000000   117.343000    4.19328E-03  6.03539E-05
3  2577.000000   79.724000     800.000000    109.655000    1120.000000   134.172000    4.11898E-03  5.92795E-05
3  2577.000000   79.724000     840.000000    115.365000    1160.000000   128.135000    3.96427E-03  5.70518E-05
3  2577.000000   79.724000     880.000000    118.144000    1200.000000   123.583000    3.97722E-03  5.72366E-05
3  2577.000000   79.724000     920.000000    132.008000    1240.000000   121.871000    4.58265E-03  6.35783E-05
3  2577.000000   79.724000     960.000000    128.518000    1280.000000   129.599000    4.98562E-03  6.92004E-05
3  2783.000000   75.334000     0.000000      94.302000     40.000000     87.181000     3.81718E-04  8.26038E-06
3  2783.000000   75.334000     0.000000      94.302000     80.000000     87.439000     6.66239E-04  1.44161E-05
3  2783.000000   75.334000     40.000000     87.181000     120.000000    88.121000     5.13256E-04  1.11047E-05
3  2783.000000   75.334000     2080.000000   47.855000     2160.000000   53.175000     3.16177E-03  4.72141E-05
3  2783.000000   75.334000     2120.000000   51.358000     2200.000000   49.089000     3.27062E-03  4.84196E-05
3  2783.000000   75.334000     2160.000000   53.175000     2240.000000   45.045000     4.97139E-03  7.01563E-05
3  2783.000000   75.334000     2200.000000   49.089000     2280.000000   42.192000     1.02832E-02  1.14752E-04
3  2783.000000   75.334000     2240.000000   45.045000     2320.000000   45.283000     1.57016E-02  1.66412E-04
3  2783.000000   75.334000     2280.000000   42.192000     2360.000000   52.469000     1.90460E-02  1.97960E-04
3  2783.000000   75.334000     2320.000000   45.283000     2400.000000   59.965000     1.95245E-02  2.02698E-04
3  2783.000000   75.334000     0.000000      94.302000     160.000000    96.899000     1.16188E-03  2.51360E-05
3  2783.000000   75.334000     40.000000     87.181000     200.000000    103.483000    9.98423E-04  2.15999E-05
3  2783.000000   75.334000     80.000000     87.439000     240.000000    107.360000    8.82689E-04  1.90964E-05
3  2783.000000   75.334000     120.000000    88.121000     280.000000    105.248000    9.74755E-04  2.10881E-05
3  2783.000000   75.334000     1360.000000   150.159000    1520.000000   178.674000    2.92295E-03  4.20764E-05
3  2783.000000   75.334000     1400.000000   160.896000    1560.000000   156.964000    2.71236E-03  4.24487E-05
3  2783.000000   75.334000     1440.000000   178.173000    1600.000000   137.193000    2.93628E-03  4.22657E-05
3  2783.000000   75.334000     1480.000000   197.065000    1640.000000   122.640000    3.99854E-03  5.75454E-05
3  2783.000000   75.334000     1520.000000   178.674000    1680.000000   100.508000    5.27124E-03  7.34099E-05
3  2783.000000   75.334000     1560.000000   156.964000    1720.000000   92.752000     6.54241E-03  8.88505E-05
3  2783.000000   75.334000     1600.000000   137.193000    1760.000000   89.581000     6.87395E-03  9.32204E-05
3  2783.000000   75.334000     1640.000000   122.640000    1800.000000   73.849000     7.62311E-03  1.03257E-04
3  2783.000000   75.334000     1680.000000   100.508000    1840.000000   69.746000     8.45322E-03  9.74766E-05
3  2783.000000   75.334000     1720.000000   92.752000     1880.000000   67.320000     8.58387E-03  9.87591E-05
3  2783.000000   75.334000     1760.000000   89.581000     1920.000000   57.532000     8.72356E-03  1.00400E-04
3  2783.000000   75.334000     1800.000000   73.849000     1960.000000   54.922000     7.91319E-03  9.06124E-05
3  2783.000000   75.334000     1840.000000   69.746000     2000.000000   51.429000     5.93069E-03  8.22753E-05
3  2783.000000   75.334000     1880.000000   67.320000     2040.000000   51.134000     4.70762E-03  6.54039E-05
3  2783.000000   75.334000     1920.000000   57.532000     2080.000000   47.855000     4.18316E-03  6.07340E-05
3  2783.000000   75.334000     1960.000000   54.922000     2120.000000   51.358000     4.09574E-03  5.89590E-05
3  2783.000000   75.334000     0.000000      94.302000     320.000000    113.072000    2.13486E-03  3.34059E-05
3  2783.000000   75.334000     40.000000     87.181000     360.000000    115.089000    1.99161E-03  3.11615E-05
3  2783.000000   75.334000     80.000000     87.439000     400.000000    115.247000    1.92498E-03  3.01188E-05
3  2783.000000   75.334000     120.000000    88.121000     440.000000    111.533000    1.98998E-03  3.11358E-05
3  2783.000000   75.334000     160.000000    96.899000     480.000000    120.110000    2.06842E-03  3.23631E-05
3  2783.000000   75.334000     200.000000    103.483000    520.000000    115.268000    2.02100E-03  3.16216E-05
3  2783.000000   75.334000     240.000000    107.360000    560.000000    123.811000    2.17495E-03  3.40306E-05
3  2783.000000   75.334000     280.000000    105.248000    600.000000    124.839000    2.10405E-03  3.29212E-05
3  2783.000000   75.334000     320.000000    113.072000    640.000000    115.456000    2.07368E-03  3.24465E-05
3  2783.000000   75.334000     360.000000    115.089000    680.000000    99.357000     2.19883E-03  3.44044E-05
3  2783.000000   75.334000     400.000000    115.247000    720.000000    100.587000    2.34120E-03  3.66314E-05
3  2783.000000   75.334000     440.000000    111.533000    760.000000    98.622000     2.51198E-03  3.93039E-05
3  2783.000000   75.334000     480.000000    120.110000    800.000000    109.655000    2.69670E-03  4.21950E-05
3  2783.000000   75.334000     520.000000    115.268000    840.000000    115.365000    3.07702E-03  4.42832E-05
3  2783.000000   75.334000     560.000000    123.811000    880.000000    118.144000    3.25315E-03  4.68184E-05
3  2783.000000   75.334000     600.000000    124.839000    920.000000    132.008000    3.49770E-03  5.03368E-05
3  2783.000000   75.334000     640.000000    115.456000    960.000000    128.518000    3.68055E-03  5.29694E-05
3  2783.000000   75.334000     680.000000    99.357000     1000.000000   116.905000    3.84780E-03  5.53760E-05
3  2783.000000   75.334000     720.000000    100.587000    1040.000000   108.286000    3.81459E-03  5.48981E-05
3  2783.000000   75.334000     760.000000    98.622000     1080.000000   117.343000    4.02969E-03  5.79981E-05
3  2783.000000   75.334000     800.000000    109.655000    1120.000000   134.172000    3.95393E-03  5.69046E-05
3  2783.000000   75.334000     840.000000    115.365000    1160.000000   128.135000    3.80026E-03  5.46926E-05
3  2783.000000   75.334000     880.000000    118.144000    1200.000000   123.583000    3.80469E-03  5.47544E-05
3  2783.000000   75.334000     920.000000    132.008000    1240.000000   121.871000    4.39235E-03  6.09184E-05
3  2783.000000   75.334000     960.000000    128.518000    1280.000000   129.599000    4.76588E-03  6.61199E-05
3  2783.000000   75.334000     1000.000000   116.905000    1320.000000   143.045000    5.16061E-03  7.15782E-05
3  2783.000000   75.334000     1040.000000   108.286000    1360.000000   150.159000    5.50646E-03  7.63779E-05
3  2783.000000   75.334000     1080.000000   117.343000    1400.000000   160.896000    5.75525E-03  7.98570E-05
3  2783.000000   75.334000     1120.000000   134.172000    1440.000000   178.173000    6.15818E-03  8.25461E-05
3  2783.000000   75.334000     1160.000000   128.135000    1480.000000   197.065000    6.35116E-03  8.51824E-05
3  2900.000000   119.420000    0.000000      94.302000     40.000000     87.181000     3.77409E-04  8.16472E-06
3  2900.000000   119.420000    0.000000      94.302000     80.000000     87.439000     6.57246E-04  1.42185E-05
3  2900.000000   119.420000    40.000000     87.181000     120.000000    88.121000     5.02984E-04  1.08813E-05
3  2900.000000   119.420000    2200.000000   49.089000     2280.000000   42.192000     8.76381E-03  1.04014E-04
3  2900.000000   119.420000    2240.000000   45.045000     2320.000000   45.283000     1.34682E-02  1.45112E-04
3  2900.000000   119.420000    2280.000000   42.192000     2360.000000   52.469000     1.57521E-02  1.66125E-04
3  2900.000000   119.420000    2320.000000   45.283000     2400.000000   59.965000     1.57106E-02  1.65089E-04
3  2900.000000   119.420000    0.000000      94.302000     160.000000    96.899000     1.14017E-03  2.46658E-05
3  2900.000000   119.420000    40.000000     87.181000     200.000000    103.483000    9.74985E-04  2.10922E-05
3  2900.000000   119.420000    80.000000     87.439000     240.000000    107.360000    8.58894E-04  1.85808E-05
3  2900.000000   119.420000    120.000000    88.121000     280.000000    105.248000    9.45094E-04  2.04456E-05
3  2900.000000   119.420000    1480.000000   197.065000    1640.000000   122.640000    3.68061E-03  5.29677E-05
3  2900.000000   119.420000    1520.000000   178.674000    1680.000000   100.508000    4.84575E-03  6.74470E-05
3  2900.000000   119.420000    1560.000000   156.964000    1720.000000   92.752000     6.01688E-03  8.22237E-05
3  2900.000000   119.420000    1600.000000   137.193000    1760.000000   89.581000     6.29790E-03  8.57875E-05
3  2900.000000   119.420000    1640.000000   122.640000    1800.000000   73.849000     6.96000E-03  9.50075E-05
3  2900.000000   119.420000    1680.000000   100.508000    1840.000000   69.746000     7.66639E-03  1.03962E-04
3  2900.000000   119.420000    1720.000000   92.752000     1880.000000   67.320000     7.73976E-03  8.91938E-05
3  2900.000000   119.420000    1760.000000   89.581000     1920.000000   57.532000     7.83727E-03  9.06302E-05
3  2900.000000   119.420000    1800.000000   73.849000     1960.000000   54.922000     7.07680E-03  9.50244E-05
3  2900.000000   119.420000    1840.000000   69.746000     2000.000000   51.429000     5.29612E-03  7.34519E-05
3  2900.000000   119.420000    1880.000000   67.320000     2040.000000   51.134000     4.18508E-03  6.02522E-05
3  2900.000000   119.420000    1920.000000   57.532000     2080.000000   47.855000     3.68927E-03  5.31111E-05
3  2900.000000   119.420000    1960.000000   54.922000     2120.000000   51.358000     3.56151E-03  5.12569E-05
3  2900.000000   119.420000    2000.000000   51.429000     2160.000000   53.175000     4.38035E-03  6.26618E-05
3  2900.000000   119.420000    2040.000000   51.134000     2200.000000   49.089000     4.96482E-03  7.05119E-05
3  2900.000000   119.420000    2080.000000   47.855000     2240.000000   45.045000     6.91726E-03  9.48730E-05
3  2900.000000   119.420000    0.000000      94.302000     320.000000    113.072000    2.08128E-03  3.25643E-05
3  2900.000000   119.420000    40.000000     87.181000     360.000000    115.089000    1.93333E-03  3.02495E-05
3  2900.000000   119.420000    80.000000     87.439000     400.000000    115.247000    1.86156E-03  2.91265E-05
3  2900.000000   119.420000    120.000000    88.121000     440.000000    111.533000    1.91880E-03  3.00221E-05
3  2900.000000   119.420000    160.000000    96.899000     480.000000    120.110000    1.98810E-03  3.11064E-05
3  2900.000000   119.420000    200.000000    103.483000    520.000000    115.268000    1.93869E-03  3.03333E-05
3  2900.000000   119.420000    240.000000    107.360000    560.000000    123.811000    2.08284E-03  3.25887E-05
3  2900.000000   119.420000    280.000000    105.248000    600.000000    124.839000    2.01140E-03  3.14712E-05
3  2900.000000   119.420000    320.000000    113.072000    640.000000    115.456000    1.97855E-03  3.09572E-05
3  2900.000000   119.420000    360.000000    115.089000    680.000000    99.357000     2.09417E-03  3.27662E-05
3  2900.000000   119.420000    400.000000    115.247000    720.000000    100.587000    2.22854E-03  3.48684E-05
3  2900.000000   119.420000    440.000000    111.533000    760.000000    98.622000     2.38858E-03  3.73724E-05
3  2900.000000   119.420000    480.000000    120.110000    800.000000    109.655000    2.56220E-03  4.00897E-05
3  2900.000000   119.420000    520.000000    115.268000    840.000000    115.365000    2.92376E-03  4.20776E-05
3  2900.000000   119.420000    560.000000    123.811000    880.000000    118.144000    3.09022E-03  4.44729E-05
3  2900.000000   119.420000    600.000000    124.839000    920.000000    132.008000    3.32350E-03  4.78285E-05
3  2900.000000   119.420000    640.000000    115.456000    960.000000    128.518000    3.49880E-03  5.03537E-05
3  2900.000000   119.420000    680.000000    99.357000     1000.000000   116.905000    3.65881E-03  5.26558E-05
3  2900.000000   119.420000    720.000000    100.587000    1040.000000   108.286000    3.62762E-03  5.22062E-05
3  2900.000000   119.420000    760.000000    98.622000     1080.000000   117.343000    3.82352E-03  5.50296E-05
3  2900.000000   119.420000    800.000000    109.655000    1120.000000   134.172000    3.74682E-03  5.39257E-05
3  2900.000000   119.420000    840.000000    115.365000    1160.000000   128.135000    3.59700E-03  5.17684E-05
3  2900.000000   119.420000    880.000000    118.144000    1200.000000   123.583000    3.60144E-03  5.18308E-05
3  2900.000000   119.420000    920.000000    132.008000    1240.000000   121.871000    4.17530E-03  6.00922E-05
3  2900.000000   119.420000    960.000000    128.518000    1280.000000   129.599000    4.52153E-03  6.27276E-05
3  2900.000000   119.420000    1000.000000   116.905000    1320.000000   143.045000    4.88383E-03  6.77421E-05
3  2900.000000   119.420000    1040.000000   108.286000    1360.000000   150.159000    5.20918E-03  7.22649E-05
3  2900.000000   119.420000    1080.000000   117.343000    1400.000000   160.896000    5.44579E-03  7.55723E-05
3  2900.000000   119.420000    1120.000000   134.172000    1440.000000   178.173000    5.82222E-03  8.07757E-05
3  2900.000000   119.420000    1160.000000   128.135000    1480.000000   197.065000    5.91510E-03  8.21359E-05
3  2900.000000   119.420000    1200.000000   123.583000    1520.000000   178.674000    5.94273E-03  8.25392E-05
3  2900.000000   119.420000    1240.000000   121.871000    1560.000000   156.964000    5.54732E-03  7.69297E-05
3  2900.000000   119.420000    1280.000000   129.599000    1600.000000   137.193000    5.81018E-03  8.05779E-05
3  3030.000000   136.839000    0.000000      94.302000     40.000000     87.181000     3.76539E-04  8.15086E-06
3  3030.000000   136.839000    0.000000      94.302000     80.000000     87.439000     6.56791E-04  1.42095E-05
3  3030.000000   136.839000    40.000000     87.181000     120.000000    88.121000     5.04223E-04  1.09091E-05
3  3030.000000   136.839000    2320.000000   45.283000     2400.000000   59.965000     1.31514E-02  1.40369E-04
3  3030.000000   136.839000    0.000000      94.302000     160.000000    96.899000     1.14112E-03  2.46888E-05
3  3030.000000   136.839000    40.000000     87.181000     200.000000    103.483000    9.77021E-04  2.11464E-05
3  3030.000000   136.839000    80.000000     87.439000     240.000000    107.360000    8.60070E-04  1.86197E-05
3  3030.000000   136.839000    120.000000    88.121000     280.000000    105.248000    9.44781E-04  2.04494E-05
3  3030.000000   136.839000    1600.000000   137.193000    1760.000000   89.581000     6.17292E-03  8.32820E-05
3  3030.000000   136.839000    1640.000000   122.640000    1800.000000   73.849000     6.80635E-03  9.20334E-05
3  3030.000000   136.839000    1680.000000   100.508000    1840.000000   69.746000     7.48721E-03  1.01232E-04
3  3030.000000   136.839000    1720.000000   92.752000     1880.000000   67.320000     7.54596E-03  1.01898E-04
3  3030.000000   136.839000    1760.000000   89.581000     1920.000000   57.532000     7.63941E-03  1.02990E-04
3  3030.000000   136.839000    1800.000000   73.849000     1960.000000   54.922000     6.89070E-03  9.25442E-05
3  3030.000000   136.839000    1840.000000   69.746000     2000.000000   51.429000     5.13864E-03  7.19980E-05
3  3030.000000   136.839000    1880.000000   67.320000     2040.000000   51.134000     4.03790E-03  5.98207E-05
3  3030.000000   136.839000    1920.000000   57.532000     2080.000000   47.855000     3.49632E-03  5.23151E-05
3  3030.000000   136.839000    1960.000000   54.922000     2120.000000   51.358000     3.21621E-03  4.63002E-05
3  3030.000000   136.839000    2000.000000   51.429000     2160.000000   53.175000     3.82905E-03  5.52007E-05
3  3030.000000   136.839000    2040.000000   51.134000     2200.000000   49.089000     4.23903E-03  6.10865E-05
3  3030.000000   136.839000    2080.000000   47.855000     2240.000000   45.045000     5.83224E-03  8.15271E-05
3  3030.000000   136.839000    2120.000000   51.358000     2280.000000   42.192000     9.59705E-03  1.20560E-04
3  3030.000000   136.839000    2160.000000   53.175000     2320.000000   45.283000     1.44595E-02  1.76228E-04
3  3030.000000   136.839000    2200.000000   49.089000     2360.000000   52.469000     2.02726E-02  2.31880E-04
3  3030.000000   136.839000    0.000000      94.302000     320.000000    113.072000    2.07932E-03  3.25877E-05
3  3030.000000   136.839000    40.000000     87.181000     360.000000    115.089000    1.92997E-03  3.02698E-05
3  3030.000000   136.839000    80.000000     87.439000     400.000000    115.247000    1.85722E-03  2.90869E-05
3  3030.000000   136.839000    120.000000    88.121000     440.000000    111.533000    1.90823E-03  3.01269E-05
3  3030.000000   136.839000    160.000000    96.899000     480.000000    120.110000    1.97491E-03  3.15040E-05
3  3030.000000   136.839000    200.000000    103.483000    520.000000    115.268000    1.92481E-03  3.10687E-05
3  3030.000000   136.839000    240.000000    107.360000    560.000000    123.811000    2.06839E-03  3.29555E-05
3  3030.000000   136.839000    280.000000    105.248000    600.000000    124.839000    1.99710E-03  3.17481E-05
3  3030.000000   136.839000    320.000000    113.072000    640.000000    115.456000    1.96588E-03  3.10239E-05
3  3030.000000   136.839000    360.000000    115.089000    680.000000    99.357000     2.08359E-03  3.27422E-05
3  3030.000000   136.839000    400.000000    115.247000    720.000000    100.587000    2.21858E-03  3.50103E-05
3  3030.000000   136.839000    440.000000    111.533000    760.000000    98.622000     2.38309E-03  3.72973E-05
3  3030.000000   136.839000    480.000000    120.110000    800.000000    109.655000    2.55862E-03  4.01061E-05
3  3030.000000   136.839000    520.000000    115.268000    840.000000    115.365000    2.92146E-03  4.21970E-05
3  3030.000000   136.839000    560.000000    123.811000    880.000000    118.144000    3.08747E-03  4.46176E-05
3  3030.000000   136.839000    600.000000    124.839000    920.000000    132.008000    3.32235E-03  4.79315E-05
3  3030.000000   136.839000    640.000000    115.456000    960.000000    128.518000    3.50045E-03  5.04796E-05
3  3030.000000   136.839000    680.000000    99.357000     1000.000000   116.905000    3.65700E-03  5.27449E-05
3  3030.000000   136.839000    720.000000    100.587000    1040.000000   108.286000    3.62428E-03  5.22534E-05
3  3030.000000   136.839000    760.000000    98.622000     1080.000000   117.343000    3.81954E-03  5.50965E-05
3  3030.000000   136.839000    800.000000    109.655000    1120.000000   134.172000    3.73123E-03  5.37611E-05
3  3030.000000   136.839000    840.000000    115.365000    1160.000000   128.135000    3.57905E-03  5.15437E-05
3  3030.000000   136.839000    880.000000    118.144000    1200.000000   123.583000    3.59045E-03  5.16906E-05
3  3030.000000   136.839000    920.000000    132.008000    1240.000000   121.871000    4.48398E-03  6.26103E-05
3  3030.000000   136.839000    960.000000    128.518000    1280.000000   129.599000    4.81151E-03  6.73794E-05
3  3030.000000   136.839000    1000.000000   116.905000    1320.000000   143.045000    5.16446E-03  7.21067E-05
3  3030.000000   136.839000    1040.000000   108.286000    1360.000000   150.159000    5.47943E-03  7.64824E-05
3  3030.000000   136.839000    1080.000000   117.343000    1400.000000   160.896000    5.70745E-03  7.97645E-05
3  3030.000000   136.839000    1120.000000   134.172000    1440.000000   178.173000    6.08325E-03  8.18605E-05
3  3030.000000   136.839000    1160.000000   128.135000    1480.000000   197.065000    6.58972E-03  8.92261E-05
3  3030.000000   136.839000    1200.000000   123.583000    1520.000000   178.674000    6.60354E-03  8.97659E-05
3  3030.000000   136.839000    1240.000000   121.871000    1560.000000   156.964000    5.88312E-03  8.16312E-05
3  3030.000000   136.839000    1280.000000   129.599000    1600.000000   137.193000    6.13408E-03  8.22053E-05
3  3030.000000   136.839000    1320.000000   143.045000    1640.000000   122.640000    6.77415E-03  9.09470E-05
3  3030.000000   136.839000    1360.000000   150.159000    1680.000000   100.508000    7.78625E-03  8.93784E-05
3  3030.000000   136.839000    1400.000000   160.896000    1720.000000   92.752000     8.71158E-03  1.00476E-04
