L24 SSIP denoised F3 0.65625 Hz
10.000000
11
0
Type of measurement (0=app. resistivity,1=resistance)
1
2349                
1
1
Phase Angle
mrad
0,0.65625
Error estimate for data present
Type of error estimate (0=same unit as data)
0
3  -20.000000    100.546000    160.000000    96.899000     200.000000    103.483000    1.57530E-02  1.65418E-04  3.592310  10.258600
3  -20.000000    100.546000    200.000000    103.483000    240.000000    107.360000    8.62938E-03  9.86209E-05  3.558710  12.628500
3  -20.000000    100.546000    240.000000    107.360000    280.000000    105.248000    1.31108E-02  1.38985E-04  5.613660  10.889400
3  -20.000000    100.546000    280.000000    105.248000    320.000000    113.072000    8.79391E-03  1.00501E-04  7.183420  12.628500
3  -20.000000    100.546000    2360.000000   52.469000     2400.000000   59.965000     1.94768E-04  4.21349E-06  11.210800  24.000700
3  -20.000000    100.546000    320.000000    113.072000    400.000000    115.247000    1.13472E-02  1.22936E-04  7.610690  11.682400
3  -20.000000    100.546000    360.000000    115.089000    440.000000    111.533000    1.02951E-02  1.11537E-04  7.280960  11.682500
3  -20.000000    100.546000    400.000000    115.247000    480.000000    120.110000    1.09278E-02  1.18392E-04  7.975500  11.682200
3  -20.000000    100.546000    440.000000    111.533000    520.000000    115.268000    7.70492E-03  8.80557E-05  9.082210  12.628500
3  -20.000000    100.546000    480.000000    120.110000    560.000000    123.811000    5.53078E-03  7.66998E-05  8.315050  14.200700
3  -20.000000    100.546000    520.000000    115.268000    600.000000    124.839000    5.54961E-03  7.69609E-05  9.067120  14.218100
3  -20.000000    100.546000    560.000000    123.811000    640.000000    115.456000    3.99830E-03  5.75387E-05  9.644920  15.073600
3  -20.000000    100.546000    600.000000    124.839000    680.000000    99.357000     4.29970E-03  6.18761E-05  11.273900  15.042700
3  -20.000000    100.546000    2280.000000   42.192000     2360.000000   52.469000     5.94351E-04  1.28578E-05  14.216200  24.000700
3  -20.000000    100.546000    2320.000000   45.283000     2400.000000   59.965000     4.08224E-04  8.83127E-06  9.902550  24.000700
3  -20.000000    100.546000    640.000000    115.456000    800.000000    109.655000    9.69042E-03  1.04986E-04  13.153800  11.682200
3  -20.000000    100.546000    680.000000    99.357000     840.000000    115.365000    9.47601E-03  1.02663E-04  13.185600  11.682200
3  -20.000000    100.546000    720.000000    100.587000    880.000000    118.144000    9.25541E-03  1.05775E-04  13.554200  12.628500
3  -20.000000    100.546000    760.000000    98.622000     920.000000    132.008000    8.35425E-03  9.54765E-05  13.106400  12.628500
3  -20.000000    100.546000    800.000000    109.655000    960.000000    128.518000    7.11624E-03  9.53484E-05  14.807300  13.056400
3  -20.000000    100.546000    840.000000    115.365000    1000.000000   116.905000    6.45957E-03  8.65498E-05  14.401000  13.056400
3  -20.000000    100.546000    880.000000    118.144000    1040.000000   108.286000    5.43102E-03  7.53158E-05  16.242100  14.192400
3  -20.000000    100.546000    920.000000    132.008000    1080.000000   117.343000    5.41386E-03  7.50778E-05  18.454100  14.192400
3  -20.000000    100.546000    960.000000    128.518000    1120.000000   134.172000    5.10269E-03  7.07626E-05  17.053500  14.192400
3  -20.000000    100.546000    1000.000000   116.905000    1160.000000   128.135000    4.28893E-03  5.94776E-05  19.774000  14.192400
3  -20.000000    100.546000    1040.000000   108.286000    1200.000000   123.583000    4.36352E-03  6.05120E-05  19.117900  14.192400
3  -20.000000    100.546000    1080.000000   117.343000    1240.000000   121.871000    4.20459E-03  6.05074E-05  18.284500  15.033000
3  -20.000000    100.546000    1120.000000   134.172000    1280.000000   129.599000    4.46133E-03  6.18684E-05  20.476200  14.192400
3  -20.000000    100.546000    1160.000000   128.135000    1320.000000   143.045000    5.01615E-03  6.95625E-05  21.311100  14.192400
3  -20.000000    100.546000    1200.000000   123.583000    1360.000000   150.159000    4.97435E-03  6.89828E-05  20.680000  14.192400
3  -20.000000    100.546000    1240.000000   121.871000    1400.000000   160.896000    4.69016E-03  6.50417E-05  20.649900  14.192400
3  -20.000000    100.546000    2120.000000   51.358000     2280.000000   42.192000     9.12418E-04  1.97387E-05  21.543800  24.000700
3  -20.000000    100.546000    2160.000000   53.175000     2320.000000   45.283000     1.07258E-03  2.32036E-05  18.023500  24.000800
3  -20.000000    100.546000    2200.000000   49.089000     2360.000000   52.469000     1.12660E-03  2.43722E-05  15.667800  24.000700
3  -20.000000    100.546000    2240.000000   45.045000     2400.000000   59.965000     1.11985E-03  2.42262E-05  14.685200  24.000800
3  -20.000000    100.546000    1280.000000   129.599000    1600.000000   137.193000    7.09821E-03  9.51068E-05  15.014900  13.056400
3  -20.000000    100.546000    1320.000000   143.045000    1640.000000   122.640000    7.14377E-03  9.57172E-05  12.850400  13.056400
3  -20.000000    100.546000    1360.000000   150.159000    1680.000000   100.508000    7.72952E-03  8.83368E-05  12.065800  12.628500
3  -20.000000    100.546000    1400.000000   160.896000    1720.000000   92.752000     8.08946E-03  9.24504E-05  11.502500  12.628500
3  -20.000000    100.546000    1440.000000   178.173000    1760.000000   89.581000     8.09956E-03  9.25658E-05  10.790200  12.628500
3  -20.000000    100.546000    1480.000000   197.065000    1800.000000   73.849000     9.24768E-03  1.05687E-04  10.214200  12.628500
3  -20.000000    100.546000    1520.000000   178.674000    1840.000000   69.746000     1.02214E-02  1.10739E-04  9.601430  11.682200
3  -20.000000    100.546000    1560.000000   156.964000    1880.000000   67.320000     1.06838E-02  1.15748E-04  9.027220  11.682200
3  -20.000000    100.546000    1600.000000   137.193000    1920.000000   57.532000     1.05267E-02  1.14046E-04  8.773010  11.682200
3  -20.000000    100.546000    1640.000000   122.640000    1960.000000   54.922000     9.93072E-03  1.07589E-04  9.164920  11.682300
3  -20.000000    100.546000    1680.000000   100.508000    2000.000000   51.429000     8.78166E-03  1.00361E-04  9.178190  12.628600
3  -20.000000    100.546000    1720.000000   92.752000     2040.000000   51.134000     7.54892E-03  1.01146E-04  8.684270  13.056800
3  -20.000000    100.546000    1760.000000   89.581000     2080.000000   47.855000     6.82010E-03  9.13805E-05  9.162960  13.056800
3  -20.000000    100.546000    1800.000000   73.849000     2120.000000   51.358000     5.47087E-03  7.58684E-05  10.644300  14.192400
3  -20.000000    100.546000    1840.000000   69.746000     2160.000000   53.175000     4.17383E-03  6.00648E-05  13.125000  15.033000
3  -20.000000    100.546000    1880.000000   67.320000     2200.000000   49.089000     3.19622E-03  4.59962E-05  16.137400  15.033000
3  -20.000000    100.546000    1920.000000   57.532000     2240.000000   45.045000     2.58696E-03  4.04764E-05  19.361200  17.471400
3  -20.000000    100.546000    1960.000000   54.922000     2280.000000   42.192000     2.12037E-03  3.31759E-05  19.941500  17.471500
3  -20.000000    100.546000    2000.000000   51.429000     2320.000000   45.283000     2.15714E-03  3.37513E-05  20.116500  17.471500
3  -20.000000    100.546000    2040.000000   51.134000     2360.000000   52.469000     2.05724E-03  3.21882E-05  20.412500  17.471500
3  -20.000000    100.546000    2080.000000   47.855000     2400.000000   59.965000     1.96478E-03  3.07415E-05  19.521400  17.471600
3  -320.000000   93.637000     2360.000000   52.469000     2400.000000   59.965000     1.40399E-04  3.03731E-06  -2.390740  24.000700
3  -320.000000   93.637000     320.000000    113.072000    400.000000    115.247000    1.57916E-03  2.47169E-05  -0.295308  18.533200
3  -320.000000   93.637000     2280.000000   42.192000     2360.000000   52.469000     4.24121E-04  9.17518E-06  5.395240  24.002700
3  -320.000000   93.637000     2320.000000   45.283000     2400.000000   59.965000     2.93649E-04  6.35263E-06  -5.812900  24.000800
3  -320.000000   93.637000     360.000000    115.089000    520.000000    115.268000    3.23896E-03  4.66122E-05  8.037740  16.570400
3  -320.000000   93.637000     400.000000    115.247000    560.000000    123.811000    3.28269E-03  4.72432E-05  8.817220  17.768400
3  -320.000000   93.637000     440.000000    111.533000    600.000000    124.839000    2.94342E-03  4.23596E-05  6.558290  16.751200
3  -320.000000   93.637000     480.000000    120.110000    640.000000    115.456000    2.42355E-03  3.79203E-05  7.788180  20.015200
3  -320.000000   93.637000     520.000000    115.268000    680.000000    99.357000     2.73977E-03  4.28725E-05  9.397380  18.973300
3  -320.000000   93.637000     560.000000    123.811000    720.000000    100.587000    2.66102E-03  4.16378E-05  9.427890  17.675400
3  -320.000000   93.637000     600.000000    124.839000    760.000000    98.622000     2.98741E-03  4.29966E-05  9.860500  15.033600
3  -320.000000   93.637000     640.000000    115.456000    800.000000    109.655000    3.40615E-03  4.90271E-05  10.385800  15.033400
3  -320.000000   93.637000     680.000000    99.357000     840.000000    115.365000    3.50689E-03  5.04684E-05  9.773520  15.034100
3  -320.000000   93.637000     720.000000    100.587000    880.000000    118.144000    3.56129E-03  5.12512E-05  9.813390  15.034000
3  -320.000000   93.637000     760.000000    98.622000     920.000000    132.008000    3.34803E-03  4.81818E-05  8.179510  15.033700
3  -320.000000   93.637000     800.000000    109.655000    960.000000    128.518000    2.95500E-03  4.25254E-05  8.605730  15.034000
3  -320.000000   93.637000     840.000000    115.365000    1000.000000   116.905000    2.77112E-03  4.33581E-05  7.697080  17.472300
3  -320.000000   93.637000     880.000000    118.144000    1040.000000   108.286000    2.39379E-03  3.74540E-05  8.838000  17.472300
3  -320.000000   93.637000     920.000000    132.008000    1080.000000   117.343000    2.48693E-03  3.89115E-05  11.695000  17.472100
3  -320.000000   93.637000     960.000000    128.518000    1120.000000   134.172000    2.41477E-03  3.77822E-05  11.125900  17.472000
3  -320.000000   93.637000     2120.000000   51.358000     2280.000000   42.192000     6.60606E-04  1.42914E-05  10.023700  24.000900
3  -320.000000   93.637000     2160.000000   53.175000     2320.000000   45.283000     7.71144E-04  1.66825E-05  9.096640  24.002300
3  -320.000000   93.637000     2200.000000   49.089000     2360.000000   52.469000     8.06938E-04  1.74574E-05  5.671500  24.003400
3  -320.000000   93.637000     2240.000000   45.045000     2400.000000   59.965000     8.01242E-04  1.73353E-05  5.217700  24.005800
3  -320.000000   93.637000     1000.000000   116.905000    1320.000000   143.045000    4.89077E-03  6.78242E-05  12.472100  14.192800
3  -320.000000   93.637000     1040.000000   108.286000    1360.000000   150.159000    5.02032E-03  6.96208E-05  11.270100  14.192900
3  -320.000000   93.637000     1080.000000   117.343000    1400.000000   160.896000    4.93091E-03  6.83809E-05  9.503470  14.192700
3  -320.000000   93.637000     1120.000000   134.172000    1440.000000   178.173000    5.04159E-03  6.99158E-05  8.222340  14.192600
3  -320.000000   93.637000     1160.000000   128.135000    1480.000000   197.065000    4.91719E-03  6.81906E-05  7.603870  14.192700
3  -320.000000   93.637000     1200.000000   123.583000    1520.000000   178.674000    4.75757E-03  6.59770E-05  6.643920  14.192600
3  -320.000000   93.637000     1240.000000   121.871000    1560.000000   156.964000    4.38197E-03  6.07678E-05  5.837300  14.192600
3  -320.000000   93.637000     1280.000000   129.599000    1600.000000   137.193000    4.30397E-03  6.19376E-05  2.715920  15.033200
3  -320.000000   93.637000     1320.000000   143.045000    1640.000000   122.640000    4.43488E-03  6.15016E-05  0.560170  14.192500
3  -320.000000   93.637000     1360.000000   150.159000    1680.000000   100.508000    4.88182E-03  6.77001E-05  -0.214420  14.192600
3  -320.000000   93.637000     1400.000000   160.896000    1720.000000   92.752000     5.20101E-03  7.21266E-05  -0.457590  14.192600
3  -320.000000   93.637000     1440.000000   178.173000    1760.000000   89.581000     5.26926E-03  7.30725E-05  -1.171650  14.192600
3  -320.000000   93.637000     1480.000000   197.065000    1800.000000   73.849000     6.06833E-03  8.13077E-05  -1.864830  13.056800
3  -320.000000   93.637000     1520.000000   178.674000    1840.000000   69.746000     6.75993E-03  9.05743E-05  -2.401180  13.057000
3  -320.000000   93.637000     1560.000000   156.964000    1880.000000   67.320000     7.10867E-03  9.52469E-05  -2.912140  13.057200
3  -320.000000   93.637000     1600.000000   137.193000    1920.000000   57.532000     7.04406E-03  9.43812E-05  -3.113490  13.057400
3  -320.000000   93.637000     1640.000000   122.640000    1960.000000   54.922000     6.68958E-03  8.96357E-05  -2.872640  13.058100
3  -320.000000   93.637000     1680.000000   100.508000    2000.000000   51.429000     5.94710E-03  7.96894E-05  -2.855300  13.058500
3  -320.000000   93.637000     1720.000000   92.752000     2040.000000   51.134000     5.14071E-03  7.13109E-05  -3.571470  14.200000
3  -320.000000   93.637000     1760.000000   89.581000     2080.000000   47.855000     4.66594E-03  6.47399E-05  -3.305040  14.208000
3  -320.000000   93.637000     1800.000000   73.849000     2120.000000   51.358000     3.76757E-03  5.42183E-05  -1.332110  15.033100
3  -320.000000   93.637000     1840.000000   69.746000     2160.000000   53.175000     2.89479E-03  4.16595E-05  1.024230  15.034800
3  -320.000000   93.637000     1880.000000   67.320000     2200.000000   49.089000     2.23476E-03  3.49657E-05  3.626200  17.472000
3  -320.000000   93.637000     1920.000000   57.532000     2240.000000   45.045000     1.82382E-03  2.85369E-05  6.177760  17.471700
3  -320.000000   93.637000     1960.000000   54.922000     2280.000000   42.192000     1.50947E-03  2.36178E-05  7.956710  17.472800
3  -320.000000   93.637000     2000.000000   51.429000     2320.000000   45.283000     1.54279E-03  2.41397E-05  9.796610  17.472600
3  -320.000000   93.637000     2040.000000   51.134000     2360.000000   52.469000     1.47617E-03  3.19346E-05  9.917900  24.001000
3  -320.000000   93.637000     2080.000000   47.855000     2400.000000   59.965000     1.41221E-03  3.05510E-05  9.861420  24.002000
3  -480.000000   80.619000     2360.000000   52.469000     2400.000000   59.965000     1.39794E-04  3.02422E-06  12.146200  24.000800
3  -480.000000   80.619000     200.000000    103.483000    280.000000    105.248000    9.36951E-04  2.02752E-05  2.858900  35.543500
3  -480.000000   80.619000     2280.000000   42.192000     2360.000000   52.469000     4.21644E-04  9.12159E-06  17.269300  24.000800
3  -480.000000   80.619000     2320.000000   45.283000     2400.000000   59.965000     2.92292E-04  6.32327E-06  9.775430  24.000900
3  -480.000000   80.619000     360.000000    115.089000    520.000000    115.268000    2.39064E-03  3.75385E-05  10.104200  21.036200
3  -480.000000   80.619000     400.000000    115.247000    560.000000    123.811000    2.49412E-03  3.91288E-05  13.759000  24.177700
3  -480.000000   80.619000     440.000000    111.533000    600.000000    124.839000    2.29559E-03  3.60171E-05  17.005800  24.887100
3  -480.000000   80.619000     480.000000    120.110000    640.000000    115.456000    1.95409E-03  3.06667E-05  19.252900  25.510500
3  -480.000000   80.619000     520.000000    115.268000    680.000000    99.357000     2.25504E-03  3.53385E-05  19.614900  22.503400
3  -480.000000   80.619000     560.000000    123.811000    720.000000    100.587000    2.23733E-03  3.50115E-05  17.728100  18.348800
3  -480.000000   80.619000     600.000000    124.839000    760.000000    98.622000     2.55021E-03  3.99014E-05  17.733600  17.530100
3  -480.000000   80.619000     640.000000    115.456000    800.000000    109.655000    2.94764E-03  4.24189E-05  17.617100  15.034200
3  -480.000000   80.619000     680.000000    99.357000     840.000000    115.365000    3.07210E-03  4.42100E-05  17.385400  15.033100
3  -480.000000   80.619000     720.000000    100.587000    880.000000    118.144000    3.14726E-03  4.52916E-05  17.063200  15.033000
3  -480.000000   80.619000     760.000000    98.622000     920.000000    132.008000    2.98728E-03  4.29893E-05  16.020900  15.033100
3  -480.000000   80.619000     800.000000    109.655000    960.000000    128.518000    2.65790E-03  4.15863E-05  16.952300  17.471600
3  -480.000000   80.619000     2120.000000   51.358000     2280.000000   42.192000     6.57773E-04  1.42299E-05  28.741200  24.000800
3  -480.000000   80.619000     2160.000000   53.175000     2320.000000   45.283000     7.67320E-04  1.65997E-05  22.861900  24.000900
3  -480.000000   80.619000     2200.000000   49.089000     2360.000000   52.469000     8.01946E-04  1.73488E-05  19.649900  24.000700
3  -480.000000   80.619000     2240.000000   45.045000     2400.000000   59.965000     7.96176E-04  1.72240E-05  18.320300  24.000700
3  -480.000000   80.619000     840.000000    115.365000    1160.000000   128.135000    4.48312E-03  6.21706E-05  18.519700  14.192400
3  -480.000000   80.619000     880.000000    118.144000    1200.000000   123.583000    4.25836E-03  6.12812E-05  19.091500  15.033100
3  -480.000000   80.619000     920.000000    132.008000    1240.000000   121.871000    4.38985E-03  6.08771E-05  19.353000  14.192400
3  -480.000000   80.619000     960.000000    128.518000    1280.000000   129.599000    4.54024E-03  6.29627E-05  19.940000  14.192400
3  -480.000000   80.619000     1000.000000   116.905000    1320.000000   143.045000    4.63440E-03  6.42685E-05  21.111900  14.192400
3  -480.000000   80.619000     1040.000000   108.286000    1360.000000   150.159000    4.77836E-03  6.62649E-05  20.090000  14.192400
3  -480.000000   80.619000     1080.000000   117.343000    1400.000000   160.896000    4.71982E-03  6.54530E-05  19.046900  14.192400
3  -480.000000   80.619000     1120.000000   134.172000    1440.000000   178.173000    4.84454E-03  6.71826E-05  18.063200  14.192400
3  -480.000000   80.619000     1160.000000   128.135000    1480.000000   197.065000    4.73606E-03  6.56783E-05  17.537600  14.192500
3  -480.000000   80.619000     1200.000000   123.583000    1520.000000   178.674000    4.59521E-03  6.37250E-05  16.746600  14.192400
3  -480.000000   80.619000     1240.000000   121.871000    1560.000000   156.964000    4.24790E-03  6.11307E-05  16.189100  15.033000
3  -480.000000   80.619000     1280.000000   129.599000    1600.000000   137.193000    4.18868E-03  6.02785E-05  13.088400  15.033000
3  -480.000000   80.619000     1320.000000   143.045000    1640.000000   122.640000    4.33562E-03  6.01251E-05  10.857700  14.192400
3  -480.000000   80.619000     1360.000000   150.159000    1680.000000   100.508000    4.78861E-03  6.64070E-05  10.001400  14.192400
3  -480.000000   80.619000     1400.000000   160.896000    1720.000000   92.752000     5.11893E-03  7.09878E-05  9.515450  14.192500
3  -480.000000   80.619000     1440.000000   178.173000    1760.000000   89.581000     5.19770E-03  7.20801E-05  8.813750  14.192400
3  -480.000000   80.619000     1480.000000   197.065000    1800.000000   73.849000     5.99593E-03  8.03377E-05  8.207860  13.056500
3  -480.000000   80.619000     1520.000000   178.674000    1840.000000   69.746000     6.69067E-03  8.96463E-05  7.518150  13.056600
3  -480.000000   80.619000     1560.000000   156.964000    1880.000000   67.320000     7.04544E-03  9.43997E-05  6.863050  13.056600
3  -480.000000   80.619000     1600.000000   137.193000    1920.000000   57.532000     6.98970E-03  9.36529E-05  6.591230  13.056600
3  -480.000000   80.619000     1640.000000   122.640000    1960.000000   54.922000     6.64566E-03  8.90432E-05  7.015620  13.056900
3  -480.000000   80.619000     1680.000000   100.508000    2000.000000   51.429000     5.91361E-03  8.20088E-05  7.111120  14.192900
3  -480.000000   80.619000     1720.000000   92.752000     2040.000000   51.134000     5.11790E-03  7.09740E-05  6.595220  14.193900
3  -480.000000   80.619000     1760.000000   89.581000     2080.000000   47.855000     4.64803E-03  6.44580E-05  7.193610  14.194400
3  -480.000000   80.619000     1800.000000   73.849000     2120.000000   51.358000     3.75513E-03  5.40389E-05  9.211000  15.033000
3  -480.000000   80.619000     1840.000000   69.746000     2160.000000   53.175000     2.88530E-03  4.15221E-05  13.043600  15.034300
3  -480.000000   80.619000     1880.000000   67.320000     2200.000000   49.089000     2.22740E-03  3.48506E-05  17.083700  17.472400
3  -480.000000   80.619000     1920.000000   57.532000     2240.000000   45.045000     1.81698E-03  2.84290E-05  21.470100  17.471600
3  -480.000000   80.619000     1960.000000   54.922000     2280.000000   42.192000     1.50251E-03  2.35087E-05  24.152700  17.471400
3  -480.000000   80.619000     2000.000000   51.429000     2320.000000   45.283000     1.53532E-03  2.40221E-05  25.181500  17.471700
3  -480.000000   80.619000     2040.000000   51.134000     2360.000000   52.469000     1.46792E-03  3.17561E-05  25.655700  24.000800
3  -480.000000   80.619000     2080.000000   47.855000     2400.000000   59.965000     1.40409E-03  3.03752E-05  25.046400  24.000700
3  -640.000000   84.765000     280.000000    105.248000    320.000000    113.072000    3.33666E-04  7.21833E-06  30.878200  31.374500
3  -640.000000   84.765000     2360.000000   52.469000     2400.000000   59.965000     1.28358E-04  2.77682E-06  17.529800  24.000900
3  -640.000000   84.765000     240.000000    107.360000    320.000000    113.072000    7.14319E-04  1.54531E-05  24.661500  30.031300
3  -640.000000   84.765000     2280.000000   42.192000     2360.000000   52.469000     3.85146E-04  8.33206E-06  23.652100  24.001800
3  -640.000000   84.765000     2320.000000   45.283000     2400.000000   59.965000     2.68580E-04  5.81030E-06  13.210200  24.001200
3  -640.000000   84.765000     440.000000    111.533000    600.000000    124.839000    1.78002E-03  2.78538E-05  10.468900  25.993400
3  -640.000000   84.765000     480.000000    120.110000    640.000000    115.456000    1.54848E-03  2.42317E-05  10.491500  29.193000
3  -640.000000   84.765000     520.000000    115.268000    680.000000    99.357000     1.81119E-03  2.83415E-05  10.162800  24.497600
3  -640.000000   84.765000     560.000000    123.811000    720.000000    100.587000    1.82682E-03  2.85830E-05  7.256540  18.925900
3  -640.000000   84.765000     600.000000    124.839000    760.000000    98.622000     2.10481E-03  3.29329E-05  8.342350  17.604500
3  -640.000000   84.765000     640.000000    115.456000    800.000000    109.655000    2.44646E-03  3.82854E-05  8.925850  17.472200
3  -640.000000   84.765000     2120.000000   51.358000     2280.000000   42.192000     6.03864E-04  1.30647E-05  30.581700  24.000800
3  -640.000000   84.765000     2160.000000   53.175000     2320.000000   45.283000     7.02563E-04  1.52000E-05  25.496200  24.001800
3  -640.000000   84.765000     2200.000000   49.089000     2360.000000   52.469000     7.33279E-04  1.58637E-05  23.731800  24.001200
3  -640.000000   84.765000     2240.000000   45.045000     2400.000000   59.965000     7.27325E-04  1.57345E-05  24.083600  24.004500
3  -640.000000   84.765000     680.000000    99.357000     1000.000000   116.905000    4.68344E-03  6.49546E-05  7.511230  14.192600
3  -640.000000   84.765000     720.000000    100.587000    1040.000000   108.286000    4.48526E-03  6.22061E-05  8.218620  14.192400
3  -640.000000   84.765000     760.000000    98.622000     1080.000000   117.343000    4.47612E-03  6.20780E-05  8.244570  14.192600
3  -640.000000   84.765000     800.000000    109.655000    1120.000000   134.172000    4.17881E-03  6.01393E-05  8.185020  15.033500
3  -640.000000   84.765000     840.000000    115.365000    1160.000000   128.135000    3.85155E-03  5.54292E-05  8.443330  15.033400
3  -640.000000   84.765000     880.000000    118.144000    1200.000000   123.583000    3.68460E-03  5.30266E-05  8.675280  15.033400
3  -640.000000   84.765000     920.000000    132.008000    1240.000000   121.871000    3.83218E-03  5.51501E-05  8.511430  15.033400
3  -640.000000   84.765000     960.000000    128.518000    1280.000000   129.599000    3.98860E-03  5.74011E-05  8.830130  15.033500
3  -640.000000   84.765000     1000.000000   116.905000    1320.000000   143.045000    4.10049E-03  5.90110E-05  9.581820  15.033400
3  -640.000000   84.765000     1040.000000   108.286000    1360.000000   150.159000    4.24357E-03  6.10701E-05  8.362710  15.033400
3  -640.000000   84.765000     1080.000000   117.343000    1400.000000   160.896000    4.20413E-03  6.05025E-05  6.979080  15.033400
3  -640.000000   84.765000     1120.000000   134.172000    1440.000000   178.173000    4.32861E-03  6.00292E-05  5.784060  14.192800
3  -640.000000   84.765000     1160.000000   128.135000    1480.000000   197.065000    4.23981E-03  6.10151E-05  5.118440  15.033500
3  -640.000000   84.765000     1200.000000   123.583000    1520.000000   178.674000    4.12372E-03  5.93445E-05  4.229340  15.033600
3  -640.000000   84.765000     1240.000000   121.871000    1560.000000   156.964000    3.82506E-03  5.50461E-05  3.557660  15.033600
3  -640.000000   84.765000     1280.000000   129.599000    1600.000000   137.193000    3.78912E-03  5.45288E-05  0.381737  15.033500
3  -640.000000   84.765000     1320.000000   143.045000    1640.000000   122.640000    3.94463E-03  5.67668E-05  -1.896120  15.033300
3  -640.000000   84.765000     1360.000000   150.159000    1680.000000   100.508000    4.37532E-03  6.06761E-05  -2.784730  14.192800
3  -640.000000   84.765000     1400.000000   160.896000    1720.000000   92.752000     4.69577E-03  6.51200E-05  -3.423860  14.192800
3  -640.000000   84.765000     1440.000000   178.173000    1760.000000   89.581000     4.77882E-03  6.62717E-05  -4.104460  14.192700
3  -640.000000   84.765000     1480.000000   197.065000    1800.000000   73.849000     5.52098E-03  7.65638E-05  -4.605030  14.192600
3  -640.000000   84.765000     1520.000000   178.674000    1840.000000   69.746000     6.16999E-03  8.26705E-05  -5.133570  13.056500
3  -640.000000   84.765000     1560.000000   156.964000    1880.000000   67.320000     6.50499E-03  8.71584E-05  -5.631010  13.056600
3  -640.000000   84.765000     1600.000000   137.193000    1920.000000   57.532000     6.45944E-03  8.65481E-05  -5.786310  13.056600
3  -640.000000   84.765000     1640.000000   122.640000    1960.000000   54.922000     6.14841E-03  8.24047E-05  -5.526170  13.056600
3  -640.000000   84.765000     1680.000000   100.508000    2000.000000   51.429000     5.47464E-03  7.59464E-05  -5.521950  14.192900
3  -640.000000   84.765000     1720.000000   92.752000     2040.000000   51.134000     4.74489E-03  6.58486E-05  -5.711450  14.193200
3  -640.000000   84.765000     1760.000000   89.581000     2080.000000   47.855000     4.31236E-03  6.21053E-05  -4.680110  15.046200
3  -640.000000   84.765000     1800.000000   73.849000     2120.000000   51.358000     3.48405E-03  5.01491E-05  -1.207850  15.035000
3  -640.000000   84.765000     1840.000000   69.746000     2160.000000   53.175000     2.67494E-03  4.18706E-05  4.178560  17.475200
3  -640.000000   84.765000     1880.000000   67.320000     2200.000000   49.089000     2.06351E-03  3.22863E-05  9.110030  17.474900
3  -640.000000   84.765000     1920.000000   57.532000     2240.000000   45.045000     1.68140E-03  2.63089E-05  14.882300  17.477800
3  -640.000000   84.765000     1960.000000   54.922000     2280.000000   42.192000     1.38425E-03  2.99462E-05  22.481400  24.010600
3  -640.000000   84.765000     2000.000000   51.429000     2320.000000   45.283000     1.41120E-03  3.05303E-05  27.549200  24.001300
3  -640.000000   84.765000     2040.000000   51.134000     2360.000000   52.469000     1.34572E-03  2.91145E-05  29.672700  24.002500
3  -640.000000   84.765000     2080.000000   47.855000     2400.000000   59.965000     1.28495E-03  2.78016E-05  30.341200  24.001700
3  60.000000     87.443000     240.000000    107.360000    280.000000    105.248000    2.66329E-02  2.75171E-04  5.493760  7.998640
3  60.000000     87.443000     280.000000    105.248000    320.000000    113.072000    1.70827E-02  1.78321E-04  6.704630  9.731120
3  60.000000     87.443000     320.000000    113.072000    360.000000    115.089000    1.20116E-02  1.27333E-04  7.073690  10.889500
3  60.000000     87.443000     360.000000    115.089000    400.000000    115.247000    8.80242E-03  1.00598E-04  8.241160  12.628500
3  60.000000     87.443000     2360.000000   52.469000     2400.000000   59.965000     2.61224E-04  5.65116E-06  17.379400  24.000700
3  60.000000     87.443000     400.000000    115.247000    480.000000    120.110000    1.90769E-02  1.97969E-04  8.096000  9.124710
3  60.000000     87.443000     440.000000    111.533000    520.000000    115.268000    1.32751E-02  1.40727E-04  8.909790  10.889400
3  60.000000     87.443000     480.000000    120.110000    560.000000    123.811000    9.32919E-03  1.06619E-04  8.550420  12.628900
3  60.000000     87.443000     520.000000    115.268000    600.000000    124.839000    9.24257E-03  1.05629E-04  9.137800  12.633600
3  60.000000     87.443000     560.000000    123.811000    640.000000    115.456000    6.47855E-03  8.68041E-05  10.159100  13.065100
3  60.000000     87.443000     600.000000    124.839000    680.000000    99.357000     6.82128E-03  9.13963E-05  11.037600  13.056800
3  60.000000     87.443000     640.000000    115.456000    720.000000    100.587000    7.23910E-03  9.69945E-05  11.913600  13.056400
3  60.000000     87.443000     680.000000    99.357000     760.000000    98.622000     7.27112E-03  9.74243E-05  13.325800  13.056400
3  60.000000     87.443000     2280.000000   42.192000     2360.000000   52.469000     7.99941E-04  1.73054E-05  19.699000  24.000700
3  60.000000     87.443000     2320.000000   45.283000     2400.000000   59.965000     5.47520E-04  1.18447E-05  15.594700  24.000700
3  60.000000     87.443000     720.000000    100.587000    880.000000    118.144000    1.42183E-02  1.49308E-04  14.076700  10.258700
3  60.000000     87.443000     760.000000    98.622000     920.000000    132.008000    1.27788E-02  1.35467E-04  13.736500  10.889400
3  60.000000     87.443000     800.000000    109.655000    960.000000    128.518000    1.08428E-02  1.17472E-04  15.542100  11.682200
3  60.000000     87.443000     840.000000    115.365000    1000.000000   116.905000    9.78919E-03  1.06058E-04  15.191600  11.682200
3  60.000000     87.443000     880.000000    118.144000    1040.000000   108.286000    8.19620E-03  9.36719E-05  17.022100  12.628500
3  60.000000     87.443000     920.000000    132.008000    1080.000000   117.343000    8.08367E-03  9.23858E-05  19.079200  12.628500
3  60.000000     87.443000     960.000000    128.518000    1120.000000   134.172000    7.56432E-03  1.01353E-04  17.520900  13.056400
3  60.000000     87.443000     1000.000000   116.905000    1160.000000   128.135000    6.30026E-03  8.44159E-05  20.267300  13.056400
3  60.000000     87.443000     1040.000000   108.286000    1200.000000   123.583000    6.36568E-03  8.52931E-05  19.676300  13.056400
3  60.000000     87.443000     1080.000000   117.343000    1240.000000   121.871000    6.09152E-03  8.16197E-05  19.043900  13.056400
3  60.000000     87.443000     1120.000000   134.172000    1280.000000   129.599000    6.43270E-03  8.61911E-05  21.307400  13.056400
3  60.000000     87.443000     1160.000000   128.135000    1320.000000   143.045000    7.20216E-03  9.65010E-05  22.185700  13.056400
3  60.000000     87.443000     1200.000000   123.583000    1360.000000   150.159000    7.11727E-03  9.53636E-05  21.619000  13.056400
3  60.000000     87.443000     1240.000000   121.871000    1400.000000   160.896000    6.68061E-03  8.95128E-05  21.767200  13.056400
3  60.000000     87.443000     1280.000000   129.599000    1440.000000   178.173000    6.30180E-03  8.44372E-05  18.626400  13.056400
3  60.000000     87.443000     1320.000000   143.045000    1480.000000   197.065000    5.02694E-03  6.97131E-05  16.197300  14.192400
3  60.000000     87.443000     2120.000000   51.358000     2280.000000   42.192000     1.22389E-03  2.64769E-05  24.892200  24.000700
3  60.000000     87.443000     2160.000000   53.175000     2320.000000   45.283000     1.44159E-03  3.11865E-05  22.453200  24.000700
3  60.000000     87.443000     2200.000000   49.089000     2360.000000   52.469000     1.51575E-03  2.37159E-05  20.740400  17.471500
3  60.000000     87.443000     2240.000000   45.045000     2400.000000   59.965000     1.50725E-03  2.35830E-05  20.271900  17.471500
3  60.000000     87.443000     1360.000000   150.159000    1680.000000   100.508000    1.07117E-02  1.16055E-04  13.731700  11.682200
3  60.000000     87.443000     1400.000000   160.896000    1720.000000   92.752000     1.11478E-02  1.20779E-04  13.213000  11.682200
3  60.000000     87.443000     1440.000000   178.173000    1760.000000   89.581000     1.11221E-02  1.20498E-04  12.546200  11.682200
3  60.000000     87.443000     1480.000000   197.065000    1800.000000   73.849000     1.26683E-02  1.34298E-04  12.003200  10.889400
3  60.000000     87.443000     1520.000000   178.674000    1840.000000   69.746000     1.39714E-02  1.46711E-04  11.412800  10.258600
3  60.000000     87.443000     1560.000000   156.964000    1880.000000   67.320000     1.45781E-02  1.53082E-04  10.854500  10.258600
3  60.000000     87.443000     1600.000000   137.193000    1920.000000   57.532000     1.43427E-02  1.50611E-04  10.621200  10.258600
3  60.000000     87.443000     1640.000000   122.640000    1960.000000   54.922000     1.35092E-02  1.43216E-04  11.034400  10.889400
3  60.000000     87.443000     1680.000000   100.508000    2000.000000   51.429000     1.19301E-02  1.26477E-04  11.047300  10.889400
3  60.000000     87.443000     1720.000000   92.752000     2040.000000   51.134000     1.02371E-02  1.10920E-04  10.583100  11.682200
3  60.000000     87.443000     1760.000000   89.581000     2080.000000   47.855000     9.23682E-03  1.05571E-04  11.059600  12.628500
3  60.000000     87.443000     1800.000000   73.849000     2120.000000   51.358000     7.39713E-03  9.91119E-05  12.615500  13.056400
3  60.000000     87.443000     1840.000000   69.746000     2160.000000   53.175000     5.63609E-03  7.81596E-05  15.113400  14.192500
3  60.000000     87.443000     1880.000000   67.320000     2200.000000   49.089000     4.30992E-03  5.97687E-05  18.102700  14.192500
3  60.000000     87.443000     1920.000000   57.532000     2240.000000   45.045000     3.48336E-03  5.01283E-05  21.482900  15.033000
3  60.000000     87.443000     1960.000000   54.922000     2280.000000   42.192000     2.85118E-03  4.10308E-05  22.612500  15.033000
3  60.000000     87.443000     2000.000000   51.429000     2320.000000   45.283000     2.89911E-03  4.17205E-05  23.484800  15.033000
3  60.000000     87.443000     2040.000000   51.134000     2360.000000   52.469000     2.76442E-03  4.32529E-05  24.179600  17.471400
3  60.000000     87.443000     2080.000000   47.855000     2400.000000   59.965000     2.64028E-03  4.13106E-05  23.807100  17.471500
3  140.000000    91.316000     280.000000    105.248000    320.000000    113.072000    3.31243E-02  3.43595E-04  6.226620  6.943510
3  140.000000    91.316000     320.000000    113.072000    360.000000    115.089000    2.13507E-02  2.21563E-04  6.868940  9.124730
3  140.000000    91.316000     360.000000    115.089000    400.000000    115.247000    1.46137E-02  1.53454E-04  8.280050  10.258600
3  140.000000    91.316000     400.000000    115.247000    440.000000    111.533000    1.50538E-02  1.58075E-04  7.374810  10.258600
3  140.000000    91.316000     440.000000    111.533000    480.000000    120.110000    1.49928E-02  1.57435E-04  9.086550  10.258600
3  140.000000    91.316000     2360.000000   52.469000     2400.000000   59.965000     3.06877E-04  6.63879E-06  24.498500  24.000700
3  140.000000    91.316000     480.000000    120.110000    560.000000    123.811000    1.39314E-02  1.46291E-04  8.896350  10.259700
3  140.000000    91.316000     520.000000    115.268000    600.000000    124.839000    1.35582E-02  1.43728E-04  9.279240  10.896300
3  140.000000    91.316000     560.000000    123.811000    640.000000    115.456000    9.18360E-03  1.04955E-04  10.734500  12.637100
3  140.000000    91.316000     600.000000    124.839000    680.000000    99.357000     9.40722E-03  1.07510E-04  11.718100  12.629600
3  140.000000    91.316000     640.000000    115.456000    720.000000    100.587000    9.86211E-03  1.06846E-04  12.691500  11.682200
3  140.000000    91.316000     680.000000    99.357000     760.000000    98.622000     9.76669E-03  1.05812E-04  14.295600  11.682200
3  140.000000    91.316000     720.000000    100.587000    800.000000    109.655000    1.04095E-02  1.12777E-04  15.636900  11.682300
3  140.000000    91.316000     760.000000    98.622000     840.000000    115.365000    9.73311E-03  1.05449E-04  15.537600  11.682200
3  140.000000    91.316000     2280.000000   42.192000     2360.000000   52.469000     9.41855E-04  2.03755E-05  26.483400  24.000700
3  140.000000    91.316000     2320.000000   45.283000     2400.000000   59.965000     6.43030E-04  1.39109E-05  23.683100  24.000700
3  140.000000    91.316000     800.000000    109.655000    960.000000    128.518000    1.41888E-02  1.48992E-04  17.331900  10.258600
3  140.000000    91.316000     840.000000    115.365000    1000.000000   116.905000    1.27386E-02  1.35039E-04  17.190900  10.889400
3  140.000000    91.316000     880.000000    118.144000    1040.000000   108.286000    1.06225E-02  1.15084E-04  19.169900  11.682300
3  140.000000    91.316000     920.000000    132.008000    1080.000000   117.343000    1.03591E-02  1.12230E-04  21.395700  11.682200
3  140.000000    91.316000     960.000000    128.518000    1120.000000   134.172000    9.62230E-03  1.04248E-04  19.979100  11.682200
3  140.000000    91.316000     1000.000000   116.905000    1160.000000   128.135000    7.93945E-03  9.07360E-05  23.080100  12.628500
3  140.000000    91.316000     1040.000000   108.286000    1200.000000   123.583000    7.96447E-03  9.10219E-05  22.781700  12.628500
3  140.000000    91.316000     1080.000000   117.343000    1240.000000   121.871000    7.57957E-03  8.66231E-05  22.718500  12.628500
3  140.000000    91.316000     1120.000000   134.172000    1280.000000   129.599000    7.97470E-03  9.11389E-05  25.304000  12.628500
3  140.000000    91.316000     1160.000000   128.135000    1320.000000   143.045000    8.90019E-03  1.01716E-04  26.482300  12.628500
3  140.000000    91.316000     1200.000000   123.583000    1360.000000   150.159000    8.77611E-03  1.00298E-04  26.210700  12.628500
3  140.000000    91.316000     1240.000000   121.871000    1400.000000   160.896000    8.21527E-03  9.38882E-05  26.744500  12.628500
3  140.000000    91.316000     1280.000000   129.599000    1440.000000   178.173000    7.71812E-03  8.82065E-05  23.919800  12.628500
3  140.000000    91.316000     1320.000000   143.045000    1480.000000   197.065000    6.13527E-03  8.22046E-05  21.768400  13.056400
3  140.000000    91.316000     1360.000000   150.159000    1520.000000   178.674000    5.45723E-03  7.56792E-05  21.389700  14.192400
3  140.000000    91.316000     1400.000000   160.896000    1560.000000   156.964000    4.51900E-03  6.26681E-05  20.762800  14.192400
3  140.000000    91.316000     2120.000000   51.358000     2280.000000   42.192000     1.43971E-03  3.11458E-05  31.450400  24.000700
3  140.000000    91.316000     2160.000000   53.175000     2320.000000   45.283000     1.69628E-03  2.65405E-05  28.772900  17.471400
3  140.000000    91.316000     2200.000000   49.089000     2360.000000   52.469000     1.78412E-03  2.79149E-05  27.441900  17.471400
3  140.000000    91.316000     2240.000000   45.045000     2400.000000   59.965000     1.77448E-03  2.77640E-05  26.958700  17.471400
3  140.000000    91.316000     1440.000000   178.173000    1760.000000   89.581000     1.32671E-02  1.40642E-04  19.447300  10.889400
3  140.000000    91.316000     1480.000000   197.065000    1800.000000   73.849000     1.50839E-02  1.58392E-04  19.031600  10.258600
3  140.000000    91.316000     1520.000000   178.674000    1840.000000   69.746000     1.66084E-02  1.73368E-04  18.560400  9.731130
3  140.000000    91.316000     1560.000000   156.964000    1880.000000   67.320000     1.73071E-02  1.80662E-04  18.101200  9.731110
3  140.000000    91.316000     1600.000000   137.193000    1920.000000   57.532000     1.70096E-02  1.77556E-04  17.964600  9.731150
3  140.000000    91.316000     1640.000000   122.640000    1960.000000   54.922000     1.60036E-02  1.67055E-04  18.488500  9.731160
3  140.000000    91.316000     1680.000000   100.508000    2000.000000   51.429000     1.41208E-02  1.48278E-04  18.599600  10.258600
3  140.000000    91.316000     1720.000000   92.752000     2040.000000   51.134000     1.21000E-02  1.28270E-04  18.245500  10.889800
3  140.000000    91.316000     1760.000000   89.581000     2080.000000   47.855000     1.09078E-02  1.18175E-04  18.785200  11.682700
3  140.000000    91.316000     1800.000000   73.849000     2120.000000   51.358000     8.72683E-03  9.97346E-05  20.341200  12.628500
3  140.000000    91.316000     1840.000000   69.746000     2160.000000   53.175000     6.64653E-03  8.90549E-05  22.794300  13.056400
3  140.000000    91.316000     1880.000000   67.320000     2200.000000   49.089000     5.08062E-03  7.04565E-05  25.752600  14.192400
3  140.000000    91.316000     1920.000000   57.532000     2240.000000   45.045000     4.10437E-03  5.90648E-05  29.020600  15.033000
3  140.000000    91.316000     1960.000000   54.922000     2280.000000   42.192000     3.35820E-03  4.83272E-05  29.775100  15.033000
3  140.000000    91.316000     2000.000000   51.429000     2320.000000   45.283000     3.41284E-03  4.91135E-05  30.190500  15.033000
3  140.000000    91.316000     2040.000000   51.134000     2360.000000   52.469000     3.25518E-03  4.68446E-05  30.865500  15.033000
3  140.000000    91.316000     2080.000000   47.855000     2400.000000   59.965000     3.10964E-03  4.47502E-05  30.355100  15.033000
3  220.000000    106.101000    0.000000      94.302000     40.000000     87.181000     3.85520E-02  3.92849E-04  12.711300  4.776880
3  220.000000    106.101000    40.000000     87.181000     80.000000     87.439000     4.05780E-02  4.13494E-04  10.127400  4.776880
3  220.000000    106.101000    80.000000     87.439000     120.000000    88.121000     5.34030E-02  5.39306E-04  9.478220  3.513680
3  220.000000    106.101000    320.000000    113.072000    360.000000    115.089000    4.66548E-02  4.73089E-04  5.768280  4.193930
3  220.000000    106.101000    360.000000    115.089000    400.000000    115.247000    2.82760E-02  2.92145E-04  8.168620  7.999570
3  220.000000    106.101000    400.000000    115.247000    440.000000    111.533000    2.58915E-02  2.67508E-04  6.575170  7.999950
3  220.000000    106.101000    440.000000    111.533000    480.000000    120.110000    2.46805E-02  2.54999E-04  7.659220  8.000330
3  220.000000    106.101000    480.000000    120.110000    520.000000    115.268000    8.62202E-03  9.85368E-05  6.816930  12.628700
3  220.000000    106.101000    520.000000    115.268000    560.000000    123.811000    1.27214E-02  1.34858E-04  6.102010  10.890400
3  220.000000    106.101000    2360.000000   52.469000     2400.000000   59.965000     3.49128E-04  7.55283E-06  10.271000  24.000700
3  220.000000    106.101000    560.000000    123.811000    640.000000    115.456000    1.31732E-02  1.39646E-04  7.171530  10.890000
3  220.000000    106.101000    600.000000    124.839000    680.000000    99.357000     1.31012E-02  1.38883E-04  7.683140  10.890300
3  220.000000    106.101000    640.000000    115.456000    720.000000    100.587000    1.34182E-02  1.42245E-04  7.827100  10.890500
3  220.000000    106.101000    680.000000    99.357000     760.000000    98.622000     1.30145E-02  1.37965E-04  8.641490  10.890700
3  220.000000    106.101000    720.000000    100.587000    800.000000    109.655000    1.36716E-02  1.43565E-04  9.447630  10.260700
3  220.000000    106.101000    760.000000    98.622000     840.000000    115.365000    1.25537E-02  1.33083E-04  8.283560  10.891600
3  220.000000    106.101000    800.000000    109.655000    880.000000    118.144000    1.06529E-02  1.15416E-04  6.854560  11.684300
3  220.000000    106.101000    840.000000    115.365000    920.000000    132.008000    8.88776E-03  1.01576E-04  5.805360  12.630300
3  220.000000    106.101000    2280.000000   42.192000     2360.000000   52.469000     1.07240E-03  2.31997E-05  14.304900  24.000700
3  220.000000    106.101000    2320.000000   45.283000     2400.000000   59.965000     7.31919E-04  1.58339E-05  10.182800  24.000700
3  220.000000    106.101000    880.000000    118.144000    1040.000000   108.286000    1.32053E-02  1.39989E-04  8.575180  10.891700
3  220.000000    106.101000    920.000000    132.008000    1080.000000   117.343000    1.28306E-02  1.36020E-04  10.160800  10.892500
3  220.000000    106.101000    960.000000    128.518000    1120.000000   134.172000    1.18716E-02  1.25854E-04  7.989560  10.893000
3  220.000000    106.101000    1000.000000   116.905000    1160.000000   128.135000    9.74322E-03  1.05560E-04  10.230900  11.684800
3  220.000000    106.101000    1040.000000   108.286000    1200.000000   123.583000    9.73844E-03  1.05509E-04  9.267020  11.684700
3  220.000000    106.101000    1080.000000   117.343000    1240.000000   121.871000    9.18364E-03  1.04958E-04  7.404540  12.634500
3  220.000000    106.101000    1120.000000   134.172000    1280.000000   129.599000    9.60916E-03  1.04109E-04  8.839650  11.689400
3  220.000000    106.101000    1160.000000   128.135000    1320.000000   143.045000    1.06792E-02  1.15703E-04  9.024290  11.691700
3  220.000000    106.101000    1200.000000   123.583000    1360.000000   150.159000    1.04870E-02  1.13621E-04  7.853730  11.692500
3  220.000000    106.101000    1240.000000   121.871000    1400.000000   160.896000    9.76882E-03  1.05838E-04  7.525360  11.687700
3  220.000000    106.101000    1280.000000   129.599000    1440.000000   178.173000    9.14682E-03  1.04537E-04  3.948230  12.633700
3  220.000000    106.101000    1320.000000   143.045000    1480.000000   197.065000    7.25045E-03  9.71481E-05  1.292980  13.059100
3  220.000000    106.101000    1360.000000   150.159000    1520.000000   178.674000    6.43831E-03  8.62656E-05  0.492491  13.058900
3  220.000000    106.101000    1400.000000   160.896000    1560.000000   156.964000    5.31827E-03  7.37527E-05  -0.683628  14.193600
3  220.000000    106.101000    1440.000000   178.173000    1600.000000   137.193000    5.15601E-03  7.15025E-05  -2.734480  14.193500
3  220.000000    106.101000    1480.000000   197.065000    1640.000000   122.640000    6.89146E-03  9.23373E-05  -3.101400  13.058800
3  220.000000    106.101000    2120.000000   51.358000     2280.000000   42.192000     1.63709E-03  2.56144E-05  15.060700  17.471500
3  220.000000    106.101000    2160.000000   53.175000     2320.000000   45.283000     1.93072E-03  3.02086E-05  14.037100  17.472000
3  220.000000    106.101000    2200.000000   49.089000     2360.000000   52.469000     2.03147E-03  3.17852E-05  14.160300  17.471500
3  220.000000    106.101000    2240.000000   45.045000     2400.000000   59.965000     2.02027E-03  3.16098E-05  14.448600  17.471600
3  220.000000    106.101000    1520.000000   178.674000    1840.000000   69.746000     1.93226E-02  2.00522E-04  -4.587210  9.127620
3  220.000000    106.101000    1560.000000   156.964000    1880.000000   67.320000     2.01126E-02  2.08723E-04  -5.158050  9.127600
3  220.000000    106.101000    1600.000000   137.193000    1920.000000   57.532000     1.97453E-02  2.04911E-04  -5.415830  9.127430
3  220.000000    106.101000    1640.000000   122.640000    1960.000000   54.922000     1.85538E-02  1.92549E-04  -5.024060  9.127220
3  220.000000    106.101000    1680.000000   100.508000    2000.000000   51.429000     1.63527E-02  1.70711E-04  -4.937760  9.732900
3  220.000000    106.101000    1720.000000   92.752000     2040.000000   51.134000     1.39982E-02  1.47005E-04  -5.365900  10.259700
3  220.000000    106.101000    1760.000000   89.581000     2080.000000   47.855000     1.26076E-02  1.33667E-04  -4.833740  10.890300
3  220.000000    106.101000    1800.000000   73.849000     2120.000000   51.358000     1.00701E-02  1.09100E-04  -2.767120  11.682500
3  220.000000    106.101000    1840.000000   69.746000     2160.000000   53.175000     7.65430E-03  8.74772E-05  0.210458  12.628600
3  220.000000    106.101000    1880.000000   67.320000     2200.000000   49.089000     5.83844E-03  7.82275E-05  3.571630  13.056400
3  220.000000    106.101000    1920.000000   57.532000     2240.000000   45.045000     4.70569E-03  6.52571E-05  7.651440  14.192400
3  220.000000    106.101000    1960.000000   54.922000     2280.000000   42.192000     3.83654E-03  5.52113E-05  10.902800  15.033300
3  220.000000    106.101000    2000.000000   51.429000     2320.000000   45.283000     3.89178E-03  5.60058E-05  13.181200  15.033500
3  220.000000    106.101000    2040.000000   51.134000     2360.000000   52.469000     3.70624E-03  5.33358E-05  15.410300  15.033600
3  220.000000    106.101000    2080.000000   47.855000     2400.000000   59.965000     3.53710E-03  5.09021E-05  16.084400  15.033300
3  300.000000    109.080000    0.000000      94.302000     40.000000     87.181000     2.66710E-02  2.75559E-04  14.285700  7.998640
3  300.000000    109.080000    40.000000     87.181000     80.000000     87.439000     2.48570E-02  2.56818E-04  11.922900  7.998640
3  300.000000    109.080000    80.000000     87.439000     120.000000    88.121000     2.80170E-02  2.89466E-04  10.378800  7.998640
3  300.000000    109.080000    120.000000    88.121000     160.000000    96.899000     4.43520E-02  4.49734E-04  10.129000  4.191700
3  300.000000    109.080000    160.000000    96.899000     200.000000    103.483000    5.48430E-02  5.53848E-04  8.047170  3.513680
3  300.000000    109.080000    400.000000    115.247000    440.000000    111.533000    6.08877E-02  6.14077E-04  7.702240  3.299680
3  300.000000    109.080000    440.000000    111.533000    480.000000    120.110000    5.27000E-02  5.32212E-04  9.102640  3.513770
3  300.000000    109.080000    480.000000    120.110000    520.000000    115.268000    1.69988E-02  1.77444E-04  8.441470  9.731120
3  300.000000    109.080000    520.000000    115.268000    560.000000    123.811000    2.37163E-02  2.45566E-04  8.622640  9.034110
3  300.000000    109.080000    560.000000    123.811000    600.000000    124.839000    1.29049E-02  1.36802E-04  9.684410  10.889400
3  300.000000    109.080000    600.000000    124.839000    640.000000    115.456000    9.43944E-03  1.02267E-04  10.625100  11.682200
3  300.000000    109.080000    2360.000000   52.469000     2400.000000   59.965000     4.01256E-04  8.68053E-06  26.037600  24.000700
3  300.000000    109.080000    640.000000    115.456000    720.000000    100.587000    2.07126E-02  2.14941E-04  12.225700  9.124780
3  300.000000    109.080000    680.000000    99.357000     760.000000    98.622000     1.93723E-02  2.01032E-04  13.617200  9.124820
3  300.000000    109.080000    720.000000    100.587000    800.000000    109.655000    1.98045E-02  2.05517E-04  15.193100  9.124760
3  300.000000    109.080000    760.000000    98.622000     840.000000    115.365000    1.77145E-02  1.84915E-04  15.073000  9.731180
3  300.000000    109.080000    800.000000    109.655000    880.000000    118.144000    1.47330E-02  1.54707E-04  14.501800  10.258900
3  300.000000    109.080000    840.000000    115.365000    920.000000    132.008000    1.20856E-02  1.28117E-04  14.300800  10.889500
3  300.000000    109.080000    880.000000    118.144000    960.000000    128.518000    9.72373E-03  1.05347E-04  19.901700  11.682200
3  300.000000    109.080000    920.000000    132.008000    1000.000000   116.905000    9.38830E-03  1.01713E-04  19.282100  11.682300
3  300.000000    109.080000    2280.000000   42.192000     2360.000000   52.469000     1.23528E-03  2.67233E-05  27.995100  24.000700
3  300.000000    109.080000    2320.000000   45.283000     2400.000000   59.965000     8.41507E-04  1.82047E-05  25.582700  24.000700
3  300.000000    109.080000    960.000000    128.518000    1120.000000   134.172000    1.55116E-02  1.62883E-04  19.062300  10.258600
3  300.000000    109.080000    1000.000000   116.905000    1160.000000   128.135000    1.25850E-02  1.33411E-04  22.333000  10.889400
3  300.000000    109.080000    1040.000000   108.286000    1200.000000   123.583000    1.24760E-02  1.32256E-04  22.103600  10.889400
3  300.000000    109.080000    1080.000000   117.343000    1240.000000   121.871000    1.16053E-02  1.23025E-04  22.218000  10.889400
3  300.000000    109.080000    1120.000000   134.172000    1280.000000   129.599000    1.20417E-02  1.27652E-04  24.851400  10.889400
3  300.000000    109.080000    1160.000000   128.135000    1320.000000   143.045000    1.32970E-02  1.40959E-04  26.175100  10.889400
3  300.000000    109.080000    1200.000000   123.583000    1360.000000   150.159000    1.29833E-02  1.37633E-04  26.044600  10.889400
3  300.000000    109.080000    1240.000000   121.871000    1400.000000   160.896000    1.20134E-02  1.27352E-04  26.730800  10.889500
3  300.000000    109.080000    1280.000000   129.599000    1440.000000   178.173000    1.11867E-02  1.21197E-04  24.021200  11.682200
3  300.000000    109.080000    1320.000000   143.045000    1480.000000   197.065000    8.82693E-03  1.00879E-04  21.910600  12.628500
3  300.000000    109.080000    1360.000000   150.159000    1520.000000   178.674000    7.80861E-03  8.92407E-05  21.570500  12.628500
3  300.000000    109.080000    1400.000000   160.896000    1560.000000   156.964000    6.41376E-03  8.59360E-05  21.029700  13.056400
3  300.000000    109.080000    1440.000000   178.173000    1600.000000   137.193000    6.17861E-03  8.27853E-05  19.691100  13.056400
3  300.000000    109.080000    1480.000000   197.065000    1640.000000   122.640000    8.22495E-03  9.39988E-05  19.791800  12.628500
3  300.000000    109.080000    1520.000000   178.674000    1680.000000   100.508000    1.03091E-02  1.11689E-04  19.692100  11.682200
3  300.000000    109.080000    1560.000000   156.964000    1720.000000   92.752000     1.21993E-02  1.29322E-04  19.912300  10.889400
3  300.000000    109.080000    2120.000000   51.358000     2280.000000   42.192000     1.88119E-03  2.94337E-05  32.051600  17.471400
3  300.000000    109.080000    2160.000000   53.175000     2320.000000   45.283000     2.22228E-03  3.47705E-05  29.650200  17.471400
3  300.000000    109.080000    2200.000000   49.089000     2360.000000   52.469000     2.33927E-03  3.66009E-05  28.787600  17.471400
3  300.000000    109.080000    2240.000000   45.045000     2400.000000   59.965000     2.32640E-03  3.63996E-05  28.451800  17.471400
3  300.000000    109.080000    1600.000000   137.193000    1920.000000   57.532000     2.32913E-02  2.41165E-04  18.361200  9.032760
3  300.000000    109.080000    1640.000000   122.640000    1960.000000   54.922000     2.18463E-02  2.26203E-04  18.831600  9.032770
3  300.000000    109.080000    1680.000000   100.508000    2000.000000   51.429000     1.92246E-02  1.99499E-04  18.908700  9.124740
3  300.000000    109.080000    1720.000000   92.752000     2040.000000   51.134000     1.64299E-02  1.71505E-04  18.535900  9.731390
3  300.000000    109.080000    1760.000000   89.581000     2080.000000   47.855000     1.47780E-02  1.55179E-04  19.059100  10.258800
3  300.000000    109.080000    1800.000000   73.849000     2120.000000   51.358000     1.17779E-02  1.24855E-04  20.593200  10.889400
3  300.000000    109.080000    1840.000000   69.746000     2160.000000   53.175000     8.93084E-03  1.02066E-04  22.971200  12.628500
3  300.000000    109.080000    1880.000000   67.320000     2200.000000   49.089000     6.79470E-03  9.10401E-05  25.823000  13.056400
3  300.000000    109.080000    1920.000000   57.532000     2240.000000   45.045000     5.46099E-03  7.57314E-05  29.095200  14.192400
3  300.000000    109.080000    1960.000000   54.922000     2280.000000   42.192000     4.43378E-03  6.14863E-05  30.138900  14.192400
3  300.000000    109.080000    2000.000000   51.429000     2320.000000   45.283000     4.48860E-03  6.22466E-05  30.795900  14.192400
3  300.000000    109.080000    2040.000000   51.134000     2360.000000   52.469000     4.26738E-03  5.91787E-05  31.725700  14.192400
3  300.000000    109.080000    2080.000000   47.855000     2400.000000   59.965000     4.06847E-03  5.85485E-05  31.368800  15.033000
3  380.000000    115.310000    0.000000      94.302000     40.000000     87.181000     2.08460E-02  2.16329E-04  16.574300  9.124710
3  380.000000    115.310000    40.000000     87.181000     80.000000     87.439000     1.82740E-02  1.90755E-04  14.065200  9.731110
3  380.000000    115.310000    80.000000     87.439000     120.000000    88.121000     1.91260E-02  1.98476E-04  12.064200  9.124710
3  380.000000    115.310000    120.000000    88.121000     160.000000    96.899000     2.71100E-02  2.80095E-04  12.025200  7.998640
3  380.000000    115.310000    160.000000    96.899000     200.000000    103.483000    2.87780E-02  2.98129E-04  9.748900  7.586620
3  380.000000    115.310000    200.000000    103.483000    240.000000    107.360000    3.05851E-02  3.16849E-04  9.114290  7.586620
3  380.000000    115.310000    240.000000    107.360000    280.000000    105.248000    8.15625E-02  8.21130E-04  10.315400  2.881530
3  380.000000    115.310000    440.000000    111.533000    480.000000    120.110000    1.34040E-01  1.34612E-03  8.717440  2.189320
3  380.000000    115.310000    480.000000    120.110000    520.000000    115.268000    3.44242E-02  3.85937E-04  6.096390  7.479960
3  380.000000    115.310000    520.000000    115.268000    560.000000    123.811000    4.32929E-02  4.41549E-04  7.488510  4.778430
3  380.000000    115.310000    560.000000    123.811000    600.000000    124.839000    2.16008E-02  2.23789E-04  9.675230  9.033120
3  380.000000    115.310000    600.000000    124.839000    640.000000    115.456000    1.48162E-02  1.55669E-04  10.576900  10.258900
3  380.000000    115.310000    640.000000    115.456000    680.000000    99.357000     1.72161E-02  1.79969E-04  12.191200  9.731660
3  380.000000    115.310000    680.000000    99.357000     720.000000    100.587000    1.31313E-02  1.39393E-04  13.078300  10.889800
3  380.000000    115.310000    2360.000000   52.469000     2400.000000   59.965000     4.47807E-04  9.68763E-06  -7.122020  24.000700
3  380.000000    115.310000    720.000000    100.587000    800.000000    109.655000    2.71114E-02  2.80961E-04  16.072800  7.999700
3  380.000000    115.310000    760.000000    98.622000     840.000000    115.365000    2.36944E-02  2.46227E-04  15.298000  9.033870
3  380.000000    115.310000    800.000000    109.655000    880.000000    118.144000    1.93791E-02  2.01864E-04  13.646300  9.125860
3  380.000000    115.310000    840.000000    115.365000    920.000000    132.008000    1.56226E-02  1.64650E-04  13.884500  10.259600
3  380.000000    115.310000    880.000000    118.144000    960.000000    128.518000    1.23238E-02  1.31135E-04  21.848300  10.889800
3  380.000000    115.310000    920.000000    132.008000    1000.000000   116.905000    1.18123E-02  1.25868E-04  21.263700  10.890300
3  380.000000    115.310000    960.000000    128.518000    1040.000000   108.286000    9.91145E-03  1.07930E-04  15.358300  11.682700
3  380.000000    115.310000    1000.000000   116.905000    1080.000000   117.343000    9.32137E-03  1.01622E-04  21.362900  11.683100
3  380.000000    115.310000    2280.000000   42.192000     2360.000000   52.469000     1.38038E-03  2.98648E-05  -4.522110  24.000700
3  380.000000    115.310000    2320.000000   45.283000     2400.000000   59.965000     9.39473E-04  2.03241E-05  -6.234800  24.000700
3  380.000000    115.310000    1040.000000   108.286000    1200.000000   123.583000    1.52216E-02  1.60717E-04  20.970700  10.259400
3  380.000000    115.310000    1080.000000   117.343000    1240.000000   121.871000    1.39947E-02  1.47738E-04  20.835700  10.259500
3  380.000000    115.310000    1120.000000   134.172000    1280.000000   129.599000    1.44164E-02  1.52393E-04  23.088200  10.259500
3  380.000000    115.310000    1160.000000   128.135000    1320.000000   143.045000    1.58321E-02  1.66514E-04  24.089000  9.732040
3  380.000000    115.310000    1200.000000   123.583000    1360.000000   150.159000    1.53892E-02  1.62742E-04  23.642200  10.259500
3  380.000000    115.310000    1240.000000   121.871000    1400.000000   160.896000    1.41641E-02  1.49583E-04  23.837100  10.259200
3  380.000000    115.310000    1280.000000   129.599000    1440.000000   178.173000    1.31282E-02  1.39844E-04  20.941000  10.889900
3  380.000000    115.310000    1320.000000   143.045000    1480.000000   197.065000    1.03195E-02  1.12182E-04  18.622800  11.682600
3  380.000000    115.310000    1360.000000   150.159000    1520.000000   178.674000    9.09480E-03  1.04184E-04  18.254500  12.628700
3  380.000000    115.310000    1400.000000   160.896000    1560.000000   156.964000    7.43023E-03  9.96379E-05  17.740600  13.056500
3  380.000000    115.310000    1440.000000   178.173000    1600.000000   137.193000    7.11548E-03  9.54058E-05  16.195800  13.056500
3  380.000000    115.310000    1480.000000   197.065000    1640.000000   122.640000    9.43573E-03  1.02446E-04  16.152600  11.682400
3  380.000000    115.310000    1520.000000   178.674000    1680.000000   100.508000    1.17988E-02  1.25453E-04  15.817100  10.889700
3  380.000000    115.310000    1560.000000   156.964000    1720.000000   92.752000     1.39330E-02  1.46811E-04  15.577600  10.258800
3  380.000000    115.310000    1600.000000   137.193000    1760.000000   89.581000     1.39493E-02  1.46988E-04  15.464700  10.259000
3  380.000000    115.310000    1640.000000   122.640000    1800.000000   73.849000     1.43622E-02  1.51317E-04  14.473200  10.258900
3  380.000000    115.310000    2120.000000   51.358000     2280.000000   42.192000     2.10127E-03  3.28941E-05  1.511490  17.471500
3  380.000000    115.310000    2160.000000   53.175000     2320.000000   45.283000     2.48380E-03  3.88819E-05  -0.787170  17.471800
3  380.000000    115.310000    2200.000000   49.089000     2360.000000   52.469000     2.61614E-03  4.09431E-05  -2.624490  17.471600
3  380.000000    115.310000    2240.000000   45.045000     2400.000000   59.965000     2.60213E-03  4.07192E-05  -4.051030  17.471900
3  380.000000    115.310000    1680.000000   100.508000    2000.000000   51.429000     2.17886E-02  2.26665E-04  13.984300  9.032760
3  380.000000    115.310000    1720.000000   92.752000     2040.000000   51.134000     1.85958E-02  1.94417E-04  13.574500  9.125180
3  380.000000    115.310000    1760.000000   89.581000     2080.000000   47.855000     1.67066E-02  1.75531E-04  13.585000  9.732760
3  380.000000    115.310000    1800.000000   73.849000     2120.000000   51.358000     1.32960E-02  1.39694E-04  13.545500  10.258600
3  380.000000    115.310000    1840.000000   69.746000     2160.000000   53.175000     1.00676E-02  1.09348E-04  13.413400  11.682500
3  380.000000    115.310000    1880.000000   67.320000     2200.000000   49.089000     7.64995E-03  8.75866E-05  13.650400  12.629200
3  380.000000    115.310000    1920.000000   57.532000     2240.000000   45.045000     6.13934E-03  8.22739E-05  13.426100  13.057500
3  380.000000    115.310000    1960.000000   54.922000     2280.000000   42.192000     4.96774E-03  6.89016E-05  8.073680  14.193900
3  380.000000    115.310000    2000.000000   51.429000     2320.000000   45.283000     5.02217E-03  6.96736E-05  4.542340  14.193400
3  380.000000    115.310000    2040.000000   51.134000     2360.000000   52.469000     4.76972E-03  6.62314E-05  2.091550  14.192400
3  380.000000    115.310000    2080.000000   47.855000     2400.000000   59.965000     4.54697E-03  6.30969E-05  -0.743400  14.192400
3  466.000000    108.119000    0.000000      94.302000     40.000000     87.181000     1.64942E-02  1.72181E-04  21.135500  9.733100
3  466.000000    108.119000    120.000000    88.121000     160.000000    96.899000     1.82327E-02  1.90324E-04  13.876200  9.731120
3  466.000000    108.119000    160.000000    96.899000     200.000000    103.483000    1.78280E-02  1.86099E-04  11.541200  9.731110
3  466.000000    108.119000    200.000000    103.483000    240.000000    107.360000    1.74420E-02  1.82070E-04  11.159300  9.731110
3  466.000000    108.119000    240.000000    107.360000    280.000000    105.248000    4.19910E-02  4.27892E-04  12.532300  4.776880
3  466.000000    108.119000    280.000000    105.248000    320.000000    113.072000    4.17172E-02  4.25102E-04  12.187200  4.776880
3  466.000000    108.119000    320.000000    113.072000    360.000000    115.089000    5.66217E-02  5.71811E-04  12.841800  3.513680
3  466.000000    108.119000    360.000000    115.089000    400.000000    115.247000    9.79091E-02  9.83595E-04  9.403060  2.435920
3  466.000000    108.119000    560.000000    123.811000    600.000000    124.839000    5.28839E-02  5.34096E-04  8.632550  3.514200
3  466.000000    108.119000    600.000000    124.839000    640.000000    115.456000    3.10363E-02  3.21536E-04  10.829000  7.586800
3  466.000000    108.119000    640.000000    115.456000    680.000000    99.357000     3.20040E-02  3.31574E-04  11.905300  7.586930
3  466.000000    108.119000    680.000000    99.357000     720.000000    100.587000    2.25822E-02  2.33839E-04  13.495200  9.032930
3  466.000000    108.119000    720.000000    100.587000    760.000000    98.622000     2.30113E-02  2.38291E-04  14.904900  9.033000
3  466.000000    108.119000    760.000000    98.622000     800.000000    109.655000    1.99665E-02  2.07226E-04  17.481200  9.124990
3  466.000000    108.119000    2360.000000   52.469000     2400.000000   59.965000     5.08512E-04  1.10008E-05  18.675200  24.000700
3  466.000000    108.119000    0.000000      94.302000     80.000000     87.439000     3.03361E-02  3.14270E-04  18.659200  7.586640
3  466.000000    108.119000    40.000000     87.181000     120.000000    88.121000     2.75498E-02  2.84639E-04  14.708900  7.998640
3  466.000000    108.119000    800.000000    109.655000    880.000000    118.144000    2.84990E-02  2.95272E-04  13.857500  7.587000
3  466.000000    108.119000    840.000000    115.365000    920.000000    132.008000    2.23597E-02  2.31546E-04  13.866700  9.032970
3  466.000000    108.119000    880.000000    118.144000    960.000000    128.518000    1.72139E-02  1.79701E-04  20.386100  9.731180
3  466.000000    108.119000    920.000000    132.008000    1000.000000   116.905000    1.63013E-02  1.70181E-04  19.756100  9.731380
3  466.000000    108.119000    960.000000    128.518000    1040.000000   108.286000    1.35814E-02  1.42631E-04  14.807700  10.258700
3  466.000000    108.119000    1000.000000   116.905000    1080.000000   117.343000    1.24473E-02  1.31961E-04  21.025200  10.889500
3  466.000000    108.119000    1040.000000   108.286000    1120.000000   134.172000    1.23628E-02  1.31073E-04  20.604100  10.889500
3  466.000000    108.119000    1080.000000   117.343000    1160.000000   128.135000    7.99053E-03  9.13238E-05  20.882100  12.628500
3  466.000000    108.119000    2280.000000   42.192000     2360.000000   52.469000     1.56981E-03  2.45617E-05  20.161500  17.471400
3  466.000000    108.119000    2320.000000   45.283000     2400.000000   59.965000     1.06707E-03  2.30844E-05  17.686000  24.000700
3  466.000000    108.119000    1120.000000   134.172000    1280.000000   129.599000    1.82532E-02  1.89437E-04  22.884500  9.124740
3  466.000000    108.119000    1160.000000   128.135000    1320.000000   143.045000    1.98834E-02  2.06378E-04  23.916300  9.124750
3  466.000000    108.119000    1200.000000   123.583000    1360.000000   150.159000    1.91976E-02  1.99254E-04  23.419700  9.124740
3  466.000000    108.119000    1240.000000   121.871000    1400.000000   160.896000    1.75357E-02  1.83071E-04  23.664200  9.731130
3  466.000000    108.119000    1280.000000   129.599000    1440.000000   178.173000    1.61409E-02  1.68521E-04  20.686500  9.731110
3  466.000000    108.119000    1320.000000   143.045000    1480.000000   197.065000    1.26146E-02  1.33736E-04  18.271700  10.889400
3  466.000000    108.119000    1360.000000   150.159000    1520.000000   178.674000    1.10561E-02  1.19793E-04  17.858800  11.682200
3  466.000000    108.119000    1400.000000   160.896000    1560.000000   156.964000    8.95555E-03  1.02353E-04  17.216900  12.628500
3  466.000000    108.119000    1440.000000   178.173000    1600.000000   137.193000    8.50045E-03  9.71516E-05  15.447700  12.628500
3  466.000000    108.119000    1480.000000   197.065000    1640.000000   122.640000    1.12086E-02  1.21444E-04  15.262900  11.682200
3  466.000000    108.119000    1520.000000   178.674000    1680.000000   100.508000    1.39648E-02  1.46671E-04  14.857300  10.258600
3  466.000000    108.119000    1560.000000   156.964000    1720.000000   92.752000     1.64422E-02  1.71666E-04  14.603700  9.731120
3  466.000000    108.119000    1600.000000   137.193000    1760.000000   89.581000     1.64219E-02  1.71463E-04  14.494700  9.731110
3  466.000000    108.119000    1640.000000   122.640000    1800.000000   73.849000     1.68562E-02  1.75999E-04  13.465900  9.731110
3  466.000000    108.119000    1680.000000   100.508000    1840.000000   69.746000     1.66788E-02  1.74147E-04  12.439000  9.731120
3  466.000000    108.119000    1720.000000   92.752000     1880.000000   67.320000     1.52756E-02  1.60449E-04  11.132800  10.258600
3  466.000000    108.119000    2120.000000   51.358000     2280.000000   42.192000     2.38731E-03  3.73535E-05  23.353200  17.471400
3  466.000000    108.119000    2160.000000   53.175000     2320.000000   45.283000     2.82275E-03  4.06219E-05  21.374600  15.033100
3  466.000000    108.119000    2200.000000   49.089000     2360.000000   52.469000     2.97362E-03  4.27934E-05  20.494200  15.033000
3  466.000000    108.119000    2240.000000   45.045000     2400.000000   59.965000     2.95800E-03  4.25686E-05  20.421900  15.033100
3  466.000000    108.119000    1760.000000   89.581000     2080.000000   47.855000     1.94088E-02  2.01557E-04  12.330100  9.128250
3  466.000000    108.119000    1800.000000   73.849000     2120.000000   51.358000     1.54062E-02  1.61811E-04  13.519900  10.259000
3  466.000000    108.119000    1840.000000   69.746000     2160.000000   53.175000     1.16371E-02  1.23363E-04  15.403500  10.889500
3  466.000000    108.119000    1880.000000   67.320000     2200.000000   49.089000     8.82058E-03  1.00807E-04  17.697200  12.628600
3  466.000000    108.119000    1920.000000   57.532000     2240.000000   45.045000     7.05764E-03  9.45653E-05  20.419500  13.056400
3  466.000000    108.119000    1960.000000   54.922000     2280.000000   42.192000     5.68283E-03  7.88135E-05  21.002000  14.193100
3  466.000000    108.119000    2000.000000   51.429000     2320.000000   45.283000     5.72820E-03  7.94381E-05  21.844600  14.192600
3  466.000000    108.119000    2040.000000   51.134000     2360.000000   52.469000     5.43051E-03  7.53092E-05  22.903500  14.192500
3  466.000000    108.119000    2080.000000   47.855000     2400.000000   59.965000     5.17055E-03  7.17047E-05  22.919600  14.192500
3  540.000000    118.615000    0.000000      94.302000     40.000000     87.181000     1.40500E-02  1.47538E-04  20.602900  10.258900
3  540.000000    118.615000    200.000000    103.483000    240.000000    107.360000    1.19069E-02  1.26232E-04  12.566900  10.889400
3  540.000000    118.615000    240.000000    107.360000    280.000000    105.248000    2.73732E-02  2.83022E-04  16.012600  8.152820
3  540.000000    118.615000    280.000000    105.248000    320.000000    113.072000    2.55481E-02  2.85219E-04  17.157800  8.224380
3  540.000000    118.615000    320.000000    113.072000    360.000000    115.089000    2.92729E-02  3.03297E-04  15.274400  7.586800
3  540.000000    118.615000    360.000000    115.089000    400.000000    115.247000    3.86198E-02  3.93621E-04  13.209000  4.778510
3  540.000000    118.615000    400.000000    115.247000    440.000000    111.533000    7.24113E-02  7.29247E-04  13.850900  2.887770
3  540.000000    118.615000    440.000000    111.533000    480.000000    120.110000    1.29294E-01  1.29832E-03  10.958900  2.193480
3  540.000000    118.615000    640.000000    115.456000    680.000000    99.357000     6.59790E-02  6.65431E-04  10.480800  3.299770
3  540.000000    118.615000    680.000000    99.357000     720.000000    100.587000    3.97815E-02  4.05541E-04  13.109600  4.793380
3  540.000000    118.615000    720.000000    100.587000    760.000000    98.622000     3.70981E-02  3.84830E-04  14.626400  6.943710
3  540.000000    118.615000    760.000000    98.622000     800.000000    109.655000    3.02396E-02  3.13291E-04  17.192000  7.586970
3  540.000000    118.615000    800.000000    109.655000    840.000000    115.365000    2.31632E-02  2.39864E-04  14.269600  9.032990
3  540.000000    118.615000    840.000000    115.365000    880.000000    118.144000    1.75701E-02  1.83432E-04  15.618700  9.731440
3  540.000000    118.615000    2360.000000   52.469000     2400.000000   59.965000     5.61865E-04  1.21551E-05  22.499900  24.000700
3  540.000000    118.615000    0.000000      94.302000     80.000000     87.439000     2.55042E-02  2.63507E-04  18.869100  7.998650
3  540.000000    118.615000    40.000000     87.181000     120.000000    88.121000     2.23955E-02  2.31892E-04  15.838300  9.032990
3  540.000000    118.615000    80.000000     87.439000     160.000000    96.899000     2.48872E-02  2.57135E-04  15.019500  7.999050
3  540.000000    118.615000    120.000000    88.121000     200.000000    103.483000    2.68557E-02  2.77497E-04  13.967200  7.999000
3  540.000000    118.615000    880.000000    118.144000    960.000000    128.518000    2.30712E-02  2.38909E-04  21.215500  9.032810
3  540.000000    118.615000    920.000000    132.008000    1000.000000   116.905000    2.16019E-02  2.23707E-04  20.719500  9.032970
3  540.000000    118.615000    960.000000    128.518000    1040.000000   108.286000    1.79012E-02  1.86896E-04  15.684000  9.731180
3  540.000000    118.615000    1000.000000   116.905000    1080.000000   117.343000    1.60610E-02  1.67693E-04  22.227600  9.731390
3  540.000000    118.615000    1040.000000   108.286000    1120.000000   134.172000    1.57588E-02  1.64546E-04  22.060600  9.731170
3  540.000000    118.615000    1080.000000   117.343000    1160.000000   128.135000    1.00175E-02  1.08543E-04  22.726300  11.682300
3  540.000000    118.615000    1120.000000   134.172000    1200.000000   123.583000    9.25156E-03  1.05747E-04  23.342200  12.628500
3  540.000000    118.615000    1160.000000   128.135000    1240.000000   121.871000    1.21516E-02  1.28873E-04  23.031400  10.889500
3  540.000000    118.615000    2280.000000   42.192000     2360.000000   52.469000     1.73644E-03  2.71690E-05  24.126400  17.471400
3  540.000000    118.615000    2320.000000   45.283000     2400.000000   59.965000     1.17948E-03  2.55162E-05  22.194700  24.000700
3  540.000000    118.615000    1200.000000   123.583000    1360.000000   150.159000    2.31556E-02  2.39890E-04  26.605400  9.032720
3  540.000000    118.615000    1240.000000   121.871000    1400.000000   160.896000    2.09932E-02  2.17964E-04  27.258100  9.124800
3  540.000000    118.615000    1280.000000   129.599000    1440.000000   178.173000    1.92014E-02  1.99349E-04  24.558500  9.124770
3  540.000000    118.615000    1320.000000   143.045000    1480.000000   197.065000    1.49272E-02  1.56804E-04  22.343800  10.258600
3  540.000000    118.615000    1360.000000   150.159000    1520.000000   178.674000    1.30226E-02  1.38093E-04  22.073100  10.889400
3  540.000000    118.615000    1400.000000   160.896000    1560.000000   156.964000    1.04720E-02  1.13463E-04  21.604600  11.682200
3  540.000000    118.615000    1440.000000   178.173000    1600.000000   137.193000    9.86237E-03  1.06858E-04  20.158200  11.682200
3  540.000000    118.615000    1480.000000   197.065000    1640.000000   122.640000    1.29394E-02  1.37208E-04  20.133800  10.889500
3  540.000000    118.615000    1520.000000   178.674000    1680.000000   100.508000    1.60671E-02  1.67790E-04  19.896300  9.731130
3  540.000000    118.615000    1560.000000   156.964000    1720.000000   92.752000     1.88662E-02  1.95873E-04  19.829100  9.124850
3  540.000000    118.615000    1600.000000   137.193000    1760.000000   89.581000     1.88006E-02  1.95180E-04  19.797600  9.124770
3  540.000000    118.615000    1640.000000   122.640000    1800.000000   73.849000     1.92426E-02  1.99769E-04  18.924700  9.124780
3  540.000000    118.615000    1680.000000   100.508000    1840.000000   69.746000     1.89821E-02  1.97065E-04  17.952700  9.124890
3  540.000000    118.615000    1720.000000   92.752000     1880.000000   67.320000     1.73385E-02  1.81045E-04  16.680800  9.731190
3  540.000000    118.615000    1760.000000   89.581000     1920.000000   57.532000     1.65036E-02  1.72334E-04  16.133700  9.731180
3  540.000000    118.615000    1800.000000   73.849000     1960.000000   54.922000     1.36914E-02  1.44055E-04  17.761400  10.258700
3  540.000000    118.615000    2120.000000   51.358000     2280.000000   42.192000     2.64379E-03  4.13671E-05  28.426700  17.471500
3  540.000000    118.615000    2160.000000   53.175000     2320.000000   45.283000     3.12527E-03  4.49751E-05  25.717500  15.033100
3  540.000000    118.615000    2200.000000   49.089000     2360.000000   52.469000     3.29218E-03  4.73784E-05  24.873100  15.033000
3  540.000000    118.615000    2240.000000   45.045000     2400.000000   59.965000     3.27398E-03  4.71172E-05  24.445200  15.033100
3  540.000000    118.615000    1840.000000   69.746000     2160.000000   53.175000     1.30978E-02  1.38854E-04  21.814200  10.889600
3  540.000000    118.615000    1880.000000   67.320000     2200.000000   49.089000     9.90264E-03  1.07286E-04  24.340100  11.682300
3  540.000000    118.615000    1920.000000   57.532000     2240.000000   45.045000     7.89976E-03  9.02856E-05  27.307000  12.628700
3  540.000000    118.615000    1960.000000   54.922000     2280.000000   42.192000     6.33461E-03  8.49040E-05  27.535700  13.056900
3  540.000000    118.615000    2000.000000   51.429000     2320.000000   45.283000     6.36499E-03  8.52877E-05  27.768100  13.057100
3  540.000000    118.615000    2040.000000   51.134000     2360.000000   52.469000     6.02175E-03  8.06836E-05  28.311900  13.056500
3  540.000000    118.615000    2080.000000   47.855000     2400.000000   59.965000     5.72518E-03  7.93962E-05  27.590200  14.192400
3  620.000000    121.037000    0.000000      94.302000     40.000000     87.181000     1.24546E-02  1.32471E-04  18.184000  10.968400
3  620.000000    121.037000    280.000000    105.248000    320.000000    113.072000    1.86549E-02  1.93587E-04  16.270700  9.124710
3  620.000000    121.037000    320.000000    113.072000    360.000000    115.089000    2.01839E-02  2.09454E-04  17.436700  9.124710
3  620.000000    121.037000    360.000000    115.089000    400.000000    115.247000    2.41037E-02  2.49577E-04  16.356300  9.032700
3  620.000000    121.037000    400.000000    115.247000    440.000000    111.533000    3.91677E-02  3.99123E-04  17.315000  4.776880
3  620.000000    121.037000    440.000000    111.533000    480.000000    120.110000    5.70129E-02  5.75762E-04  16.008600  3.513680
3  620.000000    121.037000    480.000000    120.110000    520.000000    115.268000    4.37860E-02  4.43994E-04  15.456600  4.191700
3  620.000000    121.037000    680.000000    99.357000     720.000000    100.587000    1.00272E-01  1.00756E-03  10.655100  2.436260
3  620.000000    121.037000    720.000000    100.587000    760.000000    98.622000     7.33912E-02  7.39174E-04  13.138800  2.882090
3  620.000000    121.037000    760.000000    98.622000     800.000000    109.655000    5.26423E-02  5.31950E-04  16.816500  3.514650
3  620.000000    121.037000    800.000000    109.655000    840.000000    115.365000    3.64503E-02  3.78332E-04  13.358500  6.943930
3  620.000000    121.037000    840.000000    115.365000    880.000000    118.144000    2.65251E-02  2.74230E-04  15.188300  7.999020
3  620.000000    121.037000    880.000000    118.144000    920.000000    132.008000    1.88369E-02  1.95589E-04  12.432500  9.124800
3  620.000000    121.037000    920.000000    132.008000    960.000000    128.518000    1.32361E-02  1.39048E-04  32.188800  10.258600
3  620.000000    121.037000    2360.000000   52.469000     2400.000000   59.965000     6.22458E-04  1.34659E-05  23.250300  24.000700
3  620.000000    121.037000    0.000000      94.302000     80.000000     87.439000     2.24227E-02  2.32218E-04  18.010500  9.037220
3  620.000000    121.037000    40.000000     87.181000     120.000000    88.121000     1.92612E-02  1.99885E-04  16.927000  9.124720
3  620.000000    121.037000    80.000000     87.439000     160.000000    96.899000     2.08710E-02  2.16585E-04  16.234600  9.124710
3  620.000000    121.037000    120.000000    88.121000     200.000000    103.483000    2.19859E-02  2.27649E-04  15.336500  9.032700
3  620.000000    121.037000    160.000000    96.899000     240.000000    107.360000    1.96684E-02  2.04105E-04  14.142200  9.124750
3  620.000000    121.037000    200.000000    103.483000    280.000000    105.248000    2.98522E-02  3.09257E-04  15.407700  7.586620
3  620.000000    121.037000    960.000000    128.518000    1040.000000   108.286000    2.43155E-02  2.51933E-04  14.395300  9.032860
3  620.000000    121.037000    1000.000000   116.905000    1080.000000   117.343000    2.13589E-02  2.21285E-04  21.083300  9.032730
3  620.000000    121.037000    1040.000000   108.286000    1120.000000   134.172000    2.07027E-02  2.14969E-04  20.927200  9.124740
3  620.000000    121.037000    1080.000000   117.343000    1160.000000   128.135000    1.28489E-02  1.36238E-04  21.423700  10.889400
3  620.000000    121.037000    1120.000000   134.172000    1200.000000   123.583000    1.16766E-02  1.23816E-04  22.007400  10.889500
3  620.000000    121.037000    1160.000000   128.135000    1240.000000   121.871000    1.51428E-02  1.59069E-04  21.761100  10.258700
3  620.000000    121.037000    1200.000000   123.583000    1280.000000   129.599000    1.61233E-02  1.68374E-04  25.460300  9.731220
3  620.000000    121.037000    1240.000000   121.871000    1320.000000   143.045000    1.46104E-02  1.53459E-04  29.225700  10.258900
3  620.000000    121.037000    2280.000000   42.192000     2360.000000   52.469000     1.92416E-03  3.01071E-05  24.846300  17.471900
3  620.000000    121.037000    2320.000000   45.283000     2400.000000   59.965000     1.30714E-03  2.82780E-05  22.856500  24.000800
3  620.000000    121.037000    1280.000000   129.599000    1440.000000   178.173000    2.30570E-02  2.38785E-04  23.128600  9.033400
3  620.000000    121.037000    1320.000000   143.045000    1480.000000   197.065000    1.78183E-02  1.86023E-04  20.816300  9.731770
3  620.000000    121.037000    1360.000000   150.159000    1520.000000   178.674000    1.54805E-02  1.62576E-04  20.527100  10.259300
3  620.000000    121.037000    1400.000000   160.896000    1560.000000   156.964000    1.23706E-02  1.31153E-04  20.019500  10.890000
3  620.000000    121.037000    1440.000000   178.173000    1600.000000   137.193000    1.15598E-02  1.22555E-04  18.538300  10.890200
3  620.000000    121.037000    1480.000000   197.065000    1640.000000   122.640000    1.50912E-02  1.58526E-04  18.582400  10.260900
3  620.000000    121.037000    1520.000000   178.674000    1680.000000   100.508000    1.86660E-02  1.93850E-04  18.369200  9.128700
3  620.000000    121.037000    1560.000000   156.964000    1720.000000   92.752000     2.18430E-02  2.26488E-04  18.724100  9.062490
3  620.000000    121.037000    1600.000000   137.193000    1760.000000   89.581000     2.17094E-02  2.25163E-04  18.609600  9.058590
3  620.000000    121.037000    1640.000000   122.640000    1800.000000   73.849000     2.21425E-02  2.31537E-04  19.862400  9.460890
3  620.000000    121.037000    1680.000000   100.508000    1840.000000   69.746000     2.17715E-02  2.31398E-04  19.546400  9.683290
3  620.000000    121.037000    1720.000000   92.752000     1880.000000   67.320000     1.98342E-02  2.14114E-04  18.582300  9.898610
3  620.000000    121.037000    1760.000000   89.581000     1920.000000   57.532000     1.88468E-02  2.06680E-04  18.678000  10.171800
3  620.000000    121.037000    1800.000000   73.849000     1960.000000   54.922000     1.55934E-02  1.63905E-04  18.470900  10.263100
3  620.000000    121.037000    1840.000000   69.746000     2000.000000   51.429000     1.12051E-02  1.21422E-04  19.815800  11.685200
3  620.000000    121.037000    1880.000000   67.320000     2040.000000   51.134000     8.13608E-03  9.30076E-05  21.789700  12.630600
3  620.000000    121.037000    2120.000000   51.358000     2280.000000   42.192000     2.93271E-03  4.52321E-05  27.986600  15.044300
3  620.000000    121.037000    2160.000000   53.175000     2320.000000   45.283000     3.46683E-03  4.99178E-05  25.355100  15.035400
3  620.000000    121.037000    2200.000000   49.089000     2360.000000   52.469000     3.65186E-03  5.25787E-05  24.853200  15.035200
3  620.000000    121.037000    2240.000000   45.045000     2400.000000   59.965000     3.63062E-03  5.22490E-05  24.852300  15.034700
3  620.000000    121.037000    1920.000000   57.532000     2240.000000   45.045000     8.87805E-03  1.01786E-04  27.450600  12.629600
3  620.000000    121.037000    1960.000000   54.922000     2280.000000   42.192000     7.08316E-03  9.52756E-05  27.478100  13.059100
3  620.000000    121.037000    2000.000000   51.429000     2320.000000   45.283000     7.09051E-03  9.84595E-05  27.754600  13.059700
3  620.000000    121.037000    2040.000000   51.134000     2360.000000   52.469000     6.68860E-03  9.71332E-05  28.344800  13.064500
3  620.000000    121.037000    2080.000000   47.855000     2400.000000   59.965000     6.34751E-03  9.67481E-05  27.750800  13.071800
3  700.000000    96.325000     0.000000      94.302000     40.000000     87.181000     1.11602E-02  1.22016E-04  29.108600  11.963000
3  700.000000    96.325000     360.000000    115.089000    400.000000    115.247000    1.77110E-02  1.84878E-04  18.316200  9.731110
3  700.000000    96.325000     400.000000    115.247000    440.000000    111.533000    2.74072E-02  2.83166E-04  19.388000  7.998640
3  700.000000    96.325000     440.000000    111.533000    480.000000    120.110000    3.76187E-02  3.83338E-04  18.712500  4.776910
3  700.000000    96.325000     480.000000    120.110000    520.000000    115.268000    2.50701E-02  2.59019E-04  18.119100  7.998640
3  700.000000    96.325000     520.000000    115.268000    560.000000    123.811000    5.83732E-02  5.89499E-04  16.007600  3.513700
3  700.000000    96.325000     560.000000    123.811000    600.000000    124.839000    6.78097E-02  6.83888E-04  16.762700  3.299630
3  700.000000    96.325000     600.000000    124.839000    640.000000    115.456000    9.29078E-02  9.33853E-04  13.236900  2.690900
3  700.000000    96.325000     760.000000    98.622000     800.000000    109.655000    1.30400E-01  1.30914E-03  14.117700  2.188050
3  700.000000    96.325000     800.000000    109.655000    840.000000    115.365000    7.31234E-02  7.36221E-04  12.561500  2.881630
3  700.000000    96.325000     840.000000    115.365000    880.000000    118.144000    4.69841E-02  4.76461E-04  15.101900  4.192550
3  700.000000    96.325000     880.000000    118.144000    920.000000    132.008000    2.92671E-02  3.03210E-04  12.275400  7.586700
3  700.000000    96.325000     920.000000    132.008000    960.000000    128.518000    1.82676E-02  1.89576E-04  24.218200  9.124730
3  700.000000    96.325000     960.000000    128.518000    1000.000000   116.905000    2.40386E-02  2.48937E-04  10.271900  9.032720
3  700.000000    96.325000     1000.000000   116.905000    1040.000000   108.286000    1.15208E-02  1.22134E-04  22.112700  10.889400
3  700.000000    96.325000     2360.000000   52.469000     2400.000000   59.965000     6.92777E-04  1.49871E-05  21.227800  24.000700
3  700.000000    96.325000     0.000000      94.302000     80.000000     87.439000     1.99963E-02  2.07602E-04  25.943000  9.140340
3  700.000000    96.325000     40.000000     87.181000     120.000000    88.121000     1.69493E-02  1.76927E-04  20.677200  9.731120
3  700.000000    96.325000     80.000000     87.439000     160.000000    96.899000     1.80620E-02  1.88542E-04  19.273200  9.731110
3  700.000000    96.325000     120.000000    88.121000     200.000000    103.483000    1.87097E-02  1.94156E-04  17.863700  9.124720
3  700.000000    96.325000     160.000000    96.899000     240.000000    107.360000    1.63848E-02  1.71034E-04  16.129600  9.731110
3  700.000000    96.325000     200.000000    103.483000    280.000000    105.248000    2.42511E-02  2.51103E-04  17.086000  9.032700
3  700.000000    96.325000     240.000000    107.360000    320.000000    113.072000    3.14247E-02  3.25547E-04  17.728200  7.586620
3  700.000000    96.325000     280.000000    105.248000    360.000000    115.089000    3.03017E-02  3.13913E-04  18.468000  7.586620
3  700.000000    96.325000     1040.000000   108.286000    1120.000000   134.172000    2.86945E-02  2.97295E-04  21.380600  7.586660
3  700.000000    96.325000     1080.000000   117.343000    1160.000000   128.135000    1.72821E-02  1.80408E-04  22.196000  9.731120
3  700.000000    96.325000     1120.000000   134.172000    1200.000000   123.583000    1.53729E-02  1.61435E-04  23.088000  10.258600
3  700.000000    96.325000     1160.000000   128.135000    1240.000000   121.871000    1.96013E-02  2.03426E-04  23.276400  9.124730
3  700.000000    96.325000     1200.000000   123.583000    1280.000000   129.599000    2.05618E-02  2.13392E-04  27.142800  9.124760
3  700.000000    96.325000     1240.000000   121.871000    1320.000000   143.045000    1.83707E-02  1.90647E-04  31.210900  9.124730
3  700.000000    96.325000     1280.000000   129.599000    1360.000000   150.159000    1.51288E-02  1.58869E-04  27.148000  10.258600
3  700.000000    96.325000     1320.000000   143.045000    1400.000000   160.896000    1.32718E-02  1.40697E-04  23.540900  10.889400
3  700.000000    96.325000     2280.000000   42.192000     2360.000000   52.469000     2.14827E-03  3.36129E-05  21.938500  17.471500
3  700.000000    96.325000     2320.000000   45.283000     2400.000000   59.965000     1.45668E-03  3.15129E-05  20.571200  24.000700
3  700.000000    96.325000     1360.000000   150.159000    1520.000000   178.674000    1.88864E-02  1.95992E-04  22.923300  9.124730
3  700.000000    96.325000     1400.000000   160.896000    1560.000000   156.964000    1.49798E-02  1.57300E-04  22.474100  10.258600
3  700.000000    96.325000     1440.000000   178.173000    1600.000000   137.193000    1.38651E-02  1.45595E-04  21.225400  10.258600
3  700.000000    96.325000     1480.000000   197.065000    1640.000000   122.640000    1.79921E-02  1.87814E-04  21.237100  9.731110
3  700.000000    96.325000     1520.000000   178.674000    1680.000000   100.508000    2.21488E-02  2.29340E-04  20.889200  9.032710
3  700.000000    96.325000     1560.000000   156.964000    1720.000000   92.752000     2.58135E-02  2.66710E-04  20.973100  7.998660
3  700.000000    96.325000     1600.000000   137.193000    1760.000000   89.581000     2.55687E-02  2.64178E-04  20.701200  7.998650
3  700.000000    96.325000     1640.000000   122.640000    1800.000000   73.849000     2.59666E-02  2.68292E-04  19.743400  7.998650
3  700.000000    96.325000     1680.000000   100.508000    1840.000000   69.746000     2.54284E-02  2.62729E-04  18.816800  7.998680
3  700.000000    96.325000     1720.000000   92.752000     1880.000000   67.320000     2.30884E-02  2.39071E-04  17.384100  9.032730
3  700.000000    96.325000     1760.000000   89.581000     1920.000000   57.532000     2.18981E-02  2.26746E-04  16.955800  9.032700
3  700.000000    96.325000     1800.000000   73.849000     1960.000000   54.922000     1.80662E-02  1.88595E-04  18.512100  9.731190
3  700.000000    96.325000     1840.000000   69.746000     2000.000000   51.429000     1.29533E-02  1.37319E-04  19.741100  10.889500
3  700.000000    96.325000     1880.000000   67.320000     2040.000000   51.134000     9.38146E-03  1.01667E-04  21.544700  11.682200
3  700.000000    96.325000     1920.000000   57.532000     2080.000000   47.855000     7.07721E-03  9.48948E-05  25.110200  13.056500
3  700.000000    96.325000     1960.000000   54.922000     2120.000000   51.358000     4.72332E-03  6.55063E-05  25.449000  14.192500
3  700.000000    96.325000     2120.000000   51.358000     2280.000000   42.192000     3.26514E-03  4.69880E-05  25.673600  15.033100
3  700.000000    96.325000     2160.000000   53.175000     2320.000000   45.283000     3.86788E-03  5.56619E-05  23.463200  15.033000
3  700.000000    96.325000     2200.000000   49.089000     2360.000000   52.469000     4.07422E-03  5.86325E-05  22.590000  15.033000
3  700.000000    96.325000     2240.000000   45.045000     2400.000000   59.965000     4.04871E-03  5.82674E-05  22.381100  15.033000
3  700.000000    96.325000     2000.000000   51.429000     2320.000000   45.283000     7.95644E-03  9.09389E-05  25.424300  12.628500
3  700.000000    96.325000     2040.000000   51.134000     2360.000000   52.469000     7.47379E-03  1.00141E-04  25.723300  13.056400
3  700.000000    96.325000     2080.000000   47.855000     2400.000000   59.965000     7.07195E-03  9.47549E-05  24.976500  13.056400
3  740.000000    95.156000     0.000000      94.302000     40.000000     87.181000     1.03818E-02  1.12486E-04  25.505500  11.702200
3  740.000000    95.156000     400.000000    115.247000    440.000000    111.533000    2.29464E-02  2.37594E-04  19.597300  9.032720
3  740.000000    95.156000     440.000000    111.533000    480.000000    120.110000    3.05241E-02  3.16217E-04  19.232700  7.586620
3  740.000000    95.156000     480.000000    120.110000    520.000000    115.268000    1.94121E-02  2.01445E-04  18.753600  9.124710
3  740.000000    95.156000     520.000000    115.268000    560.000000    123.811000    4.32192E-02  4.40408E-04  17.192600  4.776880
3  740.000000    95.156000     560.000000    123.811000    600.000000    124.839000    4.60978E-02  4.67441E-04  18.694800  4.191700
3  740.000000    95.156000     600.000000    124.839000    640.000000    115.456000    5.68805E-02  5.74425E-04  15.653200  3.513690
3  740.000000    95.156000     640.000000    115.456000    680.000000    99.357000     1.36342E-01  1.36870E-03  14.074900  2.188100
3  740.000000    95.156000     800.000000    109.655000    840.000000    115.365000    1.86696E-01  1.87250E-03  11.636100  1.826600
3  740.000000    95.156000     840.000000    115.365000    880.000000    118.144000    9.08197E-02  9.13010E-04  15.425500  2.691680
3  740.000000    95.156000     880.000000    118.144000    920.000000    132.008000    4.57698E-02  4.64179E-04  12.510200  4.192790
3  740.000000    95.156000     920.000000    132.008000    960.000000    128.518000    2.84829E-02  2.95100E-04  16.703200  7.586630
3  740.000000    95.156000     960.000000    128.518000    1000.000000   116.905000    3.26501E-02  3.38758E-04  10.453000  6.943660
3  740.000000    95.156000     1000.000000   116.905000    1040.000000   108.286000    1.53391E-02  1.61085E-04  21.558300  10.258600
3  740.000000    95.156000     1040.000000   108.286000    1080.000000   117.343000    2.33261E-02  2.41600E-04  20.681200  9.032700
3  740.000000    95.156000     2360.000000   52.469000     2400.000000   59.965000     7.44931E-04  1.61154E-05  33.126100  24.000700
3  740.000000    95.156000     0.000000      94.302000     80.000000     87.439000     1.85466E-02  1.92465E-04  22.586200  9.126350
3  740.000000    95.156000     40.000000     87.181000     120.000000    88.121000     1.56268E-02  1.64102E-04  18.050300  10.258600
3  740.000000    95.156000     80.000000     87.439000     160.000000    96.899000     1.65154E-02  1.72398E-04  17.307700  9.731150
3  740.000000    95.156000     120.000000    88.121000     200.000000    103.483000    1.69438E-02  1.76870E-04  16.269500  9.731130
3  740.000000    95.156000     160.000000    96.899000     240.000000    107.360000    1.46810E-02  1.54161E-04  14.909300  10.258600
3  740.000000    95.156000     200.000000    103.483000    280.000000    105.248000    2.14669E-02  2.22275E-04  16.249700  9.032710
3  740.000000    95.156000     240.000000    107.360000    320.000000    113.072000    2.76139E-02  2.85301E-04  17.095000  7.998650
3  740.000000    95.156000     280.000000    105.248000    360.000000    115.089000    2.63018E-02  2.71745E-04  18.017300  7.998640
3  740.000000    95.156000     320.000000    113.072000    400.000000    115.247000    2.83596E-02  2.93794E-04  18.515200  7.586630
3  740.000000    95.156000     1080.000000   117.343000    1160.000000   128.135000    2.11705E-02  2.19235E-04  23.049300  9.032730
3  740.000000    95.156000     1120.000000   134.172000    1200.000000   123.583000    1.85490E-02  1.92516E-04  24.441600  9.124710
3  740.000000    95.156000     1160.000000   128.135000    1240.000000   121.871000    2.32742E-02  2.41056E-04  25.100800  9.032710
3  740.000000    95.156000     1200.000000   123.583000    1280.000000   129.599000    2.41302E-02  2.49948E-04  29.301600  9.032700
3  740.000000    95.156000     1240.000000   121.871000    1320.000000   143.045000    2.13404E-02  2.21055E-04  33.920600  9.032730
3  740.000000    95.156000     1280.000000   129.599000    1360.000000   150.159000    1.74486E-02  1.82195E-04  30.243700  9.731140
3  740.000000    95.156000     1320.000000   143.045000    1400.000000   160.896000    1.52094E-02  1.59758E-04  27.023600  10.258600
3  740.000000    95.156000     1360.000000   150.159000    1440.000000   178.173000    1.52317E-02  1.59995E-04  27.207000  10.258600
3  740.000000    95.156000     2280.000000   42.192000     2360.000000   52.469000     2.30421E-03  3.60531E-05  34.112900  17.471400
3  740.000000    95.156000     2320.000000   45.283000     2400.000000   59.965000     1.56667E-03  2.45126E-05  32.528900  17.471400
3  740.000000    95.156000     1400.000000   160.896000    1560.000000   156.964000    1.69403E-02  1.76847E-04  26.943300  9.731120
3  740.000000    95.156000     1440.000000   178.173000    1600.000000   137.193000    1.55759E-02  1.63567E-04  25.946800  10.258600
3  740.000000    95.156000     1480.000000   197.065000    1640.000000   122.640000    2.01224E-02  2.08844E-04  26.260800  9.124760
3  740.000000    95.156000     1520.000000   178.674000    1680.000000   100.508000    2.46959E-02  2.55215E-04  26.064800  7.998640
3  740.000000    95.156000     1560.000000   156.964000    1720.000000   92.752000     2.87007E-02  2.97411E-04  26.220300  7.586630
3  740.000000    95.156000     1600.000000   137.193000    1760.000000   89.581000     2.83677E-02  2.93957E-04  26.275400  7.586630
3  740.000000    95.156000     1640.000000   122.640000    1800.000000   73.849000     2.87333E-02  2.97740E-04  25.548500  7.586630
3  740.000000    95.156000     1680.000000   100.508000    1840.000000   69.746000     2.80587E-02  2.90753E-04  24.909700  7.586630
3  740.000000    95.156000     1720.000000   92.752000     1880.000000   67.320000     2.54218E-02  2.62724E-04  23.694600  7.998650
3  740.000000    95.156000     1760.000000   89.581000     1920.000000   57.532000     2.40816E-02  2.49413E-04  23.340100  9.032730
3  740.000000    95.156000     1800.000000   73.849000     1960.000000   54.922000     1.98459E-02  2.06000E-04  25.091200  9.124720
3  740.000000    95.156000     1840.000000   69.746000     2000.000000   51.429000     1.42217E-02  1.49369E-04  26.515400  10.258600
3  740.000000    95.156000     1880.000000   67.320000     2040.000000   51.134000     1.02944E-02  1.11672E-04  28.542200  11.682400
3  740.000000    95.156000     1920.000000   57.532000     2080.000000   47.855000     7.75361E-03  8.88789E-05  32.521000  12.628700
3  740.000000    95.156000     1960.000000   54.922000     2120.000000   51.358000     5.14081E-03  7.13277E-05  34.191900  14.192400
3  740.000000    95.156000     2000.000000   51.429000     2160.000000   53.175000     4.42900E-03  6.14347E-05  37.113200  14.192400
3  740.000000    95.156000     2120.000000   51.358000     2280.000000   42.192000     3.51385E-03  5.05689E-05  37.463200  15.033000
3  740.000000    95.156000     2160.000000   53.175000     2320.000000   45.283000     4.15537E-03  5.98003E-05  35.368200  15.033000
3  740.000000    95.156000     2200.000000   49.089000     2360.000000   52.469000     4.37678E-03  6.06981E-05  34.613600  14.192400
3  740.000000    95.156000     2240.000000   45.045000     2400.000000   59.965000     4.34823E-03  6.03030E-05  34.478200  14.192400
3  740.000000    95.156000     2040.000000   51.134000     2360.000000   52.469000     8.04554E-03  9.19485E-05  37.257900  12.628500
3  740.000000    95.156000     2080.000000   47.855000     2400.000000   59.965000     7.60274E-03  8.68902E-05  36.993600  12.628500
3  780.000000    105.378000    0.000000      94.302000     40.000000     87.181000     9.65459E-03  1.04860E-04  26.259700  11.743500
3  780.000000    105.378000    440.000000    111.533000    480.000000    120.110000    2.56367E-02  2.64873E-04  20.416900  7.998650
3  780.000000    105.378000    480.000000    120.110000    520.000000    115.268000    1.57188E-02  1.64082E-04  20.008900  9.731110
3  780.000000    105.378000    520.000000    115.268000    560.000000    123.811000    3.38192E-02  3.50803E-04  18.458200  6.943480
3  780.000000    105.378000    560.000000    123.811000    600.000000    124.839000    3.41125E-02  3.53846E-04  20.007100  6.943490
3  780.000000    105.378000    600.000000    124.839000    640.000000    115.456000    3.97377E-02  4.04931E-04  17.710000  4.776890
3  780.000000    105.378000    640.000000    115.456000    680.000000    99.357000     8.37309E-02  8.41613E-04  16.623800  2.690840
3  780.000000    105.378000    680.000000    99.357000     720.000000    100.587000    1.60129E-01  1.60646E-03  13.637100  1.977660
3  780.000000    105.378000    840.000000    115.365000    880.000000    118.144000    2.61033E-01  2.61576E-03  11.837700  1.422120
3  780.000000    105.378000    880.000000    118.144000    920.000000    132.008000    8.86179E-02  8.90787E-04  11.379500  2.691240
3  780.000000    105.378000    920.000000    132.008000    960.000000    128.518000    5.04858E-02  5.11961E-04  13.254200  4.191770
3  780.000000    105.378000    960.000000    128.518000    1000.000000   116.905000    4.92834E-02  4.99783E-04  9.214720  4.191740
3  780.000000    105.378000    1000.000000   116.905000    1040.000000   108.286000    2.19160E-02  2.26931E-04  19.199000  9.032730
3  780.000000    105.378000    1040.000000   108.286000    1080.000000   117.343000    3.03943E-02  3.14909E-04  18.685300  7.586860
3  780.000000    105.378000    1080.000000   117.343000    1120.000000   134.172000    1.58077E-02  1.65023E-04  21.699100  9.731230
3  780.000000    105.378000    2360.000000   52.469000     2400.000000   59.965000     8.03847E-04  1.73899E-05  41.943500  24.000700
3  780.000000    105.378000    0.000000      94.302000     80.000000     87.439000     1.72248E-02  1.79803E-04  24.268300  9.731120
3  780.000000    105.378000    40.000000     87.181000     120.000000    88.121000     1.44481E-02  1.51715E-04  21.028600  10.260700
3  780.000000    105.378000    80.000000     87.439000     160.000000    96.899000     1.51554E-02  1.59164E-04  20.138800  10.260600
3  780.000000    105.378000    120.000000    88.121000     200.000000    103.483000    1.54198E-02  1.61943E-04  18.732000  10.258600
3  780.000000    105.378000    160.000000    96.899000     240.000000    107.360000    1.32294E-02  1.40242E-04  17.036200  10.889400
3  780.000000    105.378000    200.000000    103.483000    280.000000    105.248000    1.91384E-02  1.98605E-04  18.015100  9.124770
3  780.000000    105.378000    240.000000    107.360000    320.000000    113.072000    2.44635E-02  2.52752E-04  18.706900  7.998690
3  780.000000    105.378000    280.000000    105.248000    360.000000    115.089000    2.30623E-02  2.38794E-04  19.442100  9.032720
3  780.000000    105.378000    320.000000    113.072000    400.000000    115.247000    2.45340E-02  2.53480E-04  19.794700  7.998640
3  780.000000    105.378000    360.000000    115.089000    440.000000    111.533000    3.22788E-02  3.34825E-04  20.273500  6.943480
3  780.000000    105.378000    1120.000000   134.172000    1200.000000   123.583000    2.29714E-02  2.37867E-04  23.128000  9.032860
3  780.000000    105.378000    1160.000000   128.135000    1240.000000   121.871000    2.82054E-02  2.92231E-04  23.883600  7.586980
3  780.000000    105.378000    1200.000000   123.583000    1280.000000   129.599000    2.87710E-02  2.98119E-04  27.985800  7.587350
3  780.000000    105.378000    1240.000000   121.871000    1320.000000   143.045000    2.50955E-02  2.59332E-04  32.703200  7.999270
3  780.000000    105.378000    1280.000000   129.599000    1360.000000   150.159000    2.03266E-02  2.10982E-04  29.149400  9.125290
3  780.000000    105.378000    1320.000000   143.045000    1400.000000   160.896000    1.75787E-02  1.83532E-04  25.869800  9.731660
3  780.000000    105.378000    1360.000000   150.159000    1440.000000   178.173000    1.75311E-02  1.83044E-04  25.989500  9.731710
3  780.000000    105.378000    1400.000000   160.896000    1480.000000   197.065000    1.11637E-02  1.20967E-04  25.308700  11.682500
3  780.000000    105.378000    2280.000000   42.192000     2360.000000   52.469000     2.48902E-03  3.89445E-05  43.660000  17.471500
3  780.000000    105.378000    2320.000000   45.283000     2400.000000   59.965000     1.69175E-03  2.64696E-05  41.193900  17.471400
3  780.000000    105.378000    1440.000000   178.173000    1600.000000   137.193000    1.76433E-02  1.84182E-04  24.760500  9.731340
3  780.000000    105.378000    1480.000000   197.065000    1640.000000   122.640000    2.26902E-02  2.34977E-04  25.100500  9.033110
3  780.000000    105.378000    1520.000000   178.674000    1680.000000   100.508000    2.77514E-02  2.86769E-04  24.929000  7.999260
3  780.000000    105.378000    1560.000000   156.964000    1720.000000   92.752000     3.21541E-02  3.33171E-04  25.210900  7.587380
3  780.000000    105.378000    1600.000000   137.193000    1760.000000   89.581000     3.17062E-02  3.28533E-04  25.304800  7.587360
3  780.000000    105.378000    1640.000000   122.640000    1800.000000   73.849000     3.20181E-02  3.31759E-04  24.722400  7.587280
3  780.000000    105.378000    1680.000000   100.508000    1840.000000   69.746000     3.11771E-02  3.23038E-04  24.249400  7.587120
3  780.000000    105.378000    1720.000000   92.752000     1880.000000   67.320000     2.81838E-02  2.91243E-04  23.153200  7.999000
3  780.000000    105.378000    1760.000000   89.581000     1920.000000   57.532000     2.66588E-02  2.75484E-04  22.904800  7.998920
3  780.000000    105.378000    1800.000000   73.849000     1960.000000   54.922000     2.19284E-02  2.27354E-04  24.794500  9.033010
3  780.000000    105.378000    1840.000000   69.746000     2000.000000   51.429000     1.56914E-02  1.65303E-04  26.421800  10.258600
3  780.000000    105.378000    1880.000000   67.320000     2040.000000   51.134000     1.13402E-02  1.24045E-04  28.681700  11.683700
3  780.000000    105.378000    1920.000000   57.532000     2080.000000   47.855000     8.52133E-03  9.90988E-05  33.310100  12.631100
3  780.000000    105.378000    1960.000000   54.922000     2120.000000   51.358000     5.61786E-03  7.79922E-05  37.164800  14.192500
3  780.000000    105.378000    2000.000000   51.429000     2160.000000   53.175000     4.81622E-03  6.67947E-05  41.964300  14.192400
3  780.000000    105.378000    2040.000000   51.134000     2200.000000   49.089000     3.97115E-03  5.71480E-05  46.959700  15.033000
3  780.000000    105.378000    2120.000000   51.358000     2280.000000   42.192000     3.79276E-03  5.45816E-05  45.677400  15.033000
3  780.000000    105.378000    2160.000000   53.175000     2320.000000   45.283000     4.48839E-03  6.22445E-05  44.160700  14.192400
3  780.000000    105.378000    2200.000000   49.089000     2360.000000   52.469000     4.72882E-03  6.55793E-05  43.829400  14.192400
3  780.000000    105.378000    2240.000000   45.045000     2400.000000   59.965000     4.69718E-03  6.51410E-05  43.947300  14.192400
3  780.000000    105.378000    2080.000000   47.855000     2400.000000   59.965000     8.20824E-03  9.38079E-05  45.796500  12.628500
3  820.000000    113.802000    0.000000      94.302000     40.000000     87.181000     8.91253E-03  1.01860E-04  18.500700  12.628500
3  820.000000    113.802000    480.000000    120.110000    520.000000    115.268000    1.25490E-02  1.33029E-04  20.350100  10.889400
3  820.000000    113.802000    520.000000    115.268000    560.000000    123.811000    2.63689E-02  2.72438E-04  18.976300  7.998640
3  820.000000    113.802000    560.000000    123.811000    600.000000    124.839000    2.53622E-02  2.62037E-04  20.561900  7.998640
3  820.000000    113.802000    600.000000    124.839000    640.000000    115.456000    2.85902E-02  2.96183E-04  18.779100  7.586620
3  820.000000    113.802000    640.000000    115.456000    680.000000    99.357000     5.48446E-02  5.53865E-04  17.762700  3.513690
3  820.000000    113.802000    680.000000    99.357000     720.000000    100.587000    8.24778E-02  8.29026E-04  14.750600  2.690870
3  820.000000    113.802000    720.000000    100.587000    760.000000    98.622000     2.72142E-01  5.44504E-03  9.397510  7.791020
3  820.000000    113.802000    880.000000    118.144000    920.000000    132.008000    2.30840E-01  3.08158E-03  10.097600  1.617940
3  820.000000    113.802000    960.000000    128.518000    1000.000000   116.905000    8.62282E-02  1.06018E-03  8.261850  2.690830
3  820.000000    113.802000    1000.000000   116.905000    1040.000000   108.286000    3.50629E-02  8.99412E-04  15.482700  7.217490
3  820.000000    113.802000    1040.000000   108.286000    1080.000000   117.343000    4.32572E-02  4.40804E-04  16.659900  4.776890
3  820.000000    113.802000    1080.000000   117.343000    1120.000000   134.172000    2.19544E-02  2.27325E-04  19.994000  9.032720
3  820.000000    113.802000    1120.000000   134.172000    1160.000000   128.135000    1.47002E-02  1.54364E-04  19.754800  10.258600
3  820.000000    113.802000    2360.000000   52.469000     2400.000000   59.965000     8.73737E-04  1.89019E-05  21.881800  24.000700
3  820.000000    113.802000    0.000000      94.302000     80.000000     87.439000     1.58440E-02  1.65391E-04  17.659800  9.731130
3  820.000000    113.802000    40.000000     87.181000     120.000000    88.121000     1.31727E-02  1.39641E-04  15.948400  10.889400
3  820.000000    113.802000    120.000000    88.121000     200.000000    103.483000    1.38610E-02  1.45552E-04  15.277800  10.258600
3  820.000000    113.802000    160.000000    96.899000     240.000000    107.360000    1.17906E-02  1.24990E-04  14.416800  10.889500
3  820.000000    113.802000    200.000000    103.483000    280.000000    105.248000    1.68530E-02  1.75922E-04  16.190600  9.731110
3  820.000000    113.802000    240.000000    107.360000    320.000000    113.072000    2.14071E-02  2.21656E-04  17.265800  9.032710
3  820.000000    113.802000    280.000000    105.248000    360.000000    115.089000    1.99802E-02  2.07341E-04  18.450700  9.124720
3  820.000000    113.802000    320.000000    113.072000    400.000000    115.247000    2.09299E-02  2.17196E-04  19.264600  9.124710
3  820.000000    113.802000    360.000000    115.089000    440.000000    111.533000    2.70811E-02  2.79797E-04  20.089300  7.998640
3  820.000000    113.802000    400.000000    115.247000    480.000000    120.110000    3.72523E-02  3.79605E-04  20.582000  4.776910
3  820.000000    113.802000    1160.000000   128.135000    1240.000000   121.871000    3.63811E-02  3.77388E-04  22.705400  6.943480
3  820.000000    113.802000    1200.000000   123.583000    1280.000000   129.599000    3.62342E-02  3.75868E-04  26.740800  6.943530
3  820.000000    113.802000    1240.000000   121.871000    1320.000000   143.045000    3.09407E-02  3.20552E-04  31.653100  7.586670
3  820.000000    113.802000    1280.000000   129.599000    1360.000000   150.159000    2.46993E-02  2.55201E-04  28.214000  7.998670
3  820.000000    113.802000    1320.000000   143.045000    1400.000000   160.896000    2.11024E-02  2.18511E-04  24.750700  9.032730
3  820.000000    113.802000    1360.000000   150.159000    1440.000000   178.173000    2.09629E-02  2.17551E-04  24.775000  9.124730
3  820.000000    113.802000    1400.000000   160.896000    1480.000000   197.065000    1.32934E-02  1.40925E-04  23.937300  10.889400
3  820.000000    113.802000    1440.000000   178.173000    1520.000000   178.674000    8.41998E-03  9.62277E-05  23.267900  12.628500
3  820.000000    113.802000    2280.000000   42.192000     2360.000000   52.469000     2.70630E-03  4.23439E-05  23.835400  17.471400
3  820.000000    113.802000    2320.000000   45.283000     2400.000000   59.965000     1.84162E-03  2.88145E-05  22.103500  17.471400
3  820.000000    113.802000    0.000000      94.302000     160.000000    96.899000     2.95519E-02  3.06146E-04  16.777000  7.586620
3  820.000000    113.802000    1480.000000   197.065000    1640.000000   122.640000    2.65329E-02  2.74141E-04  23.120200  7.998650
3  820.000000    113.802000    1520.000000   178.674000    1680.000000   100.508000    3.22939E-02  3.34998E-04  22.722800  6.943500
3  820.000000    113.802000    1560.000000   156.964000    1720.000000   92.752000     3.72484E-02  3.79587E-04  22.758500  4.776930
3  820.000000    113.802000    1600.000000   137.193000    1760.000000   89.581000     3.66028E-02  3.79699E-04  22.655900  6.943500
3  820.000000    113.802000    1640.000000   122.640000    1800.000000   73.849000     3.67942E-02  3.81685E-04  21.777900  6.943500
3  820.000000    113.802000    1680.000000   100.508000    1840.000000   69.746000     3.56904E-02  3.70242E-04  21.071900  6.943510
3  820.000000    113.802000    1720.000000   92.752000     1880.000000   67.320000     3.21760E-02  3.33787E-04  19.804900  6.943490
3  820.000000    113.802000    1760.000000   89.581000     1920.000000   57.532000     3.03773E-02  3.14727E-04  19.417900  7.586640
3  820.000000    113.802000    1800.000000   73.849000     1960.000000   54.922000     2.49297E-02  2.57599E-04  21.127000  7.998680
3  820.000000    113.802000    1840.000000   69.746000     2000.000000   51.429000     1.77931E-02  1.85755E-04  22.362700  9.731130
3  820.000000    113.802000    1880.000000   67.320000     2040.000000   51.134000     1.28263E-02  1.35986E-04  24.237300  10.889400
3  820.000000    113.802000    1920.000000   57.532000     2080.000000   47.855000     9.60081E-03  1.04051E-04  27.960800  11.682200
3  820.000000    113.802000    1960.000000   54.922000     2120.000000   51.358000     6.25461E-03  8.38043E-05  28.181900  13.056400
3  820.000000    113.802000    2000.000000   51.429000     2160.000000   53.175000     5.31250E-03  7.36727E-05  29.959200  14.192400
3  820.000000    113.802000    2040.000000   51.134000     2200.000000   49.089000     4.33630E-03  6.01375E-05  31.904800  14.192400
3  820.000000    113.802000    2080.000000   47.855000     2240.000000   45.045000     3.80617E-03  5.47742E-05  30.465500  15.033000
3  820.000000    113.802000    2120.000000   51.358000     2280.000000   42.192000     4.12230E-03  5.93236E-05  27.679500  15.033000
3  820.000000    113.802000    2160.000000   53.175000     2320.000000   45.283000     4.88445E-03  6.77371E-05  25.506900  14.192400
3  820.000000    113.802000    2200.000000   49.089000     2360.000000   52.469000     5.14630E-03  7.13684E-05  24.769800  14.192400
3  820.000000    113.802000    2240.000000   45.045000     2400.000000   59.965000     5.10835E-03  7.08426E-05  24.280800  14.192400
3  865.000000    114.769000    0.000000      94.302000     40.000000     87.181000     8.23827E-03  9.41511E-05  26.347800  12.631000
3  865.000000    114.769000    520.000000    115.268000    560.000000    123.811000    2.11873E-02  2.19867E-04  19.735500  9.124720
3  865.000000    114.769000    560.000000    123.811000    600.000000    124.839000    1.96488E-02  2.03901E-04  21.437400  9.124710
3  865.000000    114.769000    600.000000    124.839000    640.000000    115.456000    2.14370E-02  2.21965E-04  20.107400  9.032700
3  865.000000    114.769000    640.000000    115.456000    680.000000    99.357000     3.87968E-02  3.95343E-04  19.299400  4.776880
3  865.000000    114.769000    680.000000    99.357000     720.000000    100.587000    4.97420E-02  5.04394E-04  16.390400  4.191700
3  865.000000    114.769000    720.000000    100.587000    760.000000    98.622000     1.12271E-01  2.31953E-03  19.185300  10.343800
3  865.000000    114.769000    760.000000    98.622000     800.000000    109.655000    2.80724E-01  2.81322E-03  13.132100  1.434260
3  865.000000    114.769000    960.000000    128.518000    1000.000000   116.905000    1.54977E-01  1.55481E-03  7.741520  1.978630
3  865.000000    114.769000    1000.000000   116.905000    1040.000000   108.286000    5.60869E-02  5.66416E-04  15.242600  3.513720
3  865.000000    114.769000    1040.000000   108.286000    1080.000000   117.343000    6.04917E-02  6.10095E-04  15.243700  3.299740
3  865.000000    114.769000    1080.000000   117.343000    1120.000000   134.172000    2.96317E-02  3.06973E-04  19.126100  7.586630
3  865.000000    114.769000    1120.000000   134.172000    1160.000000   128.135000    1.94492E-02  2.01830E-04  19.306300  9.124720
3  865.000000    114.769000    1160.000000   128.135000    1200.000000   123.583000    2.04350E-02  2.12062E-04  23.484300  9.124710
3  865.000000    114.769000    2360.000000   52.469000     2400.000000   59.965000     9.50830E-04  2.05697E-05  34.660500  24.000700
3  865.000000    114.769000    0.000000      94.302000     80.000000     87.439000     1.46173E-02  1.53493E-04  25.339900  10.259200
3  865.000000    114.769000    40.000000     87.181000     120.000000    88.121000     1.20777E-02  1.28033E-04  22.756100  10.889400
3  865.000000    114.769000    160.000000    96.899000     240.000000    107.360000    1.06042E-02  1.14886E-04  17.108900  11.682200
3  865.000000    114.769000    200.000000    103.483000    280.000000    105.248000    1.49973E-02  1.57484E-04  18.038100  10.258600
3  865.000000    114.769000    240.000000    107.360000    320.000000    113.072000    1.89454E-02  1.96602E-04  18.778000  9.124740
3  865.000000    114.769000    280.000000    105.248000    360.000000    115.089000    1.75309E-02  1.82998E-04  19.583400  9.731110
3  865.000000    114.769000    320.000000    113.072000    400.000000    115.247000    1.81187E-02  1.89134E-04  20.212700  9.731120
3  865.000000    114.769000    360.000000    115.089000    440.000000    111.533000    2.31096E-02  2.39284E-04  20.878100  9.032720
3  865.000000    114.769000    400.000000    115.247000    480.000000    120.110000    3.14188E-02  3.25486E-04  21.304800  7.586620
3  865.000000    114.769000    440.000000    111.533000    520.000000    115.268000    2.79508E-02  2.88782E-04  21.210500  7.998640
3  865.000000    114.769000    1200.000000   123.583000    1280.000000   129.599000    4.48867E-02  4.55165E-04  27.328100  4.191710
3  865.000000    114.769000    1240.000000   121.871000    1320.000000   143.045000    3.75446E-02  3.82591E-04  32.972800  4.776910
3  865.000000    114.769000    1280.000000   129.599000    1360.000000   150.159000    2.95557E-02  3.06185E-04  30.199800  7.586620
3  865.000000    114.769000    1320.000000   143.045000    1400.000000   160.896000    2.49716E-02  2.58004E-04  27.148100  7.998650
3  865.000000    114.769000    1360.000000   150.159000    1440.000000   178.173000    2.47002E-02  2.55200E-04  27.312700  7.998640
3  865.000000    114.769000    1400.000000   160.896000    1480.000000   197.065000    1.55942E-02  1.62782E-04  26.647000  9.731120
3  865.000000    114.769000    1440.000000   178.173000    1520.000000   178.674000    9.81023E-03  1.06284E-04  26.322200  11.682200
3  865.000000    114.769000    1480.000000   197.065000    1560.000000   156.964000    1.11461E-02  1.20757E-04  27.739000  11.682200
3  865.000000    114.769000    2280.000000   42.192000     2360.000000   52.469000     2.94675E-03  4.24061E-05  35.994200  15.033000
3  865.000000    114.769000    2320.000000   45.283000     2400.000000   59.965000     2.00582E-03  3.13837E-05  34.065000  17.471400
3  865.000000    114.769000    0.000000      94.302000     160.000000    96.899000     2.71003E-02  2.79998E-04  23.335700  7.998660
3  865.000000    114.769000    40.000000     87.181000     200.000000    103.483000    2.46357E-02  2.54531E-04  20.929300  7.998650
3  865.000000    114.769000    1520.000000   178.674000    1680.000000   100.508000    3.70698E-02  3.77749E-04  26.733600  4.776880
3  865.000000    114.769000    1560.000000   156.964000    1720.000000   92.752000     4.25860E-02  4.33960E-04  27.056400  4.776880
3  865.000000    114.769000    1600.000000   137.193000    1760.000000   89.581000     4.17196E-02  4.25131E-04  27.182400  4.776890
3  865.000000    114.769000    1640.000000   122.640000    1800.000000   73.849000     4.17684E-02  4.25628E-04  26.624200  4.776900
3  865.000000    114.769000    1680.000000   100.508000    1840.000000   69.746000     4.03765E-02  4.11445E-04  26.166400  4.776900
3  865.000000    114.769000    1720.000000   92.752000     1880.000000   67.320000     3.63094E-02  3.76637E-04  25.049700  6.943500
3  865.000000    114.769000    1760.000000   89.581000     1920.000000   57.532000     3.42215E-02  3.54983E-04  24.783400  6.943500
3  865.000000    114.769000    1800.000000   73.849000     1960.000000   54.922000     2.80271E-02  2.90352E-04  26.645900  7.586750
3  865.000000    114.769000    1840.000000   69.746000     2000.000000   51.429000     1.99607E-02  2.07140E-04  28.146000  9.125040
3  865.000000    114.769000    1880.000000   67.320000     2040.000000   51.134000     1.43564E-02  1.50755E-04  30.313100  10.260800
3  865.000000    114.769000    1920.000000   57.532000     2080.000000   47.855000     1.07119E-02  1.16054E-04  34.514900  11.686900
3  865.000000    114.769000    1960.000000   54.922000     2120.000000   51.358000     6.91764E-03  9.26874E-05  36.160000  13.056600
3  865.000000    114.769000    2000.000000   51.429000     2160.000000   53.175000     5.83637E-03  7.81998E-05  39.297700  13.056400
3  865.000000    114.769000    2040.000000   51.134000     2200.000000   49.089000     4.72956E-03  6.55886E-05  42.894000  14.192400
3  865.000000    114.769000    2080.000000   47.855000     2240.000000   45.045000     4.13059E-03  5.94425E-05  42.791200  15.033000
3  865.000000    114.769000    2120.000000   51.358000     2280.000000   42.192000     4.48245E-03  6.21613E-05  39.850600  14.192400
3  865.000000    114.769000    2160.000000   53.175000     2320.000000   45.283000     5.31896E-03  7.37617E-05  37.548700  14.192400
3  865.000000    114.769000    2200.000000   49.089000     2360.000000   52.469000     5.60564E-03  7.77373E-05  36.665800  14.192400
3  865.000000    114.769000    2240.000000   45.045000     2400.000000   59.965000     5.56287E-03  7.71442E-05  36.377600  14.192400
3  900.000000    124.837000    0.000000      94.302000     40.000000     87.181000     7.83676E-03  8.95640E-05  19.914600  12.628500
3  900.000000    124.837000    560.000000    123.811000    600.000000    124.839000    1.71029E-02  1.78530E-04  22.577400  9.731110
3  900.000000    124.837000    600.000000    124.839000    640.000000    115.456000    1.83840E-02  1.90776E-04  21.583100  9.124710
3  900.000000    124.837000    640.000000    115.456000    680.000000    99.357000     3.27119E-02  3.39317E-04  20.842600  6.943470
3  900.000000    124.837000    680.000000    99.357000     720.000000    100.587000    3.93509E-02  4.00990E-04  17.831800  4.776880
3  900.000000    124.837000    720.000000    100.587000    760.000000    98.622000     7.44269E-02  7.49293E-04  15.264300  2.881560
3  900.000000    124.837000    760.000000    98.622000     800.000000    109.655000    1.45965E-01  1.46436E-03  14.561300  1.977920
3  900.000000    124.837000    800.000000    109.655000    840.000000    115.365000    2.60391E-01  2.60925E-03  10.589400  1.421880
3  900.000000    124.837000    960.000000    128.518000    1000.000000   116.905000    2.92669E-01  2.93269E-03  7.237630  1.423050
3  900.000000    124.837000    1000.000000   116.905000    1040.000000   108.286000    8.44412E-02  8.48761E-04  13.305800  2.691060
3  900.000000    124.837000    1040.000000   108.286000    1080.000000   117.343000    7.83983E-02  7.89291E-04  14.041000  2.881880
3  900.000000    124.837000    1080.000000   117.343000    1120.000000   134.172000    3.74643E-02  3.81769E-04  17.919600  4.776980
3  900.000000    124.837000    1120.000000   134.172000    1160.000000   128.135000    2.39713E-02  2.48208E-04  17.819100  9.032740
3  900.000000    124.837000    1160.000000   128.135000    1200.000000   123.583000    2.47652E-02  2.55872E-04  22.198100  7.998700
3  900.000000    124.837000    1200.000000   123.583000    1240.000000   121.871000    3.03763E-02  3.14689E-04  21.186300  7.586840
3  900.000000    124.837000    2360.000000   52.469000     2400.000000   59.965000     1.00389E-03  2.17176E-05  21.595000  24.000700
3  900.000000    124.837000    0.000000      94.302000     80.000000     87.439000     1.38861E-02  1.45814E-04  19.200800  10.258600
3  900.000000    124.837000    40.000000     87.181000     120.000000    88.121000     1.14161E-02  1.21020E-04  17.725800  10.889600
3  900.000000    124.837000    200.000000    103.483000    280.000000    105.248000    1.39367E-02  1.46346E-04  17.115700  10.258600
3  900.000000    124.837000    240.000000    107.360000    320.000000    113.072000    1.75492E-02  1.83189E-04  18.186300  9.731120
3  900.000000    124.837000    280.000000    105.248000    360.000000    115.089000    1.61613E-02  1.68701E-04  19.343200  9.731120
3  900.000000    124.837000    320.000000    113.072000    400.000000    115.247000    1.65498E-02  1.72757E-04  20.334900  9.731110
3  900.000000    124.837000    360.000000    115.089000    440.000000    111.533000    2.09305E-02  2.17202E-04  21.320300  9.124740
3  900.000000    124.837000    400.000000    115.247000    480.000000    120.110000    2.82953E-02  2.93128E-04  21.886400  7.586650
3  900.000000    124.837000    440.000000    111.533000    520.000000    115.268000    2.50217E-02  2.58519E-04  21.961400  7.998650
3  900.000000    124.837000    480.000000    120.110000    560.000000    123.811000    2.79086E-02  2.88346E-04  21.178400  7.998650
3  900.000000    124.837000    1240.000000   121.871000    1320.000000   143.045000    4.32944E-02  4.39014E-04  31.549500  4.191930
3  900.000000    124.837000    1280.000000   129.599000    1360.000000   150.159000    3.37028E-02  3.49596E-04  28.758600  6.943590
3  900.000000    124.837000    1320.000000   143.045000    1400.000000   160.896000    2.82220E-02  2.92369E-04  25.552000  7.586680
3  900.000000    124.837000    1360.000000   150.159000    1440.000000   178.173000    2.78382E-02  2.87619E-04  25.709500  7.998700
3  900.000000    124.837000    1400.000000   160.896000    1480.000000   197.065000    1.75268E-02  1.82955E-04  24.848400  9.731140
3  900.000000    124.837000    1440.000000   178.173000    1520.000000   178.674000    1.09749E-02  1.18902E-04  24.273800  11.682200
3  900.000000    124.837000    1480.000000   197.065000    1560.000000   156.964000    1.24392E-02  1.31865E-04  25.759600  10.889400
3  900.000000    124.837000    1520.000000   178.674000    1600.000000   137.193000    1.58105E-02  1.65041E-04  24.107500  9.731180
3  900.000000    124.837000    2280.000000   42.192000     2360.000000   52.469000     3.11144E-03  4.47761E-05  22.273800  15.033000
3  900.000000    124.837000    2320.000000   45.283000     2400.000000   59.965000     2.12078E-03  3.31824E-05  22.299300  17.471400
3  900.000000    124.837000    0.000000      94.302000     160.000000    96.899000     2.56321E-02  2.64826E-04  18.456000  7.998640
3  900.000000    124.837000    40.000000     87.181000     200.000000    103.483000    2.32116E-02  2.40340E-04  17.261300  9.032720
3  900.000000    124.837000    80.000000     87.439000     240.000000    107.360000    2.16706E-02  2.24386E-04  16.634500  9.032760
3  900.000000    124.837000    1560.000000   156.964000    1720.000000   92.752000     4.69943E-02  4.76532E-04  24.276600  4.191820
3  900.000000    124.837000    1600.000000   137.193000    1760.000000   89.581000     4.59301E-02  4.65740E-04  24.350500  4.191820
3  900.000000    124.837000    1640.000000   122.640000    1800.000000   73.849000     4.58384E-02  4.64811E-04  23.602400  4.191840
3  900.000000    124.837000    1680.000000   100.508000    1840.000000   69.746000     4.41964E-02  4.48156E-04  22.968300  4.191840
3  900.000000    124.837000    1720.000000   92.752000     1880.000000   67.320000     3.96761E-02  4.04303E-04  21.792100  4.776990
3  900.000000    124.837000    1760.000000   89.581000     1920.000000   57.532000     3.73482E-02  3.80582E-04  21.411400  4.777020
3  900.000000    124.837000    1800.000000   73.849000     1960.000000   54.922000     3.05434E-02  3.16417E-04  23.196700  7.587390
3  900.000000    124.837000    1840.000000   69.746000     2000.000000   51.429000     2.17138E-02  2.24831E-04  24.546000  9.033900
3  900.000000    124.837000    1880.000000   67.320000     2040.000000   51.134000     1.55902E-02  1.63755E-04  26.732800  10.262900
3  900.000000    124.837000    1920.000000   57.532000     2080.000000   47.855000     1.16009E-02  1.23046E-04  30.293300  10.898400
3  900.000000    124.837000    1960.000000   54.922000     2120.000000   51.358000     7.42641E-03  9.95154E-05  29.562500  13.056700
3  900.000000    124.837000    2000.000000   51.429000     2160.000000   53.175000     6.22314E-03  8.33888E-05  30.482700  13.056500
3  900.000000    124.837000    2040.000000   51.134000     2200.000000   49.089000     5.00303E-03  6.93805E-05  31.192000  14.192400
3  900.000000    124.837000    2080.000000   47.855000     2240.000000   45.045000     4.34600E-03  6.02690E-05  29.740800  14.192400
3  900.000000    124.837000    2120.000000   51.358000     2280.000000   42.192000     4.72902E-03  6.55811E-05  26.940800  14.192400
3  900.000000    124.837000    2160.000000   53.175000     2320.000000   45.283000     5.61862E-03  7.79179E-05  24.164000  14.192400
3  900.000000    124.837000    2200.000000   49.089000     2360.000000   52.469000     5.92270E-03  7.93565E-05  23.491400  13.056400
3  900.000000    124.837000    2240.000000   45.045000     2400.000000   59.965000     5.87461E-03  7.87121E-05  22.886300  13.056400
3  940.000000    133.647000    0.000000      94.302000     40.000000     87.181000     7.44912E-03  9.98592E-05  21.477800  13.067600
3  940.000000    133.647000    600.000000    124.839000    640.000000    115.456000    1.58728E-02  1.65690E-04  23.248600  9.731110
3  940.000000    133.647000    640.000000    115.456000    680.000000    99.357000     2.77747E-02  2.86963E-04  22.709100  7.998640
3  940.000000    133.647000    680.000000    99.357000     720.000000    100.587000    3.27109E-02  3.39307E-04  19.116900  6.943470
3  940.000000    133.647000    720.000000    100.587000    760.000000    98.622000     5.38703E-02  5.44025E-04  15.949500  3.513690
3  940.000000    133.647000    760.000000    98.622000     800.000000    109.655000    9.61868E-02  9.66812E-04  16.532100  2.690830
3  940.000000    133.647000    800.000000    109.655000    840.000000    115.365000    1.49778E-01  1.50260E-03  14.095700  1.977720
3  940.000000    133.647000    840.000000    115.365000    880.000000    118.144000    2.42410E-01  2.42977E-03  7.894800  1.618000
3  940.000000    133.647000    1000.000000   116.905000    1040.000000   108.286000    1.54678E-01  1.55182E-03  11.719200  1.977750
3  940.000000    133.647000    1040.000000   108.286000    1080.000000   117.343000    1.05520E-01  1.06013E-03  13.115200  2.435930
3  940.000000    133.647000    1080.000000   117.343000    1120.000000   134.172000    4.91079E-02  4.97988E-04  17.995800  4.191700
3  940.000000    133.647000    1120.000000   134.172000    1160.000000   128.135000    2.97179E-02  3.07874E-04  16.749600  7.586620
3  940.000000    133.647000    1160.000000   128.135000    1200.000000   123.583000    2.97666E-02  3.08385E-04  21.204200  7.586630
3  940.000000    133.647000    1200.000000   123.583000    1240.000000   121.871000    3.62258E-02  3.75806E-04  20.072100  6.943560
3  940.000000    133.647000    1240.000000   121.871000    1280.000000   129.599000    2.60507E-02  2.69174E-04  31.008300  7.998640
3  940.000000    133.647000    2360.000000   52.469000     2400.000000   59.965000     1.06480E-03  2.30352E-05  14.519600  24.000700
3  940.000000    133.647000    0.000000      94.302000     80.000000     87.439000     1.31795E-02  1.39713E-04  20.517800  10.890700
3  940.000000    133.647000    40.000000     87.181000     120.000000    88.121000     1.07769E-02  1.17453E-04  18.456900  11.682200
3  940.000000    133.647000    240.000000    107.360000    320.000000    113.072000    1.62311E-02  1.69430E-04  19.103300  9.731110
3  940.000000    133.647000    280.000000    105.248000    360.000000    115.089000    1.48770E-02  1.56219E-04  20.347400  10.258600
3  940.000000    133.647000    320.000000    113.072000    400.000000    115.247000    1.50920E-02  1.58477E-04  21.362900  10.258600
3  940.000000    133.647000    360.000000    115.089000    440.000000    111.533000    1.89269E-02  1.96410E-04  22.367000  9.124710
3  940.000000    133.647000    400.000000    115.247000    480.000000    120.110000    2.54526E-02  2.62971E-04  23.035900  7.998650
3  940.000000    133.647000    440.000000    111.533000    520.000000    115.268000    2.23870E-02  2.31802E-04  23.202400  9.032700
3  940.000000    133.647000    480.000000    120.110000    560.000000    123.811000    2.47868E-02  2.56092E-04  22.587000  7.998640
3  940.000000    133.647000    520.000000    115.268000    600.000000    124.839000    3.15912E-02  3.27272E-04  23.129300  7.586620
3  940.000000    133.647000    1280.000000   129.599000    1360.000000   150.159000    3.86972E-02  3.94355E-04  27.852000  4.776890
3  940.000000    133.647000    1320.000000   143.045000    1400.000000   160.896000    3.20944E-02  3.32928E-04  24.500200  6.943500
3  940.000000    133.647000    1360.000000   150.159000    1440.000000   178.173000    3.15474E-02  3.26844E-04  24.537100  7.586640
3  940.000000    133.647000    1400.000000   160.896000    1480.000000   197.065000    1.97970E-02  2.05449E-04  23.757100  9.124710
3  940.000000    133.647000    1440.000000   178.173000    1520.000000   178.674000    1.23331E-02  1.30742E-04  23.285800  10.889400
3  940.000000    133.647000    1480.000000   197.065000    1560.000000   156.964000    1.39341E-02  1.46321E-04  24.547100  10.258600
3  940.000000    133.647000    1520.000000   178.674000    1600.000000   137.193000    1.76441E-02  1.84185E-04  23.052200  9.731110
3  940.000000    133.647000    1560.000000   156.964000    1640.000000   122.640000    2.39469E-02  2.47963E-04  22.783400  9.032700
3  940.000000    133.647000    2280.000000   42.192000     2360.000000   52.469000     3.30311E-03  4.75347E-05  14.882900  15.033000
3  940.000000    133.647000    2320.000000   45.283000     2400.000000   59.965000     2.25178E-03  3.52320E-05  15.491500  17.471400
3  940.000000    133.647000    0.000000      94.302000     160.000000    96.899000     2.42152E-02  2.51707E-04  19.314000  9.033460
3  940.000000    133.647000    40.000000     87.181000     200.000000    103.483000    2.18405E-02  2.26211E-04  17.852500  9.032740
3  940.000000    133.647000    80.000000     87.439000     240.000000    107.360000    2.03118E-02  2.10804E-04  17.181900  9.124710
3  940.000000    133.647000    120.000000    88.121000     280.000000    105.248000    2.39950E-02  2.48456E-04  17.667800  9.032700
3  940.000000    133.647000    1600.000000   137.193000    1760.000000   89.581000     5.07441E-02  5.12475E-04  23.318300  3.513730
3  940.000000    133.647000    1640.000000   122.640000    1800.000000   73.849000     5.04797E-02  5.11889E-04  22.588100  4.191700
3  940.000000    133.647000    1680.000000   100.508000    1840.000000   69.746000     4.85425E-02  4.92245E-04  22.048300  4.191710
3  940.000000    133.647000    1720.000000   92.752000     1880.000000   67.320000     4.34978E-02  4.41081E-04  20.873800  4.191710
3  940.000000    133.647000    1760.000000   89.581000     1920.000000   57.532000     4.08915E-02  4.16697E-04  20.578900  4.776900
3  940.000000    133.647000    1800.000000   73.849000     1960.000000   54.922000     3.33910E-02  3.46635E-04  22.530100  6.945240
3  940.000000    133.647000    1840.000000   69.746000     2000.000000   51.429000     2.36958E-02  2.45962E-04  23.993100  9.038340
3  940.000000    133.647000    1880.000000   67.320000     2040.000000   51.134000     1.69831E-02  1.78771E-04  26.453300  9.763590
3  940.000000    133.647000    1920.000000   57.532000     2080.000000   47.855000     1.26069E-02  1.35322E-04  30.554900  10.970100
3  940.000000    133.647000    1960.000000   54.922000     2120.000000   51.358000     8.00675E-03  9.15204E-05  28.679100  12.637500
3  940.000000    133.647000    2000.000000   51.429000     2160.000000   53.175000     6.66811E-03  8.93440E-05  28.235300  13.056800
3  940.000000    133.647000    2040.000000   51.134000     2200.000000   49.089000     5.32232E-03  7.38099E-05  27.697300  14.192400
3  940.000000    133.647000    2080.000000   47.855000     2240.000000   45.045000     4.59774E-03  6.37656E-05  23.892000  14.192500
3  940.000000    133.647000    2120.000000   51.358000     2280.000000   42.192000     5.01511E-03  6.95485E-05  21.308000  14.192400
3  940.000000    133.647000    2160.000000   53.175000     2320.000000   45.283000     5.96731E-03  7.99572E-05  17.876500  13.056500
3  940.000000    133.647000    2200.000000   49.089000     2360.000000   52.469000     6.29086E-03  8.42900E-05  16.767100  13.056400
3  940.000000    133.647000    2240.000000   45.045000     2400.000000   59.965000     6.23689E-03  8.35675E-05  15.685700  13.056400
3  980.000000    116.627000    0.000000      94.302000     40.000000     87.181000     6.95496E-03  9.36771E-05  32.758200  13.056600
3  980.000000    116.627000    640.000000    115.456000    680.000000    99.357000     2.26152E-02  2.34165E-04  25.460300  9.032700
3  980.000000    116.627000    680.000000    99.357000     720.000000    100.587000    2.56739E-02  2.65258E-04  22.484600  7.998640
3  980.000000    116.627000    720.000000    100.587000    760.000000    98.622000     3.96683E-02  4.04224E-04  18.859100  4.776890
3  980.000000    116.627000    760.000000    98.622000     800.000000    109.655000    6.29765E-02  6.35143E-04  19.419500  3.299640
3  980.000000    116.627000    800.000000    109.655000    840.000000    115.365000    8.73650E-02  8.78141E-04  16.214700  2.690840
3  980.000000    116.627000    840.000000    115.365000    880.000000    118.144000    1.11571E-01  1.12084E-03  11.865300  2.435980
3  980.000000    116.627000    880.000000    118.144000    920.000000    132.008000    2.02440E-01  2.02914E-03  11.070000  1.617950
3  980.000000    116.627000    1040.000000   108.286000    1080.000000   117.343000    1.84818E-01  1.85347E-03  16.326400  1.826400
3  980.000000    116.627000    1080.000000   117.343000    1120.000000   134.172000    7.15123E-02  7.19950E-04  18.456200  2.881530
3  980.000000    116.627000    1120.000000   134.172000    1160.000000   128.135000    4.08440E-02  4.16204E-04  16.105400  4.776880
3  980.000000    116.627000    1160.000000   128.135000    1200.000000   123.583000    3.91964E-02  3.99415E-04  21.239400  4.776900
3  980.000000    116.627000    1200.000000   123.583000    1240.000000   121.871000    4.49605E-02  4.55904E-04  19.710800  4.191710
3  980.000000    116.627000    1280.000000   129.599000    1320.000000   143.045000    2.89909E-02  3.00334E-04  29.909400  7.586620
3  980.000000    116.627000    2360.000000   52.469000     2400.000000   59.965000     1.14060E-03  2.46751E-05  23.913300  24.000700
3  980.000000    116.627000    0.000000      94.302000     80.000000     87.439000     1.22864E-02  1.30246E-04  28.722300  10.893500
3  980.000000    116.627000    40.000000     87.181000     120.000000    88.121000     9.99273E-03  1.08293E-04  21.246000  11.682200
3  980.000000    116.627000    280.000000    105.248000    360.000000    115.089000    1.33841E-02  1.40542E-04  21.768000  10.258600
3  980.000000    116.627000    320.000000    113.072000    400.000000    115.247000    1.34337E-02  1.41063E-04  22.882800  10.258600
3  980.000000    116.627000    360.000000    115.089000    440.000000    111.533000    1.66760E-02  1.74074E-04  23.959200  9.731110
3  980.000000    116.627000    400.000000    115.247000    480.000000    120.110000    2.22702E-02  2.30592E-04  24.679100  9.032710
3  980.000000    116.627000    440.000000    111.533000    520.000000    115.268000    1.94400E-02  2.01735E-04  24.928800  9.124710
3  980.000000    116.627000    480.000000    120.110000    560.000000    123.811000    2.12658E-02  2.20192E-04  24.457500  9.032700
3  980.000000    116.627000    520.000000    115.268000    600.000000    124.839000    2.68228E-02  2.77128E-04  25.154500  7.998640
3  980.000000    116.627000    560.000000    123.811000    640.000000    115.456000    2.57371E-02  2.65911E-04  26.023500  7.998640
3  980.000000    116.627000    1320.000000   143.045000    1400.000000   160.896000    3.76848E-02  3.84016E-04  24.434400  4.776880
3  980.000000    116.627000    1360.000000   150.159000    1440.000000   178.173000    3.67905E-02  3.81624E-04  24.444900  6.943480
3  980.000000    116.627000    1400.000000   160.896000    1480.000000   197.065000    2.29304E-02  2.37428E-04  23.487200  9.032720
3  980.000000    116.627000    1440.000000   178.173000    1520.000000   178.674000    1.41642E-02  1.48734E-04  22.865600  10.258600
3  980.000000    116.627000    1480.000000   197.065000    1560.000000   156.964000    1.59078E-02  1.66055E-04  24.117700  9.731110
3  980.000000    116.627000    1520.000000   178.674000    1600.000000   137.193000    2.00374E-02  2.07934E-04  22.589700  9.124730
3  980.000000    116.627000    1560.000000   156.964000    1640.000000   122.640000    2.70604E-02  2.79583E-04  22.260000  7.998670
3  980.000000    116.627000    1600.000000   137.193000    1680.000000   100.508000    3.14586E-02  3.25902E-04  22.668300  7.586630
3  980.000000    116.627000    2280.000000   42.192000     2360.000000   52.469000     3.54058E-03  5.09518E-05  25.380700  15.033000
3  980.000000    116.627000    2320.000000   45.283000     2400.000000   59.965000     2.41429E-03  3.77747E-05  23.937600  17.471400
3  980.000000    116.627000    0.000000      94.302000     160.000000    96.899000     2.24671E-02  2.32730E-04  25.116900  9.032700
3  980.000000    116.627000    40.000000     87.181000     200.000000    103.483000    2.01740E-02  2.09360E-04  20.859300  9.126400
3  980.000000    116.627000    80.000000     87.439000     240.000000    107.360000    1.86788E-02  1.93836E-04  19.649900  9.125010
3  980.000000    116.627000    120.000000    88.121000     280.000000    105.248000    2.19298E-02  2.27085E-04  20.071200  9.034210
3  980.000000    116.627000    160.000000    96.899000     320.000000    113.072000    2.31862E-02  2.40077E-04  19.756900  9.032700
3  980.000000    116.627000    1640.000000   122.640000    1800.000000   73.849000     5.64225E-02  5.69805E-04  22.026000  3.513700
3  980.000000    116.627000    1680.000000   100.508000    1840.000000   69.746000     5.40739E-02  5.46087E-04  21.454200  3.513680
3  980.000000    116.627000    1720.000000   92.752000     1880.000000   67.320000     4.83282E-02  4.90058E-04  20.219600  4.191710
3  980.000000    116.627000    1760.000000   89.581000     1920.000000   57.532000     4.53565E-02  4.59929E-04  19.893200  4.191720
3  980.000000    116.627000    1800.000000   73.849000     1960.000000   54.922000     3.69523E-02  3.76585E-04  21.598300  4.776910
3  980.000000    116.627000    1840.000000   69.746000     2000.000000   51.429000     2.61738E-02  2.70472E-04  22.854000  7.998670
3  980.000000    116.627000    1880.000000   67.320000     2040.000000   51.134000     1.87210E-02  1.94403E-04  24.751300  9.125260
3  980.000000    116.627000    1920.000000   57.532000     2080.000000   47.855000     1.38561E-02  1.45697E-04  28.251900  10.260500
3  980.000000    116.627000    1960.000000   54.922000     2120.000000   51.358000     8.73421E-03  9.98259E-05  28.669600  12.628700
3  980.000000    116.627000    2000.000000   51.429000     2160.000000   53.175000     7.22467E-03  9.68019E-05  30.729300  13.056500
3  980.000000    116.627000    2040.000000   51.134000     2200.000000   49.089000     5.72572E-03  7.94026E-05  33.120500  14.192400
3  980.000000    116.627000    2080.000000   47.855000     2240.000000   45.045000     4.91928E-03  6.82201E-05  32.541700  14.192400
3  980.000000    116.627000    2120.000000   51.358000     2280.000000   42.192000     5.37462E-03  7.45336E-05  29.264500  14.192400
3  980.000000    116.627000    2160.000000   53.175000     2320.000000   45.283000     6.40096E-03  8.57645E-05  26.770800  13.056400
3  980.000000    116.627000    2200.000000   49.089000     2360.000000   52.469000     6.74757E-03  9.04087E-05  26.115500  13.056400
3  980.000000    116.627000    2240.000000   45.045000     2400.000000   59.965000     6.68657E-03  8.95913E-05  25.761900  13.056400
3  1020.000000   114.295000    0.000000      94.302000     40.000000     87.181000     6.66439E-03  8.92942E-05  23.626500  13.056400
3  1020.000000   114.295000    680.000000    99.357000     720.000000    100.587000    2.21088E-02  2.28921E-04  25.111400  9.032700
3  1020.000000   114.295000    720.000000    100.587000    760.000000    98.622000     3.30381E-02  3.42701E-04  22.695900  6.943470
3  1020.000000   114.295000    760.000000    98.622000     800.000000    109.655000    4.82334E-02  4.89091E-04  22.462700  4.191710
3  1020.000000   114.295000    800.000000    109.655000    840.000000    115.365000    6.30307E-02  6.35690E-04  18.947700  3.299640
3  1020.000000   114.295000    840.000000    115.365000    880.000000    118.144000    7.14294E-02  7.19115E-04  16.748500  2.881530
3  1020.000000   114.295000    880.000000    118.144000    920.000000    132.008000    9.56190E-02  9.61105E-04  16.798900  2.690850
3  1020.000000   114.295000    920.000000    132.008000    960.000000    128.518000    1.27061E-01  1.27553E-03  19.086300  2.188060
3  1020.000000   114.295000    1080.000000   117.343000    1120.000000   134.172000    9.82785E-02  9.87316E-04  21.187300  2.435930
3  1020.000000   114.295000    1120.000000   134.172000    1160.000000   128.135000    4.98009E-02  5.05145E-04  18.890900  4.191700
3  1020.000000   114.295000    1160.000000   128.135000    1200.000000   123.583000    4.62838E-02  4.69910E-04  22.888200  4.191700
3  1020.000000   114.295000    1200.000000   123.583000    1240.000000   121.871000    5.18594E-02  5.23718E-04  20.644700  3.513720
3  1020.000000   114.295000    1240.000000   121.871000    1280.000000   129.599000    3.58064E-02  3.71416E-04  30.875700  6.943480
3  1020.000000   114.295000    1280.000000   129.599000    1320.000000   143.045000    3.21712E-02  3.33709E-04  30.333000  6.943480
3  1020.000000   114.295000    1320.000000   143.045000    1360.000000   150.159000    1.88522E-02  1.95635E-04  24.794000  9.124720
3  1020.000000   114.295000    2360.000000   52.469000     2400.000000   59.965000     1.18980E-03  2.57394E-05  21.046400  24.000700
3  1020.000000   114.295000    0.000000      94.302000     80.000000     87.439000     1.17603E-02  1.24669E-04  22.373000  10.889600
3  1020.000000   114.295000    40.000000     87.181000     120.000000    88.121000     9.52317E-03  1.03227E-04  19.798300  11.683700
3  1020.000000   114.295000    320.000000    113.072000    400.000000    115.247000    1.24834E-02  1.32334E-04  23.396100  10.889500
3  1020.000000   114.295000    360.000000    115.089000    440.000000    111.533000    1.53877E-02  1.61582E-04  24.757800  10.258600
3  1020.000000   114.295000    400.000000    115.247000    480.000000    120.110000    2.04666E-02  2.12388E-04  25.616900  9.124730
3  1020.000000   114.295000    440.000000    111.533000    520.000000    115.268000    1.77943E-02  1.85749E-04  25.996400  9.731120
3  1020.000000   114.295000    480.000000    120.110000    560.000000    123.811000    1.93795E-02  2.01107E-04  25.682500  9.124750
3  1020.000000   114.295000    520.000000    115.268000    600.000000    124.839000    2.43008E-02  2.51071E-04  26.486800  7.998640
3  1020.000000   114.295000    560.000000    123.811000    640.000000    115.456000    2.30608E-02  2.38778E-04  27.651600  9.032700
3  1020.000000   114.295000    600.000000    124.839000    680.000000    99.357000     3.16722E-02  3.28111E-04  27.506900  7.586620
3  1020.000000   114.295000    1360.000000   150.159000    1440.000000   178.173000    4.05696E-02  4.13408E-04  24.318200  4.776890
3  1020.000000   114.295000    1400.000000   160.896000    1480.000000   197.065000    2.52169E-02  2.60536E-04  23.303200  7.998640
3  1020.000000   114.295000    1440.000000   178.173000    1520.000000   178.674000    1.55080E-02  1.62845E-04  22.530200  10.258600
3  1020.000000   114.295000    1480.000000   197.065000    1560.000000   156.964000    1.73742E-02  1.81362E-04  23.654500  9.731110
3  1020.000000   114.295000    1520.000000   178.674000    1600.000000   137.193000    2.18138E-02  2.25867E-04  22.055900  9.032700
3  1020.000000   114.295000    1560.000000   156.964000    1640.000000   122.640000    2.93715E-02  3.04277E-04  21.647800  7.586630
3  1020.000000   114.295000    1600.000000   137.193000    1680.000000   100.508000    3.40534E-02  3.53233E-04  21.986700  6.943490
3  1020.000000   114.295000    1640.000000   122.640000    1720.000000   92.752000     3.39997E-02  3.52675E-04  22.491000  6.943480
3  1020.000000   114.295000    2280.000000   42.192000     2360.000000   52.469000     3.69721E-03  5.32058E-05  21.979500  15.033000
3  1020.000000   114.295000    2320.000000   45.283000     2400.000000   59.965000     2.52009E-03  3.94301E-05  21.097300  17.471400
3  1020.000000   114.295000    0.000000      94.302000     160.000000    96.899000     2.14310E-02  2.21905E-04  20.964100  9.032700
3  1020.000000   114.295000    40.000000     87.181000     200.000000    103.483000    1.91929E-02  1.99180E-04  19.175000  9.124790
3  1020.000000   114.295000    80.000000     87.439000     240.000000    107.360000    1.77261E-02  1.85048E-04  18.416500  9.731130
3  1020.000000   114.295000    120.000000    88.121000     280.000000    105.248000    2.07417E-02  2.15243E-04  18.958300  9.124730
3  1020.000000   114.295000    160.000000    96.899000     320.000000    113.072000    2.18640E-02  2.26386E-04  19.369500  9.032700
3  1020.000000   114.295000    200.000000    103.483000    360.000000    115.089000    2.36104E-02  2.44469E-04  20.688100  9.032730
3  1020.000000   114.295000    1680.000000   100.508000    1840.000000   69.746000     5.81239E-02  5.86982E-04  20.575800  3.513680
3  1020.000000   114.295000    1720.000000   92.752000     1880.000000   67.320000     5.18712E-02  5.23837E-04  19.276300  3.513720
3  1020.000000   114.295000    1760.000000   89.581000     1920.000000   57.532000     4.86310E-02  4.93128E-04  18.901700  4.191760
3  1020.000000   114.295000    1800.000000   73.849000     1960.000000   54.922000     3.95651E-02  4.03188E-04  20.555800  4.776940
3  1020.000000   114.295000    1840.000000   69.746000     2000.000000   51.429000     2.79805E-02  2.89892E-04  21.816600  7.586640
3  1020.000000   114.295000    1880.000000   67.320000     2040.000000   51.134000     1.99804E-02  2.07445E-04  23.807700  9.124770
3  1020.000000   114.295000    1920.000000   57.532000     2080.000000   47.855000     1.47529E-02  1.55109E-04  27.360700  10.258800
3  1020.000000   114.295000    1960.000000   54.922000     2120.000000   51.358000     9.23718E-03  1.05578E-04  27.595600  12.628500
3  1020.000000   114.295000    2000.000000   51.429000     2160.000000   53.175000     7.59808E-03  8.68362E-05  29.548500  12.628500
3  1020.000000   114.295000    2040.000000   51.134000     2200.000000   49.089000     5.98178E-03  8.01481E-05  31.587300  13.056400
3  1020.000000   114.295000    2080.000000   47.855000     2240.000000   45.045000     5.11477E-03  7.09306E-05  30.695200  14.192400
3  1020.000000   114.295000    2120.000000   51.358000     2280.000000   42.192000     5.60392E-03  7.77135E-05  26.952200  14.192400
3  1020.000000   114.295000    2160.000000   53.175000     2320.000000   45.283000     6.68652E-03  8.95907E-05  23.794600  13.056400
3  1020.000000   114.295000    2200.000000   49.089000     2360.000000   52.469000     7.04831E-03  9.44382E-05  22.961800  13.056400
3  1020.000000   114.295000    2240.000000   45.045000     2400.000000   59.965000     6.98192E-03  9.35487E-05  22.476800  13.056400
3  1060.000000   109.082000    0.000000      94.302000     40.000000     87.181000     6.39497E-03  8.56843E-05  26.188300  13.056600
3  1060.000000   109.082000    720.000000    100.587000    760.000000    98.622000     2.84159E-02  2.94377E-04  23.096400  7.586620
3  1060.000000   109.082000    760.000000    98.622000     800.000000    109.655000    3.99009E-02  4.06594E-04  24.412500  4.776880
3  1060.000000   109.082000    800.000000    109.655000    840.000000    115.365000    5.09625E-02  5.14660E-04  18.650200  3.513690
3  1060.000000   109.082000    840.000000    115.365000    880.000000    118.144000    5.52470E-02  5.57928E-04  17.526200  3.513720
3  1060.000000   109.082000    880.000000    118.144000    920.000000    132.008000    6.83264E-02  6.89099E-04  17.132600  3.299640
3  1060.000000   109.082000    920.000000    132.008000    960.000000    128.518000    7.36961E-02  7.41935E-04  19.613300  2.881550
3  1060.000000   109.082000    960.000000    128.518000    1000.000000   116.905000    1.44241E-01  1.44707E-03  21.502700  1.978740
3  1060.000000   109.082000    1120.000000   134.172000    1160.000000   128.135000    1.16890E-01  1.17342E-03  21.829500  2.188060
3  1060.000000   109.082000    1160.000000   128.135000    1200.000000   123.583000    7.95144E-02  8.00511E-04  26.548600  2.881560
3  1060.000000   109.082000    1200.000000   123.583000    1240.000000   121.871000    7.46884E-02  7.51925E-04  22.920600  2.881540
3  1060.000000   109.082000    1240.000000   121.871000    1280.000000   129.599000    4.75205E-02  4.81867E-04  32.354100  4.191720
3  1060.000000   109.082000    1280.000000   129.599000    1320.000000   143.045000    3.99650E-02  4.07251E-04  33.465500  4.776880
3  1060.000000   109.082000    1320.000000   143.045000    1360.000000   150.159000    2.28122E-02  2.36204E-04  27.839300  9.032700
3  1060.000000   109.082000    1360.000000   150.159000    1400.000000   160.896000    2.73002E-02  1.06364E-03  30.516000  9.568910
3  1060.000000   109.082000    2360.000000   52.469000     2400.000000   59.965000     1.25849E-03  2.72254E-05  26.609200  24.000700
3  1060.000000   109.082000    0.000000      94.302000     80.000000     87.439000     1.12671E-02  1.22069E-04  25.443900  11.683200
3  1060.000000   109.082000    40.000000     87.181000     120.000000    88.121000     9.09153E-03  1.03953E-04  23.378300  12.631300
3  1060.000000   109.082000    360.000000    115.089000    440.000000    111.533000    1.42735E-02  1.49883E-04  24.665900  10.258600
3  1060.000000   109.082000    400.000000    115.247000    480.000000    120.110000    1.89122E-02  1.96258E-04  25.463900  9.124710
3  1060.000000   109.082000    440.000000    111.533000    520.000000    115.268000    1.63701E-02  1.70881E-04  25.826800  9.731110
3  1060.000000   109.082000    480.000000    120.110000    560.000000    123.811000    1.76853E-02  1.84610E-04  25.469000  9.731120
3  1060.000000   109.082000    520.000000    115.268000    600.000000    124.839000    2.20559E-02  2.28373E-04  26.319000  9.032700
3  1060.000000   109.082000    560.000000    123.811000    640.000000    115.456000    2.07659E-02  2.15494E-04  27.624700  9.124710
3  1060.000000   109.082000    600.000000    124.839000    680.000000    99.357000     2.82835E-02  2.93006E-04  27.621800  7.586640
3  1060.000000   109.082000    640.000000    115.456000    720.000000    100.587000    3.71936E-02  3.79007E-04  26.487200  4.776890
3  1060.000000   109.082000    1400.000000   160.896000    1480.000000   197.065000    2.91718E-02  3.02211E-04  25.698400  7.586620
3  1060.000000   109.082000    1440.000000   178.173000    1520.000000   178.674000    1.76379E-02  1.84115E-04  24.744300  9.731110
3  1060.000000   109.082000    1480.000000   197.065000    1560.000000   156.964000    1.95001E-02  2.02358E-04  25.704700  9.124710
3  1060.000000   109.082000    1520.000000   178.674000    1600.000000   137.193000    2.42909E-02  2.50974E-04  24.123400  7.998640
3  1060.000000   109.082000    1560.000000   156.964000    1640.000000   122.640000    3.24622E-02  3.36740E-04  23.692900  6.943470
3  1060.000000   109.082000    1600.000000   137.193000    1680.000000   100.508000    3.74440E-02  3.81592E-04  24.041800  4.776880
3  1060.000000   109.082000    1640.000000   122.640000    1720.000000   92.752000     3.72437E-02  3.79562E-04  24.625300  4.776890
3  1060.000000   109.082000    1680.000000   100.508000    1760.000000   89.581000     2.99457E-02  3.10255E-04  24.309600  7.586620
3  1060.000000   109.082000    2280.000000   42.192000     2360.000000   52.469000     3.91253E-03  5.63048E-05  27.487000  15.033000
3  1060.000000   109.082000    2320.000000   45.283000     2400.000000   59.965000     2.66628E-03  4.17174E-05  26.001400  17.471400
3  1060.000000   109.082000    0.000000      94.302000     160.000000    96.899000     2.04710E-02  2.12454E-04  23.864200  9.124710
3  1060.000000   109.082000    40.000000     87.181000     200.000000    103.483000    1.82702E-02  1.90732E-04  21.830600  9.731640
3  1060.000000   109.082000    80.000000     87.439000     240.000000    107.360000    1.68245E-02  1.75658E-04  20.376900  9.731150
3  1060.000000   109.082000    120.000000    88.121000     280.000000    105.248000    1.96086E-02  2.03494E-04  20.088400  9.124740
3  1060.000000   109.082000    160.000000    96.899000     320.000000    113.072000    2.05998E-02  2.13770E-04  20.008100  9.124710
3  1060.000000   109.082000    200.000000    103.483000    360.000000    115.089000    2.21762E-02  2.29619E-04  21.041800  9.032710
3  1060.000000   109.082000    240.000000    107.360000    400.000000    115.247000    2.46176E-02  2.54344E-04  22.085200  7.998650
3  1060.000000   109.082000    1720.000000   92.752000     1880.000000   67.320000     5.62018E-02  5.67666E-04  21.577100  3.513690
3  1060.000000   109.082000    1760.000000   89.581000     1920.000000   57.532000     5.25871E-02  5.31182E-04  21.246100  3.513760
3  1060.000000   109.082000    1800.000000   73.849000     1960.000000   54.922000     4.26695E-02  4.34964E-04  22.956700  4.776910
3  1060.000000   109.082000    1840.000000   69.746000     2000.000000   51.429000     3.01452E-02  3.12419E-04  24.298400  7.586670
3  1060.000000   109.082000    1880.000000   67.320000     2040.000000   51.134000     2.15008E-02  2.22750E-04  26.293300  9.032730
3  1060.000000   109.082000    1920.000000   57.532000     2080.000000   47.855000     1.58503E-02  1.65526E-04  30.142700  9.731340
3  1060.000000   109.082000    1960.000000   54.922000     2120.000000   51.358000     9.89550E-03  1.07210E-04  30.943600  11.682200
3  1060.000000   109.082000    2000.000000   51.429000     2160.000000   53.175000     8.10919E-03  9.26783E-05  33.358400  12.628600
3  1060.000000   109.082000    2040.000000   51.134000     2200.000000   49.089000     6.36911E-03  8.53429E-05  36.332100  13.056400
3  1060.000000   109.082000    2080.000000   47.855000     2240.000000   45.045000     5.43120E-03  7.53226E-05  35.603700  14.192400
3  1060.000000   109.082000    2120.000000   51.358000     2280.000000   42.192000     5.93724E-03  7.95531E-05  31.984900  13.056400
3  1060.000000   109.082000    2160.000000   53.175000     2320.000000   45.283000     7.07790E-03  9.48361E-05  29.303000  13.056400
3  1060.000000   109.082000    2200.000000   49.089000     2360.000000   52.469000     7.45980E-03  9.99531E-05  28.351100  13.056400
3  1060.000000   109.082000    2240.000000   45.045000     2400.000000   59.965000     7.38870E-03  9.89997E-05  27.973100  13.056400
3  1100.000000   129.924000    760.000000    98.622000     800.000000    109.655000    3.18757E-02  3.30220E-04  25.833300  7.586630
3  1100.000000   129.924000    800.000000    109.655000    840.000000    115.365000    3.93166E-02  4.00644E-04  20.117000  4.776910
3  1100.000000   129.924000    840.000000    115.365000    880.000000    118.144000    4.13853E-02  4.21720E-04  19.748100  4.776900
3  1100.000000   129.924000    880.000000    118.144000    920.000000    132.008000    4.87255E-02  4.94086E-04  19.151300  4.191720
3  1100.000000   129.924000    920.000000    132.008000    960.000000    128.518000    4.85042E-02  4.91842E-04  23.523300  4.191700
3  1100.000000   129.924000    960.000000    128.518000    1000.000000   116.905000    7.23237E-02  7.28119E-04  20.561500  2.881580
3  1100.000000   129.924000    1000.000000   116.905000    1040.000000   108.286000    9.56242E-02  9.60669E-04  40.874800  2.457560
3  1100.000000   129.924000    1200.000000   123.583000    1240.000000   121.871000    1.36049E-01  1.36512E-03  20.006700  1.977700
3  1100.000000   129.924000    1240.000000   121.871000    1280.000000   129.599000    7.60330E-02  7.65622E-04  29.865300  2.881590
3  1100.000000   129.924000    1280.000000   129.599000    1320.000000   143.045000    5.80797E-02  5.86669E-04  34.794300  3.513830
3  1100.000000   129.924000    1320.000000   143.045000    1360.000000   150.159000    3.12623E-02  3.23906E-04  29.998300  7.586690
3  1100.000000   129.924000    1360.000000   150.159000    1400.000000   160.896000    3.62005E-02  3.75606E-04  29.241700  6.943590
3  1100.000000   129.924000    1400.000000   160.896000    1440.000000   178.173000    2.63049E-02  2.71827E-04  28.403100  7.998710
3  1100.000000   129.924000    2360.000000   52.469000     2400.000000   59.965000     1.36720E-03  2.95772E-05  41.998000  24.000700
3  1100.000000   129.924000    0.000000      94.302000     80.000000     87.439000     1.05096E-02  1.16223E-04  -13.901900  11.788800
3  1100.000000   129.924000    40.000000     87.181000     120.000000    88.121000     8.47617E-03  1.00877E-04  -0.922595  12.628500
3  1100.000000   129.924000    400.000000    115.247000    480.000000    120.110000    1.69335E-02  1.76764E-04  23.473200  9.731140
3  1100.000000   129.924000    440.000000    111.533000    520.000000    115.268000    1.45621E-02  1.52912E-04  24.033000  10.258600
3  1100.000000   129.924000    480.000000    120.110000    560.000000    123.811000    1.55226E-02  1.63000E-04  24.051300  10.258600
3  1100.000000   129.924000    520.000000    115.268000    600.000000    124.839000    1.92106E-02  1.99354E-04  25.156600  9.124740
3  1100.000000   129.924000    560.000000    123.811000    640.000000    115.456000    1.79089E-02  1.86944E-04  26.885300  9.731110
3  1100.000000   129.924000    600.000000    124.839000    680.000000    99.357000     2.41361E-02  2.49912E-04  27.284500  9.032700
3  1100.000000   129.924000    640.000000    115.456000    720.000000    100.587000    3.13645E-02  3.24924E-04  26.438400  7.586630
3  1100.000000   129.924000    680.000000    99.357000     760.000000    98.622000     3.97732E-02  4.05293E-04  25.685900  4.776880
3  1100.000000   129.924000    1440.000000   178.173000    1520.000000   178.674000    2.17759E-02  2.25481E-04  26.797900  9.032720
3  1100.000000   129.924000    1480.000000   197.065000    1560.000000   156.964000    2.35260E-02  2.43612E-04  27.963600  9.032720
3  1100.000000   129.924000    1520.000000   178.674000    1600.000000   137.193000    2.89002E-02  2.99426E-04  26.508500  7.586720
3  1100.000000   129.924000    1560.000000   156.964000    1640.000000   122.640000    3.81111E-02  3.88466E-04  26.168400  4.777040
3  1100.000000   129.924000    1600.000000   137.193000    1680.000000   100.508000    4.35558E-02  4.41804E-04  26.716800  4.191990
3  1100.000000   129.924000    1640.000000   122.640000    1720.000000   92.752000     4.30299E-02  4.36469E-04  27.525500  4.192050
3  1100.000000   129.924000    1680.000000   100.508000    1760.000000   89.581000     3.43934E-02  3.56832E-04  27.492700  6.943610
3  1100.000000   129.924000    1720.000000   92.752000     1800.000000   73.849000     3.32068E-02  3.44511E-04  25.372800  6.943590
3  1100.000000   129.924000    2280.000000   42.192000     2360.000000   52.469000     4.25368E-03  5.89892E-05  42.103400  14.192400
3  1100.000000   129.924000    2320.000000   45.283000     2400.000000   59.965000     2.89901E-03  4.17191E-05  41.497000  15.033000
3  1100.000000   129.924000    0.000000      94.302000     160.000000    96.899000     1.90735E-02  1.98155E-04  -3.496880  9.339790
3  1100.000000   129.924000    40.000000     87.181000     200.000000    103.483000    1.69890E-02  1.78121E-04  6.633010  9.737380
3  1100.000000   129.924000    80.000000     87.439000     240.000000    107.360000    1.55976E-02  1.62928E-04  11.512700  9.753490
3  1100.000000   129.924000    120.000000    88.121000     280.000000    105.248000    1.80869E-02  1.88834E-04  15.336000  9.751030
3  1100.000000   129.924000    160.000000    96.899000     320.000000    113.072000    1.89096E-02  1.96276E-04  16.461100  9.125920
3  1100.000000   129.924000    200.000000    103.483000    360.000000    115.089000    2.02731E-02  2.10402E-04  17.848300  9.124750
3  1100.000000   129.924000    240.000000    107.360000    400.000000    115.247000    2.24212E-02  2.32176E-04  19.230800  9.032710
3  1100.000000   129.924000    280.000000    105.248000    440.000000    111.533000    2.35490E-02  2.43833E-04  20.980300  9.032700
3  1100.000000   129.924000    1760.000000   89.581000     1920.000000   57.532000     5.93991E-02  5.99153E-04  25.046900  3.299880
3  1100.000000   129.924000    1800.000000   73.849000     1960.000000   54.922000     4.79769E-02  4.87431E-04  26.968100  4.191920
3  1100.000000   129.924000    1840.000000   69.746000     2000.000000   51.429000     3.38459E-02  3.53165E-04  28.595500  6.943610
3  1100.000000   129.924000    1880.000000   67.320000     2040.000000   51.134000     2.41007E-02  2.55070E-04  31.011800  9.035110
3  1100.000000   129.924000    1920.000000   57.532000     2080.000000   47.855000     1.77235E-02  1.92300E-04  35.912000  9.759710
3  1100.000000   129.924000    1960.000000   54.922000     2120.000000   51.358000     1.10088E-02  1.19902E-04  38.859200  11.689500
3  1100.000000   129.924000    2000.000000   51.429000     2160.000000   53.175000     8.96000E-03  1.02403E-04  43.289400  12.628800
3  1100.000000   129.924000    2040.000000   51.134000     2200.000000   49.089000     7.00962E-03  9.39219E-05  48.576600  13.056500
3  1100.000000   129.924000    2080.000000   47.855000     2240.000000   45.045000     5.95014E-03  7.97283E-05  49.168100  13.056500
3  1100.000000   129.924000    2120.000000   51.358000     2280.000000   42.192000     6.47729E-03  8.67899E-05  46.167100  13.056400
3  1100.000000   129.924000    2160.000000   53.175000     2320.000000   45.283000     7.70371E-03  8.80418E-05  43.490600  12.628700
3  1100.000000   129.924000    2200.000000   49.089000     2360.000000   52.469000     8.11549E-03  9.27487E-05  42.722000  12.628500
3  1100.000000   129.924000    2240.000000   45.045000     2400.000000   59.965000     8.03434E-03  9.18221E-05  42.519500  12.628600
3  1140.000000   132.283000    0.000000      94.302000     40.000000     87.181000     5.78269E-03  8.01949E-05  29.582100  14.193400
3  1140.000000   132.283000    800.000000    109.655000    840.000000    115.365000    3.47376E-02  3.60330E-04  22.322900  6.943480
3  1140.000000   132.283000    880.000000    118.144000    920.000000    132.008000    4.12358E-02  4.20197E-04  25.139400  4.776880
3  1140.000000   132.283000    920.000000    132.008000    960.000000    128.518000    4.01258E-02  4.08886E-04  28.268800  4.776880
3  1140.000000   132.283000    960.000000    128.518000    1000.000000   116.905000    5.90729E-02  5.96571E-04  22.220000  3.528470
3  1140.000000   132.283000    1000.000000   116.905000    1040.000000   108.286000    5.84003E-02  5.88990E-04  40.692500  3.299640
3  1140.000000   132.283000    1040.000000   108.286000    1080.000000   117.343000    2.81664E-01  2.82241E-03  22.187500  1.421980
3  1140.000000   132.283000    1200.000000   123.583000    1240.000000   121.871000    2.07267E-01  2.07752E-03  15.843900  1.618070
3  1140.000000   132.283000    1240.000000   121.871000    1280.000000   129.599000    1.02690E-01  1.03162E-03  26.675700  2.435940
3  1140.000000   132.283000    1280.000000   129.599000    1320.000000   143.045000    7.21983E-02  7.26856E-04  34.005700  2.881530
3  1140.000000   132.283000    1360.000000   150.159000    1400.000000   160.896000    4.23690E-02  4.31749E-04  29.113800  4.776880
3  1140.000000   132.283000    1400.000000   160.896000    1440.000000   178.173000    3.04329E-02  3.15273E-04  28.248800  7.586620
3  1140.000000   132.283000    1440.000000   178.173000    1480.000000   197.065000    1.23320E-02  1.30729E-04  25.616800  10.889400
3  1140.000000   132.283000    2360.000000   52.469000     2400.000000   59.965000     1.43211E-03  3.09814E-05  33.744000  24.000700
3  1140.000000   132.283000    0.000000      94.302000     80.000000     87.439000     1.01764E-02  1.10251E-04  27.710200  11.682700
3  1140.000000   132.283000    40.000000     87.181000     120.000000    88.121000     8.18409E-03  9.35319E-05  23.908300  12.628500
3  1140.000000   132.283000    440.000000    111.533000    520.000000    115.268000    1.37318E-02  1.44194E-04  24.771600  10.258600
3  1140.000000   132.283000    480.000000    120.110000    560.000000    123.811000    1.45771E-02  1.53070E-04  24.704400  10.258600
3  1140.000000   132.283000    520.000000    115.268000    600.000000    124.839000    1.79837E-02  1.87725E-04  25.796900  9.731130
3  1140.000000   132.283000    560.000000    123.811000    640.000000    115.456000    1.66873E-02  1.74192E-04  27.517400  9.731130
3  1140.000000   132.283000    600.000000    124.839000    680.000000    99.357000     2.23832E-02  2.31762E-04  27.940400  9.032700
3  1140.000000   132.283000    640.000000    115.456000    720.000000    100.587000    2.89478E-02  2.99888E-04  27.301100  7.586620
3  1140.000000   132.283000    680.000000    99.357000     760.000000    98.622000     3.64145E-02  3.77724E-04  25.738400  6.943480
3  1140.000000   132.283000    720.000000    100.587000    800.000000    109.655000    5.00938E-02  5.07956E-04  25.088500  4.191700
3  1140.000000   132.283000    1480.000000   197.065000    1560.000000   156.964000    2.63820E-02  2.72574E-04  27.620900  7.998640
3  1140.000000   132.283000    1520.000000   178.674000    1600.000000   137.193000    3.21389E-02  3.33374E-04  26.379800  6.943470
3  1140.000000   132.283000    1560.000000   156.964000    1640.000000   122.640000    4.20519E-02  4.28517E-04  26.159000  4.776890
3  1140.000000   132.283000    1600.000000   137.193000    1680.000000   100.508000    4.77800E-02  4.84499E-04  26.589900  4.191710
3  1140.000000   132.283000    1640.000000   122.640000    1720.000000   92.752000     4.69422E-02  4.76003E-04  27.446400  4.191710
3  1140.000000   132.283000    1680.000000   100.508000    1760.000000   89.581000     3.73502E-02  3.80606E-04  27.318300  4.776890
3  1140.000000   132.283000    1720.000000   92.752000     1800.000000   73.849000     3.59292E-02  3.72690E-04  25.029200  6.943480
3  1140.000000   132.283000    1760.000000   89.581000     1840.000000   69.746000     4.06514E-02  4.14246E-04  24.797900  4.776930
3  1140.000000   132.283000    2280.000000   42.192000     2360.000000   52.469000     4.45573E-03  6.17907E-05  34.651500  14.192400
3  1140.000000   132.283000    2320.000000   45.283000     2400.000000   59.965000     3.03602E-03  4.36908E-05  33.835100  15.033000
3  1140.000000   132.283000    0.000000      94.302000     160.000000    96.899000     1.84167E-02  1.91180E-04  25.028200  9.124730
3  1140.000000   132.283000    40.000000     87.181000     200.000000    103.483000    1.63567E-02  1.70746E-04  21.666700  9.731130
3  1140.000000   132.283000    80.000000     87.439000     240.000000    107.360000    1.49831E-02  1.57335E-04  19.653000  10.258600
3  1140.000000   132.283000    120.000000    88.121000     280.000000    105.248000    1.73263E-02  1.80869E-04  18.879800  9.731120
3  1140.000000   132.283000    160.000000    96.899000     320.000000    113.072000    1.80849E-02  1.88781E-04  18.543700  9.731110
3  1140.000000   132.283000    200.000000    103.483000    360.000000    115.089000    1.93518E-02  2.00819E-04  19.496400  9.124720
3  1140.000000   132.283000    240.000000    107.360000    400.000000    115.247000    2.13589E-02  2.21156E-04  20.604100  9.032700
3  1140.000000   132.283000    280.000000    105.248000    440.000000    111.533000    2.23677E-02  2.31602E-04  22.071900  9.032710
3  1140.000000   132.283000    320.000000    113.072000    480.000000    120.110000    2.60194E-02  2.68827E-04  23.397900  7.998660
3  1140.000000   132.283000    1800.000000   73.849000     1960.000000   54.922000     5.15115E-02  5.20230E-04  26.375200  3.513800
3  1140.000000   132.283000    1840.000000   69.746000     2000.000000   51.429000     3.63097E-02  3.76673E-04  27.844200  6.943550
3  1140.000000   132.283000    1880.000000   67.320000     2040.000000   51.134000     2.58177E-02  2.66836E-04  30.077600  8.000230
3  1140.000000   132.283000    1920.000000   57.532000     2080.000000   47.855000     1.89554E-02  1.96833E-04  34.302900  9.129150
3  1140.000000   132.283000    1960.000000   54.922000     2120.000000   51.358000     1.17111E-02  1.24151E-04  36.194400  10.890200
3  1140.000000   132.283000    2000.000000   51.429000     2160.000000   53.175000     9.47986E-03  1.02706E-04  39.268100  11.682700
3  1140.000000   132.283000    2040.000000   51.134000     2200.000000   49.089000     7.39816E-03  8.45499E-05  42.832300  12.628500
3  1140.000000   132.283000    2080.000000   47.855000     2240.000000   45.045000     6.25251E-03  8.37755E-05  42.554900  13.056400
3  1140.000000   132.283000    2120.000000   51.358000     2280.000000   42.192000     6.80297E-03  9.11510E-05  38.932600  13.056400
3  1140.000000   132.283000    2160.000000   53.175000     2320.000000   45.283000     8.08253E-03  9.23712E-05  36.054100  12.628500
3  1140.000000   132.283000    2200.000000   49.089000     2360.000000   52.469000     8.50974E-03  9.72536E-05  35.459400  12.628500
3  1140.000000   132.283000    2240.000000   45.045000     2400.000000   59.965000     8.42145E-03  9.62445E-05  35.134900  12.628500
3  1180.000000   121.308000    0.000000      94.302000     40.000000     87.181000     5.55462E-03  7.70298E-05  21.664500  14.192400
3  1180.000000   121.308000    840.000000    115.365000    880.000000    118.144000    3.11044E-02  3.22229E-04  22.657500  7.586640
3  1180.000000   121.308000    880.000000    118.144000    920.000000    132.008000    3.54387E-02  3.67602E-04  22.098900  6.943480
3  1180.000000   121.308000    920.000000    132.008000    960.000000    128.518000    3.37095E-02  3.49665E-04  23.800300  6.943490
3  1180.000000   121.308000    960.000000    128.518000    1000.000000   116.905000    4.88759E-02  4.95611E-04  22.575400  4.191770
3  1180.000000   121.308000    1000.000000   116.905000    1040.000000   108.286000    4.27858E-02  4.33861E-04  40.129400  4.206430
3  1180.000000   121.308000    1040.000000   108.286000    1080.000000   117.343000    1.66549E-01  1.67025E-03  25.554800  1.826400
3  1180.000000   121.308000    1080.000000   117.343000    1120.000000   134.172000    1.82815E-01  1.83340E-03  17.043500  1.826580
3  1180.000000   121.308000    1240.000000   121.871000    1280.000000   129.599000    1.65840E-01  1.66316E-03  21.148300  1.826440
3  1180.000000   121.308000    1280.000000   129.599000    1320.000000   143.045000    1.01202E-01  1.01669E-03  32.343500  2.436020
3  1180.000000   121.308000    1320.000000   143.045000    1360.000000   150.159000    4.83534E-02  4.90313E-04  29.392300  4.191710
3  1180.000000   121.308000    1360.000000   150.159000    1400.000000   160.896000    5.31356E-02  5.36606E-04  28.159300  3.513700
3  1180.000000   121.308000    1400.000000   160.896000    1440.000000   178.173000    3.64222E-02  3.77804E-04  27.232600  6.943470
3  1180.000000   121.308000    1440.000000   178.173000    1480.000000   197.065000    1.46300E-02  1.53625E-04  24.575000  10.258600
3  1180.000000   121.308000    1480.000000   197.065000    1520.000000   178.674000    1.43200E-02  1.50370E-04  26.392100  10.258600
3  1180.000000   121.308000    2360.000000   52.469000     2400.000000   59.965000     1.51151E-03  2.36495E-05  29.370900  17.471400
3  1180.000000   121.308000    0.000000      94.302000     80.000000     87.439000     9.76923E-03  1.05840E-04  20.246600  11.682200
3  1180.000000   121.308000    40.000000     87.181000     120.000000    88.121000     7.84181E-03  8.96295E-05  17.186800  12.630900
3  1180.000000   121.308000    480.000000    120.110000    560.000000    123.811000    1.36218E-02  1.43040E-04  25.059000  10.258600
3  1180.000000   121.308000    520.000000    115.268000    600.000000    124.839000    1.67584E-02  1.74934E-04  26.280600  9.731130
3  1180.000000   121.308000    560.000000    123.811000    640.000000    115.456000    1.54838E-02  1.62592E-04  28.089700  10.258600
3  1180.000000   121.308000    600.000000    124.839000    680.000000    99.357000     2.06805E-02  2.14608E-04  28.599600  9.124740
3  1180.000000   121.308000    640.000000    115.456000    720.000000    100.587000    2.66350E-02  2.75187E-04  27.992200  7.998640
3  1180.000000   121.308000    680.000000    99.357000     760.000000    98.622000     3.32071E-02  3.44454E-04  26.061200  6.943470
3  1180.000000   121.308000    720.000000    100.587000    800.000000    109.655000    4.51040E-02  4.57359E-04  25.794700  4.191700
3  1180.000000   121.308000    760.000000    98.622000     840.000000    115.365000    5.61286E-02  5.66832E-04  25.002100  3.513680
3  1180.000000   121.308000    1520.000000   178.674000    1600.000000   137.193000    3.64989E-02  3.78599E-04  25.013400  6.943470
3  1180.000000   121.308000    1560.000000   156.964000    1640.000000   122.640000    4.72411E-02  4.79034E-04  24.689700  4.191700
3  1180.000000   121.308000    1600.000000   137.193000    1680.000000   100.508000    5.32647E-02  5.37910E-04  24.966400  3.513680
3  1180.000000   121.308000    1640.000000   122.640000    1720.000000   92.752000     5.20153E-02  5.25292E-04  25.740900  3.513680
3  1180.000000   121.308000    1680.000000   100.508000    1760.000000   89.581000     4.11817E-02  4.19650E-04  25.531300  4.776880
3  1180.000000   121.308000    1720.000000   92.752000     1800.000000   73.849000     3.94028E-02  4.01518E-04  23.097800  4.776880
3  1180.000000   121.308000    1760.000000   89.581000     1840.000000   69.746000     4.43926E-02  4.50145E-04  22.828600  4.191710
3  1180.000000   121.308000    1800.000000   73.849000     1880.000000   67.320000     3.56058E-02  3.69335E-04  22.621000  6.943480
3  1180.000000   121.308000    2280.000000   42.192000     2360.000000   52.469000     4.70670E-03  6.52711E-05  29.942700  14.192400
3  1180.000000   121.308000    2320.000000   45.283000     2400.000000   59.965000     3.20580E-03  4.61340E-05  29.430500  15.033000
3  1180.000000   121.308000    0.000000      94.302000     160.000000    96.899000     1.76507E-02  1.84273E-04  18.369700  9.731440
3  1180.000000   121.308000    40.000000     87.181000     200.000000    103.483000    1.56502E-02  1.64363E-04  16.175400  10.258800
3  1180.000000   121.308000    80.000000     87.439000     240.000000    107.360000    1.43129E-02  1.50361E-04  15.170600  10.259100
3  1180.000000   121.308000    120.000000    88.121000     280.000000    105.248000    1.65150E-02  1.72440E-04  15.744500  9.731110
3  1180.000000   121.308000    160.000000    96.899000     320.000000    113.072000    1.72053E-02  1.79599E-04  16.353200  9.731120
3  1180.000000   121.308000    200.000000    103.483000    360.000000    115.089000    1.83756E-02  1.90689E-04  17.884700  9.124730
3  1180.000000   121.308000    240.000000    107.360000    400.000000    115.247000    2.02404E-02  2.10041E-04  19.357400  9.124730
3  1180.000000   121.308000    280.000000    105.248000    440.000000    111.533000    2.11342E-02  2.19316E-04  21.342000  9.124710
3  1180.000000   121.308000    320.000000    113.072000    480.000000    120.110000    2.45116E-02  2.53249E-04  23.034700  7.998650
3  1180.000000   121.308000    360.000000    115.089000    520.000000    115.268000    2.43459E-02  2.51537E-04  23.973900  7.998640
3  1180.000000   121.308000    1840.000000   69.746000     2000.000000   51.429000     3.93687E-02  4.01171E-04  25.726800  4.776890
3  1180.000000   121.308000    1880.000000   67.320000     2040.000000   51.134000     2.79510E-02  2.89598E-04  27.811800  7.586740
3  1180.000000   121.308000    1920.000000   57.532000     2080.000000   47.855000     2.04749E-02  2.12589E-04  31.780400  9.125000
3  1180.000000   121.308000    1960.000000   54.922000     2120.000000   51.358000     1.25771E-02  1.33360E-04  32.954900  10.889400
3  1180.000000   121.308000    2000.000000   51.429000     2160.000000   53.175000     1.01210E-02  1.09667E-04  35.643000  11.682200
3  1180.000000   121.308000    2040.000000   51.134000     2200.000000   49.089000     7.86126E-03  8.98424E-05  38.992200  12.628500
3  1180.000000   121.308000    2080.000000   47.855000     2240.000000   45.045000     6.61694E-03  8.86584E-05  38.500700  13.056400
3  1180.000000   121.308000    2120.000000   51.358000     2280.000000   42.192000     7.19151E-03  9.63569E-05  34.699500  13.056400
3  1180.000000   121.308000    2160.000000   53.175000     2320.000000   45.283000     8.54176E-03  9.76195E-05  31.557200  12.628500
3  1180.000000   121.308000    2200.000000   49.089000     2360.000000   52.469000     8.99186E-03  1.02763E-04  30.819400  12.628500
3  1180.000000   121.308000    2240.000000   45.045000     2400.000000   59.965000     8.89607E-03  1.01669E-04  30.443500  12.628500
3  1220.000000   115.808000    0.000000      94.302000     40.000000     87.181000     5.36417E-03  7.43892E-05  21.625700  14.192400
3  1220.000000   115.808000    880.000000    118.144000    920.000000    132.008000    3.06231E-02  3.17243E-04  23.241700  7.586630
3  1220.000000   115.808000    920.000000    132.008000    960.000000    128.518000    2.86891E-02  2.97208E-04  25.186100  7.586630
3  1220.000000   115.808000    960.000000    128.518000    1000.000000   116.905000    4.10462E-02  4.18265E-04  21.357400  4.777070
3  1220.000000   115.808000    1000.000000   116.905000    1040.000000   108.286000    3.31709E-02  3.44078E-04  38.142400  6.955040
3  1220.000000   115.808000    1040.000000   108.286000    1080.000000   117.343000    1.13052E-01  1.13490E-03  27.960200  2.189510
3  1220.000000   115.808000    1080.000000   117.343000    1120.000000   134.172000    1.05959E-01  2.64742E-03  17.379000  7.505510
3  1220.000000   115.808000    1120.000000   134.172000    1160.000000   128.135000    1.45840E-01  1.46310E-03  17.814800  1.977640
3  1220.000000   115.808000    1280.000000   129.599000    1320.000000   143.045000    2.09121E-01  2.15535E-03  30.702900  6.793010
3  1220.000000   115.808000    1320.000000   143.045000    1360.000000   150.159000    7.80573E-02  7.85857E-04  27.908800  2.881610
3  1220.000000   115.808000    1360.000000   150.159000    1400.000000   160.896000    7.86061E-02  7.91461E-04  27.049200  2.881560
3  1220.000000   115.808000    1400.000000   160.896000    1440.000000   178.173000    4.96182E-02  5.03307E-04  26.296500  4.192460
3  1220.000000   115.808000    1440.000000   178.173000    1480.000000   197.065000    1.91417E-02  1.98721E-04  23.707600  9.125260
3  1220.000000   115.808000    1480.000000   197.065000    1520.000000   178.674000    1.77664E-02  1.85744E-04  25.128200  9.733320
3  1220.000000   115.808000    1520.000000   178.674000    1560.000000   156.964000    1.94272E-02  2.01771E-04  25.534700  9.125900
3  1220.000000   115.808000    2360.000000   52.469000     2400.000000   59.965000     1.62610E-03  2.54424E-05  30.055100  17.471400
3  1220.000000   115.808000    0.000000      94.302000     80.000000     87.439000     9.42762E-03  1.02139E-04  20.689000  11.682200
3  1220.000000   115.808000    40.000000     87.181000     120.000000    88.121000     7.55504E-03  8.63435E-05  18.620800  12.628700
3  1220.000000   115.808000    520.000000    115.268000    600.000000    124.839000    1.56042E-02  1.62886E-04  25.926800  9.731120
3  1220.000000   115.808000    560.000000    123.811000    640.000000    115.456000    1.43580E-02  1.50769E-04  27.806600  10.258600
3  1220.000000   115.808000    600.000000    124.839000    680.000000    99.357000     1.90958E-02  1.98163E-04  28.417700  9.124720
3  1220.000000   115.808000    640.000000    115.456000    720.000000    100.587000    2.44847E-02  2.52971E-04  27.968700  7.998650
3  1220.000000   115.808000    680.000000    99.357000     760.000000    98.622000     3.03055E-02  3.13953E-04  26.154200  7.586640
3  1220.000000   115.808000    720.000000    100.587000    800.000000    109.655000    4.07199E-02  4.14940E-04  25.920600  4.776890
3  1220.000000   115.808000    760.000000    98.622000     840.000000    115.365000    5.00643E-02  5.07657E-04  25.686900  4.191730
3  1220.000000   115.808000    800.000000    109.655000    880.000000    118.144000    5.43124E-02  5.48490E-04  24.412600  3.513730
3  1220.000000   115.808000    1600.000000   137.193000    1680.000000   100.508000    6.13576E-02  6.18816E-04  24.677700  3.299640
3  1220.000000   115.808000    1640.000000   122.640000    1720.000000   92.752000     5.93465E-02  5.98533E-04  25.565500  3.299650
3  1220.000000   115.808000    1680.000000   100.508000    1760.000000   89.581000     4.68140E-02  4.74699E-04  25.479900  4.191760
3  1220.000000   115.808000    1720.000000   92.752000     1800.000000   73.849000     4.44356E-02  4.50581E-04  23.151600  4.191730
3  1220.000000   115.808000    1760.000000   89.581000     1840.000000   69.746000     4.97632E-02  5.04604E-04  22.926200  4.191750
3  1220.000000   115.808000    1800.000000   73.849000     1880.000000   67.320000     3.98367E-02  4.05940E-04  22.785500  4.776990
3  1220.000000   115.808000    1840.000000   69.746000     1920.000000   57.532000     2.81633E-02  2.91761E-04  22.455400  7.586810
3  1220.000000   115.808000    2280.000000   42.192000     2360.000000   52.469000     5.06771E-03  7.02780E-05  30.785900  14.192400
3  1220.000000   115.808000    2320.000000   45.283000     2400.000000   59.965000     3.45079E-03  4.96596E-05  30.148400  15.033000
3  1220.000000   115.808000    0.000000      94.302000     160.000000    96.899000     1.70040E-02  1.77506E-04  19.377500  9.731110
3  1220.000000   115.808000    40.000000     87.181000     200.000000    103.483000    1.50426E-02  1.57970E-04  17.563300  10.258600
3  1220.000000   115.808000    80.000000     87.439000     240.000000    107.360000    1.37268E-02  1.44164E-04  16.496900  10.258600
3  1220.000000   115.808000    120.000000    88.121000     280.000000    105.248000    1.57901E-02  1.64857E-04  16.606500  9.731130
3  1220.000000   115.808000    160.000000    96.899000     320.000000    113.072000    1.64081E-02  1.71278E-04  16.813600  9.731120
3  1220.000000   115.808000    200.000000    103.483000    360.000000    115.089000    1.74868E-02  1.82538E-04  18.081100  9.731120
3  1220.000000   115.808000    240.000000    107.360000    400.000000    115.247000    1.92246E-02  1.99499E-04  19.377400  9.124750
3  1220.000000   115.808000    280.000000    105.248000    440.000000    111.533000    2.00109E-02  2.07659E-04  21.136900  9.124710
3  1220.000000   115.808000    320.000000    113.072000    480.000000    120.110000    2.31388E-02  2.39586E-04  22.694200  9.032710
3  1220.000000   115.808000    360.000000    115.089000    520.000000    115.268000    2.29253E-02  2.37375E-04  23.581400  9.032710
3  1220.000000   115.808000    400.000000    115.247000    560.000000    123.811000    2.68959E-02  2.77883E-04  24.186000  7.998640
3  1220.000000   115.808000    1880.000000   67.320000     2040.000000   51.134000     3.10947E-02  3.22144E-04  28.072500  7.586800
3  1220.000000   115.808000    1920.000000   57.532000     2080.000000   47.855000     2.27089E-02  2.35157E-04  32.066700  9.032910
3  1220.000000   115.808000    1960.000000   54.922000     2120.000000   51.358000     1.38617E-02  1.45558E-04  33.346300  10.258600
3  1220.000000   115.808000    2000.000000   51.429000     2160.000000   53.175000     1.10679E-02  1.19913E-04  36.048000  11.682300
3  1220.000000   115.808000    2040.000000   51.134000     2200.000000   49.089000     8.55039E-03  9.77181E-05  39.493600  12.628500
3  1220.000000   115.808000    2080.000000   47.855000     2240.000000   45.045000     7.16063E-03  9.59446E-05  39.075100  13.056400
3  1220.000000   115.808000    2120.000000   51.358000     2280.000000   42.192000     7.76153E-03  8.87026E-05  35.359400  12.628500
3  1220.000000   115.808000    2160.000000   53.175000     2320.000000   45.283000     9.20687E-03  1.05221E-04  32.352200  12.628500
3  1220.000000   115.808000    2200.000000   49.089000     2360.000000   52.469000     9.68808E-03  1.04961E-04  31.650000  11.682200
3  1220.000000   115.808000    2240.000000   45.045000     2400.000000   59.965000     9.58040E-03  1.03795E-04  31.271800  11.682200
3  1260.000000   129.079000    0.000000      94.302000     40.000000     87.181000     4.97352E-03  7.11437E-05  28.969900  14.242600
3  1260.000000   129.079000    920.000000    132.008000    960.000000    128.518000    2.31890E-02  2.40106E-04  27.219300  9.032700
3  1260.000000   129.079000    960.000000    128.518000    1000.000000   116.905000    3.26908E-02  3.39102E-04  25.815800  6.943480
3  1260.000000   129.079000    1000.000000   116.905000    1040.000000   108.286000    2.49968E-02  2.58264E-04  39.954800  8.004130
3  1260.000000   129.079000    1040.000000   108.286000    1080.000000   117.343000    7.41197E-02  7.46207E-04  33.962200  2.882520
3  1260.000000   129.079000    1080.000000   117.343000    1120.000000   134.172000    6.38798E-02  6.44253E-04  30.280300  3.299630
3  1260.000000   129.079000    1120.000000   134.172000    1160.000000   128.135000    7.57773E-02  7.62896E-04  27.352900  2.881530
3  1260.000000   129.079000    1160.000000   128.135000    1200.000000   123.583000    1.52432E-01  1.52926E-03  25.130300  1.977670
3  1260.000000   129.079000    1320.000000   143.045000    1360.000000   150.159000    1.86112E-01  1.86663E-03  26.375500  1.826410
3  1260.000000   129.079000    1360.000000   150.159000    1400.000000   160.896000    1.56161E-01  1.56692E-03  26.524200  1.977650
3  1260.000000   129.079000    1400.000000   160.896000    1440.000000   178.173000    8.71725E-02  8.76458E-04  25.756400  2.690840
3  1260.000000   129.079000    1440.000000   178.173000    1480.000000   197.065000    3.03109E-02  3.14030E-04  23.193600  7.586620
3  1260.000000   129.079000    1480.000000   197.065000    1520.000000   178.674000    2.63010E-02  2.71760E-04  24.737300  7.998640
3  1260.000000   129.079000    1520.000000   178.674000    1560.000000   156.964000    2.78021E-02  2.87282E-04  24.513100  7.998640
3  1260.000000   129.079000    1560.000000   156.964000    1600.000000   137.193000    3.31868E-02  3.44366E-04  22.454900  6.943480
3  1260.000000   129.079000    2360.000000   52.469000     2400.000000   59.965000     1.79339E-03  2.80599E-05  27.709500  17.471400
3  1260.000000   129.079000    0.000000      94.302000     80.000000     87.439000     8.72959E-03  1.00611E-04  26.002200  12.628500
3  1260.000000   129.079000    40.000000     87.181000     120.000000    88.121000     6.96491E-03  9.33242E-05  20.904300  13.056400
3  1260.000000   129.079000    560.000000    123.811000    640.000000    115.456000    1.26157E-02  1.33737E-04  28.585700  10.889400
3  1260.000000   129.079000    600.000000    124.839000    680.000000    99.357000     1.66942E-02  1.74266E-04  29.219700  9.731120
3  1260.000000   129.079000    640.000000    115.456000    720.000000    100.587000    2.13161E-02  2.20715E-04  28.694200  9.032710
3  1260.000000   129.079000    680.000000    99.357000     760.000000    98.622000     2.61581E-02  2.70263E-04  27.045700  7.998640
3  1260.000000   129.079000    720.000000    100.587000    800.000000    109.655000    3.46901E-02  3.59840E-04  27.887400  6.943480
3  1260.000000   129.079000    760.000000    98.622000     840.000000    115.365000    4.25222E-02  4.33310E-04  25.714400  4.776890
3  1260.000000   129.079000    800.000000    109.655000    880.000000    118.144000    4.59324E-02  4.65764E-04  23.067500  4.191730
3  1260.000000   129.079000    840.000000    115.365000    920.000000    132.008000    4.82729E-02  4.89497E-04  22.976500  4.191710
3  1260.000000   129.079000    1600.000000   137.193000    1680.000000   100.508000    8.03434E-02  8.09789E-04  23.050500  2.881530
3  1260.000000   129.079000    1640.000000   122.640000    1720.000000   92.752000     7.58787E-02  7.71808E-04  23.849600  2.881530
3  1260.000000   129.079000    1680.000000   100.508000    1760.000000   89.581000     5.88333E-02  6.02147E-04  23.813800  3.513680
3  1260.000000   129.079000    1720.000000   92.752000     1800.000000   73.849000     5.49011E-02  6.17341E-04  21.380400  3.513680
3  1260.000000   129.079000    1760.000000   89.581000     1840.000000   69.746000     6.07850E-02  6.55439E-04  21.006400  3.299640
3  1260.000000   129.079000    1800.000000   73.849000     1880.000000   67.320000     4.81468E-02  4.88247E-04  20.817100  4.191710
3  1260.000000   129.079000    1840.000000   69.746000     1920.000000   57.532000     3.37890E-02  3.50547E-04  20.477700  6.943530
3  1260.000000   129.079000    1880.000000   67.320000     1960.000000   54.922000     2.69674E-02  2.78746E-04  25.752500  7.998690
3  1260.000000   129.079000    2280.000000   42.192000     2360.000000   52.469000     5.60139E-03  7.76790E-05  28.434900  14.192400
3  1260.000000   129.079000    2320.000000   45.283000     2400.000000   59.965000     3.81728E-03  5.49337E-05  28.110200  15.033000
3  1260.000000   129.079000    0.000000      94.302000     160.000000    96.899000     1.56877E-02  1.64806E-04  23.090600  10.264400
3  1260.000000   129.079000    40.000000     87.181000     200.000000    103.483000    1.38275E-02  1.45225E-04  19.446100  10.258700
3  1260.000000   129.079000    80.000000     87.439000     240.000000    107.360000    1.25761E-02  1.33318E-04  18.030300  10.889400
3  1260.000000   129.079000    120.000000    88.121000     280.000000    105.248000    1.44127E-02  1.51348E-04  17.897800  10.258600
3  1260.000000   129.079000    160.000000    96.899000     320.000000    113.072000    1.49251E-02  1.56727E-04  17.907300  10.258600
3  1260.000000   129.079000    200.000000    103.483000    360.000000    115.089000    1.58600E-02  1.65559E-04  19.131200  9.731110
3  1260.000000   129.079000    240.000000    107.360000    400.000000    115.247000    1.73829E-02  1.81455E-04  20.354400  9.731110
3  1260.000000   129.079000    280.000000    105.248000    440.000000    111.533000    1.80141E-02  1.89968E-04  22.021100  9.731110
3  1260.000000   129.079000    320.000000    113.072000    480.000000    120.110000    2.07414E-02  2.25998E-04  23.555200  9.124760
3  1260.000000   129.079000    360.000000    115.089000    520.000000    115.268000    2.04800E-02  2.17381E-04  24.382900  9.124720
3  1260.000000   129.079000    400.000000    115.247000    560.000000    123.811000    2.39428E-02  2.48167E-04  24.946500  9.032720
3  1260.000000   129.079000    440.000000    111.533000    600.000000    124.839000    2.45607E-02  2.53759E-04  26.001600  7.998650
3  1260.000000   129.079000    1920.000000   57.532000     2080.000000   47.855000     2.67406E-02  2.77003E-04  30.120700  7.998850
3  1260.000000   129.079000    1960.000000   54.922000     2120.000000   51.358000     1.60303E-02  1.77972E-04  30.969800  9.731190
3  1260.000000   129.079000    2000.000000   51.429000     2160.000000   53.175000     1.25809E-02  1.33994E-04  33.529500  10.889400
3  1260.000000   129.079000    2040.000000   51.134000     2200.000000   49.089000     9.53072E-03  1.03260E-04  36.956800  11.682200
3  1260.000000   129.079000    2080.000000   47.855000     2240.000000   45.045000     7.87524E-03  9.00045E-05  36.523800  12.628500
3  1260.000000   129.079000    2120.000000   51.358000     2280.000000   42.192000     8.55832E-03  9.78096E-05  32.738300  12.628500
3  1260.000000   129.079000    2160.000000   53.175000     2320.000000   45.283000     1.01808E-02  1.10302E-04  29.794700  11.682200
3  1260.000000   129.079000    2200.000000   49.089000     2360.000000   52.469000     1.07172E-02  1.16111E-04  29.255000  11.682200
3  1260.000000   129.079000    2240.000000   45.045000     2400.000000   59.965000     1.05873E-02  1.14703E-04  28.896300  11.682200
3  1300.000000   136.311000    0.000000      94.302000     40.000000     87.181000     4.60753E-03  6.39590E-05  25.916700  14.192400
3  1300.000000   136.311000    960.000000    128.518000    1000.000000   116.905000    2.67560E-02  2.76440E-04  20.623500  7.998750
3  1300.000000   136.311000    1000.000000   116.905000    1040.000000   108.286000    1.92144E-02  1.99394E-04  35.928800  9.124830
3  1300.000000   136.311000    1040.000000   108.286000    1080.000000   117.343000    5.16031E-02  5.21135E-04  32.660900  3.513880
3  1300.000000   136.311000    1080.000000   117.343000    1120.000000   134.172000    4.21276E-02  4.29284E-04  30.463100  4.776890
3  1300.000000   136.311000    1120.000000   134.172000    1160.000000   128.135000    4.52938E-02  4.59288E-04  27.952700  4.191710
3  1300.000000   136.311000    1160.000000   128.135000    1200.000000   123.583000    7.51074E-02  7.56144E-04  26.394600  2.881610
3  1300.000000   136.311000    1200.000000   123.583000    1240.000000   121.871000    2.85599E-01  2.87418E-03  28.200400  11.864700
3  1300.000000   136.311000    1360.000000   150.159000    1400.000000   160.896000    4.25372E-01  4.67012E-03  15.874100  2.888980
3  1300.000000   136.311000    1400.000000   160.896000    1440.000000   178.173000    1.99508E-01  6.58175E-03  12.627500  23.043600
3  1300.000000   136.311000    1440.000000   178.173000    1480.000000   197.065000    5.88999E-02  5.94818E-04  19.322400  3.513680
3  1300.000000   136.311000    1480.000000   197.065000    1520.000000   178.674000    4.56190E-02  4.62581E-04  21.383800  4.191700
3  1300.000000   136.311000    1520.000000   178.674000    1560.000000   156.964000    4.46528E-02  4.52784E-04  21.685900  4.191700
3  1300.000000   136.311000    1560.000000   156.964000    1600.000000   137.193000    5.05895E-02  5.10893E-04  20.670300  3.513700
3  1300.000000   136.311000    1600.000000   137.193000    1640.000000   122.640000    5.94269E-02  5.99344E-04  21.640400  3.299680
3  1300.000000   136.311000    2360.000000   52.469000     2400.000000   59.965000     2.02949E-03  3.17540E-05  27.204200  17.471400
3  1300.000000   136.311000    0.000000      94.302000     80.000000     87.439000     8.07544E-03  9.22902E-05  25.350100  12.630700
3  1300.000000   136.311000    40.000000     87.181000     120.000000    88.121000     6.41354E-03  8.59395E-05  23.469600  13.063000
3  1300.000000   136.311000    600.000000    124.839000    680.000000    99.357000     1.45460E-02  1.52745E-04  27.763100  10.258600
3  1300.000000   136.311000    640.000000    115.456000    720.000000    100.587000    1.85026E-02  1.92007E-04  27.110700  9.124730
3  1300.000000   136.311000    680.000000    99.357000     760.000000    98.622000     2.25460E-02  2.33448E-04  26.054400  9.032700
3  1300.000000   136.311000    720.000000    100.587000    800.000000    109.655000    2.96367E-02  3.07024E-04  26.594000  7.586620
3  1300.000000   136.311000    760.000000    98.622000     840.000000    115.365000    3.60051E-02  3.73477E-04  23.962400  6.943470
3  1300.000000   136.311000    800.000000    109.655000    880.000000    118.144000    3.85389E-02  3.92719E-04  21.343300  4.776880
3  1300.000000   136.311000    840.000000    115.365000    920.000000    132.008000    4.00360E-02  4.07975E-04  20.992400  4.776940
3  1300.000000   136.311000    880.000000    118.144000    960.000000    128.518000    3.98919E-02  4.06506E-04  23.335400  4.776960
3  1300.000000   136.311000    1640.000000   122.640000    1720.000000   92.752000     1.04042E-01  1.04522E-03  22.920600  2.436070
3  1300.000000   136.311000    1680.000000   100.508000    1760.000000   89.581000     7.86305E-02  7.91613E-04  23.292800  2.881560
3  1300.000000   136.311000    1720.000000   92.752000     1800.000000   73.849000     7.17179E-02  7.22020E-04  20.943100  2.881570
3  1300.000000   136.311000    1760.000000   89.581000     1840.000000   69.746000     7.78220E-02  7.83473E-04  20.593000  2.881640
3  1300.000000   136.311000    1800.000000   73.849000     1880.000000   67.320000     6.06440E-02  6.11619E-04  20.380200  3.299730
3  1300.000000   136.311000    1840.000000   69.746000     1920.000000   57.532000     4.24090E-02  4.32152E-04  20.038200  4.776970
3  1300.000000   136.311000    1880.000000   67.320000     1960.000000   54.922000     3.35847E-02  3.48374E-04  25.440800  6.943540
3  1300.000000   136.311000    1920.000000   57.532000     2000.000000   51.429000     2.30613E-02  2.38786E-04  30.260800  9.032870
3  1300.000000   136.311000    2280.000000   42.192000     2360.000000   52.469000     6.34186E-03  8.49727E-05  27.657400  13.056400
3  1300.000000   136.311000    2320.000000   45.283000     2400.000000   59.965000     4.33177E-03  6.00717E-05  27.158800  14.192400
3  1300.000000   136.311000    0.000000      94.302000     160.000000    96.899000     1.44560E-02  1.53114E-04  23.719300  10.259700
3  1300.000000   136.311000    40.000000     87.181000     200.000000    103.483000    1.26957E-02  1.34948E-04  21.501700  10.889400
3  1300.000000   136.311000    80.000000     87.439000     240.000000    107.360000    1.15106E-02  1.22025E-04  19.606800  10.889500
3  1300.000000   136.311000    120.000000    88.121000     280.000000    105.248000    1.31419E-02  1.39316E-04  18.657400  10.889400
3  1300.000000   136.311000    160.000000    96.899000     320.000000    113.072000    1.35672E-02  1.42483E-04  18.106200  10.258600
3  1300.000000   136.311000    200.000000    103.483000    360.000000    115.089000    1.43707E-02  1.50983E-04  18.860300  10.258600
3  1300.000000   136.311000    240.000000    107.360000    400.000000    115.247000    1.56958E-02  1.63971E-04  19.842300  9.731120
3  1300.000000   136.311000    280.000000    105.248000    440.000000    111.533000    1.61888E-02  1.68997E-04  21.206200  9.731120
3  1300.000000   136.311000    320.000000    113.072000    480.000000    120.110000    1.85506E-02  1.92520E-04  22.493600  9.124740
3  1300.000000   136.311000    360.000000    115.089000    520.000000    115.268000    1.82533E-02  3.12475E-04  23.243700  27.091700
3  1300.000000   136.311000    400.000000    115.247000    560.000000    123.811000    2.12648E-02  2.20182E-04  23.712200  9.032710
3  1300.000000   136.311000    440.000000    111.533000    600.000000    124.839000    2.17226E-02  2.24922E-04  24.675500  9.032720
3  1300.000000   136.311000    480.000000    120.110000    640.000000    115.456000    2.10230E-02  2.18162E-04  25.678000  9.124710
3  1300.000000   136.311000    1960.000000   54.922000     2120.000000   51.358000     1.92646E-02  1.99934E-04  31.141100  9.125110
3  1300.000000   136.311000    2000.000000   51.429000     2160.000000   53.175000     1.47951E-02  1.55365E-04  34.007700  10.258700
3  1300.000000   136.311000    2040.000000   51.134000     2200.000000   49.089000     1.09559E-02  1.18696E-04  37.895500  11.682200
3  1300.000000   136.311000    2080.000000   47.855000     2240.000000   45.045000     8.88104E-03  1.01497E-04  37.397200  12.628500
3  1300.000000   136.311000    2120.000000   51.358000     2280.000000   42.192000     9.69081E-03  1.04990E-04  32.913300  11.682200
3  1300.000000   136.311000    2160.000000   53.175000     2320.000000   45.283000     1.15539E-02  1.22481E-04  29.482900  10.889400
3  1300.000000   136.311000    2200.000000   49.089000     2360.000000   52.469000     1.21612E-02  1.28918E-04  28.642100  10.889400
3  1300.000000   136.311000    2240.000000   45.045000     2400.000000   59.965000     1.19956E-02  1.27164E-04  28.188500  10.889400
3  1339.000000   148.189000    0.000000      94.302000     40.000000     87.181000     4.40687E-03  6.11162E-05  25.924200  14.193300
3  1339.000000   148.189000    1000.000000   116.905000    1040.000000   108.286000    1.72955E-02  1.80541E-04  34.664000  9.732100
3  1339.000000   148.189000    1040.000000   108.286000    1080.000000   117.343000    4.45499E-02  4.51745E-04  32.176800  4.191780
3  1339.000000   148.189000    1080.000000   117.343000    1120.000000   134.172000    3.59407E-02  3.72809E-04  30.344400  6.943480
3  1339.000000   148.189000    1120.000000   134.172000    1160.000000   128.135000    3.76648E-02  3.83808E-04  28.172900  4.776880
3  1339.000000   148.189000    1160.000000   128.135000    1200.000000   123.583000    5.90641E-02  5.95685E-04  26.323000  3.299670
3  1339.000000   148.189000    1200.000000   123.583000    1240.000000   121.871000    1.92470E-01  1.93020E-03  21.788800  1.826370
3  1339.000000   148.189000    1400.000000   160.896000    1440.000000   178.173000    2.97659E-01  2.98269E-03  14.178500  1.421890
3  1339.000000   148.189000    1440.000000   178.173000    1480.000000   197.065000    8.19951E-02  8.25486E-04  14.894300  2.881550
3  1339.000000   148.189000    1480.000000   197.065000    1520.000000   178.674000    6.06228E-02  6.11405E-04  17.490000  3.299640
3  1339.000000   148.189000    1520.000000   178.674000    1560.000000   156.964000    5.72550E-02  5.78207E-04  18.151200  3.513680
3  1339.000000   148.189000    1560.000000   156.964000    1600.000000   137.193000    6.27908E-02  6.33270E-04  17.977500  3.299640
3  1339.000000   148.189000    1600.000000   137.193000    1640.000000   122.640000    7.18400E-02  7.23249E-04  19.187800  2.881530
3  1339.000000   148.189000    1640.000000   122.640000    1680.000000   100.508000    6.48652E-02  6.54191E-04  19.539800  3.299640
3  1339.000000   148.189000    2360.000000   52.469000     2400.000000   59.965000     2.15700E-03  3.37491E-05  30.470800  17.471400
3  1339.000000   148.189000    0.000000      94.302000     80.000000     87.439000     7.72439E-03  8.82782E-05  24.458200  12.628500
3  1339.000000   148.189000    40.000000     87.181000     120.000000    88.121000     6.13058E-03  8.21577E-05  21.908500  13.063300
3  1339.000000   148.189000    640.000000    115.456000    720.000000    100.587000    1.73525E-02  1.81136E-04  26.250600  9.731150
3  1339.000000   148.189000    680.000000    99.357000     760.000000    98.622000     2.10921E-02  2.18394E-04  25.655900  9.032700
3  1339.000000   148.189000    720.000000    100.587000    800.000000    109.655000    2.76554E-02  2.85730E-04  25.725100  7.998650
3  1339.000000   148.189000    760.000000    98.622000     840.000000    115.365000    3.34978E-02  3.47469E-04  23.219100  6.943480
3  1339.000000   148.189000    800.000000    109.655000    880.000000    118.144000    3.57391E-02  3.70718E-04  20.857600  6.943470
3  1339.000000   148.189000    840.000000    115.365000    920.000000    132.008000    3.70118E-02  3.77154E-04  20.288800  4.776890
3  1339.000000   148.189000    880.000000    118.144000    960.000000    128.518000    3.67425E-02  3.81126E-04  22.955400  6.943480
3  1339.000000   148.189000    920.000000    132.008000    1000.000000   116.905000    4.18852E-02  4.26814E-04  22.447300  4.776920
3  1339.000000   148.189000    1680.000000   100.508000    1760.000000   89.581000     9.12255E-02  9.16944E-04  21.798600  2.690840
3  1339.000000   148.189000    1720.000000   92.752000     1800.000000   73.849000     8.22355E-02  8.26582E-04  19.668400  2.690840
3  1339.000000   148.189000    1760.000000   89.581000     1840.000000   69.746000     8.85339E-02  8.89890E-04  19.440500  2.690850
3  1339.000000   148.189000    1800.000000   73.849000     1880.000000   67.320000     6.84750E-02  6.90598E-04  19.362500  3.299660
3  1339.000000   148.189000    1840.000000   69.746000     1920.000000   57.532000     4.76507E-02  4.83183E-04  19.129500  4.191760
3  1339.000000   148.189000    1880.000000   67.320000     1960.000000   54.922000     3.75683E-02  3.82828E-04  24.620600  4.776940
3  1339.000000   148.189000    1920.000000   57.532000     2000.000000   51.429000     2.57094E-02  2.65624E-04  29.551100  7.998730
3  1339.000000   148.189000    1960.000000   54.922000     2040.000000   51.134000     1.35059E-02  1.41844E-04  26.605700  10.259300
3  1339.000000   148.189000    2280.000000   42.192000     2360.000000   52.469000     6.73505E-03  9.02409E-05  31.027900  13.056400
3  1339.000000   148.189000    2320.000000   45.283000     2400.000000   59.965000     4.61197E-03  6.39574E-05  29.898300  14.192400
3  1339.000000   148.189000    0.000000      94.302000     160.000000    96.899000     1.38222E-02  1.45147E-04  22.881800  10.258800
3  1339.000000   148.189000    40.000000     87.181000     200.000000    103.483000    1.21418E-02  1.28741E-04  20.209100  10.890900
3  1339.000000   148.189000    80.000000     87.439000     240.000000    107.360000    1.10084E-02  1.19335E-04  18.530300  11.684500
3  1339.000000   148.189000    120.000000    88.121000     280.000000    105.248000    1.25639E-02  1.33263E-04  17.501100  10.890200
3  1339.000000   148.189000    160.000000    96.899000     320.000000    113.072000    1.29632E-02  1.37429E-04  16.747700  10.889400
3  1339.000000   148.189000    200.000000    103.483000    360.000000    115.089000    1.37140E-02  1.44007E-04  17.545400  10.258600
3  1339.000000   148.189000    240.000000    107.360000    400.000000    115.247000    1.49521E-02  1.57008E-04  18.589100  10.258600
3  1339.000000   148.189000    280.000000    105.248000    440.000000    111.533000    1.53886E-02  1.61591E-04  19.980100  10.258600
3  1339.000000   148.189000    320.000000    113.072000    480.000000    120.110000    1.75930E-02  1.83646E-04  21.346200  9.731110
3  1339.000000   148.189000    360.000000    115.089000    520.000000    115.268000    1.72845E-02  1.80426E-04  22.124600  9.731150
3  1339.000000   148.189000    400.000000    115.247000    560.000000    123.811000    2.01185E-02  2.08776E-04  22.583800  9.124750
3  1339.000000   148.189000    440.000000    111.533000    600.000000    124.839000    2.05224E-02  2.12967E-04  23.572000  9.124750
3  1339.000000   148.189000    480.000000    120.110000    640.000000    115.456000    1.98246E-02  2.05726E-04  24.622400  9.124730
3  1339.000000   148.189000    520.000000    115.268000    680.000000    99.357000     2.51228E-02  2.59564E-04  25.637700  7.998640
3  1339.000000   148.189000    2000.000000   51.429000     2160.000000   53.175000     1.60425E-02  1.67466E-04  34.981300  9.731160
3  1339.000000   148.189000    2040.000000   51.134000     2200.000000   49.089000     1.17216E-02  1.24258E-04  39.878600  10.889500
3  1339.000000   148.189000    2080.000000   47.855000     2240.000000   45.045000     9.39636E-03  1.01800E-04  40.537500  11.682200
3  1339.000000   148.189000    2120.000000   51.358000     2280.000000   42.192000     1.02900E-02  1.11482E-04  35.743800  11.682200
3  1339.000000   148.189000    2160.000000   53.175000     2320.000000   45.283000     1.22868E-02  1.30250E-04  32.411300  10.889400
3  1339.000000   148.189000    2200.000000   49.089000     2360.000000   52.469000     1.29347E-02  1.37118E-04  31.683200  10.889400
3  1339.000000   148.189000    2240.000000   45.045000     2400.000000   59.965000     1.27474E-02  1.35133E-04  31.425200  10.889400
3  1380.000000   154.732000    1040.000000   108.286000    1080.000000   117.343000    3.61755E-02  3.75245E-04  33.310300  6.943500
3  1380.000000   154.732000    1080.000000   117.343000    1120.000000   134.172000    2.90746E-02  3.01201E-04  26.181900  7.586640
3  1380.000000   154.732000    1120.000000   134.172000    1160.000000   128.135000    2.97675E-02  3.08379E-04  23.648600  7.586640
3  1380.000000   154.732000    1160.000000   128.135000    1200.000000   123.583000    4.33038E-02  4.39109E-04  27.194400  4.191720
3  1380.000000   154.732000    1200.000000   123.583000    1240.000000   121.871000    1.25987E-01  1.26475E-03  20.468400  2.188190
3  1380.000000   154.732000    1240.000000   121.871000    1280.000000   129.599000    1.85427E-01  1.85959E-03  28.693600  1.826610
3  1380.000000   154.732000    1440.000000   178.173000    1480.000000   197.065000    1.56840E-01  1.57347E-03  10.044300  1.977670
3  1380.000000   154.732000    1480.000000   197.065000    1520.000000   178.674000    1.00279E-01  1.00740E-03  13.173200  2.435940
3  1380.000000   154.732000    1520.000000   178.674000    1560.000000   156.964000    8.76396E-02  8.80901E-04  14.085100  2.690840
3  1380.000000   154.732000    1560.000000   156.964000    1600.000000   137.193000    8.98401E-02  9.03019E-04  14.854700  2.690860
3  1380.000000   154.732000    1600.000000   137.193000    1640.000000   122.640000    9.74515E-02  9.78998E-04  15.924000  2.435940
3  1380.000000   154.732000    1640.000000   122.640000    1680.000000   100.508000    8.50971E-02  8.55345E-04  16.420100  2.690850
3  1380.000000   154.732000    1680.000000   100.508000    1720.000000   92.752000     7.34696E-02  7.39655E-04  19.964700  2.881550
3  1380.000000   154.732000    2360.000000   52.469000     2400.000000   59.965000     2.37122E-03  3.71008E-05  24.320900  17.471400
3  1380.000000   154.732000    680.000000    99.357000     760.000000    98.622000     1.90039E-02  1.97209E-04  26.427200  9.124720
3  1380.000000   154.732000    720.000000    100.587000    800.000000    109.655000    2.48134E-02  2.56367E-04  26.169600  7.998680
3  1380.000000   154.732000    760.000000    98.622000     840.000000    115.365000    2.99491E-02  3.10261E-04  23.876200  7.586620
3  1380.000000   154.732000    800.000000    109.655000    880.000000    118.144000    3.18179E-02  3.29621E-04  21.548300  7.586620
3  1380.000000   154.732000    840.000000    115.365000    920.000000    132.008000    3.28016E-02  3.40248E-04  20.733500  6.943490
3  1380.000000   154.732000    880.000000    118.144000    960.000000    128.518000    3.23981E-02  3.36062E-04  23.052700  6.943480
3  1380.000000   154.732000    920.000000    132.008000    1000.000000   116.905000    3.66606E-02  3.80277E-04  22.446400  6.943500
3  1380.000000   154.732000    960.000000    128.518000    1040.000000   108.286000    3.61690E-02  3.75177E-04  25.605800  6.943700
3  1380.000000   154.732000    1720.000000   92.752000     1800.000000   73.849000     1.01647E-01  1.02116E-03  16.886100  2.436160
3  1380.000000   154.732000    1760.000000   89.581000     1840.000000   69.746000     1.08208E-01  1.08707E-03  16.611500  2.436050
3  1380.000000   154.732000    1800.000000   73.849000     1880.000000   67.320000     8.19839E-02  8.25373E-04  16.481500  2.881570
3  1380.000000   154.732000    1840.000000   69.746000     1920.000000   57.532000     5.64877E-02  5.70458E-04  16.191200  3.513720
3  1380.000000   154.732000    1880.000000   67.320000     1960.000000   54.922000     4.46047E-02  4.52301E-04  21.668500  4.191770
3  1380.000000   154.732000    1920.000000   57.532000     2000.000000   51.429000     3.04544E-02  3.15495E-04  26.581000  7.586790
3  1380.000000   154.732000    1960.000000   54.922000     2040.000000   51.134000     1.58504E-02  1.65461E-04  23.649300  9.732770
3  1380.000000   154.732000    2000.000000   51.429000     2080.000000   47.855000     1.24737E-02  1.32264E-04  26.084300  10.893900
3  1380.000000   154.732000    2280.000000   42.192000     2360.000000   52.469000     7.40538E-03  9.92225E-05  24.790000  13.056400
3  1380.000000   154.732000    2320.000000   45.283000     2400.000000   59.965000     5.08185E-03  7.04736E-05  24.541400  14.192400
3  1380.000000   154.732000    40.000000     87.181000     200.000000    103.483000    1.13643E-02  1.20472E-04  16.467100  10.889500
3  1380.000000   154.732000    80.000000     87.439000     240.000000    107.360000    1.02892E-02  1.11473E-04  15.720400  11.682300
3  1380.000000   154.732000    120.000000    88.121000     280.000000    105.248000    1.17207E-02  1.24249E-04  16.032100  10.889900
3  1380.000000   154.732000    160.000000    96.899000     320.000000    113.072000    1.20716E-02  1.27969E-04  16.198500  10.889500
3  1380.000000   154.732000    200.000000    103.483000    360.000000    115.089000    1.27431E-02  1.35087E-04  17.443300  10.889500
3  1380.000000   154.732000    240.000000    107.360000    400.000000    115.247000    1.38572E-02  1.45512E-04  18.770800  10.258700
3  1380.000000   154.732000    280.000000    105.248000    440.000000    111.533000    1.42143E-02  1.49260E-04  20.492700  10.258600
3  1380.000000   154.732000    320.000000    113.072000    480.000000    120.110000    1.61947E-02  1.69050E-04  22.084800  9.731140
3  1380.000000   154.732000    360.000000    115.089000    520.000000    115.268000    1.58737E-02  1.65699E-04  23.010400  9.731160
3  1380.000000   154.732000    400.000000    115.247000    560.000000    123.811000    1.84444E-02  1.91403E-04  23.557300  9.124770
3  1380.000000   154.732000    440.000000    111.533000    600.000000    124.839000    1.87705E-02  1.94787E-04  24.571700  9.124760
3  1380.000000   154.732000    480.000000    120.110000    640.000000    115.456000    1.80786E-02  1.88715E-04  25.653200  9.731150
3  1380.000000   154.732000    520.000000    115.268000    680.000000    99.357000     2.28442E-02  2.36536E-04  26.661900  9.032720
3  1380.000000   154.732000    560.000000    123.811000    720.000000    100.587000    2.51510E-02  2.59855E-04  27.247300  7.998650
3  1380.000000   154.732000    2040.000000   51.134000     2200.000000   49.089000     1.30911E-02  1.38776E-04  35.319300  10.889400
3  1380.000000   154.732000    2080.000000   47.855000     2240.000000   45.045000     1.03412E-02  1.12037E-04  35.369600  11.682200
3  1380.000000   154.732000    2120.000000   51.358000     2280.000000   42.192000     1.13341E-02  1.20151E-04  30.328300  10.889400
3  1380.000000   154.732000    2160.000000   53.175000     2320.000000   45.283000     1.35380E-02  1.42158E-04  26.475200  10.258600
3  1380.000000   154.732000    2200.000000   49.089000     2360.000000   52.469000     1.42484E-02  1.49618E-04  25.749300  10.258600
3  1380.000000   154.732000    2240.000000   45.045000     2400.000000   59.965000     1.40252E-02  1.47274E-04  25.295700  10.258600
3  1420.000000   166.670000    0.000000      94.302000     40.000000     87.181000     3.88676E-03  5.59336E-05  5.663460  15.250300
3  1420.000000   166.670000    1080.000000   117.343000    1120.000000   134.172000    2.40147E-02  2.48655E-04  26.254200  9.032710
3  1420.000000   166.670000    1120.000000   134.172000    1160.000000   128.135000    2.40767E-02  2.49297E-04  23.656900  9.032710
3  1420.000000   166.670000    1160.000000   128.135000    1200.000000   123.583000    3.38202E-02  3.50814E-04  22.584400  6.943520
3  1420.000000   166.670000    1200.000000   123.583000    1240.000000   121.871000    8.91237E-02  8.95818E-04  19.344200  2.690940
3  1420.000000   166.670000    1240.000000   121.871000    1280.000000   129.599000    1.19148E-01  1.19609E-03  28.206700  2.188340
3  1420.000000   166.670000    1280.000000   129.599000    1320.000000   143.045000    2.21486E-01  2.22006E-03  10.069600  1.619100
3  1420.000000   166.670000    1320.000000   143.045000    1360.000000   150.159000    2.57842E-01  2.58371E-03  5.932870  1.422300
3  1420.000000   166.670000    1480.000000   197.065000    1520.000000   178.674000    1.69000E-01  1.69483E-03  9.971080  1.826370
3  1420.000000   166.670000    1520.000000   178.674000    1560.000000   156.964000    1.31280E-01  1.31788E-03  10.865100  2.188050
3  1420.000000   166.670000    1560.000000   156.964000    1600.000000   137.193000    1.25311E-01  1.25796E-03  13.287300  2.188050
3  1420.000000   166.670000    1600.000000   137.193000    1640.000000   122.640000    1.28362E-01  1.28859E-03  13.758300  2.188110
3  1420.000000   166.670000    1640.000000   122.640000    1680.000000   100.508000    1.08512E-01  1.09011E-03  14.298200  2.435970
3  1420.000000   166.670000    1680.000000   100.508000    1720.000000   92.752000     9.15309E-02  9.20014E-04  18.104500  2.690830
3  1420.000000   166.670000    2360.000000   52.469000     2400.000000   59.965000     2.57399E-03  4.02734E-05  22.729900  17.471400
3  1420.000000   166.670000    0.000000      94.302000     80.000000     87.439000     6.81061E-03  9.13616E-05  3.109430  13.123300
3  1420.000000   166.670000    40.000000     87.181000     120.000000    88.121000     5.38818E-03  7.49674E-05  -2.265270  14.300300
3  1420.000000   166.670000    720.000000    100.587000    800.000000    109.655000    2.25199E-02  2.33178E-04  27.486400  9.032710
3  1420.000000   166.670000    760.000000    98.622000     840.000000    115.365000    2.71447E-02  2.80454E-04  24.750700  7.998650
3  1420.000000   166.670000    800.000000    109.655000    880.000000    118.144000    2.87733E-02  2.98080E-04  22.045200  7.586630
3  1420.000000   166.670000    840.000000    115.365000    920.000000    132.008000    2.95158E-02  3.05772E-04  21.480200  7.586630
3  1420.000000   166.670000    880.000000    118.144000    960.000000    128.518000    2.89836E-02  3.00259E-04  24.461600  7.586640
3  1420.000000   166.670000    920.000000    132.008000    1000.000000   116.905000    3.26098E-02  3.38258E-04  23.951200  6.943620
3  1420.000000   166.670000    960.000000    128.518000    1040.000000   108.286000    3.19466E-02  3.30954E-04  25.947900  7.586780
3  1420.000000   166.670000    1000.000000   116.905000    1080.000000   117.343000    4.34845E-02  4.40942E-04  29.836500  4.191950
3  1420.000000   166.670000    1760.000000   89.581000     1840.000000   69.746000     1.29082E-01  1.29582E-03  14.694900  2.188120
3  1420.000000   166.670000    1800.000000   73.849000     1880.000000   67.320000     9.65951E-02  9.70916E-04  14.519200  2.690910
3  1420.000000   166.670000    1840.000000   69.746000     1920.000000   57.532000     6.61739E-02  6.67390E-04  14.193500  3.299680
3  1420.000000   166.670000    1880.000000   67.320000     1960.000000   54.922000     5.17575E-02  5.22689E-04  19.636700  3.513700
3  1420.000000   166.670000    1920.000000   57.532000     2000.000000   51.429000     3.52885E-02  3.66044E-04  24.502200  6.943490
3  1420.000000   166.670000    1960.000000   54.922000     2040.000000   51.134000     1.82068E-02  1.90054E-04  21.285000  9.732080
3  1420.000000   166.670000    2000.000000   51.429000     2080.000000   47.855000     1.41121E-02  1.48194E-04  23.360600  10.262100
3  1420.000000   166.670000    2040.000000   51.134000     2120.000000   51.358000     9.55109E-03  1.03478E-04  32.568500  11.682300
3  1420.000000   166.670000    2280.000000   42.192000     2360.000000   52.469000     8.03811E-03  9.18635E-05  22.757100  12.628500
3  1420.000000   166.670000    2320.000000   45.283000     2400.000000   59.965000     5.52597E-03  7.66325E-05  22.608500  14.192400
3  1420.000000   166.670000    0.000000      94.302000     160.000000    96.899000     1.21581E-02  1.29318E-04  1.094690  10.889400
3  1420.000000   166.670000    40.000000     87.181000     200.000000    103.483000    1.06683E-02  1.15635E-04  0.099194  11.682200
3  1420.000000   166.670000    80.000000     87.439000     240.000000    107.360000    9.65890E-03  1.04721E-04  1.729620  11.691800
3  1420.000000   166.670000    120.000000    88.121000     280.000000    105.248000    1.09995E-02  1.19251E-04  6.674790  11.682300
3  1420.000000   166.670000    160.000000    96.899000     320.000000    113.072000    1.13224E-02  1.22777E-04  10.256300  11.682300
3  1420.000000   166.670000    200.000000    103.483000    360.000000    115.089000    1.19351E-02  1.26609E-04  13.315400  10.889400
3  1420.000000   166.670000    240.000000    107.360000    400.000000    115.247000    1.29513E-02  1.37351E-04  15.654500  10.889400
3  1420.000000   166.670000    280.000000    105.248000    440.000000    111.533000    1.32494E-02  1.40454E-04  18.742400  10.889400
3  1420.000000   166.670000    320.000000    113.072000    480.000000    120.110000    1.50514E-02  1.58050E-04  21.194900  10.258600
3  1420.000000   166.670000    360.000000    115.089000    520.000000    115.268000    1.47235E-02  1.54609E-04  22.571500  10.258700
3  1420.000000   166.670000    400.000000    115.247000    560.000000    123.811000    1.70853E-02  1.78348E-04  23.540700  9.731170
3  1420.000000   166.670000    440.000000    111.533000    600.000000    124.839000    1.73539E-02  1.81150E-04  24.871900  9.731140
3  1420.000000   166.670000    480.000000    120.110000    640.000000    115.456000    1.66722E-02  1.74036E-04  26.157900  9.731130
3  1420.000000   166.670000    520.000000    115.268000    680.000000    99.357000     2.10149E-02  2.18078E-04  27.280400  9.124730
3  1420.000000   166.670000    560.000000    123.811000    720.000000    100.587000    2.30723E-02  2.38898E-04  27.916400  9.032720
3  1420.000000   166.670000    600.000000    124.839000    760.000000    98.622000     2.86896E-02  2.97213E-04  27.811800  7.586640
3  1420.000000   166.670000    2080.000000   47.855000     2240.000000   45.045000     1.12606E-02  1.19371E-04  33.483600  10.889500
3  1420.000000   166.670000    2120.000000   51.358000     2280.000000   42.192000     1.23297E-02  1.30705E-04  28.284300  10.889400
3  1420.000000   166.670000    2160.000000   53.175000     2320.000000   45.283000     1.47191E-02  1.54561E-04  24.364100  10.258600
3  1420.000000   166.670000    2200.000000   49.089000     2360.000000   52.469000     1.54877E-02  1.62633E-04  23.585900  10.258600
3  1420.000000   166.670000    2240.000000   45.045000     2400.000000   59.965000     1.52312E-02  1.59938E-04  23.230900  10.258600
3  1460.000000   188.747000    0.000000      94.302000     40.000000     87.181000     3.73234E-03  5.37114E-05  13.594500  15.291800
3  1460.000000   188.747000    1120.000000   134.172000    1160.000000   128.135000    2.06096E-02  2.13872E-04  23.177200  9.124730
3  1460.000000   188.747000    1160.000000   128.135000    1200.000000   123.583000    2.81251E-02  2.91365E-04  21.812000  7.586680
3  1460.000000   188.747000    1200.000000   123.583000    1240.000000   121.871000    7.02950E-02  7.07702E-04  18.345100  2.881690
3  1460.000000   188.747000    1240.000000   121.871000    1280.000000   129.599000    8.84271E-02  8.88825E-04  27.618600  2.691020
3  1460.000000   188.747000    1280.000000   129.599000    1320.000000   143.045000    1.48859E-01  1.49341E-03  11.327800  1.978010
3  1460.000000   188.747000    1320.000000   143.045000    1360.000000   150.159000    1.49600E-01  1.50083E-03  6.693130  1.977840
3  1460.000000   188.747000    1360.000000   150.159000    1400.000000   160.896000    2.74159E-01  2.74721E-03  7.903900  1.421940
3  1460.000000   188.747000    1560.000000   156.964000    1600.000000   137.193000    1.83978E-01  1.84504E-03  12.836700  1.826450
3  1460.000000   188.747000    1600.000000   137.193000    1640.000000   122.640000    1.71034E-01  1.71525E-03  12.216200  1.826560
3  1460.000000   188.747000    1640.000000   122.640000    1680.000000   100.508000    1.38693E-01  1.39141E-03  13.002700  1.977830
3  1460.000000   188.747000    1680.000000   100.508000    1720.000000   92.752000     1.14030E-01  1.14557E-03  17.300500  2.435980
3  1460.000000   188.747000    1720.000000   92.752000     1760.000000   89.581000     6.24352E-02  6.29684E-04  15.029700  3.299660
3  1460.000000   188.747000    1760.000000   89.581000     1800.000000   73.849000     8.61942E-02  8.66390E-04  14.052500  2.690930
3  1460.000000   188.747000    2360.000000   52.469000     2400.000000   59.965000     2.75520E-03  4.31087E-05  21.558400  17.471400
3  1460.000000   188.747000    0.000000      94.302000     80.000000     87.439000     6.54207E-03  8.78692E-05  15.115200  13.174100
3  1460.000000   188.747000    40.000000     87.181000     120.000000    88.121000     5.17586E-03  7.20107E-05  19.813800  14.265500
3  1460.000000   188.747000    760.000000    98.622000     840.000000    115.365000    2.50035E-02  2.58336E-04  24.041700  7.998660
3  1460.000000   188.747000    800.000000    109.655000    880.000000    118.144000    2.64236E-02  2.73006E-04  21.190000  7.998660
3  1460.000000   188.747000    840.000000    115.365000    920.000000    132.008000    2.69724E-02  2.78676E-04  20.837600  7.998670
3  1460.000000   188.747000    880.000000    118.144000    960.000000    128.518000    2.64211E-02  2.72980E-04  24.352900  7.998720
3  1460.000000   188.747000    920.000000    132.008000    1000.000000   116.905000    2.96598E-02  3.07270E-04  23.554300  7.586750
3  1460.000000   188.747000    960.000000    128.518000    1040.000000   108.286000    2.88784E-02  2.99169E-04  24.732800  7.586830
3  1460.000000   188.747000    1000.000000   116.905000    1080.000000   117.343000    3.83089E-02  3.90375E-04  28.761100  4.777660
3  1460.000000   188.747000    1040.000000   108.286000    1120.000000   134.172000    4.74829E-02  4.81491E-04  26.694200  4.192260
3  1460.000000   188.747000    1800.000000   73.849000     1880.000000   67.320000     1.11409E-01  1.11923E-03  14.033800  2.436050
3  1460.000000   188.747000    1840.000000   69.746000     1920.000000   57.532000     7.56614E-02  7.61736E-04  13.742300  2.881620
3  1460.000000   188.747000    1880.000000   67.320000     1960.000000   54.922000     5.90839E-02  5.96712E-04  19.384600  3.514230
3  1460.000000   188.747000    1920.000000   57.532000     2000.000000   51.429000     4.03383E-02  4.11076E-04  24.433500  4.778930
3  1460.000000   188.747000    1960.000000   54.922000     2040.000000   51.134000     2.06185E-02  2.14001E-04  21.380600  9.127510
3  1460.000000   188.747000    2000.000000   51.429000     2080.000000   47.855000     1.56457E-02  1.63415E-04  23.606700  9.733580
3  1460.000000   188.747000    2040.000000   51.134000     2120.000000   51.358000     1.04933E-02  1.13698E-04  32.445500  11.682200
3  1460.000000   188.747000    2080.000000   47.855000     2160.000000   53.175000     6.80409E-03  9.11680E-05  38.360100  13.056400
3  1460.000000   188.747000    2280.000000   42.192000     2360.000000   52.469000     8.61092E-03  9.84099E-05  21.875000  12.628500
3  1460.000000   188.747000    2320.000000   45.283000     2400.000000   59.965000     5.91911E-03  7.93084E-05  21.575200  13.056400
3  1460.000000   188.747000    0.000000      94.302000     160.000000    96.899000     1.16697E-02  1.24314E-04  18.478500  10.930700
3  1460.000000   188.747000    40.000000     87.181000     200.000000    103.483000    1.02267E-02  1.10813E-04  20.240100  11.682200
3  1460.000000   188.747000    80.000000     87.439000     240.000000    107.360000    9.23972E-03  1.05648E-04  20.611500  12.635900
3  1460.000000   188.747000    120.000000    88.121000     280.000000    105.248000    1.04856E-02  1.13741E-04  19.500000  11.682300
3  1460.000000   188.747000    160.000000    96.899000     320.000000    113.072000    1.07627E-02  1.16613E-04  18.608800  11.682300
3  1460.000000   188.747000    200.000000    103.483000    360.000000    115.089000    1.13192E-02  1.19998E-04  19.119800  10.889400
3  1460.000000   188.747000    240.000000    107.360000    400.000000    115.247000    1.22583E-02  1.29951E-04  19.967300  10.889400
3  1460.000000   188.747000    280.000000    105.248000    440.000000    111.533000    1.25063E-02  1.32601E-04  21.162800  10.889500
3  1460.000000   188.747000    320.000000    113.072000    480.000000    120.110000    1.41717E-02  1.48852E-04  22.418600  10.258600
3  1460.000000   188.747000    360.000000    115.089000    520.000000    115.268000    1.38389E-02  1.45361E-04  23.160100  10.258600
3  1460.000000   188.747000    400.000000    115.247000    560.000000    123.811000    1.60319E-02  1.67392E-04  23.716600  9.731120
3  1460.000000   188.747000    440.000000    111.533000    600.000000    124.839000    1.62527E-02  1.69655E-04  24.635900  9.731130
3  1460.000000   188.747000    480.000000    120.110000    640.000000    115.456000    1.55786E-02  1.63588E-04  25.659200  10.258600
3  1460.000000   188.747000    520.000000    115.268000    680.000000    99.357000     1.95969E-02  2.03365E-04  26.664000  9.124710
3  1460.000000   188.747000    560.000000    123.811000    720.000000    100.587000    2.14658E-02  2.22265E-04  27.134900  9.032700
3  1460.000000   188.747000    600.000000    124.839000    760.000000    98.622000     2.66225E-02  2.75061E-04  27.062600  7.998660
3  1460.000000   188.747000    640.000000    115.456000    800.000000    109.655000    3.41555E-02  3.54295E-04  26.990000  6.943490
3  1460.000000   188.747000    2120.000000   51.358000     2280.000000   42.192000     1.32703E-02  1.40676E-04  27.420900  10.889400
3  1460.000000   188.747000    2160.000000   53.175000     2320.000000   45.283000     1.57954E-02  1.64882E-04  23.619900  9.731150
3  1460.000000   188.747000    2200.000000   49.089000     2360.000000   52.469000     1.66076E-02  1.73360E-04  22.807200  9.731130
3  1460.000000   188.747000    2240.000000   45.045000     2400.000000   59.965000     1.63213E-02  1.70373E-04  22.346200  9.731120
3  1500.000000   190.443000    1160.000000   128.135000    1200.000000   123.583000    2.63510E-02  2.72280E-04  22.483400  7.998750
3  1500.000000   190.443000    1200.000000   123.583000    1240.000000   121.871000    7.83911E-02  8.98621E-04  15.289300  6.359860
3  1500.000000   190.443000    1240.000000   121.871000    1280.000000   129.599000    8.08001E-02  8.16590E-04  28.056600  2.958970
3  1500.000000   190.443000    1280.000000   129.599000    1320.000000   143.045000    1.29417E-01  3.36685E-03  -14.668200  33.223800
3  1500.000000   190.443000    1320.000000   143.045000    1360.000000   150.159000    1.28978E-01  1.29478E-03  7.433310  2.190990
3  1500.000000   190.443000    1360.000000   150.159000    1400.000000   160.896000    2.23648E-01  2.25057E-03  10.868900  1.621250
3  1500.000000   190.443000    1400.000000   160.896000    1440.000000   178.173000    3.76387E-01  3.78303E-03  9.077460  1.239890
3  1500.000000   190.443000    1560.000000   156.964000    1600.000000   137.193000    2.39111E-01  2.39682E-03  10.546700  1.617950
3  1500.000000   190.443000    1600.000000   137.193000    1640.000000   122.640000    2.03931E-01  2.04441E-03  11.069500  1.617970
3  1500.000000   190.443000    1640.000000   122.640000    1680.000000   100.508000    1.60214E-01  1.60789E-03  11.781700  1.977870
3  1500.000000   190.443000    1680.000000   100.508000    1720.000000   92.752000     1.29685E-01  1.30204E-03  16.244300  2.188360
3  1500.000000   190.443000    1720.000000   92.752000     1760.000000   89.581000     6.96414E-02  7.02375E-04  13.968600  3.299640
3  1500.000000   190.443000    1760.000000   89.581000     1800.000000   73.849000     9.62783E-02  9.67799E-04  12.855000  2.690840
3  1500.000000   190.443000    1800.000000   73.849000     1840.000000   69.746000     7.22437E-02  7.27378E-04  12.936900  2.881580
3  1500.000000   190.443000    2360.000000   52.469000     2400.000000   59.965000     2.85639E-03  4.11057E-05  21.389600  15.033000
3  1500.000000   190.443000    800.000000    109.655000    880.000000    118.144000    2.54677E-02  2.63183E-04  23.397200  7.998810
3  1500.000000   190.443000    840.000000    115.365000    920.000000    132.008000    2.59790E-02  2.68457E-04  22.703100  7.998730
3  1500.000000   190.443000    880.000000    118.144000    960.000000    128.518000    2.54264E-02  2.62741E-04  26.015600  7.998870
3  1500.000000   190.443000    920.000000    132.008000    1000.000000   116.905000    2.85017E-02  2.95320E-04  25.402300  7.587050
3  1500.000000   190.443000    960.000000    128.518000    1040.000000   108.286000    2.76886E-02  2.86098E-04  26.529500  7.999120
3  1500.000000   190.443000    1000.000000   116.905000    1080.000000   117.343000    3.64665E-02  3.78369E-04  30.014200  6.944220
3  1500.000000   190.443000    1040.000000   108.286000    1120.000000   134.172000    4.50359E-02  4.56790E-04  27.736700  4.192850
3  1500.000000   190.443000    1080.000000   117.343000    1160.000000   128.135000    3.91560E-02  3.99062E-04  25.235500  4.777190
3  1500.000000   190.443000    1840.000000   69.746000     1920.000000   57.532000     8.11483E-02  8.17090E-04  12.242800  2.881540
3  1500.000000   190.443000    1880.000000   67.320000     1960.000000   54.922000     6.33327E-02  6.38881E-04  17.826700  3.299650
3  1500.000000   190.443000    1920.000000   57.532000     2000.000000   51.429000     4.33109E-02  4.39289E-04  22.709800  4.191820
3  1500.000000   190.443000    1960.000000   54.922000     2040.000000   51.134000     2.20210E-02  2.28041E-04  18.872900  9.040190
3  1500.000000   190.443000    2000.000000   51.429000     2080.000000   47.855000     1.64592E-02  1.73134E-04  20.432400  9.772290
3  1500.000000   190.443000    2040.000000   51.134000     2120.000000   51.358000     1.10331E-02  1.19899E-04  29.982700  11.684900
3  1500.000000   190.443000    2080.000000   47.855000     2160.000000   53.175000     7.16836E-03  9.60632E-05  37.337900  13.056400
3  1500.000000   190.443000    2120.000000   51.358000     2200.000000   49.089000     5.51288E-03  7.64521E-05  31.534500  14.192400
3  1500.000000   190.443000    2280.000000   42.192000     2360.000000   52.469000     8.92925E-03  1.02049E-04  21.675800  12.628500
3  1500.000000   190.443000    2320.000000   45.283000     2400.000000   59.965000     6.13418E-03  8.21900E-05  20.776500  13.056400
3  1500.000000   190.443000    80.000000     87.439000     240.000000    107.360000    8.98453E-03  1.04403E-04  25.254800  13.064500
3  1500.000000   190.443000    120.000000    88.121000     280.000000    105.248000    1.02194E-02  1.10943E-04  21.848400  11.740200
3  1500.000000   190.443000    160.000000    96.899000     320.000000    113.072000    1.05027E-02  1.17027E-04  19.735000  11.784800
3  1500.000000   190.443000    200.000000    103.483000    360.000000    115.089000    1.10468E-02  1.25975E-04  21.549900  11.718800
3  1500.000000   190.443000    240.000000    107.360000    400.000000    115.247000    1.19588E-02  1.26828E-04  23.990900  10.889900
3  1500.000000   190.443000    280.000000    105.248000    440.000000    111.533000    1.21913E-02  1.29239E-04  26.922600  10.890500
3  1500.000000   190.443000    320.000000    113.072000    480.000000    120.110000    1.38034E-02  1.44999E-04  28.520600  10.258600
3  1500.000000   190.443000    360.000000    115.089000    520.000000    115.268000    1.34708E-02  1.42921E-04  28.963700  10.889900
3  1500.000000   190.443000    400.000000    115.247000    560.000000    123.811000    1.55922E-02  1.63865E-04  28.873100  10.259200
3  1500.000000   190.443000    440.000000    111.533000    600.000000    124.839000    1.57942E-02  1.64986E-04  29.177800  9.731530
3  1500.000000   190.443000    480.000000    120.110000    640.000000    115.456000    1.51252E-02  1.58933E-04  29.507700  10.258800
3  1500.000000   190.443000    520.000000    115.268000    680.000000    99.357000     1.90131E-02  1.97449E-04  30.128200  9.124960
3  1500.000000   190.443000    560.000000    123.811000    720.000000    100.587000    2.08081E-02  2.16032E-04  30.223700  9.124850
3  1500.000000   190.443000    600.000000    124.839000    760.000000    98.622000     2.57922E-02  2.66593E-04  29.582500  7.998690
3  1500.000000   190.443000    640.000000    115.456000    800.000000    109.655000    3.30743E-02  3.43199E-04  29.015500  6.943540
3  1500.000000   190.443000    680.000000    99.357000     840.000000    115.365000    3.96955E-02  4.04608E-04  26.952500  4.776900
3  1500.000000   190.443000    2160.000000   53.175000     2320.000000   45.283000     1.63919E-02  1.71136E-04  22.907200  9.731110
3  1500.000000   190.443000    2200.000000   49.089000     2360.000000   52.469000     1.72256E-02  1.79813E-04  22.169500  9.731130
3  1500.000000   190.443000    2240.000000   45.045000     2400.000000   59.965000     1.69272E-02  1.76700E-04  21.994900  9.731110
3  1540.000000   167.700000    1200.000000   123.583000    1240.000000   121.871000    5.88951E-02  5.94782E-04  17.594900  3.513770
3  1540.000000   167.700000    1240.000000   121.871000    1280.000000   129.599000    7.13366E-02  7.18181E-04  26.906100  2.881560
3  1540.000000   167.700000    1320.000000   143.045000    1360.000000   150.159000    1.06120E-01  1.06608E-03  11.241100  2.435920
3  1540.000000   167.700000    1360.000000   150.159000    1400.000000   160.896000    1.78322E-01  1.78832E-03  11.565600  1.826400
3  1540.000000   167.700000    1400.000000   160.896000    1440.000000   178.173000    2.42552E-01  2.43120E-03  10.219500  1.617970
3  1540.000000   167.700000    1440.000000   178.173000    1480.000000   197.065000    1.88320E-01  1.88859E-03  6.652490  1.826370
3  1540.000000   167.700000    1600.000000   137.193000    1640.000000   122.640000    2.82723E-01  2.83303E-03  10.501700  1.421890
3  1540.000000   167.700000    1640.000000   122.640000    1680.000000   100.508000    2.05304E-01  2.05784E-03  11.239800  1.618090
3  1540.000000   167.700000    1680.000000   100.508000    1720.000000   92.752000     1.60562E-01  1.61081E-03  16.400100  1.977690
3  1540.000000   167.700000    1720.000000   92.752000     1760.000000   89.581000     8.34693E-02  8.38983E-04  14.361500  2.690830
3  1540.000000   167.700000    1800.000000   73.849000     1840.000000   69.746000     8.23010E-02  8.27240E-04  13.587100  2.690920
3  1540.000000   167.700000    1840.000000   69.746000     1880.000000   67.320000     5.45344E-02  5.50732E-04  12.825600  3.513770
3  1540.000000   167.700000    2360.000000   52.469000     2400.000000   59.965000     2.99052E-03  4.30360E-05  19.752200  15.033000
3  1540.000000   167.700000    840.000000    115.365000    920.000000    132.008000    2.46274E-02  2.54450E-04  20.094400  7.998680
3  1540.000000   167.700000    880.000000    118.144000    960.000000    128.518000    2.40680E-02  2.49210E-04  23.451000  9.032790
3  1540.000000   167.700000    920.000000    132.008000    1000.000000   116.905000    2.69085E-02  2.78019E-04  22.831300  7.998660
3  1540.000000   167.700000    960.000000    128.518000    1040.000000   108.286000    2.60773E-02  2.69428E-04  23.787000  7.998900
3  1540.000000   167.700000    1000.000000   116.905000    1080.000000   117.343000    3.39865E-02  3.52542E-04  27.976200  6.943620
3  1540.000000   167.700000    1040.000000   108.286000    1120.000000   134.172000    4.17636E-02  4.25579E-04  26.098200  4.777020
3  1540.000000   167.700000    1080.000000   117.343000    1160.000000   128.135000    3.61583E-02  3.75066E-04  23.877000  6.943520
3  1540.000000   167.700000    1120.000000   134.172000    1200.000000   123.583000    4.19366E-02  4.27342E-04  22.033500  4.776920
3  1540.000000   167.700000    1880.000000   67.320000     1960.000000   54.922000     7.07564E-02  7.12347E-04  18.714000  2.881770
3  1540.000000   167.700000    1920.000000   57.532000     2000.000000   51.429000     4.84468E-02  4.91265E-04  23.804600  4.192180
3  1540.000000   167.700000    1960.000000   54.922000     2040.000000   51.134000     2.43959E-02  2.53410E-04  21.086000  8.015310
3  1540.000000   167.700000    2000.000000   51.429000     2080.000000   47.855000     1.78018E-02  1.89810E-04  23.923000  9.784530
3  1540.000000   167.700000    2040.000000   51.134000     2120.000000   51.358000     1.18571E-02  1.25771E-04  32.123600  10.891100
3  1540.000000   167.700000    2080.000000   47.855000     2160.000000   53.175000     7.67165E-03  8.76762E-05  36.097600  12.628600
3  1540.000000   167.700000    2120.000000   51.358000     2200.000000   49.089000     5.84373E-03  7.82990E-05  31.199200  13.056400
3  1540.000000   167.700000    2160.000000   53.175000     2240.000000   45.045000     5.88953E-03  7.89120E-05  24.409100  13.056500
3  1540.000000   167.700000    2280.000000   42.192000     2360.000000   52.469000     9.35712E-03  1.01375E-04  20.073800  11.682200
3  1540.000000   167.700000    2320.000000   45.283000     2400.000000   59.965000     6.42554E-03  8.60939E-05  20.116500  13.056400
3  1540.000000   167.700000    120.000000    88.121000     280.000000    105.248000    9.88351E-03  1.43162E-04  18.562400  11.732400
3  1540.000000   167.700000    160.000000    96.899000     320.000000    113.072000    1.01263E-02  1.34055E-04  12.404500  11.699400
3  1540.000000   167.700000    200.000000    103.483000    360.000000    115.089000    1.06344E-02  1.22325E-04  11.667600  11.687000
3  1540.000000   167.700000    240.000000    107.360000    400.000000    115.247000    1.15032E-02  1.28992E-04  12.612400  10.894800
3  1540.000000   167.700000    280.000000    105.248000    440.000000    111.533000    1.17195E-02  1.24767E-04  14.682900  10.889500
3  1540.000000   167.700000    320.000000    113.072000    480.000000    120.110000    1.32573E-02  1.40539E-04  17.161400  10.889400
3  1540.000000   167.700000    360.000000    115.089000    520.000000    115.268000    1.29294E-02  1.37062E-04  18.764000  10.889500
3  1540.000000   167.700000    400.000000    115.247000    560.000000    123.811000    1.49541E-02  1.57030E-04  20.109900  10.258700
3  1540.000000   167.700000    440.000000    111.533000    600.000000    124.839000    1.51345E-02  1.58924E-04  21.732400  10.258600
3  1540.000000   167.700000    480.000000    120.110000    640.000000    115.456000    1.44777E-02  1.52032E-04  23.335300  10.258700
3  1540.000000   167.700000    520.000000    115.268000    680.000000    99.357000     1.81815E-02  1.89798E-04  24.668000  9.731230
3  1540.000000   167.700000    560.000000    123.811000    720.000000    100.587000    1.98743E-02  2.06250E-04  25.544200  9.124820
3  1540.000000   167.700000    600.000000    124.839000    760.000000    98.622000     2.46044E-02  2.54218E-04  25.702400  7.998710
3  1540.000000   167.700000    640.000000    115.456000    800.000000    109.655000    3.15153E-02  3.26492E-04  25.469600  7.586680
3  1540.000000   167.700000    680.000000    99.357000     840.000000    115.365000    3.77684E-02  3.84875E-04  23.757900  4.776920
3  1540.000000   167.700000    720.000000    100.587000    880.000000    118.144000    4.33300E-02  4.39379E-04  22.698000  4.191770
3  1540.000000   167.700000    2200.000000   49.089000     2360.000000   52.469000     1.80661E-02  1.87477E-04  21.242600  9.124720
3  1540.000000   167.700000    2240.000000   45.045000     2400.000000   59.965000     1.77428E-02  1.85210E-04  20.626700  9.731140
3  1580.000000   147.237000    0.000000      94.302000     40.000000     87.181000     3.35543E-03  4.82917E-05  19.119800  15.033000
3  1580.000000   147.237000    1240.000000   121.871000    1280.000000   129.599000    5.95926E-02  6.01021E-04  28.400700  3.299720
3  1580.000000   147.237000    1280.000000   129.599000    1320.000000   143.045000    9.22407E-02  9.27167E-04  13.600500  2.691270
3  1580.000000   147.237000    1320.000000   143.045000    1360.000000   150.159000    8.45836E-02  8.50192E-04  9.036730  2.691110
3  1580.000000   147.237000    1360.000000   150.159000    1400.000000   160.896000    1.37653E-01  1.38098E-03  10.125400  1.977820
3  1580.000000   147.237000    1400.000000   160.896000    1440.000000   178.173000    1.72059E-01  1.72553E-03  10.016600  1.826430
3  1580.000000   147.237000    1440.000000   178.173000    1480.000000   197.065000    1.16590E-01  1.17041E-03  7.681580  2.188050
3  1580.000000   147.237000    1480.000000   197.065000    1520.000000   178.674000    2.21091E-01  2.21608E-03  9.096820  1.617960
3  1580.000000   147.237000    1640.000000   122.640000    1680.000000   100.508000    3.59125E-01  3.59685E-03  9.260040  1.238440
3  1580.000000   147.237000    1680.000000   100.508000    1720.000000   92.752000     2.54208E-01  2.54729E-03  15.039800  1.421890
3  1580.000000   147.237000    1720.000000   92.752000     1760.000000   89.581000     1.19858E-01  1.20322E-03  13.599000  2.188120
3  1580.000000   147.237000    1800.000000   73.849000     1840.000000   69.746000     1.05291E-01  1.05775E-03  13.006500  2.435970
3  1580.000000   147.237000    1840.000000   69.746000     1880.000000   67.320000     6.70857E-02  6.76586E-04  12.145000  3.299680
3  1580.000000   147.237000    1880.000000   67.320000     1920.000000   57.532000     4.45284E-02  4.51522E-04  12.614300  4.192050
3  1580.000000   147.237000    2360.000000   52.469000     2400.000000   59.965000     3.23660E-03  4.65773E-05  24.809200  15.033000
3  1580.000000   147.237000    0.000000      94.302000     80.000000     87.439000     5.86738E-03  7.95552E-05  18.302700  13.056500
3  1580.000000   147.237000    40.000000     87.181000     120.000000    88.121000     4.62041E-03  6.55960E-05  17.222300  14.193000
3  1580.000000   147.237000    880.000000    118.144000    960.000000    128.518000    2.19246E-02  2.27014E-04  22.227700  9.032720
3  1580.000000   147.237000    920.000000    132.008000    1000.000000   116.905000    2.44550E-02  2.52667E-04  21.695900  7.999280
3  1580.000000   147.237000    960.000000    128.518000    1040.000000   108.286000    2.36348E-02  2.44722E-04  23.305900  9.033870
3  1580.000000   147.237000    1000.000000   116.905000    1080.000000   117.343000    3.05320E-02  3.16302E-04  27.121700  7.586730
3  1580.000000   147.237000    1040.000000   108.286000    1120.000000   134.172000    3.73278E-02  3.80381E-04  25.153500  4.777060
3  1580.000000   147.237000    1080.000000   117.343000    1160.000000   128.135000    3.21194E-02  3.33171E-04  23.440200  6.943500
3  1580.000000   147.237000    1120.000000   134.172000    1200.000000   123.583000    3.69922E-02  3.76958E-04  21.517900  4.776930
3  1580.000000   147.237000    1160.000000   128.135000    1240.000000   121.871000    7.22998E-02  7.27885E-04  17.787100  2.881550
3  1580.000000   147.237000    1920.000000   57.532000     2000.000000   51.429000     6.02349E-02  6.07499E-04  23.378200  3.299700
3  1580.000000   147.237000    1960.000000   54.922000     2040.000000   51.134000     2.96853E-02  3.07602E-04  20.610200  7.587140
3  1580.000000   147.237000    2000.000000   51.429000     2080.000000   47.855000     2.04632E-02  2.12488E-04  22.923900  9.125750
3  1580.000000   147.237000    2040.000000   51.134000     2120.000000   51.358000     1.35748E-02  1.42549E-04  33.401000  10.258600
3  1580.000000   147.237000    2080.000000   47.855000     2160.000000   53.175000     8.83750E-03  1.00999E-04  40.764100  12.628500
3  1580.000000   147.237000    2120.000000   51.358000     2200.000000   49.089000     6.54509E-03  8.76950E-05  35.638200  13.056400
3  1580.000000   147.237000    2160.000000   53.175000     2240.000000   45.045000     6.42103E-03  8.60335E-05  27.808100  13.056400
3  1580.000000   147.237000    2200.000000   49.089000     2280.000000   42.192000     9.46088E-03  1.02499E-04  26.845100  11.682200
3  1580.000000   147.237000    2280.000000   42.192000     2360.000000   52.469000     1.01482E-02  1.09946E-04  25.214300  11.682200
3  1580.000000   147.237000    2320.000000   45.283000     2400.000000   59.965000     6.95131E-03  9.31385E-05  24.895000  13.056400
3  1580.000000   147.237000    0.000000      94.302000     160.000000    96.899000     1.04304E-02  1.13964E-04  18.895900  11.707000
3  1580.000000   147.237000    40.000000     87.181000     200.000000    103.483000    9.10391E-03  1.04623E-04  18.228500  12.632100
3  1580.000000   147.237000    80.000000     87.439000     240.000000    107.360000    8.20355E-03  9.37543E-05  17.855200  12.634600
3  1580.000000   147.237000    120.000000    88.121000     280.000000    105.248000    9.28139E-03  1.08899E-04  18.010800  12.666700
3  1580.000000   147.237000    160.000000    96.899000     320.000000    113.072000    9.50302E-03  1.06340E-04  16.770000  11.692500
3  1580.000000   147.237000    200.000000    103.483000    360.000000    115.089000    9.97450E-03  1.10118E-04  17.219200  11.689600
3  1580.000000   147.237000    240.000000    107.360000    400.000000    115.247000    1.07830E-02  1.18690E-04  18.056500  11.688300
3  1580.000000   147.237000    280.000000    105.248000    440.000000    111.533000    1.09702E-02  1.18927E-04  18.791300  11.682200
3  1580.000000   147.237000    320.000000    113.072000    480.000000    120.110000    1.23951E-02  1.31398E-04  19.896200  10.889400
3  1580.000000   147.237000    360.000000    115.089000    520.000000    115.268000    1.20753E-02  1.28008E-04  20.611000  10.889400
3  1580.000000   147.237000    400.000000    115.247000    560.000000    123.811000    1.39395E-02  1.46376E-04  20.955600  10.258700
3  1580.000000   147.237000    440.000000    111.533000    600.000000    124.839000    1.40822E-02  1.47874E-04  21.905700  10.258600
3  1580.000000   147.237000    480.000000    120.110000    640.000000    115.456000    1.34433E-02  1.41165E-04  22.952200  10.258600
3  1580.000000   147.237000    520.000000    115.268000    680.000000    99.357000     1.68570E-02  1.75965E-04  24.002500  9.731130
3  1580.000000   147.237000    560.000000    123.811000    720.000000    100.587000    1.83932E-02  1.90872E-04  24.716400  9.124740
3  1580.000000   147.237000    600.000000    124.839000    760.000000    98.622000     2.27398E-02  2.35455E-04  24.586500  9.032730
3  1580.000000   147.237000    640.000000    115.456000    800.000000    109.655000    2.90644E-02  3.01096E-04  24.191200  7.586680
3  1580.000000   147.237000    680.000000    99.357000     840.000000    115.365000    3.47426E-02  3.60382E-04  22.708500  6.943510
3  1580.000000   147.237000    720.000000    100.587000    880.000000    118.144000    3.97659E-02  4.05222E-04  21.556900  4.776920
3  1580.000000   147.237000    760.000000    98.622000     920.000000    132.008000    4.35430E-02  4.41535E-04  20.458300  4.191800
3  1580.000000   147.237000    2240.000000   45.045000     2400.000000   59.965000     1.92474E-02  1.99736E-04  25.661100  9.124730
3  1620.000000   129.670000    0.000000      94.302000     40.000000     87.181000     3.07019E-03  5.51636E-05  13.262200  15.104400
3  1620.000000   129.670000    1280.000000   129.599000    1320.000000   143.045000    7.39036E-02  7.44024E-04  15.830000  2.881940
3  1620.000000   129.670000    1320.000000   143.045000    1360.000000   150.159000    6.63746E-02  6.69414E-04  11.096800  3.299800
3  1620.000000   129.670000    1360.000000   150.159000    1400.000000   160.896000    1.05682E-01  1.06168E-03  11.804100  2.436020
3  1620.000000   129.670000    1400.000000   160.896000    1440.000000   178.173000    1.24824E-01  1.25307E-03  11.796000  2.188280
3  1620.000000   129.670000    1440.000000   178.173000    1480.000000   197.065000    8.05948E-02  8.11388E-04  8.885400  2.881540
3  1620.000000   129.670000    1480.000000   197.065000    1520.000000   178.674000    1.38050E-01  1.38496E-03  10.337600  1.977640
3  1620.000000   129.670000    1520.000000   178.674000    1560.000000   156.964000    2.70442E-01  2.70996E-03  10.928800  1.421870
3  1620.000000   129.670000    1720.000000   92.752000     1760.000000   89.581000     2.18911E-01  2.19423E-03  12.725300  1.617950
3  1620.000000   129.670000    1800.000000   73.849000     1840.000000   69.746000     1.60395E-01  1.60913E-03  11.964100  1.977860
3  1620.000000   129.670000    1840.000000   69.746000     1880.000000   67.320000     9.62150E-02  9.67095E-04  10.733500  2.690900
3  1620.000000   129.670000    1880.000000   67.320000     1920.000000   57.532000     6.28014E-02  6.33377E-04  11.170900  3.299780
3  1620.000000   129.670000    2360.000000   52.469000     2400.000000   59.965000     3.61949E-03  5.20874E-05  20.099700  15.033000
3  1620.000000   129.670000    0.000000      94.302000     80.000000     87.439000     5.37569E-03  7.95242E-05  13.971100  14.207400
3  1620.000000   129.670000    40.000000     87.181000     120.000000    88.121000     4.24193E-03  6.10465E-05  15.558500  15.033400
3  1620.000000   129.670000    920.000000    132.008000    1000.000000   116.905000    2.15822E-02  2.23469E-04  23.225600  9.033760
3  1620.000000   129.670000    960.000000    128.518000    1040.000000   108.286000    2.07901E-02  2.15745E-04  24.631900  9.125990
3  1620.000000   129.670000    1000.000000   116.905000    1080.000000   117.343000    2.65804E-02  2.74623E-04  28.272000  7.999440
3  1620.000000   129.670000    1040.000000   108.286000    1120.000000   134.172000    3.23141E-02  3.35191E-04  26.195300  6.943890
3  1620.000000   129.670000    1080.000000   117.343000    1160.000000   128.135000    2.76360E-02  2.85530E-04  24.548500  7.998640
3  1620.000000   129.670000    1120.000000   134.172000    1200.000000   123.583000    3.16049E-02  3.27414E-04  22.849800  7.586620
3  1620.000000   129.670000    1160.000000   128.135000    1240.000000   121.871000    6.05931E-02  6.11106E-04  18.790900  3.299680
3  1620.000000   129.670000    1200.000000   123.583000    1280.000000   129.599000    9.15265E-02  9.19969E-04  24.211000  2.691000
3  1620.000000   129.670000    1960.000000   54.922000     2040.000000   51.134000     4.03047E-02  4.10709E-04  19.253100  4.777340
3  1620.000000   129.670000    2000.000000   51.429000     2080.000000   47.855000     2.55317E-02  2.63794E-04  20.613200  7.999450
3  1620.000000   129.670000    2040.000000   51.134000     2120.000000   51.358000     1.66551E-02  1.73858E-04  29.833400  9.731120
3  1620.000000   129.670000    2080.000000   47.855000     2160.000000   53.175000     1.08098E-02  1.17113E-04  35.448600  11.682200
3  1620.000000   129.670000    2120.000000   51.358000     2200.000000   49.089000     7.70052E-03  8.80054E-05  30.922000  12.628500
3  1620.000000   129.670000    2160.000000   53.175000     2240.000000   45.045000     7.27761E-03  9.75105E-05  23.726800  13.056400
3  1620.000000   129.670000    2200.000000   49.089000     2280.000000   42.192000     1.06518E-02  1.15402E-04  22.345200  11.682200
3  1620.000000   129.670000    2240.000000   45.045000     2320.000000   45.283000     1.38317E-02  1.45243E-04  21.300700  10.258600
3  1620.000000   129.670000    2280.000000   42.192000     2360.000000   52.469000     1.13857E-02  1.20698E-04  20.428300  10.889400
3  1620.000000   129.670000    2320.000000   45.283000     2400.000000   59.965000     7.77290E-03  8.88326E-05  20.250600  12.628500
3  1620.000000   129.670000    0.000000      94.302000     160.000000    96.899000     9.56460E-03  1.05552E-04  15.677200  11.688000
3  1620.000000   129.670000    40.000000     87.181000     200.000000    103.483000    8.35473E-03  9.60451E-05  16.299900  12.642500
3  1620.000000   129.670000    80.000000     87.439000     240.000000    107.360000    7.52591E-03  1.01157E-04  16.027500  13.085800
3  1620.000000   129.670000    120.000000    88.121000     280.000000    105.248000    8.50655E-03  9.81894E-05  15.715700  12.654900
3  1620.000000   129.670000    200.000000    103.483000    360.000000    115.089000    9.12575E-03  1.09148E-04  15.531700  12.628600
3  1620.000000   129.670000    240.000000    107.360000    400.000000    115.247000    9.85732E-03  1.11907E-04  16.738700  11.682300
3  1620.000000   129.670000    280.000000    105.248000    440.000000    111.533000    1.00136E-02  1.09829E-04  18.323200  11.682200
3  1620.000000   129.670000    320.000000    113.072000    480.000000    120.110000    1.12976E-02  1.22629E-04  19.955900  11.682200
3  1620.000000   129.670000    360.000000    115.089000    520.000000    115.268000    1.09920E-02  1.19104E-04  20.939800  11.682200
3  1620.000000   129.670000    400.000000    115.247000    560.000000    123.811000    1.26631E-02  1.34242E-04  21.683800  10.889400
3  1620.000000   129.670000    440.000000    111.533000    600.000000    124.839000    1.27673E-02  1.35344E-04  22.915900  10.889500
3  1620.000000   129.670000    480.000000    120.110000    640.000000    115.456000    1.21596E-02  1.28901E-04  24.220500  10.889500
3  1620.000000   129.670000    520.000000    115.268000    680.000000    99.357000     1.52204E-02  1.59825E-04  25.449100  10.258600
3  1620.000000   129.670000    560.000000    123.811000    720.000000    100.587000    1.65722E-02  1.72991E-04  26.271200  9.731120
3  1620.000000   129.670000    600.000000    124.839000    760.000000    98.622000     2.04492E-02  2.12207E-04  26.188900  9.124710
3  1620.000000   129.670000    640.000000    115.456000    800.000000    109.655000    2.60754E-02  2.69408E-04  25.881800  7.998660
3  1620.000000   129.670000    680.000000    99.357000     840.000000    115.365000    3.10727E-02  3.21901E-04  24.375900  7.586620
3  1620.000000   129.670000    720.000000    100.587000    880.000000    118.144000    3.54742E-02  3.67970E-04  23.192100  6.943510
3  1620.000000   129.670000    760.000000    98.622000     920.000000    132.008000    3.87291E-02  3.94657E-04  22.094500  4.776940
3  1620.000000   129.670000    800.000000    109.655000    960.000000    128.518000    3.90695E-02  3.98126E-04  22.625600  4.776900
3  1620.000000   129.670000    0.000000      94.302000     320.000000    113.072000    1.82665E-02  1.93820E-04  15.262700  9.829270
3  1660.000000   112.450000    1360.000000   150.159000    1400.000000   160.896000    8.19638E-02  8.25179E-04  -0.890657  19.711900
3  1660.000000   112.450000    1400.000000   160.896000    1440.000000   178.173000    9.28563E-02  9.33364E-04  6.186120  13.877100
3  1660.000000   112.450000    1440.000000   178.173000    1480.000000   197.065000    5.79441E-02  5.85172E-04  8.697910  13.202900
3  1660.000000   112.450000    1480.000000   197.065000    1520.000000   178.674000    9.48737E-02  1.07891E-03  9.281390  12.611700
3  1660.000000   112.450000    1520.000000   178.674000    1560.000000   156.964000    1.75350E-01  1.75897E-03  15.856900  1.826380
3  1660.000000   112.450000    1560.000000   156.964000    1600.000000   137.193000    4.41139E-01  4.42035E-03  11.186800  1.239040
3  1660.000000   112.450000    1720.000000   92.752000     1760.000000   89.581000     4.17879E-01  4.18531E-03  13.576800  1.238340
3  1660.000000   112.450000    1840.000000   69.746000     1880.000000   67.320000     1.39768E-01  1.40219E-03  10.728500  1.977790
3  1660.000000   112.450000    1880.000000   67.320000     1920.000000   57.532000     8.92871E-02  8.97469E-04  11.324300  2.691050
3  1660.000000   112.450000    1960.000000   54.922000     2000.000000   51.429000     3.55347E-02  3.68598E-04  21.155300  6.943490
3  1660.000000   112.450000    2360.000000   52.469000     2400.000000   59.965000     4.06951E-03  5.85631E-05  22.638200  15.033000
3  1660.000000   112.450000    40.000000     87.181000     120.000000    88.121000     3.87184E-03  5.57239E-05  19.446700  15.033000
3  1660.000000   112.450000    960.000000    128.518000    1040.000000   108.286000    1.79249E-02  1.87114E-04  22.323800  9.731480
3  1660.000000   112.450000    1000.000000   116.905000    1080.000000   117.343000    2.27138E-02  2.35192E-04  26.526400  9.033080
3  1660.000000   112.450000    1040.000000   108.286000    1120.000000   134.172000    2.74689E-02  2.83811E-04  24.873600  7.998950
3  1660.000000   112.450000    1080.000000   117.343000    1160.000000   128.135000    2.33418E-02  2.41690E-04  23.494700  9.032740
3  1660.000000   112.450000    1120.000000   134.172000    1200.000000   123.583000    2.65379E-02  2.74187E-04  21.473800  7.998760
3  1660.000000   112.450000    1160.000000   128.135000    1240.000000   121.871000    4.94801E-02  5.01748E-04  14.685600  4.191880
3  1660.000000   112.450000    1200.000000   123.583000    1280.000000   129.599000    7.39603E-02  7.44618E-04  17.943400  2.881620
3  1660.000000   112.450000    1240.000000   121.871000    1320.000000   143.045000    9.79668E-02  9.84194E-04  16.061000  2.436000
3  1660.000000   112.450000    2000.000000   51.429000     2080.000000   47.855000     3.22628E-02  3.34659E-04  20.700700  6.944060
3  1660.000000   112.450000    2040.000000   51.134000     2120.000000   51.358000     2.06577E-02  2.14371E-04  30.449700  9.124730
3  1660.000000   112.450000    2080.000000   47.855000     2160.000000   53.175000     1.33391E-02  1.40070E-04  36.683600  10.258600
3  1660.000000   112.450000    2120.000000   51.358000     2200.000000   49.089000     9.14152E-03  1.04474E-04  32.746900  12.628500
3  1660.000000   112.450000    2160.000000   53.175000     2240.000000   45.045000     8.30420E-03  9.49045E-05  25.739600  12.628500
3  1660.000000   112.450000    2200.000000   49.089000     2280.000000   42.192000     1.20660E-02  1.27909E-04  24.575200  10.889400
3  1660.000000   112.450000    2240.000000   45.045000     2320.000000   45.283000     1.56533E-02  1.64371E-04  23.813800  10.258600
3  1660.000000   112.450000    2280.000000   42.192000     2360.000000   52.469000     1.28483E-02  1.36202E-04  22.938100  10.889400
3  1660.000000   112.450000    2320.000000   45.283000     2400.000000   59.965000     8.73909E-03  9.98747E-05  22.643700  12.628500
3  1660.000000   112.450000    0.000000      94.302000     160.000000    96.899000     8.73506E-03  1.00700E-04  20.773300  12.652600
3  1660.000000   112.450000    40.000000     87.181000     200.000000    103.483000    7.60324E-03  8.71803E-05  19.279000  12.634300
3  1660.000000   112.450000    80.000000     87.439000     240.000000    107.360000    6.83033E-03  9.15346E-05  18.398000  13.057100
3  1660.000000   112.450000    120.000000    88.121000     280.000000    105.248000    7.69825E-03  8.80195E-05  17.982500  12.630300
3  1660.000000   112.450000    240.000000    107.360000    400.000000    115.247000    8.87377E-03  1.01481E-04  17.929700  12.629700
3  1660.000000   112.450000    280.000000    105.248000    440.000000    111.533000    8.99472E-03  1.02807E-04  18.579900  12.628600
3  1660.000000   112.450000    320.000000    113.072000    480.000000    120.110000    1.01281E-02  1.09745E-04  19.512400  11.682400
3  1660.000000   112.450000    360.000000    115.089000    520.000000    115.268000    9.83816E-03  1.06605E-04  20.063500  11.682400
3  1660.000000   112.450000    400.000000    115.247000    560.000000    123.811000    1.13044E-02  1.19853E-04  20.202000  10.889700
3  1660.000000   112.450000    440.000000    111.533000    600.000000    124.839000    1.13700E-02  1.20545E-04  21.014700  10.889500
3  1660.000000   112.450000    480.000000    120.110000    640.000000    115.456000    1.07989E-02  1.17005E-04  21.978200  11.682200
3  1660.000000   112.450000    520.000000    115.268000    680.000000    99.357000     1.34903E-02  1.41671E-04  23.068500  10.258700
3  1660.000000   112.450000    560.000000    123.811000    720.000000    100.587000    1.46541E-02  1.53890E-04  23.886900  10.258600
3  1660.000000   112.450000    600.000000    124.839000    760.000000    98.622000     1.80429E-02  1.88355E-04  23.606700  9.731180
3  1660.000000   112.450000    640.000000    115.456000    800.000000    109.655000    2.29477E-02  2.37628E-04  23.205200  9.032800
3  1660.000000   112.450000    680.000000    99.357000     840.000000    115.365000    2.72539E-02  2.81604E-04  21.800100  7.998750
3  1660.000000   112.450000    720.000000    100.587000    880.000000    118.144000    3.10279E-02  3.21458E-04  20.680700  7.586830
3  1660.000000   112.450000    760.000000    98.622000     920.000000    132.008000    3.37653E-02  3.50264E-04  19.754500  6.943650
3  1660.000000   112.450000    800.000000    109.655000    960.000000    128.518000    3.39583E-02  3.52263E-04  20.104200  6.943660
3  1660.000000   112.450000    840.000000    115.365000    1000.000000   116.905000    3.59908E-02  3.73343E-04  19.520800  6.943570
3  1660.000000   112.450000    0.000000      94.302000     320.000000    113.072000    1.65923E-02  1.76633E-04  18.929900  9.734360
3  1660.000000   112.450000    40.000000     87.181000     360.000000    115.089000    1.58288E-02  1.66497E-04  18.206300  9.756840
3  1699.000000   97.504000     1360.000000   150.159000    1400.000000   160.896000    5.95879E-02  6.01778E-04  13.106700  3.513930
3  1699.000000   97.504000     1400.000000   160.896000    1440.000000   178.173000    6.54498E-02  6.60094E-04  14.089600  3.299990
3  1699.000000   97.504000     1440.000000   178.173000    1480.000000   197.065000    3.97824E-02  4.05391E-04  9.075660  4.776970
3  1699.000000   97.504000     1480.000000   197.065000    1520.000000   178.674000    6.28562E-02  6.33930E-04  11.238000  3.299740
3  1699.000000   97.504000     2000.000000   51.429000     2040.000000   51.134000     2.77971E-02  2.87194E-04  15.451300  7.999130
3  1699.000000   97.504000     2360.000000   52.469000     2400.000000   59.965000     4.71533E-03  6.53908E-05  23.417300  14.192400
3  1699.000000   97.504000     0.000000      94.302000     80.000000     87.439000     4.37505E-03  7.28280E-05  30.394400  14.193000
3  1699.000000   97.504000     40.000000     87.181000     120.000000    88.121000     3.43182E-03  4.93870E-05  29.242800  15.033700
3  1699.000000   97.504000     1000.000000   116.905000    1080.000000   117.343000    1.86578E-02  1.93625E-04  24.467400  9.124970
3  1699.000000   97.504000     1040.000000   108.286000    1120.000000   134.172000    2.24389E-02  2.32348E-04  22.867300  9.032870
3  1699.000000   97.504000     1080.000000   117.343000    1160.000000   128.135000    1.89469E-02  1.96620E-04  21.672700  9.124890
3  1699.000000   97.504000     1120.000000   134.172000    1200.000000   123.583000    2.13985E-02  2.21571E-04  20.054000  9.032730
3  1699.000000   97.504000     1160.000000   128.135000    1240.000000   121.871000    3.95951E-02  4.03498E-04  16.434700  4.777130
3  1699.000000   97.504000     1200.000000   123.583000    1280.000000   129.599000    5.85267E-02  5.91079E-04  20.284000  3.514520
3  1699.000000   97.504000     1240.000000   121.871000    1320.000000   143.045000    7.55773E-02  7.60897E-04  20.559900  2.881790
3  1699.000000   97.504000     1280.000000   129.599000    1360.000000   150.159000    8.36346E-02  8.40678E-04  13.069800  2.691710
3  1699.000000   97.504000     2040.000000   51.134000     2120.000000   51.358000     2.77719E-02  2.86934E-04  29.799500  7.998640
3  1699.000000   97.504000     2080.000000   47.855000     2160.000000   53.175000     1.75100E-02  1.82780E-04  35.761400  9.731120
3  1699.000000   97.504000     2120.000000   51.358000     2200.000000   49.089000     1.14061E-02  1.20914E-04  32.751700  10.889400
3  1699.000000   97.504000     2160.000000   53.175000     2240.000000   45.045000     9.84657E-03  1.06678E-04  26.448900  11.682200
3  1699.000000   97.504000     2200.000000   49.089000     2280.000000   42.192000     1.41394E-02  1.48474E-04  25.187000  10.258600
3  1699.000000   97.504000     2240.000000   45.045000     2320.000000   45.283000     1.83130E-02  1.90039E-04  24.403700  9.124710
3  1699.000000   97.504000     2280.000000   42.192000     2360.000000   52.469000     1.49864E-02  1.57368E-04  23.626100  10.258600
3  1699.000000   97.504000     2320.000000   45.283000     2400.000000   59.965000     1.01399E-02  1.09856E-04  23.444300  11.682200
3  1699.000000   97.504000     0.000000      94.302000     160.000000    96.899000     7.74443E-03  9.01978E-05  28.990100  12.628600
3  1699.000000   97.504000     40.000000     87.181000     200.000000    103.483000    6.72273E-03  9.03669E-05  26.488200  13.056600
3  1699.000000   97.504000     80.000000     87.439000     240.000000    107.360000    6.02291E-03  8.09365E-05  23.537600  13.063000
3  1699.000000   97.504000     120.000000    88.121000     280.000000    105.248000    6.76507E-03  9.41109E-05  20.627400  13.058600
3  1699.000000   97.504000     280.000000    105.248000    440.000000    111.533000    7.82793E-03  8.95852E-05  16.762900  12.628500
3  1699.000000   97.504000     320.000000    113.072000    480.000000    120.110000    8.79272E-03  1.00488E-04  17.002900  12.628600
3  1699.000000   97.504000     360.000000    115.089000    520.000000    115.268000    8.52280E-03  9.74037E-05  17.247000  12.628600
3  1699.000000   97.504000     400.000000    115.247000    560.000000    123.811000    9.76494E-03  1.05796E-04  17.077700  11.682300
3  1699.000000   97.504000     440.000000    111.533000    600.000000    124.839000    9.79374E-03  1.06109E-04  17.752400  11.682300
3  1699.000000   97.504000     480.000000    120.110000    640.000000    115.456000    9.27077E-03  1.05955E-04  18.673500  12.628600
3  1699.000000   97.504000     520.000000    115.268000    680.000000    99.357000     1.15548E-02  1.22496E-04  19.815900  10.889500
3  1699.000000   97.504000     560.000000    123.811000    720.000000    100.587000    1.25194E-02  1.32724E-04  20.580100  10.889500
3  1699.000000   97.504000     600.000000    124.839000    760.000000    98.622000     1.53545E-02  1.61244E-04  21.254100  10.258700
3  1699.000000   97.504000     640.000000    115.456000    800.000000    109.655000    1.94650E-02  2.02010E-04  21.168900  9.124870
3  1699.000000   97.504000     680.000000    99.357000     840.000000    115.365000    2.30338E-02  2.38515E-04  19.504100  9.032860
3  1699.000000   97.504000     720.000000    100.587000    880.000000    118.144000    2.61445E-02  2.70143E-04  18.566200  7.998840
3  1699.000000   97.504000     760.000000    98.622000     920.000000    132.008000    2.83953E-02  2.94181E-04  17.099700  7.586840
3  1699.000000   97.504000     800.000000    109.655000    960.000000    128.518000    2.83823E-02  2.94041E-04  18.535900  7.586870
3  1699.000000   97.504000     840.000000    115.365000    1000.000000   116.905000    2.99835E-02  3.10629E-04  18.115900  7.586780
3  1699.000000   97.504000     880.000000    118.144000    1040.000000   108.286000    2.88338E-02  2.98712E-04  20.473900  7.586640
3  1699.000000   97.504000     0.000000      94.302000     320.000000    113.072000    1.46275E-02  1.60496E-04  23.821900  10.263400
3  1699.000000   97.504000     40.000000     87.181000     360.000000    115.089000    1.39125E-02  1.47418E-04  21.635400  10.275900
3  1699.000000   97.504000     80.000000     87.439000     400.000000    115.247000    1.37661E-02  1.44891E-04  19.918600  10.275100
3  1782.000000   77.489000     0.000000      94.302000     40.000000     87.181000     1.99935E-03  3.12872E-05  82.310400  17.471600
3  1782.000000   77.489000     1440.000000   178.173000    1480.000000   197.065000    2.11558E-02  2.19542E-04  9.173500  9.124820
3  1782.000000   77.489000     1480.000000   197.065000    1520.000000   178.674000    3.11947E-02  3.23171E-04  10.858000  7.587100
3  1782.000000   77.489000     1520.000000   178.674000    1560.000000   156.964000    5.11655E-02  5.16731E-04  16.000500  3.518420
3  1782.000000   77.489000     1560.000000   156.964000    1600.000000   137.193000    1.06087E-01  1.06582E-03  9.295050  2.437720
3  1782.000000   77.489000     1880.000000   67.320000     1920.000000   57.532000     3.66601E-01  3.67173E-03  6.485820  1.238400
3  1782.000000   77.489000     2000.000000   51.429000     2040.000000   51.134000     5.17160E-02  5.22275E-04  11.764400  3.514120
3  1782.000000   77.489000     2040.000000   51.134000     2080.000000   47.855000     2.89832E-02  3.00254E-04  22.083300  7.586770
3  1782.000000   77.489000     2080.000000   47.855000     2120.000000   51.358000     1.76408E-02  1.84145E-04  29.153600  9.731120
3  1782.000000   77.489000     2360.000000   52.469000     2400.000000   59.965000     5.94364E-03  7.96370E-05  17.964600  13.056400
3  1782.000000   77.489000     0.000000      94.302000     80.000000     87.439000     3.48827E-03  5.02252E-05  73.488100  15.033100
3  1782.000000   77.489000     40.000000     87.181000     120.000000    88.121000     2.72728E-03  4.28788E-05  55.918300  17.471500
3  1782.000000   77.489000     1080.000000   117.343000    1160.000000   128.135000    1.28940E-02  1.36701E-04  24.660400  10.889700
3  1782.000000   77.489000     1120.000000   134.172000    1200.000000   123.583000    1.44038E-02  1.51263E-04  23.436800  10.258900
3  1782.000000   77.489000     1160.000000   128.135000    1240.000000   121.871000    2.60428E-02  2.69124E-04  18.648400  7.999240
3  1782.000000   77.489000     1200.000000   123.583000    1280.000000   129.599000    3.77697E-02  3.84987E-04  21.773800  4.778170
3  1782.000000   77.489000     1240.000000   121.871000    1320.000000   143.045000    4.78522E-02  4.85365E-04  19.264300  4.192910
3  1782.000000   77.489000     1280.000000   129.599000    1360.000000   150.159000    5.17232E-02  5.22441E-04  12.100800  3.514150
3  1782.000000   77.489000     1320.000000   143.045000    1400.000000   160.896000    5.89074E-02  5.94977E-04  17.195400  3.517940
3  1782.000000   77.489000     1360.000000   150.159000    1440.000000   178.173000    7.13819E-02  7.18723E-04  22.941400  2.934560
3  1782.000000   77.489000     2120.000000   51.358000     2200.000000   49.089000     1.69208E-02  1.76629E-04  27.095100  9.731110
3  1782.000000   77.489000     2160.000000   53.175000     2240.000000   45.045000     1.30632E-02  1.38480E-04  22.002700  10.889400
3  1782.000000   77.489000     2200.000000   49.089000     2280.000000   42.192000     1.82369E-02  1.89250E-04  19.819100  9.124710
3  1782.000000   77.489000     2240.000000   45.045000     2320.000000   45.283000     2.34691E-02  2.43006E-04  18.824700  9.032700
3  1782.000000   77.489000     2280.000000   42.192000     2360.000000   52.469000     1.90601E-02  1.97792E-04  18.407400  9.124710
3  1782.000000   77.489000     2320.000000   45.283000     2400.000000   59.965000     1.27959E-02  1.35647E-04  18.323400  10.889400
3  1782.000000   77.489000     0.000000      94.302000     160.000000    96.899000     6.14982E-03  8.24094E-05  58.469900  13.173500
3  1782.000000   77.489000     40.000000     87.181000     200.000000    103.483000    5.31773E-03  8.04413E-05  42.040400  14.254200
3  1782.000000   77.489000     80.000000     87.439000     240.000000    107.360000    4.74669E-03  7.03327E-05  31.667600  14.220700
3  1782.000000   77.489000     120.000000    88.121000     280.000000    105.248000    5.30817E-03  8.01359E-05  23.722200  14.248900
3  1782.000000   77.489000     360.000000    115.089000    520.000000    115.268000    6.54086E-03  8.76410E-05  22.283000  13.056400
3  1782.000000   77.489000     400.000000    115.247000    560.000000    123.811000    7.45439E-03  9.98829E-05  22.371700  13.056400
3  1782.000000   77.489000     440.000000    111.533000    600.000000    124.839000    7.43612E-03  9.96381E-05  23.124900  13.056400
3  1782.000000   77.489000     480.000000    120.110000    640.000000    115.456000    6.99430E-03  9.37173E-05  23.994300  13.056400
3  1782.000000   77.489000     520.000000    115.268000    680.000000    99.357000     8.67603E-03  9.91583E-05  24.991200  12.628500
3  1782.000000   77.489000     560.000000    123.811000    720.000000    100.587000    9.34817E-03  1.06841E-04  25.566800  12.628500
3  1782.000000   77.489000     600.000000    124.839000    760.000000    98.622000     1.14128E-02  1.20995E-04  26.073300  10.889400
3  1782.000000   77.489000     640.000000    115.456000    800.000000    109.655000    1.43848E-02  1.51071E-04  25.805900  10.258600
3  1782.000000   77.489000     680.000000    99.357000     840.000000    115.365000    1.68986E-02  1.76420E-04  24.170500  9.731130
3  1782.000000   77.489000     720.000000    100.587000    880.000000    118.144000    1.90639E-02  1.97862E-04  23.196900  9.124910
3  1782.000000   77.489000     760.000000    98.622000     920.000000    132.008000    2.05526E-02  2.13305E-04  21.891000  9.125020
3  1782.000000   77.489000     800.000000    109.655000    960.000000    128.518000    2.04127E-02  2.11861E-04  23.731000  9.124990
3  1782.000000   77.489000     840.000000    115.365000    1000.000000   116.905000    2.14231E-02  2.21849E-04  23.133600  9.032860
3  1782.000000   77.489000     880.000000    118.144000    1040.000000   108.286000    2.04798E-02  2.12543E-04  24.990700  9.124710
3  1782.000000   77.489000     920.000000    132.008000    1080.000000   117.343000    2.39287E-02  2.47794E-04  26.266300  9.033510
3  1782.000000   77.489000     960.000000    128.518000    1120.000000   134.172000    2.59387E-02  2.68022E-04  24.667900  8.000200
3  1782.000000   77.489000     0.000000      94.302000     320.000000    113.072000    1.15326E-02  1.48829E-04  40.996200  10.907000
3  1782.000000   77.489000     40.000000     87.181000     360.000000    115.089000    1.09245E-02  1.36230E-04  30.824800  11.727900
3  1782.000000   77.489000     80.000000     87.439000     400.000000    115.247000    1.07678E-02  1.22278E-04  25.409800  11.699300
3  1782.000000   77.489000     120.000000    88.121000     440.000000    111.533000    1.13671E-02  1.24092E-04  22.296200  11.682600
3  1782.000000   77.489000     160.000000    96.899000     480.000000    120.110000    1.21589E-02  1.29450E-04  21.459500  10.890700
3  1860.000000   68.218000     1520.000000   178.674000    1560.000000   156.964000    2.14667E-02  2.22318E-04  26.950900  9.032710
3  1860.000000   68.218000     1760.000000   89.581000     1800.000000   73.849000     6.68191E-01  6.69240E-03  7.594140  1.209800
3  1860.000000   68.218000     2000.000000   51.429000     2040.000000   51.134000     1.12528E-01  1.13046E-03  9.750300  2.443950
3  1860.000000   68.218000     2040.000000   51.134000     2080.000000   47.855000     5.55810E-02  5.61307E-04  19.076600  3.513700
3  1860.000000   68.218000     2080.000000   47.855000     2120.000000   51.358000     3.49802E-02  3.62846E-04  25.459000  6.943480
3  1860.000000   68.218000     2120.000000   51.358000     2160.000000   53.175000     1.99779E-02  2.07317E-04  25.512400  9.124710
3  1860.000000   68.218000     2160.000000   53.175000     2200.000000   49.089000     8.81406E-03  1.00731E-04  25.023600  12.628500
3  1860.000000   68.218000     2360.000000   52.469000     2400.000000   59.965000     7.46789E-03  1.00060E-04  19.315400  13.056400
3  1860.000000   68.218000     1160.000000   128.135000    1240.000000   121.871000    1.44526E-02  1.51971E-04  13.538900  10.381800
3  1860.000000   68.218000     1200.000000   123.583000    1280.000000   129.599000    2.03023E-02  2.11095E-04  17.417400  9.193780
3  1860.000000   68.218000     1240.000000   121.871000    1320.000000   143.045000    2.48647E-02  2.57365E-04  16.993400  8.007730
3  1860.000000   68.218000     1280.000000   129.599000    1360.000000   150.159000    2.62343E-02  2.71394E-04  10.762100  8.003290
3  1860.000000   68.218000     1320.000000   143.045000    1400.000000   160.896000    2.94099E-02  3.04937E-04  9.448280  7.589310
3  1860.000000   68.218000     1360.000000   150.159000    1440.000000   178.173000    3.50821E-02  3.64177E-04  9.823040  6.945680
3  1860.000000   68.218000     1400.000000   160.896000    1480.000000   197.065000    2.74125E-02  2.83316E-04  9.144300  7.999110
3  1860.000000   68.218000     1440.000000   178.173000    1520.000000   178.674000    2.38566E-02  2.47049E-04  9.862050  9.032750
3  1860.000000   68.218000     2200.000000   49.089000     2280.000000   42.192000     2.36743E-02  2.45131E-04  21.526200  9.032710
3  1860.000000   68.218000     2240.000000   45.045000     2320.000000   45.283000     3.05747E-02  3.16742E-04  20.364700  7.586620
3  1860.000000   68.218000     2280.000000   42.192000     2360.000000   52.469000     2.44211E-02  2.52314E-04  19.565600  7.998640
3  1860.000000   68.218000     2320.000000   45.283000     2400.000000   59.965000     1.59641E-02  1.66643E-04  19.503600  9.731110
3  1860.000000   68.218000     440.000000    111.533000    600.000000    124.839000    5.02166E-03  6.99613E-05  2.087230  14.192600
3  1860.000000   68.218000     480.000000    120.110000    640.000000    115.456000    4.67057E-03  6.47729E-05  4.108930  14.192500
3  1860.000000   68.218000     520.000000    115.268000    680.000000    99.357000     5.75097E-03  7.97556E-05  6.009540  14.192500
3  1860.000000   68.218000     560.000000    123.811000    720.000000    100.587000    6.14204E-03  8.23015E-05  7.678660  13.056500
3  1860.000000   68.218000     600.000000    124.839000    760.000000    98.622000     7.44835E-03  9.98228E-05  8.873210  13.057000
3  1860.000000   68.218000     640.000000    115.456000    800.000000    109.655000    9.29487E-03  1.06287E-04  9.076800  19.078600
3  1860.000000   68.218000     680.000000    99.357000     840.000000    115.365000    1.07618E-02  1.16700E-04  8.031920  18.429900
3  1860.000000   68.218000     720.000000    100.587000    880.000000    118.144000    1.20012E-02  1.27366E-04  10.621700  15.643500
3  1860.000000   68.218000     760.000000    98.622000     920.000000    132.008000    1.27476E-02  1.35271E-04  13.154800  13.545500
3  1860.000000   68.218000     800.000000    109.655000    960.000000    128.518000    1.25151E-02  1.32786E-04  18.724900  11.913100
3  1860.000000   68.218000     840.000000    115.365000    1000.000000   116.905000    1.29906E-02  1.37822E-04  21.985900  10.992600
3  1860.000000   68.218000     880.000000    118.144000    1040.000000   108.286000    1.23094E-02  1.30561E-04  22.514300  11.285900
3  1860.000000   68.218000     920.000000    132.008000    1080.000000   117.343000    1.43304E-02  1.50613E-04  20.524000  12.023500
3  1860.000000   68.218000     960.000000    128.518000    1120.000000   134.172000    1.54131E-02  1.61987E-04  17.402700  10.315500
3  1860.000000   68.218000     1000.000000   116.905000    1160.000000   128.135000    1.52124E-02  1.59864E-04  17.539400  10.345600
3  1860.000000   68.218000     1040.000000   108.286000    1200.000000   123.583000    1.74166E-02  1.81948E-04  17.485800  9.815750
3  1860.000000   68.218000     120.000000    88.121000     440.000000    111.533000    8.00480E-03  9.33808E-05  -4.591350  12.648400
3  1860.000000   68.218000     160.000000    96.899000     480.000000    120.110000    8.50101E-03  9.76588E-05  -4.664120  12.649600
3  1860.000000   68.218000     200.000000    103.483000    520.000000    115.268000    8.45065E-03  9.73515E-05  -4.420450  12.628900
3  1860.000000   68.218000     240.000000    107.360000    560.000000    123.811000    9.30392E-03  1.08713E-04  -3.115500  12.629800
3  1942.000000   53.804000     1600.000000   137.193000    1640.000000   122.640000    2.93959E-02  3.05609E-04  24.731900  7.602350
3  1942.000000   53.804000     1640.000000   122.640000    1680.000000   100.508000    4.40390E-02  4.47740E-04  24.270700  4.219410
3  1942.000000   53.804000     1720.000000   92.752000     1760.000000   89.581000     6.84015E-02  6.90192E-04  14.466600  3.320880
3  1942.000000   53.804000     1760.000000   89.581000     1800.000000   73.849000     1.65355E-01  1.65871E-03  13.939700  1.845480
3  1942.000000   53.804000     1800.000000   73.849000     1840.000000   69.746000     2.73785E-01  2.74363E-03  13.598000  1.426560
3  1942.000000   53.804000     2080.000000   47.855000     2120.000000   51.358000     5.45297E-02  5.50685E-04  24.119300  3.513680
3  1942.000000   53.804000     2120.000000   51.358000     2160.000000   53.175000     2.99258E-02  3.10019E-04  23.654200  7.586660
3  1942.000000   53.804000     2240.000000   45.045000     2280.000000   42.192000     1.77390E-02  1.85170E-04  19.858200  9.731110
3  1942.000000   53.804000     2360.000000   52.469000     2400.000000   59.965000     8.80794E-03  1.00662E-04  17.380500  12.628500
3  1942.000000   53.804000     1240.000000   121.871000    1320.000000   143.045000    1.21054E-02  1.28884E-04  20.684300  10.913100
3  1942.000000   53.804000     1280.000000   129.599000    1360.000000   150.159000    1.23690E-02  1.31600E-04  14.573800  10.899500
3  1942.000000   53.804000     1320.000000   143.045000    1400.000000   160.896000    1.34911E-02  1.43497E-04  13.531000  10.900600
3  1942.000000   53.804000     1360.000000   150.159000    1440.000000   178.173000    1.58732E-02  1.66280E-04  14.006000  9.746330
3  1942.000000   53.804000     1400.000000   160.896000    1480.000000   197.065000    1.21522E-02  1.29069E-04  12.431000  10.897600
3  1942.000000   53.804000     1440.000000   178.173000    1520.000000   178.674000    1.01794E-02  1.10375E-04  12.235200  11.686400
3  1942.000000   53.804000     1480.000000   197.065000    1560.000000   156.964000    1.46209E-02  1.53768E-04  17.807200  10.262800
3  1942.000000   53.804000     1520.000000   178.674000    1600.000000   137.193000    2.46162E-02  2.55031E-04  16.236500  8.013240
3  1942.000000   53.804000     2280.000000   42.192000     2360.000000   52.469000     2.91950E-02  3.02449E-04  17.830700  7.586620
3  1942.000000   53.804000     2320.000000   45.283000     2400.000000   59.965000     1.87569E-02  1.94646E-04  17.538600  9.124710
3  1942.000000   53.804000     520.000000    115.268000    680.000000    99.357000     3.89303E-03  5.60425E-05  2.413700  15.035100
3  1942.000000   53.804000     560.000000    123.811000    720.000000    100.587000    4.11349E-03  5.92145E-05  3.771060  15.036200
3  1942.000000   53.804000     600.000000    124.839000    760.000000    98.622000     4.94173E-03  6.85601E-05  5.593000  14.194500
3  1942.000000   53.804000     640.000000    115.456000    800.000000    109.655000    6.08404E-03  8.15669E-05  6.917230  13.059800
3  1942.000000   53.804000     680.000000    99.357000     840.000000    115.365000    6.91386E-03  9.26983E-05  6.351860  13.061400
3  1942.000000   53.804000     720.000000    100.587000    880.000000    118.144000    7.59177E-03  1.01793E-04  7.039300  13.065900
3  1942.000000   53.804000     760.000000    98.622000     920.000000    132.008000    7.90780E-03  9.04708E-05  6.603020  12.638200
3  1942.000000   53.804000     800.000000    109.655000    960.000000    128.518000    7.63266E-03  1.02333E-04  10.199400  13.064700
3  1942.000000   53.804000     840.000000    115.365000    1000.000000   116.905000    7.79035E-03  8.91006E-05  12.559000  12.635700
3  1942.000000   53.804000     880.000000    118.144000    1040.000000   108.286000    7.28708E-03  9.76818E-05  15.177400  13.058800
3  1942.000000   53.804000     920.000000    132.008000    1080.000000   117.343000    8.47419E-03  9.69422E-05  17.907500  12.652100
3  1942.000000   53.804000     960.000000    128.518000    1120.000000   134.172000    9.04430E-03  1.03470E-04  16.525500  12.660100
3  1942.000000   53.804000     1000.000000   116.905000    1160.000000   128.135000    8.83154E-03  1.01023E-04  18.602700  12.635700
3  1942.000000   53.804000     1040.000000   108.286000    1200.000000   123.583000    1.00165E-02  1.08641E-04  19.593700  11.688500
3  1942.000000   53.804000     1080.000000   117.343000    1240.000000   121.871000    1.19918E-02  1.27345E-04  19.422100  10.947200
3  1942.000000   53.804000     1120.000000   134.172000    1280.000000   129.599000    1.50016E-02  1.57899E-04  22.022800  10.325200
3  1942.000000   53.804000     120.000000    88.121000     440.000000    111.533000    5.81738E-03  8.13712E-05  -19.425400  14.197800
3  1942.000000   53.804000     160.000000    96.899000     480.000000    120.110000    6.13108E-03  8.21712E-05  -14.383300  13.056600
3  1942.000000   53.804000     200.000000    103.483000    520.000000    115.268000    6.06255E-03  8.17104E-05  -11.106900  13.056800
3  1942.000000   53.804000     240.000000    107.360000    560.000000    123.811000    6.61684E-03  8.94511E-05  -8.477500  13.057500
3  1942.000000   53.804000     280.000000    105.248000    600.000000    124.839000    6.51123E-03  8.73136E-05  -5.355870  13.057000
3  1942.000000   53.804000     320.000000    113.072000    640.000000    115.456000    6.54113E-03  8.76426E-05  -2.644390  13.056600
3  2022.000000   51.207000     1680.000000   100.508000    1720.000000   92.752000     1.99709E-02  2.07244E-04  15.622700  9.263230
3  2022.000000   51.207000     1720.000000   92.752000     1760.000000   89.581000     1.73460E-02  1.81068E-04  13.746700  9.736950
3  2022.000000   51.207000     1760.000000   89.581000     1800.000000   73.849000     3.64044E-02  3.77623E-04  14.795000  6.993150
3  2022.000000   51.207000     1800.000000   73.849000     1840.000000   69.746000     5.09413E-02  5.14451E-04  15.012400  3.629620
3  2022.000000   51.207000     1840.000000   69.746000     1880.000000   67.320000     4.69355E-02  4.75935E-04  14.194500  4.238830
3  2022.000000   51.207000     2280.000000   42.192000     2320.000000   45.283000     2.23899E-02  2.31832E-04  20.778300  9.032700
3  2022.000000   51.207000     2360.000000   52.469000     2400.000000   59.965000     1.00450E-02  1.08828E-04  20.209700  11.682200
3  2022.000000   51.207000     1320.000000   143.045000    1400.000000   160.896000    7.82574E-03  8.94365E-05  2.998740  12.647900
3  2022.000000   51.207000     1360.000000   150.159000    1440.000000   178.173000    8.99999E-03  1.02856E-04  5.005030  12.654600
3  2022.000000   51.207000     1400.000000   160.896000    1480.000000   197.065000    6.67279E-03  8.94067E-05  5.369340  13.068500
3  2022.000000   51.207000     1440.000000   178.173000    1520.000000   178.674000    5.28442E-03  7.32828E-05  3.857020  14.196800
3  2022.000000   51.207000     1480.000000   197.065000    1560.000000   156.964000    7.17694E-03  9.61617E-05  7.361140  13.064700
3  2022.000000   51.207000     1520.000000   178.674000    1600.000000   137.193000    1.10131E-02  1.19316E-04  8.413600  11.696700
3  2022.000000   51.207000     1560.000000   156.964000    1640.000000   122.640000    1.84322E-02  1.92408E-04  10.955200  9.765920
3  2022.000000   51.207000     1600.000000   137.193000    1680.000000   100.508000    2.66848E-02  2.75718E-04  15.655200  8.265900
3  2022.000000   51.207000     600.000000    124.839000    760.000000    98.622000     3.95117E-03  5.68605E-05  -18.686300  15.034000
3  2022.000000   51.207000     640.000000    115.456000    800.000000    109.655000    4.82915E-03  6.69692E-05  -17.451500  14.194000
3  2022.000000   51.207000     680.000000    99.357000     840.000000    115.365000    5.41463E-03  7.50885E-05  -17.503100  14.194800
3  2022.000000   51.207000     720.000000    100.587000    880.000000    118.144000    5.88954E-03  8.16744E-05  -16.672200  14.198000
3  2022.000000   51.207000     760.000000    98.622000     920.000000    132.008000    6.06544E-03  8.41143E-05  -19.495300  14.193700
3  2022.000000   51.207000     800.000000    109.655000    960.000000    128.518000    5.81561E-03  8.06497E-05  -19.442300  14.215400
3  2022.000000   51.207000     840.000000    115.365000    1000.000000   116.905000    5.87471E-03  8.14687E-05  -17.009300  14.195100
3  2022.000000   51.207000     880.000000    118.144000    1040.000000   108.286000    5.44420E-03  7.54985E-05  -14.371100  14.192600
3  2022.000000   51.207000     920.000000    132.008000    1080.000000   117.343000    6.28972E-03  8.42741E-05  -7.274950  13.062800
3  2022.000000   51.207000     960.000000    128.518000    1120.000000   134.172000    6.62119E-03  8.87160E-05  -3.796480  13.070300
3  2022.000000   51.207000     1000.000000   116.905000    1160.000000   128.135000    6.40290E-03  8.57905E-05  -1.984180  13.061000
3  2022.000000   51.207000     1040.000000   108.286000    1200.000000   123.583000    7.20454E-03  9.65315E-05  0.180933  13.060000
3  2022.000000   51.207000     1080.000000   117.343000    1240.000000   121.871000    8.26623E-03  9.44731E-05  3.411570  12.815000
3  2022.000000   51.207000     1120.000000   134.172000    1280.000000   129.599000    9.98262E-03  1.08169E-04  7.962100  12.042700
3  2022.000000   51.207000     1160.000000   128.135000    1320.000000   143.045000    1.27386E-02  1.35048E-04  8.186270  11.228000
3  2022.000000   51.207000     1200.000000   123.583000    1360.000000   150.159000    1.41237E-02  1.48321E-04  7.053870  10.634300
3  2100.000000   47.716000     1760.000000   89.581000     1800.000000   73.849000     1.91271E-02  1.98493E-04  13.144600  9.217310
3  2100.000000   47.716000     1800.000000   73.849000     1840.000000   69.746000     2.43827E-02  2.52473E-04  14.008500  9.154530
3  2100.000000   47.716000     1840.000000   69.746000     1880.000000   67.320000     2.14595E-02  2.22202E-04  13.486600  9.100960
3  2100.000000   47.716000     2360.000000   52.469000     2400.000000   59.965000     1.40990E-02  1.48049E-04  20.824400  10.258600
3  2100.000000   47.716000     1400.000000   160.896000    1480.000000   197.065000    5.15174E-03  7.14433E-05  4.512390  14.225600
3  2100.000000   47.716000     1440.000000   178.173000    1520.000000   178.674000    4.02461E-03  5.79174E-05  2.398910  15.045600
3  2100.000000   47.716000     1480.000000   197.065000    1560.000000   156.964000    5.39284E-03  7.47868E-05  4.988880  14.212300
3  2100.000000   47.716000     1520.000000   178.674000    1600.000000   137.193000    8.03584E-03  9.18376E-05  6.637790  12.660700
3  2100.000000   47.716000     1560.000000   156.964000    1640.000000   122.640000    1.29666E-02  1.37456E-04  8.908690  10.969100
3  2100.000000   47.716000     1600.000000   137.193000    1680.000000   100.508000    1.78828E-02  1.86696E-04  14.492200  10.205900
3  2100.000000   47.716000     1640.000000   122.640000    1720.000000   92.752000     2.20792E-02  2.28652E-04  16.162400  9.681110
3  2100.000000   47.716000     1680.000000   100.508000    1760.000000   89.581000     2.20421E-02  2.28239E-04  13.720400  9.194380
3  2100.000000   47.716000     880.000000    118.144000    1040.000000   108.286000    4.70519E-03  6.52502E-05  -18.474700  14.193900
3  2100.000000   47.716000     920.000000    132.008000    1080.000000   117.343000    5.42322E-03  7.52087E-05  -10.959200  14.216700
3  2100.000000   47.716000     960.000000    128.518000    1120.000000   134.172000    5.68045E-03  7.87776E-05  -5.765300  14.252000
3  2100.000000   47.716000     1000.000000   116.905000    1160.000000   128.135000    5.47390E-03  7.59110E-05  -5.277500  14.202000
3  2100.000000   47.716000     1040.000000   108.286000    1200.000000   123.583000    6.13749E-03  8.22344E-05  -2.716570  13.065700
3  2100.000000   47.716000     1080.000000   117.343000    1240.000000   121.871000    6.92207E-03  9.27564E-05  3.408430  13.362000
3  2100.000000   47.716000     1120.000000   134.172000    1280.000000   129.599000    8.25168E-03  9.43175E-05  7.144020  12.902200
3  2100.000000   47.716000     1160.000000   128.135000    1320.000000   143.045000    1.03807E-02  1.12483E-04  7.395460  12.034700
3  2100.000000   47.716000     1200.000000   123.583000    1360.000000   150.159000    1.13605E-02  1.23098E-04  6.167230  12.065100
3  2100.000000   47.716000     1240.000000   121.871000    1400.000000   160.896000    1.21507E-02  1.28810E-04  5.017450  10.956700
3  2100.000000   47.716000     1280.000000   129.599000    1440.000000   178.173000    1.28786E-02  1.36525E-04  3.328630  10.939300
3  2180.000000   52.441000     2240.000000   45.045000     2280.000000   42.192000     3.28558E-01  3.29071E-03  17.051500  1.238350
3  2180.000000   52.441000     2280.000000   42.192000     2320.000000   45.283000     1.58478E-01  1.58990E-03  19.082000  1.977680
3  2180.000000   52.441000     2320.000000   45.283000     2360.000000   52.469000     6.57853E-02  6.63471E-04  19.901200  3.299650
3  2180.000000   52.441000     2360.000000   52.469000     2400.000000   59.965000     4.11259E-02  4.19077E-04  18.356300  4.776880
3  2180.000000   52.441000     1480.000000   197.065000    1560.000000   156.964000    4.20235E-03  6.04752E-05  -6.073500  15.061000
3  2180.000000   52.441000     1520.000000   178.674000    1600.000000   137.193000    6.08092E-03  8.14764E-05  -3.491510  13.092400
3  2180.000000   52.441000     1560.000000   156.964000    1640.000000   122.640000    9.49034E-03  1.08462E-04  -0.129664  12.719300
3  2180.000000   52.441000     1600.000000   137.193000    1680.000000   100.508000    1.26839E-02  1.34475E-04  6.028780  11.267300
3  2180.000000   52.441000     1640.000000   122.640000    1720.000000   92.752000     1.51164E-02  1.58784E-04  9.400290  11.277000
3  2180.000000   52.441000     1680.000000   100.508000    1760.000000   89.581000     1.41995E-02  1.49116E-04  7.593900  10.724500
3  2180.000000   52.441000     1720.000000   92.752000     1800.000000   73.849000     1.66211E-02  1.73506E-04  6.240140  9.792720
3  2180.000000   52.441000     1760.000000   89.581000     1840.000000   69.746000     2.18665E-02  2.26421E-04  7.606980  9.139480
3  2180.000000   52.441000     1040.000000   108.286000    1200.000000   123.583000    5.24178E-03  7.26920E-05  -19.731900  14.200100
3  2180.000000   52.441000     1080.000000   117.343000    1240.000000   121.871000    5.90437E-03  8.18889E-05  -8.481390  14.491600
3  2180.000000   52.441000     1120.000000   134.172000    1280.000000   129.599000    7.05975E-03  9.46063E-05  -3.833620  13.486800
3  2180.000000   52.441000     1160.000000   128.135000    1320.000000   143.045000    8.90288E-03  1.01767E-04  -2.677570  13.191900
3  2180.000000   52.441000     1200.000000   123.583000    1360.000000   150.159000    9.75932E-03  1.05759E-04  -2.908130  12.424600
3  2180.000000   52.441000     1240.000000   121.871000    1400.000000   160.896000    1.04433E-02  1.13153E-04  -5.298900  11.867300
3  2180.000000   52.441000     1280.000000   129.599000    1440.000000   178.173000    1.09483E-02  1.18614E-04  -7.386460  11.756200
3  2180.000000   52.441000     1320.000000   143.045000    1480.000000   197.065000    9.47814E-03  1.08321E-04  -5.897550  12.674300
3  2180.000000   52.441000     1360.000000   150.159000    1520.000000   178.674000    9.09954E-03  1.03995E-04  -5.329110  12.686100
3  2261.000000   43.126000     2120.000000   51.358000     2160.000000   53.175000     1.70038E-01  1.70540E-03  19.705100  2.738540
3  2261.000000   43.126000     2160.000000   53.175000     2200.000000   49.089000     2.86728E-01  4.91242E-03  14.453200  11.345500
3  2261.000000   43.126000     2360.000000   52.469000     2400.000000   59.965000     1.53460E-01  1.53954E-03  10.543200  1.977640
3  2261.000000   43.126000     1560.000000   156.964000    1640.000000   122.640000    7.82403E-03  8.94365E-05  -11.144000  12.746400
3  2261.000000   43.126000     1600.000000   137.193000    1680.000000   100.508000    1.03475E-02  1.12170E-04  -0.968963  12.807600
3  2261.000000   43.126000     1640.000000   122.640000    1720.000000   92.752000     1.21684E-02  1.29093E-04  3.309130  13.146900
3  2261.000000   43.126000     1680.000000   100.508000    1760.000000   89.581000     1.13499E-02  1.22998E-04  -0.859559  12.320500
3  2261.000000   43.126000     1720.000000   92.752000     1800.000000   73.849000     1.31918E-02  1.39885E-04  -2.283200  10.928700
3  2261.000000   43.126000     1760.000000   89.581000     1840.000000   69.746000     1.73059E-02  1.80701E-04  0.157329  9.813740
3  2261.000000   43.126000     1800.000000   73.849000     1880.000000   67.320000     1.60840E-02  1.67931E-04  2.608930  9.809440
3  2261.000000   43.126000     1840.000000   69.746000     1920.000000   57.532000     1.31379E-02  1.39292E-04  3.604890  10.933900
3  2340.000000   48.090000     2040.000000   51.134000     2080.000000   47.855000     8.37899E-03  9.58464E-05  17.312000  13.142300
3  2340.000000   48.090000     2080.000000   47.855000     2120.000000   51.358000     2.16692E-02  2.24870E-04  21.075700  11.260600
3  2340.000000   48.090000     2120.000000   51.358000     2160.000000   53.175000     4.13739E-02  4.22034E-04  21.733700  7.921950
3  2340.000000   48.090000     2160.000000   53.175000     2200.000000   49.089000     4.64466E-02  4.71034E-04  14.111300  4.479530
3  2340.000000   48.090000     2200.000000   49.089000     2240.000000   45.045000     1.28789E-01  1.29305E-03  8.089000  3.205070
3  2340.000000   48.090000     2240.000000   45.045000     2280.000000   42.192000     5.26583E-01  5.27189E-03  6.802320  1.323240
3  2340.000000   48.090000     1640.000000   122.640000    1720.000000   92.752000     8.20770E-03  9.43360E-05  3.989810  22.513200
3  2340.000000   48.090000     1680.000000   100.508000    1760.000000   89.581000     7.57390E-03  1.01516E-04  -6.175910  15.457800
3  2340.000000   48.090000     1720.000000   92.752000     1800.000000   73.849000     8.72461E-03  9.97144E-05  -10.514700  12.666700
3  2340.000000   48.090000     1760.000000   89.581000     1840.000000   69.746000     1.14737E-02  1.24318E-04  -7.360460  11.729600
3  2340.000000   48.090000     1800.000000   73.849000     1880.000000   67.320000     1.06901E-02  1.15830E-04  -3.576780  11.716200
3  2340.000000   48.090000     1840.000000   69.746000     1920.000000   57.532000     8.56167E-03  9.78556E-05  -1.909110  12.696800
3  2340.000000   48.090000     1880.000000   67.320000     1960.000000   54.922000     8.07488E-03  9.22846E-05  -9.375860  12.665000
3  2340.000000   48.090000     1520.000000   178.674000    1680.000000   100.508000    1.07385E-02  1.16623E-04  -13.075200  15.312600
3  2420.000000   60.932000     2080.000000   47.855000     2120.000000   51.358000     7.08501E-03  9.54060E-05  15.479900  17.062600
3  2420.000000   60.932000     2120.000000   51.358000     2160.000000   53.175000     1.03821E-02  1.13739E-04  31.016700  22.741100
3  2420.000000   60.932000     2160.000000   53.175000     2200.000000   49.089000     1.04786E-02  1.13570E-04  15.993500  12.762900
3  2420.000000   60.932000     2200.000000   49.089000     2240.000000   45.045000     2.48129E-02  2.56501E-04  15.601900  15.059300
3  2420.000000   60.932000     2240.000000   45.045000     2280.000000   42.192000     6.77080E-02  6.83309E-04  11.101700  4.625020
3  2420.000000   60.932000     2280.000000   42.192000     2320.000000   45.283000     1.27673E-01  1.28193E-03  5.686630  3.471090
3  2420.000000   60.932000     2320.000000   45.283000     2360.000000   52.469000     2.49652E-01  2.50239E-03  7.662340  2.253770
3  2420.000000   60.932000     1800.000000   73.849000     1880.000000   67.320000     7.02377E-03  9.41698E-05  -17.621200  13.149400
3  2420.000000   60.932000     1840.000000   69.746000     1920.000000   57.532000     5.49183E-03  7.62969E-05  -13.432600  14.260800
3  2420.000000   60.932000     2000.000000   51.429000     2080.000000   47.855000     4.91873E-03  6.88037E-05  13.155500  18.057900
3  2577.000000   79.724000     2240.000000   45.045000     2280.000000   42.192000     1.34157E-02  1.43508E-04  25.081800  28.347300
3  2577.000000   79.724000     2280.000000   42.192000     2320.000000   45.283000     1.91136E-02  1.98585E-04  15.920800  21.557000
3  2577.000000   79.724000     2320.000000   45.283000     2360.000000   52.469000     2.26308E-02  2.34521E-04  5.702620  9.165610
3  2577.000000   79.724000     2360.000000   52.469000     2400.000000   59.965000     2.31593E-02  2.39877E-04  4.720730  9.066690
3  2577.000000   79.724000     2000.000000   51.429000     2080.000000   47.855000     2.52012E-03  4.04777E-05  6.210460  24.477100
3  2577.000000   79.724000     2040.000000   51.134000     2120.000000   51.358000     3.91129E-03  5.85720E-05  9.843050  26.546800
3  2577.000000   79.724000     2080.000000   47.855000     2160.000000   53.175000     5.37270E-03  7.72234E-05  17.068500  23.808800
3  2577.000000   79.724000     2120.000000   51.358000     2200.000000   49.089000     5.64079E-03  7.97038E-05  26.964700  26.842400
3  2577.000000   79.724000     2160.000000   53.175000     2240.000000   45.045000     8.73268E-03  1.01149E-04  20.438600  25.290100
3  2783.000000   75.334000     2080.000000   47.855000     2160.000000   53.175000     3.14867E-03  4.70185E-05  7.960810  23.244500
3  2783.000000   75.334000     2120.000000   51.358000     2200.000000   49.089000     3.16797E-03  4.68999E-05  30.247400  33.034900
3  2783.000000   75.334000     2160.000000   53.175000     2240.000000   45.045000     4.82271E-03  6.80581E-05  28.056000  36.042200
3  2783.000000   75.334000     2200.000000   49.089000     2280.000000   42.192000     1.00652E-02  1.12320E-04  21.883500  27.710700
3  2783.000000   75.334000     2240.000000   45.045000     2320.000000   45.283000     1.54767E-02  1.64028E-04  16.671400  21.978200
3  2783.000000   75.334000     2280.000000   42.192000     2360.000000   52.469000     1.87184E-02  1.94555E-04  19.410400  20.368900
3  2900.000000   119.420000    2200.000000   49.089000     2280.000000   42.192000     8.54588E-03  1.01428E-04  26.018200  34.095600
3  2900.000000   119.420000    2240.000000   45.045000     2320.000000   45.283000     1.32466E-02  1.42724E-04  22.204100  27.994700
3  2900.000000   119.420000    2040.000000   51.134000     2200.000000   49.089000     5.03293E-03  7.14792E-05  -12.030700  14.306800
3  2900.000000   119.420000    2080.000000   47.855000     2240.000000   45.045000     6.84033E-03  9.38179E-05  9.313900  22.595600
3  3030.000000   136.839000    2040.000000   51.134000     2200.000000   49.089000     4.31672E-03  6.22061E-05  -10.588000  15.921800
3  3030.000000   136.839000    2080.000000   47.855000     2240.000000   45.045000     5.78473E-03  8.08630E-05  18.097800  30.651700
3  3030.000000   136.839000    2120.000000   51.358000     2280.000000   42.192000     9.42306E-03  1.18374E-04  37.072500  41.731000
