L24 SSIP denoised F1 0.15625 Hz
10.000000
11
0
Type of measurement (0=app. resistivity,1=resistance)
1
2349                
1
1
Phase Angle
mrad
0,0.15625
Error estimate for data present
Type of error estimate (0=same unit as data)
0
3  -20.000000    100.546000    160.000000    96.899000     200.000000    103.483000    1.58102E-02  1.66018E-04  4.142260  10.258600
3  -20.000000    100.546000    200.000000    103.483000    240.000000    107.360000    8.66487E-03  9.90265E-05  3.535200  12.628500
3  -20.000000    100.546000    240.000000    107.360000    280.000000    105.248000    1.31751E-02  1.39667E-04  5.254920  10.889400
3  -20.000000    100.546000    280.000000    105.248000    320.000000    113.072000    8.85017E-03  1.01144E-04  5.708020  12.628500
3  -20.000000    100.546000    2360.000000   52.469000     2400.000000   59.965000     1.97169E-04  4.26544E-06  26.517500  24.000700
3  -20.000000    100.546000    320.000000    113.072000    400.000000    115.247000    1.14220E-02  1.23746E-04  6.745630  11.682200
3  -20.000000    100.546000    360.000000    115.089000    440.000000    111.533000    1.03661E-02  1.12306E-04  7.601830  11.682200
3  -20.000000    100.546000    400.000000    115.247000    480.000000    120.110000    1.10127E-02  1.19312E-04  8.143490  11.682200
3  -20.000000    100.546000    440.000000    111.533000    520.000000    115.268000    7.76800E-03  8.87766E-05  8.501820  12.628500
3  -20.000000    100.546000    480.000000    120.110000    560.000000    123.811000    5.57129E-03  7.72615E-05  7.691630  14.192500
3  -20.000000    100.546000    520.000000    115.268000    600.000000    124.839000    5.59617E-03  7.76066E-05  8.367110  14.192500
3  -20.000000    100.546000    560.000000    123.811000    640.000000    115.456000    4.03572E-03  5.80772E-05  9.817560  15.033100
3  -20.000000    100.546000    600.000000    124.839000    680.000000    99.357000     4.34404E-03  6.25142E-05  10.984600  15.033000
3  -20.000000    100.546000    2280.000000   42.192000     2360.000000   52.469000     6.02539E-04  1.30350E-05  27.940700  24.000700
3  -20.000000    100.546000    2320.000000   45.283000     2400.000000   59.965000     4.12607E-04  8.92609E-06  26.001900  24.000700
3  -20.000000    100.546000    640.000000    115.456000    800.000000    109.655000    9.81050E-03  1.06287E-04  13.250100  11.682200
3  -20.000000    100.546000    680.000000    99.357000     840.000000    115.365000    9.59550E-03  1.03958E-04  13.738400  11.682200
3  -20.000000    100.546000    720.000000    100.587000    880.000000    118.144000    9.37459E-03  1.07138E-04  14.238400  12.628500
3  -20.000000    100.546000    760.000000    98.622000     920.000000    132.008000    8.45752E-03  9.66568E-05  13.785800  12.628500
3  -20.000000    100.546000    800.000000    109.655000    960.000000    128.518000    7.21707E-03  9.66994E-05  16.029700  13.056400
3  -20.000000    100.546000    840.000000    115.365000    1000.000000   116.905000    6.54867E-03  8.77437E-05  16.030300  13.056400
3  -20.000000    100.546000    880.000000    118.144000    1040.000000   108.286000    5.51579E-03  7.64913E-05  18.203200  14.192400
3  -20.000000    100.546000    920.000000    132.008000    1080.000000   117.343000    5.51121E-03  7.64278E-05  20.444400  14.192400
3  -20.000000    100.546000    960.000000    128.518000    1120.000000   134.172000    5.18673E-03  7.19280E-05  19.185600  14.192400
3  -20.000000    100.546000    1000.000000   116.905000    1160.000000   128.135000    4.37182E-03  6.06271E-05  21.949400  14.192400
3  -20.000000    100.546000    1040.000000   108.286000    1200.000000   123.583000    4.44569E-03  6.16515E-05  21.461200  14.192400
3  -20.000000    100.546000    1080.000000   117.343000    1240.000000   121.871000    4.27975E-03  6.15890E-05  21.569000  15.033000
3  -20.000000    100.546000    1120.000000   134.172000    1280.000000   129.599000    4.55101E-03  6.31120E-05  24.276800  14.192400
3  -20.000000    100.546000    1160.000000   128.135000    1320.000000   143.045000    5.12097E-03  7.10161E-05  25.440100  14.192400
3  -20.000000    100.546000    1200.000000   123.583000    1360.000000   150.159000    5.07492E-03  7.03775E-05  25.244400  14.192400
3  -20.000000    100.546000    1240.000000   121.871000    1400.000000   160.896000    4.78517E-03  6.63593E-05  25.619600  14.192400
3  -20.000000    100.546000    2120.000000   51.358000     2280.000000   42.192000     9.32528E-04  2.01738E-05  30.401600  24.000700
3  -20.000000    100.546000    2160.000000   53.175000     2320.000000   45.283000     1.09192E-03  2.36219E-05  28.861200  24.000700
3  -20.000000    100.546000    2200.000000   49.089000     2360.000000   52.469000     1.14391E-03  2.47467E-05  28.534800  24.000700
3  -20.000000    100.546000    2240.000000   45.045000     2400.000000   59.965000     1.13602E-03  2.45760E-05  28.455300  24.000700
3  -20.000000    100.546000    1280.000000   129.599000    1600.000000   137.193000    7.20425E-03  9.65276E-05  20.766700  13.056400
3  -20.000000    100.546000    1320.000000   143.045000    1640.000000   122.640000    7.23659E-03  9.69609E-05  19.074900  13.056400
3  -20.000000    100.546000    1360.000000   150.159000    1680.000000   100.508000    7.82505E-03  8.94286E-05  18.512100  12.628500
3  -20.000000    100.546000    1400.000000   160.896000    1720.000000   92.752000     8.18576E-03  9.35510E-05  18.485600  12.628500
3  -20.000000    100.546000    1440.000000   178.173000    1760.000000   89.581000     8.19116E-03  9.36127E-05  17.868800  12.628500
3  -20.000000    100.546000    1480.000000   197.065000    1800.000000   73.849000     9.34770E-03  1.06830E-04  17.451100  12.628500
3  -20.000000    100.546000    1520.000000   178.674000    1840.000000   69.746000     1.03263E-02  1.11875E-04  17.024800  11.682200
3  -20.000000    100.546000    1560.000000   156.964000    1880.000000   67.320000     1.07889E-02  1.16887E-04  16.420100  11.682200
3  -20.000000    100.546000    1600.000000   137.193000    1920.000000   57.532000     1.06273E-02  1.15136E-04  16.542200  11.682200
3  -20.000000    100.546000    1640.000000   122.640000    1960.000000   54.922000     1.00302E-02  1.08667E-04  17.211100  11.682200
3  -20.000000    100.546000    1680.000000   100.508000    2000.000000   51.429000     8.87044E-03  1.01376E-04  17.368900  12.628500
3  -20.000000    100.546000    1720.000000   92.752000     2040.000000   51.134000     7.62272E-03  1.02135E-04  16.847800  13.056400
3  -20.000000    100.546000    1760.000000   89.581000     2080.000000   47.855000     6.89014E-03  9.23189E-05  17.610000  13.056400
3  -20.000000    100.546000    1800.000000   73.849000     2120.000000   51.358000     5.53460E-03  7.67522E-05  19.291700  14.192400
3  -20.000000    100.546000    1840.000000   69.746000     2160.000000   53.175000     4.23260E-03  6.09105E-05  21.741600  15.033000
3  -20.000000    100.546000    1880.000000   67.320000     2200.000000   49.089000     3.25098E-03  4.67842E-05  24.597800  15.033000
3  -20.000000    100.546000    1920.000000   57.532000     2240.000000   45.045000     2.63941E-03  4.12970E-05  27.997000  17.471400
3  -20.000000    100.546000    1960.000000   54.922000     2280.000000   42.192000     2.16362E-03  3.38526E-05  28.844100  17.471400
3  -20.000000    100.546000    2000.000000   51.429000     2320.000000   45.283000     2.20068E-03  3.44325E-05  29.729300  17.471400
3  -20.000000    100.546000    2040.000000   51.134000     2360.000000   52.469000     2.09886E-03  3.28394E-05  30.791500  17.471400
3  -20.000000    100.546000    2080.000000   47.855000     2400.000000   59.965000     2.00277E-03  3.13359E-05  30.540800  17.471400
3  -320.000000   93.637000     2360.000000   52.469000     2400.000000   59.965000     1.42057E-04  3.07318E-06  35.768500  24.000700
3  -320.000000   93.637000     320.000000    113.072000    400.000000    115.247000    1.55945E-03  2.44084E-05  12.299900  17.476500
3  -320.000000   93.637000     2280.000000   42.192000     2360.000000   52.469000     4.30783E-04  9.31930E-06  36.210300  24.000700
3  -320.000000   93.637000     2320.000000   45.283000     2400.000000   59.965000     2.95802E-04  6.39920E-06  38.250400  24.000700
3  -320.000000   93.637000     360.000000    115.089000    520.000000    115.268000    3.25252E-03  4.68073E-05  15.768800  15.033400
3  -320.000000   93.637000     400.000000    115.247000    560.000000    123.811000    3.30936E-03  4.76270E-05  16.966900  15.033800
3  -320.000000   93.637000     440.000000    111.533000    600.000000    124.839000    2.96379E-03  4.26528E-05  17.758100  15.033600
3  -320.000000   93.637000     480.000000    120.110000    640.000000    115.456000    2.44226E-03  3.82131E-05  16.078600  17.471800
3  -320.000000   93.637000     520.000000    115.268000    680.000000    99.357000     2.76830E-03  4.33189E-05  17.679700  17.473200
3  -320.000000   93.637000     560.000000    123.811000    720.000000    100.587000    2.69009E-03  4.20926E-05  17.503800  17.472400
3  -320.000000   93.637000     600.000000    124.839000    760.000000    98.622000     3.02361E-03  4.35176E-05  18.460800  15.034700
3  -320.000000   93.637000     640.000000    115.456000    800.000000    109.655000    3.45373E-03  4.97120E-05  19.469500  15.035900
3  -320.000000   93.637000     680.000000    99.357000     840.000000    115.365000    3.55565E-03  5.11701E-05  19.908700  15.033500
3  -320.000000   93.637000     720.000000    100.587000    880.000000    118.144000    3.61326E-03  5.19991E-05  19.986000  15.033500
3  -320.000000   93.637000     760.000000    98.622000     920.000000    132.008000    3.39354E-03  4.88368E-05  19.428500  15.033300
3  -320.000000   93.637000     800.000000    109.655000    960.000000    128.518000    2.99870E-03  4.31543E-05  21.362800  15.033200
3  -320.000000   93.637000     840.000000    115.365000    1000.000000   116.905000    2.81214E-03  4.39999E-05  20.826600  17.471600
3  -320.000000   93.637000     880.000000    118.144000    1040.000000   108.286000    2.43184E-03  3.80493E-05  23.664300  17.471500
3  -320.000000   93.637000     920.000000    132.008000    1080.000000   117.343000    2.53439E-03  3.96541E-05  25.648900  17.471500
3  -320.000000   93.637000     960.000000    128.518000    1120.000000   134.172000    2.46004E-03  3.84905E-05  24.851400  17.471500
3  -320.000000   93.637000     2120.000000   51.358000     2280.000000   42.192000     6.75350E-04  1.46103E-05  38.447500  24.001100
3  -320.000000   93.637000     2160.000000   53.175000     2320.000000   45.283000     7.86051E-04  1.70050E-05  36.590800  24.000800
3  -320.000000   93.637000     2200.000000   49.089000     2360.000000   52.469000     8.19828E-04  1.77362E-05  36.960800  24.001400
3  -320.000000   93.637000     2240.000000   45.045000     2400.000000   59.965000     8.13515E-04  1.76008E-05  37.025200  24.002700
3  -320.000000   93.637000     1000.000000   116.905000    1320.000000   143.045000    4.99770E-03  6.93071E-05  28.394800  14.192400
3  -320.000000   93.637000     1040.000000   108.286000    1360.000000   150.159000    5.12654E-03  7.10938E-05  27.697900  14.192400
3  -320.000000   93.637000     1080.000000   117.343000    1400.000000   160.896000    5.02960E-03  6.97495E-05  27.757300  14.192400
3  -320.000000   93.637000     1120.000000   134.172000    1440.000000   178.173000    5.13807E-03  7.12537E-05  27.413200  14.192400
3  -320.000000   93.637000     1160.000000   128.135000    1480.000000   197.065000    5.00979E-03  6.94748E-05  27.230200  14.192400
3  -320.000000   93.637000     1200.000000   123.583000    1520.000000   178.674000    4.84427E-03  6.71794E-05  26.864500  14.192400
3  -320.000000   93.637000     1240.000000   121.871000    1560.000000   156.964000    4.45967E-03  6.18454E-05  27.390300  14.192400
3  -320.000000   93.637000     1280.000000   129.599000    1600.000000   137.193000    4.36990E-03  6.28864E-05  24.054000  15.033000
3  -320.000000   93.637000     1320.000000   143.045000    1640.000000   122.640000    4.49596E-03  6.23486E-05  22.285800  14.192400
3  -320.000000   93.637000     1360.000000   150.159000    1680.000000   100.508000    4.94710E-03  6.86054E-05  21.617800  14.192400
3  -320.000000   93.637000     1400.000000   160.896000    1720.000000   92.752000     5.27152E-03  7.31044E-05  21.443200  14.192400
3  -320.000000   93.637000     1440.000000   178.173000    1760.000000   89.581000     5.33848E-03  7.40324E-05  20.863600  14.192400
3  -320.000000   93.637000     1480.000000   197.065000    1800.000000   73.849000     6.14548E-03  8.23414E-05  20.505200  13.056400
3  -320.000000   93.637000     1520.000000   178.674000    1840.000000   69.746000     6.84401E-03  9.17008E-05  19.981900  13.056400
3  -320.000000   93.637000     1560.000000   156.964000    1880.000000   67.320000     7.19549E-03  9.64102E-05  19.212400  13.056400
3  -320.000000   93.637000     1600.000000   137.193000    1920.000000   57.532000     7.12876E-03  9.55161E-05  19.447500  13.056400
3  -320.000000   93.637000     1640.000000   122.640000    1960.000000   54.922000     6.77131E-03  9.07308E-05  20.193600  13.057000
3  -320.000000   93.637000     1680.000000   100.508000    2000.000000   51.429000     6.02034E-03  8.06707E-05  20.591700  13.057400
3  -320.000000   93.637000     1720.000000   92.752000     2040.000000   51.134000     5.20156E-03  7.21550E-05  20.150300  14.196400
3  -320.000000   93.637000     1760.000000   89.581000     2080.000000   47.855000     4.72311E-03  6.55332E-05  21.042100  14.199500
3  -320.000000   93.637000     1800.000000   73.849000     2120.000000   51.358000     3.81889E-03  5.49569E-05  23.003900  15.033100
3  -320.000000   93.637000     1840.000000   69.746000     2160.000000   53.175000     2.94044E-03  4.23165E-05  25.927500  15.033400
3  -320.000000   93.637000     1880.000000   67.320000     2200.000000   49.089000     2.27492E-03  3.55941E-05  29.704200  17.471400
3  -320.000000   93.637000     1920.000000   57.532000     2240.000000   45.045000     1.86044E-03  2.91099E-05  34.027100  17.471900
3  -320.000000   93.637000     1960.000000   54.922000     2280.000000   42.192000     1.54116E-03  2.41136E-05  36.092900  17.471500
3  -320.000000   93.637000     2000.000000   51.429000     2320.000000   45.283000     1.57632E-03  2.46644E-05  36.619900  17.471900
3  -320.000000   93.637000     2040.000000   51.134000     2360.000000   52.469000     1.50730E-03  3.26080E-05  38.870700  24.000700
3  -320.000000   93.637000     2080.000000   47.855000     2400.000000   59.965000     1.44122E-03  3.11786E-05  38.745000  24.000800
3  -480.000000   80.619000     2360.000000   52.469000     2400.000000   59.965000     1.42889E-04  3.09117E-06  28.397400  24.000700
3  -480.000000   80.619000     200.000000    103.483000    280.000000    105.248000    9.32825E-04  2.01860E-05  9.171270  24.006400
3  -480.000000   80.619000     2280.000000   42.192000     2360.000000   52.469000     4.31944E-04  9.34442E-06  32.914200  24.000700
3  -480.000000   80.619000     2320.000000   45.283000     2400.000000   59.965000     2.98446E-04  6.45640E-06  28.538900  24.000700
3  -480.000000   80.619000     360.000000    115.089000    520.000000    115.268000    2.38995E-03  3.75277E-05  15.552700  17.521600
3  -480.000000   80.619000     400.000000    115.247000    560.000000    123.811000    2.52125E-03  3.95544E-05  16.032600  17.509200
3  -480.000000   80.619000     440.000000    111.533000    600.000000    124.839000    2.32659E-03  3.65035E-05  16.197500  17.510400
3  -480.000000   80.619000     480.000000    120.110000    640.000000    115.456000    1.98117E-03  3.10917E-05  15.119600  17.513800
3  -480.000000   80.619000     520.000000    115.268000    680.000000    99.357000     2.29155E-03  3.59107E-05  16.510400  17.493500
3  -480.000000   80.619000     560.000000    123.811000    720.000000    100.587000    2.27287E-03  3.55677E-05  17.090100  17.473700
3  -480.000000   80.619000     600.000000    124.839000    760.000000    98.622000     2.59219E-03  4.05582E-05  17.897500  17.471500
3  -480.000000   80.619000     640.000000    115.456000    800.000000    109.655000    2.99753E-03  4.31369E-05  18.697500  15.033000
3  -480.000000   80.619000     680.000000    99.357000     840.000000    115.365000    3.12350E-03  4.49497E-05  18.948600  15.033000
3  -480.000000   80.619000     720.000000    100.587000    880.000000    118.144000    3.20059E-03  4.60591E-05  19.003700  15.033000
3  -480.000000   80.619000     760.000000    98.622000     920.000000    132.008000    3.03527E-03  4.36800E-05  18.332500  15.033000
3  -480.000000   80.619000     800.000000    109.655000    960.000000    128.518000    2.70406E-03  4.23085E-05  20.135600  17.471400
3  -480.000000   80.619000     2120.000000   51.358000     2280.000000   42.192000     6.83867E-04  1.47944E-05  25.290200  24.000800
3  -480.000000   80.619000     2160.000000   53.175000     2320.000000   45.283000     7.86800E-04  1.70212E-05  33.497100  24.000700
3  -480.000000   80.619000     2200.000000   49.089000     2360.000000   52.469000     8.21218E-04  1.77657E-05  33.043100  24.000700
3  -480.000000   80.619000     2240.000000   45.045000     2400.000000   59.965000     8.15836E-04  1.76493E-05  32.102600  24.000700
3  -480.000000   80.619000     840.000000    115.365000    1160.000000   128.135000    4.56861E-03  6.33561E-05  22.246000  14.192400
3  -480.000000   80.619000     880.000000    118.144000    1200.000000   123.583000    4.34141E-03  6.24764E-05  23.372200  15.033000
3  -480.000000   80.619000     920.000000    132.008000    1240.000000   121.871000    4.47671E-03  6.20817E-05  24.044200  14.192400
3  -480.000000   80.619000     960.000000    128.518000    1280.000000   129.599000    4.63279E-03  6.42461E-05  24.984500  14.192400
3  -480.000000   80.619000     1000.000000   116.905000    1320.000000   143.045000    4.73470E-03  6.56594E-05  26.521900  14.192400
3  -480.000000   80.619000     1040.000000   108.286000    1360.000000   150.159000    4.87754E-03  6.76403E-05  25.753600  14.192400
3  -480.000000   80.619000     1080.000000   117.343000    1400.000000   160.896000    4.81332E-03  6.67497E-05  25.520900  14.192400
3  -480.000000   80.619000     1120.000000   134.172000    1440.000000   178.173000    4.93600E-03  6.84510E-05  25.076500  14.192400
3  -480.000000   80.619000     1160.000000   128.135000    1480.000000   197.065000    4.82336E-03  6.68889E-05  24.800000  14.192400
3  -480.000000   80.619000     1200.000000   123.583000    1520.000000   178.674000    4.67681E-03  6.48566E-05  24.337600  14.192400
3  -480.000000   80.619000     1240.000000   121.871000    1560.000000   156.964000    4.32112E-03  6.21844E-05  24.652600  15.033000
3  -480.000000   80.619000     1280.000000   129.599000    1600.000000   137.193000    4.24846E-03  6.11387E-05  21.484800  15.033000
3  -480.000000   80.619000     1320.000000   143.045000    1640.000000   122.640000    4.38821E-03  6.08544E-05  19.753500  14.192400
3  -480.000000   80.619000     1360.000000   150.159000    1680.000000   100.508000    4.84256E-03  6.71552E-05  19.138900  14.192400
3  -480.000000   80.619000     1400.000000   160.896000    1720.000000   92.752000     5.17446E-03  7.17579E-05  19.075200  14.192400
3  -480.000000   80.619000     1440.000000   178.173000    1760.000000   89.581000     5.25075E-03  7.28158E-05  18.449800  14.192400
3  -480.000000   80.619000     1480.000000   197.065000    1800.000000   73.849000     6.05374E-03  8.11122E-05  18.143700  13.056400
3  -480.000000   80.619000     1520.000000   178.674000    1840.000000   69.746000     6.75056E-03  9.04487E-05  17.738500  13.056400
3  -480.000000   80.619000     1560.000000   156.964000    1880.000000   67.320000     7.10427E-03  9.51880E-05  17.062300  13.056400
3  -480.000000   80.619000     1600.000000   137.193000    1920.000000   57.532000     7.04587E-03  9.44055E-05  17.251600  13.056400
3  -480.000000   80.619000     1640.000000   122.640000    1960.000000   54.922000     6.69958E-03  8.97657E-05  17.430800  13.056400
3  -480.000000   80.619000     1680.000000   100.508000    2000.000000   51.429000     5.96206E-03  8.26807E-05  17.702100  14.192400
3  -480.000000   80.619000     1720.000000   92.752000     2040.000000   51.134000     5.15758E-03  7.15243E-05  17.018700  14.192400
3  -480.000000   80.619000     1760.000000   89.581000     2080.000000   47.855000     4.68660E-03  6.49928E-05  17.887100  14.192500
3  -480.000000   80.619000     1800.000000   73.849000     2120.000000   51.358000     3.79399E-03  5.45982E-05  19.602100  15.033000
3  -480.000000   80.619000     1840.000000   69.746000     2160.000000   53.175000     2.93222E-03  4.21973E-05  20.040300  15.033100
3  -480.000000   80.619000     1880.000000   67.320000     2200.000000   49.089000     2.27395E-03  3.55789E-05  22.300500  17.471500
3  -480.000000   80.619000     1920.000000   57.532000     2240.000000   45.045000     1.86339E-03  2.91552E-05  25.419700  17.471400
3  -480.000000   80.619000     1960.000000   54.922000     2280.000000   42.192000     1.54837E-03  2.42263E-05  28.089300  17.471400
3  -480.000000   80.619000     2000.000000   51.429000     2320.000000   45.283000     1.58422E-03  2.47872E-05  29.591400  17.471400
3  -480.000000   80.619000     2040.000000   51.134000     2360.000000   52.469000     1.51689E-03  3.28155E-05  31.191700  24.000700
3  -480.000000   80.619000     2080.000000   47.855000     2400.000000   59.965000     1.45172E-03  3.14056E-05  30.438800  24.000700
3  -640.000000   84.765000     280.000000    105.248000    320.000000    113.072000    3.42817E-04  7.41630E-06  0.778626  24.000700
3  -640.000000   84.765000     2360.000000   52.469000     2400.000000   59.965000     1.31847E-04  2.85230E-06  21.837600  24.000700
3  -640.000000   84.765000     240.000000    107.360000    320.000000    113.072000    7.28974E-04  1.57702E-05  -2.828620  24.000700
3  -640.000000   84.765000     2280.000000   42.192000     2360.000000   52.469000     3.97263E-04  8.59419E-06  26.941500  24.000900
3  -640.000000   84.765000     2320.000000   45.283000     2400.000000   59.965000     2.74768E-04  5.94417E-06  24.589700  24.000800
3  -640.000000   84.765000     440.000000    111.533000    600.000000    124.839000    1.82010E-03  2.84809E-05  11.517200  17.473000
3  -640.000000   84.765000     480.000000    120.110000    640.000000    115.456000    1.58180E-03  2.47531E-05  10.140000  17.473600
3  -640.000000   84.765000     520.000000    115.268000    680.000000    99.357000     1.85228E-03  2.89845E-05  12.892000  17.473000
3  -640.000000   84.765000     560.000000    123.811000    720.000000    100.587000    1.86378E-03  2.91613E-05  13.802800  17.471400
3  -640.000000   84.765000     600.000000    124.839000    760.000000    98.622000     2.14673E-03  3.35888E-05  14.722200  17.471600
3  -640.000000   84.765000     640.000000    115.456000    800.000000    109.655000    2.49658E-03  3.90697E-05  15.748800  17.474100
3  -640.000000   84.765000     2120.000000   51.358000     2280.000000   42.192000     6.37343E-04  1.37890E-05  9.661430  24.002300
3  -640.000000   84.765000     2160.000000   53.175000     2320.000000   45.283000     7.26003E-04  1.57071E-05  25.382800  24.002200
3  -640.000000   84.765000     2200.000000   49.089000     2360.000000   52.469000     7.56331E-04  1.63624E-05  25.599000  24.001200
3  -640.000000   84.765000     2240.000000   45.045000     2400.000000   59.965000     7.50094E-04  1.62271E-05  25.681000  24.000700
3  -640.000000   84.765000     680.000000    99.357000     1000.000000   116.905000    4.78190E-03  6.63202E-05  15.671100  14.193600
3  -640.000000   84.765000     720.000000    100.587000    1040.000000   108.286000    4.58363E-03  6.35704E-05  16.602700  14.193600
3  -640.000000   84.765000     760.000000    98.622000     1080.000000   117.343000    4.57591E-03  6.34619E-05  17.275800  14.193300
3  -640.000000   84.765000     800.000000    109.655000    1120.000000   134.172000    4.27351E-03  6.15022E-05  18.032600  15.033800
3  -640.000000   84.765000     840.000000    115.365000    1160.000000   128.135000    3.94152E-03  5.67240E-05  18.631900  15.033700
3  -640.000000   84.765000     880.000000    118.144000    1200.000000   123.583000    3.77177E-03  5.42811E-05  19.840700  15.033600
3  -640.000000   84.765000     920.000000    132.008000    1240.000000   121.871000    3.92345E-03  5.64635E-05  20.642700  15.033600
3  -640.000000   84.765000     960.000000    128.518000    1280.000000   129.599000    4.08616E-03  5.88052E-05  21.573600  15.033500
3  -640.000000   84.765000     1000.000000   116.905000    1320.000000   143.045000    4.20567E-03  6.05246E-05  23.061800  15.033500
3  -640.000000   84.765000     1040.000000   108.286000    1360.000000   150.159000    4.34881E-03  6.25846E-05  22.188200  15.033500
3  -640.000000   84.765000     1080.000000   117.343000    1400.000000   160.896000    4.30521E-03  6.19571E-05  21.607000  15.033400
3  -640.000000   84.765000     1120.000000   134.172000    1440.000000   178.173000    4.42856E-03  6.14153E-05  21.104800  14.192700
3  -640.000000   84.765000     1160.000000   128.135000    1480.000000   197.065000    4.33638E-03  6.24048E-05  20.759700  15.033300
3  -640.000000   84.765000     1200.000000   123.583000    1520.000000   178.674000    4.21490E-03  6.06566E-05  20.262000  15.033200
3  -640.000000   84.765000     1240.000000   121.871000    1560.000000   156.964000    3.90765E-03  5.62346E-05  20.457300  15.033200
3  -640.000000   84.765000     1280.000000   129.599000    1600.000000   137.193000    3.85950E-03  5.55417E-05  17.522300  15.033100
3  -640.000000   84.765000     1320.000000   143.045000    1640.000000   122.640000    4.00908E-03  5.76943E-05  16.006000  15.033200
3  -640.000000   84.765000     1360.000000   150.159000    1680.000000   100.508000    4.44280E-03  6.16119E-05  15.540000  14.192500
3  -640.000000   84.765000     1400.000000   160.896000    1720.000000   92.752000     4.76600E-03  6.60939E-05  15.681800  14.192500
3  -640.000000   84.765000     1440.000000   178.173000    1760.000000   89.581000     4.84743E-03  6.72232E-05  15.123300  14.192500
3  -640.000000   84.765000     1480.000000   197.065000    1800.000000   73.849000     5.59653E-03  7.76116E-05  14.902700  14.192500
3  -640.000000   84.765000     1520.000000   178.674000    1840.000000   69.746000     6.24974E-03  8.37390E-05  14.657300  13.056500
3  -640.000000   84.765000     1560.000000   156.964000    1880.000000   67.320000     6.58423E-03  8.82201E-05  14.232800  13.056400
3  -640.000000   84.765000     1600.000000   137.193000    1920.000000   57.532000     6.53581E-03  8.75714E-05  14.439000  13.056400
3  -640.000000   84.765000     1640.000000   122.640000    1960.000000   54.922000     6.22413E-03  8.34195E-05  14.476500  13.060400
3  -640.000000   84.765000     1680.000000   100.508000    2000.000000   51.429000     5.54012E-03  7.68548E-05  15.176900  14.196900
3  -640.000000   84.765000     1720.000000   92.752000     2040.000000   51.134000     4.80211E-03  6.66427E-05  13.996400  14.202200
3  -640.000000   84.765000     1760.000000   89.581000     2080.000000   47.855000     4.36563E-03  6.28725E-05  14.974800  15.043500
3  -640.000000   84.765000     1800.000000   73.849000     2120.000000   51.358000     3.53886E-03  5.09380E-05  15.575100  15.036000
3  -640.000000   84.765000     1840.000000   69.746000     2160.000000   53.175000     2.74047E-03  4.28963E-05  13.373900  17.477300
3  -640.000000   84.765000     1880.000000   67.320000     2200.000000   49.089000     2.12687E-03  3.32776E-05  13.892700  17.471500
3  -640.000000   84.765000     1920.000000   57.532000     2240.000000   45.045000     1.74400E-03  2.72884E-05  14.947700  17.472100
3  -640.000000   84.765000     1960.000000   54.922000     2280.000000   42.192000     1.44300E-03  3.12171E-05  16.186200  24.000800
3  -640.000000   84.765000     2000.000000   51.429000     2320.000000   45.283000     1.47688E-03  3.19513E-05  15.607600  24.001600
3  -640.000000   84.765000     2040.000000   51.134000     2360.000000   52.469000     1.40746E-03  3.04503E-05  19.040500  24.002100
3  -640.000000   84.765000     2080.000000   47.855000     2400.000000   59.965000     1.34648E-03  2.91328E-05  17.226300  24.003400
3  60.000000     87.443000     240.000000    107.360000    280.000000    105.248000    2.67675E-02  2.76562E-04  4.799600  7.998840
3  60.000000     87.443000     280.000000    105.248000    320.000000    113.072000    1.71881E-02  1.79421E-04  5.382550  9.731260
3  60.000000     87.443000     320.000000    113.072000    360.000000    115.089000    1.20896E-02  1.28159E-04  5.566000  10.889400
3  60.000000     87.443000     360.000000    115.089000    400.000000    115.247000    8.86857E-03  1.01354E-04  7.420310  12.628500
3  60.000000     87.443000     2360.000000   52.469000     2400.000000   59.965000     2.66810E-04  5.77201E-06  15.659600  24.000700
3  60.000000     87.443000     400.000000    115.247000    480.000000    120.110000    1.92250E-02  1.99506E-04  7.458330  9.124850
3  60.000000     87.443000     440.000000    111.533000    520.000000    115.268000    1.33834E-02  1.41875E-04  7.883270  10.889500
3  60.000000     87.443000     480.000000    120.110000    560.000000    123.811000    9.39849E-03  1.07411E-04  6.829170  12.628600
3  60.000000     87.443000     520.000000    115.268000    600.000000    124.839000    9.31867E-03  1.06498E-04  7.210540  12.628600
3  60.000000     87.443000     560.000000    123.811000    640.000000    115.456000    6.53968E-03  8.76232E-05  8.580180  13.056400
3  60.000000     87.443000     600.000000    124.839000    680.000000    99.357000     6.89024E-03  9.23203E-05  9.819180  13.056400
3  60.000000     87.443000     640.000000    115.456000    720.000000    100.587000    7.31874E-03  9.80616E-05  10.401800  13.056500
3  60.000000     87.443000     680.000000    99.357000     760.000000    98.622000     7.36110E-03  9.86299E-05  11.935000  13.056500
3  60.000000     87.443000     2280.000000   42.192000     2360.000000   52.469000     8.19982E-04  1.77390E-05  17.045100  24.000800
3  60.000000     87.443000     2320.000000   45.283000     2400.000000   59.965000     5.58573E-04  1.20838E-05  15.776400  24.000700
3  60.000000     87.443000     720.000000    100.587000    880.000000    118.144000    1.44007E-02  1.51223E-04  12.113200  10.259000
3  60.000000     87.443000     760.000000    98.622000     920.000000    132.008000    1.29373E-02  1.37147E-04  11.387100  10.889600
3  60.000000     87.443000     800.000000    109.655000    960.000000    128.518000    1.09974E-02  1.19147E-04  13.363500  11.682300
3  60.000000     87.443000     840.000000    115.365000    1000.000000   116.905000    9.92483E-03  1.07528E-04  13.137400  11.682400
3  60.000000     87.443000     880.000000    118.144000    1040.000000   108.286000    8.32475E-03  9.51411E-05  15.024600  12.628700
3  60.000000     87.443000     920.000000    132.008000    1080.000000   117.343000    8.22646E-03  9.40177E-05  17.165400  12.628800
3  60.000000     87.443000     960.000000    128.518000    1120.000000   134.172000    7.68463E-03  1.02965E-04  15.730400  13.056500
3  60.000000     87.443000     1000.000000   116.905000    1160.000000   128.135000    6.41756E-03  8.59876E-05  18.381400  13.056600
3  60.000000     87.443000     1040.000000   108.286000    1200.000000   123.583000    6.48008E-03  8.68259E-05  17.848000  13.056600
3  60.000000     87.443000     1080.000000   117.343000    1240.000000   121.871000    6.19642E-03  8.30252E-05  17.445500  13.056600
3  60.000000     87.443000     1120.000000   134.172000    1280.000000   129.599000    6.55790E-03  8.78686E-05  19.693200  13.056600
3  60.000000     87.443000     1160.000000   128.135000    1320.000000   143.045000    7.34860E-03  9.84632E-05  20.499000  13.056700
3  60.000000     87.443000     1200.000000   123.583000    1360.000000   150.159000    7.25807E-03  9.72502E-05  19.933400  13.056600
3  60.000000     87.443000     1240.000000   121.871000    1400.000000   160.896000    6.81407E-03  9.13010E-05  19.991900  13.056600
3  60.000000     87.443000     1280.000000   129.599000    1440.000000   178.173000    6.40762E-03  8.58551E-05  16.953500  13.056600
3  60.000000     87.443000     1320.000000   143.045000    1480.000000   197.065000    5.09936E-03  7.07174E-05  14.796100  14.192600
3  60.000000     87.443000     2120.000000   51.358000     2280.000000   42.192000     1.25926E-03  2.72421E-05  19.975600  24.000800
3  60.000000     87.443000     2160.000000   53.175000     2320.000000   45.283000     1.47996E-03  3.20166E-05  18.198200  24.000700
3  60.000000     87.443000     2200.000000   49.089000     2360.000000   52.469000     1.55447E-03  2.43217E-05  17.656600  17.471500
3  60.000000     87.443000     2240.000000   45.045000     2400.000000   59.965000     1.54546E-03  2.41809E-05  17.462900  17.471500
3  60.000000     87.443000     1360.000000   150.159000    1680.000000   100.508000    1.08410E-02  1.17456E-04  12.794700  11.682600
3  60.000000     87.443000     1400.000000   160.896000    1720.000000   92.752000     1.12771E-02  1.22179E-04  12.679000  11.682500
3  60.000000     87.443000     1440.000000   178.173000    1760.000000   89.581000     1.12444E-02  1.21823E-04  11.993500  11.682300
3  60.000000     87.443000     1480.000000   197.065000    1800.000000   73.849000     1.28010E-02  1.35705E-04  11.525800  10.889700
3  60.000000     87.443000     1520.000000   178.674000    1840.000000   69.746000     1.41096E-02  1.48162E-04  11.099800  10.258700
3  60.000000     87.443000     1560.000000   156.964000    1880.000000   67.320000     1.47146E-02  1.54515E-04  10.533300  10.258700
3  60.000000     87.443000     1600.000000   137.193000    1920.000000   57.532000     1.44733E-02  1.51983E-04  10.584000  10.258800
3  60.000000     87.443000     1640.000000   122.640000    1960.000000   54.922000     1.36378E-02  1.44580E-04  11.174500  10.890000
3  60.000000     87.443000     1680.000000   100.508000    2000.000000   51.429000     1.20449E-02  1.27694E-04  11.280700  10.890100
3  60.000000     87.443000     1720.000000   92.752000     2040.000000   51.134000     1.03310E-02  1.11937E-04  10.760800  11.683200
3  60.000000     87.443000     1760.000000   89.581000     2080.000000   47.855000     9.32643E-03  1.06595E-04  11.419100  12.629300
3  60.000000     87.443000     1800.000000   73.849000     2120.000000   51.358000     7.48344E-03  1.00268E-04  12.834500  13.056400
3  60.000000     87.443000     1840.000000   69.746000     2160.000000   53.175000     5.71915E-03  7.93115E-05  14.766800  14.192400
3  60.000000     87.443000     1880.000000   67.320000     2200.000000   49.089000     4.38851E-03  6.08585E-05  17.107500  14.192400
3  60.000000     87.443000     1920.000000   57.532000     2240.000000   45.045000     3.56103E-03  5.12461E-05  19.791700  15.033000
3  60.000000     87.443000     1960.000000   54.922000     2280.000000   42.192000     2.92251E-03  4.20573E-05  19.487600  15.033100
3  60.000000     87.443000     2000.000000   51.429000     2320.000000   45.283000     2.97675E-03  4.28378E-05  19.593700  15.033000
3  60.000000     87.443000     2040.000000   51.134000     2360.000000   52.469000     2.84296E-03  4.44818E-05  20.229800  17.471400
3  60.000000     87.443000     2080.000000   47.855000     2400.000000   59.965000     2.71575E-03  4.24914E-05  19.678100  17.471500
3  140.000000    91.316000     280.000000    105.248000    320.000000    113.072000    3.33198E-02  3.45623E-04  5.059240  6.943480
3  140.000000    91.316000     320.000000    113.072000    360.000000    115.089000    2.14880E-02  2.22987E-04  4.933330  9.124720
3  140.000000    91.316000     360.000000    115.089000    400.000000    115.247000    1.47261E-02  1.54634E-04  7.475300  10.258600
3  140.000000    91.316000     400.000000    115.247000    440.000000    111.533000    1.51610E-02  1.59201E-04  6.159430  10.258600
3  140.000000    91.316000     440.000000    111.533000    480.000000    120.110000    1.51188E-02  1.58758E-04  7.695010  10.258600
3  140.000000    91.316000     2360.000000   52.469000     2400.000000   59.965000     3.14538E-04  6.80453E-06  19.877000  24.000700
3  140.000000    91.316000     480.000000    120.110000    560.000000    123.811000    1.40423E-02  1.47455E-04  6.511030  10.258700
3  140.000000    91.316000     520.000000    115.268000    600.000000    124.839000    1.36748E-02  1.44964E-04  6.864340  10.889400
3  140.000000    91.316000     560.000000    123.811000    640.000000    115.456000    9.27498E-03  1.05999E-04  8.207580  12.628500
3  140.000000    91.316000     600.000000    124.839000    680.000000    99.357000     9.50938E-03  1.08678E-04  9.628820  12.628500
3  140.000000    91.316000     640.000000    115.456000    720.000000    100.587000    9.97821E-03  1.08104E-04  10.260300  11.682200
3  140.000000    91.316000     680.000000    99.357000     760.000000    98.622000     9.89658E-03  1.07220E-04  11.901200  11.682200
3  140.000000    91.316000     720.000000    100.587000    800.000000    109.655000    1.05608E-02  1.14416E-04  12.849400  11.682200
3  140.000000    91.316000     760.000000    98.622000     840.000000    115.365000    9.87195E-03  1.06953E-04  12.085500  11.682200
3  140.000000    91.316000     2280.000000   42.192000     2360.000000   52.469000     9.67285E-04  2.09257E-05  20.024800  24.000700
3  140.000000    91.316000     2320.000000   45.283000     2400.000000   59.965000     6.58287E-04  1.42410E-05  20.206400  24.000700
3  140.000000    91.316000     800.000000    109.655000    960.000000    128.518000    1.44171E-02  1.51390E-04  14.114200  10.258600
3  140.000000    91.316000     840.000000    115.365000    1000.000000   116.905000    1.29415E-02  1.37190E-04  14.049600  10.889500
3  140.000000    91.316000     880.000000    118.144000    1040.000000   108.286000    1.08128E-02  1.17146E-04  16.007700  11.682200
3  140.000000    91.316000     920.000000    132.008000    1080.000000   117.343000    1.05670E-02  1.14483E-04  18.269400  11.682200
3  140.000000    91.316000     960.000000    128.518000    1120.000000   134.172000    9.79969E-03  1.06170E-04  16.914900  11.682200
3  140.000000    91.316000     1000.000000   116.905000    1160.000000   128.135000    8.11008E-03  9.26860E-05  19.871800  12.628500
3  140.000000    91.316000     1040.000000   108.286000    1200.000000   123.583000    8.13318E-03  9.29500E-05  19.582200  12.628500
3  140.000000    91.316000     1080.000000   117.343000    1240.000000   121.871000    7.73859E-03  8.84405E-05  19.651800  12.628500
3  140.000000    91.316000     1120.000000   134.172000    1280.000000   129.599000    8.16245E-03  9.32846E-05  22.161700  12.628500
3  140.000000    91.316000     1160.000000   128.135000    1320.000000   143.045000    9.11988E-03  1.04227E-04  23.223900  12.628500
3  140.000000    91.316000     1200.000000   123.583000    1360.000000   150.159000    8.98980E-03  1.02740E-04  22.926000  12.628500
3  140.000000    91.316000     1240.000000   121.871000    1400.000000   160.896000    8.41951E-03  9.62224E-05  23.285500  12.628500
3  140.000000    91.316000     1280.000000   129.599000    1440.000000   178.173000    7.88727E-03  9.01397E-05  20.459500  12.628500
3  140.000000    91.316000     1320.000000   143.045000    1480.000000   197.065000    6.25610E-03  8.38236E-05  18.445800  13.056400
3  140.000000    91.316000     1360.000000   150.159000    1520.000000   178.674000    5.56238E-03  7.71374E-05  17.975500  14.192400
3  140.000000    91.316000     1400.000000   160.896000    1560.000000   156.964000    4.60221E-03  6.38221E-05  18.099500  14.192400
3  140.000000    91.316000     2120.000000   51.358000     2280.000000   42.192000     1.48504E-03  3.21265E-05  23.638100  24.000700
3  140.000000    91.316000     2160.000000   53.175000     2320.000000   45.283000     1.74535E-03  2.73083E-05  21.348200  17.471500
3  140.000000    91.316000     2200.000000   49.089000     2360.000000   52.469000     1.83366E-03  2.86900E-05  20.848000  17.471400
3  140.000000    91.316000     2240.000000   45.045000     2400.000000   59.965000     1.82323E-03  2.85268E-05  20.646500  17.471400
3  140.000000    91.316000     1440.000000   178.173000    1760.000000   89.581000     1.34939E-02  1.43046E-04  16.165200  10.889400
3  140.000000    91.316000     1480.000000   197.065000    1800.000000   73.849000     1.53349E-02  1.61027E-04  15.757200  10.258600
3  140.000000    91.316000     1520.000000   178.674000    1840.000000   69.746000     1.68759E-02  1.76161E-04  15.362500  9.731110
3  140.000000    91.316000     1560.000000   156.964000    1880.000000   67.320000     1.75777E-02  1.83487E-04  14.810400  9.731120
3  140.000000    91.316000     1600.000000   137.193000    1920.000000   57.532000     1.72718E-02  1.80293E-04  14.893200  9.731110
3  140.000000    91.316000     1640.000000   122.640000    1960.000000   54.922000     1.62580E-02  1.69711E-04  15.551200  9.731110
3  140.000000    91.316000     1680.000000   100.508000    2000.000000   51.429000     1.43469E-02  1.50652E-04  15.685500  10.258600
3  140.000000    91.316000     1720.000000   92.752000     2040.000000   51.134000     1.22890E-02  1.30273E-04  15.214100  10.889400
3  140.000000    91.316000     1760.000000   89.581000     2080.000000   47.855000     1.10840E-02  1.20084E-04  15.904600  11.682200
3  140.000000    91.316000     1800.000000   73.849000     2120.000000   51.358000     8.88233E-03  1.01512E-04  17.220500  12.628500
3  140.000000    91.316000     1840.000000   69.746000     2160.000000   53.175000     6.78306E-03  9.08842E-05  19.135500  13.056400
3  140.000000    91.316000     1880.000000   67.320000     2200.000000   49.089000     5.20118E-03  7.21284E-05  21.536500  14.192400
3  140.000000    91.316000     1920.000000   57.532000     2240.000000   45.045000     4.21659E-03  6.06797E-05  24.233100  15.033000
3  140.000000    91.316000     1960.000000   54.922000     2280.000000   42.192000     3.45501E-03  4.97204E-05  23.536200  15.033000
3  140.000000    91.316000     2000.000000   51.429000     2320.000000   45.283000     3.51445E-03  5.05757E-05  23.208100  15.033000
3  140.000000    91.316000     2040.000000   51.134000     2360.000000   52.469000     3.35557E-03  4.82893E-05  23.671300  15.033000
3  140.000000    91.316000     2080.000000   47.855000     2400.000000   59.965000     3.20493E-03  4.61215E-05  22.978400  15.033000
3  220.000000    106.101000    0.000000      94.302000     40.000000     87.181000     3.89690E-02  3.97098E-04  9.108970  4.776880
3  220.000000    106.101000    40.000000     87.181000     80.000000     87.439000     4.09430E-02  4.17213E-04  7.572590  4.776880
3  220.000000    106.101000    80.000000     87.439000     120.000000    88.121000     5.38710E-02  5.44032E-04  9.755730  3.513680
3  220.000000    106.101000    320.000000    113.072000    360.000000    115.089000    4.69436E-02  4.76017E-04  4.079920  4.191890
3  220.000000    106.101000    360.000000    115.089000    400.000000    115.247000    2.85203E-02  2.94669E-04  9.181530  7.998740
3  220.000000    106.101000    400.000000    115.247000    440.000000    111.533000    2.60837E-02  2.69494E-04  5.783220  7.998820
3  220.000000    106.101000    440.000000    111.533000    480.000000    120.110000    2.48925E-02  2.57189E-04  7.478580  7.998850
3  220.000000    106.101000    480.000000    120.110000    520.000000    115.268000    8.69219E-03  9.93387E-05  6.874800  12.628500
3  220.000000    106.101000    520.000000    115.268000    560.000000    123.811000    1.28214E-02  1.35918E-04  5.677050  10.889500
3  220.000000    106.101000    2360.000000   52.469000     2400.000000   59.965000     3.57870E-04  7.74194E-06  17.007900  24.000700
3  220.000000    106.101000    560.000000    123.811000    640.000000    115.456000    1.32999E-02  1.40990E-04  7.202670  10.889400
3  220.000000    106.101000    600.000000    124.839000    680.000000    99.357000     1.32432E-02  1.40389E-04  8.559700  10.889500
3  220.000000    106.101000    640.000000    115.456000    720.000000    100.587000    1.35769E-02  1.43927E-04  9.006800  10.889500
3  220.000000    106.101000    680.000000    99.357000     760.000000    98.622000     1.31879E-02  1.39804E-04  10.445800  10.889600
3  220.000000    106.101000    720.000000    100.587000    800.000000    109.655000    1.38713E-02  1.45663E-04  11.245500  10.258800
3  220.000000    106.101000    760.000000    98.622000     840.000000    115.365000    1.27336E-02  1.34990E-04  10.215300  10.889800
3  220.000000    106.101000    800.000000    109.655000    880.000000    118.144000    1.08001E-02  1.17010E-04  9.763280  11.682400
3  220.000000    106.101000    840.000000    115.365000    920.000000    132.008000    9.01028E-03  1.02976E-04  9.270780  12.628700
3  220.000000    106.101000    2280.000000   42.192000     2360.000000   52.469000     1.10149E-03  2.38290E-05  18.269500  24.000700
3  220.000000    106.101000    2320.000000   45.283000     2400.000000   59.965000     7.49020E-04  1.62038E-05  18.443800  24.000700
3  220.000000    106.101000    880.000000    118.144000    1040.000000   108.286000    1.34432E-02  1.42511E-04  13.222800  10.889700
3  220.000000    106.101000    920.000000    132.008000    1080.000000   117.343000    1.30896E-02  1.38765E-04  15.402600  10.889800
3  220.000000    106.101000    960.000000    128.518000    1120.000000   134.172000    1.20908E-02  1.28178E-04  13.881500  10.889900
3  220.000000    106.101000    1000.000000   116.905000    1160.000000   128.135000    9.95295E-03  1.07832E-04  16.751700  11.682400
3  220.000000    106.101000    1040.000000   108.286000    1200.000000   123.583000    9.94519E-03  1.07749E-04  16.328100  11.682500
3  220.000000    106.101000    1080.000000   117.343000    1240.000000   121.871000    9.37592E-03  1.07156E-04  16.241100  12.628800
3  220.000000    106.101000    1120.000000   134.172000    1280.000000   129.599000    9.83531E-03  1.06560E-04  18.447700  11.682600
3  220.000000    106.101000    1160.000000   128.135000    1320.000000   143.045000    1.09441E-02  1.18573E-04  19.318500  11.682600
3  220.000000    106.101000    1200.000000   123.583000    1360.000000   150.159000    1.07446E-02  1.16412E-04  18.833700  11.682700
3  220.000000    106.101000    1240.000000   121.871000    1400.000000   160.896000    1.00162E-02  1.08519E-04  18.880800  11.682500
3  220.000000    106.101000    1280.000000   129.599000    1440.000000   178.173000    9.35184E-03  1.06880E-04  15.935700  12.628800
3  220.000000    106.101000    1320.000000   143.045000    1480.000000   197.065000    7.39702E-03  9.91119E-05  13.834100  13.056600
3  220.000000    106.101000    1360.000000   150.159000    1520.000000   178.674000    6.56569E-03  8.79724E-05  13.351100  13.056500
3  220.000000    106.101000    1400.000000   160.896000    1560.000000   156.964000    5.41854E-03  7.51432E-05  13.521100  14.192500
3  220.000000    106.101000    1440.000000   178.173000    1600.000000   137.193000    5.24716E-03  7.27666E-05  11.115100  14.192400
3  220.000000    106.101000    1480.000000   197.065000    1640.000000   122.640000    7.01359E-03  9.39737E-05  11.086800  13.056500
3  220.000000    106.101000    2120.000000   51.358000     2280.000000   42.192000     1.69042E-03  2.64488E-05  19.416300  17.471500
3  220.000000    106.101000    2160.000000   53.175000     2320.000000   45.283000     1.98776E-03  3.11011E-05  18.065900  17.471400
3  220.000000    106.101000    2200.000000   49.089000     2360.000000   52.469000     2.08846E-03  3.26769E-05  18.534700  17.471500
3  220.000000    106.101000    2240.000000   45.045000     2400.000000   59.965000     2.07609E-03  3.24831E-05  18.599200  17.471500
3  220.000000    106.101000    1520.000000   178.674000    1840.000000   69.746000     1.96468E-02  2.03887E-04  10.349200  9.125120
3  220.000000    106.101000    1560.000000   156.964000    1880.000000   67.320000     2.04412E-02  2.12133E-04  9.765680  9.125260
3  220.000000    106.101000    1600.000000   137.193000    1920.000000   57.532000     2.00629E-02  2.08207E-04  9.861150  9.125180
3  220.000000    106.101000    1640.000000   122.640000    1960.000000   54.922000     1.88612E-02  1.95740E-04  10.454800  9.125480
3  220.000000    106.101000    1680.000000   100.508000    2000.000000   51.429000     1.66251E-02  1.73554E-04  10.593500  9.731850
3  220.000000    106.101000    1720.000000   92.752000     2040.000000   51.134000     1.42256E-02  1.49393E-04  10.102100  10.259600
3  220.000000    106.101000    1760.000000   89.581000     2080.000000   47.855000     1.28190E-02  1.35908E-04  10.753800  10.890700
3  220.000000    106.101000    1800.000000   73.849000     2120.000000   51.358000     1.02557E-02  1.11111E-04  12.192800  11.682300
3  220.000000    106.101000    1840.000000   69.746000     2160.000000   53.175000     7.81659E-03  8.93319E-05  14.084200  12.628500
3  220.000000    106.101000    1880.000000   67.320000     2200.000000   49.089000     5.98107E-03  8.01386E-05  16.361800  13.056400
3  220.000000    106.101000    1920.000000   57.532000     2240.000000   45.045000     4.83787E-03  6.70901E-05  19.104800  14.192400
3  220.000000    106.101000    1960.000000   54.922000     2280.000000   42.192000     3.94961E-03  5.68384E-05  19.086000  15.033100
3  220.000000    106.101000    2000.000000   51.429000     2320.000000   45.283000     4.01063E-03  5.77162E-05  19.173500  15.033000
3  220.000000    106.101000    2040.000000   51.134000     2360.000000   52.469000     3.82312E-03  5.50178E-05  20.224300  15.033100
3  220.000000    106.101000    2080.000000   47.855000     2400.000000   59.965000     3.64780E-03  5.24951E-05  19.901200  15.033200
3  300.000000    109.080000    0.000000      94.302000     40.000000     87.181000     2.70220E-02  2.79186E-04  10.400500  7.998640
3  300.000000    109.080000    40.000000     87.181000     80.000000     87.439000     2.51400E-02  2.59741E-04  9.183140  7.998640
3  300.000000    109.080000    80.000000     87.439000     120.000000    88.121000     2.82960E-02  2.92349E-04  9.184870  7.998640
3  300.000000    109.080000    120.000000    88.121000     160.000000    96.899000     4.47950E-02  4.54226E-04  8.047010  4.191700
3  300.000000    109.080000    160.000000    96.899000     200.000000    103.483000    5.52820E-02  5.58282E-04  7.048430  3.513680
3  300.000000    109.080000    400.000000    115.247000    440.000000    111.533000    6.13522E-02  6.18761E-04  6.165230  3.299680
3  300.000000    109.080000    440.000000    111.533000    480.000000    120.110000    5.31729E-02  5.36988E-04  8.354830  3.513780
3  300.000000    109.080000    480.000000    120.110000    520.000000    115.268000    1.71408E-02  1.78926E-04  7.535370  9.731120
3  300.000000    109.080000    520.000000    115.268000    560.000000    123.811000    2.39157E-02  2.47630E-04  6.722180  9.032720
3  300.000000    109.080000    560.000000    123.811000    600.000000    124.839000    1.30281E-02  1.38108E-04  7.443830  10.889400
3  300.000000    109.080000    600.000000    124.839000    640.000000    115.456000    9.53726E-03  1.03327E-04  9.444740  11.682200
3  300.000000    109.080000    2360.000000   52.469000     2400.000000   59.965000     4.11780E-04  8.90820E-06  21.229600  24.000700
3  300.000000    109.080000    640.000000    115.456000    720.000000    100.587000    2.09650E-02  2.17560E-04  10.439600  9.124720
3  300.000000    109.080000    680.000000    99.357000     760.000000    98.622000     1.96370E-02  2.03779E-04  12.059200  9.124720
3  300.000000    109.080000    720.000000    100.587000    800.000000    109.655000    2.01029E-02  2.08614E-04  13.032900  9.124720
3  300.000000    109.080000    760.000000    98.622000     840.000000    115.365000    1.79772E-02  1.87657E-04  12.277500  9.731120
3  300.000000    109.080000    800.000000    109.655000    880.000000    118.144000    1.49428E-02  1.56910E-04  12.042700  10.258600
3  300.000000    109.080000    840.000000    115.365000    920.000000    132.008000    1.22560E-02  1.29923E-04  11.742800  10.889400
3  300.000000    109.080000    880.000000    118.144000    960.000000    128.518000    9.91864E-03  1.07459E-04  17.249800  11.682200
3  300.000000    109.080000    920.000000    132.008000    1000.000000   116.905000    9.57010E-03  1.03682E-04  16.973400  11.682200
3  300.000000    109.080000    2280.000000   42.192000     2360.000000   52.469000     1.27002E-03  2.74749E-05  21.849200  24.000700
3  300.000000    109.080000    2320.000000   45.283000     2400.000000   59.965000     8.62567E-04  1.86603E-05  22.028200  24.000700
3  300.000000    109.080000    960.000000    128.518000    1120.000000   134.172000    1.58057E-02  1.65971E-04  16.644700  10.258600
3  300.000000    109.080000    1000.000000   116.905000    1160.000000   128.135000    1.28661E-02  1.36391E-04  19.714400  10.889400
3  300.000000    109.080000    1040.000000   108.286000    1200.000000   123.583000    1.27529E-02  1.35191E-04  19.481700  10.889400
3  300.000000    109.080000    1080.000000   117.343000    1240.000000   121.871000    1.18645E-02  1.25773E-04  19.714300  10.889500
3  300.000000    109.080000    1120.000000   134.172000    1280.000000   129.599000    1.23430E-02  1.30846E-04  22.280300  10.889400
3  300.000000    109.080000    1160.000000   128.135000    1320.000000   143.045000    1.36477E-02  1.44677E-04  23.532000  10.889400
3  300.000000    109.080000    1200.000000   123.583000    1360.000000   150.159000    1.33242E-02  1.41247E-04  23.358100  10.889400
3  300.000000    109.080000    1240.000000   121.871000    1400.000000   160.896000    1.23370E-02  1.30782E-04  23.966500  10.889400
3  300.000000    109.080000    1280.000000   129.599000    1440.000000   178.173000    1.14577E-02  1.24133E-04  21.199200  11.682200
3  300.000000    109.080000    1320.000000   143.045000    1480.000000   197.065000    9.02250E-03  1.03114E-04  19.189200  12.628500
3  300.000000    109.080000    1360.000000   150.159000    1520.000000   178.674000    7.97959E-03  9.11947E-05  18.729000  12.628500
3  300.000000    109.080000    1400.000000   160.896000    1560.000000   156.964000    6.55109E-03  8.77761E-05  18.738700  13.056400
3  300.000000    109.080000    1440.000000   178.173000    1600.000000   137.193000    6.30466E-03  8.44742E-05  16.472200  13.056400
3  300.000000    109.080000    1480.000000   197.065000    1640.000000   122.640000    8.39435E-03  9.59348E-05  16.494800  12.628500
3  300.000000    109.080000    1520.000000   178.674000    1680.000000   100.508000    1.05204E-02  1.13978E-04  16.370900  11.682200
3  300.000000    109.080000    1560.000000   156.964000    1720.000000   92.752000     1.24532E-02  1.32014E-04  16.540100  10.889400
3  300.000000    109.080000    2120.000000   51.358000     2280.000000   42.192000     1.94257E-03  3.03940E-05  25.149400  17.471400
3  300.000000    109.080000    2160.000000   53.175000     2320.000000   45.283000     2.28926E-03  3.58184E-05  22.854800  17.471400
3  300.000000    109.080000    2200.000000   49.089000     2360.000000   52.469000     2.40701E-03  3.76608E-05  22.470500  17.471400
3  300.000000    109.080000    2240.000000   45.045000     2400.000000   59.965000     2.39279E-03  3.74383E-05  22.340800  17.471400
3  300.000000    109.080000    1600.000000   137.193000    1920.000000   57.532000     2.37412E-02  2.45824E-04  15.249600  9.032710
3  300.000000    109.080000    1640.000000   122.640000    1960.000000   54.922000     2.22797E-02  2.30691E-04  15.840000  9.032710
3  300.000000    109.080000    1680.000000   100.508000    2000.000000   51.429000     1.96086E-02  2.03484E-04  15.944700  9.124730
3  300.000000    109.080000    1720.000000   92.752000     2040.000000   51.134000     1.67530E-02  1.74878E-04  15.419600  9.731110
3  300.000000    109.080000    1760.000000   89.581000     2080.000000   47.855000     1.50768E-02  1.58317E-04  16.062700  10.258600
3  300.000000    109.080000    1800.000000   73.849000     2120.000000   51.358000     1.20341E-02  1.27571E-04  17.418700  10.889400
3  300.000000    109.080000    1840.000000   69.746000     2160.000000   53.175000     9.14666E-03  1.04533E-04  19.413200  12.628500
3  300.000000    109.080000    1880.000000   67.320000     2200.000000   49.089000     6.97824E-03  9.34993E-05  21.973600  13.056400
3  300.000000    109.080000    1920.000000   57.532000     2240.000000   45.045000     5.62617E-03  7.80220E-05  24.854500  14.192400
3  300.000000    109.080000    1960.000000   54.922000     2280.000000   42.192000     4.57107E-03  6.33902E-05  24.581000  14.192400
3  300.000000    109.080000    2000.000000   51.429000     2320.000000   45.283000     4.63017E-03  6.42098E-05  24.465200  14.192400
3  300.000000    109.080000    2040.000000   51.134000     2360.000000   52.469000     4.40469E-03  6.10829E-05  25.239000  14.192400
3  300.000000    109.080000    2080.000000   47.855000     2400.000000   59.965000     4.19725E-03  6.04018E-05  24.699000  15.033000
3  380.000000    115.310000    0.000000      94.302000     40.000000     87.181000     2.11321E-02  2.19298E-04  6.642100  9.124950
3  380.000000    115.310000    40.000000     87.181000     80.000000     87.439000     1.84957E-02  1.93069E-04  6.962800  9.731120
3  380.000000    115.310000    80.000000     87.439000     120.000000    88.121000     1.93279E-02  2.00571E-04  7.295090  9.124720
3  380.000000    115.310000    120.000000    88.121000     160.000000    96.899000     2.74117E-02  2.83212E-04  8.256890  7.998650
3  380.000000    115.310000    160.000000    96.899000     200.000000    103.483000    2.90429E-02  3.00873E-04  7.758450  7.586620
3  380.000000    115.310000    200.000000    103.483000    240.000000    107.360000    3.08551E-02  3.19646E-04  6.920330  7.586620
3  380.000000    115.310000    240.000000    107.360000    280.000000    105.248000    8.23824E-02  8.29385E-04  8.154710  2.881530
3  380.000000    115.310000    440.000000    111.533000    480.000000    120.110000    1.35235E-01  1.35812E-03  8.149100  2.206210
3  380.000000    115.310000    480.000000    120.110000    520.000000    115.268000    3.48461E-02  3.90667E-04  11.249300  8.142810
3  380.000000    115.310000    520.000000    115.268000    560.000000    123.811000    4.36442E-02  4.45132E-04  6.564030  4.796000
3  380.000000    115.310000    560.000000    123.811000    600.000000    124.839000    2.18100E-02  2.25956E-04  6.902240  9.039460
3  380.000000    115.310000    600.000000    124.839000    640.000000    115.456000    1.49758E-02  1.57346E-04  9.309070  10.264700
3  380.000000    115.310000    640.000000    115.456000    680.000000    99.357000     1.74266E-02  1.82169E-04  9.375510  9.747090
3  380.000000    115.310000    680.000000    99.357000     720.000000    100.587000    1.33055E-02  1.41242E-04  9.555120  10.903500
3  380.000000    115.310000    2360.000000   52.469000     2400.000000   59.965000     4.59797E-04  9.94702E-06  15.315500  24.000800
3  380.000000    115.310000    720.000000    100.587000    800.000000    109.655000    2.75488E-02  2.85494E-04  11.693900  8.039170
3  380.000000    115.310000    760.000000    98.622000     840.000000    115.365000    2.40600E-02  2.50027E-04  10.027600  9.075610
3  380.000000    115.310000    800.000000    109.655000    880.000000    118.144000    1.96505E-02  2.04691E-04  8.843540  9.169420
3  380.000000    115.310000    840.000000    115.365000    920.000000    132.008000    1.58489E-02  1.67035E-04  8.156320  10.298000
3  380.000000    115.310000    880.000000    118.144000    960.000000    128.518000    1.26021E-02  1.34096E-04  15.222900  10.928400
3  380.000000    115.310000    920.000000    132.008000    1000.000000   116.905000    1.20719E-02  1.28635E-04  14.833200  10.942900
3  380.000000    115.310000    960.000000    128.518000    1040.000000   108.286000    1.00716E-02  1.09674E-04  9.508820  11.733600
3  380.000000    115.310000    1000.000000   116.905000    1080.000000   117.343000    9.52851E-03  1.03880E-04  14.724100  11.745300
3  380.000000    115.310000    2280.000000   42.192000     2360.000000   52.469000     1.41565E-03  3.06279E-05  18.428200  24.002400
3  380.000000    115.310000    2320.000000   45.283000     2400.000000   59.965000     9.63878E-04  2.08521E-05  15.278000  24.000800
3  380.000000    115.310000    1040.000000   108.286000    1200.000000   123.583000    1.55626E-02  1.64318E-04  14.154500  10.317700
3  380.000000    115.310000    1080.000000   117.343000    1240.000000   121.871000    1.43143E-02  1.51112E-04  13.769600  10.315900
3  380.000000    115.310000    1120.000000   134.172000    1280.000000   129.599000    1.47799E-02  1.56235E-04  15.894900  10.330300
3  380.000000    115.310000    1160.000000   128.135000    1320.000000   143.045000    1.62510E-02  1.70920E-04  16.961700  9.815680
3  380.000000    115.310000    1200.000000   123.583000    1360.000000   150.159000    1.57986E-02  1.67072E-04  16.803700  10.334700
3  380.000000    115.310000    1240.000000   121.871000    1400.000000   160.896000    1.45551E-02  1.53712E-04  17.968000  10.319900
3  380.000000    115.310000    1280.000000   129.599000    1440.000000   178.173000    1.34669E-02  1.43452E-04  15.678700  10.939500
3  380.000000    115.310000    1320.000000   143.045000    1480.000000   197.065000    1.05736E-02  1.14945E-04  14.225600  11.716400
3  380.000000    115.310000    1360.000000   150.159000    1520.000000   178.674000    9.32133E-03  1.06779E-04  14.153400  12.652800
3  380.000000    115.310000    1400.000000   160.896000    1560.000000   156.964000    7.62043E-03  1.02188E-04  14.356300  13.067800
3  380.000000    115.310000    1440.000000   178.173000    1600.000000   137.193000    7.29786E-03  9.78512E-05  13.409800  13.066200
3  380.000000    115.310000    1480.000000   197.065000    1640.000000   122.640000    9.68306E-03  1.05131E-04  14.010900  11.703700
3  380.000000    115.310000    1520.000000   178.674000    1680.000000   100.508000    1.21114E-02  1.28777E-04  14.554900  10.920500
3  380.000000    115.310000    1560.000000   156.964000    1720.000000   92.752000     1.43067E-02  1.50748E-04  15.592100  10.295600
3  380.000000    115.310000    1600.000000   137.193000    1760.000000   89.581000     1.43305E-02  1.51005E-04  16.222900  10.296000
3  380.000000    115.310000    1640.000000   122.640000    1800.000000   73.849000     1.47544E-02  1.55449E-04  16.459900  10.294500
3  380.000000    115.310000    2120.000000   51.358000     2280.000000   42.192000     2.16685E-03  3.39207E-05  25.997300  17.478700
3  380.000000    115.310000    2160.000000   53.175000     2320.000000   45.283000     2.55402E-03  3.99811E-05  21.730200  17.478500
3  380.000000    115.310000    2200.000000   49.089000     2360.000000   52.469000     2.68630E-03  4.20411E-05  19.913500  17.475000
3  380.000000    115.310000    2240.000000   45.045000     2400.000000   59.965000     2.67016E-03  4.17837E-05  18.692600  17.473300
3  380.000000    115.310000    1680.000000   100.508000    2000.000000   51.429000     2.24031E-02  2.33057E-04  17.803800  9.088410
3  380.000000    115.310000    1720.000000   92.752000     2040.000000   51.134000     1.91236E-02  1.99935E-04  17.911800  9.212900
3  380.000000    115.310000    1760.000000   89.581000     2080.000000   47.855000     1.71875E-02  1.80584E-04  18.898600  9.804140
3  380.000000    115.310000    1800.000000   73.849000     2120.000000   51.358000     1.36896E-02  1.43830E-04  20.429600  10.264500
3  380.000000    115.310000    1840.000000   69.746000     2160.000000   53.175000     1.03783E-02  1.12723E-04  23.081100  11.707600
3  380.000000    115.310000    1880.000000   67.320000     2200.000000   49.089000     7.89786E-03  9.04250E-05  26.188700  12.647300
3  380.000000    115.310000    1920.000000   57.532000     2240.000000   45.045000     6.34719E-03  8.50593E-05  29.258900  13.058900
3  380.000000    115.310000    1960.000000   54.922000     2280.000000   42.192000     5.12960E-03  7.11465E-05  27.595800  14.194400
3  380.000000    115.310000    2000.000000   51.429000     2320.000000   45.283000     5.17804E-03  7.18360E-05  26.374800  14.197700
3  380.000000    115.310000    2040.000000   51.134000     2360.000000   52.469000     4.91504E-03  6.82493E-05  25.271400  14.210100
3  380.000000    115.310000    2080.000000   47.855000     2400.000000   59.965000     4.67947E-03  6.49356E-05  23.402300  14.201100
3  466.000000    108.119000    0.000000      94.302000     40.000000     87.181000     1.67869E-02  1.75237E-04  11.921500  9.731390
3  466.000000    108.119000    120.000000    88.121000     160.000000    96.899000     1.84848E-02  1.92955E-04  10.697200  9.731110
3  466.000000    108.119000    160.000000    96.899000     200.000000    103.483000    1.80347E-02  1.88257E-04  9.476910  9.731120
3  466.000000    108.119000    200.000000    103.483000    240.000000    107.360000    1.76387E-02  1.84123E-04  8.644230  9.731130
3  466.000000    108.119000    240.000000    107.360000    280.000000    105.248000    4.25173E-02  4.33256E-04  10.436100  4.776910
3  466.000000    108.119000    280.000000    105.248000    320.000000    113.072000    4.22276E-02  4.30303E-04  10.430900  4.776890
3  466.000000    108.119000    320.000000    113.072000    360.000000    115.089000    5.73458E-02  5.79124E-04  12.123000  3.513680
3  466.000000    108.119000    360.000000    115.089000    400.000000    115.247000    9.88248E-02  9.92794E-04  7.642980  2.435930
3  466.000000    108.119000    560.000000    123.811000    600.000000    124.839000    5.33411E-02  5.38713E-04  6.799590  3.515400
3  466.000000    108.119000    600.000000    124.839000    640.000000    115.456000    3.13723E-02  3.25017E-04  11.816900  7.587240
3  466.000000    108.119000    640.000000    115.456000    680.000000    99.357000     3.23845E-02  3.35516E-04  11.513700  7.587840
3  466.000000    108.119000    680.000000    99.357000     720.000000    100.587000    2.28849E-02  2.36973E-04  12.579700  9.033560
3  466.000000    108.119000    720.000000    100.587000    760.000000    98.622000     2.33515E-02  2.41814E-04  15.578900  9.034020
3  466.000000    108.119000    760.000000    98.622000     800.000000    109.655000    2.03122E-02  2.10814E-04  15.985800  9.126300
3  466.000000    108.119000    2360.000000   52.469000     2400.000000   59.965000     5.20352E-04  1.12570E-05  34.223100  24.000700
3  466.000000    108.119000    0.000000      94.302000     80.000000     87.439000     3.08431E-02  3.19522E-04  11.504000  7.586630
3  466.000000    108.119000    40.000000     87.181000     120.000000    88.121000     2.79491E-02  2.88765E-04  10.477400  7.998640
3  466.000000    108.119000    800.000000    109.655000    880.000000    118.144000    2.88943E-02  2.99368E-04  14.594200  7.588350
3  466.000000    108.119000    840.000000    115.365000    920.000000    132.008000    2.26729E-02  2.34789E-04  14.846900  9.034050
3  466.000000    108.119000    880.000000    118.144000    960.000000    128.518000    1.75764E-02  1.83485E-04  22.278200  9.731880
3  466.000000    108.119000    920.000000    132.008000    1000.000000   116.905000    1.66342E-02  1.73656E-04  22.543000  9.732250
3  466.000000    108.119000    960.000000    128.518000    1040.000000   108.286000    1.37863E-02  1.44782E-04  17.377200  10.259800
3  466.000000    108.119000    1000.000000   116.905000    1080.000000   117.343000    1.27129E-02  1.34777E-04  24.021500  10.890200
3  466.000000    108.119000    1040.000000   108.286000    1120.000000   134.172000    1.26222E-02  1.33823E-04  24.212900  10.890800
3  466.000000    108.119000    1080.000000   117.343000    1160.000000   128.135000    8.16216E-03  9.32853E-05  25.698600  12.629000
3  466.000000    108.119000    2280.000000   42.192000     2360.000000   52.469000     1.60912E-03  2.51768E-05  37.360600  17.471500
3  466.000000    108.119000    2320.000000   45.283000     2400.000000   59.965000     1.09155E-03  2.36139E-05  34.807500  24.000800
3  466.000000    108.119000    1120.000000   134.172000    1280.000000   129.599000    1.86864E-02  1.93933E-04  29.158400  9.125840
3  466.000000    108.119000    1160.000000   128.135000    1320.000000   143.045000    2.03787E-02  2.11519E-04  30.807900  9.127180
3  466.000000    108.119000    1200.000000   123.583000    1360.000000   150.159000    1.96702E-02  2.04159E-04  31.028200  9.126850
3  466.000000    108.119000    1240.000000   121.871000    1400.000000   160.896000    1.79761E-02  1.87669E-04  32.164400  9.732470
3  466.000000    108.119000    1280.000000   129.599000    1440.000000   178.173000    1.65027E-02  1.72298E-04  29.855700  9.733210
3  466.000000    108.119000    1320.000000   143.045000    1480.000000   197.065000    1.28702E-02  1.36446E-04  28.236200  10.890300
3  466.000000    108.119000    1360.000000   150.159000    1520.000000   178.674000    1.12773E-02  1.22190E-04  28.209700  11.683200
3  466.000000    108.119000    1400.000000   160.896000    1560.000000   156.964000    9.13069E-03  1.04355E-04  28.709400  12.629000
3  466.000000    108.119000    1440.000000   178.173000    1600.000000   137.193000    8.65573E-03  9.89263E-05  27.458600  12.629000
3  466.000000    108.119000    1480.000000   197.065000    1640.000000   122.640000    1.14135E-02  1.23664E-04  27.869700  11.683000
3  466.000000    108.119000    1520.000000   178.674000    1680.000000   100.508000    1.42170E-02  1.49320E-04  27.926600  10.260800
3  466.000000    108.119000    1560.000000   156.964000    1720.000000   92.752000     1.67378E-02  1.74753E-04  28.159900  9.733270
3  466.000000    108.119000    1600.000000   137.193000    1760.000000   89.581000     1.67184E-02  1.74558E-04  28.515200  9.733810
3  466.000000    108.119000    1640.000000   122.640000    1800.000000   73.849000     1.71483E-02  1.79049E-04  27.946800  9.733940
3  466.000000    108.119000    1680.000000   100.508000    1840.000000   69.746000     1.69545E-02  1.77025E-04  27.426300  9.733890
3  466.000000    108.119000    1720.000000   92.752000     1880.000000   67.320000     1.55136E-02  1.62949E-04  26.211100  10.261500
3  466.000000    108.119000    2120.000000   51.358000     2280.000000   42.192000     2.45164E-03  3.83601E-05  40.432200  17.471800
3  466.000000    108.119000    2160.000000   53.175000     2320.000000   45.283000     2.89571E-03  4.16719E-05  38.423800  15.033200
3  466.000000    108.119000    2200.000000   49.089000     2360.000000   52.469000     3.04913E-03  4.38800E-05  38.174300  15.033300
3  466.000000    108.119000    2240.000000   45.045000     2400.000000   59.965000     3.03284E-03  4.36456E-05  37.761500  15.033300
3  466.000000    108.119000    1760.000000   89.581000     2080.000000   47.855000     1.97364E-02  2.04959E-04  28.473000  9.133230
3  466.000000    108.119000    1800.000000   73.849000     2120.000000   51.358000     1.56846E-02  1.64735E-04  30.064200  10.261000
3  466.000000    108.119000    1840.000000   69.746000     2160.000000   53.175000     1.18682E-02  1.25812E-04  32.288200  10.889400
3  466.000000    108.119000    1880.000000   67.320000     2200.000000   49.089000     9.01417E-03  1.03019E-04  34.978000  12.628600
3  466.000000    108.119000    1920.000000   57.532000     2240.000000   45.045000     7.23040E-03  9.68801E-05  38.137700  13.056700
3  466.000000    108.119000    1960.000000   54.922000     2280.000000   42.192000     5.82662E-03  8.08076E-05  39.010400  14.193300
3  466.000000    108.119000    2000.000000   51.429000     2320.000000   45.283000     5.87751E-03  8.15087E-05  39.531800  14.192500
3  466.000000    108.119000    2040.000000   51.134000     2360.000000   52.469000     5.57793E-03  7.73536E-05  40.343500  14.192400
3  466.000000    108.119000    2080.000000   47.855000     2400.000000   59.965000     5.30992E-03  7.36374E-05  39.904900  14.192600
3  540.000000    118.615000    0.000000      94.302000     40.000000     87.181000     1.43132E-02  1.50301E-04  6.380340  10.258800
3  540.000000    118.615000    200.000000    103.483000    240.000000    107.360000    1.20601E-02  1.27856E-04  9.303720  10.890200
3  540.000000    118.615000    240.000000    107.360000    280.000000    105.248000    2.77748E-02  2.87175E-04  12.229900  8.008430
3  540.000000    118.615000    280.000000    105.248000    320.000000    113.072000    2.58234E-02  2.88292E-04  16.039100  9.048050
3  540.000000    118.615000    320.000000    113.072000    360.000000    115.089000    2.97245E-02  3.07976E-04  14.099600  7.588550
3  540.000000    118.615000    360.000000    115.089000    400.000000    115.247000    3.91263E-02  3.98783E-04  11.002800  4.781380
3  540.000000    118.615000    400.000000    115.247000    440.000000    111.533000    7.33971E-02  7.39175E-04  12.004400  2.893180
3  540.000000    118.615000    440.000000    111.533000    480.000000    120.110000    1.30681E-01  1.31225E-03  9.903080  2.201430
3  540.000000    118.615000    640.000000    115.456000    680.000000    99.357000     6.66503E-02  6.72202E-04  9.425320  3.299890
3  540.000000    118.615000    680.000000    99.357000     720.000000    100.587000    4.02804E-02  4.10626E-04  10.758000  4.785660
3  540.000000    118.615000    720.000000    100.587000    760.000000    98.622000     3.76345E-02  3.90394E-04  14.352800  6.944170
3  540.000000    118.615000    760.000000    98.622000     800.000000    109.655000    3.07476E-02  3.18554E-04  14.979400  7.587670
3  540.000000    118.615000    800.000000    109.655000    840.000000    115.365000    2.34835E-02  2.43181E-04  13.224000  9.033950
3  540.000000    118.615000    840.000000    115.365000    880.000000    118.144000    1.78373E-02  1.86221E-04  14.774900  9.732600
3  540.000000    118.615000    2360.000000   52.469000     2400.000000   59.965000     5.82924E-04  1.26106E-05  11.708300  24.000700
3  540.000000    118.615000    0.000000      94.302000     80.000000     87.439000     2.59607E-02  2.68223E-04  6.946590  7.998740
3  540.000000    118.615000    40.000000     87.181000     120.000000    88.121000     2.27518E-02  2.35581E-04  7.640700  9.032850
3  540.000000    118.615000    80.000000     87.439000     160.000000    96.899000     2.52626E-02  2.61013E-04  8.755800  7.998940
3  540.000000    118.615000    120.000000    88.121000     200.000000    103.483000    2.72346E-02  2.81412E-04  9.452850  8.000100
3  540.000000    118.615000    880.000000    118.144000    960.000000    128.518000    2.35769E-02  2.44146E-04  21.486100  9.033890
3  540.000000    118.615000    920.000000    132.008000    1000.000000   116.905000    2.20629E-02  2.28481E-04  21.758500  9.034500
3  540.000000    118.615000    960.000000    128.518000    1040.000000   108.286000    1.81714E-02  1.89717E-04  15.594500  9.733020
3  540.000000    118.615000    1000.000000   116.905000    1080.000000   117.343000    1.64094E-02  1.71331E-04  22.287300  9.733640
3  540.000000    118.615000    1040.000000   108.286000    1120.000000   134.172000    1.60982E-02  1.68089E-04  22.510500  9.734170
3  540.000000    118.615000    1080.000000   117.343000    1160.000000   128.135000    1.02394E-02  1.10947E-04  23.727700  11.683400
3  540.000000    118.615000    1120.000000   134.172000    1200.000000   123.583000    9.46178E-03  1.08150E-04  24.561200  12.630100
3  540.000000    118.615000    1160.000000   128.135000    1240.000000   121.871000    1.24235E-02  1.31756E-04  24.605100  10.894000
3  540.000000    118.615000    2280.000000   42.192000     2360.000000   52.469000     1.80330E-03  2.82152E-05  17.064700  17.471500
3  540.000000    118.615000    2320.000000   45.283000     2400.000000   59.965000     1.22296E-03  2.64568E-05  12.187800  24.000800
3  540.000000    118.615000    1200.000000   123.583000    1360.000000   150.159000    2.37527E-02  2.46076E-04  28.462400  9.039100
3  540.000000    118.615000    1240.000000   121.871000    1400.000000   160.896000    2.15470E-02  2.23714E-04  29.293100  9.130730
3  540.000000    118.615000    1280.000000   129.599000    1440.000000   178.173000    1.96567E-02  2.04076E-04  26.751400  9.130060
3  540.000000    118.615000    1320.000000   143.045000    1480.000000   197.065000    1.52498E-02  1.60193E-04  24.797000  10.262500
3  540.000000    118.615000    1360.000000   150.159000    1520.000000   178.674000    1.33013E-02  1.41048E-04  24.589000  10.892700
3  540.000000    118.615000    1400.000000   160.896000    1560.000000   156.964000    1.06921E-02  1.15848E-04  24.708400  11.683100
3  540.000000    118.615000    1440.000000   178.173000    1600.000000   137.193000    1.00581E-02  1.08979E-04  22.948200  11.683100
3  540.000000    118.615000    1480.000000   197.065000    1640.000000   122.640000    1.31963E-02  1.39932E-04  23.026800  10.892500
3  540.000000    118.615000    1520.000000   178.674000    1680.000000   100.508000    1.63829E-02  1.71088E-04  22.738100  9.735940
3  540.000000    118.615000    1560.000000   156.964000    1720.000000   92.752000     1.92370E-02  1.99722E-04  22.435600  9.130370
3  540.000000    118.615000    1600.000000   137.193000    1760.000000   89.581000     1.91705E-02  1.99020E-04  22.504200  9.129630
3  540.000000    118.615000    1640.000000   122.640000    1800.000000   73.849000     1.96081E-02  2.03563E-04  21.374100  9.129660
3  540.000000    118.615000    1680.000000   100.508000    1840.000000   69.746000     1.93279E-02  2.00655E-04  20.288600  9.129630
3  540.000000    118.615000    1720.000000   92.752000     1880.000000   67.320000     1.76369E-02  1.84161E-04  18.799400  9.734540
3  540.000000    118.615000    1760.000000   89.581000     1920.000000   57.532000     1.67808E-02  1.75228E-04  18.140300  9.735000
3  540.000000    118.615000    1800.000000   73.849000     1960.000000   54.922000     1.39368E-02  1.46637E-04  19.740500  10.280000
3  540.000000    118.615000    2120.000000   51.358000     2280.000000   42.192000     2.74474E-03  4.29467E-05  19.138200  17.472000
3  540.000000    118.615000    2160.000000   53.175000     2320.000000   45.283000     3.24311E-03  4.66709E-05  17.850500  15.033100
3  540.000000    118.615000    2200.000000   49.089000     2360.000000   52.469000     3.41661E-03  4.91691E-05  17.710100  15.033500
3  540.000000    118.615000    2240.000000   45.045000     2400.000000   59.965000     3.39953E-03  4.89240E-05  17.115400  15.033700
3  540.000000    118.615000    1840.000000   69.746000     2160.000000   53.175000     1.33910E-02  1.41962E-04  21.745900  10.890000
3  540.000000    118.615000    1880.000000   67.320000     2200.000000   49.089000     1.01517E-02  1.09985E-04  22.863800  11.682300
3  540.000000    118.615000    1920.000000   57.532000     2240.000000   45.045000     8.12626E-03  9.28742E-05  24.218500  12.628900
3  540.000000    118.615000    1960.000000   54.922000     2280.000000   42.192000     6.53823E-03  8.76332E-05  22.044500  13.061000
3  540.000000    118.615000    2000.000000   51.429000     2320.000000   45.283000     6.58682E-03  8.82601E-05  21.228300  13.057300
3  540.000000    118.615000    2040.000000   51.134000     2360.000000   52.469000     6.25015E-03  8.37439E-05  20.638200  13.056400
3  540.000000    118.615000    2080.000000   47.855000     2400.000000   59.965000     5.94974E-03  8.25104E-05  19.334500  14.192500
3  620.000000    121.037000    0.000000      94.302000     40.000000     87.181000     1.27219E-02  1.35314E-04  17.603100  10.924000
3  620.000000    121.037000    280.000000    105.248000    320.000000    113.072000    1.89500E-02  1.96650E-04  15.151800  9.124710
3  620.000000    121.037000    320.000000    113.072000    360.000000    115.089000    2.05260E-02  2.13004E-04  16.586400  9.124710
3  620.000000    121.037000    360.000000    115.089000    400.000000    115.247000    2.44859E-02  2.53534E-04  14.643800  9.032700
3  620.000000    121.037000    400.000000    115.247000    440.000000    111.533000    3.98275E-02  4.05846E-04  15.559100  4.776890
3  620.000000    121.037000    440.000000    111.533000    480.000000    120.110000    5.79001E-02  5.84722E-04  14.863800  3.513710
3  620.000000    121.037000    480.000000    120.110000    520.000000    115.268000    4.44417E-02  4.50643E-04  15.699800  4.191710
3  620.000000    121.037000    680.000000    99.357000     720.000000    100.587000    1.01391E-01  1.01881E-03  9.164240  2.445310
3  620.000000    121.037000    720.000000    100.587000    760.000000    98.622000     7.44241E-02  7.49577E-04  12.449700  2.896100
3  620.000000    121.037000    760.000000    98.622000     800.000000    109.655000    5.35885E-02  5.41512E-04  14.623500  3.531440
3  620.000000    121.037000    800.000000    109.655000    840.000000    115.365000    3.69902E-02  3.83936E-04  11.892400  6.953240
3  620.000000    121.037000    840.000000    115.365000    880.000000    118.144000    2.69747E-02  2.78878E-04  14.063000  8.007350
3  620.000000    121.037000    880.000000    118.144000    920.000000    132.008000    1.91194E-02  1.98522E-04  10.756500  9.131540
3  620.000000    121.037000    920.000000    132.008000    960.000000    128.518000    1.37300E-02  1.44236E-04  34.439300  10.263100
3  620.000000    121.037000    2360.000000   52.469000     2400.000000   59.965000     6.28462E-04  1.35958E-05  10.269000  24.000800
3  620.000000    121.037000    0.000000      94.302000     80.000000     87.439000     2.28811E-02  2.36966E-04  17.589900  9.035070
3  620.000000    121.037000    40.000000     87.181000     120.000000    88.121000     1.96077E-02  2.03481E-04  16.635100  9.125060
3  620.000000    121.037000    80.000000     87.439000     160.000000    96.899000     2.12199E-02  2.20205E-04  15.713900  9.124740
3  620.000000    121.037000    120.000000    88.121000     200.000000    103.483000    2.23262E-02  2.31172E-04  14.832500  9.032730
3  620.000000    121.037000    160.000000    96.899000     240.000000    107.360000    1.99448E-02  2.06973E-04  13.379200  9.124720
3  620.000000    121.037000    200.000000    103.483000    280.000000    105.248000    3.03025E-02  3.13922E-04  14.226800  7.586640
3  620.000000    121.037000    960.000000    128.518000    1040.000000   108.286000    2.47378E-02  2.56308E-04  13.892200  9.040380
3  620.000000    121.037000    1000.000000   116.905000    1080.000000   117.343000    2.18884E-02  2.26770E-04  20.299800  9.039600
3  620.000000    121.037000    1040.000000   108.286000    1120.000000   134.172000    2.12233E-02  2.20374E-04  20.285000  9.131910
3  620.000000    121.037000    1080.000000   117.343000    1160.000000   128.135000    1.31858E-02  1.39810E-04  21.375800  10.891700
3  620.000000    121.037000    1120.000000   134.172000    1200.000000   123.583000    1.19949E-02  1.27192E-04  22.045000  10.892300
3  620.000000    121.037000    1160.000000   128.135000    1240.000000   121.871000    1.55633E-02  1.63486E-04  22.018300  10.262500
3  620.000000    121.037000    1200.000000   123.583000    1280.000000   129.599000    1.66389E-02  1.73758E-04  25.900500  9.735710
3  620.000000    121.037000    1240.000000   121.871000    1320.000000   143.045000    1.51375E-02  1.58995E-04  29.714600  10.261300
3  620.000000    121.037000    2280.000000   42.192000     2360.000000   52.469000     1.94308E-03  3.04032E-05  11.852300  17.472000
3  620.000000    121.037000    2320.000000   45.283000     2400.000000   59.965000     1.32090E-03  2.85757E-05  9.949710  24.000900
3  620.000000    121.037000    1280.000000   129.599000    1440.000000   178.173000    2.37647E-02  2.46114E-04  23.546100  9.034980
3  620.000000    121.037000    1320.000000   143.045000    1480.000000   197.065000    1.83300E-02  1.91365E-04  21.189900  9.732600
3  620.000000    121.037000    1360.000000   150.159000    1520.000000   178.674000    1.59234E-02  1.67228E-04  20.486300  10.259900
3  620.000000    121.037000    1400.000000   160.896000    1560.000000   156.964000    1.27208E-02  1.34866E-04  19.763600  10.890600
3  620.000000    121.037000    1440.000000   178.173000    1600.000000   137.193000    1.18743E-02  1.25889E-04  17.270500  10.890400
3  620.000000    121.037000    1480.000000   197.065000    1640.000000   122.640000    1.55022E-02  1.62843E-04  16.766400  10.262500
3  620.000000    121.037000    1520.000000   178.674000    1680.000000   100.508000    1.91701E-02  1.99085E-04  16.169400  9.133750
3  620.000000    121.037000    1560.000000   156.964000    1720.000000   92.752000     2.24296E-02  2.32570E-04  15.645700  9.049470
3  620.000000    121.037000    1600.000000   137.193000    1760.000000   89.581000     2.22890E-02  2.31175E-04  15.569200  9.052660
3  620.000000    121.037000    1640.000000   122.640000    1800.000000   73.849000     2.27228E-02  2.37606E-04  13.593000  9.149880
3  620.000000    121.037000    1680.000000   100.508000    1840.000000   69.746000     2.23325E-02  2.37361E-04  11.432900  9.345810
3  620.000000    121.037000    1720.000000   92.752000     1880.000000   67.320000     2.03288E-02  2.19453E-04  9.225740  9.597320
3  620.000000    121.037000    1760.000000   89.581000     1920.000000   57.532000     1.93122E-02  2.11783E-04  7.932990  9.789450
3  620.000000    121.037000    1800.000000   73.849000     1960.000000   54.922000     1.59964E-02  1.68141E-04  9.474340  10.269300
3  620.000000    121.037000    1840.000000   69.746000     2000.000000   51.429000     1.15010E-02  1.24628E-04  11.057800  11.684400
3  620.000000    121.037000    1880.000000   67.320000     2040.000000   51.134000     8.36228E-03  9.55934E-05  12.735300  12.631200
3  620.000000    121.037000    2120.000000   51.358000     2280.000000   42.192000     2.97689E-03  4.59135E-05  12.050100  16.024300
3  620.000000    121.037000    2160.000000   53.175000     2320.000000   45.283000     3.50620E-03  5.04847E-05  13.285500  15.040600
3  620.000000    121.037000    2200.000000   49.089000     2360.000000   52.469000     3.69022E-03  5.31310E-05  12.084500  15.039800
3  620.000000    121.037000    2240.000000   45.045000     2400.000000   59.965000     3.66617E-03  5.27606E-05  11.990900  15.033500
3  620.000000    121.037000    1920.000000   57.532000     2240.000000   45.045000     9.11405E-03  1.04492E-04  15.107600  12.661500
3  620.000000    121.037000    1960.000000   54.922000     2280.000000   42.192000     7.23718E-03  9.73473E-05  13.449600  13.110100
3  620.000000    121.037000    2000.000000   51.429000     2320.000000   45.283000     7.22037E-03  1.00263E-04  13.082800  13.556100
3  620.000000    121.037000    2040.000000   51.134000     2360.000000   52.469000     6.79736E-03  9.87126E-05  13.110400  14.207000
3  620.000000    121.037000    2080.000000   47.855000     2400.000000   59.965000     6.43409E-03  9.80678E-05  12.273800  14.941900
3  700.000000    96.325000     0.000000      94.302000     40.000000     87.181000     1.13926E-02  1.24556E-04  21.367300  11.774100
3  700.000000    96.325000     360.000000    115.089000    400.000000    115.247000    1.80259E-02  1.88165E-04  16.597900  9.731110
3  700.000000    96.325000     400.000000    115.247000    440.000000    111.533000    2.79260E-02  2.88526E-04  17.570300  7.998640
3  700.000000    96.325000     440.000000    111.533000    480.000000    120.110000    3.83091E-02  3.90374E-04  17.425800  4.776880
3  700.000000    96.325000     480.000000    120.110000    520.000000    115.268000    2.55151E-02  2.63617E-04  17.589600  7.998640
3  700.000000    96.325000     520.000000    115.268000    560.000000    123.811000    5.92951E-02  5.98809E-04  14.403100  3.513680
3  700.000000    96.325000     560.000000    123.811000    600.000000    124.839000    6.89319E-02  6.95206E-04  16.348700  3.299630
3  700.000000    96.325000     600.000000    124.839000    640.000000    115.456000    9.41228E-02  9.46066E-04  10.872700  2.690830
3  700.000000    96.325000     760.000000    98.622000     800.000000    109.655000    1.32271E-01  1.32792E-03  12.150000  2.191460
3  700.000000    96.325000     800.000000    109.655000    840.000000    115.365000    7.40431E-02  7.45481E-04  10.230700  2.883800
3  700.000000    96.325000     840.000000    115.365000    880.000000    118.144000    4.77121E-02  4.83844E-04  14.115200  4.193410
3  700.000000    96.325000     880.000000    118.144000    920.000000    132.008000    2.96388E-02  3.07061E-04  10.033700  7.587290
3  700.000000    96.325000     920.000000    132.008000    960.000000    128.518000    1.87572E-02  1.94657E-04  28.728200  9.125220
3  700.000000    96.325000     960.000000    128.518000    1000.000000   116.905000    2.42988E-02  2.51631E-04  8.999280  9.034300
3  700.000000    96.325000     1000.000000   116.905000    1040.000000   108.286000    1.17826E-02  1.24910E-04  21.342600  10.889900
3  700.000000    96.325000     2360.000000   52.469000     2400.000000   59.965000     7.04785E-04  1.52469E-05  46.535200  24.000700
3  700.000000    96.325000     0.000000      94.302000     80.000000     87.439000     2.03917E-02  2.11707E-04  20.777000  9.130120
3  700.000000    96.325000     40.000000     87.181000     120.000000    88.121000     1.72452E-02  1.80016E-04  18.836500  9.731110
3  700.000000    96.325000     80.000000     87.439000     160.000000    96.899000     1.83650E-02  1.91705E-04  17.781400  9.731110
3  700.000000    96.325000     120.000000    88.121000     200.000000    103.483000    1.90088E-02  1.97260E-04  16.810600  9.124710
3  700.000000    96.325000     160.000000    96.899000     240.000000    107.360000    1.66279E-02  1.73572E-04  15.012900  9.731110
3  700.000000    96.325000     200.000000    103.483000    280.000000    105.248000    2.46428E-02  2.55159E-04  15.670400  9.032700
3  700.000000    96.325000     240.000000    107.360000    320.000000    113.072000    3.19549E-02  3.31040E-04  16.426500  7.586620
3  700.000000    96.325000     280.000000    105.248000    360.000000    115.089000    3.08399E-02  3.19489E-04  17.347800  7.586620
3  700.000000    96.325000     1040.000000   108.286000    1120.000000   134.172000    2.93336E-02  3.03917E-04  20.506200  7.588240
3  700.000000    96.325000     1080.000000   117.343000    1160.000000   128.135000    1.76852E-02  1.84616E-04  21.910300  9.731570
3  700.000000    96.325000     1120.000000   134.172000    1200.000000   123.583000    1.57459E-02  1.65352E-04  23.136300  10.259100
3  700.000000    96.325000     1160.000000   128.135000    1240.000000   121.871000    2.00832E-02  2.08427E-04  23.857900  9.125720
3  700.000000    96.325000     1200.000000   123.583000    1280.000000   129.599000    2.11502E-02  2.19499E-04  28.114800  9.125690
3  700.000000    96.325000     1240.000000   121.871000    1320.000000   143.045000    1.89723E-02  1.96891E-04  32.664800  9.125350
3  700.000000    96.325000     1280.000000   129.599000    1360.000000   150.159000    1.55662E-02  1.63462E-04  29.047400  10.259000
3  700.000000    96.325000     1320.000000   143.045000    1400.000000   160.896000    1.36073E-02  1.44254E-04  26.424000  10.889800
3  700.000000    96.325000     2280.000000   42.192000     2360.000000   52.469000     2.18763E-03  3.42288E-05  48.304200  17.471600
3  700.000000    96.325000     2320.000000   45.283000     2400.000000   59.965000     1.48169E-03  3.20540E-05  46.566400  24.000700
3  700.000000    96.325000     1360.000000   150.159000    1520.000000   178.674000    1.93520E-02  2.00823E-04  26.313500  9.124870
3  700.000000    96.325000     1400.000000   160.896000    1560.000000   156.964000    1.53418E-02  1.61101E-04  26.710500  10.258700
3  700.000000    96.325000     1440.000000   178.173000    1600.000000   137.193000    1.41885E-02  1.48991E-04  25.484900  10.258700
3  700.000000    96.325000     1480.000000   197.065000    1640.000000   122.640000    1.84128E-02  1.92206E-04  26.018800  9.731210
3  700.000000    96.325000     1520.000000   178.674000    1680.000000   100.508000    2.26578E-02  2.34610E-04  26.187800  9.032980
3  700.000000    96.325000     1560.000000   156.964000    1720.000000   92.752000     2.64112E-02  2.72886E-04  26.751600  7.999100
3  700.000000    96.325000     1600.000000   137.193000    1760.000000   89.581000     2.61502E-02  2.70186E-04  27.104600  7.999070
3  700.000000    96.325000     1640.000000   122.640000    1800.000000   73.849000     2.65330E-02  2.74144E-04  26.684700  7.999080
3  700.000000    96.325000     1680.000000   100.508000    1840.000000   69.746000     2.59629E-02  2.68251E-04  26.253800  7.999080
3  700.000000    96.325000     1720.000000   92.752000     1880.000000   67.320000     2.35443E-02  2.43792E-04  24.935600  9.033000
3  700.000000    96.325000     1760.000000   89.581000     1920.000000   57.532000     2.23221E-02  2.31136E-04  24.927200  9.033090
3  700.000000    96.325000     1800.000000   73.849000     1960.000000   54.922000     1.84421E-02  1.92519E-04  27.243400  9.731660
3  700.000000    96.325000     1840.000000   69.746000     2000.000000   51.429000     1.32349E-02  1.40304E-04  29.260600  10.889700
3  700.000000    96.325000     1880.000000   67.320000     2040.000000   51.134000     9.59903E-03  1.04025E-04  31.685100  11.685000
3  700.000000    96.325000     1920.000000   57.532000     2080.000000   47.855000     7.26122E-03  9.73621E-05  36.567800  13.066500
3  700.000000    96.325000     1960.000000   54.922000     2120.000000   51.358000     4.83788E-03  6.70951E-05  40.689000  14.193300
3  700.000000    96.325000     2120.000000   51.358000     2280.000000   42.192000     3.33421E-03  4.79819E-05  50.292800  15.033000
3  700.000000    96.325000     2160.000000   53.175000     2320.000000   45.283000     3.94396E-03  5.67567E-05  48.251600  15.033100
3  700.000000    96.325000     2200.000000   49.089000     2360.000000   52.469000     4.15117E-03  5.97399E-05  48.312400  15.033400
3  700.000000    96.325000     2240.000000   45.045000     2400.000000   59.965000     4.12378E-03  5.93478E-05  48.579600  15.033800
3  700.000000    96.325000     2000.000000   51.429000     2320.000000   45.283000     8.13181E-03  9.29433E-05  47.010400  12.629600
3  700.000000    96.325000     2040.000000   51.134000     2360.000000   52.469000     7.63586E-03  1.02312E-04  49.745400  13.056600
3  700.000000    96.325000     2080.000000   47.855000     2400.000000   59.965000     7.21648E-03  9.66915E-05  50.724300  13.056400
3  740.000000    95.156000     0.000000      94.302000     40.000000     87.181000     1.05592E-02  1.14408E-04  9.022710  11.683100
3  740.000000    95.156000     400.000000    115.247000    440.000000    111.533000    2.34031E-02  2.42323E-04  17.081300  9.032700
3  740.000000    95.156000     440.000000    111.533000    480.000000    120.110000    3.11203E-02  3.22394E-04  17.403100  7.586620
3  740.000000    95.156000     480.000000    120.110000    520.000000    115.268000    1.97792E-02  2.05255E-04  17.712600  9.124710
3  740.000000    95.156000     520.000000    115.268000    560.000000    123.811000    4.39722E-02  4.48081E-04  15.212200  4.776880
3  740.000000    95.156000     560.000000    123.811000    600.000000    124.839000    4.69615E-02  4.76199E-04  18.273800  4.191720
3  740.000000    95.156000     600.000000    124.839000    640.000000    115.456000    5.77781E-02  5.83489E-04  12.784200  3.513680
3  740.000000    95.156000     640.000000    115.456000    680.000000    99.357000     1.38261E-01  1.38796E-03  12.584400  2.188060
3  740.000000    95.156000     800.000000    109.655000    840.000000    115.365000    1.88834E-01  1.89395E-03  8.744030  1.832330
3  740.000000    95.156000     840.000000    115.365000    880.000000    118.144000    9.21331E-02  9.26214E-04  16.981800  2.696590
3  740.000000    95.156000     880.000000    118.144000    920.000000    132.008000    4.63347E-02  4.69908E-04  11.301800  4.195120
3  740.000000    95.156000     920.000000    132.008000    960.000000    128.518000    2.89447E-02  2.99884E-04  18.727800  7.588070
3  740.000000    95.156000     960.000000    128.518000    1000.000000   116.905000    3.29605E-02  3.41978E-04  9.699510  6.947270
3  740.000000    95.156000     1000.000000   116.905000    1040.000000   108.286000    1.56539E-02  1.64391E-04  21.084400  10.259500
3  740.000000    95.156000     1040.000000   108.286000    1080.000000   117.343000    2.37781E-02  2.46282E-04  19.871600  9.036350
3  740.000000    95.156000     2360.000000   52.469000     2400.000000   59.965000     7.69431E-04  1.66454E-05  23.266300  24.000700
3  740.000000    95.156000     0.000000      94.302000     80.000000     87.439000     1.88619E-02  1.95737E-04  9.709450  9.124920
3  740.000000    95.156000     40.000000     87.181000     120.000000    88.121000     1.58796E-02  1.66756E-04  10.308100  10.259200
3  740.000000    95.156000     80.000000     87.439000     160.000000    96.899000     1.67800E-02  1.75160E-04  10.979900  9.731120
3  740.000000    95.156000     120.000000    88.121000     200.000000    103.483000    1.72089E-02  1.79637E-04  11.378700  9.731110
3  740.000000    95.156000     160.000000    96.899000     240.000000    107.360000    1.48988E-02  1.56448E-04  10.902600  10.258600
3  740.000000    95.156000     200.000000    103.483000    280.000000    105.248000    2.18197E-02  2.25928E-04  12.709100  9.032710
3  740.000000    95.156000     240.000000    107.360000    320.000000    113.072000    2.80928E-02  2.90249E-04  13.969000  7.998640
3  740.000000    95.156000     280.000000    105.248000    360.000000    115.089000    2.67849E-02  2.76736E-04  15.440300  7.998640
3  740.000000    95.156000     320.000000    113.072000    400.000000    115.247000    2.88940E-02  2.99330E-04  16.069500  7.586620
3  740.000000    95.156000     1080.000000   117.343000    1160.000000   128.135000    2.16230E-02  2.23921E-04  23.356700  9.034280
3  740.000000    95.156000     1120.000000   134.172000    1200.000000   123.583000    1.89660E-02  1.96844E-04  24.855100  9.126450
3  740.000000    95.156000     1160.000000   128.135000    1240.000000   121.871000    2.38032E-02  2.46535E-04  26.001000  9.036030
3  740.000000    95.156000     1200.000000   123.583000    1280.000000   129.599000    2.47709E-02  2.56584E-04  30.469500  9.037340
3  740.000000    95.156000     1240.000000   121.871000    1320.000000   143.045000    2.19965E-02  2.27851E-04  35.236700  9.037510
3  740.000000    95.156000     1280.000000   129.599000    1360.000000   150.159000    1.79134E-02  1.87048E-04  31.959500  9.734560
3  740.000000    95.156000     1320.000000   143.045000    1400.000000   160.896000    1.55594E-02  1.63434E-04  29.211400  10.261800
3  740.000000    95.156000     1360.000000   150.159000    1440.000000   178.173000    1.55822E-02  1.63677E-04  29.325000  10.262000
3  740.000000    95.156000     2280.000000   42.192000     2360.000000   52.469000     2.38445E-03  3.73085E-05  25.802700  17.471700
3  740.000000    95.156000     2320.000000   45.283000     2400.000000   59.965000     1.61703E-03  2.53005E-05  24.047200  17.471500
3  740.000000    95.156000     1400.000000   160.896000    1560.000000   156.964000    1.73196E-02  1.80806E-04  29.201100  9.731980
3  740.000000    95.156000     1440.000000   178.173000    1600.000000   137.193000    1.59049E-02  1.67022E-04  28.351300  10.259200
3  740.000000    95.156000     1480.000000   197.065000    1640.000000   122.640000    2.05486E-02  2.13268E-04  28.796400  9.126310
3  740.000000    95.156000     1520.000000   178.674000    1680.000000   100.508000    2.52087E-02  2.60514E-04  28.459700  8.001820
3  740.000000    95.156000     1560.000000   156.964000    1720.000000   92.752000     2.92943E-02  3.03562E-04  29.078900  7.590660
3  740.000000    95.156000     1600.000000   137.193000    1760.000000   89.581000     2.89544E-02  3.00037E-04  28.830700  7.590530
3  740.000000    95.156000     1640.000000   122.640000    1800.000000   73.849000     2.93044E-02  3.03658E-04  28.004300  7.590230
3  740.000000    95.156000     1680.000000   100.508000    1840.000000   69.746000     2.85980E-02  2.96341E-04  27.487100  7.590380
3  740.000000    95.156000     1720.000000   92.752000     1880.000000   67.320000     2.58823E-02  2.67483E-04  25.851100  8.002210
3  740.000000    95.156000     1760.000000   89.581000     1920.000000   57.532000     2.45076E-02  2.53825E-04  25.732900  9.035800
3  740.000000    95.156000     1800.000000   73.849000     1960.000000   54.922000     2.02283E-02  2.09970E-04  27.608100  9.127760
3  740.000000    95.156000     1840.000000   69.746000     2000.000000   51.429000     1.45139E-02  1.52438E-04  28.969100  10.260800
3  740.000000    95.156000     1880.000000   67.320000     2040.000000   51.134000     1.05212E-02  1.14132E-04  30.853000  11.695100
3  740.000000    95.156000     1920.000000   57.532000     2080.000000   47.855000     7.95035E-03  9.11341E-05  34.467600  12.659700
3  740.000000    95.156000     1960.000000   54.922000     2120.000000   51.358000     5.28436E-03  7.33194E-05  33.415000  14.199300
3  740.000000    95.156000     2000.000000   51.429000     2160.000000   53.175000     4.56862E-03  6.33713E-05  33.793700  14.195600
3  740.000000    95.156000     2120.000000   51.358000     2280.000000   42.192000     3.63775E-03  5.23520E-05  29.741600  15.033500
3  740.000000    95.156000     2160.000000   53.175000     2320.000000   45.283000     4.29912E-03  6.18691E-05  27.516300  15.033300
3  740.000000    95.156000     2200.000000   49.089000     2360.000000   52.469000     4.52828E-03  6.27991E-05  26.818400  14.192800
3  740.000000    95.156000     2240.000000   45.045000     2400.000000   59.965000     4.50020E-03  6.24106E-05  26.188000  14.193100
3  740.000000    95.156000     2040.000000   51.134000     2360.000000   52.469000     8.32865E-03  9.51840E-05  30.384200  12.628600
3  740.000000    95.156000     2080.000000   47.855000     2400.000000   59.965000     7.87658E-03  9.00199E-05  28.882200  12.628800
3  780.000000    105.378000    0.000000      94.302000     40.000000     87.181000     9.85963E-03  1.07087E-04  15.556500  11.707400
3  780.000000    105.378000    440.000000    111.533000    480.000000    120.110000    2.61821E-02  2.70508E-04  18.421000  7.998640
3  780.000000    105.378000    480.000000    120.110000    520.000000    115.268000    1.60431E-02  1.67468E-04  18.730600  9.731110
3  780.000000    105.378000    520.000000    115.268000    560.000000    123.811000    3.44641E-02  3.57493E-04  16.413600  6.943470
3  780.000000    105.378000    560.000000    123.811000    600.000000    124.839000    3.48077E-02  3.61057E-04  19.175800  6.943500
3  780.000000    105.378000    600.000000    124.839000    640.000000    115.456000    4.04569E-02  4.12260E-04  15.021700  4.776880
3  780.000000    105.378000    640.000000    115.456000    680.000000    99.357000     8.51375E-02  8.55751E-04  15.025000  2.690840
3  780.000000    105.378000    680.000000    99.357000     720.000000    100.587000    1.62324E-01  1.62848E-03  12.208100  1.977780
3  780.000000    105.378000    840.000000    115.365000    880.000000    118.144000    2.64011E-01  2.64560E-03  11.211000  1.423900
3  780.000000    105.378000    880.000000    118.144000    920.000000    132.008000    8.96276E-02  9.00937E-04  9.865520  2.692810
3  780.000000    105.378000    920.000000    132.008000    960.000000    128.518000    5.10540E-02  5.17723E-04  13.309100  4.193000
3  780.000000    105.378000    960.000000    128.518000    1000.000000   116.905000    4.96947E-02  5.03954E-04  8.044080  4.193740
3  780.000000    105.378000    1000.000000   116.905000    1040.000000   108.286000    2.23115E-02  2.31027E-04  18.182700  9.033100
3  780.000000    105.378000    1040.000000   108.286000    1080.000000   117.343000    3.09148E-02  3.20302E-04  17.040800  7.588310
3  780.000000    105.378000    1080.000000   117.343000    1120.000000   134.172000    1.61201E-02  1.68284E-04  21.551100  9.731950
3  780.000000    105.378000    2360.000000   52.469000     2400.000000   59.965000     8.13394E-04  1.75965E-05  39.010200  24.000700
3  780.000000    105.378000    0.000000      94.302000     80.000000     87.439000     1.75877E-02  1.83591E-04  15.026000  9.731120
3  780.000000    105.378000    40.000000     87.181000     120.000000    88.121000     1.47411E-02  1.54792E-04  13.406500  10.258600
3  780.000000    105.378000    80.000000     87.439000     160.000000    96.899000     1.54633E-02  1.62397E-04  12.607400  10.260000
3  780.000000    105.378000    120.000000    88.121000     200.000000    103.483000    1.57234E-02  1.65132E-04  12.310100  10.260100
3  780.000000    105.378000    160.000000    96.899000     240.000000    107.360000    1.34711E-02  1.42804E-04  11.640500  10.889400
3  780.000000    105.378000    200.000000    103.483000    280.000000    105.248000    1.95077E-02  2.02437E-04  13.362700  9.124800
3  780.000000    105.378000    240.000000    107.360000    320.000000    113.072000    2.49526E-02  2.57805E-04  14.661500  7.998690
3  780.000000    105.378000    280.000000    105.248000    360.000000    115.089000    2.35395E-02  2.43735E-04  16.149500  9.032740
3  780.000000    105.378000    320.000000    113.072000    400.000000    115.247000    2.50466E-02  2.58776E-04  16.880200  7.998680
3  780.000000    105.378000    360.000000    115.089000    440.000000    111.533000    3.29640E-02  3.41932E-04  17.449000  6.943480
3  780.000000    105.378000    1120.000000   134.172000    1200.000000   123.583000    2.34437E-02  2.42757E-04  22.616600  9.033360
3  780.000000    105.378000    1160.000000   128.135000    1240.000000   121.871000    2.87907E-02  2.98295E-04  23.717400  7.588300
3  780.000000    105.378000    1200.000000   123.583000    1280.000000   129.599000    2.94699E-02  3.05361E-04  28.033000  7.589700
3  780.000000    105.378000    1240.000000   121.871000    1320.000000   143.045000    2.58059E-02  2.66673E-04  32.947000  8.001170
3  780.000000    105.378000    1280.000000   129.599000    1360.000000   150.159000    2.08165E-02  2.16067E-04  29.839700  9.127380
3  780.000000    105.378000    1320.000000   143.045000    1400.000000   160.896000    1.79313E-02  1.87214E-04  27.097000  9.733290
3  780.000000    105.378000    1360.000000   150.159000    1440.000000   178.173000    1.78769E-02  1.86655E-04  27.187200  9.733780
3  780.000000    105.378000    1400.000000   160.896000    1480.000000   197.065000    1.13708E-02  1.23211E-04  26.790800  11.683800
3  780.000000    105.378000    2280.000000   42.192000     2360.000000   52.469000     2.52119E-03  3.94478E-05  42.239000  17.471600
3  780.000000    105.378000    2320.000000   45.283000     2400.000000   59.965000     1.71190E-03  2.67849E-05  39.347400  17.471400
3  780.000000    105.378000    1440.000000   178.173000    1600.000000   137.193000    1.79349E-02  1.87226E-04  26.715500  9.731790
3  780.000000    105.378000    1480.000000   197.065000    1640.000000   122.640000    2.30568E-02  2.38774E-04  27.341800  9.034570
3  780.000000    105.378000    1520.000000   178.674000    1680.000000   100.508000    2.81787E-02  2.91185E-04  27.190200  8.000890
3  780.000000    105.378000    1560.000000   156.964000    1720.000000   92.752000     3.26401E-02  3.38207E-04  27.769000  7.589560
3  780.000000    105.378000    1600.000000   137.193000    1760.000000   89.581000     3.21751E-02  3.33392E-04  28.096800  7.589660
3  780.000000    105.378000    1640.000000   122.640000    1800.000000   73.849000     3.24564E-02  3.36300E-04  27.673600  7.589340
3  780.000000    105.378000    1680.000000   100.508000    1840.000000   69.746000     3.15759E-02  3.27171E-04  27.590100  7.589080
3  780.000000    105.378000    1720.000000   92.752000     1880.000000   67.320000     2.85074E-02  2.94587E-04  26.294500  8.001020
3  780.000000    105.378000    1760.000000   89.581000     1920.000000   57.532000     2.69508E-02  2.78501E-04  26.356700  8.001060
3  780.000000    105.378000    1800.000000   73.849000     1960.000000   54.922000     2.21919E-02  2.30086E-04  28.772600  9.048440
3  780.000000    105.378000    1840.000000   69.746000     2000.000000   51.429000     1.58917E-02  1.67413E-04  30.746400  10.293200
3  780.000000    105.378000    1880.000000   67.320000     2040.000000   51.134000     1.14967E-02  1.25757E-04  33.509300  11.779200
3  780.000000    105.378000    1920.000000   57.532000     2080.000000   47.855000     8.66060E-03  1.00718E-04  38.565600  12.810700
3  780.000000    105.378000    1960.000000   54.922000     2120.000000   51.358000     5.70912E-03  7.92591E-05  41.078600  14.207200
3  780.000000    105.378000    2000.000000   51.429000     2160.000000   53.175000     4.90042E-03  6.79625E-05  44.279500  14.193300
3  780.000000    105.378000    2040.000000   51.134000     2200.000000   49.089000     4.04803E-03  5.82544E-05  47.767200  15.033100
3  780.000000    105.378000    2120.000000   51.358000     2280.000000   42.192000     3.85388E-03  5.54612E-05  45.052900  15.033200
3  780.000000    105.378000    2160.000000   53.175000     2320.000000   45.283000     4.55256E-03  6.31344E-05  43.344400  14.192600
3  780.000000    105.378000    2200.000000   49.089000     2360.000000   52.469000     4.79332E-03  6.64738E-05  42.850100  14.192600
3  780.000000    105.378000    2240.000000   45.045000     2400.000000   59.965000     4.75954E-03  6.60058E-05  42.526700  14.192700
3  780.000000    105.378000    2080.000000   47.855000     2400.000000   59.965000     8.33488E-03  9.52552E-05  44.816400  12.628500
3  820.000000    113.802000    0.000000      94.302000     40.000000     87.181000     9.06686E-03  1.03623E-04  13.693200  12.628800
3  820.000000    113.802000    480.000000    120.110000    520.000000    115.268000    1.28001E-02  1.35691E-04  19.465600  10.889400
3  820.000000    113.802000    520.000000    115.268000    560.000000    123.811000    2.68622E-02  2.77535E-04  17.137000  7.998640
3  820.000000    113.802000    560.000000    123.811000    600.000000    124.839000    2.58762E-02  2.67348E-04  19.555100  7.998640
3  820.000000    113.802000    600.000000    124.839000    640.000000    115.456000    2.91219E-02  3.01691E-04  16.379700  7.586620
3  820.000000    113.802000    640.000000    115.456000    680.000000    99.357000     5.58035E-02  5.63548E-04  16.159800  3.513690
3  820.000000    113.802000    680.000000    99.357000     720.000000    100.587000    8.36825E-02  8.41135E-04  13.257400  2.690890
3  820.000000    113.802000    720.000000    100.587000    760.000000    98.622000     2.76394E-01  5.53012E-03  26.485600  17.376300
3  820.000000    113.802000    880.000000    118.144000    920.000000    132.008000    2.33109E-01  3.11187E-03  -4.281140  8.964120
3  820.000000    113.802000    960.000000    128.518000    1000.000000   116.905000    8.73907E-02  1.07447E-03  12.258900  7.574770
3  820.000000    113.802000    1000.000000   116.905000    1040.000000   108.286000    3.64004E-02  9.33721E-04  33.225900  24.466500
3  820.000000    113.802000    1040.000000   108.286000    1080.000000   117.343000    4.39897E-02  4.48268E-04  15.279800  4.777310
3  820.000000    113.802000    1080.000000   117.343000    1120.000000   134.172000    2.24037E-02  2.31977E-04  20.372200  9.032850
3  820.000000    113.802000    1120.000000   134.172000    1160.000000   128.135000    1.49989E-02  1.57500E-04  19.253600  10.258700
3  820.000000    113.802000    2360.000000   52.469000     2400.000000   59.965000     9.00152E-04  1.94733E-05  25.093800  24.000700
3  820.000000    113.802000    0.000000      94.302000     80.000000     87.439000     1.61149E-02  1.68219E-04  13.920200  9.731180
3  820.000000    113.802000    40.000000     87.181000     120.000000    88.121000     1.33852E-02  1.41894E-04  13.776900  10.889400
3  820.000000    113.802000    120.000000    88.121000     200.000000    103.483000    1.40756E-02  1.47805E-04  14.171400  10.258600
3  820.000000    113.802000    160.000000    96.899000     240.000000    107.360000    1.19624E-02  1.26811E-04  13.270300  10.889400
3  820.000000    113.802000    200.000000    103.483000    280.000000    105.248000    1.71260E-02  1.78771E-04  14.720800  9.731110
3  820.000000    113.802000    240.000000    107.360000    320.000000    113.072000    2.17750E-02  2.25465E-04  15.898300  9.032710
3  820.000000    113.802000    280.000000    105.248000    360.000000    115.089000    2.03459E-02  2.11136E-04  17.173300  9.124710
3  820.000000    113.802000    320.000000    113.072000    400.000000    115.247000    2.13280E-02  2.21327E-04  17.791600  9.124710
3  820.000000    113.802000    360.000000    115.089000    440.000000    111.533000    2.76173E-02  2.85336E-04  18.257700  7.998670
3  820.000000    113.802000    400.000000    115.247000    480.000000    120.110000    3.80087E-02  3.87312E-04  18.978900  4.776890
3  820.000000    113.802000    1160.000000   128.135000    1240.000000   121.871000    3.72368E-02  3.86265E-04  23.076200  6.944020
3  820.000000    113.802000    1200.000000   123.583000    1280.000000   129.599000    3.72419E-02  3.86321E-04  27.449700  6.944090
3  820.000000    113.802000    1240.000000   121.871000    1320.000000   143.045000    3.19615E-02  3.31128E-04  32.651000  7.587480
3  820.000000    113.802000    1280.000000   129.599000    1360.000000   150.159000    2.54329E-02  2.62780E-04  29.782900  7.999300
3  820.000000    113.802000    1320.000000   143.045000    1400.000000   160.896000    2.16601E-02  2.24286E-04  26.959200  9.033260
3  820.000000    113.802000    1360.000000   150.159000    1440.000000   178.173000    2.15207E-02  2.23340E-04  26.886800  9.125420
3  820.000000    113.802000    1400.000000   160.896000    1480.000000   197.065000    1.36382E-02  1.44580E-04  26.321300  10.889800
3  820.000000    113.802000    1440.000000   178.173000    1520.000000   178.674000    8.63535E-03  9.86891E-05  25.967000  12.628600
3  820.000000    113.802000    2280.000000   42.192000     2360.000000   52.469000     2.79144E-03  4.36760E-05  26.242000  17.471500
3  820.000000    113.802000    2320.000000   45.283000     2400.000000   59.965000     1.89709E-03  2.96824E-05  25.352600  17.471400
3  820.000000    113.802000    0.000000      94.302000     160.000000    96.899000     3.00412E-02  3.11215E-04  13.999900  7.586640
3  820.000000    113.802000    1480.000000   197.065000    1640.000000   122.640000    2.72199E-02  2.81239E-04  26.183700  7.999070
3  820.000000    113.802000    1520.000000   178.674000    1680.000000   100.508000    3.31226E-02  3.43594E-04  25.812200  6.944210
3  820.000000    113.802000    1560.000000   156.964000    1720.000000   92.752000     3.82115E-02  3.89402E-04  26.204400  4.778090
3  820.000000    113.802000    1600.000000   137.193000    1760.000000   89.581000     3.75508E-02  3.89533E-04  26.353000  6.944340
3  820.000000    113.802000    1640.000000   122.640000    1800.000000   73.849000     3.77227E-02  3.91316E-04  25.660400  6.944450
3  820.000000    113.802000    1680.000000   100.508000    1840.000000   69.746000     3.65739E-02  3.79407E-04  25.351500  6.944730
3  820.000000    113.802000    1720.000000   92.752000     1880.000000   67.320000     3.29397E-02  3.41710E-04  23.820400  6.944910
3  820.000000    113.802000    1760.000000   89.581000     1920.000000   57.532000     3.10884E-02  3.22094E-04  23.747500  7.587990
3  820.000000    113.802000    1800.000000   73.849000     1960.000000   54.922000     2.55568E-02  2.64078E-04  25.784300  8.000190
3  820.000000    113.802000    1840.000000   69.746000     2000.000000   51.429000     1.82631E-02  1.90661E-04  27.278000  9.732310
3  820.000000    113.802000    1880.000000   67.320000     2040.000000   51.134000     1.31893E-02  1.39834E-04  29.326600  10.890700
3  820.000000    113.802000    1920.000000   57.532000     2080.000000   47.855000     9.90611E-03  1.07359E-04  33.150600  11.685700
3  820.000000    113.802000    1960.000000   54.922000     2120.000000   51.358000     6.45614E-03  8.65045E-05  32.456700  13.056600
3  820.000000    113.802000    2000.000000   51.429000     2160.000000   53.175000     5.49408E-03  7.61908E-05  33.421300  14.192500
3  820.000000    113.802000    2040.000000   51.134000     2200.000000   49.089000     4.49369E-03  6.23203E-05  35.098700  14.193100
3  820.000000    113.802000    2080.000000   47.855000     2240.000000   45.045000     3.94237E-03  5.67343E-05  33.582400  15.033200
3  820.000000    113.802000    2120.000000   51.358000     2280.000000   42.192000     4.26122E-03  6.13228E-05  30.490200  15.033100
3  820.000000    113.802000    2160.000000   53.175000     2320.000000   45.283000     5.04209E-03  6.99232E-05  27.892100  14.192600
3  820.000000    113.802000    2200.000000   49.089000     2360.000000   52.469000     5.31038E-03  7.36438E-05  27.078700  14.192500
3  820.000000    113.802000    2240.000000   45.045000     2400.000000   59.965000     5.27044E-03  7.30905E-05  26.638200  14.192600
3  865.000000    114.769000    0.000000      94.302000     40.000000     87.181000     8.43831E-03  9.64372E-05  23.057300  12.628600
3  865.000000    114.769000    520.000000    115.268000    560.000000    123.811000    2.16027E-02  2.24178E-04  17.986200  9.124720
3  865.000000    114.769000    560.000000    123.811000    600.000000    124.839000    2.00664E-02  2.08235E-04  20.390600  9.124730
3  865.000000    114.769000    600.000000    124.839000    640.000000    115.456000    2.18662E-02  2.26409E-04  17.946800  9.032700
3  865.000000    114.769000    640.000000    115.456000    680.000000    99.357000     3.95388E-02  4.02904E-04  17.760600  4.776880
3  865.000000    114.769000    680.000000    99.357000     720.000000    100.587000    5.05536E-02  5.12624E-04  14.874600  4.191720
3  865.000000    114.769000    720.000000    100.587000    760.000000    98.622000     1.14960E-01  2.37509E-03  8.530530  18.216800
3  865.000000    114.769000    760.000000    98.622000     800.000000    109.655000    2.84501E-01  2.85107E-03  9.008650  1.427330
3  865.000000    114.769000    960.000000    128.518000    1000.000000   116.905000    1.56162E-01  1.56670E-03  6.787900  1.979120
3  865.000000    114.769000    1000.000000   116.905000    1040.000000   108.286000    5.69377E-02  5.75008E-04  14.309000  3.513970
3  865.000000    114.769000    1040.000000   108.286000    1080.000000   117.343000    6.14119E-02  6.19376E-04  13.472900  3.300340
3  865.000000    114.769000    1080.000000   117.343000    1120.000000   134.172000    3.02001E-02  3.12861E-04  19.217000  7.586740
3  865.000000    114.769000    1120.000000   134.172000    1160.000000   128.135000    1.98259E-02  2.05739E-04  18.149800  9.124780
3  865.000000    114.769000    1160.000000   128.135000    1200.000000   123.583000    2.09170E-02  2.17064E-04  22.934400  9.124820
3  865.000000    114.769000    2360.000000   52.469000     2400.000000   59.965000     9.82340E-04  2.12514E-05  30.697100  24.000700
3  865.000000    114.769000    0.000000      94.302000     80.000000     87.439000     1.49604E-02  1.57096E-04  21.620900  10.258600
3  865.000000    114.769000    40.000000     87.181000     120.000000    88.121000     1.23350E-02  1.30761E-04  18.581500  10.889500
3  865.000000    114.769000    160.000000    96.899000     240.000000    107.360000    1.07813E-02  1.16805E-04  14.799000  11.682200
3  865.000000    114.769000    200.000000    103.483000    280.000000    105.248000    1.52635E-02  1.60279E-04  15.775400  10.258600
3  865.000000    114.769000    240.000000    107.360000    320.000000    113.072000    1.92961E-02  2.00241E-04  16.800000  9.124720
3  865.000000    114.769000    280.000000    105.248000    360.000000    115.089000    1.78702E-02  1.86540E-04  17.901500  9.731120
3  865.000000    114.769000    320.000000    113.072000    400.000000    115.247000    1.84810E-02  1.92916E-04  18.515300  9.731110
3  865.000000    114.769000    360.000000    115.089000    440.000000    111.533000    2.35879E-02  2.44236E-04  18.975100  9.032700
3  865.000000    114.769000    400.000000    115.247000    480.000000    120.110000    3.20829E-02  3.32366E-04  19.702500  7.586620
3  865.000000    114.769000    440.000000    111.533000    520.000000    115.268000    2.85386E-02  2.94855E-04  20.091800  7.998670
3  865.000000    114.769000    1200.000000   123.583000    1280.000000   129.599000    4.61263E-02  4.67735E-04  26.741400  4.192000
3  865.000000    114.769000    1240.000000   121.871000    1320.000000   143.045000    3.87999E-02  3.95383E-04  32.330500  4.777200
3  865.000000    114.769000    1280.000000   129.599000    1360.000000   150.159000    3.04619E-02  3.15573E-04  29.860200  7.586740
3  865.000000    114.769000    1320.000000   143.045000    1400.000000   160.896000    2.56610E-02  2.65127E-04  27.160500  7.998740
3  865.000000    114.769000    1360.000000   150.159000    1440.000000   178.173000    2.53870E-02  2.62296E-04  27.032900  7.998740
3  865.000000    114.769000    1400.000000   160.896000    1480.000000   197.065000    1.60181E-02  1.67207E-04  26.485900  9.731150
3  865.000000    114.769000    1440.000000   178.173000    1520.000000   178.674000    1.00747E-02  1.09149E-04  26.247600  11.682200
3  865.000000    114.769000    1480.000000   197.065000    1560.000000   156.964000    1.14611E-02  1.24170E-04  28.384800  11.682200
3  865.000000    114.769000    2280.000000   42.192000     2360.000000   52.469000     3.04689E-03  4.38472E-05  32.713700  15.033000
3  865.000000    114.769000    2320.000000   45.283000     2400.000000   59.965000     2.07193E-03  3.24180E-05  31.658000  17.471400
3  865.000000    114.769000    0.000000      94.302000     160.000000    96.899000     2.76926E-02  2.86117E-04  19.676000  7.998710
3  865.000000    114.769000    40.000000     87.181000     200.000000    103.483000    2.51252E-02  2.59589E-04  17.509000  7.998640
3  865.000000    114.769000    1520.000000   178.674000    1680.000000   100.508000    3.80905E-02  3.88150E-04  26.357100  4.777030
3  865.000000    114.769000    1560.000000   156.964000    1720.000000   92.752000     4.37735E-02  4.46061E-04  26.914200  4.777030
3  865.000000    114.769000    1600.000000   137.193000    1760.000000   89.581000     4.28899E-02  4.37057E-04  27.139300  4.777050
3  865.000000    114.769000    1640.000000   122.640000    1800.000000   73.849000     4.29190E-02  4.37353E-04  26.617500  4.777070
3  865.000000    114.769000    1680.000000   100.508000    1840.000000   69.746000     4.14732E-02  4.22620E-04  26.451000  4.777120
3  865.000000    114.769000    1720.000000   92.752000     1880.000000   67.320000     3.72595E-02  3.86493E-04  25.007700  6.943680
3  865.000000    114.769000    1760.000000   89.581000     1920.000000   57.532000     3.51068E-02  3.64166E-04  25.023900  6.943780
3  865.000000    114.769000    1800.000000   73.849000     1960.000000   54.922000     2.88059E-02  2.98420E-04  27.122700  7.586840
3  865.000000    114.769000    1840.000000   69.746000     2000.000000   51.429000     2.05455E-02  2.13209E-04  28.724100  9.124890
3  865.000000    114.769000    1880.000000   67.320000     2040.000000   51.134000     1.48090E-02  1.55508E-04  30.873800  10.258700
3  865.000000    114.769000    1920.000000   57.532000     2080.000000   47.855000     1.10947E-02  1.20201E-04  35.030400  11.682300
3  865.000000    114.769000    1960.000000   54.922000     2120.000000   51.358000     7.17057E-03  9.60763E-05  35.409500  13.056400
3  865.000000    114.769000    2000.000000   51.429000     2160.000000   53.175000     6.06265E-03  8.12316E-05  37.193800  13.056400
3  865.000000    114.769000    2040.000000   51.134000     2200.000000   49.089000     4.92554E-03  6.83064E-05  39.596000  14.192400
3  865.000000    114.769000    2080.000000   47.855000     2240.000000   45.045000     4.29764E-03  6.18465E-05  38.612300  15.033000
3  865.000000    114.769000    2120.000000   51.358000     2280.000000   42.192000     4.65145E-03  6.45049E-05  35.925500  14.192400
3  865.000000    114.769000    2160.000000   53.175000     2320.000000   45.283000     5.50776E-03  7.63800E-05  33.685000  14.192400
3  865.000000    114.769000    2200.000000   49.089000     2360.000000   52.469000     5.80057E-03  8.04406E-05  33.443600  14.192400
3  865.000000    114.769000    2240.000000   45.045000     2400.000000   59.965000     5.75430E-03  7.97989E-05  33.076100  14.192400
3  900.000000    124.837000    0.000000      94.302000     40.000000     87.181000     7.98479E-03  9.12558E-05  11.775900  12.628700
3  900.000000    124.837000    560.000000    123.811000    600.000000    124.839000    1.74879E-02  1.82549E-04  21.815100  9.731110
3  900.000000    124.837000    600.000000    124.839000    640.000000    115.456000    1.87810E-02  1.94896E-04  19.654300  9.124710
3  900.000000    124.837000    640.000000    115.456000    680.000000    99.357000     3.33909E-02  3.46360E-04  19.564800  6.943470
3  900.000000    124.837000    680.000000    99.357000     720.000000    100.587000    4.00501E-02  4.08115E-04  16.364200  4.776880
3  900.000000    124.837000    720.000000    100.587000    760.000000    98.622000     7.55596E-02  7.60696E-04  16.985300  2.881530
3  900.000000    124.837000    760.000000    98.622000     800.000000    109.655000    1.48124E-01  1.48602E-03  12.496000  1.978080
3  900.000000    124.837000    800.000000    109.655000    840.000000    115.365000    2.63065E-01  2.63604E-03  9.823280  1.421990
3  900.000000    124.837000    960.000000    128.518000    1000.000000   116.905000    2.94768E-01  2.95372E-03  6.103070  1.422140
3  900.000000    124.837000    1000.000000   116.905000    1040.000000   108.286000    8.55543E-02  8.59949E-04  12.297900  2.691040
3  900.000000    124.837000    1040.000000   108.286000    1080.000000   117.343000    7.94928E-02  8.00310E-04  11.824100  2.882290
3  900.000000    124.837000    1080.000000   117.343000    1120.000000   134.172000    3.81354E-02  3.88607E-04  17.909500  4.777090
3  900.000000    124.837000    1120.000000   134.172000    1160.000000   128.135000    2.43971E-02  2.52617E-04  16.347700  9.032840
3  900.000000    124.837000    1160.000000   128.135000    1200.000000   123.583000    2.53130E-02  2.61531E-04  21.127300  7.998780
3  900.000000    124.837000    1200.000000   123.583000    1240.000000   121.871000    3.10187E-02  3.21344E-04  19.811400  7.586880
3  900.000000    124.837000    2360.000000   52.469000     2400.000000   59.965000     1.02800E-03  2.22391E-05  25.693000  24.000700
3  900.000000    124.837000    0.000000      94.302000     80.000000     87.439000     1.41409E-02  1.48489E-04  11.870600  10.258600
3  900.000000    124.837000    40.000000     87.181000     120.000000    88.121000     1.16099E-02  1.23074E-04  11.793800  10.889400
3  900.000000    124.837000    200.000000    103.483000    280.000000    105.248000    1.41734E-02  1.48832E-04  15.162600  10.258700
3  900.000000    124.837000    240.000000    107.360000    320.000000    113.072000    1.78668E-02  1.86504E-04  16.534500  9.731120
3  900.000000    124.837000    280.000000    105.248000    360.000000    115.089000    1.64732E-02  1.71957E-04  18.062600  9.731120
3  900.000000    124.837000    320.000000    113.072000    400.000000    115.247000    1.68850E-02  1.76256E-04  19.048700  9.731110
3  900.000000    124.837000    360.000000    115.089000    440.000000    111.533000    2.13753E-02  2.21818E-04  19.734800  9.124720
3  900.000000    124.837000    400.000000    115.247000    480.000000    120.110000    2.89131E-02  2.99528E-04  20.676300  7.586620
3  900.000000    124.837000    440.000000    111.533000    520.000000    115.268000    2.55687E-02  2.64171E-04  21.248200  7.998650
3  900.000000    124.837000    480.000000    120.110000    560.000000    123.811000    2.84982E-02  2.94438E-04  20.119100  7.998640
3  900.000000    124.837000    1240.000000   121.871000    1320.000000   143.045000    4.46637E-02  4.52899E-04  30.096700  4.191940
3  900.000000    124.837000    1280.000000   129.599000    1360.000000   150.159000    3.46709E-02  3.59638E-04  27.682000  6.943560
3  900.000000    124.837000    1320.000000   143.045000    1400.000000   160.896000    2.89400E-02  2.99807E-04  24.649500  7.586710
3  900.000000    124.837000    1360.000000   150.159000    1440.000000   178.173000    2.85524E-02  2.94998E-04  24.259000  7.998670
3  900.000000    124.837000    1400.000000   160.896000    1480.000000   197.065000    1.79612E-02  1.87490E-04  23.630700  9.731120
3  900.000000    124.837000    1440.000000   178.173000    1520.000000   178.674000    1.12404E-02  1.21778E-04  23.288300  11.682200
3  900.000000    124.837000    1480.000000   197.065000    1560.000000   156.964000    1.27583E-02  1.35248E-04  24.490700  10.889400
3  900.000000    124.837000    1520.000000   178.674000    1600.000000   137.193000    1.61905E-02  1.69008E-04  22.780500  9.731170
3  900.000000    124.837000    2280.000000   42.192000     2360.000000   52.469000     3.18825E-03  4.58815E-05  28.105100  15.033000
3  900.000000    124.837000    2320.000000   45.283000     2400.000000   59.965000     2.17248E-03  3.39913E-05  25.693500  17.471400
3  900.000000    124.837000    0.000000      94.302000     160.000000    96.899000     2.60851E-02  2.69506E-04  12.243200  7.998640
3  900.000000    124.837000    40.000000     87.181000     200.000000    103.483000    2.35990E-02  2.44351E-04  12.625600  9.032700
3  900.000000    124.837000    80.000000     87.439000     240.000000    107.360000    2.20213E-02  2.28017E-04  12.932500  9.032760
3  900.000000    124.837000    1560.000000   156.964000    1720.000000   92.752000     4.81245E-02  4.87992E-04  23.642800  4.191720
3  900.000000    124.837000    1600.000000   137.193000    1760.000000   89.581000     4.70390E-02  4.76985E-04  23.514500  4.191760
3  900.000000    124.837000    1640.000000   122.640000    1800.000000   73.849000     4.69098E-02  4.75675E-04  22.870000  4.191740
3  900.000000    124.837000    1680.000000   100.508000    1840.000000   69.746000     4.52007E-02  4.58340E-04  22.673700  4.191700
3  900.000000    124.837000    1720.000000   92.752000     1880.000000   67.320000     4.05338E-02  4.13043E-04  21.098600  4.776880
3  900.000000    124.837000    1760.000000   89.581000     1920.000000   57.532000     3.81386E-02  3.88636E-04  21.145300  4.776890
3  900.000000    124.837000    1800.000000   73.849000     1960.000000   54.922000     3.12404E-02  3.23638E-04  23.272800  7.586640
3  900.000000    124.837000    1840.000000   69.746000     2000.000000   51.429000     2.22373E-02  2.30252E-04  24.709700  9.032760
3  900.000000    124.837000    1880.000000   67.320000     2040.000000   51.134000     1.59950E-02  1.68007E-04  26.671400  10.261600
3  900.000000    124.837000    1920.000000   57.532000     2080.000000   47.855000     1.19379E-02  1.26621E-04  31.215500  10.895100
3  900.000000    124.837000    1960.000000   54.922000     2120.000000   51.358000     7.63886E-03  1.02362E-04  31.528000  13.058000
3  900.000000    124.837000    2000.000000   51.429000     2160.000000   53.175000     6.40883E-03  8.58770E-05  33.653400  13.057500
3  900.000000    124.837000    2040.000000   51.134000     2200.000000   49.089000     5.15960E-03  7.15518E-05  36.853900  14.192400
3  900.000000    124.837000    2080.000000   47.855000     2240.000000   45.045000     4.48054E-03  6.21348E-05  34.664400  14.192400
3  900.000000    124.837000    2120.000000   51.358000     2280.000000   42.192000     4.86266E-03  6.74344E-05  31.523400  14.192400
3  900.000000    124.837000    2160.000000   53.175000     2320.000000   45.283000     5.76458E-03  7.99420E-05  29.442900  14.192400
3  900.000000    124.837000    2200.000000   49.089000     2360.000000   52.469000     6.07379E-03  8.13809E-05  28.649400  13.056400
3  900.000000    124.837000    2240.000000   45.045000     2400.000000   59.965000     6.02243E-03  8.06927E-05  28.246200  13.056400
3  940.000000    133.647000    0.000000      94.302000     40.000000     87.181000     7.58592E-03  1.01693E-04  17.146100  13.063400
3  940.000000    133.647000    600.000000    124.839000    640.000000    115.456000    1.62439E-02  1.69564E-04  23.064600  9.731110
3  940.000000    133.647000    640.000000    115.456000    680.000000    99.357000     2.84062E-02  2.93487E-04  22.755200  7.998640
3  940.000000    133.647000    680.000000    99.357000     720.000000    100.587000    3.33328E-02  3.45758E-04  18.637100  6.943470
3  940.000000    133.647000    720.000000    100.587000    760.000000    98.622000     5.47850E-02  5.53263E-04  21.242800  3.513680
3  940.000000    133.647000    760.000000    98.622000     800.000000    109.655000    9.78244E-02  9.83272E-04  14.299700  2.690840
3  940.000000    133.647000    800.000000    109.655000    840.000000    115.365000    1.51759E-01  1.52248E-03  16.933600  1.977650
3  940.000000    133.647000    840.000000    115.365000    880.000000    118.144000    2.44411E-01  2.44983E-03  4.723680  1.618010
3  940.000000    133.647000    1000.000000   116.905000    1040.000000   108.286000    1.56471E-01  1.56981E-03  10.457900  1.979550
3  940.000000    133.647000    1040.000000   108.286000    1080.000000   117.343000    1.06881E-01  1.07380E-03  9.923280  2.438710
3  940.000000    133.647000    1080.000000   117.343000    1120.000000   134.172000    4.99885E-02  5.06918E-04  18.053900  4.192950
3  940.000000    133.647000    1120.000000   134.172000    1160.000000   128.135000    3.02085E-02  3.12957E-04  14.064800  7.587060
3  940.000000    133.647000    1160.000000   128.135000    1200.000000   123.583000    3.03884E-02  3.14827E-04  18.834800  7.587320
3  940.000000    133.647000    1200.000000   123.583000    1240.000000   121.871000    3.69420E-02  3.83236E-04  16.726400  6.945100
3  940.000000    133.647000    1240.000000   121.871000    1280.000000   129.599000    2.68490E-02  2.77423E-04  27.226300  7.999800
3  940.000000    133.647000    2360.000000   52.469000     2400.000000   59.965000     1.08548E-03  2.34826E-05  4.283060  24.000700
3  940.000000    133.647000    0.000000      94.302000     80.000000     87.439000     1.34120E-02  1.42178E-04  17.560600  10.889400
3  940.000000    133.647000    40.000000     87.181000     120.000000    88.121000     1.09485E-02  1.19323E-04  17.805600  11.742200
3  940.000000    133.647000    240.000000    107.360000    320.000000    113.072000    1.65319E-02  1.72570E-04  20.847700  9.731110
3  940.000000    133.647000    280.000000    105.248000    360.000000    115.089000    1.51736E-02  1.59333E-04  22.188500  10.258600
3  940.000000    133.647000    320.000000    113.072000    400.000000    115.247000    1.54109E-02  1.61825E-04  23.089800  10.258600
3  940.000000    133.647000    360.000000    115.089000    440.000000    111.533000    1.93487E-02  2.00787E-04  23.713900  9.124720
3  940.000000    133.647000    400.000000    115.247000    480.000000    120.110000    2.60389E-02  2.69029E-04  24.490700  7.998640
3  940.000000    133.647000    440.000000    111.533000    520.000000    115.268000    2.29067E-02  2.37183E-04  24.878300  9.032710
3  940.000000    133.647000    480.000000    120.110000    560.000000    123.811000    2.53469E-02  2.61879E-04  23.565100  7.998640
3  940.000000    133.647000    520.000000    115.268000    600.000000    124.839000    3.23234E-02  3.34857E-04  23.848300  7.586640
3  940.000000    133.647000    1280.000000   129.599000    1360.000000   150.159000    3.97537E-02  4.05122E-04  23.359000  4.778390
3  940.000000    133.647000    1320.000000   143.045000    1400.000000   160.896000    3.28582E-02  3.40851E-04  19.652700  6.944280
3  940.000000    133.647000    1360.000000   150.159000    1440.000000   178.173000    3.22961E-02  3.34601E-04  18.864200  7.587700
3  940.000000    133.647000    1400.000000   160.896000    1480.000000   197.065000    2.02485E-02  2.10135E-04  17.619500  9.125270
3  940.000000    133.647000    1440.000000   178.173000    1520.000000   178.674000    1.26065E-02  1.33640E-04  16.438100  10.889500
3  940.000000    133.647000    1480.000000   197.065000    1560.000000   156.964000    1.42555E-02  1.49696E-04  17.954200  10.258700
3  940.000000    133.647000    1520.000000   178.674000    1600.000000   137.193000    1.80259E-02  1.88171E-04  14.791400  9.731420
3  940.000000    133.647000    1560.000000   156.964000    1640.000000   122.640000    2.44572E-02  2.53247E-04  13.607500  9.033200
3  940.000000    133.647000    2280.000000   42.192000     2360.000000   52.469000     3.36772E-03  4.84645E-05  5.207660  15.033200
3  940.000000    133.647000    2320.000000   45.283000     2400.000000   59.965000     2.29523E-03  3.59119E-05  5.240190  17.471500
3  940.000000    133.647000    0.000000      94.302000     160.000000    96.899000     2.46208E-02  2.55923E-04  17.933800  9.078910
3  940.000000    133.647000    40.000000     87.181000     200.000000    103.483000    2.21852E-02  2.29781E-04  18.196100  9.036260
3  940.000000    133.647000    80.000000     87.439000     240.000000    107.360000    2.06268E-02  2.14073E-04  18.138200  9.126040
3  940.000000    133.647000    120.000000    88.121000     280.000000    105.248000    2.43917E-02  2.52564E-04  19.111000  9.032900
3  940.000000    133.647000    1600.000000   137.193000    1760.000000   89.581000     5.18319E-02  5.23461E-04  14.108800  3.514890
3  940.000000    133.647000    1640.000000   122.640000    1800.000000   73.849000     5.15211E-02  5.22450E-04  13.024800  4.192660
3  940.000000    133.647000    1680.000000   100.508000    1840.000000   69.746000     4.95136E-02  5.02093E-04  12.419500  4.192470
3  940.000000    133.647000    1720.000000   92.752000     1880.000000   67.320000     4.43187E-02  4.49405E-04  10.703100  4.192170
3  940.000000    133.647000    1760.000000   89.581000     1920.000000   57.532000     4.16469E-02  4.24394E-04  10.492500  4.777160
3  940.000000    133.647000    1800.000000   73.849000     1960.000000   54.922000     3.40543E-02  3.53521E-04  12.785000  6.955760
3  940.000000    133.647000    1840.000000   69.746000     2000.000000   51.429000     2.41902E-02  2.51094E-04  14.342400  9.062200
3  940.000000    133.647000    1880.000000   67.320000     2040.000000   51.134000     1.73635E-02  1.82775E-04  16.752100  9.825240
3  940.000000    133.647000    1920.000000   57.532000     2080.000000   47.855000     1.29246E-02  1.38733E-04  20.923300  11.019200
3  940.000000    133.647000    1960.000000   54.922000     2120.000000   51.358000     8.20234E-03  9.37560E-05  18.129200  12.630200
3  940.000000    133.647000    2000.000000   51.429000     2160.000000   53.175000     6.83659E-03  9.16014E-05  17.844000  13.056500
3  940.000000    133.647000    2040.000000   51.134000     2200.000000   49.089000     5.46401E-03  7.57749E-05  17.821500  14.192700
3  940.000000    133.647000    2080.000000   47.855000     2240.000000   45.045000     4.71496E-03  6.53913E-05  14.266100  14.193600
3  940.000000    133.647000    2120.000000   51.358000     2280.000000   42.192000     5.13165E-03  7.11647E-05  10.835400  14.192500
3  940.000000    133.647000    2160.000000   53.175000     2320.000000   45.283000     6.09302E-03  8.16416E-05  7.590470  13.056900
3  940.000000    133.647000    2200.000000   49.089000     2360.000000   52.469000     6.41873E-03  8.60033E-05  6.476990  13.056500
3  940.000000    133.647000    2240.000000   45.045000     2400.000000   59.965000     6.36143E-03  8.52362E-05  5.666320  13.056600
3  980.000000    116.627000    0.000000      94.302000     40.000000     87.181000     7.20967E-03  9.71078E-05  12.554200  13.128700
3  980.000000    116.627000    640.000000    115.456000    680.000000    99.357000     2.31812E-02  2.40025E-04  24.423400  9.032700
3  980.000000    116.627000    680.000000    99.357000     720.000000    100.587000    2.62370E-02  2.71075E-04  21.177400  7.998640
3  980.000000    116.627000    720.000000    100.587000    760.000000    98.622000     4.04459E-02  4.12148E-04  21.114700  4.776880
3  980.000000    116.627000    760.000000    98.622000     800.000000    109.655000    6.41953E-02  6.47435E-04  16.815300  3.299640
3  980.000000    116.627000    800.000000    109.655000    840.000000    115.365000    8.87260E-02  8.91821E-04  17.134500  2.690860
3  980.000000    116.627000    840.000000    115.365000    880.000000    118.144000    1.12900E-01  1.13419E-03  9.616690  2.435930
3  980.000000    116.627000    880.000000    118.144000    920.000000    132.008000    2.04689E-01  2.05168E-03  9.786410  1.617950
3  980.000000    116.627000    1040.000000   108.286000    1080.000000   117.343000    1.87840E-01  1.88377E-03  14.275400  1.826370
3  980.000000    116.627000    1080.000000   117.343000    1120.000000   134.172000    7.28354E-02  7.33270E-04  17.573200  2.881590
3  980.000000    116.627000    1120.000000   134.172000    1160.000000   128.135000    4.15133E-02  4.23025E-04  14.910800  4.776880
3  980.000000    116.627000    1160.000000   128.135000    1200.000000   123.583000    4.00391E-02  4.08002E-04  20.133200  4.776880
3  980.000000    116.627000    1200.000000   123.583000    1240.000000   121.871000    4.58708E-02  4.65134E-04  18.210500  4.191700
3  980.000000    116.627000    1280.000000   129.599000    1320.000000   143.045000    2.98919E-02  3.09668E-04  27.822000  7.586700
3  980.000000    116.627000    2360.000000   52.469000     2400.000000   59.965000     1.16710E-03  2.52483E-05  8.594660  24.000700
3  980.000000    116.627000    0.000000      94.302000     80.000000     87.439000     1.26880E-02  1.34503E-04  12.237600  10.889400
3  980.000000    116.627000    40.000000     87.181000     120.000000    88.121000     1.02460E-02  1.11038E-04  10.631500  11.685200
3  980.000000    116.627000    280.000000    105.248000    360.000000    115.089000    1.36779E-02  1.43628E-04  19.910900  10.258600
3  980.000000    116.627000    320.000000    113.072000    400.000000    115.247000    1.37409E-02  1.44289E-04  21.386000  10.258600
3  980.000000    116.627000    360.000000    115.089000    440.000000    111.533000    1.70731E-02  1.78219E-04  22.546600  9.731110
3  980.000000    116.627000    400.000000    115.247000    480.000000    120.110000    2.28139E-02  2.36222E-04  23.684200  9.032700
3  980.000000    116.627000    440.000000    111.533000    520.000000    115.268000    1.99174E-02  2.06689E-04  24.428300  9.124760
3  980.000000    116.627000    480.000000    120.110000    560.000000    123.811000    2.17755E-02  2.25470E-04  23.688000  9.032730
3  980.000000    116.627000    520.000000    115.268000    600.000000    124.839000    2.74850E-02  2.83970E-04  24.249300  7.998640
3  980.000000    116.627000    560.000000    123.811000    640.000000    115.456000    2.63967E-02  2.72725E-04  24.966000  7.998680
3  980.000000    116.627000    1320.000000   143.045000    1400.000000   160.896000    3.86570E-02  3.93923E-04  22.854100  4.776980
3  980.000000    116.627000    1360.000000   150.159000    1440.000000   178.173000    3.77435E-02  3.91510E-04  22.153100  6.943510
3  980.000000    116.627000    1400.000000   160.896000    1480.000000   197.065000    2.35046E-02  2.43374E-04  21.120800  9.032740
3  980.000000    116.627000    1440.000000   178.173000    1520.000000   178.674000    1.45131E-02  1.52398E-04  20.397400  10.258600
3  980.000000    116.627000    1480.000000   197.065000    1560.000000   156.964000    1.63182E-02  1.70339E-04  22.139000  9.731120
3  980.000000    116.627000    1520.000000   178.674000    1600.000000   137.193000    2.05304E-02  2.13050E-04  19.306500  9.124740
3  980.000000    116.627000    1560.000000   156.964000    1640.000000   122.640000    2.77245E-02  2.86444E-04  18.398300  7.998690
3  980.000000    116.627000    1600.000000   137.193000    1680.000000   100.508000    3.22437E-02  3.34035E-04  18.943400  7.586850
3  980.000000    116.627000    2280.000000   42.192000     2360.000000   52.469000     3.62388E-03  5.21505E-05  9.452840  15.033000
3  980.000000    116.627000    2320.000000   45.283000     2400.000000   59.965000     2.47080E-03  3.86589E-05  9.829320  17.471400
3  980.000000    116.627000    0.000000      94.302000     160.000000    96.899000     2.31158E-02  2.39450E-04  12.416300  9.037730
3  980.000000    116.627000    40.000000     87.181000     200.000000    103.483000    2.06593E-02  2.14396E-04  12.701400  9.125220
3  980.000000    116.627000    80.000000     87.439000     240.000000    107.360000    1.90922E-02  1.98125E-04  13.457300  9.124720
3  980.000000    116.627000    120.000000    88.121000     280.000000    105.248000    2.24020E-02  2.31975E-04  15.831800  9.033660
3  980.000000    116.627000    160.000000    96.899000     320.000000    113.072000    2.36622E-02  2.45006E-04  16.797900  9.032700
3  980.000000    116.627000    1640.000000   122.640000    1800.000000   73.849000     5.78079E-02  5.83796E-04  18.203400  3.513820
3  980.000000    116.627000    1680.000000   100.508000    1840.000000   69.746000     5.53767E-02  5.59244E-04  17.687100  3.513930
3  980.000000    116.627000    1720.000000   92.752000     1880.000000   67.320000     4.94404E-02  5.01336E-04  15.970400  4.191920
3  980.000000    116.627000    1760.000000   89.581000     1920.000000   57.532000     4.63851E-02  4.70359E-04  15.776000  4.192140
3  980.000000    116.627000    1800.000000   73.849000     1960.000000   54.922000     3.78570E-02  3.85804E-04  17.695000  4.778930
3  980.000000    116.627000    1840.000000   69.746000     2000.000000   51.429000     2.68503E-02  2.77463E-04  18.915800  8.001130
3  980.000000    116.627000    1880.000000   67.320000     2040.000000   51.134000     1.92463E-02  1.99857E-04  20.616300  9.132550
3  980.000000    116.627000    1920.000000   57.532000     2080.000000   47.855000     1.42963E-02  1.50326E-04  24.143800  10.273200
3  980.000000    116.627000    1960.000000   54.922000     2120.000000   51.358000     9.00460E-03  1.02916E-04  21.674900  12.629300
3  980.000000    116.627000    2000.000000   51.429000     2160.000000   53.175000     7.45438E-03  9.98797E-05  21.552600  13.056500
3  980.000000    116.627000    2040.000000   51.134000     2200.000000   49.089000     5.91360E-03  8.20080E-05  22.247900  14.192400
3  980.000000    116.627000    2080.000000   47.855000     2240.000000   45.045000     5.07137E-03  7.03293E-05  18.939900  14.192500
3  980.000000    116.627000    2120.000000   51.358000     2280.000000   42.192000     5.52636E-03  7.66379E-05  15.236300  14.192400
3  980.000000    116.627000    2160.000000   53.175000     2320.000000   45.283000     6.56435E-03  8.79538E-05  11.742100  13.056500
3  980.000000    116.627000    2200.000000   49.089000     2360.000000   52.469000     6.91375E-03  9.26353E-05  10.823000  13.056400
3  980.000000    116.627000    2240.000000   45.045000     2400.000000   59.965000     6.84726E-03  9.17444E-05  10.000800  13.056400
3  1020.000000   114.295000    0.000000      94.302000     40.000000     87.181000     6.73928E-03  9.02976E-05  32.896800  13.056400
3  1020.000000   114.295000    680.000000    99.357000     720.000000    100.587000    2.26631E-02  2.34661E-04  23.921700  9.032700
3  1020.000000   114.295000    720.000000    100.587000    760.000000    98.622000     3.38123E-02  3.50732E-04  23.997400  6.943480
3  1020.000000   114.295000    760.000000    98.622000     800.000000    109.655000    4.93262E-02  5.00173E-04  19.856300  4.191700
3  1020.000000   114.295000    800.000000    109.655000    840.000000    115.365000    6.42166E-02  6.47650E-04  18.684800  3.299650
3  1020.000000   114.295000    840.000000    115.365000    880.000000    118.144000    7.26334E-02  7.31237E-04  15.288700  2.881540
3  1020.000000   114.295000    880.000000    118.144000    920.000000    132.008000    9.72451E-02  9.77449E-04  15.149400  2.690830
3  1020.000000   114.295000    920.000000    132.008000    960.000000    128.518000    1.29522E-01  1.30023E-03  18.373600  2.188080
3  1020.000000   114.295000    1080.000000   117.343000    1120.000000   134.172000    1.00351E-01  1.00814E-03  20.257700  2.436380
3  1020.000000   114.295000    1120.000000   134.172000    1160.000000   128.135000    5.07405E-02  5.14676E-04  17.686500  4.199250
3  1020.000000   114.295000    1160.000000   128.135000    1200.000000   123.583000    4.73424E-02  4.80658E-04  22.578400  4.222150
3  1020.000000   114.295000    1200.000000   123.583000    1240.000000   121.871000    5.29266E-02  5.34495E-04  20.035400  3.513700
3  1020.000000   114.295000    1240.000000   121.871000    1280.000000   129.599000    3.69126E-02  3.82891E-04  30.517900  6.943480
3  1020.000000   114.295000    1280.000000   129.599000    1320.000000   143.045000    3.31478E-02  3.43839E-04  29.838200  6.943480
3  1020.000000   114.295000    1320.000000   143.045000    1360.000000   150.159000    1.93169E-02  2.00457E-04  25.494400  9.124720
3  1020.000000   114.295000    2360.000000   52.469000     2400.000000   59.965000     1.21720E-03  2.63322E-05  28.163200  24.000700
3  1020.000000   114.295000    0.000000      94.302000     80.000000     87.439000     1.18920E-02  1.26065E-04  31.368900  10.889400
3  1020.000000   114.295000    40.000000     87.181000     120.000000    88.121000     9.62634E-03  1.04346E-04  28.174200  11.687500
3  1020.000000   114.295000    320.000000    113.072000    400.000000    115.247000    1.27627E-02  1.35295E-04  25.127200  10.889400
3  1020.000000   114.295000    360.000000    115.089000    440.000000    111.533000    1.57577E-02  1.65467E-04  25.647800  10.258600
3  1020.000000   114.295000    400.000000    115.247000    480.000000    120.110000    2.09808E-02  2.17724E-04  26.396000  9.124720
3  1020.000000   114.295000    440.000000    111.533000    520.000000    115.268000    1.82504E-02  1.90510E-04  26.888100  9.731170
3  1020.000000   114.295000    480.000000    120.110000    560.000000    123.811000    1.98752E-02  2.06251E-04  25.715500  9.124720
3  1020.000000   114.295000    520.000000    115.268000    600.000000    124.839000    2.49441E-02  2.57717E-04  26.237600  7.998640
3  1020.000000   114.295000    560.000000    123.811000    640.000000    115.456000    2.36992E-02  2.45389E-04  27.030000  9.032700
3  1020.000000   114.295000    600.000000    124.839000    680.000000    99.357000     3.25453E-02  3.37156E-04  26.587700  7.586620
3  1020.000000   114.295000    1360.000000   150.159000    1440.000000   178.173000    4.15517E-02  4.23416E-04  24.525200  4.776910
3  1020.000000   114.295000    1400.000000   160.896000    1480.000000   197.065000    2.58029E-02  2.66590E-04  23.694400  7.998650
3  1020.000000   114.295000    1440.000000   178.173000    1520.000000   178.674000    1.58568E-02  1.66507E-04  23.196600  10.258600
3  1020.000000   114.295000    1480.000000   197.065000    1560.000000   156.964000    1.77820E-02  1.85619E-04  25.100700  9.731110
3  1020.000000   114.295000    1520.000000   178.674000    1600.000000   137.193000    2.22949E-02  2.30848E-04  22.614100  9.032710
3  1020.000000   114.295000    1560.000000   156.964000    1640.000000   122.640000    3.00109E-02  3.10901E-04  22.032700  7.586640
3  1020.000000   114.295000    1600.000000   137.193000    1680.000000   100.508000    3.48017E-02  3.60995E-04  22.855400  6.943500
3  1020.000000   114.295000    1640.000000   122.640000    1720.000000   92.752000     3.47606E-02  3.60568E-04  24.177600  6.943510
3  1020.000000   114.295000    2280.000000   42.192000     2360.000000   52.469000     3.78153E-03  5.44192E-05  29.958300  15.033000
3  1020.000000   114.295000    2320.000000   45.283000     2400.000000   59.965000     2.57859E-03  4.03454E-05  29.519900  17.471400
3  1020.000000   114.295000    0.000000      94.302000     160.000000    96.899000     2.16822E-02  2.24506E-04  29.056900  9.032770
3  1020.000000   114.295000    40.000000     87.181000     200.000000    103.483000    1.94281E-02  2.01621E-04  26.280200  9.125290
3  1020.000000   114.295000    80.000000     87.439000     240.000000    107.360000    1.79590E-02  1.87479E-04  24.398100  9.731840
3  1020.000000   114.295000    120.000000    88.121000     280.000000    105.248000    2.10616E-02  2.18563E-04  23.536500  9.124730
3  1020.000000   114.295000    160.000000    96.899000     320.000000    113.072000    2.22342E-02  2.30220E-04  23.052600  9.032700
3  1020.000000   114.295000    200.000000    103.483000    360.000000    115.089000    2.40556E-02  2.49079E-04  23.620300  9.032710
3  1020.000000   114.295000    1680.000000   100.508000    1840.000000   69.746000     5.93286E-02  5.99148E-04  22.664700  3.513720
3  1020.000000   114.295000    1720.000000   92.752000     1880.000000   67.320000     5.28870E-02  5.34095E-04  21.258900  3.513710
3  1020.000000   114.295000    1760.000000   89.581000     1920.000000   57.532000     4.95651E-02  5.02600E-04  21.293800  4.191730
3  1020.000000   114.295000    1800.000000   73.849000     1960.000000   54.922000     4.03908E-02  4.11602E-04  23.420000  4.777690
3  1020.000000   114.295000    1840.000000   69.746000     2000.000000   51.429000     2.85981E-02  2.96291E-04  24.867200  7.587950
3  1020.000000   114.295000    1880.000000   67.320000     2040.000000   51.134000     2.04607E-02  2.12431E-04  26.705800  9.130510
3  1020.000000   114.295000    1920.000000   57.532000     2080.000000   47.855000     1.51570E-02  1.59358E-04  30.934600  10.272000
3  1020.000000   114.295000    1960.000000   54.922000     2120.000000   51.358000     9.49026E-03  1.08471E-04  31.577900  12.629600
3  1020.000000   114.295000    2000.000000   51.429000     2160.000000   53.175000     7.81957E-03  8.93675E-05  34.121100  12.628700
3  1020.000000   114.295000    2040.000000   51.134000     2200.000000   49.089000     6.16653E-03  8.26235E-05  37.982600  13.056400
3  1020.000000   114.295000    2080.000000   47.855000     2240.000000   45.045000     5.26949E-03  7.30762E-05  37.021800  14.192400
3  1020.000000   114.295000    2120.000000   51.358000     2280.000000   42.192000     5.75524E-03  7.98119E-05  33.506300  14.192400
3  1020.000000   114.295000    2160.000000   53.175000     2320.000000   45.283000     6.84789E-03  9.17528E-05  30.785100  13.056400
3  1020.000000   114.295000    2200.000000   49.089000     2360.000000   52.469000     7.21490E-03  9.66703E-05  30.625500  13.056400
3  1020.000000   114.295000    2240.000000   45.045000     2400.000000   59.965000     7.14493E-03  9.57328E-05  30.288200  13.056400
3  1060.000000   109.082000    0.000000      94.302000     40.000000     87.181000     6.52548E-03  8.74329E-05  24.136900  13.056400
3  1060.000000   109.082000    720.000000    100.587000    760.000000    98.622000     2.90912E-02  3.01373E-04  25.275800  7.586620
3  1060.000000   109.082000    760.000000    98.622000     800.000000    109.655000    4.08780E-02  4.16551E-04  21.755000  4.776880
3  1060.000000   109.082000    800.000000    109.655000    840.000000    115.365000    5.19121E-02  5.24250E-04  18.953500  3.513680
3  1060.000000   109.082000    840.000000    115.365000    880.000000    118.144000    5.62189E-02  5.67743E-04  16.782200  3.513680
3  1060.000000   109.082000    880.000000    118.144000    920.000000    132.008000    6.95122E-02  7.01058E-04  15.913400  3.299650
3  1060.000000   109.082000    920.000000    132.008000    960.000000    128.518000    7.51602E-02  7.56675E-04  19.579900  2.881550
3  1060.000000   109.082000    960.000000    128.518000    1000.000000   116.905000    1.47349E-01  1.47825E-03  20.651800  1.977650
3  1060.000000   109.082000    1120.000000   134.172000    1160.000000   128.135000    1.19440E-01  1.19902E-03  19.427000  2.188110
3  1060.000000   109.082000    1160.000000   128.135000    1200.000000   123.583000    8.16136E-02  8.21645E-04  25.867700  2.881540
3  1060.000000   109.082000    1200.000000   123.583000    1240.000000   121.871000    7.63885E-02  7.69041E-04  21.014400  2.881590
3  1060.000000   109.082000    1240.000000   121.871000    1280.000000   129.599000    4.90534E-02  4.97411E-04  30.300000  4.191800
3  1060.000000   109.082000    1280.000000   129.599000    1320.000000   143.045000    4.12978E-02  4.20833E-04  31.012600  4.776930
3  1060.000000   109.082000    1320.000000   143.045000    1360.000000   150.159000    2.34364E-02  2.42668E-04  26.701000  9.032730
3  1060.000000   109.082000    1360.000000   150.159000    1400.000000   160.896000    2.79379E-02  1.08848E-03  -16.352000  38.408000
3  1060.000000   109.082000    2360.000000   52.469000     2400.000000   59.965000     1.29059E-03  2.79198E-05  31.569600  24.000700
3  1060.000000   109.082000    0.000000      94.302000     80.000000     87.439000     1.14885E-02  1.24468E-04  23.920600  11.682300
3  1060.000000   109.082000    40.000000     87.181000     120.000000    88.121000     9.25012E-03  1.05766E-04  23.007100  12.633500
3  1060.000000   109.082000    360.000000    115.089000    440.000000    111.533000    1.46186E-02  1.53507E-04  25.353300  10.258600
3  1060.000000   109.082000    400.000000    115.247000    480.000000    120.110000    1.93878E-02  2.01193E-04  26.288900  9.124710
3  1060.000000   109.082000    440.000000    111.533000    520.000000    115.268000    1.67893E-02  1.75257E-04  26.888000  9.731120
3  1060.000000   109.082000    480.000000    120.110000    560.000000    123.811000    1.81346E-02  1.89300E-04  25.951000  9.731130
3  1060.000000   109.082000    520.000000    115.268000    600.000000    124.839000    2.26371E-02  2.34391E-04  26.567300  9.032700
3  1060.000000   109.082000    560.000000    123.811000    640.000000    115.456000    2.13419E-02  2.21471E-04  27.489900  9.124710
3  1060.000000   109.082000    600.000000    124.839000    680.000000    99.357000     2.90677E-02  3.01130E-04  27.246000  7.586650
3  1060.000000   109.082000    640.000000    115.456000    720.000000    100.587000    3.81800E-02  3.89058E-04  26.024700  4.776880
3  1060.000000   109.082000    1400.000000   160.896000    1480.000000   197.065000    2.99048E-02  3.09805E-04  23.176800  7.586780
3  1060.000000   109.082000    1440.000000   178.173000    1520.000000   178.674000    1.80629E-02  1.88551E-04  22.031600  9.731150
3  1060.000000   109.082000    1480.000000   197.065000    1560.000000   156.964000    1.99847E-02  2.07387E-04  23.254000  9.124800
3  1060.000000   109.082000    1520.000000   178.674000    1600.000000   137.193000    2.48585E-02  2.56838E-04  20.579100  7.998880
3  1060.000000   109.082000    1560.000000   156.964000    1640.000000   122.640000    3.32077E-02  3.44473E-04  19.692900  6.944170
3  1060.000000   109.082000    1600.000000   137.193000    1680.000000   100.508000    3.83085E-02  3.90402E-04  20.126000  4.778820
3  1060.000000   109.082000    1640.000000   122.640000    1720.000000   92.752000     3.81198E-02  3.88490E-04  21.221900  4.779450
3  1060.000000   109.082000    1680.000000   100.508000    1760.000000   89.581000     3.06441E-02  3.17491E-04  20.897900  7.588060
3  1060.000000   109.082000    2280.000000   42.192000     2360.000000   52.469000     4.01680E-03  5.78054E-05  33.153400  15.033100
3  1060.000000   109.082000    2320.000000   45.283000     2400.000000   59.965000     2.73265E-03  4.27559E-05  32.682700  17.471400
3  1060.000000   109.082000    0.000000      94.302000     160.000000    96.899000     2.08441E-02  2.16326E-04  23.319900  9.125940
3  1060.000000   109.082000    40.000000     87.181000     200.000000    103.483000    1.85775E-02  1.93940E-04  22.399800  9.732120
3  1060.000000   109.082000    80.000000     87.439000     240.000000    107.360000    1.70966E-02  1.78499E-04  21.540500  9.733270
3  1060.000000   109.082000    120.000000    88.121000     280.000000    105.248000    1.99448E-02  2.06983E-04  21.601100  9.125370
3  1060.000000   109.082000    160.000000    96.899000     320.000000    113.072000    2.09708E-02  2.17620E-04  21.652100  9.124720
3  1060.000000   109.082000    200.000000    103.483000    360.000000    115.089000    2.26093E-02  2.34103E-04  22.574500  9.032710
3  1060.000000   109.082000    240.000000    107.360000    400.000000    115.247000    2.51315E-02  2.59654E-04  23.470200  7.998660
3  1060.000000   109.082000    1720.000000   92.752000     1880.000000   67.320000     5.73619E-02  5.79384E-04  17.613500  3.518440
3  1060.000000   109.082000    1760.000000   89.581000     1920.000000   57.532000     5.36526E-02  5.41945E-04  17.498900  3.519950
3  1060.000000   109.082000    1800.000000   73.849000     1960.000000   54.922000     4.36043E-02  4.44494E-04  19.503100  4.784640
3  1060.000000   109.082000    1840.000000   69.746000     2000.000000   51.429000     3.08448E-02  3.19669E-04  20.958700  7.592410
3  1060.000000   109.082000    1880.000000   67.320000     2040.000000   51.134000     2.20415E-02  2.28352E-04  23.092300  9.039370
3  1060.000000   109.082000    1920.000000   57.532000     2080.000000   47.855000     1.63074E-02  1.70300E-04  27.491700  9.735940
3  1060.000000   109.082000    1960.000000   54.922000     2120.000000   51.358000     1.01866E-02  1.10364E-04  29.600400  11.682400
3  1060.000000   109.082000    2000.000000   51.429000     2160.000000   53.175000     8.36510E-03  9.56031E-05  33.717700  12.628800
3  1060.000000   109.082000    2040.000000   51.134000     2200.000000   49.089000     6.58722E-03  8.82655E-05  38.489000  13.057200
3  1060.000000   109.082000    2080.000000   47.855000     2240.000000   45.045000     5.61307E-03  7.78449E-05  39.654900  14.193100
3  1060.000000   109.082000    2120.000000   51.358000     2280.000000   42.192000     6.11742E-03  8.19673E-05  35.888300  13.056700
3  1060.000000   109.082000    2160.000000   53.175000     2320.000000   45.283000     7.27740E-03  9.75092E-05  33.144000  13.056600
3  1060.000000   109.082000    2200.000000   49.089000     2360.000000   52.469000     7.66401E-03  1.02689E-04  33.367100  13.056600
3  1060.000000   109.082000    2240.000000   45.045000     2400.000000   59.965000     7.58855E-03  1.01677E-04  33.408800  13.056500
3  1100.000000   129.924000    760.000000    98.622000     800.000000    109.655000    3.27429E-02  3.39203E-04  23.656700  7.586630
3  1100.000000   129.924000    800.000000    109.655000    840.000000    115.365000    4.01426E-02  4.09061E-04  20.090300  4.776930
3  1100.000000   129.924000    840.000000    115.365000    880.000000    118.144000    4.22346E-02  4.30375E-04  18.800600  4.776920
3  1100.000000   129.924000    880.000000    118.144000    920.000000    132.008000    4.96981E-02  5.03949E-04  17.611300  4.191720
3  1100.000000   129.924000    920.000000    132.008000    960.000000    128.518000    4.96843E-02  5.03809E-04  24.371000  4.191720
3  1100.000000   129.924000    960.000000    128.518000    1000.000000   116.905000    7.38469E-02  7.43454E-04  19.600900  2.881610
3  1100.000000   129.924000    1000.000000   116.905000    1040.000000   108.286000    9.95504E-02  1.00011E-03  39.551800  2.436940
3  1100.000000   129.924000    1200.000000   123.583000    1240.000000   121.871000    1.38698E-01  1.39170E-03  18.272900  1.986460
3  1100.000000   129.924000    1240.000000   121.871000    1280.000000   129.599000    7.82535E-02  7.87981E-04  28.132400  2.888690
3  1100.000000   129.924000    1280.000000   129.599000    1320.000000   143.045000    6.00492E-02  6.06563E-04  32.718300  3.520220
3  1100.000000   129.924000    1320.000000   143.045000    1360.000000   150.159000    3.21605E-02  3.33212E-04  30.534200  7.588480
3  1100.000000   129.924000    1360.000000   150.159000    1400.000000   160.896000    3.72046E-02  3.86024E-04  28.175100  6.947710
3  1100.000000   129.924000    1400.000000   160.896000    1440.000000   178.173000    2.70067E-02  2.79079E-04  27.156600  8.001140
3  1100.000000   129.924000    2360.000000   52.469000     2400.000000   59.965000     1.44079E-03  3.11692E-05  62.169300  24.000800
3  1100.000000   129.924000    0.000000      94.302000     80.000000     87.439000     1.09805E-02  1.21430E-04  34.626000  11.890900
3  1100.000000   129.924000    40.000000     87.181000     120.000000    88.121000     8.76279E-03  1.04288E-04  36.937400  13.057900
3  1100.000000   129.924000    400.000000    115.247000    480.000000    120.110000    1.73823E-02  1.81449E-04  24.581600  9.731200
3  1100.000000   129.924000    440.000000    111.533000    520.000000    115.268000    1.49528E-02  1.57015E-04  25.261900  10.258600
3  1100.000000   129.924000    480.000000    120.110000    560.000000    123.811000    1.59352E-02  1.67332E-04  24.465200  10.258700
3  1100.000000   129.924000    520.000000    115.268000    600.000000    124.839000    1.97388E-02  2.04835E-04  25.246000  9.124720
3  1100.000000   129.924000    560.000000    123.811000    640.000000    115.456000    1.84270E-02  1.92352E-04  26.531600  9.731110
3  1100.000000   129.924000    600.000000    124.839000    680.000000    99.357000     2.48385E-02  2.57185E-04  26.657600  9.032730
3  1100.000000   129.924000    640.000000    115.456000    720.000000    100.587000    3.22424E-02  3.34018E-04  25.667100  7.586650
3  1100.000000   129.924000    680.000000    99.357000     760.000000    98.622000     4.08667E-02  4.16436E-04  26.141200  4.776900
3  1100.000000   129.924000    1440.000000   178.173000    1520.000000   178.674000    2.23160E-02  2.31073E-04  25.734700  9.032990
3  1100.000000   129.924000    1480.000000   197.065000    1560.000000   156.964000    2.41296E-02  2.49862E-04  26.780000  9.033530
3  1100.000000   129.924000    1520.000000   178.674000    1600.000000   137.193000    2.95964E-02  3.06639E-04  25.024600  7.588170
3  1100.000000   129.924000    1560.000000   156.964000    1640.000000   122.640000    3.90092E-02  3.97621E-04  24.821300  4.782920
3  1100.000000   129.924000    1600.000000   137.193000    1680.000000   100.508000    4.45950E-02  4.52345E-04  25.416200  4.199490
3  1100.000000   129.924000    1640.000000   122.640000    1720.000000   92.752000     4.40823E-02  4.47144E-04  27.114600  4.199520
3  1100.000000   129.924000    1680.000000   100.508000    1760.000000   89.581000     3.52374E-02  3.65588E-04  27.208300  6.946620
3  1100.000000   129.924000    1720.000000   92.752000     1800.000000   73.849000     3.39563E-02  3.52286E-04  24.393700  6.946190
3  1100.000000   129.924000    2280.000000   42.192000     2360.000000   52.469000     4.48214E-03  6.21574E-05  62.370100  14.192400
3  1100.000000   129.924000    2320.000000   45.283000     2400.000000   59.965000     3.04834E-03  4.38681E-05  61.701200  15.033000
3  1100.000000   129.924000    0.000000      94.302000     160.000000    96.899000     1.97914E-02  2.05613E-04  33.502000  9.138000
3  1100.000000   129.924000    40.000000     87.181000     200.000000    103.483000    1.74915E-02  1.83390E-04  31.422000  9.780370
3  1100.000000   129.924000    80.000000     87.439000     240.000000    107.360000    1.60004E-02  1.67135E-04  26.755200  9.738670
3  1100.000000   129.924000    120.000000    88.121000     280.000000    105.248000    1.85164E-02  1.93319E-04  22.691700  9.733070
3  1100.000000   129.924000    160.000000    96.899000     320.000000    113.072000    1.93387E-02  2.00730E-04  20.386500  9.127430
3  1100.000000   129.924000    200.000000    103.483000    360.000000    115.089000    2.07411E-02  2.15259E-04  20.863000  9.126030
3  1100.000000   129.924000    240.000000    107.360000    400.000000    115.247000    2.29536E-02  2.37689E-04  21.656700  9.033720
3  1100.000000   129.924000    280.000000    105.248000    440.000000    111.533000    2.41347E-02  2.49898E-04  22.779400  9.032740
3  1100.000000   129.924000    1760.000000   89.581000     1920.000000   57.532000     6.07044E-02  6.12319E-04  25.008600  3.304370
3  1100.000000   129.924000    1800.000000   73.849000     1960.000000   54.922000     4.90902E-02  4.98742E-04  27.454100  4.238740
3  1100.000000   129.924000    1840.000000   69.746000     2000.000000   51.429000     3.46640E-02  3.61702E-04  29.435900  7.035200
3  1100.000000   129.924000    1880.000000   67.320000     2040.000000   51.134000     2.47038E-02  2.61453E-04  32.406900  9.294490
3  1100.000000   129.924000    1920.000000   57.532000     2080.000000   47.855000     1.82218E-02  1.97707E-04  38.578000  10.171200
3  1100.000000   129.924000    1960.000000   54.922000     2120.000000   51.358000     1.13776E-02  1.23919E-04  45.198000  11.735600
3  1100.000000   129.924000    2000.000000   51.429000     2160.000000   53.175000     9.32957E-03  1.06627E-04  53.679100  12.628900
3  1100.000000   129.924000    2040.000000   51.134000     2200.000000   49.089000     7.37047E-03  9.87569E-05  63.025300  13.056800
3  1100.000000   129.924000    2080.000000   47.855000     2240.000000   45.045000     6.29220E-03  8.43117E-05  67.347800  13.057200
3  1100.000000   129.924000    2120.000000   51.358000     2280.000000   42.192000     6.82704E-03  9.14762E-05  63.924000  13.056800
3  1100.000000   129.924000    2160.000000   53.175000     2320.000000   45.283000     8.10939E-03  9.26782E-05  61.500000  12.628500
3  1100.000000   129.924000    2200.000000   49.089000     2360.000000   52.469000     8.54276E-03  9.76318E-05  61.789900  12.628600
3  1100.000000   129.924000    2240.000000   45.045000     2400.000000   59.965000     8.46557E-03  9.67505E-05  62.426500  12.628700
3  1140.000000   132.283000    0.000000      94.302000     40.000000     87.181000     5.88450E-03  8.16068E-05  41.299000  14.192700
3  1140.000000   132.283000    800.000000    109.655000    840.000000    115.365000    3.55196E-02  3.68441E-04  22.777700  6.943480
3  1140.000000   132.283000    880.000000    118.144000    920.000000    132.008000    4.21432E-02  4.29443E-04  18.921400  4.776880
3  1140.000000   132.283000    920.000000    132.008000    960.000000    128.518000    4.10954E-02  4.18766E-04  22.043000  4.776910
3  1140.000000   132.283000    960.000000    128.518000    1000.000000   116.905000    6.03885E-02  6.09857E-04  21.753200  3.513810
3  1140.000000   132.283000    1000.000000   116.905000    1040.000000   108.286000    6.07953E-02  6.13145E-04  39.616200  3.299780
3  1140.000000   132.283000    1040.000000   108.286000    1080.000000   117.343000    2.87917E-01  2.88507E-03  20.649000  1.421930
3  1140.000000   132.283000    1200.000000   123.583000    1240.000000   121.871000    2.10512E-01  2.11005E-03  14.102400  1.618000
3  1140.000000   132.283000    1240.000000   121.871000    1280.000000   129.599000    1.05419E-01  1.05904E-03  24.570700  2.435940
3  1140.000000   132.283000    1280.000000   129.599000    1320.000000   143.045000    7.46455E-02  7.51494E-04  30.958900  2.881540
3  1140.000000   132.283000    1360.000000   150.159000    1400.000000   160.896000    4.35874E-02  4.44164E-04  26.536800  4.776990
3  1140.000000   132.283000    1400.000000   160.896000    1440.000000   178.173000    3.12797E-02  3.24045E-04  25.581700  7.586680
3  1140.000000   132.283000    1440.000000   178.173000    1480.000000   197.065000    1.26420E-02  1.34015E-04  22.840100  10.889400
3  1140.000000   132.283000    2360.000000   52.469000     2400.000000   59.965000     1.48231E-03  3.20674E-05  31.908400  24.000700
3  1140.000000   132.283000    0.000000      94.302000     80.000000     87.439000     1.03490E-02  1.12121E-04  38.720700  11.682200
3  1140.000000   132.283000    40.000000     87.181000     120.000000    88.121000     8.31155E-03  9.49885E-05  33.296100  12.628500
3  1140.000000   132.283000    440.000000    111.533000    520.000000    115.268000    1.40696E-02  1.47741E-04  27.641300  10.258600
3  1140.000000   132.283000    480.000000    120.110000    560.000000    123.811000    1.49386E-02  1.56866E-04  26.810800  10.258600
3  1140.000000   132.283000    520.000000    115.268000    600.000000    124.839000    1.84508E-02  1.92601E-04  27.547800  9.731110
3  1140.000000   132.283000    560.000000    123.811000    640.000000    115.456000    1.71498E-02  1.79020E-04  28.817400  9.731110
3  1140.000000   132.283000    600.000000    124.839000    680.000000    99.357000     2.30130E-02  2.38284E-04  28.838600  9.032700
3  1140.000000   132.283000    640.000000    115.456000    720.000000    100.587000    2.97420E-02  3.08115E-04  28.001500  7.586620
3  1140.000000   132.283000    680.000000    99.357000     760.000000    98.622000     3.73650E-02  3.87583E-04  27.283700  6.943470
3  1140.000000   132.283000    720.000000    100.587000    800.000000    109.655000    5.13780E-02  5.20978E-04  25.989900  4.191700
3  1140.000000   132.283000    1480.000000   197.065000    1560.000000   156.964000    2.70938E-02  2.79928E-04  24.492600  7.998660
3  1140.000000   132.283000    1520.000000   178.674000    1600.000000   137.193000    3.29685E-02  3.41979E-04  22.092400  6.943520
3  1140.000000   132.283000    1560.000000   156.964000    1640.000000   122.640000    4.31297E-02  4.39500E-04  21.274000  4.777010
3  1140.000000   132.283000    1600.000000   137.193000    1680.000000   100.508000    4.90169E-02  4.97041E-04  21.614300  4.191950
3  1140.000000   132.283000    1640.000000   122.640000    1720.000000   92.752000     4.81913E-02  4.88669E-04  22.777500  4.191940
3  1140.000000   132.283000    1680.000000   100.508000    1760.000000   89.581000     3.83419E-02  3.90712E-04  22.603400  4.777010
3  1140.000000   132.283000    1720.000000   92.752000     1800.000000   73.849000     3.68050E-02  3.81775E-04  19.340700  6.943540
3  1140.000000   132.283000    1760.000000   89.581000     1840.000000   69.746000     4.16304E-02  4.24222E-04  19.480900  4.777010
3  1140.000000   132.283000    2280.000000   42.192000     2360.000000   52.469000     4.61511E-03  6.40010E-05  32.474800  14.192400
3  1140.000000   132.283000    2320.000000   45.283000     2400.000000   59.965000     3.14202E-03  4.52162E-05  32.114500  15.033000
3  1140.000000   132.283000    0.000000      94.302000     160.000000    96.899000     1.87171E-02  1.94298E-04  34.460800  9.128790
3  1140.000000   132.283000    40.000000     87.181000     200.000000    103.483000    1.66084E-02  1.73373E-04  29.576500  9.731420
3  1140.000000   132.283000    80.000000     87.439000     240.000000    107.360000    1.52098E-02  1.59715E-04  26.278400  10.258700
3  1140.000000   132.283000    120.000000    88.121000     280.000000    105.248000    1.76036E-02  1.83764E-04  24.327700  9.731480
3  1140.000000   132.283000    160.000000    96.899000     320.000000    113.072000    1.83879E-02  1.91944E-04  23.395200  9.731110
3  1140.000000   132.283000    200.000000    103.483000    360.000000    115.089000    1.97042E-02  2.04476E-04  23.827000  9.124730
3  1140.000000   132.283000    240.000000    107.360000    400.000000    115.247000    2.17761E-02  2.25476E-04  24.608700  9.032720
3  1140.000000   132.283000    280.000000    105.248000    440.000000    111.533000    2.28464E-02  2.36558E-04  25.494300  9.032720
3  1140.000000   132.283000    320.000000    113.072000    480.000000    120.110000    2.66169E-02  2.75000E-04  26.459100  7.998640
3  1140.000000   132.283000    1800.000000   73.849000     1960.000000   54.922000     5.28332E-02  5.33578E-04  21.097100  3.515150
3  1140.000000   132.283000    1840.000000   69.746000     2000.000000   51.429000     3.72933E-02  3.86877E-04  22.538100  6.944970
3  1140.000000   132.283000    1880.000000   67.320000     2040.000000   51.134000     2.65730E-02  2.74643E-04  24.518800  8.003280
3  1140.000000   132.283000    1920.000000   57.532000     2080.000000   47.855000     1.95867E-02  2.03388E-04  28.741400  9.132420
3  1140.000000   132.283000    1960.000000   54.922000     2120.000000   51.358000     1.21238E-02  1.28526E-04  30.440000  10.889700
3  1140.000000   132.283000    2000.000000   51.429000     2160.000000   53.175000     9.84457E-03  1.06657E-04  33.915000  11.682300
3  1140.000000   132.283000    2040.000000   51.134000     2200.000000   49.089000     7.71118E-03  8.81272E-05  38.568200  12.628500
3  1140.000000   132.283000    2080.000000   47.855000     2240.000000   45.045000     6.51881E-03  8.73436E-05  39.205200  13.056400
3  1140.000000   132.283000    2120.000000   51.358000     2280.000000   42.192000     7.07072E-03  9.47385E-05  35.592300  13.056400
3  1140.000000   132.283000    2160.000000   53.175000     2320.000000   45.283000     8.38032E-03  9.57745E-05  32.923800  12.628500
3  1140.000000   132.283000    2200.000000   49.089000     2360.000000   52.469000     8.81891E-03  1.00787E-04  32.758000  12.628500
3  1140.000000   132.283000    2240.000000   45.045000     2400.000000   59.965000     8.72582E-03  9.97230E-05  32.821400  12.628500
3  1180.000000   121.308000    0.000000      94.302000     40.000000     87.181000     5.67926E-03  7.87583E-05  2.957370  14.192400
3  1180.000000   121.308000    840.000000    115.365000    880.000000    118.144000    3.18020E-02  3.29456E-04  21.862500  7.586620
3  1180.000000   121.308000    880.000000    118.144000    920.000000    132.008000    3.62200E-02  3.75706E-04  20.834900  6.943470
3  1180.000000   121.308000    920.000000    132.008000    960.000000    128.518000    3.45064E-02  3.57931E-04  24.060900  6.943480
3  1180.000000   121.308000    960.000000    128.518000    1000.000000   116.905000    4.99996E-02  5.07006E-04  22.545500  4.191720
3  1180.000000   121.308000    1000.000000   116.905000    1040.000000   108.286000    4.45248E-02  4.51495E-04  39.010900  4.192140
3  1180.000000   121.308000    1040.000000   108.286000    1080.000000   117.343000    1.70832E-01  1.71321E-03  24.444400  1.826410
3  1180.000000   121.308000    1080.000000   117.343000    1120.000000   134.172000    1.85934E-01  1.86468E-03  15.775400  1.826540
3  1180.000000   121.308000    1240.000000   121.871000    1280.000000   129.599000    1.69318E-01  1.69804E-03  19.145600  1.826450
3  1180.000000   121.308000    1280.000000   129.599000    1320.000000   143.045000    1.04458E-01  1.04940E-03  29.258800  2.436060
3  1180.000000   121.308000    1320.000000   143.045000    1360.000000   150.159000    4.97519E-02  5.04494E-04  30.189400  4.191730
3  1180.000000   121.308000    1360.000000   150.159000    1400.000000   160.896000    5.46056E-02  5.51451E-04  25.808700  3.513760
3  1180.000000   121.308000    1400.000000   160.896000    1440.000000   178.173000    3.73891E-02  3.87833E-04  24.768700  6.943500
3  1180.000000   121.308000    1440.000000   178.173000    1480.000000   197.065000    1.49770E-02  1.57269E-04  21.911300  10.258600
3  1180.000000   121.308000    1480.000000   197.065000    1520.000000   178.674000    1.46840E-02  1.54192E-04  23.053900  10.258600
3  1180.000000   121.308000    2360.000000   52.469000     2400.000000   59.965000     1.55199E-03  2.42829E-05  11.362900  17.471400
3  1180.000000   121.308000    0.000000      94.302000     80.000000     87.439000     9.97625E-03  1.08083E-04  3.478760  11.682200
3  1180.000000   121.308000    40.000000     87.181000     120.000000    88.121000     7.98617E-03  9.12795E-05  4.489690  12.629600
3  1180.000000   121.308000    480.000000    120.110000    560.000000    123.811000    1.39775E-02  1.46775E-04  26.348400  10.258600
3  1180.000000   121.308000    520.000000    115.268000    600.000000    124.839000    1.72163E-02  1.79714E-04  27.397300  9.731120
3  1180.000000   121.308000    560.000000    123.811000    640.000000    115.456000    1.59335E-02  1.67314E-04  28.919700  10.258600
3  1180.000000   121.308000    600.000000    124.839000    680.000000    99.357000     2.12900E-02  2.20933E-04  29.161300  9.124710
3  1180.000000   121.308000    640.000000    115.456000    720.000000    100.587000    2.74026E-02  2.83118E-04  28.559800  7.998650
3  1180.000000   121.308000    680.000000    99.357000     760.000000    98.622000     3.41045E-02  3.53763E-04  27.579300  6.943490
3  1180.000000   121.308000    720.000000    100.587000    800.000000    109.655000    4.63069E-02  4.69557E-04  26.449900  4.191700
3  1180.000000   121.308000    760.000000    98.622000     840.000000    115.365000    5.75451E-02  5.81136E-04  24.489000  3.513680
3  1180.000000   121.308000    1520.000000   178.674000    1600.000000   137.193000    3.73669E-02  3.87603E-04  20.882100  6.943480
3  1180.000000   121.308000    1560.000000   156.964000    1640.000000   122.640000    4.83448E-02  4.90226E-04  19.964300  4.191720
3  1180.000000   121.308000    1600.000000   137.193000    1680.000000   100.508000    5.45084E-02  5.50469E-04  20.011700  3.513720
3  1180.000000   121.308000    1640.000000   122.640000    1720.000000   92.752000     5.32559E-02  5.37821E-04  20.964100  3.513760
3  1180.000000   121.308000    1680.000000   100.508000    1760.000000   89.581000     4.21530E-02  4.29548E-04  20.591600  4.776950
3  1180.000000   121.308000    1720.000000   92.752000     1800.000000   73.849000     4.02342E-02  4.09991E-04  17.045400  4.776890
3  1180.000000   121.308000    1760.000000   89.581000     1840.000000   69.746000     4.53088E-02  4.59436E-04  17.072800  4.191710
3  1180.000000   121.308000    1800.000000   73.849000     1880.000000   67.320000     3.63292E-02  3.76839E-04  16.805300  6.943510
3  1180.000000   121.308000    2280.000000   42.192000     2360.000000   52.469000     4.83606E-03  6.70650E-05  11.931000  14.192400
3  1180.000000   121.308000    2320.000000   45.283000     2400.000000   59.965000     3.29147E-03  4.73669E-05  12.632200  15.033000
3  1180.000000   121.308000    0.000000      94.302000     160.000000    96.899000     1.79894E-02  1.87809E-04  5.019870  9.732620
3  1180.000000   121.308000    40.000000     87.181000     200.000000    103.483000    1.59174E-02  1.67169E-04  6.922640  10.260200
3  1180.000000   121.308000    80.000000     87.439000     240.000000    107.360000    1.45437E-02  1.52786E-04  8.743870  10.263300
3  1180.000000   121.308000    120.000000    88.121000     280.000000    105.248000    1.67911E-02  1.75323E-04  12.132300  9.734070
3  1180.000000   121.308000    160.000000    96.899000     320.000000    113.072000    1.75087E-02  1.82766E-04  14.690600  9.731120
3  1180.000000   121.308000    200.000000    103.483000    360.000000    115.089000    1.87280E-02  1.94346E-04  17.141800  9.124710
3  1180.000000   121.308000    240.000000    107.360000    400.000000    115.247000    2.06567E-02  2.14361E-04  19.128000  9.124720
3  1180.000000   121.308000    280.000000    105.248000    440.000000    111.533000    2.16101E-02  2.24254E-04  21.664000  9.124710
3  1180.000000   121.308000    320.000000    113.072000    480.000000    120.110000    2.51036E-02  2.59365E-04  23.781400  7.998650
3  1180.000000   121.308000    360.000000    115.089000    520.000000    115.268000    2.49555E-02  2.57835E-04  24.993800  7.998660
3  1180.000000   121.308000    1840.000000   69.746000     2000.000000   51.429000     4.02797E-02  4.10454E-04  19.749100  4.776900
3  1180.000000   121.308000    1880.000000   67.320000     2040.000000   51.134000     2.86483E-02  2.96822E-04  21.622500  7.588400
3  1180.000000   121.308000    1920.000000   57.532000     2080.000000   47.855000     2.10558E-02  2.18620E-04  25.372600  9.131110
3  1180.000000   121.308000    1960.000000   54.922000     2120.000000   51.358000     1.29410E-02  1.37219E-04  23.482000  10.891900
3  1180.000000   121.308000    2000.000000   51.429000     2160.000000   53.175000     1.04361E-02  1.13081E-04  23.474900  11.683700
3  1180.000000   121.308000    2040.000000   51.134000     2200.000000   49.089000     8.12938E-03  9.29066E-05  24.134700  12.628600
3  1180.000000   121.308000    2080.000000   47.855000     2240.000000   45.045000     6.84209E-03  9.16751E-05  20.828700  13.056400
3  1180.000000   121.308000    2120.000000   51.358000     2280.000000   42.192000     7.41278E-03  9.93216E-05  17.359200  13.056400
3  1180.000000   121.308000    2160.000000   53.175000     2320.000000   45.283000     8.78418E-03  1.00390E-04  13.989900  12.628500
3  1180.000000   121.308000    2200.000000   49.089000     2360.000000   52.469000     9.24315E-03  1.05635E-04  13.276900  12.628500
3  1180.000000   121.308000    2240.000000   45.045000     2400.000000   59.965000     9.14343E-03  1.04496E-04  12.546600  12.628600
3  1220.000000   115.808000    0.000000      94.302000     40.000000     87.181000     5.49052E-03  7.61414E-05  29.215600  14.192400
3  1220.000000   115.808000    880.000000    118.144000    920.000000    132.008000    3.13246E-02  3.24510E-04  20.665500  7.586640
3  1220.000000   115.808000    920.000000    132.008000    960.000000    128.518000    2.93941E-02  3.04511E-04  23.967400  7.586620
3  1220.000000   115.808000    960.000000    128.518000    1000.000000   116.905000    4.19870E-02  4.27852E-04  22.881700  4.776900
3  1220.000000   115.808000    1000.000000   116.905000    1040.000000   108.286000    3.44957E-02  3.57820E-04  39.168100  6.943540
3  1220.000000   115.808000    1040.000000   108.286000    1080.000000   117.343000    1.16281E-01  1.16731E-03  27.299900  2.188110
3  1220.000000   115.808000    1080.000000   117.343000    1120.000000   134.172000    1.08444E-01  2.70951E-03  -3.133020  23.006100
3  1220.000000   115.808000    1120.000000   134.172000    1160.000000   128.135000    1.48320E-01  1.48798E-03  13.947100  1.977640
3  1220.000000   115.808000    1280.000000   129.599000    1320.000000   143.045000    2.16270E-01  2.22903E-03  29.023800  2.894400
3  1220.000000   115.808000    1320.000000   143.045000    1360.000000   150.159000    8.02018E-02  8.07448E-04  27.872600  2.882210
3  1220.000000   115.808000    1360.000000   150.159000    1400.000000   160.896000    8.07039E-02  8.12583E-04  25.552400  2.885540
3  1220.000000   115.808000    1400.000000   160.896000    1440.000000   178.173000    5.08978E-02  5.16287E-04  24.819400  4.199990
3  1220.000000   115.808000    1440.000000   178.173000    1480.000000   197.065000    1.95832E-02  2.03305E-04  22.192100  9.129690
3  1220.000000   115.808000    1480.000000   197.065000    1520.000000   178.674000    1.82168E-02  1.90453E-04  22.081300  9.748530
3  1220.000000   115.808000    1520.000000   178.674000    1560.000000   156.964000    1.99024E-02  2.06706E-04  23.975100  9.134620
3  1220.000000   115.808000    2360.000000   52.469000     2400.000000   59.965000     1.66639E-03  2.60728E-05  28.611800  17.471400
3  1220.000000   115.808000    0.000000      94.302000     80.000000     87.439000     9.63749E-03  1.04413E-04  28.047200  11.682200
3  1220.000000   115.808000    40.000000     87.181000     120.000000    88.121000     7.70166E-03  8.80192E-05  25.550800  12.628700
3  1220.000000   115.808000    520.000000    115.268000    600.000000    124.839000    1.60312E-02  1.67343E-04  26.906900  9.731110
3  1220.000000   115.808000    560.000000    123.811000    640.000000    115.456000    1.47767E-02  1.55166E-04  28.414300  10.258600
3  1220.000000   115.808000    600.000000    124.839000    680.000000    99.357000     1.96624E-02  2.04043E-04  28.673000  9.124740
3  1220.000000   115.808000    640.000000    115.456000    720.000000    100.587000    2.51970E-02  2.60330E-04  28.056500  7.998640
3  1220.000000   115.808000    680.000000    99.357000     760.000000    98.622000     3.11345E-02  3.22541E-04  27.063500  7.586630
3  1220.000000   115.808000    720.000000    100.587000    800.000000    109.655000    4.18226E-02  4.26176E-04  26.082800  4.776890
3  1220.000000   115.808000    760.000000    98.622000     840.000000    115.365000    5.13623E-02  5.20819E-04  24.185900  4.191710
3  1220.000000   115.808000    800.000000    109.655000    880.000000    118.144000    5.56122E-02  5.61616E-04  22.371100  3.513680
3  1220.000000   115.808000    1600.000000   137.193000    1680.000000   100.508000    6.27651E-02  6.33011E-04  21.823500  3.299630
3  1220.000000   115.808000    1640.000000   122.640000    1720.000000   92.752000     6.07449E-02  6.12637E-04  23.145500  3.299630
3  1220.000000   115.808000    1680.000000   100.508000    1760.000000   89.581000     4.79100E-02  4.85812E-04  23.075600  4.191700
3  1220.000000   115.808000    1720.000000   92.752000     1800.000000   73.849000     4.53678E-02  4.60034E-04  19.820900  4.191700
3  1220.000000   115.808000    1760.000000   89.581000     1840.000000   69.746000     5.07838E-02  5.14953E-04  20.051400  4.191710
3  1220.000000   115.808000    1800.000000   73.849000     1880.000000   67.320000     4.06411E-02  4.14137E-04  19.943700  4.776900
3  1220.000000   115.808000    1840.000000   69.746000     1920.000000   57.532000     2.87191E-02  2.97518E-04  19.365100  7.586710
3  1220.000000   115.808000    2280.000000   42.192000     2360.000000   52.469000     5.19672E-03  7.20671E-05  28.696000  14.192400
3  1220.000000   115.808000    2320.000000   45.283000     2400.000000   59.965000     3.53665E-03  5.08952E-05  28.999600  15.033000
3  1220.000000   115.808000    0.000000      94.302000     160.000000    96.899000     1.73469E-02  1.81086E-04  26.271500  9.731610
3  1220.000000   115.808000    40.000000     87.181000     200.000000    103.483000    1.53121E-02  1.60800E-04  23.934400  10.259400
3  1220.000000   115.808000    80.000000     87.439000     240.000000    107.360000    1.39573E-02  1.46585E-04  22.216300  10.260300
3  1220.000000   115.808000    120.000000    88.121000     280.000000    105.248000    1.60608E-02  1.67683E-04  21.511900  9.733170
3  1220.000000   115.808000    160.000000    96.899000     320.000000    113.072000    1.67014E-02  1.74339E-04  21.141800  9.731130
3  1220.000000   115.808000    200.000000    103.483000    360.000000    115.089000    1.78245E-02  1.86063E-04  21.875900  9.731140
3  1220.000000   115.808000    240.000000    107.360000    400.000000    115.247000    1.96217E-02  2.03620E-04  22.846400  9.124730
3  1220.000000   115.808000    280.000000    105.248000    440.000000    111.533000    2.04620E-02  2.12340E-04  23.953200  9.124710
3  1220.000000   115.808000    320.000000    113.072000    480.000000    120.110000    2.36978E-02  2.45374E-04  25.105900  9.032700
3  1220.000000   115.808000    360.000000    115.089000    520.000000    115.268000    2.34996E-02  2.43322E-04  25.769900  9.032720
3  1220.000000   115.808000    400.000000    115.247000    560.000000    123.811000    2.75864E-02  2.85017E-04  25.910600  7.998670
3  1220.000000   115.808000    1880.000000   67.320000     2040.000000   51.134000     3.18734E-02  3.30212E-04  25.336600  7.587330
3  1220.000000   115.808000    1920.000000   57.532000     2080.000000   47.855000     2.33609E-02  2.41909E-04  29.567500  9.033850
3  1220.000000   115.808000    1960.000000   54.922000     2120.000000   51.358000     1.42679E-02  1.49823E-04  30.162200  10.258600
3  1220.000000   115.808000    2000.000000   51.429000     2160.000000   53.175000     1.14151E-02  1.23675E-04  32.644700  11.682500
3  1220.000000   115.808000    2040.000000   51.134000     2200.000000   49.089000     8.84155E-03  1.01046E-04  36.272000  12.628500
3  1220.000000   115.808000    2080.000000   47.855000     2240.000000   45.045000     7.39863E-03  9.91335E-05  35.885800  13.056600
3  1220.000000   115.808000    2120.000000   51.358000     2280.000000   42.192000     7.99222E-03  9.13391E-05  32.497200  12.628600
3  1220.000000   115.808000    2160.000000   53.175000     2320.000000   45.283000     9.45450E-03  1.08051E-04  29.609700  12.628500
3  1220.000000   115.808000    2200.000000   49.089000     2360.000000   52.469000     9.94219E-03  1.07714E-04  29.243100  11.682300
3  1220.000000   115.808000    2240.000000   45.045000     2400.000000   59.965000     9.82828E-03  1.06481E-04  29.116300  11.682300
3  1260.000000   129.079000    0.000000      94.302000     40.000000     87.181000     5.02981E-03  7.19489E-05  11.952200  14.619500
3  1260.000000   129.079000    920.000000    132.008000    960.000000    128.518000    2.38104E-02  2.46540E-04  27.840300  9.032730
3  1260.000000   129.079000    960.000000    128.518000    1000.000000   116.905000    3.34950E-02  3.47444E-04  22.171900  6.943600
3  1260.000000   129.079000    1000.000000   116.905000    1040.000000   108.286000    2.60122E-02  2.68755E-04  38.737100  7.998710
3  1260.000000   129.079000    1040.000000   108.286000    1080.000000   117.343000    7.66022E-02  7.71200E-04  31.105800  2.881690
3  1260.000000   129.079000    1080.000000   117.343000    1120.000000   134.172000    6.57651E-02  6.63267E-04  26.906000  3.299820
3  1260.000000   129.079000    1120.000000   134.172000    1160.000000   128.135000    7.77804E-02  7.83062E-04  23.860100  2.881710
3  1260.000000   129.079000    1160.000000   128.135000    1200.000000   123.583000    1.56177E-01  1.56683E-03  23.033400  1.978180
3  1260.000000   129.079000    1320.000000   143.045000    1360.000000   150.159000    1.91038E-01  1.91603E-03  26.501900  1.831420
3  1260.000000   129.079000    1360.000000   150.159000    1400.000000   160.896000    1.60312E-01  1.60857E-03  26.011400  1.986570
3  1260.000000   129.079000    1400.000000   160.896000    1440.000000   178.173000    8.94254E-02  8.99110E-04  25.259700  2.701670
3  1260.000000   129.079000    1440.000000   178.173000    1480.000000   197.065000    3.10145E-02  3.21320E-04  23.029600  7.587580
3  1260.000000   129.079000    1480.000000   197.065000    1520.000000   178.674000    2.69488E-02  2.78454E-04  24.331500  7.999850
3  1260.000000   129.079000    1520.000000   178.674000    1560.000000   156.964000    2.84830E-02  2.94318E-04  23.717000  8.000310
3  1260.000000   129.079000    1560.000000   156.964000    1600.000000   137.193000    3.39270E-02  3.52047E-04  21.921200  6.949010
3  1260.000000   129.079000    2360.000000   52.469000     2400.000000   59.965000     1.84869E-03  2.89252E-05  22.289200  17.471400
3  1260.000000   129.079000    0.000000      94.302000     80.000000     87.439000     8.83982E-03  1.01882E-04  13.439700  12.716200
3  1260.000000   129.079000    40.000000     87.181000     120.000000    88.121000     7.06049E-03  9.46049E-05  14.975000  13.056900
3  1260.000000   129.079000    560.000000    123.811000    640.000000    115.456000    1.30031E-02  1.37843E-04  27.779000  10.889400
3  1260.000000   129.079000    600.000000    124.839000    680.000000    99.357000     1.72116E-02  1.79667E-04  28.243100  9.731170
3  1260.000000   129.079000    640.000000    115.456000    720.000000    100.587000    2.19567E-02  2.27348E-04  27.532100  9.032770
3  1260.000000   129.079000    680.000000    99.357000     760.000000    98.622000     2.69100E-02  2.78031E-04  27.179600  7.998750
3  1260.000000   129.079000    720.000000    100.587000    800.000000    109.655000    3.57055E-02  3.70373E-04  26.928300  6.943620
3  1260.000000   129.079000    760.000000    98.622000     840.000000    115.365000    4.36429E-02  4.44730E-04  24.385100  4.777110
3  1260.000000   129.079000    800.000000    109.655000    880.000000    118.144000    4.70162E-02  4.76754E-04  22.266400  4.191820
3  1260.000000   129.079000    840.000000    115.365000    920.000000    132.008000    4.94107E-02  5.01034E-04  21.243900  4.191890
3  1260.000000   129.079000    1600.000000   137.193000    1680.000000   100.508000    8.21881E-02  8.28382E-04  22.569400  2.921810
3  1260.000000   129.079000    1640.000000   122.640000    1720.000000   92.752000     7.77063E-02  7.90397E-04  23.344500  3.226480
3  1260.000000   129.079000    1680.000000   100.508000    1760.000000   89.581000     6.02608E-02  6.16757E-04  23.336500  3.887200
3  1260.000000   129.079000    1720.000000   92.752000     1800.000000   73.849000     5.62317E-02  6.32303E-04  14.900600  6.066430
3  1260.000000   129.079000    1760.000000   89.581000     1840.000000   69.746000     6.22018E-02  6.70716E-04  16.267000  5.044100
3  1260.000000   129.079000    1800.000000   73.849000     1880.000000   67.320000     4.91279E-02  4.98196E-04  22.446100  4.193320
3  1260.000000   129.079000    1840.000000   69.746000     1920.000000   57.532000     3.44679E-02  3.57591E-04  21.957100  6.945990
3  1260.000000   129.079000    1880.000000   67.320000     1960.000000   54.922000     2.76467E-02  2.85767E-04  28.470800  8.004550
3  1260.000000   129.079000    2280.000000   42.192000     2360.000000   52.469000     5.77827E-03  8.01319E-05  22.577700  14.192400
3  1260.000000   129.079000    2320.000000   45.283000     2400.000000   59.965000     3.93608E-03  5.66433E-05  22.914800  15.033000
3  1260.000000   129.079000    0.000000      94.302000     160.000000    96.899000     1.58927E-02  1.66959E-04  14.168100  10.263400
3  1260.000000   129.079000    40.000000     87.181000     200.000000    103.483000    1.40147E-02  1.47191E-04  14.819200  10.260500
3  1260.000000   129.079000    80.000000     87.439000     240.000000    107.360000    1.27429E-02  1.35086E-04  14.376200  10.889500
3  1260.000000   129.079000    120.000000    88.121000     280.000000    105.248000    1.46179E-02  1.53503E-04  14.986000  10.258900
3  1260.000000   129.079000    160.000000    96.899000     320.000000    113.072000    1.51491E-02  1.59079E-04  15.578900  10.258800
3  1260.000000   129.079000    200.000000    103.483000    360.000000    115.089000    1.61239E-02  1.68314E-04  16.976400  9.731330
3  1260.000000   129.079000    240.000000    107.360000    400.000000    115.247000    1.76973E-02  1.84737E-04  18.400800  9.731190
3  1260.000000   129.079000    280.000000    105.248000    440.000000    111.533000    1.84017E-02  1.94055E-04  20.988500  9.845680
3  1260.000000   129.079000    320.000000    113.072000    480.000000    120.110000    2.12597E-02  2.31646E-04  23.579600  9.710570
3  1260.000000   129.079000    360.000000    115.089000    520.000000    115.268000    2.10304E-02  2.23223E-04  24.969200  9.393390
3  1260.000000   129.079000    400.000000    115.247000    560.000000    123.811000    2.46169E-02  2.55154E-04  25.655900  9.044920
3  1260.000000   129.079000    440.000000    111.533000    600.000000    124.839000    2.52718E-02  2.61106E-04  26.535700  7.998720
3  1260.000000   129.079000    1920.000000   57.532000     2080.000000   47.855000     2.75397E-02  2.85281E-04  32.999100  8.033640
3  1260.000000   129.079000    1960.000000   54.922000     2120.000000   51.358000     1.65369E-02  1.83596E-04  31.575700  10.439800
3  1260.000000   129.079000    2000.000000   51.429000     2160.000000   53.175000     1.30180E-02  1.38650E-04  32.112700  10.937900
3  1260.000000   129.079000    2040.000000   51.134000     2200.000000   49.089000     9.90021E-03  1.07263E-04  33.943700  11.682600
3  1260.000000   129.079000    2080.000000   47.855000     2240.000000   45.045000     8.18141E-03  9.35037E-05  31.810800  12.628900
3  1260.000000   129.079000    2120.000000   51.358000     2280.000000   42.192000     8.85979E-03  1.01255E-04  28.038600  12.628700
3  1260.000000   129.079000    2160.000000   53.175000     2320.000000   45.283000     1.05125E-02  1.13896E-04  24.484300  11.682500
3  1260.000000   129.079000    2200.000000   49.089000     2360.000000   52.469000     1.10623E-02  1.19850E-04  23.690400  11.682300
3  1260.000000   129.079000    2240.000000   45.045000     2400.000000   59.965000     1.09257E-02  1.18369E-04  23.108800  11.682200
3  1300.000000   136.311000    0.000000      94.302000     40.000000     87.181000     4.73041E-03  6.56647E-05  6.976750  14.205700
3  1300.000000   136.311000    960.000000    128.518000    1000.000000   116.905000    2.73350E-02  2.82422E-04  18.900500  7.998700
3  1300.000000   136.311000    1000.000000   116.905000    1040.000000   108.286000    1.99219E-02  2.06736E-04  34.078800  9.124770
3  1300.000000   136.311000    1040.000000   108.286000    1080.000000   117.343000    5.32209E-02  5.37473E-04  27.466100  3.513890
3  1300.000000   136.311000    1080.000000   117.343000    1120.000000   134.172000    4.33270E-02  4.41506E-04  24.558000  4.776920
3  1300.000000   136.311000    1120.000000   134.172000    1160.000000   128.135000    4.64612E-02  4.71126E-04  21.981800  4.191730
3  1300.000000   136.311000    1160.000000   128.135000    1200.000000   123.583000    7.69901E-02  7.75098E-04  22.820600  2.881560
3  1300.000000   136.311000    1200.000000   123.583000    1240.000000   121.871000    2.88863E-01  2.90703E-03  21.415500  1.699690
3  1300.000000   136.311000    1360.000000   150.159000    1400.000000   160.896000    4.34131E-01  4.76628E-03  18.227200  4.664520
3  1300.000000   136.311000    1400.000000   160.896000    1440.000000   178.173000    2.05476E-01  6.77863E-03  22.418800  31.471900
3  1300.000000   136.311000    1440.000000   178.173000    1480.000000   197.065000    6.00225E-02  6.06155E-04  19.154600  3.513690
3  1300.000000   136.311000    1480.000000   197.065000    1520.000000   178.674000    4.65781E-02  4.72307E-04  21.145500  4.191700
3  1300.000000   136.311000    1520.000000   178.674000    1560.000000   156.964000    4.56000E-02  4.62389E-04  21.487000  4.191700
3  1300.000000   136.311000    1560.000000   156.964000    1600.000000   137.193000    5.16083E-02  5.21182E-04  20.467600  3.513690
3  1300.000000   136.311000    1600.000000   137.193000    1640.000000   122.640000    6.06691E-02  6.11872E-04  22.271800  3.299640
3  1300.000000   136.311000    2360.000000   52.469000     2400.000000   59.965000     2.07811E-03  3.25147E-05  44.210900  17.471400
3  1300.000000   136.311000    0.000000      94.302000     80.000000     87.439000     8.29483E-03  9.47975E-05  5.395950  12.628500
3  1300.000000   136.311000    40.000000     87.181000     120.000000    88.121000     6.58761E-03  8.82720E-05  3.117450  13.057500
3  1300.000000   136.311000    600.000000    124.839000    680.000000    99.357000     1.49677E-02  1.57173E-04  23.107500  10.258600
3  1300.000000   136.311000    640.000000    115.456000    720.000000    100.587000    1.90251E-02  1.97429E-04  22.665700  9.124740
3  1300.000000   136.311000    680.000000    99.357000     760.000000    98.622000     2.31651E-02  2.39858E-04  23.269800  9.032730
3  1300.000000   136.311000    720.000000    100.587000    800.000000    109.655000    3.04648E-02  3.15603E-04  22.868800  7.586670
3  1300.000000   136.311000    760.000000    98.622000     840.000000    115.365000    3.69029E-02  3.82790E-04  20.287900  6.943530
3  1300.000000   136.311000    800.000000    109.655000    880.000000    118.144000    3.93920E-02  4.01412E-04  18.563200  4.776960
3  1300.000000   136.311000    840.000000    115.365000    920.000000    132.008000    4.09121E-02  4.16902E-04  17.664900  4.776990
3  1300.000000   136.311000    880.000000    118.144000    960.000000    128.518000    4.08516E-02  4.16286E-04  20.853000  4.776930
3  1300.000000   136.311000    1640.000000   122.640000    1720.000000   92.752000     1.06316E-01  1.06806E-03  24.291400  2.436210
3  1300.000000   136.311000    1680.000000   100.508000    1760.000000   89.581000     8.03809E-02  8.09235E-04  25.073900  2.881550
3  1300.000000   136.311000    1720.000000   92.752000     1800.000000   73.849000     7.31446E-02  7.36383E-04  22.201600  2.881560
3  1300.000000   136.311000    1760.000000   89.581000     1840.000000   69.746000     7.93251E-02  7.98605E-04  22.856000  2.881580
3  1300.000000   136.311000    1800.000000   73.849000     1880.000000   67.320000     6.17947E-02  6.23224E-04  23.157200  3.299690
3  1300.000000   136.311000    1840.000000   69.746000     1920.000000   57.532000     4.31966E-02  4.40178E-04  22.790100  4.776910
3  1300.000000   136.311000    1880.000000   67.320000     1960.000000   54.922000     3.43856E-02  3.56682E-04  29.163600  6.943610
3  1300.000000   136.311000    1920.000000   57.532000     2000.000000   51.429000     2.37187E-02  2.45593E-04  34.906600  9.032830
3  1300.000000   136.311000    2280.000000   42.192000     2360.000000   52.469000     6.49674E-03  8.70479E-05  44.889300  13.056400
3  1300.000000   136.311000    2320.000000   45.283000     2400.000000   59.965000     4.43500E-03  6.15032E-05  44.483000  14.192400
3  1300.000000   136.311000    0.000000      94.302000     160.000000    96.899000     1.48369E-02  1.57148E-04  5.161670  10.351700
3  1300.000000   136.311000    40.000000     87.181000     200.000000    103.483000    1.30099E-02  1.38287E-04  4.906040  10.917300
3  1300.000000   136.311000    80.000000     87.439000     240.000000    107.360000    1.17703E-02  1.24778E-04  6.046960  10.889700
3  1300.000000   136.311000    120.000000    88.121000     280.000000    105.248000    1.34115E-02  1.42174E-04  8.951710  10.889500
3  1300.000000   136.311000    160.000000    96.899000     320.000000    113.072000    1.38316E-02  1.45259E-04  10.557100  10.259900
3  1300.000000   136.311000    200.000000    103.483000    360.000000    115.089000    1.46584E-02  1.54006E-04  12.388700  10.264300
3  1300.000000   136.311000    240.000000    107.360000    400.000000    115.247000    1.60239E-02  1.67398E-04  13.967800  9.739910
3  1300.000000   136.311000    280.000000    105.248000    440.000000    111.533000    1.65531E-02  1.72799E-04  15.475500  9.731680
3  1300.000000   136.311000    320.000000    113.072000    480.000000    120.110000    1.89926E-02  1.97107E-04  17.224000  9.125610
3  1300.000000   136.311000    360.000000    115.089000    520.000000    115.268000    1.87023E-02  3.20161E-04  18.199900  16.389800
3  1300.000000   136.311000    400.000000    115.247000    560.000000    123.811000    2.17988E-02  2.25711E-04  18.644100  9.032710
3  1300.000000   136.311000    440.000000    111.533000    600.000000    124.839000    2.22883E-02  2.30780E-04  19.870200  9.032720
3  1300.000000   136.311000    480.000000    120.110000    640.000000    115.456000    2.15907E-02  2.24053E-04  20.852400  9.124730
3  1300.000000   136.311000    1960.000000   54.922000     2120.000000   51.358000     1.98181E-02  2.05678E-04  37.139200  9.125850
3  1300.000000   136.311000    2000.000000   51.429000     2160.000000   53.175000     1.52548E-02  1.60192E-04  42.256600  10.258900
3  1300.000000   136.311000    2040.000000   51.134000     2200.000000   49.089000     1.13328E-02  1.22780E-04  49.371100  11.682200
3  1300.000000   136.311000    2080.000000   47.855000     2240.000000   45.045000     9.17871E-03  1.04899E-04  51.995200  12.628500
3  1300.000000   136.311000    2120.000000   51.358000     2280.000000   42.192000     9.97412E-03  1.08060E-04  47.795000  11.682200
3  1300.000000   136.311000    2160.000000   53.175000     2320.000000   45.283000     1.18556E-02  1.25679E-04  44.789200  10.889500
3  1300.000000   136.311000    2200.000000   49.089000     2360.000000   52.469000     1.24692E-02  1.32183E-04  44.882800  10.889400
3  1300.000000   136.311000    2240.000000   45.045000     2400.000000   59.965000     1.22945E-02  1.30333E-04  45.098100  10.889500
3  1339.000000   148.189000    0.000000      94.302000     40.000000     87.181000     4.57734E-03  6.34804E-05  17.648400  14.193000
3  1339.000000   148.189000    1000.000000   116.905000    1040.000000   108.286000    1.79319E-02  1.87184E-04  36.212400  9.731120
3  1339.000000   148.189000    1040.000000   108.286000    1080.000000   117.343000    4.59592E-02  4.66035E-04  28.866400  4.191710
3  1339.000000   148.189000    1080.000000   117.343000    1120.000000   134.172000    3.69818E-02  3.83609E-04  25.849900  6.943480
3  1339.000000   148.189000    1120.000000   134.172000    1160.000000   128.135000    3.86530E-02  3.93878E-04  22.835700  4.776880
3  1339.000000   148.189000    1160.000000   128.135000    1200.000000   123.583000    6.05541E-02  6.10712E-04  23.205500  3.299680
3  1339.000000   148.189000    1200.000000   123.583000    1240.000000   121.871000    1.96729E-01  1.97292E-03  21.977200  1.826390
3  1339.000000   148.189000    1400.000000   160.896000    1440.000000   178.173000    3.01778E-01  3.02397E-03  12.966700  1.421890
3  1339.000000   148.189000    1440.000000   178.173000    1480.000000   197.065000    8.31765E-02  8.37379E-04  13.759000  2.881530
3  1339.000000   148.189000    1480.000000   197.065000    1520.000000   178.674000    6.16395E-02  6.21659E-04  15.722700  3.299650
3  1339.000000   148.189000    1520.000000   178.674000    1560.000000   156.964000    5.82360E-02  5.88114E-04  15.999000  3.513680
3  1339.000000   148.189000    1560.000000   156.964000    1600.000000   137.193000    6.38427E-02  6.43879E-04  15.017300  3.299640
3  1339.000000   148.189000    1600.000000   137.193000    1640.000000   122.640000    7.31013E-02  7.35947E-04  16.444900  2.881550
3  1339.000000   148.189000    1640.000000   122.640000    1680.000000   100.508000    6.59981E-02  6.65617E-04  15.654400  3.299670
3  1339.000000   148.189000    2360.000000   52.469000     2400.000000   59.965000     2.20170E-03  3.44485E-05  15.360200  17.471400
3  1339.000000   148.189000    0.000000      94.302000     80.000000     87.439000     8.00403E-03  9.14741E-05  17.479800  12.628500
3  1339.000000   148.189000    40.000000     87.181000     120.000000    88.121000     6.31971E-03  8.46923E-05  16.991700  13.059100
3  1339.000000   148.189000    640.000000    115.456000    720.000000    100.587000    1.78794E-02  1.86636E-04  29.696100  9.731130
3  1339.000000   148.189000    680.000000    99.357000     760.000000    98.622000     2.17178E-02  2.24873E-04  29.970700  9.032710
3  1339.000000   148.189000    720.000000    100.587000    800.000000    109.655000    2.84708E-02  2.94155E-04  28.612900  7.998690
3  1339.000000   148.189000    760.000000    98.622000     840.000000    115.365000    3.43821E-02  3.56642E-04  25.585100  6.943470
3  1339.000000   148.189000    800.000000    109.655000    880.000000    118.144000    3.65842E-02  3.79484E-04  23.675400  6.943480
3  1339.000000   148.189000    840.000000    115.365000    920.000000    132.008000    3.78620E-02  3.85818E-04  22.149500  4.776880
3  1339.000000   148.189000    880.000000    118.144000    960.000000    128.518000    3.76779E-02  3.90829E-04  25.052800  6.943470
3  1339.000000   148.189000    920.000000    132.008000    1000.000000   116.905000    4.29280E-02  4.37441E-04  25.096200  4.776890
3  1339.000000   148.189000    1680.000000   100.508000    1760.000000   89.581000     9.29921E-02  9.34701E-04  18.470600  2.690860
3  1339.000000   148.189000    1720.000000   92.752000     1800.000000   73.849000     8.36329E-02  8.40628E-04  15.053700  2.690840
3  1339.000000   148.189000    1760.000000   89.581000     1840.000000   69.746000     8.99803E-02  9.04428E-04  15.197100  2.690860
3  1339.000000   148.189000    1800.000000   73.849000     1880.000000   67.320000     6.95657E-02  7.01598E-04  15.009700  3.299650
3  1339.000000   148.189000    1840.000000   69.746000     1920.000000   57.532000     4.83890E-02  4.90669E-04  14.250700  4.191700
3  1339.000000   148.189000    1880.000000   67.320000     1960.000000   54.922000     3.83476E-02  3.90770E-04  20.057500  4.776950
3  1339.000000   148.189000    1920.000000   57.532000     2000.000000   51.429000     2.63624E-02  2.72371E-04  25.210600  7.998690
3  1339.000000   148.189000    1960.000000   54.922000     2040.000000   51.134000     1.38027E-02  1.44961E-04  20.822100  10.260300
3  1339.000000   148.189000    2280.000000   42.192000     2360.000000   52.469000     6.87487E-03  9.21143E-05  16.023600  13.056400
3  1339.000000   148.189000    2320.000000   45.283000     2400.000000   59.965000     4.70459E-03  6.52418E-05  17.383500  14.192400
3  1339.000000   148.189000    0.000000      94.302000     160.000000    96.899000     1.42668E-02  1.49816E-04  17.760800  10.258900
3  1339.000000   148.189000    40.000000     87.181000     200.000000    103.483000    1.24744E-02  1.32267E-04  18.075100  10.891700
3  1339.000000   148.189000    80.000000     87.439000     240.000000    107.360000    1.12789E-02  1.22268E-04  18.474500  11.688100
3  1339.000000   148.189000    120.000000    88.121000     280.000000    105.248000    1.28567E-02  1.36368E-04  19.976200  10.895300
3  1339.000000   148.189000    160.000000    96.899000     320.000000    113.072000    1.32586E-02  1.40561E-04  20.937000  10.890100
3  1339.000000   148.189000    200.000000    103.483000    360.000000    115.089000    1.40389E-02  1.47418E-04  22.280900  10.258600
3  1339.000000   148.189000    240.000000    107.360000    400.000000    115.247000    1.53210E-02  1.60881E-04  23.547300  10.258600
3  1339.000000   148.189000    280.000000    105.248000    440.000000    111.533000    1.57881E-02  1.65786E-04  25.096700  10.258600
3  1339.000000   148.189000    320.000000    113.072000    480.000000    120.110000    1.80716E-02  1.88642E-04  26.563100  9.731140
3  1339.000000   148.189000    360.000000    115.089000    520.000000    115.268000    1.77655E-02  1.85447E-04  27.375500  9.731150
3  1339.000000   148.189000    400.000000    115.247000    560.000000    123.811000    2.06827E-02  2.14631E-04  27.666800  9.124720
3  1339.000000   148.189000    440.000000    111.533000    600.000000    124.839000    2.11128E-02  2.19094E-04  28.538900  9.124720
3  1339.000000   148.189000    480.000000    120.110000    640.000000    115.456000    2.04094E-02  2.11794E-04  29.056800  9.124730
3  1339.000000   148.189000    520.000000    115.268000    680.000000    99.357000     2.58827E-02  2.67415E-04  29.626600  7.998650
3  1339.000000   148.189000    2000.000000   51.429000     2160.000000   53.175000     1.64849E-02  1.72084E-04  25.125100  9.731390
3  1339.000000   148.189000    2040.000000   51.134000     2200.000000   49.089000     1.20859E-02  1.28120E-04  27.736500  10.889400
3  1339.000000   148.189000    2080.000000   47.855000     2240.000000   45.045000     9.68291E-03  1.04905E-04  25.998200  11.682200
3  1339.000000   148.189000    2120.000000   51.358000     2280.000000   42.192000     1.05568E-02  1.14372E-04  21.469500  11.682200
3  1339.000000   148.189000    2160.000000   53.175000     2320.000000   45.283000     1.25653E-02  1.33202E-04  17.360100  10.889400
3  1339.000000   148.189000    2200.000000   49.089000     2360.000000   52.469000     1.32143E-02  1.40082E-04  17.116700  10.889400
3  1339.000000   148.189000    2240.000000   45.045000     2400.000000   59.965000     1.30181E-02  1.38002E-04  16.508500  10.889400
3  1380.000000   154.732000    1040.000000   108.286000    1080.000000   117.343000    3.73251E-02  3.87170E-04  27.322500  6.943510
3  1380.000000   154.732000    1080.000000   117.343000    1120.000000   134.172000    2.98770E-02  3.09514E-04  25.807700  7.586630
3  1380.000000   154.732000    1120.000000   134.172000    1160.000000   128.135000    3.04990E-02  3.15957E-04  22.776400  7.586620
3  1380.000000   154.732000    1160.000000   128.135000    1200.000000   123.583000    4.43953E-02  4.50177E-04  21.926900  4.191720
3  1380.000000   154.732000    1200.000000   123.583000    1240.000000   121.871000    1.28631E-01  1.29129E-03  20.621000  2.188170
3  1380.000000   154.732000    1240.000000   121.871000    1280.000000   129.599000    1.90826E-01  1.91374E-03  28.685500  1.826560
3  1380.000000   154.732000    1440.000000   178.173000    1480.000000   197.065000    1.58378E-01  1.58890E-03  9.115450  1.977690
3  1380.000000   154.732000    1480.000000   197.065000    1520.000000   178.674000    1.01549E-01  1.02016E-03  11.771900  2.435930
3  1380.000000   154.732000    1520.000000   178.674000    1560.000000   156.964000    8.88221E-02  8.92786E-04  11.877800  2.690830
3  1380.000000   154.732000    1560.000000   156.964000    1600.000000   137.193000    9.10938E-02  9.15620E-04  13.034700  2.690850
3  1380.000000   154.732000    1600.000000   137.193000    1640.000000   122.640000    9.88858E-02  9.93407E-04  14.017500  2.435950
3  1380.000000   154.732000    1640.000000   122.640000    1680.000000   100.508000    8.63576E-02  8.68015E-04  13.599300  2.690840
3  1380.000000   154.732000    1680.000000   100.508000    1720.000000   92.752000     7.47883E-02  7.52931E-04  18.778400  2.881530
3  1380.000000   154.732000    2360.000000   52.469000     2400.000000   59.965000     2.40510E-03  3.76309E-05  10.436400  17.471400
3  1380.000000   154.732000    680.000000    99.357000     760.000000    98.622000     1.95820E-02  2.03208E-04  27.422800  9.124710
3  1380.000000   154.732000    720.000000    100.587000    800.000000    109.655000    2.55567E-02  2.64047E-04  26.389100  7.998650
3  1380.000000   154.732000    760.000000    98.622000     840.000000    115.365000    3.07632E-02  3.18694E-04  24.090000  7.586620
3  1380.000000   154.732000    800.000000    109.655000    880.000000    118.144000    3.25980E-02  3.37702E-04  22.544900  7.586630
3  1380.000000   154.732000    840.000000    115.365000    920.000000    132.008000    3.35752E-02  3.48272E-04  21.171600  6.943490
3  1380.000000   154.732000    880.000000    118.144000    960.000000    128.518000    3.32265E-02  3.44655E-04  23.817100  6.943500
3  1380.000000   154.732000    920.000000    132.008000    1000.000000   116.905000    3.75749E-02  3.89761E-04  23.926200  6.943550
3  1380.000000   154.732000    960.000000    128.518000    1040.000000   108.286000    3.71892E-02  3.85760E-04  26.927400  6.943500
3  1380.000000   154.732000    1720.000000   92.752000     1800.000000   73.849000     1.03143E-01  1.03618E-03  13.666700  2.436130
3  1380.000000   154.732000    1760.000000   89.581000     1840.000000   69.746000     1.09726E-01  1.10232E-03  13.902800  2.436140
3  1380.000000   154.732000    1800.000000   73.849000     1880.000000   67.320000     8.30974E-02  8.36583E-04  13.858500  2.881530
3  1380.000000   154.732000    1840.000000   69.746000     1920.000000   57.532000     5.72264E-02  5.77918E-04  13.154100  3.513700
3  1380.000000   154.732000    1880.000000   67.320000     1960.000000   54.922000     4.54182E-02  4.60550E-04  18.937100  4.191750
3  1380.000000   154.732000    1920.000000   57.532000     2000.000000   51.429000     3.11497E-02  3.22698E-04  24.028700  7.586620
3  1380.000000   154.732000    1960.000000   54.922000     2040.000000   51.134000     1.61588E-02  1.68680E-04  19.493500  9.731400
3  1380.000000   154.732000    2000.000000   51.429000     2080.000000   47.855000     1.27344E-02  1.35028E-04  21.373500  10.892000
3  1380.000000   154.732000    2280.000000   42.192000     2360.000000   52.469000     7.51465E-03  1.00687E-04  11.578500  13.056400
3  1380.000000   154.732000    2320.000000   45.283000     2400.000000   59.965000     5.15620E-03  7.15046E-05  12.197200  14.192400
3  1380.000000   154.732000    40.000000     87.181000     200.000000    103.483000    1.15642E-02  1.22591E-04  -14.499100  10.889500
3  1380.000000   154.732000    80.000000     87.439000     240.000000    107.360000    1.04742E-02  1.13477E-04  -8.724380  11.682200
3  1380.000000   154.732000    120.000000    88.121000     280.000000    105.248000    1.19482E-02  1.26660E-04  -1.610880  10.889400
3  1380.000000   154.732000    160.000000    96.899000     320.000000    113.072000    1.23181E-02  1.30582E-04  3.432860  10.889400
3  1380.000000   154.732000    200.000000    103.483000    360.000000    115.089000    1.30243E-02  1.38068E-04  7.400750  10.889400
3  1380.000000   154.732000    240.000000    107.360000    400.000000    115.247000    1.41836E-02  1.48939E-04  10.306800  10.258700
3  1380.000000   154.732000    280.000000    105.248000    440.000000    111.533000    1.45768E-02  1.53067E-04  14.283900  10.258600
3  1380.000000   154.732000    320.000000    113.072000    480.000000    120.110000    1.66342E-02  1.73638E-04  17.598600  9.731120
3  1380.000000   154.732000    360.000000    115.089000    520.000000    115.268000    1.63186E-02  1.70343E-04  19.560800  9.731130
3  1380.000000   154.732000    400.000000    115.247000    560.000000    123.811000    1.89701E-02  1.96858E-04  21.230500  9.124710
3  1380.000000   154.732000    440.000000    111.533000    600.000000    124.839000    1.93219E-02  2.00509E-04  23.190500  9.124710
3  1380.000000   154.732000    480.000000    120.110000    640.000000    115.456000    1.86257E-02  1.94426E-04  24.787600  9.731120
3  1380.000000   154.732000    520.000000    115.268000    680.000000    99.357000     2.35545E-02  2.43890E-04  25.973500  9.032730
3  1380.000000   154.732000    560.000000    123.811000    720.000000    100.587000    2.59420E-02  2.68028E-04  26.842600  7.998640
3  1380.000000   154.732000    2040.000000   51.134000     2200.000000   49.089000     1.34407E-02  1.42482E-04  25.139800  10.889400
3  1380.000000   154.732000    2080.000000   47.855000     2240.000000   45.045000     1.06029E-02  1.14872E-04  22.012500  11.682200
3  1380.000000   154.732000    2120.000000   51.358000     2280.000000   42.192000     1.15649E-02  1.22597E-04  17.508900  10.889400
3  1380.000000   154.732000    2160.000000   53.175000     2320.000000   45.283000     1.37629E-02  1.44520E-04  13.614400  10.258600
3  1380.000000   154.732000    2200.000000   49.089000     2360.000000   52.469000     1.44741E-02  1.51988E-04  12.991400  10.258600
3  1380.000000   154.732000    2240.000000   45.045000     2400.000000   59.965000     1.42396E-02  1.49526E-04  12.102800  10.258600
3  1420.000000   166.670000    0.000000      94.302000     40.000000     87.181000     4.07882E-03  5.86975E-05  31.843300  15.033000
3  1420.000000   166.670000    1080.000000   117.343000    1120.000000   134.172000    2.46171E-02  2.54893E-04  24.144400  9.032700
3  1420.000000   166.670000    1120.000000   134.172000    1160.000000   128.135000    2.46150E-02  2.54871E-04  21.113400  9.032700
3  1420.000000   166.670000    1160.000000   128.135000    1200.000000   123.583000    3.45488E-02  3.58371E-04  20.937900  6.943470
3  1420.000000   166.670000    1200.000000   123.583000    1240.000000   121.871000    9.07919E-02  9.12586E-04  18.385000  2.690830
3  1420.000000   166.670000    1240.000000   121.871000    1280.000000   129.599000    1.22460E-01  1.22934E-03  27.477000  2.188080
3  1420.000000   166.670000    1280.000000   129.599000    1320.000000   143.045000    2.23621E-01  2.24147E-03  9.195410  1.618380
3  1420.000000   166.670000    1320.000000   143.045000    1360.000000   150.159000    2.59322E-01  2.59854E-03  3.774440  1.422170
3  1420.000000   166.670000    1480.000000   197.065000    1520.000000   178.674000    1.70691E-01  1.71179E-03  8.935360  1.826380
3  1420.000000   166.670000    1520.000000   178.674000    1560.000000   156.964000    1.32758E-01  1.33272E-03  8.283670  2.188110
3  1420.000000   166.670000    1560.000000   156.964000    1600.000000   137.193000    1.26988E-01  1.27479E-03  13.245900  2.188080
3  1420.000000   166.670000    1600.000000   137.193000    1640.000000   122.640000    1.30190E-01  1.30694E-03  13.055100  2.188050
3  1420.000000   166.670000    1640.000000   122.640000    1680.000000   100.508000    1.10120E-01  1.10627E-03  12.994700  2.435920
3  1420.000000   166.670000    1680.000000   100.508000    1720.000000   92.752000     9.32504E-02  9.37297E-04  18.982200  2.690830
3  1420.000000   166.670000    2360.000000   52.469000     2400.000000   59.965000     2.64758E-03  4.14248E-05  26.232500  17.471400
3  1420.000000   166.670000    0.000000      94.302000     80.000000     87.439000     7.11260E-03  9.54127E-05  30.816500  13.072700
3  1420.000000   166.670000    40.000000     87.181000     120.000000    88.121000     5.57987E-03  7.76344E-05  26.804600  14.236900
3  1420.000000   166.670000    720.000000    100.587000    800.000000    109.655000    2.30796E-02  2.38973E-04  24.544800  9.032720
3  1420.000000   166.670000    760.000000    98.622000     840.000000    115.365000    2.77455E-02  2.86661E-04  21.398400  7.998650
3  1420.000000   166.670000    800.000000    109.655000    880.000000    118.144000    2.93345E-02  3.03894E-04  19.678800  7.586640
3  1420.000000   166.670000    840.000000    115.365000    920.000000    132.008000    3.00832E-02  3.11650E-04  18.625900  7.586620
3  1420.000000   166.670000    880.000000    118.144000    960.000000    128.518000    2.96262E-02  3.06916E-04  21.745700  7.586620
3  1420.000000   166.670000    920.000000    132.008000    1000.000000   116.905000    3.33225E-02  3.45651E-04  21.875600  6.943490
3  1420.000000   166.670000    960.000000    128.518000    1040.000000   108.286000    3.27250E-02  3.39018E-04  24.213000  7.586620
3  1420.000000   166.670000    1000.000000   116.905000    1080.000000   117.343000    4.47263E-02  4.53534E-04  27.819800  4.191710
3  1420.000000   166.670000    1760.000000   89.581000     1840.000000   69.746000     1.31144E-01  1.31652E-03  14.998800  2.188250
3  1420.000000   166.670000    1800.000000   73.849000     1880.000000   67.320000     9.81370E-02  9.86414E-04  15.278000  2.690840
3  1420.000000   166.670000    1840.000000   69.746000     1920.000000   57.532000     6.72161E-02  6.77901E-04  14.819100  3.299670
3  1420.000000   166.670000    1880.000000   67.320000     1960.000000   54.922000     5.28617E-02  5.33840E-04  20.987700  3.513680
3  1420.000000   166.670000    1920.000000   57.532000     2000.000000   51.429000     3.62185E-02  3.75691E-04  26.506500  6.943490
3  1420.000000   166.670000    1960.000000   54.922000     2040.000000   51.134000     1.86358E-02  1.94532E-04  22.608800  9.731120
3  1420.000000   166.670000    2000.000000   51.429000     2080.000000   47.855000     1.44816E-02  1.52074E-04  25.727600  10.259000
3  1420.000000   166.670000    2040.000000   51.134000     2120.000000   51.358000     9.90402E-03  1.07302E-04  36.195400  11.682400
3  1420.000000   166.670000    2280.000000   42.192000     2360.000000   52.469000     8.27221E-03  9.45390E-05  26.658800  12.628500
3  1420.000000   166.670000    2320.000000   45.283000     2400.000000   59.965000     5.68223E-03  7.87995E-05  27.089900  14.192400
3  1420.000000   166.670000    0.000000      94.302000     160.000000    96.899000     1.26156E-02  1.34185E-04  26.381300  10.924100
3  1420.000000   166.670000    40.000000     87.181000     200.000000    103.483000    1.09790E-02  1.19002E-04  21.017900  11.687000
3  1420.000000   166.670000    80.000000     87.439000     240.000000    107.360000    9.89041E-03  1.07231E-04  16.156200  11.689600
3  1420.000000   166.670000    120.000000    88.121000     280.000000    105.248000    1.12096E-02  1.21529E-04  13.099600  11.689200
3  1420.000000   166.670000    160.000000    96.899000     320.000000    113.072000    1.15101E-02  1.24812E-04  11.953900  11.691200
3  1420.000000   166.670000    200.000000    103.483000    360.000000    115.089000    1.21293E-02  1.28669E-04  13.049000  10.896500
3  1420.000000   166.670000    240.000000    107.360000    400.000000    115.247000    1.31690E-02  1.39660E-04  14.628600  10.893700
3  1420.000000   166.670000    280.000000    105.248000    440.000000    111.533000    1.34867E-02  1.42970E-04  16.707900  10.889400
3  1420.000000   166.670000    320.000000    113.072000    480.000000    120.110000    1.53390E-02  1.61070E-04  18.702100  10.258600
3  1420.000000   166.670000    360.000000    115.089000    520.000000    115.268000    1.50163E-02  1.57683E-04  19.923200  10.258700
3  1420.000000   166.670000    400.000000    115.247000    560.000000    123.811000    1.74343E-02  1.81991E-04  20.611300  9.731210
3  1420.000000   166.670000    440.000000    111.533000    600.000000    124.839000    1.77287E-02  1.85063E-04  21.858100  9.731120
3  1420.000000   166.670000    480.000000    120.110000    640.000000    115.456000    1.70524E-02  1.78005E-04  22.938800  9.731170
3  1420.000000   166.670000    520.000000    115.268000    680.000000    99.357000     2.15182E-02  2.23301E-04  23.893200  9.124780
3  1420.000000   166.670000    560.000000    123.811000    720.000000    100.587000    2.36413E-02  2.44789E-04  24.583400  9.032750
3  1420.000000   166.670000    600.000000    124.839000    760.000000    98.622000     2.93999E-02  3.04571E-04  25.322800  7.586620
3  1420.000000   166.670000    2080.000000   47.855000     2240.000000   45.045000     1.16988E-02  1.24017E-04  36.458000  10.889400
3  1420.000000   166.670000    2120.000000   51.358000     2280.000000   42.192000     1.27462E-02  1.35120E-04  31.661400  10.889400
3  1420.000000   166.670000    2160.000000   53.175000     2320.000000   45.283000     1.51649E-02  1.59242E-04  27.857400  10.258600
3  1420.000000   166.670000    2200.000000   49.089000     2360.000000   52.469000     1.59475E-02  1.67462E-04  27.403400  10.258600
3  1420.000000   166.670000    2240.000000   45.045000     2400.000000   59.965000     1.56803E-02  1.64654E-04  27.032800  10.258600
3  1460.000000   188.747000    0.000000      94.302000     40.000000     87.181000     3.81087E-03  5.48415E-05  32.778500  15.033000
3  1460.000000   188.747000    1120.000000   134.172000    1160.000000   128.135000    2.10618E-02  2.18565E-04  21.537900  9.124730
3  1460.000000   188.747000    1160.000000   128.135000    1200.000000   123.583000    2.87127E-02  2.97452E-04  21.212200  7.586640
3  1460.000000   188.747000    1200.000000   123.583000    1240.000000   121.871000    7.15430E-02  7.20266E-04  18.016000  2.881700
3  1460.000000   188.747000    1240.000000   121.871000    1280.000000   129.599000    9.08355E-02  9.13033E-04  27.240300  2.691150
3  1460.000000   188.747000    1280.000000   129.599000    1320.000000   143.045000    1.50472E-01  1.50960E-03  11.037500  1.978200
3  1460.000000   188.747000    1320.000000   143.045000    1360.000000   150.159000    1.50571E-01  1.51057E-03  4.398830  1.977910
3  1460.000000   188.747000    1360.000000   150.159000    1400.000000   160.896000    2.76260E-01  2.76826E-03  6.626650  1.421920
3  1460.000000   188.747000    1560.000000   156.964000    1600.000000   137.193000    1.86280E-01  1.86813E-03  14.060500  1.826400
3  1460.000000   188.747000    1600.000000   137.193000    1640.000000   122.640000    1.73162E-01  1.73659E-03  10.905800  1.826460
3  1460.000000   188.747000    1640.000000   122.640000    1680.000000   100.508000    1.40534E-01  1.40988E-03  10.929500  1.977860
3  1460.000000   188.747000    1680.000000   100.508000    1720.000000   92.752000     1.16035E-01  1.16571E-03  17.163300  2.436460
3  1460.000000   188.747000    1720.000000   92.752000     1760.000000   89.581000     6.34291E-02  6.39708E-04  12.662000  3.299830
3  1460.000000   188.747000    1760.000000   89.581000     1800.000000   73.849000     8.74669E-02  8.79182E-04  12.631600  2.691310
3  1460.000000   188.747000    2360.000000   52.469000     2400.000000   59.965000     2.81954E-03  4.41154E-05  24.908200  17.471400
3  1460.000000   188.747000    0.000000      94.302000     80.000000     87.439000     6.67298E-03  8.96275E-05  27.680200  13.089900
3  1460.000000   188.747000    40.000000     87.181000     120.000000    88.121000     5.28006E-03  7.34604E-05  17.787200  14.236400
3  1460.000000   188.747000    760.000000    98.622000     840.000000    115.365000    2.55504E-02  2.63987E-04  22.640600  7.998840
3  1460.000000   188.747000    800.000000    109.655000    880.000000    118.144000    2.69294E-02  2.78232E-04  20.820000  7.998810
3  1460.000000   188.747000    840.000000    115.365000    920.000000    132.008000    2.74834E-02  2.83956E-04  20.110800  7.998790
3  1460.000000   188.747000    880.000000    118.144000    960.000000    128.518000    2.70174E-02  2.79141E-04  23.461800  7.998730
3  1460.000000   188.747000    920.000000    132.008000    1000.000000   116.905000    3.03124E-02  3.14030E-04  23.134100  7.586920
3  1460.000000   188.747000    960.000000    128.518000    1040.000000   108.286000    2.95598E-02  3.06228E-04  24.936300  7.586660
3  1460.000000   188.747000    1000.000000   116.905000    1080.000000   117.343000    3.93730E-02  4.01219E-04  28.375900  4.777120
3  1460.000000   188.747000    1040.000000   108.286000    1120.000000   134.172000    4.87004E-02  4.93837E-04  25.794600  4.191990
3  1460.000000   188.747000    1800.000000   73.849000     1880.000000   67.320000     1.13073E-01  1.13594E-03  13.250400  2.436160
3  1460.000000   188.747000    1840.000000   69.746000     1920.000000   57.532000     7.67768E-02  7.72966E-04  12.692800  2.882250
3  1460.000000   188.747000    1880.000000   67.320000     1960.000000   54.922000     6.02924E-02  6.08917E-04  18.912800  3.515390
3  1460.000000   188.747000    1920.000000   57.532000     2000.000000   51.429000     4.13666E-02  4.21555E-04  24.502300  4.778190
3  1460.000000   188.747000    1960.000000   54.922000     2040.000000   51.134000     2.10840E-02  2.18833E-04  20.653100  9.126770
3  1460.000000   188.747000    2000.000000   51.429000     2080.000000   47.855000     1.60354E-02  1.67485E-04  23.914600  9.737630
3  1460.000000   188.747000    2040.000000   51.134000     2120.000000   51.358000     1.08454E-02  1.17513E-04  35.325500  11.683400
3  1460.000000   188.747000    2080.000000   47.855000     2160.000000   53.175000     7.07006E-03  9.47317E-05  42.073200  13.056700
3  1460.000000   188.747000    2280.000000   42.192000     2360.000000   52.469000     8.81683E-03  1.00763E-04  25.522700  12.628500
3  1460.000000   188.747000    2320.000000   45.283000     2400.000000   59.965000     6.05756E-03  8.11634E-05  25.796600  13.056400
3  1460.000000   188.747000    0.000000      94.302000     160.000000    96.899000     1.19102E-02  1.26876E-04  20.651600  10.939900
3  1460.000000   188.747000    40.000000     87.181000     200.000000    103.483000    1.04326E-02  1.13045E-04  13.014300  11.683800
3  1460.000000   188.747000    80.000000     87.439000     240.000000    107.360000    9.42440E-03  1.07760E-04  9.231360  12.633600
3  1460.000000   188.747000    120.000000    88.121000     280.000000    105.248000    1.06811E-02  1.15862E-04  8.221870  11.694600
3  1460.000000   188.747000    160.000000    96.899000     320.000000    113.072000    1.09515E-02  1.18658E-04  8.800010  11.683000
3  1460.000000   188.747000    200.000000    103.483000    360.000000    115.089000    1.15138E-02  1.22061E-04  10.835200  10.890000
3  1460.000000   188.747000    240.000000    107.360000    400.000000    115.247000    1.24726E-02  1.32223E-04  13.048900  10.889700
3  1460.000000   188.747000    280.000000    105.248000    440.000000    111.533000    1.27298E-02  1.34970E-04  16.181500  10.891200
3  1460.000000   188.747000    320.000000    113.072000    480.000000    120.110000    1.44380E-02  1.51650E-04  18.877200  10.261400
3  1460.000000   188.747000    360.000000    115.089000    520.000000    115.268000    1.41080E-02  1.48188E-04  20.489200  10.261700
3  1460.000000   188.747000    400.000000    115.247000    560.000000    123.811000    1.63537E-02  1.70752E-04  21.338900  9.733890
3  1460.000000   188.747000    440.000000    111.533000    600.000000    124.839000    1.65982E-02  1.73262E-04  22.797700  9.731120
3  1460.000000   188.747000    480.000000    120.110000    640.000000    115.456000    1.59284E-02  1.67261E-04  24.028500  10.258700
3  1460.000000   188.747000    520.000000    115.268000    680.000000    99.357000     2.00594E-02  2.08164E-04  25.066800  9.124830
3  1460.000000   188.747000    560.000000    123.811000    720.000000    100.587000    2.19858E-02  2.27650E-04  25.852600  9.032770
3  1460.000000   188.747000    600.000000    124.839000    760.000000    98.622000     2.72752E-02  2.81805E-04  26.813500  7.998790
3  1460.000000   188.747000    640.000000    115.456000    800.000000    109.655000    3.49953E-02  3.63006E-04  26.123200  6.943610
3  1460.000000   188.747000    2120.000000   51.358000     2280.000000   42.192000     1.36520E-02  1.44722E-04  30.927600  10.889400
3  1460.000000   188.747000    2160.000000   53.175000     2320.000000   45.283000     1.61971E-02  1.69075E-04  26.835800  9.731120
3  1460.000000   188.747000    2200.000000   49.089000     2360.000000   52.469000     1.70188E-02  1.77652E-04  26.342700  9.731120
3  1460.000000   188.747000    2240.000000   45.045000     2400.000000   59.965000     1.67185E-02  1.74519E-04  25.938100  9.731170
3  1500.000000   190.443000    1160.000000   128.135000    1200.000000   123.583000    2.68893E-02  2.77842E-04  19.605400  7.999970
3  1500.000000   190.443000    1200.000000   123.583000    1240.000000   121.871000    8.00743E-02  9.17916E-04  26.187300  6.193120
3  1500.000000   190.443000    1240.000000   121.871000    1280.000000   129.599000    8.29610E-02  8.38429E-04  26.050100  3.014100
3  1500.000000   190.443000    1280.000000   129.599000    1320.000000   143.045000    1.32273E-01  3.44115E-03  31.352900  24.100100
3  1500.000000   190.443000    1320.000000   143.045000    1360.000000   150.159000    1.29895E-01  1.30399E-03  4.653360  2.188460
3  1500.000000   190.443000    1360.000000   150.159000    1400.000000   160.896000    2.25529E-01  2.26950E-03  6.147840  1.847490
3  1500.000000   190.443000    1400.000000   160.896000    1440.000000   178.173000    3.79167E-01  3.81097E-03  5.299240  1.497170
3  1500.000000   190.443000    1560.000000   156.964000    1600.000000   137.193000    2.41665E-01  2.42243E-03  10.878300  1.620850
3  1500.000000   190.443000    1600.000000   137.193000    1640.000000   122.640000    2.06324E-01  2.06840E-03  10.700600  1.627780
3  1500.000000   190.443000    1640.000000   122.640000    1680.000000   100.508000    1.62248E-01  1.62830E-03  10.795800  1.996150
3  1500.000000   190.443000    1680.000000   100.508000    1720.000000   92.752000     1.31968E-01  1.32496E-03  18.164400  2.194110
3  1500.000000   190.443000    1720.000000   92.752000     1760.000000   89.581000     7.07607E-02  7.13664E-04  13.906500  3.300340
3  1500.000000   190.443000    1760.000000   89.581000     1800.000000   73.849000     9.77250E-02  9.82341E-04  14.228600  2.693280
3  1500.000000   190.443000    1800.000000   73.849000     1840.000000   69.746000     7.33676E-02  7.38694E-04  15.652400  2.884640
3  1500.000000   190.443000    2360.000000   52.469000     2400.000000   59.965000     2.91168E-03  4.19014E-05  33.116100  15.033100
3  1500.000000   190.443000    800.000000    109.655000    880.000000    118.144000    2.59628E-02  2.68300E-04  16.315100  8.001470
3  1500.000000   190.443000    840.000000    115.365000    920.000000    132.008000    2.64760E-02  2.73592E-04  15.622700  8.000900
3  1500.000000   190.443000    880.000000    118.144000    960.000000    128.518000    2.60003E-02  2.68672E-04  19.734700  8.000680
3  1500.000000   190.443000    920.000000    132.008000    1000.000000   116.905000    2.91292E-02  3.01822E-04  19.993700  7.589240
3  1500.000000   190.443000    960.000000    128.518000    1040.000000   108.286000    2.83353E-02  2.92780E-04  21.878100  7.999820
3  1500.000000   190.443000    1000.000000   116.905000    1080.000000   117.343000    3.74593E-02  3.88670E-04  25.802800  6.947780
3  1500.000000   190.443000    1040.000000   108.286000    1120.000000   134.172000    4.61689E-02  4.68282E-04  23.641700  4.198100
3  1500.000000   190.443000    1080.000000   117.343000    1160.000000   128.135000    4.00536E-02  4.08210E-04  21.388400  4.779960
3  1500.000000   190.443000    1840.000000   69.746000     1920.000000   57.532000     8.23846E-02  8.29539E-04  15.033200  2.887080
3  1500.000000   190.443000    1880.000000   67.320000     1960.000000   54.922000     6.46657E-02  6.52328E-04  21.543900  3.306810
3  1500.000000   190.443000    1920.000000   57.532000     2000.000000   51.429000     4.44448E-02  4.50790E-04  27.451600  4.197780
3  1500.000000   190.443000    1960.000000   54.922000     2040.000000   51.134000     2.25272E-02  2.33283E-04  24.382000  9.034180
3  1500.000000   190.443000    2000.000000   51.429000     2080.000000   47.855000     1.68595E-02  1.77345E-04  28.437400  9.817290
3  1500.000000   190.443000    2040.000000   51.134000     2120.000000   51.358000     1.13719E-02  1.23581E-04  42.712500  11.713000
3  1500.000000   190.443000    2080.000000   47.855000     2160.000000   53.175000     7.40417E-03  9.92233E-05  52.656300  13.058800
3  1500.000000   190.443000    2120.000000   51.358000     2200.000000   49.089000     5.66821E-03  7.86062E-05  45.432000  14.192600
3  1500.000000   190.443000    2280.000000   42.192000     2360.000000   52.469000     9.10718E-03  1.04082E-04  34.757800  12.628600
3  1500.000000   190.443000    2320.000000   45.283000     2400.000000   59.965000     6.25373E-03  8.37919E-05  33.751900  13.056400
3  1500.000000   190.443000    80.000000     87.439000     240.000000    107.360000    9.11471E-03  1.05916E-04  55.098600  12.802300
3  1500.000000   190.443000    120.000000    88.121000     280.000000    105.248000    1.03938E-02  1.12836E-04  36.049100  11.702700
3  1500.000000   190.443000    160.000000    96.899000     320.000000    113.072000    1.06692E-02  1.18883E-04  23.765900  11.968900
3  1500.000000   190.443000    200.000000    103.483000    360.000000    115.089000    1.11964E-02  1.27682E-04  18.441200  12.212500
3  1500.000000   190.443000    240.000000    107.360000    400.000000    115.247000    1.21077E-02  1.28407E-04  16.115700  10.893900
3  1500.000000   190.443000    280.000000    105.248000    440.000000    111.533000    1.23383E-02  1.30797E-04  13.409200  10.889500
3  1500.000000   190.443000    320.000000    113.072000    480.000000    120.110000    1.39898E-02  1.46957E-04  13.123500  10.262500
3  1500.000000   190.443000    360.000000    115.089000    520.000000    115.268000    1.36726E-02  1.45062E-04  13.661200  10.898100
3  1500.000000   190.443000    400.000000    115.247000    560.000000    123.811000    1.58567E-02  1.66644E-04  13.878700  10.267500
3  1500.000000   190.443000    440.000000    111.533000    600.000000    124.839000    1.60971E-02  1.68150E-04  15.169200  9.739040
3  1500.000000   190.443000    480.000000    120.110000    640.000000    115.456000    1.54498E-02  1.62343E-04  16.436200  10.265800
3  1500.000000   190.443000    520.000000    115.268000    680.000000    99.357000     1.94507E-02  2.01994E-04  17.553600  9.133440
3  1500.000000   190.443000    560.000000    123.811000    720.000000    100.587000    2.13079E-02  2.21221E-04  18.510400  9.130220
3  1500.000000   190.443000    600.000000    124.839000    760.000000    98.622000     2.64292E-02  2.73177E-04  20.173500  8.004290
3  1500.000000   190.443000    640.000000    115.456000    800.000000    109.655000    3.38861E-02  3.51623E-04  19.897800  6.949000
3  1500.000000   190.443000    680.000000    99.357000     840.000000    115.365000    4.06027E-02  4.13855E-04  19.017500  4.782540
3  1500.000000   190.443000    2160.000000   53.175000     2320.000000   45.283000     1.67461E-02  1.74834E-04  36.018400  9.732940
3  1500.000000   190.443000    2200.000000   49.089000     2360.000000   52.469000     1.75845E-02  1.83559E-04  35.509800  9.731180
3  1500.000000   190.443000    2240.000000   45.045000     2400.000000   59.965000     1.72711E-02  1.80290E-04  35.110700  9.731280
3  1540.000000   167.700000    1200.000000   123.583000    1240.000000   121.871000    5.99283E-02  6.05216E-04  19.402500  3.514100
3  1540.000000   167.700000    1240.000000   121.871000    1280.000000   129.599000    7.32547E-02  7.37492E-04  27.802200  2.881610
3  1540.000000   167.700000    1320.000000   143.045000    1360.000000   150.159000    1.07010E-01  1.07502E-03  5.394470  2.435920
3  1540.000000   167.700000    1360.000000   150.159000    1400.000000   160.896000    1.80010E-01  1.80525E-03  7.623610  1.826370
3  1540.000000   167.700000    1400.000000   160.896000    1440.000000   178.173000    2.44639E-01  2.45211E-03  6.709080  1.617940
3  1540.000000   167.700000    1440.000000   178.173000    1480.000000   197.065000    1.89560E-01  1.90102E-03  5.902360  1.826370
3  1540.000000   167.700000    1600.000000   137.193000    1640.000000   122.640000    2.85681E-01  2.86267E-03  8.811050  1.421860
3  1540.000000   167.700000    1640.000000   122.640000    1680.000000   100.508000    2.07592E-01  2.08078E-03  8.340870  1.617970
3  1540.000000   167.700000    1680.000000   100.508000    1720.000000   92.752000     1.63189E-01  1.63716E-03  15.297200  1.977660
3  1540.000000   167.700000    1720.000000   92.752000     1760.000000   89.581000     8.47048E-02  8.51402E-04  10.823300  2.690830
3  1540.000000   167.700000    1800.000000   73.849000     1840.000000   69.746000     8.34454E-02  8.38743E-04  11.227600  2.690840
3  1540.000000   167.700000    1840.000000   69.746000     1880.000000   67.320000     5.52557E-02  5.58016E-04  9.836760  3.513770
3  1540.000000   167.700000    2360.000000   52.469000     2400.000000   59.965000     3.09921E-03  4.46001E-05  6.968960  15.033000
3  1540.000000   167.700000    840.000000    115.365000    920.000000    132.008000    2.50999E-02  2.59332E-04  23.587900  7.998850
3  1540.000000   167.700000    880.000000    118.144000    960.000000    128.518000    2.46075E-02  2.54796E-04  27.058200  9.032830
3  1540.000000   167.700000    920.000000    132.008000    1000.000000   116.905000    2.75025E-02  2.84156E-04  26.742500  7.998840
3  1540.000000   167.700000    960.000000    128.518000    1040.000000   108.286000    2.66901E-02  2.75759E-04  28.071300  7.998740
3  1540.000000   167.700000    1000.000000   116.905000    1080.000000   117.343000    3.49266E-02  3.62294E-04  30.644200  6.943690
3  1540.000000   167.700000    1040.000000   108.286000    1120.000000   134.172000    4.28370E-02  4.36518E-04  27.848100  4.777100
3  1540.000000   167.700000    1080.000000   117.343000    1160.000000   128.135000    3.70051E-02  3.83850E-04  25.130600  6.943530
3  1540.000000   167.700000    1120.000000   134.172000    1200.000000   123.583000    4.28351E-02  4.36498E-04  22.995400  4.777000
3  1540.000000   167.700000    1880.000000   67.320000     1960.000000   54.922000     7.21167E-02  7.26042E-04  15.870200  2.881710
3  1540.000000   167.700000    1920.000000   57.532000     2000.000000   51.429000     4.96266E-02  5.03229E-04  21.396900  4.192010
3  1540.000000   167.700000    1960.000000   54.922000     2040.000000   51.134000     2.48994E-02  2.58640E-04  17.712800  8.070360
3  1540.000000   167.700000    2000.000000   51.429000     2080.000000   47.855000     1.82084E-02  1.94145E-04  19.764100  9.970770
3  1540.000000   167.700000    2040.000000   51.134000     2120.000000   51.358000     1.23026E-02  1.30496E-04  24.744300  10.895700
3  1540.000000   167.700000    2080.000000   47.855000     2160.000000   53.175000     8.06492E-03  9.21707E-05  22.923900  12.628600
3  1540.000000   167.700000    2120.000000   51.358000     2200.000000   49.089000     6.10322E-03  8.17758E-05  18.765900  13.056500
3  1540.000000   167.700000    2160.000000   53.175000     2240.000000   45.045000     6.09701E-03  8.16920E-05  13.662900  13.056500
3  1540.000000   167.700000    2280.000000   42.192000     2360.000000   52.469000     9.70054E-03  1.05096E-04  7.833120  11.682200
3  1540.000000   167.700000    2320.000000   45.283000     2400.000000   59.965000     6.65313E-03  8.91433E-05  8.600850  13.056400
3  1540.000000   167.700000    120.000000    88.121000     280.000000    105.248000    1.00538E-02  1.45628E-04  -5.623700  15.129800
3  1540.000000   167.700000    160.000000    96.899000     320.000000    113.072000    1.02451E-02  1.35628E-04  5.923750  13.941000
3  1540.000000   167.700000    200.000000    103.483000    360.000000    115.089000    1.07988E-02  1.24216E-04  12.191100  12.305000
3  1540.000000   167.700000    240.000000    107.360000    400.000000    115.247000    1.16887E-02  1.31072E-04  16.580400  11.486800
3  1540.000000   167.700000    280.000000    105.248000    440.000000    111.533000    1.19397E-02  1.27111E-04  19.671000  10.933500
3  1540.000000   167.700000    320.000000    113.072000    480.000000    120.110000    1.35307E-02  1.43438E-04  22.577400  10.889600
3  1540.000000   167.700000    360.000000    115.089000    520.000000    115.268000    1.32091E-02  1.40027E-04  24.737700  10.889500
3  1540.000000   167.700000    400.000000    115.247000    560.000000    123.811000    1.52831E-02  1.60485E-04  26.388300  10.258700
3  1540.000000   167.700000    440.000000    111.533000    600.000000    124.839000    1.54793E-02  1.62545E-04  28.068200  10.258700
3  1540.000000   167.700000    480.000000    120.110000    640.000000    115.456000    1.48193E-02  1.55619E-04  29.379500  10.258900
3  1540.000000   167.700000    520.000000    115.268000    680.000000    99.357000     1.86269E-02  1.94448E-04  30.301200  9.731680
3  1540.000000   167.700000    560.000000    123.811000    720.000000    100.587000    2.03709E-02  2.11403E-04  30.773200  9.125160
3  1540.000000   167.700000    600.000000    124.839000    760.000000    98.622000     2.52211E-02  2.60589E-04  31.199700  7.999090
3  1540.000000   167.700000    640.000000    115.456000    800.000000    109.655000    3.22937E-02  3.34556E-04  30.402400  7.586960
3  1540.000000   167.700000    680.000000    99.357000     840.000000    115.365000    3.86305E-02  3.93660E-04  28.951400  4.777370
3  1540.000000   167.700000    720.000000    100.587000    880.000000    118.144000    4.42737E-02  4.48949E-04  27.470900  4.192200
3  1540.000000   167.700000    2200.000000   49.089000     2360.000000   52.469000     1.87279E-02  1.94345E-04  9.436230  9.124710
3  1540.000000   167.700000    2240.000000   45.045000     2400.000000   59.965000     1.83978E-02  1.92047E-04  8.459890  9.731140
3  1580.000000   147.237000    0.000000      94.302000     40.000000     87.181000     3.48941E-03  5.02199E-05  9.770200  15.034300
3  1580.000000   147.237000    1240.000000   121.871000    1280.000000   129.599000    6.12552E-02  6.17789E-04  25.768000  3.300030
3  1580.000000   147.237000    1280.000000   129.599000    1320.000000   143.045000    9.34238E-02  9.39059E-04  11.026300  2.691450
3  1580.000000   147.237000    1320.000000   143.045000    1360.000000   150.159000    8.52975E-02  8.57368E-04  5.497690  2.691160
3  1580.000000   147.237000    1360.000000   150.159000    1400.000000   160.896000    1.38990E-01  1.39439E-03  7.716380  1.977900
3  1580.000000   147.237000    1400.000000   160.896000    1440.000000   178.173000    1.73651E-01  1.74149E-03  7.184320  1.826520
3  1580.000000   147.237000    1440.000000   178.173000    1480.000000   197.065000    1.17499E-01  1.17954E-03  6.890600  2.188090
3  1580.000000   147.237000    1480.000000   197.065000    1520.000000   178.674000    2.23109E-01  2.23631E-03  8.037380  1.617990
3  1580.000000   147.237000    1640.000000   122.640000    1680.000000   100.508000    3.62360E-01  3.62925E-03  8.069600  1.238340
3  1580.000000   147.237000    1680.000000   100.508000    1720.000000   92.752000     2.57906E-01  2.58435E-03  14.898600  1.422080
3  1580.000000   147.237000    1720.000000   92.752000     1760.000000   89.581000     1.21462E-01  1.21932E-03  11.407700  2.188100
3  1580.000000   147.237000    1800.000000   73.849000     1840.000000   69.746000     1.06580E-01  1.07070E-03  12.767500  2.435950
3  1580.000000   147.237000    1840.000000   69.746000     1880.000000   67.320000     6.78424E-02  6.84218E-04  11.301500  3.299640
3  1580.000000   147.237000    1880.000000   67.320000     1920.000000   57.532000     4.50484E-02  4.56795E-04  11.491000  4.191710
3  1580.000000   147.237000    2360.000000   52.469000     2400.000000   59.965000     3.30007E-03  4.74906E-05  29.756000  15.033000
3  1580.000000   147.237000    0.000000      94.302000     80.000000     87.439000     6.05159E-03  8.20529E-05  11.182800  13.220800
3  1580.000000   147.237000    40.000000     87.181000     120.000000    88.121000     4.70742E-03  6.68312E-05  12.331700  14.514300
3  1580.000000   147.237000    880.000000    118.144000    960.000000    128.518000    2.24529E-02  2.32484E-04  21.226400  9.032750
3  1580.000000   147.237000    920.000000    132.008000    1000.000000   116.905000    2.50339E-02  2.58648E-04  21.153000  7.998760
3  1580.000000   147.237000    960.000000    128.518000    1040.000000   108.286000    2.42318E-02  2.50903E-04  22.759300  9.032750
3  1580.000000   147.237000    1000.000000   116.905000    1080.000000   117.343000    3.14110E-02  3.25409E-04  26.400100  7.586830
3  1580.000000   147.237000    1040.000000   108.286000    1120.000000   134.172000    3.83219E-02  3.90512E-04  24.156700  4.777180
3  1580.000000   147.237000    1080.000000   117.343000    1160.000000   128.135000    3.29044E-02  3.41314E-04  21.774100  6.943560
3  1580.000000   147.237000    1120.000000   134.172000    1200.000000   123.583000    3.78177E-02  3.85370E-04  20.026600  4.777070
3  1580.000000   147.237000    1160.000000   128.135000    1240.000000   121.871000    7.36664E-02  7.41644E-04  17.437400  2.881890
3  1580.000000   147.237000    1920.000000   57.532000     2000.000000   51.429000     6.15757E-02  6.21022E-04  23.651300  3.299930
3  1580.000000   147.237000    1960.000000   54.922000     2040.000000   51.134000     3.02603E-02  3.13560E-04  20.033000  7.590100
3  1580.000000   147.237000    2000.000000   51.429000     2080.000000   47.855000     2.08981E-02  2.17004E-04  22.395500  9.132210
3  1580.000000   147.237000    2040.000000   51.134000     2120.000000   51.358000     1.39826E-02  1.46831E-04  35.117700  10.258800
3  1580.000000   147.237000    2080.000000   47.855000     2160.000000   53.175000     9.15015E-03  1.04572E-04  44.153300  12.628500
3  1580.000000   147.237000    2120.000000   51.358000     2200.000000   49.089000     6.74529E-03  9.03774E-05  39.200200  13.056400
3  1580.000000   147.237000    2160.000000   53.175000     2240.000000   45.045000     6.57079E-03  8.80400E-05  31.015000  13.056400
3  1580.000000   147.237000    2200.000000   49.089000     2280.000000   42.192000     9.66648E-03  1.04727E-04  31.042300  11.682200
3  1580.000000   147.237000    2280.000000   42.192000     2360.000000   52.469000     1.03492E-02  1.12123E-04  30.361600  11.682200
3  1580.000000   147.237000    2320.000000   45.283000     2400.000000   59.965000     7.08922E-03  9.49863E-05  29.567900  13.056400
3  1580.000000   147.237000    0.000000      94.302000     160.000000    96.899000     1.06797E-02  1.16687E-04  14.138700  11.767700
3  1580.000000   147.237000    40.000000     87.181000     200.000000    103.483000    9.23655E-03  1.06147E-04  18.250000  12.686100
3  1580.000000   147.237000    80.000000     87.439000     240.000000    107.360000    8.30191E-03  9.48784E-05  20.427600  12.628500
3  1580.000000   147.237000    120.000000    88.121000     280.000000    105.248000    9.37205E-03  1.09963E-04  25.185800  12.904900
3  1580.000000   147.237000    160.000000    96.899000     320.000000    113.072000    9.59846E-03  1.07408E-04  25.486400  12.013200
3  1580.000000   147.237000    200.000000    103.483000    360.000000    115.089000    1.00920E-02  1.11416E-04  25.139300  11.873600
3  1580.000000   147.237000    240.000000    107.360000    400.000000    115.247000    1.09283E-02  1.20289E-04  25.482700  11.843000
3  1580.000000   147.237000    280.000000    105.248000    440.000000    111.533000    1.11542E-02  1.20922E-04  24.032100  11.688600
3  1580.000000   147.237000    320.000000    113.072000    480.000000    120.110000    1.26336E-02  1.33926E-04  23.768400  10.889400
3  1580.000000   147.237000    360.000000    115.089000    520.000000    115.268000    1.23246E-02  1.30651E-04  23.663500  10.889500
3  1580.000000   147.237000    400.000000    115.247000    560.000000    123.811000    1.42417E-02  1.49549E-04  22.901600  10.258600
3  1580.000000   147.237000    440.000000    111.533000    600.000000    124.839000    1.44075E-02  1.51290E-04  23.152100  10.258600
3  1580.000000   147.237000    480.000000    120.110000    640.000000    115.456000    1.37735E-02  1.44633E-04  23.291400  10.258700
3  1580.000000   147.237000    520.000000    115.268000    680.000000    99.357000     1.72913E-02  1.80499E-04  23.894700  9.731210
3  1580.000000   147.237000    560.000000    123.811000    720.000000    100.587000    1.88827E-02  1.95951E-04  24.167500  9.124760
3  1580.000000   147.237000    600.000000    124.839000    760.000000    98.622000     2.33488E-02  2.41760E-04  24.547700  9.032740
3  1580.000000   147.237000    640.000000    115.456000    800.000000    109.655000    2.98351E-02  3.09080E-04  23.740500  7.586720
3  1580.000000   147.237000    680.000000    99.357000     840.000000    115.365000    3.56083E-02  3.69361E-04  22.099500  6.943550
3  1580.000000   147.237000    720.000000    100.587000    880.000000    118.144000    4.07096E-02  4.14839E-04  20.978800  4.776980
3  1580.000000   147.237000    760.000000    98.622000     920.000000    132.008000    4.45190E-02  4.51432E-04  19.207300  4.191900
3  1580.000000   147.237000    2240.000000   45.045000     2400.000000   59.965000     1.96380E-02  2.03789E-04  30.627400  9.124710
3  1620.000000   129.670000    0.000000      94.302000     40.000000     87.181000     3.02734E-03  5.43937E-05  -10.191100  18.486000
3  1620.000000   129.670000    1280.000000   129.599000    1320.000000   143.045000    7.48579E-02  7.53632E-04  12.423400  2.881560
3  1620.000000   129.670000    1320.000000   143.045000    1360.000000   150.159000    6.69327E-02  6.75043E-04  6.789420  3.299670
3  1620.000000   129.670000    1360.000000   150.159000    1400.000000   160.896000    1.06719E-01  1.07210E-03  8.885820  2.435960
3  1620.000000   129.670000    1400.000000   160.896000    1440.000000   178.173000    1.26042E-01  1.26530E-03  8.386880  2.188120
3  1620.000000   129.670000    1440.000000   178.173000    1480.000000   197.065000    8.12969E-02  8.18457E-04  8.162320  2.881550
3  1620.000000   129.670000    1480.000000   197.065000    1520.000000   178.674000    1.39452E-01  1.39902E-03  9.402700  1.977680
3  1620.000000   129.670000    1520.000000   178.674000    1560.000000   156.964000    2.73352E-01  2.73912E-03  10.533900  1.421870
3  1620.000000   129.670000    1720.000000   92.752000     1760.000000   89.581000     2.21762E-01  2.22281E-03  10.482400  1.617970
3  1620.000000   129.670000    1800.000000   73.849000     1840.000000   69.746000     1.62343E-01  1.62867E-03  11.558900  1.977750
3  1620.000000   129.670000    1840.000000   69.746000     1880.000000   67.320000     9.72710E-02  9.77710E-04  9.414090  2.690840
3  1620.000000   129.670000    1880.000000   67.320000     1920.000000   57.532000     6.35232E-02  6.40657E-04  9.497810  3.299650
3  1620.000000   129.670000    2360.000000   52.469000     2400.000000   59.965000     3.70431E-03  5.33080E-05  19.153100  15.033000
3  1620.000000   129.670000    0.000000      94.302000     80.000000     87.439000     5.33103E-03  7.88635E-05  -7.995520  15.098100
3  1620.000000   129.670000    40.000000     87.181000     120.000000    88.121000     4.24710E-03  6.11209E-05  -0.136235  15.033400
3  1620.000000   129.670000    920.000000    132.008000    1000.000000   116.905000    2.20496E-02  2.28308E-04  24.502500  9.032730
3  1620.000000   129.670000    960.000000    128.518000    1040.000000   108.286000    2.12778E-02  2.20806E-04  26.026900  9.124710
3  1620.000000   129.670000    1000.000000   116.905000    1080.000000   117.343000    2.73067E-02  2.82127E-04  29.086300  7.998650
3  1620.000000   129.670000    1040.000000   108.286000    1120.000000   134.172000    3.31333E-02  3.43688E-04  26.654700  6.943510
3  1620.000000   129.670000    1080.000000   117.343000    1160.000000   128.135000    2.82827E-02  2.92211E-04  24.056000  7.998640
3  1620.000000   129.670000    1120.000000   134.172000    1200.000000   123.583000    3.22827E-02  3.34436E-04  22.049900  7.586620
3  1620.000000   129.670000    1160.000000   128.135000    1240.000000   121.871000    6.16926E-02  6.22195E-04  19.147400  3.299710
3  1620.000000   129.670000    1200.000000   123.583000    1280.000000   129.599000    9.35678E-02  9.40487E-04  22.740800  2.690870
3  1620.000000   129.670000    1960.000000   54.922000     2040.000000   51.134000     4.10992E-02  4.18805E-04  18.058700  4.776920
3  1620.000000   129.670000    2000.000000   51.429000     2080.000000   47.855000     2.60782E-02  2.69440E-04  19.239900  7.998840
3  1620.000000   129.670000    2040.000000   51.134000     2120.000000   51.358000     1.71807E-02  1.79344E-04  28.966300  9.731150
3  1620.000000   129.670000    2080.000000   47.855000     2160.000000   53.175000     1.12238E-02  1.21599E-04  33.484600  11.682200
3  1620.000000   129.670000    2120.000000   51.358000     2200.000000   49.089000     7.95991E-03  9.09698E-05  29.851500  12.628500
3  1620.000000   129.670000    2160.000000   53.175000     2240.000000   45.045000     7.46884E-03  1.00073E-04  22.867900  13.056400
3  1620.000000   129.670000    2200.000000   49.089000     2280.000000   42.192000     1.09208E-02  1.18316E-04  21.277000  11.682200
3  1620.000000   129.670000    2240.000000   45.045000     2320.000000   45.283000     1.41720E-02  1.48816E-04  20.139800  10.258600
3  1620.000000   129.670000    2280.000000   42.192000     2360.000000   52.469000     1.16552E-02  1.23554E-04  19.517900  10.889400
3  1620.000000   129.670000    2320.000000   45.283000     2400.000000   59.965000     7.95401E-03  9.09024E-05  19.598000  12.628500
3  1620.000000   129.670000    0.000000      94.302000     160.000000    96.899000     9.55795E-03  1.05479E-04  1.705410  11.869500
3  1620.000000   129.670000    40.000000     87.181000     200.000000    103.483000    8.41117E-03  9.66940E-05  10.765500  12.689600
3  1620.000000   129.670000    80.000000     87.439000     240.000000    107.360000    7.60012E-03  1.02155E-04  18.544500  13.100000
3  1620.000000   129.670000    120.000000    88.121000     280.000000    105.248000    8.60485E-03  9.93241E-05  27.340700  12.732100
3  1620.000000   129.670000    200.000000    103.483000    360.000000    115.089000    9.23153E-03  1.10413E-04  33.211400  13.111900
3  1620.000000   129.670000    240.000000    107.360000    400.000000    115.247000    9.98417E-03  1.13347E-04  34.173300  12.164800
3  1620.000000   129.670000    280.000000    105.248000    440.000000    111.533000    1.01642E-02  1.11481E-04  33.132800  11.806600
3  1620.000000   129.670000    320.000000    113.072000    480.000000    120.110000    1.14918E-02  1.24737E-04  32.653400  11.701100
3  1620.000000   129.670000    360.000000    115.089000    520.000000    115.268000    1.11942E-02  1.21295E-04  32.301900  11.683600
3  1620.000000   129.670000    400.000000    115.247000    560.000000    123.811000    1.29047E-02  1.36803E-04  31.321000  10.889700
3  1620.000000   129.670000    440.000000    111.533000    600.000000    124.839000    1.30267E-02  1.38093E-04  31.194700  10.889400
3  1620.000000   129.670000    480.000000    120.110000    640.000000    115.456000    1.24221E-02  1.31684E-04  30.916000  10.889400
3  1620.000000   129.670000    520.000000    115.268000    680.000000    99.357000     1.55682E-02  1.63477E-04  31.094900  10.258600
3  1620.000000   129.670000    560.000000    123.811000    720.000000    100.587000    1.69651E-02  1.77092E-04  30.941400  9.731120
3  1620.000000   129.670000    600.000000    124.839000    760.000000    98.622000     2.09389E-02  2.17289E-04  30.879500  9.124720
3  1620.000000   129.670000    640.000000    115.456000    800.000000    109.655000    2.66962E-02  2.75822E-04  29.700600  7.998700
3  1620.000000   129.670000    680.000000    99.357000     840.000000    115.365000    3.17677E-02  3.29101E-04  27.567300  7.586640
3  1620.000000   129.670000    720.000000    100.587000    880.000000    118.144000    3.62294E-02  3.75804E-04  26.066000  6.943510
3  1620.000000   129.670000    760.000000    98.622000     920.000000    132.008000    3.95084E-02  4.02598E-04  23.863600  4.776930
3  1620.000000   129.670000    800.000000    109.655000    960.000000    128.518000    3.98743E-02  4.06327E-04  24.159200  4.776930
3  1620.000000   129.670000    0.000000      94.302000     320.000000    113.072000    1.83522E-02  1.94730E-04  15.709900  9.915480
3  1660.000000   112.450000    1360.000000   150.159000    1400.000000   160.896000    8.14876E-02  8.20385E-04  10.364500  2.881890
3  1660.000000   112.450000    1400.000000   160.896000    1440.000000   178.173000    9.26199E-02  9.30987E-04  10.292900  2.691880
3  1660.000000   112.450000    1440.000000   178.173000    1480.000000   197.065000    5.78049E-02  5.83766E-04  9.496600  3.514020
3  1660.000000   112.450000    1480.000000   197.065000    1520.000000   178.674000    9.53258E-02  1.08405E-03  12.548900  5.961010
3  1660.000000   112.450000    1520.000000   178.674000    1560.000000   156.964000    1.77718E-01  1.78272E-03  18.670600  1.840280
3  1660.000000   112.450000    1560.000000   156.964000    1600.000000   137.193000    4.44225E-01  4.45127E-03  5.342120  1.276030
3  1660.000000   112.450000    1720.000000   92.752000     1760.000000   89.581000     4.23808E-01  4.24469E-03  10.937900  1.238350
3  1660.000000   112.450000    1840.000000   69.746000     1880.000000   67.320000     1.41188E-01  1.41644E-03  9.009170  1.977730
3  1660.000000   112.450000    1880.000000   67.320000     1920.000000   57.532000     9.02407E-02  9.07054E-04  9.458550  2.690930
3  1660.000000   112.450000    1960.000000   54.922000     2000.000000   51.429000     3.62573E-02  3.76093E-04  20.035600  6.943510
3  1660.000000   112.450000    2360.000000   52.469000     2400.000000   59.965000     4.13991E-03  5.95762E-05  14.514800  15.033000
3  1660.000000   112.450000    40.000000     87.181000     120.000000    88.121000     3.94444E-03  5.67688E-05  -17.079400  15.034300
3  1660.000000   112.450000    960.000000    128.518000    1040.000000   108.286000    1.83912E-02  1.91982E-04  26.957000  9.731330
3  1660.000000   112.450000    1000.000000   116.905000    1080.000000   117.343000    2.33836E-02  2.42128E-04  29.876600  9.033040
3  1660.000000   112.450000    1040.000000   108.286000    1120.000000   134.172000    2.82215E-02  2.91587E-04  27.385200  7.999010
3  1660.000000   112.450000    1080.000000   117.343000    1160.000000   128.135000    2.39348E-02  2.47830E-04  24.922900  9.032840
3  1660.000000   112.450000    1120.000000   134.172000    1200.000000   123.583000    2.71521E-02  2.80533E-04  22.945100  7.998780
3  1660.000000   112.450000    1160.000000   128.135000    1240.000000   121.871000    5.03875E-02  5.10949E-04  20.519300  4.192320
3  1660.000000   112.450000    1200.000000   123.583000    1280.000000   129.599000    7.55864E-02  7.60989E-04  24.439600  2.882390
3  1660.000000   112.450000    1240.000000   121.871000    1320.000000   143.045000    9.98062E-02  1.00267E-03  20.256800  2.436590
3  1660.000000   112.450000    2000.000000   51.429000     2080.000000   47.855000     3.28862E-02  3.41125E-04  18.200500  6.943570
3  1660.000000   112.450000    2040.000000   51.134000     2120.000000   51.358000     2.12311E-02  2.20321E-04  26.955200  9.124730
3  1660.000000   112.450000    2080.000000   47.855000     2160.000000   53.175000     1.37720E-02  1.44616E-04  29.403200  10.258600
3  1660.000000   112.450000    2120.000000   51.358000     2200.000000   49.089000     9.40145E-03  1.07444E-04  26.346400  12.628500
3  1660.000000   112.450000    2160.000000   53.175000     2240.000000   45.045000     8.48249E-03  9.69421E-05  19.855700  12.628500
3  1660.000000   112.450000    2200.000000   49.089000     2280.000000   42.192000     1.23020E-02  1.30411E-04  17.349500  10.889400
3  1660.000000   112.450000    2240.000000   45.045000     2320.000000   45.283000     1.59396E-02  1.67377E-04  15.587600  10.258600
3  1660.000000   112.450000    2280.000000   42.192000     2360.000000   52.469000     1.30729E-02  1.38583E-04  14.983300  10.889400
3  1660.000000   112.450000    2320.000000   45.283000     2400.000000   59.965000     8.89179E-03  1.01620E-04  15.264200  12.628500
3  1660.000000   112.450000    0.000000      94.302000     160.000000    96.899000     8.90503E-03  1.02659E-04  -16.120700  12.718900
3  1660.000000   112.450000    40.000000     87.181000     200.000000    103.483000    7.72615E-03  8.85896E-05  -7.260110  12.662700
3  1660.000000   112.450000    80.000000     87.439000     240.000000    107.360000    6.92901E-03  9.28570E-05  0.304687  13.058900
3  1660.000000   112.450000    120.000000    88.121000     280.000000    105.248000    7.80708E-03  8.92638E-05  8.900960  12.633200
3  1660.000000   112.450000    240.000000    107.360000    400.000000    115.247000    9.03255E-03  1.03297E-04  19.256300  12.635400
3  1660.000000   112.450000    280.000000    105.248000    440.000000    111.533000    9.17490E-03  1.04866E-04  21.725300  12.629600
3  1660.000000   112.450000    320.000000    113.072000    480.000000    120.110000    1.03498E-02  1.12147E-04  23.970800  11.683800
3  1660.000000   112.450000    360.000000    115.089000    520.000000    115.268000    1.00643E-02  1.09056E-04  25.196100  11.684000
3  1660.000000   112.450000    400.000000    115.247000    560.000000    123.811000    1.15727E-02  1.22697E-04  25.957200  10.890900
3  1660.000000   112.450000    440.000000    111.533000    600.000000    124.839000    1.16533E-02  1.23548E-04  27.175100  10.890600
3  1660.000000   112.450000    480.000000    120.110000    640.000000    115.456000    1.10814E-02  1.20066E-04  28.129200  11.683000
3  1660.000000   112.450000    520.000000    115.268000    680.000000    99.357000     1.38584E-02  1.45537E-04  29.036100  10.259500
3  1660.000000   112.450000    560.000000    123.811000    720.000000    100.587000    1.50653E-02  1.58208E-04  29.565100  10.259400
3  1660.000000   112.450000    600.000000    124.839000    760.000000    98.622000     1.85480E-02  1.93628E-04  29.970900  9.731900
3  1660.000000   112.450000    640.000000    115.456000    800.000000    109.655000    2.35821E-02  2.44197E-04  29.307300  9.033700
3  1660.000000   112.450000    680.000000    99.357000     840.000000    115.365000    2.79650E-02  2.88951E-04  27.675300  7.999700
3  1660.000000   112.450000    720.000000    100.587000    880.000000    118.144000    3.17987E-02  3.29444E-04  26.483100  7.587580
3  1660.000000   112.450000    760.000000    98.622000     920.000000    132.008000    3.45614E-02  3.58523E-04  24.625200  6.944430
3  1660.000000   112.450000    800.000000    109.655000    960.000000    128.518000    3.47630E-02  3.60611E-04  25.032700  6.944250
3  1660.000000   112.450000    840.000000    115.365000    1000.000000   116.905000    3.68223E-02  3.81969E-04  24.290200  6.944060
3  1660.000000   112.450000    0.000000      94.302000     320.000000    113.072000    1.68774E-02  1.79668E-04  -2.032040  9.952760
3  1660.000000   112.450000    40.000000     87.181000     360.000000    115.089000    1.60851E-02  1.69193E-04  5.357830  9.816830
3  1699.000000   97.504000     1360.000000   150.159000    1400.000000   160.896000    6.02409E-02  6.08373E-04  9.267580  3.514130
3  1699.000000   97.504000     1400.000000   160.896000    1440.000000   178.173000    6.61970E-02  6.67630E-04  9.058590  3.299870
3  1699.000000   97.504000     1440.000000   178.173000    1480.000000   197.065000    4.01443E-02  4.09078E-04  9.872680  4.776940
3  1699.000000   97.504000     1480.000000   197.065000    1520.000000   178.674000    6.35654E-02  6.41082E-04  11.361300  3.299690
3  1699.000000   97.504000     2000.000000   51.429000     2040.000000   51.134000     2.82202E-02  2.91565E-04  11.498400  7.998650
3  1699.000000   97.504000     2360.000000   52.469000     2400.000000   59.965000     4.81719E-03  6.68033E-05  15.521500  14.192400
3  1699.000000   97.504000     0.000000      94.302000     80.000000     87.439000     4.71582E-03  7.85005E-05  28.687100  16.917600
3  1699.000000   97.504000     40.000000     87.181000     120.000000    88.121000     3.66988E-03  5.28129E-05  28.224500  15.033200
3  1699.000000   97.504000     1000.000000   116.905000    1080.000000   117.343000    1.91403E-02  1.98632E-04  30.190000  9.125150
3  1699.000000   97.504000     1040.000000   108.286000    1120.000000   134.172000    2.29791E-02  2.37942E-04  27.750800  9.033160
3  1699.000000   97.504000     1080.000000   117.343000    1160.000000   128.135000    1.93726E-02  2.01037E-04  25.191200  9.124910
3  1699.000000   97.504000     1120.000000   134.172000    1200.000000   123.583000    2.18393E-02  2.26135E-04  23.274500  9.032900
3  1699.000000   97.504000     1160.000000   128.135000    1240.000000   121.871000    4.02758E-02  4.10435E-04  20.169200  4.777840
3  1699.000000   97.504000     1200.000000   123.583000    1280.000000   129.599000    5.97641E-02  6.03576E-04  23.636700  3.515010
3  1699.000000   97.504000     1240.000000   121.871000    1320.000000   143.045000    7.70298E-02  7.75521E-04  19.335000  2.882610
3  1699.000000   97.504000     1280.000000   129.599000    1360.000000   150.159000    8.46140E-02  8.50523E-04  11.094000  2.692010
3  1699.000000   97.504000     2040.000000   51.134000     2120.000000   51.358000     2.85737E-02  2.95218E-04  26.916800  7.998660
3  1699.000000   97.504000     2080.000000   47.855000     2160.000000   53.175000     1.81109E-02  1.89052E-04  28.984600  9.731110
3  1699.000000   97.504000     2120.000000   51.358000     2200.000000   49.089000     1.17610E-02  1.24676E-04  26.321000  10.889400
3  1699.000000   97.504000     2160.000000   53.175000     2240.000000   45.045000     1.00917E-02  1.09333E-04  20.014600  11.682200
3  1699.000000   97.504000     2200.000000   49.089000     2280.000000   42.192000     1.44693E-02  1.51938E-04  17.964500  10.258600
3  1699.000000   97.504000     2240.000000   45.045000     2320.000000   45.283000     1.87229E-02  1.94293E-04  16.349400  9.124720
3  1699.000000   97.504000     2280.000000   42.192000     2360.000000   52.469000     1.53127E-02  1.60794E-04  15.752400  10.258600
3  1699.000000   97.504000     2320.000000   45.283000     2400.000000   59.965000     1.03610E-02  1.12251E-04  16.161900  11.682200
3  1699.000000   97.504000     0.000000      94.302000     160.000000    96.899000     8.25290E-03  9.61199E-05  28.377300  12.826500
3  1699.000000   97.504000     40.000000     87.181000     200.000000    103.483000    7.07211E-03  9.50633E-05  26.146200  13.100800
3  1699.000000   97.504000     80.000000     87.439000     240.000000    107.360000    6.25597E-03  8.40684E-05  24.430100  13.096900
3  1699.000000   97.504000     120.000000    88.121000     280.000000    105.248000    6.92716E-03  9.63658E-05  23.558200  13.582000
3  1699.000000   97.504000     280.000000    105.248000    440.000000    111.533000    7.96228E-03  9.11227E-05  25.364100  12.642900
3  1699.000000   97.504000     320.000000    113.072000    480.000000    120.110000    8.95268E-03  1.02316E-04  26.529500  12.628500
3  1699.000000   97.504000     360.000000    115.089000    520.000000    115.268000    8.68178E-03  9.92206E-05  27.388900  12.628700
3  1699.000000   97.504000     400.000000    115.247000    560.000000    123.811000    9.94801E-03  1.07780E-04  27.573100  11.682500
3  1699.000000   97.504000     440.000000    111.533000    600.000000    124.839000    9.98463E-03  1.08177E-04  28.381800  11.682500
3  1699.000000   97.504000     480.000000    120.110000    640.000000    115.456000    9.45999E-03  1.08117E-04  29.010000  12.628900
3  1699.000000   97.504000     520.000000    115.268000    680.000000    99.357000     1.18033E-02  1.25130E-04  29.737400  10.889900
3  1699.000000   97.504000     560.000000    123.811000    720.000000    100.587000    1.27978E-02  1.35676E-04  29.977200  10.890100
3  1699.000000   97.504000     600.000000    124.839000    760.000000    98.622000     1.57077E-02  1.64953E-04  30.825800  10.259300
3  1699.000000   97.504000     640.000000    115.456000    800.000000    109.655000    1.99119E-02  2.06648E-04  30.076400  9.125710
3  1699.000000   97.504000     680.000000    99.357000     840.000000    115.365000    2.35239E-02  2.43590E-04  28.338700  9.033510
3  1699.000000   97.504000     720.000000    100.587000    880.000000    118.144000    2.66751E-02  2.75626E-04  27.186300  7.999840
3  1699.000000   97.504000     760.000000    98.622000     920.000000    132.008000    2.89286E-02  2.99706E-04  24.995000  7.587560
3  1699.000000   97.504000     800.000000    109.655000    960.000000    128.518000    2.89522E-02  2.99945E-04  26.229700  7.587210
3  1699.000000   97.504000     840.000000    115.365000    1000.000000   116.905000    3.05770E-02  3.16778E-04  25.500500  7.587210
3  1699.000000   97.504000     880.000000    118.144000    1040.000000   108.286000    2.94726E-02  3.05330E-04  27.592200  7.586970
3  1699.000000   97.504000     0.000000      94.302000     320.000000    113.072000    1.52574E-02  1.67407E-04  25.842500  10.740700
3  1699.000000   97.504000     40.000000     87.181000     360.000000    115.089000    1.43723E-02  1.52290E-04  24.905000  10.356200
3  1699.000000   97.504000     80.000000     87.439000     400.000000    115.247000    1.41163E-02  1.48577E-04  24.708200  10.283700
3  1782.000000   77.489000     0.000000      94.302000     40.000000     87.181000     2.12025E-03  3.31792E-05  26.386800  17.473600
3  1782.000000   77.489000     1440.000000   178.173000    1480.000000   197.065000    2.12981E-02  2.21019E-04  8.454020  9.124890
3  1782.000000   77.489000     1480.000000   197.065000    1520.000000   178.674000    3.14683E-02  3.26005E-04  9.649860  7.586950
3  1782.000000   77.489000     1520.000000   178.674000    1560.000000   156.964000    5.19219E-02  5.24370E-04  17.045700  3.514880
3  1782.000000   77.489000     1560.000000   156.964000    1600.000000   137.193000    1.06920E-01  1.07419E-03  6.740230  2.438540
3  1782.000000   77.489000     1880.000000   67.320000     1920.000000   57.532000     3.68938E-01  3.69514E-03  4.235400  1.238370
3  1782.000000   77.489000     2000.000000   51.429000     2040.000000   51.134000     5.23713E-02  5.28893E-04  9.169920  3.513780
3  1782.000000   77.489000     2040.000000   51.134000     2080.000000   47.855000     2.96647E-02  3.07314E-04  23.978600  7.586680
3  1782.000000   77.489000     2080.000000   47.855000     2120.000000   51.358000     1.82162E-02  1.90152E-04  27.545100  9.731110
3  1782.000000   77.489000     2360.000000   52.469000     2400.000000   59.965000     6.08815E-03  8.15733E-05  17.382400  13.056400
3  1782.000000   77.489000     0.000000      94.302000     80.000000     87.439000     3.67559E-03  5.29222E-05  24.384000  15.040300
3  1782.000000   77.489000     40.000000     87.181000     120.000000    88.121000     2.83213E-03  4.45273E-05  22.155600  17.539500
3  1782.000000   77.489000     1080.000000   117.343000    1160.000000   128.135000    1.30950E-02  1.38832E-04  23.162300  10.890500
3  1782.000000   77.489000     1120.000000   134.172000    1200.000000   123.583000    1.46121E-02  1.53450E-04  21.302200  10.259400
3  1782.000000   77.489000     1160.000000   128.135000    1240.000000   121.871000    2.63527E-02  2.72326E-04  18.353700  8.001390
3  1782.000000   77.489000     1200.000000   123.583000    1280.000000   129.599000    3.83873E-02  3.91282E-04  22.040500  4.782970
3  1782.000000   77.489000     1240.000000   121.871000    1320.000000   143.045000    4.85486E-02  4.92428E-04  19.036400  4.198640
3  1782.000000   77.489000     1280.000000   129.599000    1360.000000   150.159000    5.21298E-02  5.26547E-04  10.955800  3.519100
3  1782.000000   77.489000     1320.000000   143.045000    1400.000000   160.896000    5.93910E-02  5.99861E-04  7.063820  3.517550
3  1782.000000   77.489000     1360.000000   150.159000    1440.000000   178.173000    7.21221E-02  7.26176E-04  6.308170  2.885660
3  1782.000000   77.489000     2120.000000   51.358000     2200.000000   49.089000     1.74521E-02  1.82175E-04  26.858900  9.731110
3  1782.000000   77.489000     2160.000000   53.175000     2240.000000   45.045000     1.34175E-02  1.42236E-04  21.979700  10.889500
3  1782.000000   77.489000     2200.000000   49.089000     2280.000000   42.192000     1.87117E-02  1.94177E-04  20.156600  9.124720
3  1782.000000   77.489000     2240.000000   45.045000     2320.000000   45.283000     2.40623E-02  2.49148E-04  18.670500  9.032710
3  1782.000000   77.489000     2280.000000   42.192000     2360.000000   52.469000     1.95280E-02  2.02648E-04  17.995100  9.124710
3  1782.000000   77.489000     2320.000000   45.283000     2400.000000   59.965000     1.31082E-02  1.38957E-04  18.125000  10.889400
3  1782.000000   77.489000     0.000000      94.302000     160.000000    96.899000     6.39874E-03  8.57450E-05  24.100500  13.058100
3  1782.000000   77.489000     40.000000     87.181000     200.000000    103.483000    5.41013E-03  8.18390E-05  18.552500  15.425200
3  1782.000000   77.489000     80.000000     87.439000     240.000000    107.360000    4.76159E-03  7.05534E-05  14.422800  15.121500
3  1782.000000   77.489000     120.000000    88.121000     280.000000    105.248000    5.25066E-03  7.92676E-05  8.653270  15.395400
3  1782.000000   77.489000     360.000000    115.089000    520.000000    115.268000    6.52780E-03  8.74660E-05  17.149300  13.056700
3  1782.000000   77.489000     400.000000    115.247000    560.000000    123.811000    7.45291E-03  9.98630E-05  18.434600  13.057000
3  1782.000000   77.489000     440.000000    111.533000    600.000000    124.839000    7.44937E-03  9.98156E-05  20.243100  13.056900
3  1782.000000   77.489000     480.000000    120.110000    640.000000    115.456000    7.02273E-03  9.40983E-05  21.667800  13.056800
3  1782.000000   77.489000     520.000000    115.268000    680.000000    99.357000     8.72688E-03  9.97395E-05  22.880000  12.629000
3  1782.000000   77.489000     560.000000    123.811000    720.000000    100.587000    9.41690E-03  1.07627E-04  23.543700  12.629100
3  1782.000000   77.489000     600.000000    124.839000    760.000000    98.622000     1.15145E-02  1.22073E-04  25.341800  10.890300
3  1782.000000   77.489000     640.000000    115.456000    800.000000    109.655000    1.45206E-02  1.52497E-04  24.943300  10.260000
3  1782.000000   77.489000     680.000000    99.357000     840.000000    115.365000    1.70473E-02  1.77972E-04  23.444000  9.732480
3  1782.000000   77.489000     720.000000    100.587000    880.000000    118.144000    1.92265E-02  1.99550E-04  22.675800  9.126560
3  1782.000000   77.489000     760.000000    98.622000     920.000000    132.008000    2.07137E-02  2.14977E-04  20.273100  9.126150
3  1782.000000   77.489000     800.000000    109.655000    960.000000    128.518000    2.06203E-02  2.14016E-04  21.939800  9.126530
3  1782.000000   77.489000     840.000000    115.365000    1000.000000   116.905000    2.16485E-02  2.24183E-04  21.835800  9.034180
3  1782.000000   77.489000     880.000000    118.144000    1040.000000   108.286000    2.07493E-02  2.15340E-04  24.331600  9.125750
3  1782.000000   77.489000     920.000000    132.008000    1080.000000   117.343000    2.42981E-02  2.51619E-04  26.191300  9.034110
3  1782.000000   77.489000     960.000000    128.518000    1120.000000   134.172000    2.63210E-02  2.71972E-04  24.983800  8.000100
3  1782.000000   77.489000     0.000000      94.302000     320.000000    113.072000    1.16868E-02  1.50819E-04  14.843000  13.143200
3  1782.000000   77.489000     40.000000     87.181000     360.000000    115.089000    1.09437E-02  1.36469E-04  12.008100  13.213700
3  1782.000000   77.489000     80.000000     87.439000     400.000000    115.247000    1.07126E-02  1.21651E-04  10.804200  12.167800
3  1782.000000   77.489000     120.000000    88.121000     440.000000    111.533000    1.12680E-02  1.23011E-04  10.306300  11.759100
3  1782.000000   77.489000     160.000000    96.899000     480.000000    120.110000    1.20356E-02  1.28137E-04  10.079900  10.934000
3  1860.000000   68.218000     1520.000000   178.674000    1560.000000   156.964000    2.18984E-02  2.26789E-04  20.847800  9.035150
3  1860.000000   68.218000     1760.000000   89.581000     1800.000000   73.849000     6.73282E-01  6.74339E-03  6.987340  1.191730
3  1860.000000   68.218000     2000.000000   51.429000     2040.000000   51.134000     1.13618E-01  1.14141E-03  6.836690  2.436020
3  1860.000000   68.218000     2040.000000   51.134000     2080.000000   47.855000     5.66215E-02  5.71815E-04  20.342400  3.513770
3  1860.000000   68.218000     2080.000000   47.855000     2120.000000   51.358000     3.58574E-02  3.71945E-04  22.949900  6.943480
3  1860.000000   68.218000     2120.000000   51.358000     2160.000000   53.175000     2.04714E-02  2.12438E-04  23.788400  9.124730
3  1860.000000   68.218000     2160.000000   53.175000     2200.000000   49.089000     9.02604E-03  1.03154E-04  22.836000  12.628500
3  1860.000000   68.218000     2360.000000   52.469000     2400.000000   59.965000     7.59949E-03  1.01823E-04  15.515300  13.056400
3  1860.000000   68.218000     1160.000000   128.135000    1240.000000   121.871000    1.47130E-02  1.54709E-04  20.774100  10.273300
3  1860.000000   68.218000     1200.000000   123.583000    1280.000000   129.599000    2.07413E-02  2.15660E-04  25.027000  9.147810
3  1860.000000   68.218000     1240.000000   121.871000    1320.000000   143.045000    2.53551E-02  2.62440E-04  22.929000  8.022880
3  1860.000000   68.218000     1280.000000   129.599000    1360.000000   150.159000    2.65728E-02  2.74896E-04  15.074200  8.015730
3  1860.000000   68.218000     1320.000000   143.045000    1400.000000   160.896000    2.97360E-02  3.08318E-04  12.378900  7.598800
3  1860.000000   68.218000     1360.000000   150.159000    1440.000000   178.173000    3.54808E-02  3.68316E-04  12.691700  6.955210
3  1860.000000   68.218000     1400.000000   160.896000    1480.000000   197.065000    2.77101E-02  2.86392E-04  12.285000  8.003120
3  1860.000000   68.218000     1440.000000   178.173000    1520.000000   178.674000    2.41249E-02  2.49828E-04  12.319000  9.034200
3  1860.000000   68.218000     2200.000000   49.089000     2280.000000   42.192000     2.41492E-02  2.50048E-04  18.626800  9.032700
3  1860.000000   68.218000     2240.000000   45.045000     2320.000000   45.283000     3.11490E-02  3.22691E-04  16.918500  7.586620
3  1860.000000   68.218000     2280.000000   42.192000     2360.000000   52.469000     2.48585E-02  2.56833E-04  16.274900  7.998660
3  1860.000000   68.218000     2320.000000   45.283000     2400.000000   59.965000     1.62480E-02  1.69606E-04  16.463100  9.731110
3  1860.000000   68.218000     440.000000    111.533000    600.000000    124.839000    5.08534E-03  7.08484E-05  14.407400  14.255000
3  1860.000000   68.218000     480.000000    120.110000    640.000000    115.456000    4.73928E-03  6.57258E-05  14.327600  14.193000
3  1860.000000   68.218000     520.000000    115.268000    680.000000    99.357000     5.84285E-03  8.10298E-05  15.695100  14.192800
3  1860.000000   68.218000     560.000000    123.811000    720.000000    100.587000    6.24510E-03  8.36825E-05  16.888000  13.057500
3  1860.000000   68.218000     600.000000    124.839000    760.000000    98.622000     7.58180E-03  1.01611E-04  19.165300  13.059800
3  1860.000000   68.218000     640.000000    115.456000    800.000000    109.655000    9.46491E-03  1.08231E-04  19.456300  12.634500
3  1860.000000   68.218000     680.000000    99.357000     840.000000    115.365000    1.09488E-02  1.18728E-04  18.816500  11.691400
3  1860.000000   68.218000     720.000000    100.587000    880.000000    118.144000    1.22079E-02  1.29560E-04  18.913000  10.901200
3  1860.000000   68.218000     760.000000    98.622000     920.000000    132.008000    1.29563E-02  1.37486E-04  17.263300  10.899800
3  1860.000000   68.218000     800.000000    109.655000    960.000000    128.518000    1.27470E-02  1.35247E-04  19.237700  10.898500
3  1860.000000   68.218000     840.000000    115.365000    1000.000000   116.905000    1.32367E-02  1.40433E-04  19.965200  10.897800
3  1860.000000   68.218000     880.000000    118.144000    1040.000000   108.286000    1.25687E-02  1.33311E-04  22.818900  10.895100
3  1860.000000   68.218000     920.000000    132.008000    1080.000000   117.343000    1.46532E-02  1.54005E-04  25.580100  10.268000
3  1860.000000   68.218000     960.000000    128.518000    1120.000000   134.172000    1.57421E-02  1.65445E-04  25.126700  10.267700
3  1860.000000   68.218000     1000.000000   116.905000    1160.000000   128.135000    1.55549E-02  1.63463E-04  25.974900  10.266900
3  1860.000000   68.218000     1040.000000   108.286000    1200.000000   123.583000    1.77933E-02  1.85883E-04  24.330400  9.739940
3  1860.000000   68.218000     120.000000    88.121000     440.000000    111.533000    8.00070E-03  9.33330E-05  -11.776300  12.843500
3  1860.000000   68.218000     160.000000    96.899000     480.000000    120.110000    8.52710E-03  9.79585E-05  -1.094240  12.682300
3  1860.000000   68.218000     200.000000    103.483000    520.000000    115.268000    8.49467E-03  9.78586E-05  4.484590  12.711400
3  1860.000000   68.218000     240.000000    107.360000    560.000000    123.811000    9.36914E-03  1.09475E-04  7.668770  12.860700
3  1942.000000   53.804000     1600.000000   137.193000    1640.000000   122.640000    2.99567E-02  3.11439E-04  17.898900  7.636650
3  1942.000000   53.804000     1640.000000   122.640000    1680.000000   100.508000    4.48946E-02  4.56439E-04  17.345100  4.255950
3  1942.000000   53.804000     1720.000000   92.752000     1760.000000   89.581000     6.93788E-02  7.00053E-04  13.868400  3.314540
3  1942.000000   53.804000     1760.000000   89.581000     1800.000000   73.849000     1.67630E-01  1.68153E-03  14.136600  1.840440
3  1942.000000   53.804000     1800.000000   73.849000     1840.000000   69.746000     2.77478E-01  2.78063E-03  13.054800  1.426240
3  1942.000000   53.804000     2080.000000   47.855000     2120.000000   51.358000     5.58618E-02  5.64137E-04  22.301200  3.513680
3  1942.000000   53.804000     2120.000000   51.358000     2160.000000   53.175000     3.06332E-02  3.17348E-04  23.152700  7.586620
3  1942.000000   53.804000     2240.000000   45.045000     2280.000000   42.192000     1.81009E-02  1.88948E-04  18.316100  9.731110
3  1942.000000   53.804000     2360.000000   52.469000     2400.000000   59.965000     8.96626E-03  1.02471E-04  15.208800  12.628500
3  1942.000000   53.804000     1240.000000   121.871000    1320.000000   143.045000    1.23334E-02  1.31311E-04  25.620500  10.934300
3  1942.000000   53.804000     1280.000000   129.599000    1360.000000   150.159000    1.25187E-02  1.33193E-04  18.651900  10.927100
3  1942.000000   53.804000     1320.000000   143.045000    1400.000000   160.896000    1.36405E-02  1.45086E-04  15.948700  10.924000
3  1942.000000   53.804000     1360.000000   150.159000    1440.000000   178.173000    1.60681E-02  1.68321E-04  16.342600  9.770620
3  1942.000000   53.804000     1400.000000   160.896000    1480.000000   197.065000    1.22944E-02  1.30579E-04  16.117500  10.909100
3  1942.000000   53.804000     1440.000000   178.173000    1520.000000   178.674000    1.02984E-02  1.11666E-04  15.955700  11.690600
3  1942.000000   53.804000     1480.000000   197.065000    1560.000000   156.964000    1.48656E-02  1.56342E-04  21.650000  10.275200
3  1942.000000   53.804000     1520.000000   178.674000    1600.000000   137.193000    2.49903E-02  2.58907E-04  17.220800  8.035450
3  1942.000000   53.804000     2280.000000   42.192000     2360.000000   52.469000     2.97344E-02  3.08036E-04  16.137800  7.586630
3  1942.000000   53.804000     2320.000000   45.283000     2400.000000   59.965000     1.90921E-02  1.98124E-04  16.301300  9.124710
3  1942.000000   53.804000     520.000000    115.268000    680.000000    99.357000     3.91037E-03  5.62921E-05  -2.921700  15.037700
3  1942.000000   53.804000     560.000000    123.811000    720.000000    100.587000    4.13255E-03  5.94889E-05  -1.200730  15.037300
3  1942.000000   53.804000     600.000000    124.839000    760.000000    98.622000     4.97287E-03  6.89921E-05  2.418010  14.198200
3  1942.000000   53.804000     640.000000    115.456000    800.000000    109.655000    6.12755E-03  8.21502E-05  3.869790  13.064600
3  1942.000000   53.804000     680.000000    99.357000     840.000000    115.365000    6.95605E-03  9.32639E-05  3.920540  13.065500
3  1942.000000   53.804000     720.000000    100.587000    880.000000    118.144000    7.63865E-03  1.02421E-04  5.408470  13.066300
3  1942.000000   53.804000     760.000000    98.622000     920.000000    132.008000    7.94333E-03  9.08773E-05  4.123990  12.639600
3  1942.000000   53.804000     800.000000    109.655000    960.000000    128.518000    7.68664E-03  1.03057E-04  6.822890  13.065300
3  1942.000000   53.804000     840.000000    115.365000    1000.000000   116.905000    7.86360E-03  8.99384E-05  9.863260  12.636500
3  1942.000000   53.804000     880.000000    118.144000    1040.000000   108.286000    7.37580E-03  9.88711E-05  14.016000  13.062600
3  1942.000000   53.804000     920.000000    132.008000    1080.000000   117.343000    8.60483E-03  9.84367E-05  18.535600  12.638700
3  1942.000000   53.804000     960.000000    128.518000    1120.000000   134.172000    9.17604E-03  1.04978E-04  19.262900  12.639300
3  1942.000000   53.804000     1000.000000   116.905000    1160.000000   128.135000    8.97097E-03  1.02618E-04  20.844500  12.637900
3  1942.000000   53.804000     1040.000000   108.286000    1200.000000   123.583000    1.01816E-02  1.10432E-04  19.891100  11.693500
3  1942.000000   53.804000     1080.000000   117.343000    1240.000000   121.871000    1.21945E-02  1.29497E-04  20.501700  10.907500
3  1942.000000   53.804000     1120.000000   134.172000    1280.000000   129.599000    1.52987E-02  1.61026E-04  24.233300  10.283900
3  1942.000000   53.804000     120.000000    88.121000     440.000000    111.533000    5.82716E-03  8.15080E-05  -19.457800  14.309500
3  1942.000000   53.804000     160.000000    96.899000     480.000000    120.110000    6.15361E-03  8.24731E-05  -15.038600  13.060200
3  1942.000000   53.804000     200.000000    103.483000    520.000000    115.268000    6.08990E-03  8.20791E-05  -11.753000  13.137600
3  1942.000000   53.804000     240.000000    107.360000    560.000000    123.811000    6.64579E-03  8.98424E-05  -9.656720  13.179600
3  1942.000000   53.804000     280.000000    105.248000    600.000000    124.839000    6.54664E-03  8.77885E-05  -9.951100  13.067700
3  1942.000000   53.804000     320.000000    113.072000    640.000000    115.456000    6.57819E-03  8.81392E-05  -7.776560  13.056500
3  2022.000000   51.207000     1680.000000   100.508000    1720.000000   92.752000     2.02963E-02  2.10621E-04  20.493700  9.124800
3  2022.000000   51.207000     1720.000000   92.752000     1760.000000   89.581000     1.75975E-02  1.83693E-04  14.294000  9.731150
3  2022.000000   51.207000     1760.000000   89.581000     1800.000000   73.849000     3.69552E-02  3.83336E-04  16.452000  6.943650
3  2022.000000   51.207000     1800.000000   73.849000     1840.000000   69.746000     5.17256E-02  5.22372E-04  14.384100  3.514000
3  2022.000000   51.207000     1840.000000   69.746000     1880.000000   67.320000     4.76094E-02  4.82769E-04  13.859400  4.191720
3  2022.000000   51.207000     2280.000000   42.192000     2320.000000   45.283000     2.28460E-02  2.36554E-04  17.536800  9.032700
3  2022.000000   51.207000     2360.000000   52.469000     2400.000000   59.965000     1.02420E-02  1.10962E-04  17.396000  11.682200
3  2022.000000   51.207000     1320.000000   143.045000    1400.000000   160.896000    7.83742E-03  8.95700E-05  15.189100  12.628500
3  2022.000000   51.207000     1360.000000   150.159000    1440.000000   178.173000    9.03377E-03  1.03242E-04  15.086100  12.628500
3  2022.000000   51.207000     1400.000000   160.896000    1480.000000   197.065000    6.70385E-03  8.98229E-05  15.079500  13.056400
3  2022.000000   51.207000     1440.000000   178.173000    1520.000000   178.674000    5.30702E-03  7.35962E-05  15.010100  14.192400
3  2022.000000   51.207000     1480.000000   197.065000    1560.000000   156.964000    7.22396E-03  9.67917E-05  19.052800  13.056400
3  2022.000000   51.207000     1520.000000   178.674000    1600.000000   137.193000    1.11019E-02  1.20278E-04  14.555900  11.682200
3  2022.000000   51.207000     1560.000000   156.964000    1640.000000   122.640000    1.86354E-02  1.94529E-04  14.586700  9.731170
3  2022.000000   51.207000     1600.000000   137.193000    1680.000000   100.508000    2.71014E-02  2.80023E-04  17.828400  7.999340
3  2022.000000   51.207000     600.000000    124.839000    760.000000    98.622000     3.86612E-03  5.56366E-05  20.189200  15.033000
3  2022.000000   51.207000     640.000000    115.456000    800.000000    109.655000    4.73147E-03  6.56146E-05  20.127000  14.192400
3  2022.000000   51.207000     680.000000    99.357000     840.000000    115.365000    5.30518E-03  7.35706E-05  19.516200  14.192400
3  2022.000000   51.207000     720.000000    100.587000    880.000000    118.144000    5.77521E-03  8.00889E-05  19.291000  14.192400
3  2022.000000   51.207000     760.000000    98.622000     920.000000    132.008000    5.92686E-03  8.21925E-05  17.975700  14.192400
3  2022.000000   51.207000     800.000000    109.655000    960.000000    128.518000    5.67922E-03  7.87583E-05  18.988000  14.192400
3  2022.000000   51.207000     840.000000    115.365000    1000.000000   116.905000    5.75116E-03  7.97554E-05  19.162200  14.192400
3  2022.000000   51.207000     880.000000    118.144000    1040.000000   108.286000    5.34360E-03  7.41034E-05  21.981300  14.192400
3  2022.000000   51.207000     920.000000    132.008000    1080.000000   117.343000    6.21697E-03  8.32993E-05  23.709500  13.056400
3  2022.000000   51.207000     960.000000    128.518000    1120.000000   134.172000    6.57119E-03  8.80461E-05  23.662300  13.056500
3  2022.000000   51.207000     1000.000000   116.905000    1160.000000   128.135000    6.36848E-03  8.53294E-05  24.288600  13.056400
3  2022.000000   51.207000     1040.000000   108.286000    1200.000000   123.583000    7.17492E-03  9.61346E-05  22.498200  13.056400
3  2022.000000   51.207000     1080.000000   117.343000    1240.000000   121.871000    8.27408E-03  9.45628E-05  21.700900  12.628800
3  2022.000000   51.207000     1120.000000   134.172000    1280.000000   129.599000    1.00403E-02  1.08794E-04  24.351500  11.683800
3  2022.000000   51.207000     1160.000000   128.135000    1320.000000   143.045000    1.28127E-02  1.35834E-04  23.620000  10.890100
3  2022.000000   51.207000     1200.000000   123.583000    1360.000000   150.159000    1.42003E-02  1.49126E-04  22.007800  10.259400
3  2100.000000   47.716000     1760.000000   89.581000     1800.000000   73.849000     1.93505E-02  2.00812E-04  15.907400  9.125130
3  2100.000000   47.716000     1800.000000   73.849000     1840.000000   69.746000     2.46982E-02  2.55740E-04  14.341200  9.033100
3  2100.000000   47.716000     1840.000000   69.746000     1880.000000   67.320000     2.17259E-02  2.24961E-04  13.907200  9.032910
3  2100.000000   47.716000     2360.000000   52.469000     2400.000000   59.965000     1.43970E-02  1.51179E-04  19.546200  10.258600
3  2100.000000   47.716000     1400.000000   160.896000    1480.000000   197.065000    5.15074E-03  7.14294E-05  16.282700  14.192400
3  2100.000000   47.716000     1440.000000   178.173000    1520.000000   178.674000    4.02080E-03  5.78625E-05  15.683600  15.033000
3  2100.000000   47.716000     1480.000000   197.065000    1560.000000   156.964000    5.39229E-03  7.47792E-05  18.273500  14.192400
3  2100.000000   47.716000     1520.000000   178.674000    1600.000000   137.193000    8.05294E-03  9.20330E-05  13.901200  12.628600
3  2100.000000   47.716000     1560.000000   156.964000    1640.000000   122.640000    1.30338E-02  1.38169E-04  13.829200  10.889500
3  2100.000000   47.716000     1600.000000   137.193000    1680.000000   100.508000    1.80755E-02  1.88708E-04  17.632600  9.732590
3  2100.000000   47.716000     1640.000000   122.640000    1720.000000   92.752000     2.23685E-02  2.31648E-04  19.461700  9.034650
3  2100.000000   47.716000     1680.000000   100.508000    1760.000000   89.581000     2.23012E-02  2.30922E-04  17.485600  9.033180
3  2100.000000   47.716000     880.000000    118.144000    1040.000000   108.286000    4.57651E-03  6.34657E-05  23.437100  14.192400
3  2100.000000   47.716000     920.000000    132.008000    1080.000000   117.343000    5.31248E-03  7.36729E-05  25.469800  14.192500
3  2100.000000   47.716000     960.000000    128.518000    1120.000000   134.172000    5.59535E-03  7.75974E-05  25.436100  14.192800
3  2100.000000   47.716000     1000.000000   116.905000    1160.000000   128.135000    5.40129E-03  7.49040E-05  25.559500  14.192400
3  2100.000000   47.716000     1040.000000   108.286000    1200.000000   123.583000    6.06380E-03  8.12470E-05  24.030600  13.056400
3  2100.000000   47.716000     1080.000000   117.343000    1240.000000   121.871000    6.88815E-03  9.23019E-05  23.323500  13.057900
3  2100.000000   47.716000     1120.000000   134.172000    1280.000000   129.599000    8.24594E-03  9.42519E-05  25.817200  12.630000
3  2100.000000   47.716000     1160.000000   128.135000    1320.000000   143.045000    1.03714E-02  1.12382E-04  25.226600  11.683900
3  2100.000000   47.716000     1200.000000   123.583000    1360.000000   150.159000    1.13484E-02  1.22967E-04  23.478000  11.683700
3  2100.000000   47.716000     1240.000000   121.871000    1400.000000   160.896000    1.21253E-02  1.28540E-04  21.215200  10.889600
3  2100.000000   47.716000     1280.000000   129.599000    1440.000000   178.173000    1.28334E-02  1.36046E-04  17.640800  10.889500
3  2180.000000   52.441000     2240.000000   45.045000     2280.000000   42.192000     3.34139E-01  3.34660E-03  14.878300  1.238340
3  2180.000000   52.441000     2280.000000   42.192000     2320.000000   45.283000     1.61486E-01  1.62008E-03  20.343300  1.977820
3  2180.000000   52.441000     2320.000000   45.283000     2360.000000   52.469000     6.70950E-02  6.76680E-04  19.770100  3.299630
3  2180.000000   52.441000     2360.000000   52.469000     2400.000000   59.965000     4.18800E-02  4.26761E-04  17.226300  4.776880
3  2180.000000   52.441000     1480.000000   197.065000    1560.000000   156.964000    4.15626E-03  5.98119E-05  14.618000  15.033100
3  2180.000000   52.441000     1520.000000   178.674000    1600.000000   137.193000    6.03271E-03  8.08305E-05  10.895900  13.056400
3  2180.000000   52.441000     1560.000000   156.964000    1640.000000   122.640000    9.44925E-03  1.07993E-04  10.754400  12.628700
3  2180.000000   52.441000     1600.000000   137.193000    1680.000000   100.508000    1.27075E-02  1.34725E-04  14.940100  10.890600
3  2180.000000   52.441000     1640.000000   122.640000    1720.000000   92.752000     1.52058E-02  1.59723E-04  17.095200  10.262000
3  2180.000000   52.441000     1680.000000   100.508000    1760.000000   89.581000     1.42727E-02  1.49885E-04  15.378800  10.259300
3  2180.000000   52.441000     1720.000000   92.752000     1800.000000   73.849000     1.66889E-02  1.74214E-04  13.171100  9.731470
3  2180.000000   52.441000     1760.000000   89.581000     1840.000000   69.746000     2.19803E-02  2.27599E-04  13.816500  9.033210
3  2180.000000   52.441000     1040.000000   108.286000    1200.000000   123.583000    5.10327E-03  7.07711E-05  21.570200  14.192400
3  2180.000000   52.441000     1080.000000   117.343000    1240.000000   121.871000    5.80868E-03  8.05617E-05  20.715300  14.193800
3  2180.000000   52.441000     1120.000000   134.172000    1280.000000   129.599000    6.97683E-03  9.34951E-05  23.079000  13.058600
3  2180.000000   52.441000     1160.000000   128.135000    1320.000000   143.045000    8.80068E-03  1.00599E-04  22.092700  12.630600
3  2180.000000   52.441000     1200.000000   123.583000    1360.000000   150.159000    9.65558E-03  1.04635E-04  20.273500  11.684700
3  2180.000000   52.441000     1240.000000   121.871000    1400.000000   160.896000    1.03178E-02  1.11793E-04  17.800700  11.683100
3  2180.000000   52.441000     1280.000000   129.599000    1440.000000   178.173000    1.07999E-02  1.17006E-04  14.278300  11.682300
3  2180.000000   52.441000     1320.000000   143.045000    1480.000000   197.065000    9.36910E-03  1.07075E-04  12.866300  12.628600
3  2180.000000   52.441000     1360.000000   150.159000    1520.000000   178.674000    9.00482E-03  1.02912E-04  12.738000  12.628600
3  2261.000000   43.126000     2120.000000   51.358000     2160.000000   53.175000     1.73318E-01  1.73829E-03  17.430700  1.831310
3  2261.000000   43.126000     2160.000000   53.175000     2200.000000   49.089000     2.90669E-01  4.97994E-03  4.367110  13.969300
3  2261.000000   43.126000     2360.000000   52.469000     2400.000000   59.965000     1.54950E-01  1.55449E-03  9.561840  1.977640
3  2261.000000   43.126000     1560.000000   156.964000    1640.000000   122.640000    7.76786E-03  8.87944E-05  8.412740  12.630800
3  2261.000000   43.126000     1600.000000   137.193000    1680.000000   100.508000    1.03631E-02  1.12339E-04  12.852900  11.688000
3  2261.000000   43.126000     1640.000000   122.640000    1720.000000   92.752000     1.22351E-02  1.29801E-04  14.905400  10.897300
3  2261.000000   43.126000     1680.000000   100.508000    1760.000000   89.581000     1.13798E-02  1.23322E-04  13.114200  11.684900
3  2261.000000   43.126000     1720.000000   92.752000     1800.000000   73.849000     1.32061E-02  1.40036E-04  11.127300  10.892500
3  2261.000000   43.126000     1760.000000   89.581000     1840.000000   69.746000     1.73506E-02  1.81168E-04  11.894800  9.734290
3  2261.000000   43.126000     1800.000000   73.849000     1880.000000   67.320000     1.61613E-02  1.68739E-04  12.327300  9.733530
3  2261.000000   43.126000     1840.000000   69.746000     1920.000000   57.532000     1.32140E-02  1.40099E-04  11.948500  10.890900
3  2340.000000   48.090000     2040.000000   51.134000     2080.000000   47.855000     8.53822E-03  9.76678E-05  15.676700  12.638000
3  2340.000000   48.090000     2080.000000   47.855000     2120.000000   51.358000     2.21423E-02  2.29780E-04  18.617100  9.059190
3  2340.000000   48.090000     2120.000000   51.358000     2160.000000   53.175000     4.22536E-02  4.31008E-04  16.622700  4.799020
3  2340.000000   48.090000     2160.000000   53.175000     2200.000000   49.089000     4.71116E-02  4.77778E-04  10.795400  4.194850
3  2340.000000   48.090000     2200.000000   49.089000     2240.000000   45.045000     1.29752E-01  1.30272E-03  6.528350  2.194770
3  2340.000000   48.090000     2240.000000   45.045000     2280.000000   42.192000     5.30100E-01  5.30710E-03  5.694680  1.155680
3  2340.000000   48.090000     1640.000000   122.640000    1720.000000   92.752000     8.11251E-03  9.32419E-05  17.137100  12.687500
3  2340.000000   48.090000     1680.000000   100.508000    1760.000000   89.581000     7.45702E-03  9.99494E-05  14.136900  13.061300
3  2340.000000   48.090000     1720.000000   92.752000     1800.000000   73.849000     8.57842E-03  9.80436E-05  11.338800  12.629100
3  2340.000000   48.090000     1760.000000   89.581000     1840.000000   69.746000     1.13152E-02  1.22600E-04  12.308200  11.683100
3  2340.000000   48.090000     1800.000000   73.849000     1880.000000   67.320000     1.05949E-02  1.14799E-04  13.249300  11.683400
3  2340.000000   48.090000     1840.000000   69.746000     1920.000000   57.532000     8.51445E-03  9.73159E-05  12.654400  12.629400
3  2340.000000   48.090000     1880.000000   67.320000     1960.000000   54.922000     7.95993E-03  9.09709E-05  22.929400  12.628700
3  2340.000000   48.090000     1520.000000   178.674000    1680.000000   100.508000    1.04645E-02  1.13648E-04  13.103100  11.706700
3  2420.000000   60.932000     2080.000000   47.855000     2120.000000   51.358000     7.22980E-03  9.73558E-05  16.571100  13.125300
3  2420.000000   60.932000     2120.000000   51.358000     2160.000000   53.175000     1.07109E-02  1.17341E-04  17.775100  11.794800
3  2420.000000   60.932000     2160.000000   53.175000     2200.000000   49.089000     1.06665E-02  1.15607E-04  13.652400  11.686200
3  2420.000000   60.932000     2200.000000   49.089000     2240.000000   45.045000     2.52033E-02  2.60537E-04  7.181400  8.005810
3  2420.000000   60.932000     2240.000000   45.045000     2280.000000   42.192000     6.83786E-02  6.90077E-04  9.640920  3.319820
3  2420.000000   60.932000     2280.000000   42.192000     2320.000000   45.283000     1.28281E-01  1.28803E-03  -0.099953  2.197310
3  2420.000000   60.932000     2320.000000   45.283000     2360.000000   52.469000     2.51392E-01  2.51983E-03  4.925360  1.618530
3  2420.000000   60.932000     1800.000000   73.849000     1880.000000   67.320000     6.87656E-03  9.21961E-05  11.052700  13.065300
3  2420.000000   60.932000     1840.000000   69.746000     1920.000000   57.532000     5.40380E-03  7.50739E-05  11.371900  14.216900
3  2420.000000   60.932000     2000.000000   51.429000     2080.000000   47.855000     5.01149E-03  7.01012E-05  19.432600  14.310000
3  2577.000000   79.724000     2240.000000   45.045000     2280.000000   42.192000     1.36696E-02  1.46224E-04  9.148440  10.983100
3  2577.000000   79.724000     2280.000000   42.192000     2320.000000   45.283000     1.93793E-02  2.01345E-04  2.037490  9.138890
3  2577.000000   79.724000     2320.000000   45.283000     2360.000000   52.469000     2.27769E-02  2.36035E-04  6.119430  9.042610
3  2577.000000   79.724000     2360.000000   52.469000     2400.000000   59.965000     2.32765E-02  2.41091E-04  4.758820  9.036560
3  2577.000000   79.724000     2000.000000   51.429000     2080.000000   47.855000     2.51684E-03  4.04250E-05  21.700800  17.844600
3  2577.000000   79.724000     2040.000000   51.134000     2120.000000   51.358000     3.94494E-03  5.90759E-05  17.028200  15.593300
3  2577.000000   79.724000     2080.000000   47.855000     2160.000000   53.175000     5.48572E-03  7.88479E-05  17.506000  14.686700
3  2577.000000   79.724000     2120.000000   51.358000     2200.000000   49.089000     5.82628E-03  8.23248E-05  17.756600  14.448600
3  2577.000000   79.724000     2160.000000   53.175000     2240.000000   45.045000     8.94519E-03  1.03610E-04  12.685000  12.768300
3  2783.000000   75.334000     2080.000000   47.855000     2160.000000   53.175000     3.16177E-03  4.72141E-05  16.420100  15.552700
3  2783.000000   75.334000     2120.000000   51.358000     2200.000000   49.089000     3.27062E-03  4.84196E-05  19.522200  15.429400
3  2783.000000   75.334000     2160.000000   53.175000     2240.000000   45.045000     4.97139E-03  7.01563E-05  16.654400  14.431200
3  2783.000000   75.334000     2200.000000   49.089000     2280.000000   42.192000     1.02832E-02  1.14752E-04  13.562400  11.984500
3  2783.000000   75.334000     2240.000000   45.045000     2320.000000   45.283000     1.57016E-02  1.66412E-04  8.123800  10.358500
3  2783.000000   75.334000     2280.000000   42.192000     2360.000000   52.469000     1.90460E-02  1.97960E-04  8.187050  9.143480
3  2900.000000   119.420000    2200.000000   49.089000     2280.000000   42.192000     8.76381E-03  1.04014E-04  15.555300  13.028200
3  2900.000000   119.420000    2240.000000   45.045000     2320.000000   45.283000     1.34682E-02  1.45112E-04  10.325600  11.058600
3  2900.000000   119.420000    2040.000000   51.134000     2200.000000   49.089000     4.96482E-03  7.05119E-05  16.844300  14.519500
3  2900.000000   119.420000    2080.000000   47.855000     2240.000000   45.045000     6.91726E-03  9.48730E-05  16.601400  13.381200
3  3030.000000   136.839000    2040.000000   51.134000     2200.000000   49.089000     4.23903E-03  6.10865E-05  13.065400  15.051900
3  3030.000000   136.839000    2080.000000   47.855000     2240.000000   45.045000     5.83224E-03  8.15271E-05  14.944400  14.300800
3  3030.000000   136.839000    2120.000000   51.358000     2280.000000   42.192000     9.59705E-03  1.20560E-04  18.829300  13.300700
