L24 SSIP denoised F4 0.90625 Hz
10.000000
11
0
Type of measurement (0=app. resistivity,1=resistance)
1
2439                
1
1
Phase Angle
mrad
0,0.90625
Error estimate for data present
Type of error estimate (0=same unit as data)
0
3  -20.000000    100.546000    40.000000     87.181000     80.000000     87.439000     8.11835E-02  8.17315E-04  4.880000  2.881540
3  -20.000000    100.546000    80.000000     87.439000     120.000000    88.121000     3.85529E-02  3.92858E-04  0.428285  4.776950
3  -20.000000    100.546000    120.000000    88.121000     160.000000    96.899000     2.87236E-02  2.97565E-04  9.374170  7.586640
3  -20.000000    100.546000    160.000000    96.899000     200.000000    103.483000    1.57429E-02  1.65311E-04  4.127120  10.258600
3  -20.000000    100.546000    200.000000    103.483000    240.000000    107.360000    8.62309E-03  9.85490E-05  3.746100  12.628500
3  -20.000000    100.546000    240.000000    107.360000    280.000000    105.248000    1.31087E-02  1.38963E-04  5.270850  10.889400
3  -20.000000    100.546000    280.000000    105.248000    320.000000    113.072000    8.79157E-03  1.00474E-04  5.928540  12.628600
3  -20.000000    100.546000    2360.000000   52.469000     2400.000000   59.965000     1.95536E-04  4.23011E-06  24.411500  24.000700
3  -20.000000    100.546000    320.000000    113.072000    400.000000    115.247000    1.13426E-02  1.22886E-04  6.916160  11.682800
3  -20.000000    100.546000    360.000000    115.089000    440.000000    111.533000    1.02823E-02  1.11398E-04  7.698570  11.682400
3  -20.000000    100.546000    400.000000    115.247000    480.000000    120.110000    1.09098E-02  1.18197E-04  8.296160  11.682700
3  -20.000000    100.546000    440.000000    111.533000    520.000000    115.268000    7.69898E-03  8.79878E-05  8.568730  12.628500
3  -20.000000    100.546000    480.000000    120.110000    560.000000    123.811000    5.52922E-03  7.66781E-05  7.846400  14.215100
3  -20.000000    100.546000    520.000000    115.268000    600.000000    124.839000    5.54419E-03  7.68857E-05  8.717000  14.274100
3  -20.000000    100.546000    560.000000    123.811000    640.000000    115.456000    3.99246E-03  5.74547E-05  10.047400  15.154500
3  -20.000000    100.546000    600.000000    124.839000    680.000000    99.357000     4.29539E-03  6.18141E-05  11.126800  15.063700
3  -20.000000    100.546000    2280.000000   42.192000     2360.000000   52.469000     5.96560E-04  1.29056E-05  26.114200  24.000700
3  -20.000000    100.546000    2320.000000   45.283000     2400.000000   59.965000     4.09981E-04  8.86928E-06  23.821700  24.000700
3  -20.000000    100.546000    640.000000    115.456000    800.000000    109.655000    9.67450E-03  1.04814E-04  13.317900  11.682400
3  -20.000000    100.546000    680.000000    99.357000     840.000000    115.365000    9.45916E-03  1.02481E-04  13.761400  11.682200
3  -20.000000    100.546000    720.000000    100.587000    880.000000    118.144000    9.24053E-03  1.05605E-04  14.223500  12.628500
3  -20.000000    100.546000    760.000000    98.622000     920.000000    132.008000    8.34235E-03  9.53405E-05  13.790100  12.628500
3  -20.000000    100.546000    800.000000    109.655000    960.000000    128.518000    7.10605E-03  9.52118E-05  15.965300  13.056400
3  -20.000000    100.546000    840.000000    115.365000    1000.000000   116.905000    6.45173E-03  8.64448E-05  15.919300  13.056400
3  -20.000000    100.546000    880.000000    118.144000    1040.000000   108.286000    5.42321E-03  7.52074E-05  18.027900  14.192400
3  -20.000000    100.546000    920.000000    132.008000    1080.000000   117.343000    5.40291E-03  7.49259E-05  20.259600  14.192400
3  -20.000000    100.546000    960.000000    128.518000    1120.000000   134.172000    5.09254E-03  7.06218E-05  18.914500  14.192400
3  -20.000000    100.546000    1000.000000   116.905000    1160.000000   128.135000    4.27774E-03  5.93224E-05  21.672200  14.192400
3  -20.000000    100.546000    1040.000000   108.286000    1200.000000   123.583000    4.35251E-03  6.03593E-05  21.164000  14.192400
3  -20.000000    100.546000    1080.000000   117.343000    1240.000000   121.871000    4.19571E-03  6.03796E-05  21.079700  15.033000
3  -20.000000    100.546000    1120.000000   134.172000    1280.000000   129.599000    4.45052E-03  6.17185E-05  23.705400  14.192400
3  -20.000000    100.546000    1160.000000   128.135000    1320.000000   143.045000    5.00400E-03  6.93940E-05  24.819500  14.192400
3  -20.000000    100.546000    1200.000000   123.583000    1360.000000   150.159000    4.96390E-03  6.88379E-05  24.548200  14.192400
3  -20.000000    100.546000    1240.000000   121.871000    1400.000000   160.896000    4.68127E-03  6.49184E-05  24.886400  14.192400
3  -20.000000    100.546000    2120.000000   51.358000     2280.000000   42.192000     9.13149E-04  1.97545E-05  29.525000  24.000700
3  -20.000000    100.546000    2160.000000   53.175000     2320.000000   45.283000     1.07479E-03  2.32514E-05  27.523200  24.000900
3  -20.000000    100.546000    2200.000000   49.089000     2360.000000   52.469000     1.13006E-03  2.44470E-05  26.829700  24.000800
3  -20.000000    100.546000    2240.000000   45.045000     2400.000000   59.965000     1.12382E-03  2.43120E-05  26.610400  24.000700
3  -20.000000    100.546000    1280.000000   129.599000    1600.000000   137.193000    7.09357E-03  9.50446E-05  19.899200  13.056400
3  -20.000000    100.546000    1320.000000   143.045000    1640.000000   122.640000    7.14244E-03  9.56994E-05  18.139300  13.056400
3  -20.000000    100.546000    1360.000000   150.159000    1680.000000   100.508000    7.72926E-03  8.83338E-05  17.546100  12.628500
3  -20.000000    100.546000    1400.000000   160.896000    1720.000000   92.752000     8.09044E-03  9.24616E-05  17.416900  12.628500
3  -20.000000    100.546000    1440.000000   178.173000    1760.000000   89.581000     8.10187E-03  9.25922E-05  16.793200  12.628500
3  -20.000000    100.546000    1480.000000   197.065000    1800.000000   73.849000     9.25161E-03  1.05732E-04  16.353700  12.628500
3  -20.000000    100.546000    1520.000000   178.674000    1840.000000   69.746000     1.02271E-02  1.10800E-04  15.891100  11.682200
3  -20.000000    100.546000    1560.000000   156.964000    1880.000000   67.320000     1.06910E-02  1.15826E-04  15.307300  11.682200
3  -20.000000    100.546000    1600.000000   137.193000    1920.000000   57.532000     1.05346E-02  1.14132E-04  15.358600  11.682300
3  -20.000000    100.546000    1640.000000   122.640000    1960.000000   54.922000     9.93763E-03  1.07664E-04  15.971300  11.682500
3  -20.000000    100.546000    1680.000000   100.508000    2000.000000   51.429000     8.78815E-03  1.00435E-04  16.112300  12.628900
3  -20.000000    100.546000    1720.000000   92.752000     2040.000000   51.134000     7.55487E-03  1.01225E-04  15.613500  13.057600
3  -20.000000    100.546000    1760.000000   89.581000     2080.000000   47.855000     6.82499E-03  9.14460E-05  16.316900  13.057800
3  -20.000000    100.546000    1800.000000   73.849000     2120.000000   51.358000     5.47428E-03  7.59157E-05  17.976100  14.192500
3  -20.000000    100.546000    1840.000000   69.746000     2160.000000   53.175000     4.17528E-03  6.00856E-05  20.485300  15.033000
3  -20.000000    100.546000    1880.000000   67.320000     2200.000000   49.089000     3.19593E-03  4.59920E-05  23.454400  15.033100
3  -20.000000    100.546000    1920.000000   57.532000     2240.000000   45.045000     2.58600E-03  4.04613E-05  26.863300  17.471500
3  -20.000000    100.546000    1960.000000   54.922000     2280.000000   42.192000     2.12102E-03  3.31861E-05  27.775900  17.471400
3  -20.000000    100.546000    2000.000000   51.429000     2320.000000   45.283000     2.15901E-03  3.37805E-05  28.551000  17.471700
3  -20.000000    100.546000    2040.000000   51.134000     2360.000000   52.469000     2.06017E-03  3.22340E-05  29.537900  17.471400
3  -20.000000    100.546000    2080.000000   47.855000     2400.000000   59.965000     1.96877E-03  3.08040E-05  29.224300  17.471500
3  -320.000000   93.637000     2360.000000   52.469000     2400.000000   59.965000     1.40162E-04  3.03218E-06  28.599300  24.000800
3  -320.000000   93.637000     160.000000    96.899000     240.000000    107.360000    1.42061E-03  3.07326E-05  7.810820  24.000800
3  -320.000000   93.637000     200.000000    103.483000    280.000000    105.248000    1.80306E-03  2.82119E-05  11.578000  17.521100
3  -320.000000   93.637000     240.000000    107.360000    320.000000    113.072000    2.12268E-03  3.32172E-05  11.261700  17.733000
3  -320.000000   93.637000     280.000000    105.248000    360.000000    115.089000    1.75435E-03  2.74503E-05  10.471900  17.472000
3  -320.000000   93.637000     320.000000    113.072000    400.000000    115.247000    1.61242E-03  2.52374E-05  9.900300  17.874800
3  -320.000000   93.637000     2280.000000   42.192000     2360.000000   52.469000     4.23685E-04  9.16575E-06  30.161700  24.001100
3  -320.000000   93.637000     2320.000000   45.283000     2400.000000   59.965000     2.93385E-04  6.34692E-06  29.676400  24.001100
3  -320.000000   93.637000     360.000000    115.089000    520.000000    115.268000    3.25375E-03  4.68250E-05  14.767900  16.742800
3  -320.000000   93.637000     400.000000    115.247000    560.000000    123.811000    3.27559E-03  4.71410E-05  16.318600  20.591400
3  -320.000000   93.637000     440.000000    111.533000    600.000000    124.839000    2.92361E-03  4.20745E-05  16.728300  22.296000
3  -320.000000   93.637000     480.000000    120.110000    640.000000    115.456000    2.41623E-03  3.78058E-05  15.196600  26.321800
3  -320.000000   93.637000     520.000000    115.268000    680.000000    99.357000     2.72674E-03  4.26686E-05  16.718600  23.635100
3  -320.000000   93.637000     560.000000    123.811000    720.000000    100.587000    2.65163E-03  4.14909E-05  16.312300  18.918200
3  -320.000000   93.637000     600.000000    124.839000    760.000000    98.622000     2.97783E-03  4.28587E-05  17.020400  15.193400
3  -320.000000   93.637000     640.000000    115.456000    800.000000    109.655000    3.39617E-03  4.88835E-05  17.871200  15.034200
3  -320.000000   93.637000     680.000000    99.357000     840.000000    115.365000    3.49782E-03  5.03378E-05  18.071400  15.033200
3  -320.000000   93.637000     720.000000    100.587000    880.000000    118.144000    3.55239E-03  5.11232E-05  18.181800  15.033300
3  -320.000000   93.637000     760.000000    98.622000     920.000000    132.008000    3.33990E-03  4.80648E-05  17.464500  15.033300
3  -320.000000   93.637000     800.000000    109.655000    960.000000    128.518000    2.94775E-03  4.24211E-05  19.180400  15.033300
3  -320.000000   93.637000     840.000000    115.365000    1000.000000   116.905000    2.76460E-03  4.32560E-05  18.694900  17.471600
3  -320.000000   93.637000     880.000000    118.144000    1040.000000   108.286000    2.38771E-03  3.73588E-05  21.126100  17.471600
3  -320.000000   93.637000     920.000000    132.008000    1080.000000   117.343000    2.47924E-03  3.87912E-05  23.258000  17.471500
3  -320.000000   93.637000     960.000000    128.518000    1120.000000   134.172000    2.40702E-03  3.76610E-05  22.459200  17.471500
3  -320.000000   93.637000     2120.000000   51.358000     2280.000000   42.192000     6.57454E-04  1.42232E-05  33.293600  24.000700
3  -320.000000   93.637000     2160.000000   53.175000     2320.000000   45.283000     7.68937E-04  1.66347E-05  31.204900  24.001300
3  -320.000000   93.637000     2200.000000   49.089000     2360.000000   52.469000     8.05374E-04  1.74235E-05  30.834800  24.000800
3  -320.000000   93.637000     2240.000000   45.045000     2400.000000   59.965000     8.00120E-04  1.73110E-05  30.694500  24.001100
3  -320.000000   93.637000     1000.000000   116.905000    1320.000000   143.045000    4.87226E-03  6.75675E-05  25.637200  14.192400
3  -320.000000   93.637000     1040.000000   108.286000    1360.000000   150.159000    5.00215E-03  6.93688E-05  24.873800  14.192500
3  -320.000000   93.637000     1080.000000   117.343000    1400.000000   160.896000    4.91424E-03  6.81497E-05  24.599000  14.192500
3  -320.000000   93.637000     1120.000000   134.172000    1440.000000   178.173000    5.02566E-03  6.96948E-05  24.080100  14.192500
3  -320.000000   93.637000     1160.000000   128.135000    1480.000000   197.065000    4.90232E-03  6.79844E-05  23.817800  14.192500
3  -320.000000   93.637000     1200.000000   123.583000    1520.000000   178.674000    4.74403E-03  6.57893E-05  23.344600  14.192400
3  -320.000000   93.637000     1240.000000   121.871000    1560.000000   156.964000    4.37038E-03  6.06071E-05  23.576900  14.192400
3  -320.000000   93.637000     1280.000000   129.599000    1600.000000   137.193000    4.29526E-03  6.18122E-05  20.365200  15.033000
3  -320.000000   93.637000     1320.000000   143.045000    1640.000000   122.640000    4.42822E-03  6.14092E-05  18.549100  14.192400
3  -320.000000   93.637000     1360.000000   150.159000    1680.000000   100.508000    4.87557E-03  6.76134E-05  17.863000  14.192400
3  -320.000000   93.637000     1400.000000   160.896000    1720.000000   92.752000     5.19519E-03  7.20459E-05  17.680700  14.192500
3  -320.000000   93.637000     1440.000000   178.173000    1760.000000   89.581000     5.26436E-03  7.30046E-05  17.076800  14.192500
3  -320.000000   93.637000     1480.000000   197.065000    1800.000000   73.849000     6.06355E-03  8.12437E-05  16.680900  13.056500
3  -320.000000   93.637000     1520.000000   178.674000    1840.000000   69.746000     6.75600E-03  9.05216E-05  16.176900  13.056600
3  -320.000000   93.637000     1560.000000   156.964000    1880.000000   67.320000     7.10572E-03  9.52074E-05  15.495900  13.056600
3  -320.000000   93.637000     1600.000000   137.193000    1920.000000   57.532000     7.04221E-03  9.43565E-05  15.625700  13.056700
3  -320.000000   93.637000     1640.000000   122.640000    1960.000000   54.922000     6.68790E-03  8.96132E-05  16.232400  13.056900
3  -320.000000   93.637000     1680.000000   100.508000    2000.000000   51.429000     5.94587E-03  7.96729E-05  16.539900  13.056900
3  -320.000000   93.637000     1720.000000   92.752000     2040.000000   51.134000     5.13992E-03  7.12999E-05  16.061500  14.194000
3  -320.000000   93.637000     1760.000000   89.581000     2080.000000   47.855000     4.66415E-03  6.47151E-05  16.830100  14.194300
3  -320.000000   93.637000     1800.000000   73.849000     2120.000000   51.358000     3.76527E-03  5.41852E-05  18.721200  15.033000
3  -320.000000   93.637000     1840.000000   69.746000     2160.000000   53.175000     2.89073E-03  4.16011E-05  21.525600  15.034800
3  -320.000000   93.637000     1880.000000   67.320000     2200.000000   49.089000     2.22940E-03  3.48819E-05  25.011100  17.473000
3  -320.000000   93.637000     1920.000000   57.532000     2240.000000   45.045000     1.81739E-03  2.84363E-05  28.979500  17.472200
3  -320.000000   93.637000     1960.000000   54.922000     2280.000000   42.192000     1.50326E-03  2.35206E-05  30.961700  17.471500
3  -320.000000   93.637000     2000.000000   51.429000     2320.000000   45.283000     1.53664E-03  2.40435E-05  31.683300  17.471700
3  -320.000000   93.637000     2040.000000   51.134000     2360.000000   52.469000     1.47069E-03  3.18160E-05  33.434200  24.000700
3  -320.000000   93.637000     2080.000000   47.855000     2400.000000   59.965000     1.40772E-03  3.04539E-05  33.293500  24.000900
3  -480.000000   80.619000     2360.000000   52.469000     2400.000000   59.965000     1.38908E-04  3.00505E-06  25.797000  24.000900
3  -480.000000   80.619000     200.000000    103.483000    280.000000    105.248000    9.42935E-04  2.04047E-05  8.900860  46.602300
3  -480.000000   80.619000     2280.000000   42.192000     2360.000000   52.469000     4.18784E-04  9.05972E-06  30.233400  24.000900
3  -480.000000   80.619000     2320.000000   45.283000     2400.000000   59.965000     2.90651E-04  6.28777E-06  25.547600  24.001100
3  -480.000000   80.619000     240.000000    107.360000    400.000000    115.247000    2.25428E-03  3.57188E-05  11.059600  49.698200
3  -480.000000   80.619000     280.000000    105.248000    440.000000    111.533000    2.28094E-03  3.61335E-05  13.666200  50.793400
3  -480.000000   80.619000     320.000000    113.072000    480.000000    120.110000    2.54808E-03  4.02311E-05  15.063100  37.224000
3  -480.000000   80.619000     360.000000    115.089000    520.000000    115.268000    2.38316E-03  3.74211E-05  15.434700  30.813800
3  -480.000000   80.619000     400.000000    115.247000    560.000000    123.811000    2.48238E-03  3.89446E-05  16.068500  33.646700
3  -480.000000   80.619000     440.000000    111.533000    600.000000    124.839000    2.28690E-03  3.58808E-05  16.434500  34.941800
3  -480.000000   80.619000     480.000000    120.110000    640.000000    115.456000    1.95320E-03  3.06527E-05  15.497100  35.157600
3  -480.000000   80.619000     520.000000    115.268000    680.000000    99.357000     2.24607E-03  3.51979E-05  16.880500  30.080600
3  -480.000000   80.619000     560.000000    123.811000    720.000000    100.587000    2.22631E-03  3.48391E-05  17.148000  20.422500
3  -480.000000   80.619000     600.000000    124.839000    760.000000    98.622000     2.53797E-03  3.97098E-05  17.757800  17.740100
3  -480.000000   80.619000     640.000000    115.456000    800.000000    109.655000    2.93224E-03  4.21973E-05  18.447200  15.041200
3  -480.000000   80.619000     680.000000    99.357000     840.000000    115.365000    3.05717E-03  4.39951E-05  18.517800  15.033100
3  -480.000000   80.619000     720.000000    100.587000    880.000000    118.144000    3.13129E-03  4.50618E-05  18.599300  15.033100
3  -480.000000   80.619000     760.000000    98.622000     920.000000    132.008000    2.97237E-03  4.27748E-05  17.872300  15.033200
3  -480.000000   80.619000     800.000000    109.655000    960.000000    128.518000    2.64458E-03  4.13779E-05  19.563300  17.471600
3  -480.000000   80.619000     2120.000000   51.358000     2280.000000   42.192000     6.50335E-04  1.40690E-05  28.049500  24.001200
3  -480.000000   80.619000     2160.000000   53.175000     2320.000000   45.283000     7.60969E-04  1.64623E-05  31.560000  24.000900
3  -480.000000   80.619000     2200.000000   49.089000     2360.000000   52.469000     7.95965E-04  1.72194E-05  30.690700  24.000700
3  -480.000000   80.619000     2240.000000   45.045000     2400.000000   59.965000     7.90388E-04  1.70988E-05  29.892200  24.000800
3  -480.000000   80.619000     840.000000    115.365000    1160.000000   128.135000    4.45786E-03  6.18203E-05  21.533800  14.192500
3  -480.000000   80.619000     880.000000    118.144000    1200.000000   123.583000    4.23365E-03  6.09256E-05  22.500100  15.033100
3  -480.000000   80.619000     920.000000    132.008000    1240.000000   121.871000    4.36356E-03  6.05125E-05  23.077000  14.192400
3  -480.000000   80.619000     960.000000    128.518000    1280.000000   129.599000    4.51154E-03  6.25647E-05  23.909500  14.192400
3  -480.000000   80.619000     1000.000000   116.905000    1320.000000   143.045000    4.60344E-03  6.38391E-05  25.382400  14.192400
3  -480.000000   80.619000     1040.000000   108.286000    1360.000000   150.159000    4.74717E-03  6.58323E-05  24.575300  14.192500
3  -480.000000   80.619000     1080.000000   117.343000    1400.000000   160.896000    4.68989E-03  6.50380E-05  24.189500  14.192500
3  -480.000000   80.619000     1120.000000   134.172000    1440.000000   178.173000    4.81462E-03  6.67677E-05  23.632600  14.192500
3  -480.000000   80.619000     1160.000000   128.135000    1480.000000   197.065000    4.70716E-03  6.52775E-05  23.311100  14.192600
3  -480.000000   80.619000     1200.000000   123.583000    1520.000000   178.674000    4.56772E-03  6.33438E-05  22.794200  14.192500
3  -480.000000   80.619000     1240.000000   121.871000    1560.000000   156.964000    4.22288E-03  6.07706E-05  22.914400  15.033100
3  -480.000000   80.619000     1280.000000   129.599000    1600.000000   137.193000    4.16625E-03  5.99557E-05  19.779100  15.033000
3  -480.000000   80.619000     1320.000000   143.045000    1640.000000   122.640000    4.31385E-03  5.98232E-05  17.941700  14.192400
3  -480.000000   80.619000     1360.000000   150.159000    1680.000000   100.508000    4.76493E-03  6.60786E-05  17.255600  14.192500
3  -480.000000   80.619000     1400.000000   160.896000    1720.000000   92.752000     5.09388E-03  7.06404E-05  17.100600  14.192600
3  -480.000000   80.619000     1440.000000   178.173000    1760.000000   89.581000     5.17273E-03  7.17339E-05  16.456000  14.192600
3  -480.000000   80.619000     1480.000000   197.065000    1800.000000   73.849000     5.96774E-03  7.99600E-05  16.090200  13.056700
3  -480.000000   80.619000     1520.000000   178.674000    1840.000000   69.746000     6.66004E-03  8.92359E-05  15.620000  13.056800
3  -480.000000   80.619000     1560.000000   156.964000    1880.000000   67.320000     7.01400E-03  9.39785E-05  14.958500  13.056900
3  -480.000000   80.619000     1600.000000   137.193000    1920.000000   57.532000     6.95897E-03  9.32412E-05  15.042900  13.057000
3  -480.000000   80.619000     1640.000000   122.640000    1960.000000   54.922000     6.61653E-03  8.86529E-05  15.251700  13.057400
3  -480.000000   80.619000     1680.000000   100.508000    2000.000000   51.429000     5.88757E-03  8.16476E-05  15.486200  14.193300
3  -480.000000   80.619000     1720.000000   92.752000     2040.000000   51.134000     5.09537E-03  7.06616E-05  14.857900  14.196200
3  -480.000000   80.619000     1760.000000   89.581000     2080.000000   47.855000     4.62690E-03  6.41649E-05  15.653600  14.196700
3  -480.000000   80.619000     1800.000000   73.849000     2120.000000   51.358000     3.73685E-03  5.37759E-05  17.386600  15.033100
3  -480.000000   80.619000     1840.000000   69.746000     2160.000000   53.175000     2.86797E-03  4.12727E-05  18.936600  15.035000
3  -480.000000   80.619000     1880.000000   67.320000     2200.000000   49.089000     2.21178E-03  3.46062E-05  21.700100  17.472800
3  -480.000000   80.619000     1920.000000   57.532000     2240.000000   45.045000     1.80235E-03  2.82001E-05  25.194700  17.471600
3  -480.000000   80.619000     1960.000000   54.922000     2280.000000   42.192000     1.48857E-03  2.32906E-05  28.222600  17.471500
3  -480.000000   80.619000     2000.000000   51.429000     2320.000000   45.283000     1.52087E-03  2.37960E-05  29.657300  17.472200
3  -480.000000   80.619000     2040.000000   51.134000     2360.000000   52.469000     1.45426E-03  3.14606E-05  31.125300  24.000800
3  -480.000000   80.619000     2080.000000   47.855000     2400.000000   59.965000     1.39114E-03  3.00951E-05  30.546700  24.000700
3  -640.000000   84.765000     280.000000    105.248000    320.000000    113.072000    3.49241E-04  7.55527E-06  5.487600  24.000900
3  -640.000000   84.765000     2360.000000   52.469000     2400.000000   59.965000     1.28119E-04  2.77165E-06  23.264400  24.001300
3  -640.000000   84.765000     240.000000    107.360000    320.000000    113.072000    7.43864E-04  1.60923E-05  1.547550  24.918600
3  -640.000000   84.765000     2280.000000   42.192000     2360.000000   52.469000     3.83792E-04  8.30276E-06  28.566300  24.001000
3  -640.000000   84.765000     2320.000000   45.283000     2400.000000   59.965000     2.68302E-04  5.80428E-06  24.206000  24.002100
3  -640.000000   84.765000     360.000000    115.089000    520.000000    115.268000    1.77393E-03  2.77803E-05  12.390100  45.199100
3  -640.000000   84.765000     400.000000    115.247000    560.000000    123.811000    1.89716E-03  2.97209E-05  13.320700  38.236600
3  -640.000000   84.765000     440.000000    111.533000    600.000000    124.839000    1.78033E-03  2.78586E-05  13.665500  37.882200
3  -640.000000   84.765000     480.000000    120.110000    640.000000    115.456000    1.55182E-03  2.42840E-05  12.209200  43.639600
3  -640.000000   84.765000     520.000000    115.268000    680.000000    99.357000     1.80650E-03  2.82681E-05  14.637100  35.651600
3  -640.000000   84.765000     560.000000    123.811000    720.000000    100.587000    1.81968E-03  2.84713E-05  14.760600  22.418200
3  -640.000000   84.765000     600.000000    124.839000    760.000000    98.622000     2.09852E-03  3.28345E-05  15.261000  18.006300
3  -640.000000   84.765000     640.000000    115.456000    800.000000    109.655000    2.43893E-03  3.81675E-05  16.074400  17.472100
3  -640.000000   84.765000     2120.000000   51.358000     2280.000000   42.192000     5.97641E-04  1.29300E-05  20.388200  24.003700
3  -640.000000   84.765000     2160.000000   53.175000     2320.000000   45.283000     6.99009E-04  1.51231E-05  28.295000  24.003700
3  -640.000000   84.765000     2200.000000   49.089000     2360.000000   52.469000     7.29964E-04  1.57920E-05  28.041600  24.002000
3  -640.000000   84.765000     2240.000000   45.045000     2400.000000   59.965000     7.24411E-04  1.56715E-05  28.010700  24.001600
3  -640.000000   84.765000     680.000000    99.357000     1000.000000   116.905000    4.67363E-03  6.48186E-05  15.938900  14.193000
3  -640.000000   84.765000     720.000000    100.587000    1040.000000   108.286000    4.47725E-03  6.20950E-05  16.804500  14.192900
3  -640.000000   84.765000     760.000000    98.622000     1080.000000   117.343000    4.46895E-03  6.19785E-05  17.321500  14.192500
3  -640.000000   84.765000     800.000000    109.655000    1120.000000   134.172000    4.17303E-03  6.00562E-05  17.928200  15.033300
3  -640.000000   84.765000     840.000000    115.365000    1160.000000   128.135000    3.84668E-03  5.53591E-05  18.475000  15.033100
3  -640.000000   84.765000     880.000000    118.144000    1200.000000   123.583000    3.68066E-03  5.29699E-05  19.418000  15.033200
3  -640.000000   84.765000     920.000000    132.008000    1240.000000   121.871000    3.82910E-03  5.51057E-05  19.985000  15.033100
3  -640.000000   84.765000     960.000000    128.518000    1280.000000   129.599000    3.98528E-03  5.73534E-05  20.767800  15.033100
3  -640.000000   84.765000     1000.000000   116.905000    1320.000000   143.045000    4.09712E-03  5.89625E-05  22.122700  15.033200
3  -640.000000   84.765000     1040.000000   108.286000    1360.000000   150.159000    4.24145E-03  6.10396E-05  21.215700  15.033400
3  -640.000000   84.765000     1080.000000   117.343000    1400.000000   160.896000    4.20349E-03  6.04933E-05  20.579100  15.033600
3  -640.000000   84.765000     1120.000000   134.172000    1440.000000   178.173000    4.32940E-03  6.00401E-05  19.942500  14.192900
3  -640.000000   84.765000     1160.000000   128.135000    1480.000000   197.065000    4.24141E-03  6.10381E-05  19.574600  15.033500
3  -640.000000   84.765000     1200.000000   123.583000    1520.000000   178.674000    4.12636E-03  5.93824E-05  19.005300  15.033400
3  -640.000000   84.765000     1240.000000   121.871000    1560.000000   156.964000    3.82856E-03  5.50964E-05  19.003300  15.033300
3  -640.000000   84.765000     1280.000000   129.599000    1600.000000   137.193000    3.79558E-03  5.46218E-05  15.975300  15.033100
3  -640.000000   84.765000     1320.000000   143.045000    1640.000000   122.640000    3.95411E-03  5.69032E-05  14.201200  15.033200
3  -640.000000   84.765000     1360.000000   150.159000    1680.000000   100.508000    4.38728E-03  6.08419E-05  13.555600  14.192900
3  -640.000000   84.765000     1400.000000   160.896000    1720.000000   92.752000     4.70986E-03  6.53154E-05  13.484300  14.193500
3  -640.000000   84.765000     1440.000000   178.173000    1760.000000   89.581000     4.79426E-03  6.64858E-05  12.866200  14.193500
3  -640.000000   84.765000     1480.000000   197.065000    1800.000000   73.849000     5.53977E-03  7.68244E-05  12.515800  14.193600
3  -640.000000   84.765000     1520.000000   178.674000    1840.000000   69.746000     6.19236E-03  8.29702E-05  12.105500  13.057900
3  -640.000000   84.765000     1560.000000   156.964000    1880.000000   67.320000     6.52984E-03  8.74914E-05  11.570000  13.058100
3  -640.000000   84.765000     1600.000000   137.193000    1920.000000   57.532000     6.48487E-03  8.68888E-05  11.667000  13.058600
3  -640.000000   84.765000     1640.000000   122.640000    1960.000000   54.922000     6.17009E-03  8.26952E-05  11.760600  13.068200
3  -640.000000   84.765000     1680.000000   100.508000    2000.000000   51.429000     5.49416E-03  7.62172E-05  12.243200  14.204700
3  -640.000000   84.765000     1720.000000   92.752000     2040.000000   51.134000     4.75987E-03  6.60565E-05  11.294800  14.227300
3  -640.000000   84.765000     1760.000000   89.581000     2080.000000   47.855000     4.32404E-03  6.22735E-05  12.164900  15.087300
3  -640.000000   84.765000     1800.000000   73.849000     2120.000000   51.358000     3.48988E-03  5.02330E-05  13.511400  15.033900
3  -640.000000   84.765000     1840.000000   69.746000     2160.000000   53.175000     2.67248E-03  4.18321E-05  13.933200  17.475100
3  -640.000000   84.765000     1880.000000   67.320000     2200.000000   49.089000     2.05706E-03  3.21854E-05  15.956300  17.471700
3  -640.000000   84.765000     1920.000000   57.532000     2240.000000   45.045000     1.67176E-03  2.61580E-05  18.542800  17.474400
3  -640.000000   84.765000     1960.000000   54.922000     2280.000000   42.192000     1.37421E-03  2.97290E-05  21.736500  24.001200
3  -640.000000   84.765000     2000.000000   51.429000     2320.000000   45.283000     1.39902E-03  3.02668E-05  22.564100  24.001600
3  -640.000000   84.765000     2040.000000   51.134000     2360.000000   52.469000     1.33519E-03  2.88867E-05  25.599600  24.000900
3  -640.000000   84.765000     2080.000000   47.855000     2400.000000   59.965000     1.27512E-03  2.75889E-05  24.756000  24.001300
3  60.000000     87.443000     120.000000    88.121000     160.000000    96.899000     9.66978E-02  9.71958E-04  6.574170  2.690830
3  60.000000     87.443000     160.000000    96.899000     200.000000    103.483000    4.09298E-02  4.17083E-04  4.448810  4.776880
3  60.000000     87.443000     200.000000    103.483000    240.000000    107.360000    1.92489E-02  1.99752E-04  3.567270  9.124710
3  60.000000     87.443000     240.000000    107.360000    280.000000    105.248000    2.66105E-02  2.74940E-04  4.919610  7.998660
3  60.000000     87.443000     280.000000    105.248000    320.000000    113.072000    1.70677E-02  1.78165E-04  5.569170  9.731120
3  60.000000     87.443000     320.000000    113.072000    360.000000    115.089000    1.19956E-02  1.27163E-04  5.842970  10.889400
3  60.000000     87.443000     360.000000    115.089000    400.000000    115.247000    8.79292E-03  1.00490E-04  7.496110  12.628600
3  60.000000     87.443000     2360.000000   52.469000     2400.000000   59.965000     2.60215E-04  5.62934E-06  17.358800  24.000700
3  60.000000     87.443000     400.000000    115.247000    480.000000    120.110000    1.90361E-02  1.97545E-04  7.657000  9.124830
3  60.000000     87.443000     440.000000    111.533000    520.000000    115.268000    1.32536E-02  1.40499E-04  8.064600  10.889400
3  60.000000     87.443000     480.000000    120.110000    560.000000    123.811000    9.31366E-03  1.06441E-04  7.152730  12.634900
3  60.000000     87.443000     520.000000    115.268000    600.000000    124.839000    9.22142E-03  1.05387E-04  7.607270  12.656600
3  60.000000     87.443000     560.000000    123.811000    640.000000    115.456000    6.46123E-03  8.65721E-05  8.915020  13.097000
3  60.000000     87.443000     600.000000    124.839000    680.000000    99.357000     6.80199E-03  9.11378E-05  10.095400  13.062000
3  60.000000     87.443000     640.000000    115.456000    720.000000    100.587000    7.21720E-03  9.67011E-05  10.764900  13.056400
3  60.000000     87.443000     680.000000    99.357000     760.000000    98.622000     7.24806E-03  9.71153E-05  12.276500  13.056500
3  60.000000     87.443000     2280.000000   42.192000     2360.000000   52.469000     7.96531E-04  1.72317E-05  19.159000  24.000700
3  60.000000     87.443000     2320.000000   45.283000     2400.000000   59.965000     5.45542E-04  1.18019E-05  17.239700  24.000700
3  60.000000     87.443000     720.000000    100.587000    880.000000    118.144000    1.41709E-02  1.48810E-04  12.589500  10.258600
3  60.000000     87.443000     760.000000    98.622000     920.000000    132.008000    1.27360E-02  1.35013E-04  11.973200  10.889400
3  60.000000     87.443000     800.000000    109.655000    960.000000    128.518000    1.08040E-02  1.17052E-04  13.970100  11.682200
3  60.000000     87.443000     840.000000    115.365000    1000.000000   116.905000    9.75478E-03  1.05685E-04  13.754500  11.682200
3  60.000000     87.443000     880.000000    118.144000    1040.000000   108.286000    8.16433E-03  9.33077E-05  15.650800  12.628500
3  60.000000     87.443000     920.000000    132.008000    1080.000000   117.343000    8.04749E-03  9.19723E-05  17.770900  12.628600
3  60.000000     87.443000     960.000000    128.518000    1120.000000   134.172000    7.53045E-03  1.00899E-04  16.258900  13.056400
3  60.000000     87.443000     1000.000000   116.905000    1160.000000   128.135000    6.26754E-03  8.39775E-05  18.946000  13.056400
3  60.000000     87.443000     1040.000000   108.286000    1200.000000   123.583000    6.33267E-03  8.48508E-05  18.406900  13.056400
3  60.000000     87.443000     1080.000000   117.343000    1240.000000   121.871000    6.06033E-03  8.12018E-05  18.001900  13.056400
3  60.000000     87.443000     1120.000000   134.172000    1280.000000   129.599000    6.39628E-03  8.57031E-05  20.284900  13.056400
3  60.000000     87.443000     1160.000000   128.135000    1320.000000   143.045000    7.15973E-03  9.59325E-05  21.153500  13.056400
3  60.000000     87.443000     1200.000000   123.583000    1360.000000   150.159000    7.07594E-03  9.48098E-05  20.629900  13.056400
3  60.000000     87.443000     1240.000000   121.871000    1400.000000   160.896000    6.64135E-03  8.89868E-05  20.759500  13.056400
3  60.000000     87.443000     1280.000000   129.599000    1440.000000   178.173000    6.26850E-03  8.39910E-05  17.724000  13.056400
3  60.000000     87.443000     1320.000000   143.045000    1480.000000   197.065000    5.00271E-03  6.93771E-05  15.529200  14.192400
3  60.000000     87.443000     2120.000000   51.358000     2280.000000   42.192000     1.21643E-03  2.63155E-05  22.345600  24.000700
3  60.000000     87.443000     2160.000000   53.175000     2320.000000   45.283000     1.43398E-03  3.10219E-05  20.444000  24.000700
3  60.000000     87.443000     2200.000000   49.089000     2360.000000   52.469000     1.50864E-03  2.36046E-05  19.774500  17.471500
3  60.000000     87.443000     2240.000000   45.045000     2400.000000   59.965000     1.50061E-03  2.34791E-05  19.560600  17.471500
3  60.000000     87.443000     1360.000000   150.159000    1680.000000   100.508000    1.06624E-02  1.15521E-04  13.433300  11.682300
3  60.000000     87.443000     1400.000000   160.896000    1720.000000   92.752000     1.10969E-02  1.20227E-04  13.243000  11.682200
3  60.000000     87.443000     1440.000000   178.173000    1760.000000   89.581000     1.10722E-02  1.19957E-04  12.572900  11.682200
3  60.000000     87.443000     1480.000000   197.065000    1800.000000   73.849000     1.26125E-02  1.33706E-04  12.095800  10.889500
3  60.000000     87.443000     1520.000000   178.674000    1840.000000   69.746000     1.39113E-02  1.46080E-04  11.634300  10.258600
3  60.000000     87.443000     1560.000000   156.964000    1880.000000   67.320000     1.45166E-02  1.52436E-04  11.070500  10.258600
3  60.000000     87.443000     1600.000000   137.193000    1920.000000   57.532000     1.42830E-02  1.49984E-04  11.061600  10.258600
3  60.000000     87.443000     1640.000000   122.640000    1960.000000   54.922000     1.34514E-02  1.42604E-04  11.611600  10.889700
3  60.000000     87.443000     1680.000000   100.508000    2000.000000   51.429000     1.18790E-02  1.25935E-04  11.709100  10.889900
3  60.000000     87.443000     1720.000000   92.752000     2040.000000   51.134000     1.01935E-02  1.10448E-04  11.202600  11.683500
3  60.000000     87.443000     1760.000000   89.581000     2080.000000   47.855000     9.19639E-03  1.05109E-04  11.828200  12.629500
3  60.000000     87.443000     1800.000000   73.849000     2120.000000   51.358000     7.36320E-03  9.86573E-05  13.311600  13.056500
3  60.000000     87.443000     1840.000000   69.746000     2160.000000   53.175000     5.60780E-03  7.77673E-05  15.444500  14.192500
3  60.000000     87.443000     1880.000000   67.320000     2200.000000   49.089000     4.28576E-03  5.94336E-05  18.019400  14.192500
3  60.000000     87.443000     1920.000000   57.532000     2240.000000   45.045000     3.46173E-03  4.98171E-05  20.996600  15.033100
3  60.000000     87.443000     1960.000000   54.922000     2280.000000   42.192000     2.83400E-03  4.07835E-05  21.240100  15.033000
3  60.000000     87.443000     2000.000000   51.429000     2320.000000   45.283000     2.88201E-03  4.14744E-05  21.632600  15.033100
3  60.000000     87.443000     2040.000000   51.134000     2360.000000   52.469000     2.74863E-03  4.30059E-05  22.431600  17.471400
3  60.000000     87.443000     2080.000000   47.855000     2400.000000   59.965000     2.62622E-03  4.10906E-05  21.990900  17.471600
3  140.000000    91.316000     0.000000      94.302000     40.000000     87.181000     6.59981E-02  6.65617E-04  8.306630  3.299630
3  140.000000    91.316000     40.000000     87.181000     80.000000     87.439000     9.99683E-02  1.00428E-03  6.257830  2.435920
3  140.000000    91.316000     200.000000    103.483000    240.000000    107.360000    5.71710E-02  5.77358E-04  4.245170  3.513750
3  140.000000    91.316000     240.000000    107.360000    280.000000    105.248000    5.76376E-02  5.82076E-04  4.166570  3.513860
3  140.000000    91.316000     280.000000    105.248000    320.000000    113.072000    3.30816E-02  3.43152E-04  5.268890  6.943510
3  140.000000    91.316000     320.000000    113.072000    360.000000    115.089000    2.13196E-02  2.21240E-04  5.285730  9.124740
3  140.000000    91.316000     360.000000    115.089000    400.000000    115.247000    1.45917E-02  1.53223E-04  7.571920  10.258600
3  140.000000    91.316000     400.000000    115.247000    440.000000    111.533000    1.50197E-02  1.57717E-04  6.463180  10.258600
3  140.000000    91.316000     440.000000    111.533000    480.000000    120.110000    1.49629E-02  1.57121E-04  7.921380  10.258600
3  140.000000    91.316000     2360.000000   52.469000     2400.000000   59.965000     3.05916E-04  6.61800E-06  21.316600  24.000700
3  140.000000    91.316000     480.000000    120.110000    560.000000    123.811000    1.39083E-02  1.46048E-04  6.966000  10.264900
3  140.000000    91.316000     520.000000    115.268000    600.000000    124.839000    1.35263E-02  1.43390E-04  7.462290  10.914900
3  140.000000    91.316000     560.000000    123.811000    640.000000    115.456000    9.16094E-03  1.04696E-04  8.766590  12.651800
3  140.000000    91.316000     600.000000    124.839000    680.000000    99.357000     9.38277E-03  1.07231E-04  10.030400  12.632300
3  140.000000    91.316000     640.000000    115.456000    720.000000    100.587000    9.83337E-03  1.06535E-04  10.703300  11.682300
3  140.000000    91.316000     680.000000    99.357000     760.000000    98.622000     9.73731E-03  1.05494E-04  12.309000  11.682200
3  140.000000    91.316000     720.000000    100.587000    800.000000    109.655000    1.03756E-02  1.12409E-04  13.331100  11.682200
3  140.000000    91.316000     760.000000    98.622000     840.000000    115.365000    9.70103E-03  1.05101E-04  12.692600  11.682300
3  140.000000    91.316000     2280.000000   42.192000     2360.000000   52.469000     9.38508E-04  2.03031E-05  22.022000  24.000700
3  140.000000    91.316000     2320.000000   45.283000     2400.000000   59.965000     6.41206E-04  1.38715E-05  21.392600  24.000700
3  140.000000    91.316000     800.000000    109.655000    960.000000    128.518000    1.41408E-02  1.48488E-04  14.712700  10.258600
3  140.000000    91.316000     840.000000    115.365000    1000.000000   116.905000    1.26968E-02  1.34596E-04  14.655600  10.889400
3  140.000000    91.316000     880.000000    118.144000    1040.000000   108.286000    1.05841E-02  1.14668E-04  16.620400  11.682200
3  140.000000    91.316000     920.000000    132.008000    1080.000000   117.343000    1.03167E-02  1.11771E-04  18.853100  11.682200
3  140.000000    91.316000     960.000000    128.518000    1120.000000   134.172000    9.58353E-03  1.03828E-04  17.423900  11.682200
3  140.000000    91.316000     1000.000000   116.905000    1160.000000   128.135000    7.90222E-03  9.03105E-05  20.396500  12.628500
3  140.000000    91.316000     1040.000000   108.286000    1200.000000   123.583000    7.92764E-03  9.06010E-05  20.099200  12.628500
3  140.000000    91.316000     1080.000000   117.343000    1240.000000   121.871000    7.54536E-03  8.62321E-05  20.141100  12.628500
3  140.000000    91.316000     1120.000000   134.172000    1280.000000   129.599000    7.93479E-03  9.06827E-05  22.670300  12.628500
3  140.000000    91.316000     1160.000000   128.135000    1320.000000   143.045000    8.85402E-03  1.01188E-04  23.767500  12.628500
3  140.000000    91.316000     1200.000000   123.583000    1360.000000   150.159000    8.73172E-03  9.97905E-05  23.479400  12.628500
3  140.000000    91.316000     1240.000000   121.871000    1400.000000   160.896000    8.17339E-03  9.34096E-05  23.889400  12.628500
3  140.000000    91.316000     1280.000000   129.599000    1440.000000   178.173000    7.68376E-03  8.78139E-05  21.054100  12.628500
3  140.000000    91.316000     1320.000000   143.045000    1480.000000   197.065000    6.11097E-03  8.18791E-05  19.008300  13.056400
3  140.000000    91.316000     1360.000000   150.159000    1520.000000   178.674000    5.43597E-03  7.53844E-05  18.540200  14.192400
3  140.000000    91.316000     1400.000000   160.896000    1560.000000   156.964000    4.50220E-03  6.24352E-05  18.463300  14.192400
3  140.000000    91.316000     2120.000000   51.358000     2280.000000   42.192000     1.43221E-03  3.09836E-05  25.739400  24.000700
3  140.000000    91.316000     2160.000000   53.175000     2320.000000   45.283000     1.68872E-03  2.64222E-05  23.418500  17.471500
3  140.000000    91.316000     2200.000000   49.089000     2360.000000   52.469000     1.77710E-03  2.78050E-05  22.803700  17.471400
3  140.000000    91.316000     2240.000000   45.045000     2400.000000   59.965000     1.76790E-03  2.76611E-05  22.580400  17.471400
3  140.000000    91.316000     1440.000000   178.173000    1760.000000   89.581000     1.32214E-02  1.40157E-04  16.646600  10.889400
3  140.000000    91.316000     1480.000000   197.065000    1800.000000   73.849000     1.50335E-02  1.57862E-04  16.231000  10.258600
3  140.000000    91.316000     1520.000000   178.674000    1840.000000   69.746000     1.65547E-02  1.72808E-04  15.809000  9.731120
3  140.000000    91.316000     1560.000000   156.964000    1880.000000   67.320000     1.72529E-02  1.80096E-04  15.270800  9.731110
3  140.000000    91.316000     1600.000000   137.193000    1920.000000   57.532000     1.69573E-02  1.77010E-04  15.306200  9.731210
3  140.000000    91.316000     1640.000000   122.640000    1960.000000   54.922000     1.59533E-02  1.66530E-04  15.922800  9.731230
3  140.000000    91.316000     1680.000000   100.508000    2000.000000   51.429000     1.40764E-02  1.47812E-04  16.052100  10.258700
3  140.000000    91.316000     1720.000000   92.752000     2040.000000   51.134000     1.20627E-02  1.27874E-04  15.596500  10.890000
3  140.000000    91.316000     1760.000000   89.581000     2080.000000   47.855000     1.08731E-02  1.17799E-04  16.249300  11.682500
3  140.000000    91.316000     1800.000000   73.849000     2120.000000   51.358000     8.69686E-03  9.93921E-05  17.647900  12.628500
3  140.000000    91.316000     1840.000000   69.746000     2160.000000   53.175000     6.62073E-03  8.87092E-05  19.746100  13.056400
3  140.000000    91.316000     1880.000000   67.320000     2200.000000   49.089000     5.05793E-03  7.01419E-05  22.345800  14.192400
3  140.000000    91.316000     1920.000000   57.532000     2240.000000   45.045000     4.08363E-03  5.87663E-05  25.248300  15.033000
3  140.000000    91.316000     1960.000000   54.922000     2280.000000   42.192000     3.34113E-03  4.80815E-05  25.060600  15.033000
3  140.000000    91.316000     2000.000000   51.429000     2320.000000   45.283000     3.39578E-03  4.88680E-05  25.038900  15.033100
3  140.000000    91.316000     2040.000000   51.134000     2360.000000   52.469000     3.23918E-03  4.66144E-05  25.656300  15.033000
3  140.000000    91.316000     2080.000000   47.855000     2400.000000   59.965000     3.09518E-03  4.45421E-05  25.087300  15.033000
3  220.000000    106.101000    0.000000      94.302000     40.000000     87.181000     3.84280E-02  3.91585E-04  9.542200  4.776880
3  220.000000    106.101000    40.000000     87.181000     80.000000     87.439000     4.04760E-02  4.12454E-04  7.905490  4.776880
3  220.000000    106.101000    80.000000     87.439000     120.000000    88.121000     5.32940E-02  5.38205E-04  9.578310  3.513680
3  220.000000    106.101000    120.000000    88.121000     160.000000    96.899000     1.14980E-01  1.15509E-03  6.267930  2.435920
3  220.000000    106.101000    280.000000    105.248000    320.000000    113.072000    9.20059E-02  9.24797E-04  4.564110  2.690920
3  220.000000    106.101000    320.000000    113.072000    360.000000    115.089000    4.65842E-02  4.72373E-04  4.526840  4.191870
3  220.000000    106.101000    360.000000    115.089000    400.000000    115.247000    2.82304E-02  2.91674E-04  9.052340  7.998730
3  220.000000    106.101000    400.000000    115.247000    440.000000    111.533000    2.58436E-02  2.67013E-04  6.126360  7.998790
3  220.000000    106.101000    440.000000    111.533000    480.000000    120.110000    2.46363E-02  2.54542E-04  7.688100  7.998800
3  220.000000    106.101000    480.000000    120.110000    520.000000    115.268000    8.60893E-03  9.83872E-05  7.064880  12.628500
3  220.000000    106.101000    520.000000    115.268000    560.000000    123.811000    1.27017E-02  1.34649E-04  6.085280  10.889500
3  220.000000    106.101000    2360.000000   52.469000     2400.000000   59.965000     3.48877E-04  7.54740E-06  18.313400  24.000700
3  220.000000    106.101000    560.000000    123.811000    640.000000    115.456000    1.31505E-02  1.39406E-04  7.643440  10.889500
3  220.000000    106.101000    600.000000    124.839000    680.000000    99.357000     1.30759E-02  1.38615E-04  8.942020  10.889500
3  220.000000    106.101000    640.000000    115.456000    720.000000    100.587000    1.33875E-02  1.41920E-04  9.485870  10.889500
3  220.000000    106.101000    680.000000    99.357000     760.000000    98.622000     1.29852E-02  1.37655E-04  10.901400  10.889500
3  220.000000    106.101000    720.000000    100.587000    800.000000    109.655000    1.36401E-02  1.43235E-04  11.786600  10.258700
3  220.000000    106.101000    760.000000    98.622000     840.000000    115.365000    1.25271E-02  1.32801E-04  10.881400  10.889600
3  220.000000    106.101000    800.000000    109.655000    880.000000    118.144000    1.06344E-02  1.15215E-04  10.388400  11.682400
3  220.000000    106.101000    840.000000    115.365000    920.000000    132.008000    8.87458E-03  1.01425E-04  9.970630  12.628700
3  220.000000    106.101000    2280.000000   42.192000     2360.000000   52.469000     1.07083E-03  2.31657E-05  19.829900  24.000800
3  220.000000    106.101000    2320.000000   45.283000     2400.000000   59.965000     7.31652E-04  1.58281E-05  19.198900  24.000700
3  220.000000    106.101000    880.000000    118.144000    1040.000000   108.286000    1.31819E-02  1.39741E-04  13.930900  10.889900
3  220.000000    106.101000    920.000000    132.008000    1080.000000   117.343000    1.28025E-02  1.35722E-04  16.085700  10.890300
3  220.000000    106.101000    960.000000    128.518000    1120.000000   134.172000    1.18474E-02  1.25598E-04  14.472700  10.890300
3  220.000000    106.101000    1000.000000   116.905000    1160.000000   128.135000    9.71810E-03  1.05288E-04  17.354200  11.682700
3  220.000000    106.101000    1040.000000   108.286000    1200.000000   123.583000    9.71473E-03  1.05252E-04  16.928800  11.682800
3  220.000000    106.101000    1080.000000   117.343000    1240.000000   121.871000    9.16547E-03  1.04750E-04  16.748600  12.629200
3  220.000000    106.101000    1120.000000   134.172000    1280.000000   129.599000    9.58779E-03  1.03878E-04  18.984300  11.683200
3  220.000000    106.101000    1160.000000   128.135000    1320.000000   143.045000    1.06557E-02  1.15448E-04  19.907300  11.683600
3  220.000000    106.101000    1200.000000   123.583000    1360.000000   150.159000    1.04673E-02  1.13408E-04  19.443000  11.683200
3  220.000000    106.101000    1240.000000   121.871000    1400.000000   160.896000    9.75208E-03  1.05657E-04  19.598600  11.683200
3  220.000000    106.101000    1280.000000   129.599000    1440.000000   178.173000    9.13784E-03  1.04435E-04  16.657900  12.629300
3  220.000000    106.101000    1320.000000   143.045000    1480.000000   197.065000    7.24743E-03  9.71076E-05  14.524200  13.057000
3  220.000000    106.101000    1360.000000   150.159000    1520.000000   178.674000    6.43601E-03  8.62348E-05  14.037000  13.056800
3  220.000000    106.101000    1400.000000   160.896000    1560.000000   156.964000    5.31718E-03  7.37376E-05  13.972600  14.192600
3  220.000000    106.101000    1440.000000   178.173000    1600.000000   137.193000    5.15623E-03  7.15056E-05  11.781900  14.192600
3  220.000000    106.101000    1480.000000   197.065000    1640.000000   122.640000    6.89172E-03  9.23408E-05  11.756600  13.056800
3  220.000000    106.101000    2120.000000   51.358000     2280.000000   42.192000     1.63343E-03  2.55571E-05  21.628400  17.471500
3  220.000000    106.101000    2160.000000   53.175000     2320.000000   45.283000     1.92698E-03  3.01501E-05  20.039200  17.471400
3  220.000000    106.101000    2200.000000   49.089000     2360.000000   52.469000     2.02822E-03  3.17343E-05  20.166500  17.471600
3  220.000000    106.101000    2240.000000   45.045000     2400.000000   59.965000     2.01715E-03  3.15609E-05  20.173400  17.471500
3  220.000000    106.101000    1520.000000   178.674000    1840.000000   69.746000     1.93291E-02  2.00590E-04  10.971800  9.125660
3  220.000000    106.101000    1560.000000   156.964000    1880.000000   67.320000     2.01207E-02  2.08807E-04  10.415300  9.125400
3  220.000000    106.101000    1600.000000   137.193000    1920.000000   57.532000     1.97543E-02  2.05004E-04  10.441600  9.125810
3  220.000000    106.101000    1640.000000   122.640000    1960.000000   54.922000     1.85606E-02  1.92620E-04  11.018700  9.125600
3  220.000000    106.101000    1680.000000   100.508000    2000.000000   51.429000     1.63584E-02  1.70770E-04  11.144600  9.731960
3  220.000000    106.101000    1720.000000   92.752000     2040.000000   51.134000     1.40035E-02  1.47061E-04  10.692100  10.259100
3  220.000000    106.101000    1760.000000   89.581000     2080.000000   47.855000     1.26112E-02  1.33705E-04  11.320400  10.890300
3  220.000000    106.101000    1800.000000   73.849000     2120.000000   51.358000     1.00697E-02  1.09096E-04  12.807300  11.682500
3  220.000000    106.101000    1840.000000   69.746000     2160.000000   53.175000     7.65054E-03  8.74342E-05  14.886500  12.628700
3  220.000000    106.101000    1880.000000   67.320000     2200.000000   49.089000     5.83253E-03  7.81483E-05  17.399900  13.056500
3  220.000000    106.101000    1920.000000   57.532000     2240.000000   45.045000     4.69810E-03  6.51518E-05  20.394900  14.192500
3  220.000000    106.101000    1960.000000   54.922000     2280.000000   42.192000     3.82946E-03  5.51094E-05  20.711300  15.033200
3  220.000000    106.101000    2000.000000   51.429000     2320.000000   45.283000     3.88386E-03  5.58919E-05  21.068300  15.033100
3  220.000000    106.101000    2040.000000   51.134000     2360.000000   52.469000     3.69841E-03  5.32231E-05  22.106100  15.033300
3  220.000000    106.101000    2080.000000   47.855000     2400.000000   59.965000     3.52983E-03  5.07974E-05  21.834100  15.033600
3  300.000000    109.080000    0.000000      94.302000     40.000000     87.181000     2.65700E-02  2.74516E-04  11.024600  7.998640
3  300.000000    109.080000    40.000000     87.181000     80.000000     87.439000     2.47810E-02  2.56032E-04  9.652210  7.998640
3  300.000000    109.080000    80.000000     87.439000     120.000000    88.121000     2.79470E-02  2.88743E-04  9.363820  7.998640
3  300.000000    109.080000    120.000000    88.121000     160.000000    96.899000     4.42424E-02  4.48622E-04  8.455420  4.191730
3  300.000000    109.080000    160.000000    96.899000     200.000000    103.483000    5.47400E-02  5.52808E-04  7.241280  3.513680
3  300.000000    109.080000    200.000000    103.483000    240.000000    107.360000    7.22400E-02  7.27276E-04  6.028300  2.881520
3  300.000000    109.080000    360.000000    115.089000    400.000000    115.247000    8.97803E-02  9.02418E-04  7.545640  2.690860
3  300.000000    109.080000    400.000000    115.247000    440.000000    111.533000    6.07765E-02  6.12955E-04  6.483680  3.299800
3  300.000000    109.080000    440.000000    111.533000    480.000000    120.110000    5.25932E-02  5.31133E-04  8.483150  3.513760
3  300.000000    109.080000    480.000000    120.110000    520.000000    115.268000    1.69691E-02  1.77134E-04  7.682960  9.731110
3  300.000000    109.080000    520.000000    115.268000    560.000000    123.811000    2.36699E-02  2.45085E-04  7.132440  9.035010
3  300.000000    109.080000    560.000000    123.811000    600.000000    124.839000    1.28720E-02  1.36453E-04  7.964160  10.892400
3  300.000000    109.080000    600.000000    124.839000    640.000000    115.456000    9.41793E-03  1.02034E-04  9.627240  11.682200
3  300.000000    109.080000    2360.000000   52.469000     2400.000000   59.965000     3.98644E-04  8.62403E-06  21.925700  24.000700
3  300.000000    109.080000    640.000000    115.456000    720.000000    100.587000    2.06481E-02  2.14272E-04  10.809700  9.124850
3  300.000000    109.080000    680.000000    99.357000     760.000000    98.622000     1.93074E-02  2.00359E-04  12.376200  9.124770
3  300.000000    109.080000    720.000000    100.587000    800.000000    109.655000    1.97354E-02  2.04800E-04  13.432800  9.124770
3  300.000000    109.080000    760.000000    98.622000     840.000000    115.365000    1.76504E-02  1.84245E-04  12.804800  9.731630
3  300.000000    109.080000    800.000000    109.655000    880.000000    118.144000    1.46820E-02  1.54171E-04  12.493200  10.258900
3  300.000000    109.080000    840.000000    115.365000    920.000000    132.008000    1.20446E-02  1.27682E-04  12.236300  10.889600
3  300.000000    109.080000    880.000000    118.144000    960.000000    128.518000    9.68344E-03  1.04910E-04  17.819200  11.682200
3  300.000000    109.080000    920.000000    132.008000    1000.000000   116.905000    9.35074E-03  1.01306E-04  17.451100  11.682200
3  300.000000    109.080000    2280.000000   42.192000     2360.000000   52.469000     1.22679E-03  2.65396E-05  22.876100  24.000700
3  300.000000    109.080000    2320.000000   45.283000     2400.000000   59.965000     8.36323E-04  1.80925E-05  22.366900  24.000700
3  300.000000    109.080000    960.000000    128.518000    1120.000000   134.172000    1.54414E-02  1.62146E-04  17.047300  10.258600
3  300.000000    109.080000    1000.000000   116.905000    1160.000000   128.135000    1.25186E-02  1.32707E-04  20.151500  10.889400
3  300.000000    109.080000    1040.000000   108.286000    1200.000000   123.583000    1.24101E-02  1.31557E-04  19.919300  10.889400
3  300.000000    109.080000    1080.000000   117.343000    1240.000000   121.871000    1.15436E-02  1.22371E-04  20.121200  10.889500
3  300.000000    109.080000    1120.000000   134.172000    1280.000000   129.599000    1.19706E-02  1.26898E-04  22.687200  10.889400
3  300.000000    109.080000    1160.000000   128.135000    1320.000000   143.045000    1.32147E-02  1.40086E-04  23.950800  10.889400
3  300.000000    109.080000    1200.000000   123.583000    1360.000000   150.159000    1.29031E-02  1.36783E-04  23.781100  10.889400
3  300.000000    109.080000    1240.000000   121.871000    1400.000000   160.896000    1.19371E-02  1.26543E-04  24.393000  10.889400
3  300.000000    109.080000    1280.000000   129.599000    1440.000000   178.173000    1.11216E-02  1.20491E-04  21.625100  11.682300
3  300.000000    109.080000    1320.000000   143.045000    1480.000000   197.065000    8.77900E-03  1.00331E-04  19.592500  12.628500
3  300.000000    109.080000    1360.000000   150.159000    1520.000000   178.674000    7.76612E-03  8.87551E-05  19.151500  12.628500
3  300.000000    109.080000    1400.000000   160.896000    1560.000000   156.964000    6.37902E-03  8.54706E-05  19.035500  13.056400
3  300.000000    109.080000    1440.000000   178.173000    1600.000000   137.193000    6.14590E-03  8.23471E-05  16.975300  13.056400
3  300.000000    109.080000    1480.000000   197.065000    1640.000000   122.640000    8.18075E-03  9.34937E-05  17.009800  12.628500
3  300.000000    109.080000    1520.000000   178.674000    1680.000000   100.508000    1.02536E-02  1.11088E-04  16.880400  11.682200
3  300.000000    109.080000    1560.000000   156.964000    1720.000000   92.752000     1.21328E-02  1.28617E-04  17.065500  10.889400
3  300.000000    109.080000    2120.000000   51.358000     2280.000000   42.192000     1.86591E-03  2.91946E-05  26.358400  17.471400
3  300.000000    109.080000    2160.000000   53.175000     2320.000000   45.283000     2.20555E-03  3.45087E-05  24.036300  17.471400
3  300.000000    109.080000    2200.000000   49.089000     2360.000000   52.469000     2.32257E-03  3.63396E-05  23.527500  17.471400
3  300.000000    109.080000    2240.000000   45.045000     2400.000000   59.965000     2.31014E-03  3.61451E-05  23.347000  17.471400
3  300.000000    109.080000    1600.000000   137.193000    1920.000000   57.532000     2.31703E-02  2.39912E-04  15.711300  9.032780
3  300.000000    109.080000    1640.000000   122.640000    1960.000000   54.922000     2.17303E-02  2.25002E-04  16.274400  9.032770
3  300.000000    109.080000    1680.000000   100.508000    2000.000000   51.429000     1.91219E-02  1.98434E-04  16.376800  9.124900
3  300.000000    109.080000    1720.000000   92.752000     2040.000000   51.134000     1.63426E-02  1.70594E-04  15.885100  9.731500
3  300.000000    109.080000    1760.000000   89.581000     2080.000000   47.855000     1.46977E-02  1.54336E-04  16.499400  10.259000
3  300.000000    109.080000    1800.000000   73.849000     2120.000000   51.358000     1.17101E-02  1.24136E-04  17.885300  10.889400
3  300.000000    109.080000    1840.000000   69.746000     2160.000000   53.175000     8.87491E-03  1.01427E-04  19.970000  12.628500
3  300.000000    109.080000    1880.000000   67.320000     2200.000000   49.089000     6.74790E-03  9.04131E-05  22.607800  13.056400
3  300.000000    109.080000    1920.000000   57.532000     2240.000000   45.045000     5.41971E-03  7.51589E-05  25.563700  14.192400
3  300.000000    109.080000    1960.000000   54.922000     2280.000000   42.192000     4.39937E-03  6.10091E-05  25.527800  14.192400
3  300.000000    109.080000    2000.000000   51.429000     2320.000000   45.283000     4.45339E-03  6.17583E-05  25.570500  14.192400
3  300.000000    109.080000    2040.000000   51.134000     2360.000000   52.469000     4.23367E-03  5.87113E-05  26.347700  14.192400
3  300.000000    109.080000    2080.000000   47.855000     2400.000000   59.965000     4.03691E-03  5.80944E-05  25.834300  15.033000
3  380.000000    115.310000    0.000000      94.302000     40.000000     87.181000     2.07540E-02  2.15375E-04  8.853640  9.124710
3  380.000000    115.310000    40.000000     87.181000     80.000000     87.439000     1.82090E-02  1.90076E-04  8.531070  9.731280
3  380.000000    115.310000    80.000000     87.439000     120.000000    88.121000     1.90690E-02  1.97885E-04  8.361650  9.124710
3  380.000000    115.310000    120.000000    88.121000     160.000000    96.899000     2.70310E-02  2.79279E-04  9.099070  7.998640
3  380.000000    115.310000    160.000000    96.899000     200.000000    103.483000    2.87120E-02  2.97445E-04  8.199680  7.586620
3  380.000000    115.310000    200.000000    103.483000    240.000000    107.360000    3.05200E-02  3.16175E-04  7.405820  7.586620
3  380.000000    115.310000    240.000000    107.360000    280.000000    105.248000    8.13675E-02  8.19167E-04  8.602990  2.881590
3  380.000000    115.310000    280.000000    105.248000    320.000000    113.072000    9.71517E-02  9.76511E-04  8.210870  2.690830
3  380.000000    115.310000    440.000000    111.533000    480.000000    120.110000    1.33780E-01  1.34351E-03  8.193870  2.188270
3  380.000000    115.310000    480.000000    120.110000    520.000000    115.268000    3.43824E-02  3.85468E-04  10.776400  7.451480
3  380.000000    115.310000    520.000000    115.268000    560.000000    123.811000    4.31662E-02  4.40256E-04  7.081440  4.781240
3  380.000000    115.310000    560.000000    123.811000    600.000000    124.839000    2.15492E-02  2.23254E-04  7.589430  9.033890
3  380.000000    115.310000    600.000000    124.839000    640.000000    115.456000    1.47763E-02  1.55250E-04  9.744830  10.259400
3  380.000000    115.310000    640.000000    115.456000    680.000000    99.357000     1.71664E-02  1.79449E-04  10.156200  9.733300
3  380.000000    115.310000    680.000000    99.357000     720.000000    100.587000    1.30896E-02  1.38950E-04  10.500500  10.891400
3  380.000000    115.310000    2360.000000   52.469000     2400.000000   59.965000     4.45065E-04  9.62831E-06  16.605500  24.000700
3  380.000000    115.310000    720.000000    100.587000    800.000000    109.655000    2.70092E-02  2.79902E-04  12.873000  8.005320
3  380.000000    115.310000    760.000000    98.622000     840.000000    115.365000    2.36064E-02  2.45313E-04  11.411000  9.040740
3  380.000000    115.310000    800.000000    109.655000    880.000000    118.144000    1.93150E-02  2.01197E-04  10.156300  9.133950
3  380.000000    115.310000    840.000000    115.365000    920.000000    132.008000    1.55688E-02  1.64083E-04  9.718400  10.266100
3  380.000000    115.310000    880.000000    118.144000    960.000000    128.518000    1.22635E-02  1.30493E-04  16.977800  10.899900
3  380.000000    115.310000    920.000000    132.008000    1000.000000   116.905000    1.17560E-02  1.25268E-04  16.562500  10.903900
3  380.000000    115.310000    960.000000    128.518000    1040.000000   108.286000    9.87325E-03  1.07514E-04  11.115600  11.692800
3  380.000000    115.310000    1000.000000   116.905000    1080.000000   117.343000    9.27215E-03  1.01085E-04  16.485800  11.696600
3  380.000000    115.310000    2280.000000   42.192000     2360.000000   52.469000     1.37092E-03  2.96601E-05  19.513600  24.000800
3  380.000000    115.310000    2320.000000   45.283000     2400.000000   59.965000     9.33678E-04  2.01987E-05  16.714200  24.000800
3  380.000000    115.310000    1040.000000   108.286000    1200.000000   123.583000    1.51400E-02  1.59856E-04  15.996600  10.271100
3  380.000000    115.310000    1080.000000   117.343000    1240.000000   121.871000    1.39176E-02  1.46924E-04  15.735200  10.270000
3  380.000000    115.310000    1120.000000   134.172000    1280.000000   129.599000    1.43279E-02  1.51457E-04  17.927400  10.272200
3  380.000000    115.310000    1160.000000   128.135000    1320.000000   143.045000    1.57292E-02  1.65432E-04  19.028700  9.745640
3  380.000000    115.310000    1200.000000   123.583000    1360.000000   150.159000    1.52879E-02  1.61671E-04  18.860000  10.271000
3  380.000000    115.310000    1240.000000   121.871000    1400.000000   160.896000    1.40671E-02  1.48558E-04  19.848400  10.268000
3  380.000000    115.310000    1280.000000   129.599000    1440.000000   178.173000    1.30433E-02  1.38940E-04  17.452900  10.896900
3  380.000000    115.310000    1320.000000   143.045000    1480.000000   197.065000    1.02557E-02  1.11489E-04  15.835400  11.686600
3  380.000000    115.310000    1360.000000   150.159000    1520.000000   178.674000    9.03776E-03  1.03530E-04  15.697300  12.631600
3  380.000000    115.310000    1400.000000   160.896000    1560.000000   156.964000    7.38253E-03  9.89983E-05  15.788400  13.057700
3  380.000000    115.310000    1440.000000   178.173000    1600.000000   137.193000    7.06943E-03  9.47883E-05  14.727700  13.057300
3  380.000000    115.310000    1480.000000   197.065000    1640.000000   122.640000    9.37258E-03  1.01760E-04  15.201900  11.683900
3  380.000000    115.310000    1520.000000   178.674000    1680.000000   100.508000    1.17185E-02  1.24599E-04  15.572000  10.891600
3  380.000000    115.310000    1560.000000   156.964000    1720.000000   92.752000     1.38371E-02  1.45800E-04  16.329100  10.260700
3  380.000000    115.310000    1600.000000   137.193000    1760.000000   89.581000     1.38517E-02  1.45960E-04  16.848800  10.260000
3  380.000000    115.310000    1640.000000   122.640000    1800.000000   73.849000     1.42623E-02  1.50265E-04  16.808600  10.259100
3  380.000000    115.310000    2120.000000   51.358000     2280.000000   42.192000     2.08511E-03  3.26411E-05  25.744100  17.472000
3  380.000000    115.310000    2160.000000   53.175000     2320.000000   45.283000     2.46508E-03  3.85889E-05  22.293600  17.472400
3  380.000000    115.310000    2200.000000   49.089000     2360.000000   52.469000     2.59725E-03  4.06475E-05  20.798700  17.471700
3  380.000000    115.310000    2240.000000   45.045000     2400.000000   59.965000     2.58399E-03  4.04353E-05  19.791100  17.471500
3  380.000000    115.310000    1680.000000   100.508000    2000.000000   51.429000     2.16332E-02  2.25048E-04  17.781000  9.040050
3  380.000000    115.310000    1720.000000   92.752000     2040.000000   51.134000     1.84622E-02  1.93020E-04  17.841800  9.148180
3  380.000000    115.310000    1760.000000   89.581000     2080.000000   47.855000     1.65850E-02  1.74254E-04  18.662200  9.749090
3  380.000000    115.310000    1800.000000   73.849000     2120.000000   51.358000     1.31965E-02  1.38649E-04  20.143700  10.261600
3  380.000000    115.310000    1840.000000   69.746000     2160.000000   53.175000     9.98984E-03  1.08504E-04  22.666500  11.692200
3  380.000000    115.310000    1880.000000   67.320000     2200.000000   49.089000     7.58819E-03  8.68795E-05  25.696400  12.631000
3  380.000000    115.310000    1920.000000   57.532000     2240.000000   45.045000     6.08768E-03  8.15816E-05  28.711000  13.057400
3  380.000000    115.310000    1960.000000   54.922000     2280.000000   42.192000     4.92752E-03  6.83437E-05  27.147400  14.192900
3  380.000000    115.310000    2000.000000   51.429000     2320.000000   45.283000     4.98257E-03  6.91242E-05  26.179000  14.195600
3  380.000000    115.310000    2040.000000   51.134000     2360.000000   52.469000     4.73298E-03  6.57212E-05  25.302800  14.195300
3  380.000000    115.310000    2080.000000   47.855000     2400.000000   59.965000     4.51349E-03  6.26323E-05  23.725000  14.192900
3  466.000000    108.119000    0.000000      94.302000     40.000000     87.181000     1.64109E-02  1.71312E-04  12.843200  9.731110
3  466.000000    108.119000    120.000000    88.121000     160.000000    96.899000     1.81700E-02  1.89669E-04  11.278000  9.731110
3  466.000000    108.119000    160.000000    96.899000     200.000000    103.483000    1.77790E-02  1.85588E-04  9.864810  9.731110
3  466.000000    108.119000    200.000000    103.483000    240.000000    107.360000    1.73961E-02  1.81591E-04  9.169250  9.731110
3  466.000000    108.119000    240.000000    107.360000    280.000000    105.248000    4.18694E-02  4.26653E-04  10.858300  4.776890
3  466.000000    108.119000    280.000000    105.248000    320.000000    113.072000    4.16026E-02  4.23935E-04  10.792800  4.776900
3  466.000000    108.119000    320.000000    113.072000    360.000000    115.089000    5.64624E-02  5.70202E-04  12.260500  3.513690
3  466.000000    108.119000    360.000000    115.089000    400.000000    115.247000    9.76896E-02  9.81390E-04  8.009820  2.435930
3  466.000000    108.119000    560.000000    123.811000    600.000000    124.839000    5.27625E-02  5.32870E-04  7.202550  3.515680
3  466.000000    108.119000    600.000000    124.839000    640.000000    115.456000    3.09546E-02  3.20690E-04  11.629100  7.587270
3  466.000000    108.119000    640.000000    115.456000    680.000000    99.357000     3.19055E-02  3.30554E-04  11.613600  7.587750
3  466.000000    108.119000    680.000000    99.357000     720.000000    100.587000    2.25111E-02  2.33102E-04  12.740600  9.033490
3  466.000000    108.119000    720.000000    100.587000    760.000000    98.622000     2.29319E-02  2.37469E-04  15.382100  9.033800
3  466.000000    108.119000    760.000000    98.622000     800.000000    109.655000    1.98827E-02  2.06357E-04  16.253700  9.125990
3  466.000000    108.119000    2360.000000   52.469000     2400.000000   59.965000     5.05609E-04  1.09380E-05  31.089900  24.000700
3  466.000000    108.119000    0.000000      94.302000     80.000000     87.439000     3.01950E-02  3.12808E-04  12.353100  7.586620
3  466.000000    108.119000    40.000000     87.181000     120.000000    88.121000     2.74430E-02  2.83536E-04  11.175600  7.998640
3  466.000000    108.119000    800.000000    109.655000    880.000000    118.144000    2.84022E-02  2.94270E-04  14.397400  7.588010
3  466.000000    108.119000    840.000000    115.365000    920.000000    132.008000    2.22834E-02  2.30756E-04  14.621900  9.034060
3  466.000000    108.119000    880.000000    118.144000    960.000000    128.518000    1.71369E-02  1.78897E-04  21.887500  9.731380
3  466.000000    108.119000    920.000000    132.008000    1000.000000   116.905000    1.62307E-02  1.69444E-04  21.978800  9.731700
3  466.000000    108.119000    960.000000    128.518000    1040.000000   108.286000    1.35310E-02  1.42101E-04  16.803100  10.259200
3  466.000000    108.119000    1000.000000   116.905000    1080.000000   117.343000    1.23835E-02  1.31285E-04  23.274700  10.889800
3  466.000000    108.119000    1040.000000   108.286000    1120.000000   134.172000    1.22998E-02  1.30405E-04  23.322300  10.889700
3  466.000000    108.119000    1080.000000   117.343000    1160.000000   128.135000    7.94900E-03  9.08491E-05  24.555000  12.628600
3  466.000000    108.119000    2280.000000   42.192000     2360.000000   52.469000     1.56108E-03  2.44251E-05  33.662800  17.471400
3  466.000000    108.119000    2320.000000   45.283000     2400.000000   59.965000     1.06139E-03  2.29615E-05  31.402200  24.000700
3  466.000000    108.119000    1120.000000   134.172000    1280.000000   129.599000    1.81479E-02  1.88344E-04  27.703500  9.124730
3  466.000000    108.119000    1160.000000   128.135000    1320.000000   143.045000    1.97632E-02  2.05130E-04  29.242600  9.124810
3  466.000000    108.119000    1200.000000   123.583000    1360.000000   150.159000    1.90824E-02  1.98058E-04  29.333000  9.124770
3  466.000000    108.119000    1240.000000   121.871000    1400.000000   160.896000    1.74283E-02  1.81950E-04  30.306400  9.731190
3  466.000000    108.119000    1280.000000   129.599000    1440.000000   178.173000    1.60507E-02  1.67579E-04  27.881900  9.731130
3  466.000000    108.119000    1320.000000   143.045000    1480.000000   197.065000    1.25495E-02  1.33046E-04  26.112400  10.889500
3  466.000000    108.119000    1360.000000   150.159000    1520.000000   178.674000    1.09992E-02  1.19176E-04  25.997400  11.682200
3  466.000000    108.119000    1400.000000   160.896000    1560.000000   156.964000    8.91002E-03  1.01833E-04  26.243500  12.628500
3  466.000000    108.119000    1440.000000   178.173000    1600.000000   137.193000    8.45902E-03  9.66781E-05  24.890600  12.628500
3  466.000000    108.119000    1480.000000   197.065000    1640.000000   122.640000    1.11536E-02  1.20848E-04  25.181600  11.682300
3  466.000000    108.119000    1520.000000   178.674000    1680.000000   100.508000    1.38967E-02  1.45956E-04  25.161200  10.258700
3  466.000000    108.119000    1560.000000   156.964000    1720.000000   92.752000     1.63625E-02  1.70834E-04  25.306100  9.731370
3  466.000000    108.119000    1600.000000   137.193000    1760.000000   89.581000     1.63424E-02  1.70633E-04  25.591200  9.731440
3  466.000000    108.119000    1640.000000   122.640000    1800.000000   73.849000     1.67771E-02  1.75173E-04  24.953700  9.731660
3  466.000000    108.119000    1680.000000   100.508000    1840.000000   69.746000     1.66034E-02  1.73359E-04  24.330700  9.731700
3  466.000000    108.119000    1720.000000   92.752000     1880.000000   67.320000     1.52095E-02  1.59755E-04  23.122700  10.259100
3  466.000000    108.119000    2120.000000   51.358000     2280.000000   42.192000     2.37122E-03  3.71018E-05  36.821500  17.471700
3  466.000000    108.119000    2160.000000   53.175000     2320.000000   45.283000     2.80535E-03  4.03715E-05  34.816700  15.033100
3  466.000000    108.119000    2200.000000   49.089000     2360.000000   52.469000     2.95646E-03  4.25464E-05  34.417100  15.033000
3  466.000000    108.119000    2240.000000   45.045000     2400.000000   59.965000     2.94116E-03  4.23262E-05  34.060100  15.033000
3  466.000000    108.119000    1760.000000   89.581000     2080.000000   47.855000     1.93200E-02  2.00634E-04  25.231300  9.125620
3  466.000000    108.119000    1800.000000   73.849000     2120.000000   51.358000     1.53319E-02  1.61031E-04  26.740600  10.258700
3  466.000000    108.119000    1840.000000   69.746000     2160.000000   53.175000     1.15766E-02  1.22721E-04  28.910900  10.889500
3  466.000000    108.119000    1880.000000   67.320000     2200.000000   49.089000     8.77050E-03  1.00235E-04  31.569800  12.628700
3  466.000000    108.119000    1920.000000   57.532000     2240.000000   45.045000     7.01362E-03  9.39755E-05  34.696400  13.056500
3  466.000000    108.119000    1960.000000   54.922000     2280.000000   42.192000     5.64663E-03  7.83114E-05  35.387500  14.192500
3  466.000000    108.119000    2000.000000   51.429000     2320.000000   45.283000     5.69139E-03  7.89276E-05  35.894000  14.192400
3  466.000000    108.119000    2040.000000   51.134000     2360.000000   52.469000     5.39495E-03  7.48161E-05  36.716700  14.192400
3  466.000000    108.119000    2080.000000   47.855000     2400.000000   59.965000     5.13706E-03  7.12402E-05  36.306200  14.192500
3  540.000000    118.615000    0.000000      94.302000     40.000000     87.181000     1.39598E-02  1.46590E-04  8.580560  10.259000
3  540.000000    118.615000    200.000000    103.483000    240.000000    107.360000    1.18717E-02  1.25859E-04  10.051100  10.889600
3  540.000000    118.615000    240.000000    107.360000    280.000000    105.248000    2.72765E-02  2.82023E-04  12.808300  8.009840
3  540.000000    118.615000    280.000000    105.248000    320.000000    113.072000    2.54590E-02  2.84224E-04  15.406700  8.229720
3  540.000000    118.615000    320.000000    113.072000    360.000000    115.089000    2.91740E-02  3.02272E-04  14.409000  7.588620
3  540.000000    118.615000    360.000000    115.089000    400.000000    115.247000    3.85022E-02  3.92422E-04  11.511600  4.781800
3  540.000000    118.615000    400.000000    115.247000    440.000000    111.533000    7.21841E-02  7.26959E-04  12.393800  2.891030
3  540.000000    118.615000    440.000000    111.533000    480.000000    120.110000    1.28980E-01  1.29517E-03  10.099500  2.195000
3  540.000000    118.615000    600.000000    124.839000    640.000000    115.456000    8.93182E-02  8.97782E-04  7.130370  2.691990
3  540.000000    118.615000    640.000000    115.456000    680.000000    99.357000     6.58184E-02  6.63811E-04  9.622430  3.300320
3  540.000000    118.615000    680.000000    99.357000     720.000000    100.587000    3.96619E-02  4.04321E-04  11.053300  4.787190
3  540.000000    118.615000    720.000000    100.587000    760.000000    98.622000     3.69738E-02  3.83540E-04  14.305200  6.943790
3  540.000000    118.615000    760.000000    98.622000     800.000000    109.655000    3.01205E-02  3.12057E-04  15.280600  7.586980
3  540.000000    118.615000    800.000000    109.655000    840.000000    115.365000    2.30882E-02  2.39088E-04  13.206400  9.033110
3  540.000000    118.615000    840.000000    115.365000    880.000000    118.144000    1.75093E-02  1.82797E-04  14.734500  9.731610
3  540.000000    118.615000    2360.000000   52.469000     2400.000000   59.965000     5.58991E-04  1.20929E-05  13.045600  24.000700
3  540.000000    118.615000    0.000000      94.302000     80.000000     87.439000     2.53660E-02  2.62079E-04  8.976600  7.999160
3  540.000000    118.615000    40.000000     87.181000     120.000000    88.121000     2.23069E-02  2.30975E-04  9.295070  9.032840
3  540.000000    118.615000    80.000000     87.439000     160.000000    96.899000     2.47962E-02  2.56194E-04  10.063100  7.998870
3  540.000000    118.615000    120.000000    88.121000     200.000000    103.483000    2.67661E-02  2.76571E-04  10.430100  7.999050
3  540.000000    118.615000    880.000000    118.144000    960.000000    128.518000    2.29711E-02  2.37873E-04  21.306900  9.032820
3  540.000000    118.615000    920.000000    132.008000    1000.000000   116.905000    2.15122E-02  2.22778E-04  21.396600  9.032910
3  540.000000    118.615000    960.000000    128.518000    1040.000000   108.286000    1.78399E-02  1.86256E-04  15.274500  9.731840
3  540.000000    118.615000    1000.000000   116.905000    1080.000000   117.343000    1.59830E-02  1.66879E-04  21.858100  9.731790
3  540.000000    118.615000    1040.000000   108.286000    1120.000000   134.172000    1.56828E-02  1.63752E-04  21.963900  9.731960
3  540.000000    118.615000    1080.000000   117.343000    1160.000000   128.135000    9.96818E-03  1.08008E-04  23.014300  11.682600
3  540.000000    118.615000    1120.000000   134.172000    1200.000000   123.583000    9.20499E-03  1.05215E-04  23.742600  12.628900
3  540.000000    118.615000    1160.000000   128.135000    1240.000000   121.871000    1.20917E-02  1.28237E-04  23.680800  10.891000
3  540.000000    118.615000    2280.000000   42.192000     2360.000000   52.469000     1.72703E-03  2.70218E-05  17.210000  17.471400
3  540.000000    118.615000    2320.000000   45.283000     2400.000000   59.965000     1.17351E-03  2.53870E-05  13.495400  24.000700
3  540.000000    118.615000    1200.000000   123.583000    1360.000000   150.159000    2.30255E-02  2.38542E-04  27.359800  9.034910
3  540.000000    118.615000    1240.000000   121.871000    1400.000000   160.896000    2.08727E-02  2.16713E-04  28.077400  9.126480
3  540.000000    118.615000    1280.000000   129.599000    1440.000000   178.173000    1.91017E-02  1.98314E-04  25.447000  9.126120
3  540.000000    118.615000    1320.000000   143.045000    1480.000000   197.065000    1.48563E-02  1.56059E-04  23.392100  10.259300
3  540.000000    118.615000    1360.000000   150.159000    1520.000000   178.674000    1.29607E-02  1.37437E-04  23.152500  10.890000
3  540.000000    118.615000    1400.000000   160.896000    1560.000000   156.964000    1.04226E-02  1.12928E-04  23.114500  11.682500
3  540.000000    118.615000    1440.000000   178.173000    1600.000000   137.193000    9.81753E-03  1.06372E-04  21.384200  11.682400
3  540.000000    118.615000    1480.000000   197.065000    1640.000000   122.640000    1.28799E-02  1.36577E-04  21.405000  10.889800
3  540.000000    118.615000    1520.000000   178.674000    1680.000000   100.508000    1.59938E-02  1.67025E-04  21.101700  9.731760
3  540.000000    118.615000    1560.000000   156.964000    1720.000000   92.752000     1.87800E-02  1.94978E-04  20.828100  9.125430
3  540.000000    118.615000    1600.000000   137.193000    1760.000000   89.581000     1.87152E-02  1.94294E-04  20.859700  9.125340
3  540.000000    118.615000    1640.000000   122.640000    1800.000000   73.849000     1.91581E-02  1.98892E-04  19.767400  9.125090
3  540.000000    118.615000    1680.000000   100.508000    1840.000000   69.746000     1.89016E-02  1.96229E-04  18.688800  9.124900
3  540.000000    118.615000    1720.000000   92.752000     1880.000000   67.320000     1.72683E-02  1.80312E-04  17.250000  9.731250
3  540.000000    118.615000    1760.000000   89.581000     1920.000000   57.532000     1.64381E-02  1.71650E-04  16.612800  9.731290
3  540.000000    118.615000    1800.000000   73.849000     1960.000000   54.922000     1.36327E-02  1.43438E-04  18.208600  10.258700
3  540.000000    118.615000    2120.000000   51.358000     2280.000000   42.192000     2.62712E-03  4.11063E-05  19.794800  17.471600
3  540.000000    118.615000    2160.000000   53.175000     2320.000000   45.283000     3.10706E-03  4.47131E-05  18.214500  15.033100
3  540.000000    118.615000    2200.000000   49.089000     2360.000000   52.469000     3.27338E-03  4.71079E-05  17.894600  15.033000
3  540.000000    118.615000    2240.000000   45.045000     2400.000000   59.965000     3.25566E-03  4.68535E-05  17.376900  15.033100
3  540.000000    118.615000    1840.000000   69.746000     2160.000000   53.175000     1.30328E-02  1.38165E-04  20.523100  10.889700
3  540.000000    118.615000    1880.000000   67.320000     2200.000000   49.089000     9.84948E-03  1.06710E-04  21.942600  11.682500
3  540.000000    118.615000    1920.000000   57.532000     2240.000000   45.045000     7.85312E-03  8.97525E-05  23.618600  12.629100
3  540.000000    118.615000    1960.000000   54.922000     2280.000000   42.192000     6.29669E-03  8.43958E-05  21.862000  13.056700
3  540.000000    118.615000    2000.000000   51.429000     2320.000000   45.283000     6.32653E-03  8.47723E-05  21.188100  13.056700
3  540.000000    118.615000    2040.000000   51.134000     2360.000000   52.469000     5.98425E-03  8.01812E-05  20.842900  13.056400
3  540.000000    118.615000    2080.000000   47.855000     2400.000000   59.965000     5.69005E-03  7.89090E-05  19.713200  14.192500
3  620.000000    121.037000    0.000000      94.302000     40.000000     87.181000     1.23755E-02  1.31630E-04  18.037700  10.958800
3  620.000000    121.037000    280.000000    105.248000    320.000000    113.072000    1.85889E-02  1.92903E-04  15.362600  9.124710
3  620.000000    121.037000    320.000000    113.072000    360.000000    115.089000    2.01079E-02  2.08666E-04  16.727100  9.124710
3  620.000000    121.037000    360.000000    115.089000    400.000000    115.247000    2.40159E-02  2.48668E-04  14.963300  9.032700
3  620.000000    121.037000    400.000000    115.247000    440.000000    111.533000    3.90169E-02  3.97586E-04  15.883400  4.776880
3  620.000000    121.037000    440.000000    111.533000    480.000000    120.110000    5.68119E-02  5.73732E-04  15.064700  3.513680
3  620.000000    121.037000    480.000000    120.110000    520.000000    115.268000    4.36453E-02  4.42568E-04  15.620500  4.191710
3  620.000000    121.037000    520.000000    115.268000    560.000000    123.811000    1.23985E-01  1.24465E-03  9.970410  2.188410
3  620.000000    121.037000    680.000000    99.357000     720.000000    100.587000    1.00027E-01  1.00510E-03  9.520430  2.437160
3  620.000000    121.037000    720.000000    100.587000    760.000000    98.622000     7.31698E-02  7.36944E-04  12.636000  2.882670
3  620.000000    121.037000    760.000000    98.622000     800.000000    109.655000    5.24367E-02  5.29873E-04  15.169100  3.514830
3  620.000000    121.037000    800.000000    109.655000    840.000000    115.365000    3.63345E-02  3.77130E-04  12.269200  6.944350
3  620.000000    121.037000    840.000000    115.365000    880.000000    118.144000    2.64328E-02  2.73276E-04  14.407800  7.999450
3  620.000000    121.037000    880.000000    118.144000    920.000000    132.008000    1.87810E-02  1.95009E-04  11.304800  9.126340
3  620.000000    121.037000    920.000000    132.008000    960.000000    128.518000    1.31568E-02  1.38215E-04  34.384800  10.260700
3  620.000000    121.037000    2360.000000   52.469000     2400.000000   59.965000     6.17442E-04  1.33574E-05  14.825200  24.000700
3  620.000000    121.037000    0.000000      94.302000     80.000000     87.439000     2.23032E-02  2.30981E-04  17.886000  9.036400
3  620.000000    121.037000    40.000000     87.181000     120.000000    88.121000     1.91871E-02  1.99116E-04  16.724400  9.124720
3  620.000000    121.037000    80.000000     87.439000     160.000000    96.899000     2.07949E-02  2.15795E-04  15.813300  9.124730
3  620.000000    121.037000    120.000000    88.121000     200.000000    103.483000    2.19113E-02  2.26876E-04  14.934700  9.032730
3  620.000000    121.037000    160.000000    96.899000     240.000000    107.360000    1.96074E-02  2.03472E-04  13.542600  9.124740
3  620.000000    121.037000    200.000000    103.483000    280.000000    105.248000    2.97508E-02  3.08206E-04  14.461900  7.586630
3  620.000000    121.037000    960.000000    128.518000    1040.000000   108.286000    2.42341E-02  2.51090E-04  14.161200  9.033370
3  620.000000    121.037000    1000.000000   116.905000    1080.000000   117.343000    2.12560E-02  2.20219E-04  20.634200  9.033080
3  620.000000    121.037000    1040.000000   108.286000    1120.000000   134.172000    2.06030E-02  2.13933E-04  20.614400  9.125040
3  620.000000    121.037000    1080.000000   117.343000    1160.000000   128.135000    1.27862E-02  1.35573E-04  21.613000  10.889500
3  620.000000    121.037000    1120.000000   134.172000    1200.000000   123.583000    1.16179E-02  1.23194E-04  22.288200  10.889500
3  620.000000    121.037000    1160.000000   128.135000    1240.000000   121.871000    1.50675E-02  1.58278E-04  22.256300  10.258700
3  620.000000    121.037000    1200.000000   123.583000    1280.000000   129.599000    1.60310E-02  1.67410E-04  26.108100  9.731110
3  620.000000    121.037000    1240.000000   121.871000    1320.000000   143.045000    1.45158E-02  1.52465E-04  29.966200  10.258600
3  620.000000    121.037000    2280.000000   42.192000     2360.000000   52.469000     1.90866E-03  2.98646E-05  16.742600  17.471800
3  620.000000    121.037000    2320.000000   45.283000     2400.000000   59.965000     1.29685E-03  2.80554E-05  14.748900  24.000800
3  620.000000    121.037000    1280.000000   129.599000    1440.000000   178.173000    2.29362E-02  2.37534E-04  23.870700  9.032910
3  620.000000    121.037000    1320.000000   143.045000    1480.000000   197.065000    1.77330E-02  1.85133E-04  21.566500  9.731250
3  620.000000    121.037000    1360.000000   150.159000    1520.000000   178.674000    1.54064E-02  1.61798E-04  20.981500  10.258800
3  620.000000    121.037000    1400.000000   160.896000    1560.000000   156.964000    1.23117E-02  1.30529E-04  20.364600  10.889700
3  620.000000    121.037000    1440.000000   178.173000    1600.000000   137.193000    1.15066E-02  1.21991E-04  18.155300  10.889800
3  620.000000    121.037000    1480.000000   197.065000    1640.000000   122.640000    1.50207E-02  1.57785E-04  17.795100  10.259800
3  620.000000    121.037000    1520.000000   178.674000    1680.000000   100.508000    1.85792E-02  1.92949E-04  17.328500  9.127550
3  620.000000    121.037000    1560.000000   156.964000    1720.000000   92.752000     2.17408E-02  2.25428E-04  16.993100  9.036530
3  620.000000    121.037000    1600.000000   137.193000    1760.000000   89.581000     2.16085E-02  2.24117E-04  17.015700  9.035850
3  620.000000    121.037000    1640.000000   122.640000    1800.000000   73.849000     2.20320E-02  2.30382E-04  14.240700  9.239020
3  620.000000    121.037000    1680.000000   100.508000    1840.000000   69.746000     2.16624E-02  2.30239E-04  12.538300  9.353050
3  620.000000    121.037000    1720.000000   92.752000     1880.000000   67.320000     1.97357E-02  2.13051E-04  10.428300  9.601180
3  620.000000    121.037000    1760.000000   89.581000     1920.000000   57.532000     1.87518E-02  2.05638E-04  9.248240  9.756950
3  620.000000    121.037000    1800.000000   73.849000     1960.000000   54.922000     1.55155E-02  1.63087E-04  12.178700  10.259900
3  620.000000    121.037000    1840.000000   69.746000     2000.000000   51.429000     1.11462E-02  1.20784E-04  13.518900  11.683600
3  620.000000    121.037000    1880.000000   67.320000     2040.000000   51.134000     8.08996E-03  9.24804E-05  15.330000  12.629400
3  620.000000    121.037000    2120.000000   51.358000     2280.000000   42.192000     2.90248E-03  4.47658E-05  13.857300  15.035700
3  620.000000    121.037000    2160.000000   53.175000     2320.000000   45.283000     3.43548E-03  4.94664E-05  14.738300  15.400500
3  620.000000    121.037000    2200.000000   49.089000     2360.000000   52.469000     3.61902E-03  5.21059E-05  14.000100  15.380400
3  620.000000    121.037000    2240.000000   45.045000     2400.000000   59.965000     3.59854E-03  5.17873E-05  14.710900  15.194300
3  620.000000    121.037000    1920.000000   57.532000     2240.000000   45.045000     8.80890E-03  1.00993E-04  18.494800  12.638400
3  620.000000    121.037000    1960.000000   54.922000     2280.000000   42.192000     7.02124E-03  9.44427E-05  16.359600  13.062800
3  620.000000    121.037000    2000.000000   51.429000     2320.000000   45.283000     7.02604E-03  9.75643E-05  16.387200  13.103200
3  620.000000    121.037000    2040.000000   51.134000     2360.000000   52.469000     6.62504E-03  9.62102E-05  16.693900  13.221900
3  620.000000    121.037000    2080.000000   47.855000     2400.000000   59.965000     6.28681E-03  9.58229E-05  15.931800  13.386600
3  700.000000    96.325000     0.000000      94.302000     40.000000     87.181000     1.10741E-02  1.21074E-04  21.083800  11.760300
3  700.000000    96.325000     360.000000    115.089000    400.000000    115.247000    1.76401E-02  1.84138E-04  16.839000  9.731110
3  700.000000    96.325000     400.000000    115.247000    440.000000    111.533000    2.72904E-02  2.81959E-04  17.853000  7.998650
3  700.000000    96.325000     440.000000    111.533000    480.000000    120.110000    3.74660E-02  3.81782E-04  17.615700  4.776880
3  700.000000    96.325000     480.000000    120.110000    520.000000    115.268000    2.49740E-02  2.58026E-04  17.640700  7.998640
3  700.000000    96.325000     520.000000    115.268000    560.000000    123.811000    5.81673E-02  5.87420E-04  14.689600  3.513680
3  700.000000    96.325000     560.000000    123.811000    600.000000    124.839000    6.75640E-02  6.81410E-04  16.394200  3.299670
3  700.000000    96.325000     600.000000    124.839000    640.000000    115.456000    9.26220E-02  9.30981E-04  11.343200  2.690840
3  700.000000    96.325000     760.000000    98.622000     800.000000    109.655000    1.29972E-01  1.30484E-03  12.611800  2.189210
3  700.000000    96.325000     800.000000    109.655000    840.000000    115.365000    7.28999E-02  7.33971E-04  10.741100  2.881930
3  700.000000    96.325000     840.000000    115.365000    880.000000    118.144000    4.68226E-02  4.74823E-04  14.420600  4.192120
3  700.000000    96.325000     880.000000    118.144000    920.000000    132.008000    2.91776E-02  3.02283E-04  10.575200  7.586780
3  700.000000    96.325000     920.000000    132.008000    960.000000    128.518000    1.81702E-02  1.88565E-04  28.267400  47.192300
3  700.000000    96.325000     960.000000    128.518000    1000.000000   116.905000    2.39757E-02  2.48285E-04  9.430270  9.032720
3  700.000000    96.325000     1000.000000   116.905000    1040.000000   108.286000    1.14608E-02  1.21498E-04  21.606000  10.889400
3  700.000000    96.325000     2360.000000   52.469000     2400.000000   59.965000     6.87128E-04  1.48649E-05  38.366200  24.000700
3  700.000000    96.325000     0.000000      94.302000     80.000000     87.439000     1.98615E-02  2.06202E-04  20.386400  9.129010
3  700.000000    96.325000     40.000000     87.181000     120.000000    88.121000     1.68616E-02  1.76011E-04  18.386200  9.731140
3  700.000000    96.325000     80.000000     87.439000     160.000000    96.899000     1.79780E-02  1.87665E-04  17.459900  9.731110
3  700.000000    96.325000     120.000000    88.121000     200.000000    103.483000    1.86318E-02  1.93348E-04  16.553400  9.124720
3  700.000000    96.325000     160.000000    96.899000     240.000000    107.360000    1.63249E-02  1.70409E-04  14.916300  9.731110
3  700.000000    96.325000     200.000000    103.483000    280.000000    105.248000    2.41590E-02  2.50150E-04  15.728300  9.032700
3  700.000000    96.325000     240.000000    107.360000    320.000000    113.072000    3.13021E-02  3.24277E-04  16.489500  7.586620
3  700.000000    96.325000     280.000000    105.248000    360.000000    115.089000    3.01801E-02  3.12654E-04  17.413300  7.586620
3  700.000000    96.325000     1040.000000   108.286000    1120.000000   134.172000    2.85472E-02  2.95769E-04  20.816400  7.586890
3  700.000000    96.325000     1080.000000   117.343000    1160.000000   128.135000    1.71897E-02  1.79443E-04  22.111100  9.731210
3  700.000000    96.325000     1120.000000   134.172000    1200.000000   123.583000    1.52865E-02  1.60528E-04  23.265400  10.258700
3  700.000000    96.325000     1160.000000   128.135000    1240.000000   121.871000    1.94891E-02  2.02262E-04  23.903800  9.124820
3  700.000000    96.325000     1200.000000   123.583000    1280.000000   129.599000    2.04252E-02  2.11975E-04  28.068500  9.125010
3  700.000000    96.325000     1240.000000   121.871000    1320.000000   143.045000    1.82310E-02  1.89198E-04  32.533300  9.124750
3  700.000000    96.325000     1280.000000   129.599000    1360.000000   150.159000    1.50249E-02  1.57778E-04  28.840900  10.258600
3  700.000000    96.325000     1320.000000   143.045000    1400.000000   160.896000    1.31892E-02  1.39821E-04  25.980100  10.889400
3  700.000000    96.325000     2280.000000   42.192000     2360.000000   52.469000     2.13004E-03  3.33277E-05  39.840300  17.471400
3  700.000000    96.325000     2320.000000   45.283000     2400.000000   59.965000     1.44518E-03  3.12642E-05  38.354200  24.000700
3  700.000000    96.325000     1360.000000   150.159000    1520.000000   178.674000    1.87681E-02  1.94764E-04  25.721400  9.124740
3  700.000000    96.325000     1400.000000   160.896000    1560.000000   156.964000    1.48856E-02  1.56311E-04  25.895000  10.258600
3  700.000000    96.325000     1440.000000   178.173000    1600.000000   137.193000    1.37779E-02  1.44679E-04  24.687400  10.258600
3  700.000000    96.325000     1480.000000   197.065000    1640.000000   122.640000    1.78764E-02  1.86606E-04  25.092800  9.731140
3  700.000000    96.325000     1520.000000   178.674000    1680.000000   100.508000    2.20058E-02  2.27859E-04  25.126100  9.032720
3  700.000000    96.325000     1560.000000   156.964000    1720.000000   92.752000     2.56437E-02  2.64956E-04  25.593500  7.998660
3  700.000000    96.325000     1600.000000   137.193000    1760.000000   89.581000     2.54009E-02  2.62445E-04  25.760100  7.998650
3  700.000000    96.325000     1640.000000   122.640000    1800.000000   73.849000     2.57987E-02  2.66557E-04  25.196900  7.998650
3  700.000000    96.325000     1680.000000   100.508000    1840.000000   69.746000     2.52661E-02  2.61052E-04  24.645300  7.998640
3  700.000000    96.325000     1720.000000   92.752000     1880.000000   67.320000     2.29456E-02  2.37593E-04  23.286500  9.032740
3  700.000000    96.325000     1760.000000   89.581000     1920.000000   57.532000     2.17637E-02  2.25354E-04  23.186900  9.032770
3  700.000000    96.325000     1800.000000   73.849000     1960.000000   54.922000     1.79490E-02  1.87371E-04  25.302700  9.731270
3  700.000000    96.325000     1840.000000   69.746000     2000.000000   51.429000     1.28657E-02  1.36391E-04  27.083900  10.889400
3  700.000000    96.325000     1880.000000   67.320000     2040.000000   51.134000     9.31396E-03  1.00935E-04  29.369100  11.682300
3  700.000000    96.325000     1920.000000   57.532000     2080.000000   47.855000     7.01994E-03  9.41269E-05  33.893700  13.056900
3  700.000000    96.325000     1960.000000   54.922000     2120.000000   51.358000     4.68237E-03  6.49384E-05  36.539400  14.192400
3  700.000000    96.325000     2120.000000   51.358000     2280.000000   42.192000     3.23447E-03  4.65466E-05  42.616000  15.033000
3  700.000000    96.325000     2160.000000   53.175000     2320.000000   45.283000     3.83310E-03  5.51614E-05  40.424300  15.033100
3  700.000000    96.325000     2200.000000   49.089000     2360.000000   52.469000     4.03872E-03  5.81216E-05  40.148500  15.033000
3  700.000000    96.325000     2240.000000   45.045000     2400.000000   59.965000     4.01381E-03  5.77651E-05  40.187600  15.033000
3  700.000000    96.325000     2000.000000   51.429000     2320.000000   45.283000     7.88346E-03  9.01048E-05  40.439600  12.628700
3  700.000000    96.325000     2040.000000   51.134000     2360.000000   52.469000     7.40418E-03  9.92079E-05  42.260600  13.056400
3  700.000000    96.325000     2080.000000   47.855000     2400.000000   59.965000     7.00717E-03  9.38870E-05  42.540700  13.056400
3  740.000000    95.156000     0.000000      94.302000     40.000000     87.181000     1.03221E-02  1.11839E-04  12.482000  11.683400
3  740.000000    95.156000     400.000000    115.247000    440.000000    111.533000    2.28470E-02  2.36565E-04  17.708400  9.032700
3  740.000000    95.156000     440.000000    111.533000    480.000000    120.110000    3.03965E-02  3.14896E-04  17.865100  7.586630
3  740.000000    95.156000     480.000000    120.110000    520.000000    115.268000    1.93348E-02  2.00643E-04  17.981800  9.124710
3  740.000000    95.156000     520.000000    115.268000    560.000000    123.811000    4.30529E-02  4.38713E-04  15.661500  4.776880
3  740.000000    95.156000     560.000000    123.811000    600.000000    124.839000    4.59118E-02  4.65555E-04  18.369500  4.191700
3  740.000000    95.156000     600.000000    124.839000    640.000000    115.456000    5.66752E-02  5.72352E-04  13.399400  3.513680
3  740.000000    95.156000     640.000000    115.456000    680.000000    99.357000     1.35911E-01  1.36437E-03  12.894800  2.188080
3  740.000000    95.156000     800.000000    109.655000    840.000000    115.365000    1.86186E-01  1.86739E-03  9.318750  1.829290
3  740.000000    95.156000     840.000000    115.365000    880.000000    118.144000    9.05323E-02  9.10121E-04  16.524600  2.692480
3  740.000000    95.156000     880.000000    118.144000    920.000000    132.008000    4.56356E-02  4.62818E-04  11.506100  4.192890
3  740.000000    95.156000     920.000000    132.008000    960.000000    128.518000    2.83871E-02  2.94107E-04  18.319600  7.586980
3  740.000000    95.156000     960.000000    128.518000    1000.000000   116.905000    3.25698E-02  3.37925E-04  9.761710  6.945620
3  740.000000    95.156000     1000.000000   116.905000    1040.000000   108.286000    1.52660E-02  1.60317E-04  21.031500  10.258800
3  740.000000    95.156000     1040.000000   108.286000    1080.000000   117.343000    2.32156E-02  2.40456E-04  19.824800  9.033450
3  740.000000    95.156000     2360.000000   52.469000     2400.000000   59.965000     7.37157E-04  1.59472E-05  25.502100  24.000700
3  740.000000    95.156000     0.000000      94.302000     80.000000     87.439000     1.84519E-02  1.91483E-04  12.762500  9.124770
3  740.000000    95.156000     40.000000     87.181000     120.000000    88.121000     1.55627E-02  1.63429E-04  12.639300  10.258600
3  740.000000    95.156000     80.000000     87.439000     160.000000    96.899000     1.64520E-02  1.71736E-04  12.858700  9.731110
3  740.000000    95.156000     120.000000    88.121000     200.000000    103.483000    1.68836E-02  1.76241E-04  12.866300  9.731130
3  740.000000    95.156000     160.000000    96.899000     240.000000    107.360000    1.46332E-02  1.53659E-04  12.132100  10.258600
3  740.000000    95.156000     200.000000    103.483000    280.000000    105.248000    2.13912E-02  2.21491E-04  13.750800  9.032710
3  740.000000    95.156000     240.000000    107.360000    320.000000    113.072000    2.75116E-02  2.84244E-04  14.880300  7.998650
3  740.000000    95.156000     280.000000    105.248000    360.000000    115.089000    2.61998E-02  2.70691E-04  16.187100  7.998640
3  740.000000    95.156000     320.000000    113.072000    400.000000    115.247000    2.82458E-02  2.92615E-04  16.736700  7.586620
3  740.000000    95.156000     1080.000000   117.343000    1160.000000   128.135000    2.10619E-02  2.18111E-04  23.063600  9.032970
3  740.000000    95.156000     1120.000000   134.172000    1200.000000   123.583000    1.84480E-02  1.91468E-04  24.506800  9.124960
3  740.000000    95.156000     1160.000000   128.135000    1240.000000   121.871000    2.31440E-02  2.39707E-04  25.488500  9.033110
3  740.000000    95.156000     1200.000000   123.583000    1280.000000   129.599000    2.39741E-02  2.48331E-04  29.932900  9.034060
3  740.000000    95.156000     1240.000000   121.871000    1320.000000   143.045000    2.11819E-02  2.19413E-04  34.759500  9.036970
3  740.000000    95.156000     1280.000000   129.599000    1360.000000   150.159000    1.73322E-02  1.80979E-04  31.293400  9.732490
3  740.000000    95.156000     1320.000000   143.045000    1400.000000   160.896000    1.51178E-02  1.58796E-04  28.380700  10.259200
3  740.000000    95.156000     1360.000000   150.159000    1440.000000   178.173000    1.51384E-02  1.59015E-04  28.493700  10.259300
3  740.000000    95.156000     2280.000000   42.192000     2360.000000   52.469000     2.27995E-03  3.56735E-05  27.562400  17.471400
3  740.000000    95.156000     2320.000000   45.283000     2400.000000   59.965000     1.55082E-03  2.42646E-05  25.967900  17.471400
3  740.000000    95.156000     1400.000000   160.896000    1560.000000   156.964000    1.68342E-02  1.75739E-04  28.292700  9.731330
3  740.000000    95.156000     1440.000000   178.173000    1600.000000   137.193000    1.54812E-02  1.62573E-04  27.386600  10.258700
3  740.000000    95.156000     1480.000000   197.065000    1640.000000   122.640000    1.99978E-02  2.07551E-04  27.781500  9.125080
3  740.000000    95.156000     1520.000000   178.674000    1680.000000   100.508000    2.45423E-02  2.53627E-04  27.464900  7.999230
3  740.000000    95.156000     1560.000000   156.964000    1720.000000   92.752000     2.85231E-02  2.95571E-04  27.991100  7.587300
3  740.000000    95.156000     1600.000000   137.193000    1760.000000   89.581000     2.81888E-02  2.92104E-04  27.807900  7.587260
3  740.000000    95.156000     1640.000000   122.640000    1800.000000   73.849000     2.85552E-02  2.95895E-04  27.009200  7.587120
3  740.000000    95.156000     1680.000000   100.508000    1840.000000   69.746000     2.78880E-02  2.88984E-04  26.472000  7.586980
3  740.000000    95.156000     1720.000000   92.752000     1880.000000   67.320000     2.52712E-02  2.61168E-04  24.930300  7.998900
3  740.000000    95.156000     1760.000000   89.581000     1920.000000   57.532000     2.39410E-02  2.47957E-04  24.767000  9.032940
3  740.000000    95.156000     1800.000000   73.849000     1960.000000   54.922000     1.97229E-02  2.04724E-04  26.612000  9.124760
3  740.000000    95.156000     1840.000000   69.746000     2000.000000   51.429000     1.41293E-02  1.48399E-04  28.008400  10.258600
3  740.000000    95.156000     1880.000000   67.320000     2040.000000   51.134000     1.02236E-02  1.10904E-04  29.961300  11.682300
3  740.000000    95.156000     1920.000000   57.532000     2080.000000   47.855000     7.69386E-03  8.81939E-05  33.742900  12.628500
3  740.000000    95.156000     1960.000000   54.922000     2120.000000   51.358000     5.09659E-03  7.07142E-05  33.378700  14.192500
3  740.000000    95.156000     2000.000000   51.429000     2160.000000   53.175000     4.38616E-03  6.08404E-05  34.403200  14.192500
3  740.000000    95.156000     2120.000000   51.358000     2280.000000   42.192000     3.47604E-03  5.00247E-05  31.470400  15.033000
3  740.000000    95.156000     2160.000000   53.175000     2320.000000   45.283000     4.11158E-03  5.91702E-05  29.212000  15.033000
3  740.000000    95.156000     2200.000000   49.089000     2360.000000   52.469000     4.33091E-03  6.00619E-05  28.483800  14.192400
3  740.000000    95.156000     2240.000000   45.045000     2400.000000   59.965000     4.30221E-03  5.96648E-05  27.959200  14.192400
3  740.000000    95.156000     2040.000000   51.134000     2360.000000   52.469000     7.95983E-03  9.09689E-05  31.873400  12.628500
3  740.000000    95.156000     2080.000000   47.855000     2400.000000   59.965000     7.51984E-03  8.59427E-05  30.643800  12.628500
3  780.000000    105.378000    0.000000      94.302000     40.000000     87.181000     9.63734E-03  1.04673E-04  16.810500  11.688700
3  780.000000    105.378000    440.000000    111.533000    480.000000    120.110000    2.55320E-02  2.63792E-04  18.833800  7.998640
3  780.000000    105.378000    480.000000    120.110000    520.000000    115.268000    1.56559E-02  1.63426E-04  18.999300  9.731110
3  780.000000    105.378000    520.000000    115.268000    560.000000    123.811000    3.36891E-02  3.49454E-04  16.843300  6.943470
3  780.000000    105.378000    560.000000    123.811000    600.000000    124.839000    3.39708E-02  3.52376E-04  19.338600  6.943480
3  780.000000    105.378000    600.000000    124.839000    640.000000    115.456000    3.95835E-02  4.03360E-04  15.585100  4.776890
3  780.000000    105.378000    640.000000    115.456000    680.000000    99.357000     8.34276E-02  8.38564E-04  15.346900  2.690840
3  780.000000    105.378000    680.000000    99.357000     720.000000    100.587000    1.59650E-01  1.60166E-03  12.500100  1.977650
3  780.000000    105.378000    840.000000    115.365000    880.000000    118.144000    2.60350E-01  2.60892E-03  11.324200  1.422650
3  780.000000    105.378000    880.000000    118.144000    920.000000    132.008000    8.83715E-02  8.88310E-04  10.242800  2.691400
3  780.000000    105.378000    920.000000    132.008000    960.000000    128.518000    5.03420E-02  5.10503E-04  13.076800  4.192170
3  780.000000    105.378000    960.000000    128.518000    1000.000000   116.905000    4.91654E-02  4.98586E-04  8.308720  4.191760
3  780.000000    105.378000    1000.000000   116.905000    1040.000000   108.286000    2.18163E-02  2.25899E-04  18.322000  9.032740
3  780.000000    105.378000    1040.000000   108.286000    1080.000000   117.343000    3.02528E-02  3.13443E-04  17.296400  7.586830
3  780.000000    105.378000    1080.000000   117.343000    1120.000000   134.172000    1.57243E-02  1.64152E-04  21.451700  9.731210
3  780.000000    105.378000    2360.000000   52.469000     2400.000000   59.965000     7.89873E-04  1.70876E-05  36.454700  24.000700
3  780.000000    105.378000    0.000000      94.302000     80.000000     87.439000     1.71877E-02  1.79416E-04  16.131200  9.731120
3  780.000000    105.378000    40.000000     87.181000     120.000000    88.121000     1.44093E-02  1.51308E-04  14.381500  10.258600
3  780.000000    105.378000    80.000000     87.439000     160.000000    96.899000     1.51110E-02  1.58697E-04  13.728500  10.259300
3  780.000000    105.378000    120.000000    88.121000     200.000000    103.483000    1.53760E-02  1.61483E-04  13.372300  10.259300
3  780.000000    105.378000    160.000000    96.899000     240.000000    107.360000    1.31948E-02  1.39875E-04  12.596800  10.889400
3  780.000000    105.378000    200.000000    103.483000    280.000000    105.248000    1.90799E-02  1.97998E-04  14.232400  9.124730
3  780.000000    105.378000    240.000000    107.360000    320.000000    113.072000    2.43837E-02  2.51928E-04  15.430000  7.998660
3  780.000000    105.378000    280.000000    105.248000    360.000000    115.089000    2.29815E-02  2.37957E-04  16.793000  9.032730
3  780.000000    105.378000    320.000000    113.072000    400.000000    115.247000    2.44418E-02  2.52528E-04  17.461200  7.998650
3  780.000000    105.378000    360.000000    115.089000    440.000000    111.533000    3.21499E-02  3.33488E-04  18.025200  6.943480
3  780.000000    105.378000    1120.000000   134.172000    1200.000000   123.583000    2.28377E-02  2.36482E-04  22.543800  9.032780
3  780.000000    105.378000    1160.000000   128.135000    1240.000000   121.871000    2.80335E-02  2.90449E-04  23.550300  7.586710
3  780.000000    105.378000    1200.000000   123.583000    1280.000000   129.599000    2.85668E-02  2.96003E-04  27.754900  7.586920
3  780.000000    105.378000    1240.000000   121.871000    1320.000000   143.045000    2.48876E-02  2.57183E-04  32.593700  7.998700
3  780.000000    105.378000    1280.000000   129.599000    1360.000000   150.159000    2.01701E-02  2.09358E-04  29.324300  9.124760
3  780.000000    105.378000    1320.000000   143.045000    1400.000000   160.896000    1.74521E-02  1.82210E-04  26.401600  9.731140
3  780.000000    105.378000    1360.000000   150.159000    1440.000000   178.173000    1.74017E-02  1.81693E-04  26.467400  9.731230
3  780.000000    105.378000    1400.000000   160.896000    1480.000000   197.065000    1.10811E-02  1.20071E-04  25.964400  11.682200
3  780.000000    105.378000    2280.000000   42.192000     2360.000000   52.469000     2.44332E-03  3.82294E-05  39.233700  17.471400
3  780.000000    105.378000    2320.000000   45.283000     2400.000000   59.965000     1.66271E-03  2.60153E-05  36.665200  17.471400
3  780.000000    105.378000    1440.000000   178.173000    1600.000000   137.193000    1.75057E-02  1.82746E-04  25.644000  9.731120
3  780.000000    105.378000    1480.000000   197.065000    1640.000000   122.640000    2.25072E-02  2.33082E-04  26.145300  9.032710
3  780.000000    105.378000    1520.000000   178.674000    1680.000000   100.508000    2.75237E-02  2.84416E-04  25.925800  7.998690
3  780.000000    105.378000    1560.000000   156.964000    1720.000000   92.752000     3.18846E-02  3.30379E-04  26.379500  7.586650
3  780.000000    105.378000    1600.000000   137.193000    1760.000000   89.581000     3.14365E-02  3.25739E-04  26.605100  7.586640
3  780.000000    105.378000    1640.000000   122.640000    1800.000000   73.849000     3.17444E-02  3.28923E-04  26.072900  7.586630
3  780.000000    105.378000    1680.000000   100.508000    1840.000000   69.746000     3.09094E-02  3.20265E-04  25.843400  7.586630
3  780.000000    105.378000    1720.000000   92.752000     1880.000000   67.320000     2.79431E-02  2.88756E-04  24.543100  7.998640
3  780.000000    105.378000    1760.000000   89.581000     1920.000000   57.532000     2.64306E-02  2.73126E-04  24.496400  7.998670
3  780.000000    105.378000    1800.000000   73.849000     1960.000000   54.922000     2.17311E-02  2.25308E-04  26.670300  9.032800
3  780.000000    105.378000    1840.000000   69.746000     2000.000000   51.429000     1.55443E-02  1.63753E-04  28.473200  10.259600
3  780.000000    105.378000    1880.000000   67.320000     2040.000000   51.134000     1.12288E-02  1.22826E-04  31.027200  11.689800
3  780.000000    105.378000    1920.000000   57.532000     2080.000000   47.855000     8.42858E-03  9.80202E-05  35.805100  12.648100
3  780.000000    105.378000    1960.000000   54.922000     2120.000000   51.358000     5.54549E-03  7.69875E-05  38.193100  14.196300
3  780.000000    105.378000    2000.000000   51.429000     2160.000000   53.175000     4.74468E-03  6.58025E-05  41.255000  14.192500
3  780.000000    105.378000    2040.000000   51.134000     2200.000000   49.089000     3.90441E-03  5.61876E-05  44.643500  15.033000
3  780.000000    105.378000    2120.000000   51.358000     2280.000000   42.192000     3.72613E-03  5.36227E-05  41.949900  15.033100
3  780.000000    105.378000    2160.000000   53.175000     2320.000000   45.283000     4.40834E-03  6.11344E-05  40.247200  14.192500
3  780.000000    105.378000    2200.000000   49.089000     2360.000000   52.469000     4.64324E-03  6.43925E-05  39.786300  14.192400
3  780.000000    105.378000    2240.000000   45.045000     2400.000000   59.965000     4.61112E-03  6.39475E-05  39.530100  14.192400
3  780.000000    105.378000    2080.000000   47.855000     2400.000000   59.965000     8.05925E-03  9.21051E-05  41.730400  12.628500
3  820.000000    113.802000    0.000000      94.302000     40.000000     87.181000     8.85648E-03  1.01219E-04  15.144900  12.628800
3  820.000000    113.802000    480.000000    120.110000    520.000000    115.268000    1.24958E-02  1.32465E-04  19.676300  10.889400
3  820.000000    113.802000    520.000000    115.268000    560.000000    123.811000    2.62607E-02  2.71320E-04  17.539100  7.998640
3  820.000000    113.802000    560.000000    123.811000    600.000000    124.839000    2.52521E-02  2.60900E-04  19.767800  7.998640
3  820.000000    113.802000    600.000000    124.839000    640.000000    115.456000    2.84724E-02  2.94963E-04  16.888200  7.586630
3  820.000000    113.802000    640.000000    115.456000    680.000000    99.357000     5.46315E-02  5.51713E-04  16.488100  3.513690
3  820.000000    113.802000    680.000000    99.357000     720.000000    100.587000    8.22120E-02  8.26354E-04  13.569900  2.690840
3  820.000000    113.802000    720.000000    100.587000    760.000000    98.622000     2.70589E-01  5.41397E-03  23.196300  11.104400
3  820.000000    113.802000    880.000000    118.144000    920.000000    132.008000    2.30839E-01  3.08156E-03  -1.033560  7.035090
3  820.000000    113.802000    960.000000    128.518000    1000.000000   116.905000    8.60281E-02  1.05772E-03  13.441200  6.529880
3  820.000000    113.802000    1000.000000   116.905000    1040.000000   108.286000    3.49585E-02  8.96734E-04  23.245600  9.067840
3  820.000000    113.802000    1040.000000   108.286000    1080.000000   117.343000    4.30866E-02  4.39065E-04  15.541100  4.777500
3  820.000000    113.802000    1080.000000   117.343000    1120.000000   134.172000    2.18541E-02  2.26286E-04  20.250000  9.032850
3  820.000000    113.802000    1120.000000   134.172000    1160.000000   128.135000    1.46311E-02  1.53638E-04  19.302400  10.258700
3  820.000000    113.802000    2360.000000   52.469000     2400.000000   59.965000     8.69607E-04  1.88126E-05  23.608800  24.000700
3  820.000000    113.802000    0.000000      94.302000     80.000000     87.439000     1.57539E-02  1.64450E-04  15.099900  9.731160
3  820.000000    113.802000    40.000000     87.181000     120.000000    88.121000     1.31113E-02  1.38990E-04  14.536900  10.889400
3  820.000000    113.802000    120.000000    88.121000     200.000000    103.483000    1.38072E-02  1.44987E-04  14.627800  10.258600
3  820.000000    113.802000    160.000000    96.899000     240.000000    107.360000    1.17500E-02  1.24559E-04  13.708700  10.889400
3  820.000000    113.802000    200.000000    103.483000    280.000000    105.248000    1.67911E-02  1.75276E-04  15.186700  9.731110
3  820.000000    113.802000    240.000000    107.360000    320.000000    113.072000    2.13255E-02  2.20811E-04  16.319700  9.032730
3  820.000000    113.802000    280.000000    105.248000    360.000000    115.089000    1.99007E-02  2.06516E-04  17.548800  9.124730
3  820.000000    113.802000    320.000000    113.072000    400.000000    115.247000    2.08431E-02  2.16295E-04  18.182800  9.124710
3  820.000000    113.802000    360.000000    115.089000    440.000000    111.533000    2.69644E-02  2.78591E-04  18.703300  7.998650
3  820.000000    113.802000    400.000000    115.247000    480.000000    120.110000    3.70891E-02  3.77942E-04  19.362900  4.776880
3  820.000000    113.802000    1160.000000   128.135000    1240.000000   121.871000    3.61858E-02  3.75363E-04  22.940500  6.944040
3  820.000000    113.802000    1200.000000   123.583000    1280.000000   129.599000    3.60054E-02  3.73495E-04  27.207000  6.943790
3  820.000000    113.802000    1240.000000   121.871000    1320.000000   143.045000    3.07107E-02  3.18169E-04  32.358200  7.587250
3  820.000000    113.802000    1280.000000   129.599000    1360.000000   150.159000    2.45321E-02  2.53473E-04  29.349000  7.998980
3  820.000000    113.802000    1320.000000   143.045000    1400.000000   160.896000    2.09723E-02  2.17164E-04  26.375800  9.033040
3  820.000000    113.802000    1360.000000   150.159000    1440.000000   178.173000    2.08317E-02  2.16189E-04  26.311700  9.125030
3  820.000000    113.802000    1400.000000   160.896000    1480.000000   197.065000    1.32116E-02  1.40057E-04  25.671700  10.889600
3  820.000000    113.802000    1440.000000   178.173000    1520.000000   178.674000    8.36805E-03  9.56343E-05  25.230500  12.628500
3  820.000000    113.802000    2280.000000   42.192000     2360.000000   52.469000     2.69248E-03  4.21276E-05  24.877900  17.471500
3  820.000000    113.802000    2320.000000   45.283000     2400.000000   59.965000     1.83244E-03  2.86709E-05  23.913000  17.471400
3  820.000000    113.802000    0.000000      94.302000     160.000000    96.899000     2.94030E-02  3.04603E-04  14.913500  7.586620
3  820.000000    113.802000    1480.000000   197.065000    1640.000000   122.640000    2.63630E-02  2.72385E-04  25.337000  7.998830
3  820.000000    113.802000    1520.000000   178.674000    1680.000000   100.508000    3.20858E-02  3.32839E-04  24.949200  6.943830
3  820.000000    113.802000    1560.000000   156.964000    1720.000000   92.752000     3.70061E-02  3.77118E-04  25.261000  4.777570
3  820.000000    113.802000    1600.000000   137.193000    1760.000000   89.581000     3.63638E-02  3.77220E-04  25.349900  6.944040
3  820.000000    113.802000    1640.000000   122.640000    1800.000000   73.849000     3.65571E-02  3.79225E-04  24.610000  6.944070
3  820.000000    113.802000    1680.000000   100.508000    1840.000000   69.746000     3.54637E-02  3.67890E-04  24.208500  6.944220
3  820.000000    113.802000    1720.000000   92.752000     1880.000000   67.320000     3.19764E-02  3.31717E-04  22.726300  6.944440
3  820.000000    113.802000    1760.000000   89.581000     1920.000000   57.532000     3.01905E-02  3.12792E-04  22.579200  7.587680
3  820.000000    113.802000    1800.000000   73.849000     1960.000000   54.922000     2.47664E-02  2.55911E-04  24.539500  7.999630
3  820.000000    113.802000    1840.000000   69.746000     2000.000000   51.429000     1.76723E-02  1.84494E-04  25.976000  9.732070
3  820.000000    113.802000    1880.000000   67.320000     2040.000000   51.134000     1.27328E-02  1.34994E-04  28.035100  10.891700
3  820.000000    113.802000    1920.000000   57.532000     2080.000000   47.855000     9.52183E-03  1.03195E-04  31.865900  11.687500
3  820.000000    113.802000    1960.000000   54.922000     2120.000000   51.358000     6.20479E-03  8.31367E-05  31.226100  13.056800
3  820.000000    113.802000    2000.000000   51.429000     2160.000000   53.175000     5.26968E-03  7.30789E-05  32.251800  14.192600
3  820.000000    113.802000    2040.000000   51.134000     2200.000000   49.089000     4.30190E-03  5.96605E-05  33.795000  14.192500
3  820.000000    113.802000    2080.000000   47.855000     2240.000000   45.045000     3.77987E-03  5.43957E-05  32.170800  15.033100
3  820.000000    113.802000    2120.000000   51.358000     2280.000000   42.192000     4.09542E-03  5.89368E-05  29.135600  15.033100
3  820.000000    113.802000    2160.000000   53.175000     2320.000000   45.283000     4.85574E-03  6.73389E-05  26.580300  14.192500
3  820.000000    113.802000    2200.000000   49.089000     2360.000000   52.469000     5.11751E-03  7.09691E-05  25.774900  14.192400
3  820.000000    113.802000    2240.000000   45.045000     2400.000000   59.965000     5.08133E-03  7.04679E-05  25.297900  14.192400
3  865.000000    114.769000    0.000000      94.302000     40.000000     87.181000     8.21254E-03  9.38570E-05  22.694600  12.628800
3  865.000000    114.769000    520.000000    115.268000    560.000000    123.811000    2.10996E-02  2.18957E-04  18.393900  9.124730
3  865.000000    114.769000    560.000000    123.811000    600.000000    124.839000    1.95606E-02  2.02986E-04  20.641000  9.124730
3  865.000000    114.769000    600.000000    124.839000    640.000000    115.456000    2.13442E-02  2.21004E-04  18.433100  9.032700
3  865.000000    114.769000    640.000000    115.456000    680.000000    99.357000     3.86357E-02  3.93702E-04  18.104800  4.776880
3  865.000000    114.769000    680.000000    99.357000     720.000000    100.587000    4.95667E-02  5.02616E-04  15.220800  4.191730
3  865.000000    114.769000    720.000000    100.587000    760.000000    98.622000     1.11822E-01  2.31025E-03  9.552550  9.896410
3  865.000000    114.769000    760.000000    98.622000     800.000000    109.655000    2.79862E-01  2.80458E-03  9.863770  1.421870
3  865.000000    114.769000    960.000000    128.518000    1000.000000   116.905000    1.54707E-01  1.55210E-03  7.137000  1.994180
3  865.000000    114.769000    1000.000000   116.905000    1040.000000   108.286000    5.58969E-02  5.64497E-04  14.445500  3.513870
3  865.000000    114.769000    1040.000000   108.286000    1080.000000   117.343000    6.02782E-02  6.07942E-04  13.823200  3.302310
3  865.000000    114.769000    1080.000000   117.343000    1120.000000   134.172000    2.95084E-02  3.05695E-04  19.088300  7.586750
3  865.000000    114.769000    1120.000000   134.172000    1160.000000   128.135000    1.93641E-02  2.00947E-04  18.252800  9.124800
3  865.000000    114.769000    1160.000000   128.135000    1200.000000   123.583000    2.03281E-02  2.10953E-04  22.878800  9.124800
3  865.000000    114.769000    2360.000000   52.469000     2400.000000   59.965000     9.38933E-04  2.03123E-05  29.915800  24.000700
3  865.000000    114.769000    0.000000      94.302000     80.000000     87.439000     1.45712E-02  1.53009E-04  21.327800  10.258600
3  865.000000    114.769000    40.000000     87.181000     120.000000    88.121000     1.20401E-02  1.27635E-04  18.482700  10.889400
3  865.000000    114.769000    160.000000    96.899000     240.000000    107.360000    1.05760E-02  1.14580E-04  15.005100  11.682200
3  865.000000    114.769000    200.000000    103.483000    280.000000    105.248000    1.49506E-02  1.56993E-04  16.100200  10.258600
3  865.000000    114.769000    240.000000    107.360000    320.000000    113.072000    1.88820E-02  1.95944E-04  17.111300  9.124710
3  865.000000    114.769000    280.000000    105.248000    360.000000    115.089000    1.74676E-02  1.82337E-04  18.202000  9.731130
3  865.000000    114.769000    320.000000    113.072000    400.000000    115.247000    1.80480E-02  1.88396E-04  18.858000  9.731110
3  865.000000    114.769000    360.000000    115.089000    440.000000    111.533000    2.30131E-02  2.38285E-04  19.390300  9.032700
3  865.000000    114.769000    400.000000    115.247000    480.000000    120.110000    3.12838E-02  3.24088E-04  20.068400  7.586620
3  865.000000    114.769000    440.000000    111.533000    520.000000    115.268000    2.78319E-02  2.87554E-04  20.361000  7.998640
3  865.000000    114.769000    1200.000000   123.583000    1280.000000   129.599000    4.46118E-02  4.52377E-04  26.629300  4.192070
3  865.000000    114.769000    1240.000000   121.871000    1320.000000   143.045000    3.72682E-02  3.79774E-04  32.177100  4.777230
3  865.000000    114.769000    1280.000000   129.599000    1360.000000   150.159000    2.93549E-02  3.04105E-04  29.591500  7.586790
3  865.000000    114.769000    1320.000000   143.045000    1400.000000   160.896000    2.48161E-02  2.56397E-04  26.760100  7.998720
3  865.000000    114.769000    1360.000000   150.159000    1440.000000   178.173000    2.45432E-02  2.53578E-04  26.663100  7.998720
3  865.000000    114.769000    1400.000000   160.896000    1480.000000   197.065000    1.54967E-02  1.61764E-04  26.052100  9.731150
3  865.000000    114.769000    1440.000000   178.173000    1520.000000   178.674000    9.74836E-03  1.05614E-04  25.736500  11.682200
3  865.000000    114.769000    1480.000000   197.065000    1560.000000   156.964000    1.10717E-02  1.19951E-04  27.665800  11.682200
3  865.000000    114.769000    2280.000000   42.192000     2360.000000   52.469000     2.90809E-03  4.18497E-05  31.717500  15.033000
3  865.000000    114.769000    2320.000000   45.283000     2400.000000   59.965000     1.98162E-03  3.10050E-05  30.602000  17.471400
3  865.000000    114.769000    0.000000      94.302000     160.000000    96.899000     2.70159E-02  2.79126E-04  19.545100  7.998650
3  865.000000    114.769000    40.000000     87.181000     200.000000    103.483000    2.45619E-02  2.53769E-04  17.507500  7.998640
3  865.000000    114.769000    1520.000000   178.674000    1680.000000   100.508000    3.68221E-02  3.75225E-04  25.761800  4.776970
3  865.000000    114.769000    1560.000000   156.964000    1720.000000   92.752000     4.22970E-02  4.31015E-04  26.231100  4.776970
3  865.000000    114.769000    1600.000000   137.193000    1760.000000   89.581000     4.14332E-02  4.22213E-04  26.404000  4.777000
3  865.000000    114.769000    1640.000000   122.640000    1800.000000   73.849000     4.14841E-02  4.22731E-04  25.830500  4.777010
3  865.000000    114.769000    1680.000000   100.508000    1840.000000   69.746000     4.01030E-02  4.08658E-04  25.568500  4.777040
3  865.000000    114.769000    1720.000000   92.752000     1880.000000   67.320000     3.60688E-02  3.74142E-04  24.171700  6.943630
3  865.000000    114.769000    1760.000000   89.581000     1920.000000   57.532000     3.39958E-02  3.52642E-04  24.127200  6.943890
3  865.000000    114.769000    1800.000000   73.849000     1960.000000   54.922000     2.78315E-02  2.88326E-04  26.137500  7.586830
3  865.000000    114.769000    1840.000000   69.746000     2000.000000   51.429000     1.98152E-02  2.05630E-04  27.683400  9.124920
3  865.000000    114.769000    1880.000000   67.320000     2040.000000   51.134000     1.42460E-02  1.49596E-04  29.827600  10.259100
3  865.000000    114.769000    1920.000000   57.532000     2080.000000   47.855000     1.06197E-02  1.15055E-04  33.885500  11.682300
3  865.000000    114.769000    1960.000000   54.922000     2120.000000   51.358000     6.84839E-03  9.17595E-05  34.349500  13.056400
3  865.000000    114.769000    2000.000000   51.429000     2160.000000   53.175000     5.76923E-03  7.73002E-05  36.254700  13.056400
3  865.000000    114.769000    2040.000000   51.134000     2200.000000   49.089000     4.66730E-03  6.47252E-05  38.711600  14.192400
3  865.000000    114.769000    2080.000000   47.855000     2240.000000   45.045000     4.07320E-03  5.86166E-05  37.783500  15.033000
3  865.000000    114.769000    2120.000000   51.358000     2280.000000   42.192000     4.42355E-03  6.13445E-05  35.002700  14.192400
3  865.000000    114.769000    2160.000000   53.175000     2320.000000   45.283000     5.24950E-03  7.27985E-05  32.767700  14.192400
3  865.000000    114.769000    2200.000000   49.089000     2360.000000   52.469000     5.53272E-03  7.67261E-05  32.425200  14.192400
3  865.000000    114.769000    2240.000000   45.045000     2400.000000   59.965000     5.48988E-03  7.61320E-05  32.084700  14.192400
3  900.000000    124.837000    0.000000      94.302000     40.000000     87.181000     7.80006E-03  8.91445E-05  13.920100  12.628500
3  900.000000    124.837000    560.000000    123.811000    600.000000    124.839000    1.70209E-02  1.77674E-04  21.920200  9.731110
3  900.000000    124.837000    600.000000    124.839000    640.000000    115.456000    1.82978E-02  1.89882E-04  20.009800  9.124720
3  900.000000    124.837000    640.000000    115.456000    680.000000    99.357000     3.25643E-02  3.37786E-04  19.782700  6.943500
3  900.000000    124.837000    680.000000    99.357000     720.000000    100.587000    3.91978E-02  3.99430E-04  16.636100  4.776890
3  900.000000    124.837000    720.000000    100.587000    760.000000    98.622000     7.41924E-02  7.46932E-04  16.587200  2.881560
3  900.000000    124.837000    760.000000    98.622000     800.000000    109.655000    1.45491E-01  1.45961E-03  12.955100  1.977690
3  900.000000    124.837000    800.000000    109.655000    840.000000    115.365000    2.59790E-01  2.60323E-03  9.952290  1.422040
3  900.000000    124.837000    960.000000    128.518000    1000.000000   116.905000    2.92180E-01  2.92779E-03  6.410240  1.424080
3  900.000000    124.837000    1000.000000   116.905000    1040.000000   108.286000    8.41935E-02  8.46271E-04  12.525700  2.690870
3  900.000000    124.837000    1040.000000   108.286000    1080.000000   117.343000    7.81419E-02  7.86709E-04  12.327100  2.881670
3  900.000000    124.837000    1080.000000   117.343000    1120.000000   134.172000    3.73208E-02  3.80306E-04  17.954100  4.776880
3  900.000000    124.837000    1120.000000   134.172000    1160.000000   128.135000    2.38761E-02  2.47223E-04  16.706400  9.032700
3  900.000000    124.837000    1160.000000   128.135000    1200.000000   123.583000    2.46438E-02  2.54617E-04  21.405400  7.998640
3  900.000000    124.837000    1200.000000   123.583000    1240.000000   121.871000    3.02333E-02  3.13208E-04  20.204500  7.586670
3  900.000000    124.837000    2360.000000   52.469000     2400.000000   59.965000     9.97676E-04  2.15831E-05  27.120800  24.000700
3  900.000000    124.837000    0.000000      94.302000     80.000000     87.439000     1.38260E-02  1.45183E-04  13.827600  10.258600
3  900.000000    124.837000    40.000000     87.181000     120.000000    88.121000     1.13740E-02  1.20573E-04  13.383900  10.889400
3  900.000000    124.837000    200.000000    103.483000    280.000000    105.248000    1.38895E-02  1.45851E-04  15.667500  10.258600
3  900.000000    124.837000    240.000000    107.360000    320.000000    113.072000    1.74854E-02  1.82523E-04  16.944300  9.731140
3  900.000000    124.837000    280.000000    105.248000    360.000000    115.089000    1.60982E-02  1.68043E-04  18.359500  9.731120
3  900.000000    124.837000    320.000000    113.072000    400.000000    115.247000    1.64807E-02  1.72035E-04  19.320100  9.731120
3  900.000000    124.837000    360.000000    115.089000    440.000000    111.533000    2.08369E-02  2.16231E-04  20.047600  9.124710
3  900.000000    124.837000    400.000000    115.247000    480.000000    120.110000    2.81659E-02  2.91787E-04  20.898300  7.586620
3  900.000000    124.837000    440.000000    111.533000    520.000000    115.268000    2.49083E-02  2.57348E-04  21.352200  7.998640
3  900.000000    124.837000    480.000000    120.110000    560.000000    123.811000    2.77842E-02  2.87061E-04  20.285100  7.998640
3  900.000000    124.837000    1240.000000   121.871000    1320.000000   143.045000    4.29970E-02  4.35998E-04  30.537800  4.191710
3  900.000000    124.837000    1280.000000   129.599000    1360.000000   150.159000    3.34929E-02  3.47419E-04  28.062900  6.943480
3  900.000000    124.837000    1320.000000   143.045000    1400.000000   160.896000    2.80644E-02  2.90736E-04  25.019100  7.586630
3  900.000000    124.837000    1360.000000   150.159000    1440.000000   178.173000    2.76786E-02  2.85970E-04  24.754700  7.998650
3  900.000000    124.837000    1400.000000   160.896000    1480.000000   197.065000    1.74295E-02  1.81940E-04  24.094900  9.731160
3  900.000000    124.837000    1440.000000   178.173000    1520.000000   178.674000    1.09151E-02  1.18254E-04  23.735600  11.682200
3  900.000000    124.837000    1480.000000   197.065000    1560.000000   156.964000    1.23646E-02  1.31075E-04  25.002100  10.889400
3  900.000000    124.837000    1520.000000   178.674000    1600.000000   137.193000    1.57231E-02  1.64129E-04  23.343100  9.731110
3  900.000000    124.837000    2280.000000   42.192000     2360.000000   52.469000     3.09284E-03  4.45084E-05  29.171500  15.033000
3  900.000000    124.837000    2320.000000   45.283000     2400.000000   59.965000     2.10705E-03  3.29675E-05  27.146100  17.471400
3  900.000000    124.837000    0.000000      94.302000     160.000000    96.899000     2.55304E-02  2.63775E-04  13.893400  7.998670
3  900.000000    124.837000    40.000000     87.181000     200.000000    103.483000    2.31307E-02  2.39502E-04  13.874500  9.032710
3  900.000000    124.837000    80.000000     87.439000     240.000000    107.360000    2.15994E-02  2.23649E-04  13.922400  9.032720
3  900.000000    124.837000    1560.000000   156.964000    1720.000000   92.752000     4.67372E-02  4.73925E-04  24.126300  4.191730
3  900.000000    124.837000    1600.000000   137.193000    1760.000000   89.581000     4.56738E-02  4.63141E-04  24.061100  4.191700
3  900.000000    124.837000    1640.000000   122.640000    1800.000000   73.849000     4.55894E-02  4.62286E-04  23.427000  4.191720
3  900.000000    124.837000    1680.000000   100.508000    1840.000000   69.746000     4.39632E-02  4.45791E-04  23.166900  4.191740
3  900.000000    124.837000    1720.000000   92.752000     1880.000000   67.320000     3.94724E-02  4.02228E-04  21.697400  4.776920
3  900.000000    124.837000    1760.000000   89.581000     1920.000000   57.532000     3.71608E-02  3.78672E-04  21.682300  4.777110
3  900.000000    124.837000    1800.000000   73.849000     1960.000000   54.922000     3.03806E-02  3.14731E-04  23.732200  7.586650
3  900.000000    124.837000    1840.000000   69.746000     2000.000000   51.429000     2.15924E-02  2.23574E-04  25.181000  9.032760
3  900.000000    124.837000    1880.000000   67.320000     2040.000000   51.134000     1.54955E-02  1.62760E-04  27.201300  10.258700
3  900.000000    124.837000    1920.000000   57.532000     2080.000000   47.855000     1.15246E-02  1.22237E-04  31.566500  10.889700
3  900.000000    124.837000    1960.000000   54.922000     2120.000000   51.358000     7.37689E-03  9.88518E-05  32.079900  13.056400
3  900.000000    124.837000    2000.000000   51.429000     2160.000000   53.175000     6.17945E-03  8.28034E-05  34.330000  13.056400
3  900.000000    124.837000    2040.000000   51.134000     2200.000000   49.089000     4.96801E-03  6.88949E-05  37.467800  14.192400
3  900.000000    124.837000    2080.000000   47.855000     2240.000000   45.045000     4.31379E-03  5.98223E-05  35.811700  14.192400
3  900.000000    124.837000    2120.000000   51.358000     2280.000000   42.192000     4.69631E-03  6.51275E-05  32.666900  14.192400
3  900.000000    124.837000    2160.000000   53.175000     2320.000000   45.283000     5.58357E-03  7.74318E-05  30.480300  14.192400
3  900.000000    124.837000    2200.000000   49.089000     2360.000000   52.469000     5.88561E-03  7.88595E-05  29.759800  13.056400
3  900.000000    124.837000    2240.000000   45.045000     2400.000000   59.965000     5.83828E-03  7.82254E-05  29.395200  13.056400
3  940.000000    133.647000    0.000000      94.302000     40.000000     87.181000     7.37567E-03  9.88745E-05  17.265800  13.107100
3  940.000000    133.647000    600.000000    124.839000    640.000000    115.456000    1.57918E-02  1.64844E-04  22.942900  9.731110
3  940.000000    133.647000    640.000000    115.456000    680.000000    99.357000     2.76366E-02  2.85536E-04  22.595700  7.998650
3  940.000000    133.647000    680.000000    99.357000     720.000000    100.587000    3.25741E-02  3.37888E-04  18.604200  6.943480
3  940.000000    133.647000    720.000000    100.587000    760.000000    98.622000     5.36831E-02  5.42135E-04  20.168900  3.513680
3  940.000000    133.647000    760.000000    98.622000     800.000000    109.655000    9.58384E-02  9.63310E-04  14.747200  2.690860
3  940.000000    133.647000    800.000000    109.655000    840.000000    115.365000    1.49347E-01  1.49828E-03  16.234800  1.977750
3  940.000000    133.647000    840.000000    115.365000    880.000000    118.144000    2.41951E-01  2.42517E-03  5.445660  1.620060
3  940.000000    133.647000    1000.000000   116.905000    1040.000000   108.286000    1.54276E-01  1.54779E-03  10.753900  1.978110
3  940.000000    133.647000    1040.000000   108.286000    1080.000000   117.343000    1.05192E-01  1.05683E-03  10.651900  2.436490
3  940.000000    133.647000    1080.000000   117.343000    1120.000000   134.172000    4.89242E-02  4.96126E-04  18.132200  4.192160
3  940.000000    133.647000    1120.000000   134.172000    1160.000000   128.135000    2.96053E-02  3.06708E-04  14.733900  7.586750
3  940.000000    133.647000    1160.000000   128.135000    1200.000000   123.583000    2.96289E-02  3.06958E-04  19.451600  7.586870
3  940.000000    133.647000    1200.000000   123.583000    1240.000000   121.871000    3.60614E-02  3.74101E-04  17.642800  6.943850
3  940.000000    133.647000    1240.000000   121.871000    1280.000000   129.599000    2.58729E-02  2.67337E-04  28.269500  7.998800
3  940.000000    133.647000    2360.000000   52.469000     2400.000000   59.965000     1.05979E-03  2.29269E-05  9.635620  24.000700
3  940.000000    133.647000    0.000000      94.302000     80.000000     87.439000     1.30542E-02  1.38385E-04  17.215500  10.900700
3  940.000000    133.647000    40.000000     87.181000     120.000000    88.121000     1.06862E-02  1.16465E-04  16.879200  11.700400
3  940.000000    133.647000    240.000000    107.360000    320.000000    113.072000    1.61488E-02  1.68571E-04  20.083000  9.731110
3  940.000000    133.647000    280.000000    105.248000    360.000000    115.089000    1.48010E-02  1.55421E-04  21.425700  10.258600
3  940.000000    133.647000    320.000000    113.072000    400.000000    115.247000    1.50147E-02  1.57665E-04  22.408300  10.258600
3  940.000000    133.647000    360.000000    115.089000    440.000000    111.533000    1.88285E-02  1.95389E-04  23.155000  9.124750
3  940.000000    133.647000    400.000000    115.247000    480.000000    120.110000    2.53193E-02  2.61594E-04  23.926600  7.998640
3  940.000000    133.647000    440.000000    111.533000    520.000000    115.268000    2.22725E-02  2.30616E-04  24.282300  9.032720
3  940.000000    133.647000    480.000000    120.110000    560.000000    123.811000    2.46641E-02  2.54825E-04  23.132800  7.998640
3  940.000000    133.647000    520.000000    115.268000    600.000000    124.839000    3.14306E-02  3.25608E-04  23.488700  7.586630
3  940.000000    133.647000    1280.000000   129.599000    1360.000000   150.159000    3.84587E-02  3.91925E-04  24.629200  4.777310
3  940.000000    133.647000    1320.000000   143.045000    1400.000000   160.896000    3.19171E-02  3.31089E-04  21.049500  6.943710
3  940.000000    133.647000    1360.000000   150.159000    1440.000000   178.173000    3.13704E-02  3.25010E-04  20.453900  7.586880
3  940.000000    133.647000    1400.000000   160.896000    1480.000000   197.065000    1.96882E-02  2.04320E-04  19.319800  9.124830
3  940.000000    133.647000    1440.000000   178.173000    1520.000000   178.674000    1.22659E-02  1.30030E-04  18.322800  10.889400
3  940.000000    133.647000    1480.000000   197.065000    1560.000000   156.964000    1.38546E-02  1.45486E-04  19.806500  10.258600
3  940.000000    133.647000    1520.000000   178.674000    1600.000000   137.193000    1.75456E-02  1.83157E-04  17.042900  9.731200
3  940.000000    133.647000    1560.000000   156.964000    1640.000000   122.640000    2.38120E-02  2.46566E-04  16.095600  9.032810
3  940.000000    133.647000    2280.000000   42.192000     2360.000000   52.469000     3.28464E-03  4.72689E-05  10.652100  15.033000
3  940.000000    133.647000    2320.000000   45.283000     2400.000000   59.965000     2.24078E-03  3.50599E-05  10.483100  17.471400
3  940.000000    133.647000    0.000000      94.302000     160.000000    96.899000     2.40113E-02  2.49588E-04  17.362200  9.042850
3  940.000000    133.647000    40.000000     87.181000     200.000000    103.483000    2.16825E-02  2.24574E-04  17.312200  9.033010
3  940.000000    133.647000    80.000000     87.439000     240.000000    107.360000    2.01850E-02  2.09488E-04  17.309200  9.124730
3  940.000000    133.647000    120.000000    88.121000     280.000000    105.248000    2.38625E-02  2.47084E-04  18.320800  9.032730
3  940.000000    133.647000    1600.000000   137.193000    1760.000000   89.581000     5.04488E-02  5.09493E-04  16.660900  3.513870
3  940.000000    133.647000    1640.000000   122.640000    1800.000000   73.849000     5.01899E-02  5.08951E-04  15.686700  4.191880
3  940.000000    133.647000    1680.000000   100.508000    1840.000000   69.746000     4.82670E-02  4.89452E-04  15.117000  4.191890
3  940.000000    133.647000    1720.000000   92.752000     1880.000000   67.320000     4.32584E-02  4.38653E-04  13.526900  4.191910
3  940.000000    133.647000    1760.000000   89.581000     1920.000000   57.532000     4.06685E-02  4.14424E-04  13.292400  4.777060
3  940.000000    133.647000    1800.000000   73.849000     1960.000000   54.922000     3.31932E-02  3.44582E-04  15.415200  6.946330
3  940.000000    133.647000    1840.000000   69.746000     2000.000000   51.429000     2.35450E-02  2.44397E-04  16.935200  9.043690
3  940.000000    133.647000    1880.000000   67.320000     2040.000000   51.134000     1.68624E-02  1.77500E-04  19.289800  9.777450
3  940.000000    133.647000    1920.000000   57.532000     2080.000000   47.855000     1.25042E-02  1.34220E-04  23.480800  10.969300
3  940.000000    133.647000    1960.000000   54.922000     2120.000000   51.358000     7.94122E-03  9.07713E-05  21.619100  12.632100
3  940.000000    133.647000    2000.000000   51.429000     2160.000000   53.175000     6.61435E-03  8.86237E-05  21.785400  13.056400
3  940.000000    133.647000    2040.000000   51.134000     2200.000000   49.089000     5.28133E-03  7.32415E-05  22.285400  14.192400
3  940.000000    133.647000    2080.000000   47.855000     2240.000000   45.045000     4.56521E-03  6.33144E-05  19.246000  14.192800
3  940.000000    133.647000    2120.000000   51.358000     2280.000000   42.192000     4.98191E-03  6.90881E-05  15.951000  14.192400
3  940.000000    133.647000    2160.000000   53.175000     2320.000000   45.283000     5.93056E-03  7.94648E-05  12.867500  13.056700
3  940.000000    133.647000    2200.000000   49.089000     2360.000000   52.469000     6.25316E-03  8.37848E-05  11.866600  13.056400
3  940.000000    133.647000    2240.000000   45.045000     2400.000000   59.965000     6.20127E-03  8.30902E-05  11.118400  13.056400
3  980.000000    116.627000    0.000000      94.302000     40.000000     87.181000     6.92594E-03  9.32862E-05  12.940400  13.056400
3  980.000000    116.627000    640.000000    115.456000    680.000000    99.357000     2.24922E-02  2.32891E-04  24.612000  9.032700
3  980.000000    116.627000    680.000000    99.357000     720.000000    100.587000    2.55523E-02  2.64001E-04  21.417500  7.998640
3  980.000000    116.627000    720.000000    100.587000    760.000000    98.622000     3.94961E-02  4.02469E-04  20.721000  4.776880
3  980.000000    116.627000    760.000000    98.622000     800.000000    109.655000    6.27076E-02  6.32431E-04  17.355300  3.299660
3  980.000000    116.627000    800.000000    109.655000    840.000000    115.365000    8.70658E-02  8.75133E-04  16.918600  2.690860
3  980.000000    116.627000    840.000000    115.365000    880.000000    118.144000    1.11273E-01  1.11785E-03  10.130300  2.436590
3  980.000000    116.627000    880.000000    118.144000    920.000000    132.008000    2.01939E-01  2.02412E-03  10.073600  1.618070
3  980.000000    116.627000    1040.000000   108.286000    1080.000000   117.343000    1.84126E-01  1.84653E-03  14.683300  1.826530
3  980.000000    116.627000    1080.000000   117.343000    1120.000000   134.172000    7.12300E-02  7.17108E-04  17.722600  2.881520
3  980.000000    116.627000    1120.000000   134.172000    1160.000000   128.135000    4.06998E-02  4.14735E-04  15.140500  4.776880
3  980.000000    116.627000    1160.000000   128.135000    1200.000000   123.583000    3.90166E-02  3.97583E-04  20.327300  4.776900
3  980.000000    116.627000    1200.000000   123.583000    1240.000000   121.871000    4.47661E-02  4.53933E-04  18.483100  4.191740
3  980.000000    116.627000    1280.000000   129.599000    1320.000000   143.045000    2.88027E-02  2.98384E-04  28.220400  7.586690
3  980.000000    116.627000    2360.000000   52.469000     2400.000000   59.965000     1.13631E-03  2.45822E-05  11.143000  24.000700
3  980.000000    116.627000    0.000000      94.302000     80.000000     87.439000     1.22342E-02  1.29692E-04  12.763400  10.890000
3  980.000000    116.627000    40.000000     87.181000     120.000000    88.121000     9.93739E-03  1.07693E-04  11.351800  11.688200
3  980.000000    116.627000    280.000000    105.248000    360.000000    115.089000    1.33275E-02  1.39948E-04  20.068300  10.258600
3  980.000000    116.627000    320.000000    113.072000    400.000000    115.247000    1.33722E-02  1.40417E-04  21.534200  10.258600
3  980.000000    116.627000    360.000000    115.089000    440.000000    111.533000    1.65944E-02  1.73222E-04  22.728800  9.731130
3  980.000000    116.627000    400.000000    115.247000    480.000000    120.110000    2.21577E-02  2.29427E-04  23.803700  9.032710
3  980.000000    116.627000    440.000000    111.533000    520.000000    115.268000    1.93415E-02  2.00713E-04  24.458600  9.124740
3  980.000000    116.627000    480.000000    120.110000    560.000000    123.811000    2.11578E-02  2.19074E-04  23.792600  9.032700
3  980.000000    116.627000    520.000000    115.268000    600.000000    124.839000    2.66811E-02  2.75664E-04  24.391200  7.998640
3  980.000000    116.627000    560.000000    123.811000    640.000000    115.456000    2.55957E-02  2.64450E-04  25.153600  7.998690
3  980.000000    116.627000    1320.000000   143.045000    1400.000000   160.896000    3.74848E-02  3.81978E-04  23.118100  4.776930
3  980.000000    116.627000    1360.000000   150.159000    1440.000000   178.173000    3.65909E-02  3.79554E-04  22.554000  6.943510
3  980.000000    116.627000    1400.000000   160.896000    1480.000000   197.065000    2.28110E-02  2.36192E-04  21.525600  9.032710
3  980.000000    116.627000    1440.000000   178.173000    1520.000000   178.674000    1.40921E-02  1.47977E-04  20.808500  10.258600
3  980.000000    116.627000    1480.000000   197.065000    1560.000000   156.964000    1.58229E-02  1.65169E-04  22.418200  9.731120
3  980.000000    116.627000    1520.000000   178.674000    1600.000000   137.193000    1.99348E-02  2.06869E-04  19.859100  9.124730
3  980.000000    116.627000    1560.000000   156.964000    1640.000000   122.640000    2.69229E-02  2.78162E-04  19.068600  7.998670
3  980.000000    116.627000    1600.000000   137.193000    1680.000000   100.508000    3.12959E-02  3.24216E-04  19.563000  7.586680
3  980.000000    116.627000    2280.000000   42.192000     2360.000000   52.469000     3.52588E-03  5.07402E-05  12.022500  15.033000
3  980.000000    116.627000    2320.000000   45.283000     2400.000000   59.965000     2.40532E-03  3.76344E-05  12.176600  17.471500
3  980.000000    116.627000    0.000000      94.302000     160.000000    96.899000     2.23755E-02  2.31781E-04  13.005500  9.036030
3  980.000000    116.627000    40.000000     87.181000     200.000000    103.483000    2.00960E-02  2.08550E-04  13.286800  9.124760
3  980.000000    116.627000    80.000000     87.439000     240.000000    107.360000    1.86139E-02  1.93162E-04  13.941000  9.124840
3  980.000000    116.627000    120.000000    88.121000     280.000000    105.248000    2.18665E-02  2.26430E-04  16.165900  9.033210
3  980.000000    116.627000    160.000000    96.899000     320.000000    113.072000    2.31030E-02  2.39215E-04  17.024600  9.032700
3  980.000000    116.627000    1640.000000   122.640000    1800.000000   73.849000     5.61384E-02  5.66936E-04  18.818900  3.513810
3  980.000000    116.627000    1680.000000   100.508000    1840.000000   69.746000     5.38090E-02  5.43412E-04  18.275900  3.513870
3  980.000000    116.627000    1720.000000   92.752000     1880.000000   67.320000     4.81029E-02  4.87773E-04  16.655300  4.191930
3  980.000000    116.627000    1760.000000   89.581000     1920.000000   57.532000     4.51483E-02  4.57817E-04  16.434300  4.192250
3  980.000000    116.627000    1800.000000   73.849000     1960.000000   54.922000     3.67710E-02  3.74737E-04  18.272100  4.777080
3  980.000000    116.627000    1840.000000   69.746000     2000.000000   51.429000     2.60389E-02  2.69078E-04  19.491100  7.998790
3  980.000000    116.627000    1880.000000   67.320000     2040.000000   51.134000     1.86152E-02  1.93304E-04  21.256600  9.125250
3  980.000000    116.627000    1920.000000   57.532000     2080.000000   47.855000     1.37680E-02  1.44771E-04  24.782800  10.260700
3  980.000000    116.627000    1960.000000   54.922000     2120.000000   51.358000     8.67889E-03  9.91936E-05  22.860700  12.628700
3  980.000000    116.627000    2000.000000   51.429000     2160.000000   53.175000     7.17697E-03  9.61628E-05  23.094600  13.056500
3  980.000000    116.627000    2040.000000   51.134000     2200.000000   49.089000     5.68801E-03  7.88796E-05  24.005200  14.192400
3  980.000000    116.627000    2080.000000   47.855000     2240.000000   45.045000     4.88866E-03  6.77954E-05  21.086400  14.192500
3  980.000000    116.627000    2120.000000   51.358000     2280.000000   42.192000     5.34455E-03  7.41166E-05  17.494800  14.192400
3  980.000000    116.627000    2160.000000   53.175000     2320.000000   45.283000     6.36994E-03  8.53489E-05  14.169600  13.056400
3  980.000000    116.627000    2200.000000   49.089000     2360.000000   52.469000     6.71700E-03  8.99991E-05  13.305200  13.056400
3  980.000000    116.627000    2240.000000   45.045000     2400.000000   59.965000     6.65783E-03  8.92063E-05  12.559400  13.056400
3  1020.000000   114.295000    0.000000      94.302000     40.000000     87.181000     6.64109E-03  8.89820E-05  30.786000  13.056400
3  1020.000000   114.295000    680.000000    99.357000     720.000000    100.587000    2.19872E-02  2.27662E-04  23.337000  9.034490
3  1020.000000   114.295000    720.000000    100.587000    760.000000    98.622000     3.28676E-02  3.40932E-04  22.694300  6.943550
3  1020.000000   114.295000    760.000000    98.622000     800.000000    109.655000    4.79685E-02  4.86405E-04  19.836500  4.191730
3  1020.000000   114.295000    800.000000    109.655000    840.000000    115.365000    6.27811E-02  6.33173E-04  18.209300  3.299650
3  1020.000000   114.295000    840.000000    115.365000    880.000000    118.144000    7.11541E-02  7.16344E-04  15.294300  2.881540
3  1020.000000   114.295000    880.000000    118.144000    920.000000    132.008000    9.52555E-02  9.57451E-04  15.267700  2.690870
3  1020.000000   114.295000    920.000000    132.008000    960.000000    128.518000    1.26503E-01  1.26993E-03  18.303000  2.198760
3  1020.000000   114.295000    1080.000000   117.343000    1120.000000   134.172000    9.78374E-02  9.82884E-04  20.414300  2.435930
3  1020.000000   114.295000    1120.000000   134.172000    1160.000000   128.135000    4.96017E-02  5.03125E-04  18.032500  4.191710
3  1020.000000   114.295000    1160.000000   128.135000    1200.000000   123.583000    4.60653E-02  4.67692E-04  22.668600  4.191730
3  1020.000000   114.295000    1200.000000   123.583000    1240.000000   121.871000    5.16373E-02  5.21475E-04  20.225000  3.513960
3  1020.000000   114.295000    1240.000000   121.871000    1280.000000   129.599000    3.55801E-02  3.69069E-04  30.668500  6.943500
3  1020.000000   114.295000    1280.000000   129.599000    1320.000000   143.045000    3.19752E-02  3.31676E-04  30.052800  6.943490
3  1020.000000   114.295000    1320.000000   143.045000    1360.000000   150.159000    1.87610E-02  1.94689E-04  25.462900  9.124710
3  1020.000000   114.295000    2360.000000   52.469000     2400.000000   59.965000     1.19190E-03  2.57848E-05  27.060300  24.000700
3  1020.000000   114.295000    0.000000      94.302000     80.000000     87.439000     1.17215E-02  1.24257E-04  29.347400  10.889500
3  1020.000000   114.295000    40.000000     87.181000     120.000000    88.121000     9.49572E-03  1.02930E-04  26.262700  11.682200
3  1020.000000   114.295000    320.000000    113.072000    400.000000    115.247000    1.24257E-02  1.31722E-04  24.494000  10.889400
3  1020.000000   114.295000    360.000000    115.089000    440.000000    111.533000    1.53101E-02  1.60767E-04  25.196700  10.258600
3  1020.000000   114.295000    400.000000    115.247000    480.000000    120.110000    2.03592E-02  2.11274E-04  25.974900  9.124740
3  1020.000000   114.295000    440.000000    111.533000    520.000000    115.268000    1.77006E-02  1.84771E-04  26.448600  9.731170
3  1020.000000   114.295000    480.000000    120.110000    560.000000    123.811000    1.92759E-02  2.00032E-04  25.474300  9.124720
3  1020.000000   114.295000    520.000000    115.268000    600.000000    124.839000    2.41650E-02  2.49668E-04  26.070500  7.998640
3  1020.000000   114.295000    560.000000    123.811000    640.000000    115.456000    2.29250E-02  2.37372E-04  26.961200  9.032700
3  1020.000000   114.295000    600.000000    124.839000    680.000000    99.357000     3.14859E-02  3.26181E-04  26.633900  7.679790
3  1020.000000   114.295000    1360.000000   150.159000    1440.000000   178.173000    4.03820E-02  4.11497E-04  24.628000  4.776880
3  1020.000000   114.295000    1400.000000   160.896000    1480.000000   197.065000    2.51059E-02  2.59389E-04  23.775500  7.998640
3  1020.000000   114.295000    1440.000000   178.173000    1520.000000   178.674000    1.54429E-02  1.62161E-04  23.247700  10.258600
3  1020.000000   114.295000    1480.000000   197.065000    1560.000000   156.964000    1.72992E-02  1.80579E-04  24.993700  9.731110
3  1020.000000   114.295000    1520.000000   178.674000    1600.000000   137.193000    2.17270E-02  2.24968E-04  22.728200  9.032700
3  1020.000000   114.295000    1560.000000   156.964000    1640.000000   122.640000    2.92587E-02  3.03108E-04  22.215600  7.586620
3  1020.000000   114.295000    1600.000000   137.193000    1680.000000   100.508000    3.39238E-02  3.51888E-04  22.947100  6.943480
3  1020.000000   114.295000    1640.000000   122.640000    1720.000000   92.752000     3.38729E-02  3.51360E-04  24.115900  6.943480
3  1020.000000   114.295000    2280.000000   42.192000     2360.000000   52.469000     3.69945E-03  5.32380E-05  28.570200  15.033000
3  1020.000000   114.295000    2320.000000   45.283000     2400.000000   59.965000     2.52529E-03  3.95114E-05  28.151800  17.471400
3  1020.000000   114.295000    0.000000      94.302000     160.000000    96.899000     2.13631E-02  2.21202E-04  27.178000  9.032720
3  1020.000000   114.295000    40.000000     87.181000     200.000000    103.483000    1.91358E-02  1.98588E-04  24.593200  9.124720
3  1020.000000   114.295000    80.000000     87.439000     240.000000    107.360000    1.76732E-02  1.84496E-04  22.911200  9.731120
3  1020.000000   114.295000    120.000000    88.121000     280.000000    105.248000    2.06731E-02  2.14531E-04  22.332600  9.124710
3  1020.000000   114.295000    160.000000    96.899000     320.000000    113.072000    2.17869E-02  2.25588E-04  22.030900  9.032700
3  1020.000000   114.295000    200.000000    103.483000    360.000000    115.089000    2.35183E-02  2.43516E-04  22.744700  9.032710
3  1020.000000   114.295000    1680.000000   100.508000    1840.000000   69.746000     5.79379E-02  5.85103E-04  22.562900  3.513690
3  1020.000000   114.295000    1720.000000   92.752000     1880.000000   67.320000     5.17201E-02  5.22311E-04  21.200500  3.513720
3  1020.000000   114.295000    1760.000000   89.581000     1920.000000   57.532000     4.84962E-02  4.91761E-04  21.157800  4.191740
3  1020.000000   114.295000    1800.000000   73.849000     1960.000000   54.922000     3.94445E-02  4.01959E-04  23.205700  4.777300
3  1020.000000   114.295000    1840.000000   69.746000     2000.000000   51.429000     2.78899E-02  2.88953E-04  24.629500  7.587500
3  1020.000000   114.295000    1880.000000   67.320000     2040.000000   51.134000     1.99068E-02  2.06680E-04  26.560300  9.127300
3  1020.000000   114.295000    1920.000000   57.532000     2080.000000   47.855000     1.46923E-02  1.54472E-04  30.730800  10.264000
3  1020.000000   114.295000    1960.000000   54.922000     2120.000000   51.358000     9.20812E-03  1.05246E-04  31.181000  12.629100
3  1020.000000   114.295000    2000.000000   51.429000     2160.000000   53.175000     7.57874E-03  8.66151E-05  33.522000  12.628500
3  1020.000000   114.295000    2040.000000   51.134000     2200.000000   49.089000     5.97257E-03  8.00247E-05  36.891700  13.056400
3  1020.000000   114.295000    2080.000000   47.855000     2240.000000   45.045000     5.11084E-03  7.08761E-05  35.809600  14.192400
3  1020.000000   114.295000    2120.000000   51.358000     2280.000000   42.192000     5.60069E-03  7.76687E-05  32.360600  14.192400
3  1020.000000   114.295000    2160.000000   53.175000     2320.000000   45.283000     6.68409E-03  8.95581E-05  29.610200  13.056400
3  1020.000000   114.295000    2200.000000   49.089000     2360.000000   52.469000     7.04994E-03  9.44600E-05  29.310900  13.056400
3  1020.000000   114.295000    2240.000000   45.045000     2400.000000   59.965000     6.98606E-03  9.36041E-05  28.937900  13.056400
3  1060.000000   109.082000    0.000000      94.302000     40.000000     87.181000     6.34760E-03  8.50496E-05  24.027700  13.056400
3  1060.000000   109.082000    720.000000    100.587000    760.000000    98.622000     2.82839E-02  2.93010E-04  24.882600  7.586620
3  1060.000000   109.082000    760.000000    98.622000     800.000000    109.655000    3.96923E-02  4.04469E-04  22.232200  4.776890
3  1060.000000   109.082000    800.000000    109.655000    840.000000    115.365000    5.07636E-02  5.12651E-04  18.901400  3.513770
3  1060.000000   109.082000    840.000000    115.365000    880.000000    118.144000    5.50414E-02  5.55852E-04  16.945200  3.513740
3  1060.000000   109.082000    880.000000    118.144000    920.000000    132.008000    6.80763E-02  6.86577E-04  16.184300  3.299710
3  1060.000000   109.082000    920.000000    132.008000    960.000000    128.518000    7.33914E-02  7.38868E-04  19.574600  2.881530
3  1060.000000   109.082000    960.000000    128.518000    1000.000000   116.905000    1.43569E-01  1.44033E-03  20.811000  1.982980
3  1060.000000   109.082000    1120.000000   134.172000    1160.000000   128.135000    1.16322E-01  1.16772E-03  19.920300  2.188110
3  1060.000000   109.082000    1160.000000   128.135000    1200.000000   123.583000    7.90580E-02  7.95916E-04  25.979000  2.881780
3  1060.000000   109.082000    1200.000000   123.583000    1240.000000   121.871000    7.43057E-02  7.48073E-04  21.417200  2.881640
3  1060.000000   109.082000    1240.000000   121.871000    1280.000000   129.599000    4.71811E-02  4.78426E-04  30.712700  4.191700
3  1060.000000   109.082000    1280.000000   129.599000    1320.000000   143.045000    3.96697E-02  4.04242E-04  31.545500  4.776900
3  1060.000000   109.082000    1320.000000   143.045000    1360.000000   150.159000    2.26719E-02  2.34752E-04  26.928200  9.032710
3  1060.000000   109.082000    1360.000000   150.159000    1400.000000   160.896000    2.72102E-02  1.06013E-03  -10.252000  34.060200
3  1060.000000   109.082000    2360.000000   52.469000     2400.000000   59.965000     1.24769E-03  2.69918E-05  29.972800  24.000700
3  1060.000000   109.082000    0.000000      94.302000     80.000000     87.439000     1.11954E-02  1.21292E-04  23.779500  11.682500
3  1060.000000   109.082000    40.000000     87.181000     120.000000    88.121000     9.04837E-03  1.03459E-04  22.709000  12.631500
3  1060.000000   109.082000    360.000000    115.089000    440.000000    111.533000    1.42041E-02  1.49154E-04  25.180900  10.258600
3  1060.000000   109.082000    400.000000    115.247000    480.000000    120.110000    1.88173E-02  1.95273E-04  26.086800  9.124720
3  1060.000000   109.082000    440.000000    111.533000    520.000000    115.268000    1.62878E-02  1.70022E-04  26.630300  9.731110
3  1060.000000   109.082000    480.000000    120.110000    560.000000    123.811000    1.75951E-02  1.83668E-04  25.812800  9.731110
3  1060.000000   109.082000    520.000000    115.268000    600.000000    124.839000    2.19380E-02  2.27153E-04  26.480100  9.032700
3  1060.000000   109.082000    560.000000    123.811000    640.000000    115.456000    2.06480E-02  2.14270E-04  27.484500  9.124710
3  1060.000000   109.082000    600.000000    124.839000    680.000000    99.357000     2.81210E-02  2.91322E-04  27.288700  7.586620
3  1060.000000   109.082000    640.000000    115.456000    720.000000    100.587000    3.69919E-02  3.76951E-04  26.071100  4.776880
3  1060.000000   109.082000    1400.000000   160.896000    1480.000000   197.065000    2.90002E-02  3.00433E-04  23.719600  7.586700
3  1060.000000   109.082000    1440.000000   178.173000    1520.000000   178.674000    1.75360E-02  1.83051E-04  22.618300  9.731130
3  1060.000000   109.082000    1480.000000   197.065000    1560.000000   156.964000    1.93823E-02  2.01136E-04  23.776900  9.124760
3  1060.000000   109.082000    1520.000000   178.674000    1600.000000   137.193000    2.41495E-02  2.49513E-04  21.345400  7.998780
3  1060.000000   109.082000    1560.000000   156.964000    1640.000000   122.640000    3.22738E-02  3.34786E-04  20.566600  6.943810
3  1060.000000   109.082000    1600.000000   137.193000    1680.000000   100.508000    3.72213E-02  3.79322E-04  20.975700  4.777720
3  1060.000000   109.082000    1640.000000   122.640000    1720.000000   92.752000     3.70184E-02  3.77266E-04  21.965700  4.777950
3  1060.000000   109.082000    1680.000000   100.508000    1760.000000   89.581000     2.97652E-02  3.08385E-04  21.650000  7.587240
3  1060.000000   109.082000    2280.000000   42.192000     2360.000000   52.469000     3.87784E-03  5.58056E-05  31.347400  15.033100
3  1060.000000   109.082000    2320.000000   45.283000     2400.000000   59.965000     2.64547E-03  4.13918E-05  30.769200  17.471400
3  1060.000000   109.082000    0.000000      94.302000     160.000000    96.899000     2.03596E-02  2.11298E-04  23.047700  9.125380
3  1060.000000   109.082000    40.000000     87.181000     200.000000    103.483000    1.81920E-02  1.89915E-04  22.021300  9.731190
3  1060.000000   109.082000    80.000000     87.439000     240.000000    107.360000    1.67593E-02  1.74977E-04  21.117300  9.731130
3  1060.000000   109.082000    120.000000    88.121000     280.000000    105.248000    1.95352E-02  2.02732E-04  21.210000  9.124720
3  1060.000000   109.082000    160.000000    96.899000     320.000000    113.072000    2.05237E-02  2.12981E-04  21.280700  9.124720
3  1060.000000   109.082000    200.000000    103.483000    360.000000    115.089000    2.20892E-02  2.28718E-04  22.234100  9.032710
3  1060.000000   109.082000    240.000000    107.360000    400.000000    115.247000    2.45146E-02  2.53280E-04  23.157600  7.998650
3  1060.000000   109.082000    1720.000000   92.752000     1880.000000   67.320000     5.58859E-02  5.64476E-04  18.482900  3.515640
3  1060.000000   109.082000    1760.000000   89.581000     1920.000000   57.532000     5.22953E-02  5.28235E-04  18.324800  3.516080
3  1060.000000   109.082000    1800.000000   73.849000     1960.000000   54.922000     4.24175E-02  4.32396E-04  20.256700  4.780570
3  1060.000000   109.082000    1840.000000   69.746000     2000.000000   51.429000     2.99580E-02  3.10479E-04  21.684500  7.589530
3  1060.000000   109.082000    1880.000000   67.320000     2040.000000   51.134000     2.13579E-02  2.21270E-04  23.792000  9.035910
3  1060.000000   109.082000    1920.000000   57.532000     2080.000000   47.855000     1.57314E-02  1.64285E-04  28.067400  9.733110
3  1060.000000   109.082000    1960.000000   54.922000     2120.000000   51.358000     9.81411E-03  1.06328E-04  29.703400  11.682200
3  1060.000000   109.082000    2000.000000   51.429000     2160.000000   53.175000     8.03469E-03  9.18269E-05  33.303200  12.628700
3  1060.000000   109.082000    2040.000000   51.134000     2200.000000   49.089000     6.30388E-03  8.44688E-05  37.591600  13.056800
3  1060.000000   109.082000    2080.000000   47.855000     2240.000000   45.045000     5.37393E-03  7.45283E-05  38.203600  14.192800
3  1060.000000   109.082000    2120.000000   51.358000     2280.000000   42.192000     5.87929E-03  7.87766E-05  34.507900  13.056600
3  1060.000000   109.082000    2160.000000   53.175000     2320.000000   45.283000     7.01151E-03  9.39465E-05  31.764600  13.056500
3  1060.000000   109.082000    2200.000000   49.089000     2360.000000   52.469000     7.39264E-03  9.90532E-05  31.725300  13.056400
3  1060.000000   109.082000    2240.000000   45.045000     2400.000000   59.965000     7.32245E-03  9.81120E-05  31.655700  13.056400
3  1100.000000   129.924000    760.000000    98.622000     800.000000    109.655000    3.16948E-02  3.28345E-04  24.233500  7.586650
3  1100.000000   129.924000    800.000000    109.655000    840.000000    115.365000    3.91591E-02  3.99039E-04  20.154200  4.776970
3  1100.000000   129.924000    840.000000    115.365000    880.000000    118.144000    4.12236E-02  4.20073E-04  19.040800  4.776930
3  1100.000000   129.924000    880.000000    118.144000    920.000000    132.008000    4.85370E-02  4.92175E-04  17.964400  4.191740
3  1100.000000   129.924000    920.000000    132.008000    960.000000    128.518000    4.82805E-02  4.89574E-04  24.247400  4.191730
3  1100.000000   129.924000    960.000000    128.518000    1000.000000   116.905000    7.20102E-02  7.24963E-04  19.805800  2.881650
3  1100.000000   129.924000    1000.000000   116.905000    1040.000000   108.286000    9.47819E-02  9.52207E-04  40.086200  2.486350
3  1100.000000   129.924000    1160.000000   128.135000    1200.000000   123.583000    1.99891E-01  2.00381E-03  19.030400  1.618520
3  1100.000000   129.924000    1200.000000   123.583000    1240.000000   121.871000    1.35439E-01  1.35899E-03  18.645300  1.977850
3  1100.000000   129.924000    1240.000000   121.871000    1280.000000   129.599000    7.55299E-02  7.60556E-04  28.454000  2.882480
3  1100.000000   129.924000    1280.000000   129.599000    1320.000000   143.045000    5.76323E-02  5.82150E-04  33.109000  3.514660
3  1100.000000   129.924000    1320.000000   143.045000    1360.000000   150.159000    3.10561E-02  3.21769E-04  30.335900  7.587010
3  1100.000000   129.924000    1360.000000   150.159000    1400.000000   160.896000    3.59616E-02  3.73127E-04  28.312300  6.944570
3  1100.000000   129.924000    1400.000000   160.896000    1440.000000   178.173000    2.61327E-02  2.70047E-04  27.311700  7.999390
3  1100.000000   129.924000    2360.000000   52.469000     2400.000000   59.965000     1.35199E-03  2.92481E-05  50.485600  24.000700
3  1100.000000   129.924000    0.000000      94.302000     80.000000     87.439000     1.05887E-02  1.17097E-04  27.398200  11.688500
3  1100.000000   129.924000    40.000000     87.181000     120.000000    88.121000     8.49284E-03  1.01075E-04  28.911700  12.637000
3  1100.000000   129.924000    400.000000    115.247000    480.000000    120.110000    1.68614E-02  1.76011E-04  24.710800  9.731130
3  1100.000000   129.924000    440.000000    111.533000    520.000000    115.268000    1.44985E-02  1.52244E-04  25.333600  10.258600
3  1100.000000   129.924000    480.000000    120.110000    560.000000    123.811000    1.54538E-02  1.62277E-04  24.641200  10.258600
3  1100.000000   129.924000    520.000000    115.268000    600.000000    124.839000    1.91195E-02  1.98409E-04  25.455700  9.124750
3  1100.000000   129.924000    560.000000    123.811000    640.000000    115.456000    1.78154E-02  1.85968E-04  26.801500  9.731140
3  1100.000000   129.924000    600.000000    124.839000    680.000000    99.357000     2.40063E-02  2.48568E-04  26.952500  9.032710
3  1100.000000   129.924000    640.000000    115.456000    720.000000    100.587000    3.12057E-02  3.23279E-04  25.941000  7.586660
3  1100.000000   129.924000    680.000000    99.357000     760.000000    98.622000     3.95735E-02  4.03258E-04  26.191200  4.776910
3  1100.000000   129.924000    1440.000000   178.173000    1520.000000   178.674000    2.16379E-02  2.24052E-04  25.831400  9.032840
3  1100.000000   129.924000    1480.000000   197.065000    1560.000000   156.964000    2.33658E-02  2.41953E-04  26.872100  9.032900
3  1100.000000   129.924000    1520.000000   178.674000    1600.000000   137.193000    2.87115E-02  2.97471E-04  25.166600  7.587040
3  1100.000000   129.924000    1560.000000   156.964000    1640.000000   122.640000    3.78621E-02  3.85928E-04  24.923900  4.778100
3  1100.000000   129.924000    1600.000000   137.193000    1680.000000   100.508000    4.32567E-02  4.38770E-04  25.481500  4.193600
3  1100.000000   129.924000    1640.000000   122.640000    1720.000000   92.752000     4.27254E-02  4.33381E-04  26.966700  4.193400
3  1100.000000   129.924000    1680.000000   100.508000    1760.000000   89.581000     3.41467E-02  3.54272E-04  27.010300  6.944160
3  1100.000000   129.924000    1720.000000   92.752000     1800.000000   73.849000     3.29746E-02  3.42102E-04  24.301000  6.944040
3  1100.000000   129.924000    2280.000000   42.192000     2360.000000   52.469000     4.20841E-03  5.83614E-05  50.828500  14.192400
3  1100.000000   129.924000    2320.000000   45.283000     2400.000000   59.965000     2.86745E-03  4.12649E-05  50.534400  15.033000
3  1100.000000   129.924000    0.000000      94.302000     160.000000    96.899000     1.91348E-02  1.98791E-04  27.327600  9.186450
3  1100.000000   129.924000    40.000000     87.181000     200.000000    103.483000    1.69744E-02  1.77968E-04  26.134200  9.837730
3  1100.000000   129.924000    80.000000     87.439000     240.000000    107.360000    1.55534E-02  1.62466E-04  23.599300  9.743080
3  1100.000000   129.924000    120.000000    88.121000     280.000000    105.248000    1.80226E-02  1.88163E-04  21.484400  9.735690
3  1100.000000   129.924000    160.000000    96.899000     320.000000    113.072000    1.88433E-02  1.95588E-04  20.054300  9.124770
3  1100.000000   129.924000    200.000000    103.483000    360.000000    115.089000    2.02036E-02  2.09681E-04  20.812300  9.124790
3  1100.000000   129.924000    240.000000    107.360000    400.000000    115.247000    2.23408E-02  2.31343E-04  21.707000  9.032700
3  1100.000000   129.924000    280.000000    105.248000    440.000000    111.533000    2.34595E-02  2.42907E-04  22.832800  9.032740
3  1100.000000   129.924000    1760.000000   89.581000     1920.000000   57.532000     5.89845E-02  5.94971E-04  24.668600  3.300150
3  1100.000000   129.924000    1800.000000   73.849000     1960.000000   54.922000     4.76225E-02  4.83830E-04  27.027200  4.192110
3  1100.000000   129.924000    1840.000000   69.746000     2000.000000   51.429000     3.35808E-02  3.50399E-04  28.904500  6.943790
3  1100.000000   129.924000    1880.000000   67.320000     2040.000000   51.134000     2.38937E-02  2.52879E-04  31.949600  9.046650
3  1100.000000   129.924000    1920.000000   57.532000     2080.000000   47.855000     1.75452E-02  1.90365E-04  37.862900  9.800300
3  1100.000000   129.924000    1960.000000   54.922000     2120.000000   51.358000     1.08852E-02  1.18556E-04  42.303400  11.691700
3  1100.000000   129.924000    2000.000000   51.429000     2160.000000   53.175000     8.84943E-03  1.01139E-04  48.613600  12.631700
3  1100.000000   129.924000    2040.000000   51.134000     2200.000000   49.089000     6.91679E-03  9.26781E-05  55.259300  13.056400
3  1100.000000   129.924000    2080.000000   47.855000     2240.000000   45.045000     5.87382E-03  7.87057E-05  57.085500  13.056600
3  1100.000000   129.924000    2120.000000   51.358000     2280.000000   42.192000     6.39763E-03  8.57225E-05  53.834800  13.056500
3  1100.000000   129.924000    2160.000000   53.175000     2320.000000   45.283000     7.61566E-03  8.70356E-05  51.076800  12.628800
3  1100.000000   129.924000    2200.000000   49.089000     2360.000000   52.469000     8.02580E-03  9.17237E-05  50.980100  12.628500
3  1100.000000   129.924000    2240.000000   45.045000     2400.000000   59.965000     7.94712E-03  9.08253E-05  51.093900  12.628700
3  1140.000000   132.283000    0.000000      94.302000     40.000000     87.181000     5.76317E-03  7.99242E-05  36.711700  14.192400
3  1140.000000   132.283000    800.000000    109.655000    840.000000    115.365000    3.45776E-02  3.58670E-04  22.755800  6.943490
3  1140.000000   132.283000    880.000000    118.144000    920.000000    132.008000    4.12278E-02  4.20115E-04  19.477300  4.776880
3  1140.000000   132.283000    920.000000    132.008000    960.000000    128.518000    4.01568E-02  4.09202E-04  22.305800  4.776880
3  1140.000000   132.283000    960.000000    128.518000    1000.000000   116.905000    5.87860E-02  5.93674E-04  21.865300  3.537440
3  1140.000000   132.283000    1000.000000   116.905000    1040.000000   108.286000    5.78889E-02  5.83833E-04  39.819000  3.299660
3  1140.000000   132.283000    1040.000000   108.286000    1080.000000   117.343000    2.80288E-01  2.80863E-03  21.007400  1.422910
3  1140.000000   132.283000    1200.000000   123.583000    1240.000000   121.871000    2.06528E-01  2.07011E-03  14.442600  1.618320
3  1140.000000   132.283000    1240.000000   121.871000    1280.000000   129.599000    1.02088E-01  1.02558E-03  24.946100  2.436100
3  1140.000000   132.283000    1280.000000   129.599000    1320.000000   143.045000    7.16589E-02  7.21426E-04  31.499300  2.881580
3  1140.000000   132.283000    1360.000000   150.159000    1400.000000   160.896000    4.20992E-02  4.28999E-04  26.916200  4.776940
3  1140.000000   132.283000    1400.000000   160.896000    1440.000000   178.173000    3.02419E-02  3.13294E-04  25.952300  7.586650
3  1140.000000   132.283000    1440.000000   178.173000    1480.000000   197.065000    1.22608E-02  1.29974E-04  23.215600  10.889400
3  1140.000000   132.283000    2360.000000   52.469000     2400.000000   59.965000     1.41991E-03  3.07175E-05  30.977800  24.000700
3  1140.000000   132.283000    0.000000      94.302000     80.000000     87.439000     1.01448E-02  1.09909E-04  34.455900  11.682200
3  1140.000000   132.283000    40.000000     87.181000     120.000000    88.121000     8.16253E-03  9.32855E-05  29.737900  12.628500
3  1140.000000   132.283000    440.000000    111.533000    520.000000    115.268000    1.36686E-02  1.43530E-04  27.118200  10.258600
3  1140.000000   132.283000    480.000000    120.110000    560.000000    123.811000    1.45079E-02  1.52343E-04  26.481800  10.258600
3  1140.000000   132.283000    520.000000    115.268000    600.000000    124.839000    1.78925E-02  1.86773E-04  27.300000  9.731150
3  1140.000000   132.283000    560.000000    123.811000    640.000000    115.456000    1.65958E-02  1.73237E-04  28.657100  9.731110
3  1140.000000   132.283000    600.000000    124.839000    680.000000    99.357000     2.22567E-02  2.30453E-04  28.753900  9.032710
3  1140.000000   132.283000    640.000000    115.456000    720.000000    100.587000    2.87891E-02  2.98244E-04  27.943400  7.586620
3  1140.000000   132.283000    680.000000    99.357000     760.000000    98.622000     3.62190E-02  3.75696E-04  27.070800  6.943470
3  1140.000000   132.283000    720.000000    100.587000    800.000000    109.655000    4.98164E-02  5.05143E-04  25.950400  4.191720
3  1140.000000   132.283000    1480.000000   197.065000    1560.000000   156.964000    2.62174E-02  2.70873E-04  24.874600  7.998660
3  1140.000000   132.283000    1520.000000   178.674000    1600.000000   137.193000    3.19425E-02  3.31336E-04  22.695300  6.943520
3  1140.000000   132.283000    1560.000000   156.964000    1640.000000   122.640000    4.17940E-02  4.25889E-04  21.975400  4.776960
3  1140.000000   132.283000    1600.000000   137.193000    1680.000000   100.508000    4.74813E-02  4.81470E-04  22.290700  4.191840
3  1140.000000   132.283000    1640.000000   122.640000    1720.000000   92.752000     4.66408E-02  4.72947E-04  23.349600  4.191840
3  1140.000000   132.283000    1680.000000   100.508000    1760.000000   89.581000     3.71114E-02  3.78173E-04  23.158900  4.776980
3  1140.000000   132.283000    1720.000000   92.752000     1800.000000   73.849000     3.57134E-02  3.70452E-04  20.071800  6.943520
3  1140.000000   132.283000    1760.000000   89.581000     1840.000000   69.746000     4.04087E-02  4.11773E-04  20.109700  4.776950
3  1140.000000   132.283000    2280.000000   42.192000     2360.000000   52.469000     4.41658E-03  6.12478E-05  31.586100  14.192400
3  1140.000000   132.283000    2320.000000   45.283000     2400.000000   59.965000     3.01042E-03  4.33224E-05  31.175000  15.033000
3  1140.000000   132.283000    0.000000      94.302000     160.000000    96.899000     1.83644E-02  1.90637E-04  30.865000  9.125690
3  1140.000000   132.283000    40.000000     87.181000     200.000000    103.483000    1.63165E-02  1.70326E-04  26.723900  9.731260
3  1140.000000   132.283000    80.000000     87.439000     240.000000    107.360000    1.49484E-02  1.56970E-04  24.032800  10.258700
3  1140.000000   132.283000    120.000000    88.121000     280.000000    105.248000    1.72837E-02  1.80425E-04  22.689000  9.731350
3  1140.000000   132.283000    160.000000    96.899000     320.000000    113.072000    1.80378E-02  1.88289E-04  22.113700  9.731110
3  1140.000000   132.283000    200.000000    103.483000    360.000000    115.089000    1.92943E-02  2.00223E-04  22.769200  9.124720
3  1140.000000   132.283000    240.000000    107.360000    400.000000    115.247000    2.12877E-02  2.20419E-04  23.675200  9.032710
3  1140.000000   132.283000    280.000000    105.248000    440.000000    111.533000    2.22825E-02  2.30720E-04  24.758500  9.032730
3  1140.000000   132.283000    320.000000    113.072000    480.000000    120.110000    2.59095E-02  2.67692E-04  25.848600  7.998660
3  1140.000000   132.283000    1800.000000   73.849000     1960.000000   54.922000     5.11865E-02  5.16948E-04  21.698200  3.514350
3  1140.000000   132.283000    1840.000000   69.746000     2000.000000   51.429000     3.60694E-02  3.74180E-04  23.132000  6.943970
3  1140.000000   132.283000    1880.000000   67.320000     2040.000000   51.134000     2.56351E-02  2.64949E-04  25.148200  8.000470
3  1140.000000   132.283000    1920.000000   57.532000     2080.000000   47.855000     1.88044E-02  1.95265E-04  29.329400  9.127710
3  1140.000000   132.283000    1960.000000   54.922000     2120.000000   51.358000     1.16100E-02  1.23079E-04  30.768400  10.889900
3  1140.000000   132.283000    2000.000000   51.429000     2160.000000   53.175000     9.39034E-03  1.01736E-04  33.948600  11.682500
3  1140.000000   132.283000    2040.000000   51.134000     2200.000000   49.089000     7.32184E-03  8.36776E-05  38.250600  12.628500
3  1140.000000   132.283000    2080.000000   47.855000     2240.000000   45.045000     6.18750E-03  8.29045E-05  38.571500  13.056400
3  1140.000000   132.283000    2120.000000   51.358000     2280.000000   42.192000     6.73743E-03  9.02728E-05  34.981500  13.056400
3  1140.000000   132.283000    2160.000000   53.175000     2320.000000   45.283000     8.00905E-03  9.15314E-05  32.272800  12.628500
3  1140.000000   132.283000    2200.000000   49.089000     2360.000000   52.469000     8.43360E-03  9.63834E-05  31.997200  12.628500
3  1140.000000   132.283000    2240.000000   45.045000     2400.000000   59.965000     8.34665E-03  9.53897E-05  31.962600  12.628500
3  1180.000000   121.308000    0.000000      94.302000     40.000000     87.181000     5.53001E-03  7.66885E-05  6.368270  14.192400
3  1180.000000   121.308000    840.000000    115.365000    880.000000    118.144000    3.09882E-02  3.21025E-04  21.867300  7.586620
3  1180.000000   121.308000    880.000000    118.144000    920.000000    132.008000    3.53057E-02  3.66222E-04  20.966300  6.943480
3  1180.000000   121.308000    920.000000    132.008000    960.000000    128.518000    3.35799E-02  3.48321E-04  23.815400  6.943470
3  1180.000000   121.308000    960.000000    128.518000    1000.000000   116.905000    4.86409E-02  4.93228E-04  22.555900  4.193020
3  1180.000000   121.308000    1000.000000   116.905000    1040.000000   108.286000    4.24142E-02  4.30093E-04  39.486200  4.223950
3  1180.000000   121.308000    1040.000000   108.286000    1080.000000   117.343000    1.65623E-01  1.66097E-03  24.656200  1.826910
3  1180.000000   121.308000    1080.000000   117.343000    1120.000000   134.172000    1.82131E-01  1.82654E-03  16.071500  1.826990
3  1180.000000   121.308000    1240.000000   121.871000    1280.000000   129.599000    1.65058E-01  1.65532E-03  19.567900  1.826560
3  1180.000000   121.308000    1280.000000   129.599000    1320.000000   143.045000    1.00483E-01  1.00946E-03  29.889000  2.436050
3  1180.000000   121.308000    1320.000000   143.045000    1360.000000   150.159000    4.80544E-02  4.87281E-04  29.984300  4.191710
3  1180.000000   121.308000    1360.000000   150.159000    1400.000000   160.896000    5.28067E-02  5.33284E-04  26.272800  3.513700
3  1180.000000   121.308000    1400.000000   160.896000    1440.000000   178.173000    3.62022E-02  3.75522E-04  25.240200  6.943480
3  1180.000000   121.308000    1440.000000   178.173000    1480.000000   197.065000    1.45492E-02  1.52777E-04  22.421200  10.258600
3  1180.000000   121.308000    1480.000000   197.065000    1520.000000   178.674000    1.42344E-02  1.49471E-04  23.696900  10.258600
3  1180.000000   121.308000    2360.000000   52.469000     2400.000000   59.965000     1.49932E-03  2.34588E-05  15.416900  17.471400
3  1180.000000   121.308000    0.000000      94.302000     80.000000     87.439000     9.73053E-03  1.05421E-04  6.598310  11.682200
3  1180.000000   121.308000    40.000000     87.181000     120.000000    88.121000     7.81833E-03  8.93612E-05  6.872770  12.630900
3  1180.000000   121.308000    480.000000    120.110000    560.000000    123.811000    1.35557E-02  1.42346E-04  26.127200  10.258600
3  1180.000000   121.308000    520.000000    115.268000    600.000000    124.839000    1.66717E-02  1.74029E-04  27.205900  9.731120
3  1180.000000   121.308000    560.000000    123.811000    640.000000    115.456000    1.53968E-02  1.61679E-04  28.775600  10.258600
3  1180.000000   121.308000    600.000000    124.839000    680.000000    99.357000     2.05603E-02  2.13360E-04  29.064000  9.124770
3  1180.000000   121.308000    640.000000    115.456000    720.000000    100.587000    2.64841E-02  2.73628E-04  28.455600  7.998640
3  1180.000000   121.308000    680.000000    99.357000     760.000000    98.622000     3.30280E-02  3.42596E-04  27.296200  6.943470
3  1180.000000   121.308000    720.000000    100.587000    800.000000    109.655000    4.48600E-02  4.54885E-04  26.348600  4.191700
3  1180.000000   121.308000    760.000000    98.622000     840.000000    115.365000    5.58689E-02  5.64209E-04  24.510600  3.513680
3  1180.000000   121.308000    1520.000000   178.674000    1600.000000   137.193000    3.62874E-02  3.76406E-04  21.681500  6.943490
3  1180.000000   121.308000    1560.000000   156.964000    1640.000000   122.640000    4.69685E-02  4.76270E-04  20.891300  4.191720
3  1180.000000   121.308000    1600.000000   137.193000    1680.000000   100.508000    5.29529E-02  5.34761E-04  20.967000  3.513690
3  1180.000000   121.308000    1640.000000   122.640000    1720.000000   92.752000     5.17027E-02  5.22135E-04  21.870800  3.513690
3  1180.000000   121.308000    1680.000000   100.508000    1760.000000   89.581000     4.09361E-02  4.17147E-04  21.530100  4.776890
3  1180.000000   121.308000    1720.000000   92.752000     1800.000000   73.849000     3.91831E-02  3.99280E-04  18.221600  4.776880
3  1180.000000   121.308000    1760.000000   89.581000     1840.000000   69.746000     4.41474E-02  4.47659E-04  18.183500  4.191730
3  1180.000000   121.308000    1800.000000   73.849000     1880.000000   67.320000     3.54102E-02  3.67306E-04  17.926700  6.943510
3  1180.000000   121.308000    2280.000000   42.192000     2360.000000   52.469000     4.66729E-03  6.47246E-05  15.965800  14.192400
3  1180.000000   121.308000    2320.000000   45.283000     2400.000000   59.965000     3.18042E-03  4.57688E-05  16.404400  15.033000
3  1180.000000   121.308000    0.000000      94.302000     160.000000    96.899000     1.75916E-02  1.83656E-04  7.615390  9.731260
3  1180.000000   121.308000    40.000000     87.181000     200.000000    103.483000    1.56082E-02  1.63922E-04  8.849020  10.258700
3  1180.000000   121.308000    80.000000     87.439000     240.000000    107.360000    1.42788E-02  1.50003E-04  10.183900  10.259000
3  1180.000000   121.308000    120.000000    88.121000     280.000000    105.248000    1.64736E-02  1.72007E-04  13.081100  9.731160
3  1180.000000   121.308000    160.000000    96.899000     320.000000    113.072000    1.71598E-02  1.79124E-04  15.182500  9.731110
3  1180.000000   121.308000    200.000000    103.483000    360.000000    115.089000    1.83203E-02  1.90115E-04  17.429900  9.124720
3  1180.000000   121.308000    240.000000    107.360000    400.000000    115.247000    2.01721E-02  2.09332E-04  19.288400  9.124710
3  1180.000000   121.308000    280.000000    105.248000    440.000000    111.533000    2.10525E-02  2.18468E-04  21.690000  9.124740
3  1180.000000   121.308000    320.000000    113.072000    480.000000    120.110000    2.44065E-02  2.52163E-04  23.697600  7.998660
3  1180.000000   121.308000    360.000000    115.089000    520.000000    115.268000    2.42359E-02  2.50400E-04  24.839500  7.998640
3  1180.000000   121.308000    1840.000000   69.746000     2000.000000   51.429000     3.91282E-02  3.98720E-04  20.884600  4.776940
3  1180.000000   121.308000    1880.000000   67.320000     2040.000000   51.134000     2.77689E-02  2.87711E-04  22.791700  7.586620
3  1180.000000   121.308000    1920.000000   57.532000     2080.000000   47.855000     2.03255E-02  2.11038E-04  26.539300  9.124750
3  1180.000000   121.308000    1960.000000   54.922000     2120.000000   51.358000     1.24778E-02  1.32307E-04  25.280400  10.889400
3  1180.000000   121.308000    2000.000000   51.429000     2160.000000   53.175000     1.00330E-02  1.08714E-04  25.852800  11.682200
3  1180.000000   121.308000    2040.000000   51.134000     2200.000000   49.089000     7.78514E-03  8.89725E-05  27.114000  12.628500
3  1180.000000   121.308000    2080.000000   47.855000     2240.000000   45.045000     6.55140E-03  8.77802E-05  24.510600  13.056400
3  1180.000000   121.308000    2120.000000   51.358000     2280.000000   42.192000     7.12589E-03  9.54777E-05  21.042000  13.056400
3  1180.000000   121.308000    2160.000000   53.175000     2320.000000   45.283000     8.46807E-03  9.67773E-05  17.814800  12.628500
3  1180.000000   121.308000    2200.000000   49.089000     2360.000000   52.469000     8.91550E-03  1.01891E-04  17.146800  12.628500
3  1180.000000   121.308000    2240.000000   45.045000     2400.000000   59.965000     8.82082E-03  1.00809E-04  16.535500  12.628500
3  1220.000000   115.808000    0.000000      94.302000     40.000000     87.181000     5.34053E-03  7.40614E-05  27.760600  14.193200
3  1220.000000   115.808000    880.000000    118.144000    920.000000    132.008000    3.05228E-02  3.16204E-04  21.067000  7.586620
3  1220.000000   115.808000    920.000000    132.008000    960.000000    128.518000    2.85971E-02  2.96255E-04  23.971300  7.586620
3  1220.000000   115.808000    960.000000    128.518000    1000.000000   116.905000    4.07982E-02  4.15738E-04  22.941400  4.777380
3  1220.000000   115.808000    1000.000000   116.905000    1040.000000   108.286000    3.28350E-02  3.40594E-04  39.618400  6.959150
3  1220.000000   115.808000    1040.000000   108.286000    1080.000000   117.343000    1.12322E-01  1.12757E-03  27.531400  2.194170
3  1220.000000   115.808000    1080.000000   117.343000    1120.000000   134.172000    1.05531E-01  2.63672E-03  4.511290  16.617900
3  1220.000000   115.808000    1120.000000   134.172000    1160.000000   128.135000    1.45400E-01  1.45868E-03  14.676100  1.977650
3  1220.000000   115.808000    1280.000000   129.599000    1320.000000   143.045000    2.08558E-01  2.14954E-03  29.265700  3.200020
3  1220.000000   115.808000    1320.000000   143.045000    1360.000000   150.159000    7.76038E-02  7.81292E-04  27.782400  2.881700
3  1220.000000   115.808000    1360.000000   150.159000    1400.000000   160.896000    7.81435E-02  7.86803E-04  25.805300  2.882090
3  1220.000000   115.808000    1400.000000   160.896000    1440.000000   178.173000    4.93324E-02  5.00408E-04  25.024100  4.195310
3  1220.000000   115.808000    1440.000000   178.173000    1480.000000   197.065000    1.90407E-02  1.97673E-04  22.403600  9.126690
3  1220.000000   115.808000    1480.000000   197.065000    1520.000000   178.674000    1.76630E-02  1.84663E-04  22.587000  9.745050
3  1220.000000   115.808000    1520.000000   178.674000    1560.000000   156.964000    1.93161E-02  2.00617E-04  24.127900  9.128480
3  1220.000000   115.808000    2360.000000   52.469000     2400.000000   59.965000     1.61340E-03  2.52437E-05  27.630200  17.471400
3  1220.000000   115.808000    0.000000      94.302000     80.000000     87.439000     9.38944E-03  1.01725E-04  26.659200  11.682400
3  1220.000000   115.808000    40.000000     87.181000     120.000000    88.121000     7.52901E-03  8.60460E-05  24.282000  12.628500
3  1220.000000   115.808000    520.000000    115.268000    600.000000    124.839000    1.55250E-02  1.62059E-04  27.049300  9.731110
3  1220.000000   115.808000    560.000000    123.811000    640.000000    115.456000    1.42782E-02  1.49931E-04  28.596800  10.258600
3  1220.000000   115.808000    600.000000    124.839000    680.000000    99.357000     1.89859E-02  1.97022E-04  28.895900  9.124710
3  1220.000000   115.808000    640.000000    115.456000    720.000000    100.587000    2.43478E-02  2.51557E-04  28.283000  7.998640
3  1220.000000   115.808000    680.000000    99.357000     760.000000    98.622000     3.01438E-02  3.12278E-04  27.114700  7.586620
3  1220.000000   115.808000    720.000000    100.587000    800.000000    109.655000    4.04992E-02  4.12691E-04  26.278800  4.776880
3  1220.000000   115.808000    760.000000    98.622000     840.000000    115.365000    4.98469E-02  5.05453E-04  24.512600  4.191700
3  1220.000000   115.808000    800.000000    109.655000    880.000000    118.144000    5.41343E-02  5.46691E-04  22.642600  3.513700
3  1220.000000   115.808000    1600.000000   137.193000    1680.000000   100.508000    6.10071E-02  6.15281E-04  22.076500  3.299690
3  1220.000000   115.808000    1640.000000   122.640000    1720.000000   92.752000     5.89972E-02  5.95010E-04  23.266200  3.299630
3  1220.000000   115.808000    1680.000000   100.508000    1760.000000   89.581000     4.65390E-02  4.71910E-04  23.167400  4.191700
3  1220.000000   115.808000    1720.000000   92.752000     1800.000000   73.849000     4.41910E-02  4.48101E-04  20.079600  4.191700
3  1220.000000   115.808000    1760.000000   89.581000     1840.000000   69.746000     4.94917E-02  5.01851E-04  20.184700  4.191710
3  1220.000000   115.808000    1800.000000   73.849000     1880.000000   67.320000     3.96205E-02  4.03737E-04  20.045700  4.776900
3  1220.000000   115.808000    1840.000000   69.746000     1920.000000   57.532000     2.80115E-02  2.90188E-04  19.512000  7.586660
3  1220.000000   115.808000    2280.000000   42.192000     2360.000000   52.469000     5.02688E-03  6.97118E-05  27.810700  14.192400
3  1220.000000   115.808000    2320.000000   45.283000     2400.000000   59.965000     3.42400E-03  4.92741E-05  27.999900  15.033000
3  1220.000000   115.808000    0.000000      94.302000     160.000000    96.899000     1.69420E-02  1.76859E-04  25.071100  9.731110
3  1220.000000   115.808000    40.000000     87.181000     200.000000    103.483000    1.49968E-02  1.57489E-04  22.956700  10.258600
3  1220.000000   115.808000    80.000000     87.439000     240.000000    107.360000    1.36892E-02  1.43769E-04  21.482000  10.258600
3  1220.000000   115.808000    120.000000    88.121000     280.000000    105.248000    1.57478E-02  1.64415E-04  21.043200  9.731110
3  1220.000000   115.808000    160.000000    96.899000     320.000000    113.072000    1.63636E-02  1.70813E-04  20.807700  9.731130
3  1220.000000   115.808000    200.000000    103.483000    360.000000    115.089000    1.74340E-02  1.81987E-04  21.644200  9.731110
3  1220.000000   115.808000    240.000000    107.360000    400.000000    115.247000    1.91600E-02  1.98829E-04  22.652200  9.124710
3  1220.000000   115.808000    280.000000    105.248000    440.000000    111.533000    1.99346E-02  2.06867E-04  23.862400  9.124730
3  1220.000000   115.808000    320.000000    113.072000    480.000000    120.110000    2.30412E-02  2.38575E-04  25.059700  9.032700
3  1220.000000   115.808000    360.000000    115.089000    520.000000    115.268000    2.28234E-02  2.36320E-04  25.742500  9.032740
3  1220.000000   115.808000    400.000000    115.247000    560.000000    123.811000    2.67718E-02  2.76601E-04  25.956200  7.998640
3  1220.000000   115.808000    1880.000000   67.320000     2040.000000   51.134000     3.08916E-02  3.20040E-04  25.344400  7.586970
3  1220.000000   115.808000    1920.000000   57.532000     2080.000000   47.855000     2.25420E-02  2.33429E-04  29.478300  9.033170
3  1220.000000   115.808000    1960.000000   54.922000     2120.000000   51.358000     1.37520E-02  1.44406E-04  30.012900  10.258600
3  1220.000000   115.808000    2000.000000   51.429000     2160.000000   53.175000     1.09718E-02  1.18872E-04  32.355900  11.682500
3  1220.000000   115.808000    2040.000000   51.134000     2200.000000   49.089000     8.46853E-03  9.67826E-05  35.767500  12.628500
3  1220.000000   115.808000    2080.000000   47.855000     2240.000000   45.045000     7.09121E-03  9.50144E-05  35.204300  13.056500
3  1220.000000   115.808000    2120.000000   51.358000     2280.000000   42.192000     7.69227E-03  8.79111E-05  31.785300  12.628500
3  1220.000000   115.808000    2160.000000   53.175000     2320.000000   45.283000     9.13000E-03  1.04342E-04  28.879100  12.628500
3  1220.000000   115.808000    2200.000000   49.089000     2360.000000   52.469000     9.60844E-03  1.04098E-04  28.444000  11.682200
3  1220.000000   115.808000    2240.000000   45.045000     2400.000000   59.965000     9.50225E-03  1.02948E-04  28.249900  11.682200
3  1260.000000   129.079000    0.000000      94.302000     40.000000     87.181000     4.94282E-03  7.07046E-05  14.177100  14.224300
3  1260.000000   129.079000    920.000000    132.008000    960.000000    128.518000    2.30619E-02  2.38790E-04  28.308100  9.034520
3  1260.000000   129.079000    960.000000    128.518000    1000.000000   116.905000    3.25779E-02  3.37931E-04  23.309400  6.950380
3  1260.000000   129.079000    1000.000000   116.905000    1040.000000   108.286000    2.47855E-02  2.56081E-04  39.141500  7.999440
3  1260.000000   129.079000    1040.000000   108.286000    1080.000000   117.343000    7.36650E-02  7.41630E-04  31.905000  2.897520
3  1260.000000   129.079000    1080.000000   117.343000    1120.000000   134.172000    6.35465E-02  6.40892E-04  27.568600  3.301590
3  1260.000000   129.079000    1120.000000   134.172000    1160.000000   128.135000    7.54518E-02  7.59619E-04  24.426000  2.881850
3  1260.000000   129.079000    1160.000000   128.135000    1200.000000   123.583000    1.51746E-01  1.52238E-03  23.392600  1.978010
3  1260.000000   129.079000    1320.000000   143.045000    1360.000000   150.159000    1.85069E-01  1.85617E-03  26.456100  1.828560
3  1260.000000   129.079000    1360.000000   150.159000    1400.000000   160.896000    1.55278E-01  1.55806E-03  26.015200  1.977930
3  1260.000000   129.079000    1400.000000   160.896000    1440.000000   178.173000    8.66879E-02  8.71586E-04  25.344900  2.692910
3  1260.000000   129.079000    1440.000000   178.173000    1480.000000   197.065000    3.01589E-02  3.12455E-04  22.990300  7.586790
3  1260.000000   129.079000    1480.000000   197.065000    1520.000000   178.674000    2.61569E-02  2.70271E-04  24.309600  7.998800
3  1260.000000   129.079000    1520.000000   178.674000    1560.000000   156.964000    2.76480E-02  2.85690E-04  23.758800  7.998860
3  1260.000000   129.079000    1560.000000   156.964000    1600.000000   137.193000    3.30182E-02  3.42617E-04  21.927300  6.944180
3  1260.000000   129.079000    2360.000000   52.469000     2400.000000   59.965000     1.77882E-03  2.78320E-05  33.234800  17.471400
3  1260.000000   129.079000    0.000000      94.302000     80.000000     87.439000     8.68210E-03  1.00064E-04  15.289000  12.628900
3  1260.000000   129.079000    40.000000     87.181000     120.000000    88.121000     6.93585E-03  9.29348E-05  16.245900  13.056400
3  1260.000000   129.079000    560.000000    123.811000    640.000000    115.456000    1.25449E-02  1.32986E-04  28.118000  10.889700
3  1260.000000   129.079000    600.000000    124.839000    680.000000    99.357000     1.65979E-02  1.73260E-04  28.640600  9.731420
3  1260.000000   129.079000    640.000000    115.456000    720.000000    100.587000    2.11984E-02  2.19497E-04  27.949600  9.033110
3  1260.000000   129.079000    680.000000    99.357000     760.000000    98.622000     2.60197E-02  2.68833E-04  27.414200  7.999030
3  1260.000000   129.079000    720.000000    100.587000    800.000000    109.655000    3.44884E-02  3.57748E-04  27.389300  6.944070
3  1260.000000   129.079000    760.000000    98.622000     840.000000    115.365000    4.22989E-02  4.31034E-04  24.872400  4.777330
3  1260.000000   129.079000    800.000000    109.655000    880.000000    118.144000    4.57232E-02  4.63642E-04  22.627000  4.192120
3  1260.000000   129.079000    840.000000    115.365000    920.000000    132.008000    4.80530E-02  4.87267E-04  21.801600  4.193040
3  1260.000000   129.079000    1600.000000   137.193000    1680.000000   100.508000    7.99184E-02  8.05506E-04  22.594300  2.884890
3  1260.000000   129.079000    1640.000000   122.640000    1720.000000   92.752000     7.54664E-02  7.67614E-04  23.575600  2.940520
3  1260.000000   129.079000    1680.000000   100.508000    1760.000000   89.581000     5.85103E-02  5.98841E-04  23.608900  3.578320
3  1260.000000   129.079000    1720.000000   92.752000     1800.000000   73.849000     5.46478E-02  6.14493E-04  14.264300  6.363690
3  1260.000000   129.079000    1760.000000   89.581000     1840.000000   69.746000     6.05113E-02  6.52487E-04  15.269200  5.554770
3  1260.000000   129.079000    1800.000000   73.849000     1880.000000   67.320000     4.79064E-02  4.85809E-04  21.593600  4.191750
3  1260.000000   129.079000    1840.000000   69.746000     1920.000000   57.532000     3.36202E-02  3.48796E-04  21.099800  6.943730
3  1260.000000   129.079000    1880.000000   67.320000     1960.000000   54.922000     2.68050E-02  2.77067E-04  27.225100  7.998860
3  1260.000000   129.079000    2280.000000   42.192000     2360.000000   52.469000     5.55793E-03  7.70763E-05  33.457000  14.192400
3  1260.000000   129.079000    2320.000000   45.283000     2400.000000   59.965000     3.78265E-03  5.44354E-05  32.282700  15.033000
3  1260.000000   129.079000    0.000000      94.302000     160.000000    96.899000     1.56154E-02  1.64046E-04  15.705700  10.260400
3  1260.000000   129.079000    40.000000     87.181000     200.000000    103.483000    1.37777E-02  1.44702E-04  15.998300  10.259600
3  1260.000000   129.079000    80.000000     87.439000     240.000000    107.360000    1.25369E-02  1.32902E-04  15.494300  10.889600
3  1260.000000   129.079000    120.000000    88.121000     280.000000    105.248000    1.43699E-02  1.50898E-04  16.059800  10.258600
3  1260.000000   129.079000    160.000000    96.899000     320.000000    113.072000    1.48814E-02  1.56268E-04  16.577400  10.258600
3  1260.000000   129.079000    200.000000    103.483000    360.000000    115.089000    1.58085E-02  1.65022E-04  17.938600  9.731160
3  1260.000000   129.079000    240.000000    107.360000    400.000000    115.247000    1.73206E-02  1.80805E-04  19.301500  9.731140
3  1260.000000   129.079000    280.000000    105.248000    440.000000    111.533000    1.79417E-02  1.89204E-04  21.131100  9.731160
3  1260.000000   129.079000    320.000000    113.072000    480.000000    120.110000    2.06493E-02  2.24995E-04  22.861500  9.124820
3  1260.000000   129.079000    360.000000    115.089000    520.000000    115.268000    2.03849E-02  2.16371E-04  23.897900  9.124950
3  1260.000000   129.079000    400.000000    115.247000    560.000000    123.811000    2.38278E-02  2.46975E-04  24.568700  9.032850
3  1260.000000   129.079000    440.000000    111.533000    600.000000    124.839000    2.44379E-02  2.52490E-04  25.820300  7.998940
3  1260.000000   129.079000    1920.000000   57.532000     2080.000000   47.855000     2.65553E-02  2.75084E-04  32.498700  7.999740
3  1260.000000   129.079000    1960.000000   54.922000     2120.000000   51.358000     1.59114E-02  1.76652E-04  33.605200  9.731150
3  1260.000000   129.079000    2000.000000   51.429000     2160.000000   53.175000     1.24784E-02  1.32902E-04  36.991200  10.890100
3  1260.000000   129.079000    2040.000000   51.134000     2200.000000   49.089000     9.44406E-03  1.02321E-04  41.871400  11.682200
3  1260.000000   129.079000    2080.000000   47.855000     2240.000000   45.045000     7.79912E-03  8.91346E-05  41.476000  12.628500
3  1260.000000   129.079000    2120.000000   51.358000     2280.000000   42.192000     8.48370E-03  9.69568E-05  37.775600  12.628500
3  1260.000000   129.079000    2160.000000   53.175000     2320.000000   45.283000     1.01024E-02  1.09452E-04  34.936500  11.682300
3  1260.000000   129.079000    2200.000000   49.089000     2360.000000   52.469000     1.06310E-02  1.15177E-04  33.961300  11.682200
3  1260.000000   129.079000    2240.000000   45.045000     2400.000000   59.965000     1.05025E-02  1.13784E-04  33.834500  11.682300
3  1300.000000   136.311000    0.000000      94.302000     40.000000     87.181000     4.55635E-03  6.32485E-05  13.625000  14.195900
3  1300.000000   136.311000    960.000000    128.518000    1000.000000   116.905000    2.66291E-02  2.75129E-04  19.485900  7.999200
3  1300.000000   136.311000    1000.000000   116.905000    1040.000000   108.286000    1.90652E-02  1.97845E-04  34.623100  9.125100
3  1300.000000   136.311000    1040.000000   108.286000    1080.000000   117.343000    5.13787E-02  5.18868E-04  28.172200  3.514740
3  1300.000000   136.311000    1080.000000   117.343000    1120.000000   134.172000    4.19894E-02  4.27876E-04  25.269700  4.776970
3  1300.000000   136.311000    1120.000000   134.172000    1160.000000   128.135000    4.51794E-02  4.58128E-04  22.660700  4.191760
3  1300.000000   136.311000    1160.000000   128.135000    1200.000000   123.583000    7.48478E-02  7.53530E-04  23.218200  2.881610
3  1300.000000   136.311000    1200.000000   123.583000    1240.000000   121.871000    2.84854E-01  2.86669E-03  22.130400  12.537000
3  1300.000000   136.311000    1360.000000   150.159000    1400.000000   160.896000    4.23258E-01  4.64691E-03  18.161500  2.017530
3  1300.000000   136.311000    1400.000000   160.896000    1440.000000   178.173000    1.97770E-01  6.52441E-03  21.474500  18.521900
3  1300.000000   136.311000    1440.000000   178.173000    1480.000000   197.065000    5.86505E-02  5.92300E-04  19.138500  3.513690
3  1300.000000   136.311000    1480.000000   197.065000    1520.000000   178.674000    4.54018E-02  4.60379E-04  21.115800  4.191700
3  1300.000000   136.311000    1520.000000   178.674000    1560.000000   156.964000    4.44334E-02  4.50559E-04  21.423500  4.191710
3  1300.000000   136.311000    1560.000000   156.964000    1600.000000   137.193000    5.03509E-02  5.08484E-04  20.395800  3.513680
3  1300.000000   136.311000    1600.000000   137.193000    1640.000000   122.640000    5.91323E-02  5.96373E-04  21.990300  3.299640
3  1300.000000   136.311000    2360.000000   52.469000     2400.000000   59.965000     2.01580E-03  3.15398E-05  39.639200  17.471400
3  1300.000000   136.311000    0.000000      94.302000     80.000000     87.439000     7.99440E-03  9.13640E-05  11.776800  12.628500
3  1300.000000   136.311000    40.000000     87.181000     120.000000    88.121000     6.36398E-03  8.52754E-05  8.723580  13.056400
3  1300.000000   136.311000    600.000000    124.839000    680.000000    99.357000     1.44681E-02  1.51927E-04  24.281200  10.258600
3  1300.000000   136.311000    640.000000    115.456000    720.000000    100.587000    1.84060E-02  1.91005E-04  23.783700  9.124750
3  1300.000000   136.311000    680.000000    99.357000     760.000000    98.622000     2.24351E-02  2.32300E-04  24.065300  9.032740
3  1300.000000   136.311000    720.000000    100.587000    800.000000    109.655000    2.94827E-02  3.05429E-04  23.846000  7.586690
3  1300.000000   136.311000    760.000000    98.622000     840.000000    115.365000    3.58358E-02  3.71721E-04  21.215900  6.943540
3  1300.000000   136.311000    800.000000    109.655000    880.000000    118.144000    3.83787E-02  3.91087E-04  19.291800  4.777020
3  1300.000000   136.311000    840.000000    115.365000    920.000000    132.008000    3.98693E-02  4.06276E-04  18.507900  4.777030
3  1300.000000   136.311000    880.000000    118.144000    960.000000    128.518000    3.97225E-02  4.04780E-04  21.449600  4.777070
3  1300.000000   136.311000    1640.000000   122.640000    1720.000000   92.752000     1.03493E-01  1.03970E-03  23.804300  2.436070
3  1300.000000   136.311000    1680.000000   100.508000    1760.000000   89.581000     7.82082E-02  7.87361E-04  24.489900  2.881530
3  1300.000000   136.311000    1720.000000   92.752000     1800.000000   73.849000     7.13576E-02  7.18393E-04  21.709500  2.881530
3  1300.000000   136.311000    1760.000000   89.581000     1840.000000   69.746000     7.74369E-02  7.79596E-04  22.122500  2.881660
3  1300.000000   136.311000    1800.000000   73.849000     1880.000000   67.320000     6.03444E-02  6.08597E-04  22.293400  3.299750
3  1300.000000   136.311000    1840.000000   69.746000     1920.000000   57.532000     4.22010E-02  4.30032E-04  21.930900  4.777000
3  1300.000000   136.311000    1880.000000   67.320000     1960.000000   54.922000     3.33864E-02  3.46317E-04  28.060500  6.943550
3  1300.000000   136.311000    1920.000000   57.532000     2000.000000   51.429000     2.29034E-02  2.37151E-04  33.608300  9.032740
3  1300.000000   136.311000    2280.000000   42.192000     2360.000000   52.469000     6.29795E-03  8.43843E-05  40.295700  13.056400
3  1300.000000   136.311000    2320.000000   45.283000     2400.000000   59.965000     4.30359E-03  5.96809E-05  39.896400  14.192400
3  1300.000000   136.311000    0.000000      94.302000     160.000000    96.899000     1.43373E-02  1.51856E-04  10.598400  10.298700
3  1300.000000   136.311000    40.000000     87.181000     200.000000    103.483000    1.26179E-02  1.34121E-04  9.213920  10.900600
3  1300.000000   136.311000    80.000000     87.439000     240.000000    107.360000    1.14557E-02  1.21443E-04  9.348260  10.889800
3  1300.000000   136.311000    120.000000    88.121000     280.000000    105.248000    1.30910E-02  1.38776E-04  11.156500  10.889500
3  1300.000000   136.311000    160.000000    96.899000     320.000000    113.072000    1.35213E-02  1.42001E-04  12.227100  10.259600
3  1300.000000   136.311000    200.000000    103.483000    360.000000    115.089000    1.43223E-02  1.50474E-04  13.810600  10.260400
3  1300.000000   136.311000    240.000000    107.360000    400.000000    115.247000    1.56403E-02  1.63391E-04  15.204500  9.732760
3  1300.000000   136.311000    280.000000    105.248000    440.000000    111.533000    1.61278E-02  1.68360E-04  16.740700  9.731110
3  1300.000000   136.311000    320.000000    113.072000    480.000000    120.110000    1.84764E-02  1.91750E-04  18.438800  9.124780
3  1300.000000   136.311000    360.000000    115.089000    520.000000    115.268000    1.81772E-02  3.11172E-04  19.398400  9.124780
3  1300.000000   136.311000    400.000000    115.247000    560.000000    123.811000    2.11733E-02  2.19235E-04  19.924700  9.032790
3  1300.000000   136.311000    440.000000    111.533000    600.000000    124.839000    2.16241E-02  2.23902E-04  21.090800  9.032760
3  1300.000000   136.311000    480.000000    120.110000    640.000000    115.456000    2.09218E-02  2.17112E-04  22.068000  9.124750
3  1300.000000   136.311000    1960.000000   54.922000     2120.000000   51.358000     1.91220E-02  1.98454E-04  35.386500  9.125260
3  1300.000000   136.311000    2000.000000   51.429000     2160.000000   53.175000     1.46750E-02  1.54104E-04  39.879600  10.258700
3  1300.000000   136.311000    2040.000000   51.134000     2200.000000   49.089000     1.08579E-02  1.17634E-04  46.159800  11.682200
3  1300.000000   136.311000    2080.000000   47.855000     2240.000000   45.045000     8.80206E-03  1.00594E-04  47.925100  12.628600
3  1300.000000   136.311000    2120.000000   51.358000     2280.000000   42.192000     9.61291E-03  1.04146E-04  43.688400  11.682200
3  1300.000000   136.311000    2160.000000   53.175000     2320.000000   45.283000     1.14680E-02  1.21570E-04  40.620300  10.889400
3  1300.000000   136.311000    2200.000000   49.089000     2360.000000   52.469000     1.20742E-02  1.27996E-04  40.517500  10.889400
3  1300.000000   136.311000    2240.000000   45.045000     2400.000000   59.965000     1.19112E-02  1.26269E-04  40.573100  10.889400
3  1339.000000   148.189000    0.000000      94.302000     40.000000     87.181000     4.39131E-03  6.09004E-05  16.520100  14.193100
3  1339.000000   148.189000    1000.000000   116.905000    1040.000000   108.286000    1.71617E-02  1.79144E-04  36.184600  9.734700
3  1339.000000   148.189000    1040.000000   108.286000    1080.000000   117.343000    4.43747E-02  4.49968E-04  29.096600  4.192910
3  1339.000000   148.189000    1080.000000   117.343000    1120.000000   134.172000    3.58460E-02  3.71827E-04  26.167500  6.943470
3  1339.000000   148.189000    1120.000000   134.172000    1160.000000   128.135000    3.76035E-02  3.83183E-04  23.226500  4.776900
3  1339.000000   148.189000    1160.000000   128.135000    1200.000000   123.583000    5.88976E-02  5.94006E-04  23.401100  3.299640
3  1339.000000   148.189000    1200.000000   123.583000    1240.000000   121.871000    1.91589E-01  1.92137E-03  21.952800  1.826400
3  1339.000000   148.189000    1400.000000   160.896000    1440.000000   178.173000    2.96725E-01  2.97333E-03  13.193200  1.421960
3  1339.000000   148.189000    1440.000000   178.173000    1480.000000   197.065000    8.17288E-02  8.22805E-04  13.955900  2.881530
3  1339.000000   148.189000    1480.000000   197.065000    1520.000000   178.674000    6.03880E-02  6.09037E-04  16.028600  3.299630
3  1339.000000   148.189000    1520.000000   178.674000    1560.000000   156.964000    5.70224E-02  5.75858E-04  16.362800  3.513690
3  1339.000000   148.189000    1560.000000   156.964000    1600.000000   137.193000    6.25367E-02  6.30708E-04  15.538100  3.299640
3  1339.000000   148.189000    1600.000000   137.193000    1640.000000   122.640000    7.15327E-02  7.20155E-04  16.886600  2.881590
3  1339.000000   148.189000    1640.000000   122.640000    1680.000000   100.508000    6.45771E-02  6.51286E-04  16.300400  3.299640
3  1339.000000   148.189000    2360.000000   52.469000     2400.000000   59.965000     2.14201E-03  3.35145E-05  17.543200  17.471400
3  1339.000000   148.189000    0.000000      94.302000     80.000000     87.439000     7.70181E-03  8.80201E-05  16.126900  12.628600
3  1339.000000   148.189000    40.000000     87.181000     120.000000    88.121000     6.11943E-03  8.20083E-05  15.401400  13.056400
3  1339.000000   148.189000    640.000000    115.456000    720.000000    100.587000    1.72631E-02  1.80203E-04  29.121100  9.731110
3  1339.000000   148.189000    680.000000    99.357000     760.000000    98.622000     2.09880E-02  2.17316E-04  29.226700  9.032710
3  1339.000000   148.189000    720.000000    100.587000    800.000000    109.655000    2.75137E-02  2.84266E-04  28.173000  7.998660
3  1339.000000   148.189000    760.000000    98.622000     840.000000    115.365000    3.33407E-02  3.45840E-04  25.252400  6.943490
3  1339.000000   148.189000    800.000000    109.655000    880.000000    118.144000    3.55888E-02  3.69159E-04  23.251100  6.943490
3  1339.000000   148.189000    840.000000    115.365000    920.000000    132.008000    3.68579E-02  3.75586E-04  21.933500  4.776910
3  1339.000000   148.189000    880.000000    118.144000    960.000000    128.518000    3.65867E-02  3.79510E-04  24.737500  6.943480
3  1339.000000   148.189000    920.000000    132.008000    1000.000000   116.905000    4.16930E-02  4.24856E-04  24.709500  4.776950
3  1339.000000   148.189000    1680.000000   100.508000    1760.000000   89.581000     9.07886E-02  9.12553E-04  18.970900  2.690840
3  1339.000000   148.189000    1720.000000   92.752000     1800.000000   73.849000     8.18698E-02  8.22906E-04  15.807700  2.690830
3  1339.000000   148.189000    1760.000000   89.581000     1840.000000   69.746000     8.81476E-02  8.86007E-04  15.841500  2.690840
3  1339.000000   148.189000    1800.000000   73.849000     1880.000000   67.320000     6.81767E-02  6.87589E-04  15.656800  3.299640
3  1339.000000   148.189000    1840.000000   69.746000     1920.000000   57.532000     4.74441E-02  4.81088E-04  15.009200  4.191780
3  1339.000000   148.189000    1880.000000   67.320000     1960.000000   54.922000     3.73683E-02  3.80790E-04  20.703000  4.776990
3  1339.000000   148.189000    1920.000000   57.532000     2000.000000   51.429000     2.55487E-02  2.63964E-04  25.790700  7.998650
3  1339.000000   148.189000    1960.000000   54.922000     2040.000000   51.134000     1.34271E-02  1.41017E-04  21.647400  10.260200
3  1339.000000   148.189000    2280.000000   42.192000     2360.000000   52.469000     6.68768E-03  8.96062E-05  18.195500  13.056400
3  1339.000000   148.189000    2320.000000   45.283000     2400.000000   59.965000     4.58270E-03  6.35515E-05  19.075400  14.192400
3  1339.000000   148.189000    0.000000      94.302000     160.000000    96.899000     1.37910E-02  1.44819E-04  16.198600  10.258700
3  1339.000000   148.189000    40.000000     87.181000     200.000000    103.483000    1.21236E-02  1.28548E-04  16.154200  10.889500
3  1339.000000   148.189000    80.000000     87.439000     240.000000    107.360000    1.09947E-02  1.19187E-04  16.497800  11.682200
3  1339.000000   148.189000    120.000000    88.121000     280.000000    105.248000    1.25461E-02  1.33074E-04  17.997800  10.889400
3  1339.000000   148.189000    160.000000    96.899000     320.000000    113.072000    1.29420E-02  1.37205E-04  19.074800  10.889400
3  1339.000000   148.189000    200.000000    103.483000    360.000000    115.089000    1.36862E-02  1.43715E-04  20.616100  10.258600
3  1339.000000   148.189000    240.000000    107.360000    400.000000    115.247000    1.49161E-02  1.56629E-04  21.980400  10.258600
3  1339.000000   148.189000    280.000000    105.248000    440.000000    111.533000    1.53433E-02  1.61115E-04  23.689900  10.258600
3  1339.000000   148.189000    320.000000    113.072000    480.000000    120.110000    1.75333E-02  1.83023E-04  25.281700  9.731140
3  1339.000000   148.189000    360.000000    115.089000    520.000000    115.268000    1.72213E-02  1.79766E-04  26.172400  9.731140
3  1339.000000   148.189000    400.000000    115.247000    560.000000    123.811000    2.00395E-02  2.07956E-04  26.587800  9.124760
3  1339.000000   148.189000    440.000000    111.533000    600.000000    124.839000    2.04354E-02  2.12064E-04  27.542300  9.124770
3  1339.000000   148.189000    480.000000    120.110000    640.000000    115.456000    1.97333E-02  2.04778E-04  28.223000  9.124730
3  1339.000000   148.189000    520.000000    115.268000    680.000000    99.357000     2.49992E-02  2.58287E-04  28.906900  7.998650
3  1339.000000   148.189000    2000.000000   51.429000     2160.000000   53.175000     1.59181E-02  1.66167E-04  26.490000  9.731140
3  1339.000000   148.189000    2040.000000   51.134000     2200.000000   49.089000     1.16181E-02  1.23161E-04  29.448200  10.889400
3  1339.000000   148.189000    2080.000000   47.855000     2240.000000   45.045000     9.31089E-03  1.00874E-04  28.052100  11.682200
3  1339.000000   148.189000    2120.000000   51.358000     2280.000000   42.192000     1.02063E-02  1.10575E-04  23.503400  11.682200
3  1339.000000   148.189000    2160.000000   53.175000     2320.000000   45.283000     1.21948E-02  1.29275E-04  19.597400  10.889400
3  1339.000000   148.189000    2200.000000   49.089000     2360.000000   52.469000     1.28416E-02  1.36131E-04  19.227700  10.889400
3  1339.000000   148.189000    2240.000000   45.045000     2400.000000   59.965000     1.26563E-02  1.34167E-04  18.670400  10.889400
3  1380.000000   154.732000    1040.000000   108.286000    1080.000000   117.343000    3.60960E-02  3.74420E-04  27.656600  6.943750
3  1380.000000   154.732000    1080.000000   117.343000    1120.000000   134.172000    2.89165E-02  2.99563E-04  25.837300  7.586640
3  1380.000000   154.732000    1120.000000   134.172000    1160.000000   128.135000    2.96315E-02  3.06970E-04  22.852000  7.586640
3  1380.000000   154.732000    1160.000000   128.135000    1200.000000   123.583000    4.32473E-02  4.38536E-04  22.198400  4.191750
3  1380.000000   154.732000    1200.000000   123.583000    1240.000000   121.871000    1.25455E-01  1.25941E-03  20.571600  2.188640
3  1380.000000   154.732000    1240.000000   121.871000    1280.000000   129.599000    1.84307E-01  1.84836E-03  28.667300  1.826740
3  1380.000000   154.732000    1440.000000   178.173000    1480.000000   197.065000    1.56487E-01  1.56992E-03  9.315440  1.977810
3  1380.000000   154.732000    1480.000000   197.065000    1520.000000   178.674000    9.99722E-02  1.00432E-03  12.067600  2.436000
3  1380.000000   154.732000    1520.000000   178.674000    1560.000000   156.964000    8.73481E-02  8.77971E-04  12.348100  2.690850
3  1380.000000   154.732000    1560.000000   156.964000    1600.000000   137.193000    8.95297E-02  8.99899E-04  13.430300  2.690840
3  1380.000000   154.732000    1600.000000   137.193000    1640.000000   122.640000    9.70884E-02  9.75350E-04  14.439200  2.435940
3  1380.000000   154.732000    1640.000000   122.640000    1680.000000   100.508000    8.47587E-02  8.51944E-04  14.213000  2.690840
3  1380.000000   154.732000    1680.000000   100.508000    1720.000000   92.752000     7.31329E-02  7.36265E-04  19.060100  2.881580
3  1380.000000   154.732000    2360.000000   52.469000     2400.000000   59.965000     2.35539E-03  3.68531E-05  14.046700  17.471400
3  1380.000000   154.732000    680.000000    99.357000     760.000000    98.622000     1.89179E-02  1.96317E-04  27.127700  9.124720
3  1380.000000   154.732000    720.000000    100.587000    800.000000    109.655000    2.46974E-02  2.55169E-04  26.265400  7.998690
3  1380.000000   154.732000    760.000000    98.622000     840.000000    115.365000    2.98204E-02  3.08927E-04  23.960000  7.586650
3  1380.000000   154.732000    800.000000    109.655000    880.000000    118.144000    3.16963E-02  3.28361E-04  22.252100  7.586660
3  1380.000000   154.732000    840.000000    115.365000    920.000000    132.008000    3.26782E-02  3.38968E-04  21.012900  6.943530
3  1380.000000   154.732000    880.000000    118.144000    960.000000    128.518000    3.22772E-02  3.34808E-04  23.521500  6.943520
3  1380.000000   154.732000    920.000000    132.008000    1000.000000   116.905000    3.65068E-02  3.78681E-04  23.555300  6.943570
3  1380.000000   154.732000    960.000000    128.518000    1040.000000   108.286000    3.59650E-02  3.73061E-04  26.704700  6.945610
3  1380.000000   154.732000    1720.000000   92.752000     1800.000000   73.849000     1.01225E-01  1.01692E-03  14.412200  2.436410
3  1380.000000   154.732000    1760.000000   89.581000     1840.000000   69.746000     1.07763E-01  1.08260E-03  14.540700  2.436080
3  1380.000000   154.732000    1800.000000   73.849000     1880.000000   67.320000     8.16468E-02  8.21979E-04  14.486200  2.881580
3  1380.000000   154.732000    1840.000000   69.746000     1920.000000   57.532000     5.62563E-02  5.68121E-04  13.906000  3.513930
3  1380.000000   154.732000    1880.000000   67.320000     1960.000000   54.922000     4.43732E-02  4.49953E-04  19.602000  4.191740
3  1380.000000   154.732000    1920.000000   57.532000     2000.000000   51.429000     3.02662E-02  3.13546E-04  24.651000  7.586670
3  1380.000000   154.732000    1960.000000   54.922000     2040.000000   51.134000     1.57565E-02  1.64481E-04  20.474300  9.732460
3  1380.000000   154.732000    2000.000000   51.429000     2080.000000   47.855000     1.23927E-02  1.31405E-04  22.512500  10.893100
3  1380.000000   154.732000    2280.000000   42.192000     2360.000000   52.469000     7.35524E-03  9.85507E-05  15.027600  13.056400
3  1380.000000   154.732000    2320.000000   45.283000     2400.000000   59.965000     5.04827E-03  7.00079E-05  15.437300  14.192400
3  1380.000000   154.732000    40.000000     87.181000     200.000000    103.483000    1.13859E-02  1.20701E-04  -7.235530  10.889500
3  1380.000000   154.732000    80.000000     87.439000     240.000000    107.360000    1.03038E-02  1.11631E-04  -3.095020  11.682200
3  1380.000000   154.732000    120.000000    88.121000     280.000000    105.248000    1.17283E-02  1.24329E-04  2.417780  10.889400
3  1380.000000   154.732000    160.000000    96.899000     320.000000    113.072000    1.20727E-02  1.27980E-04  6.337150  10.889400
3  1380.000000   154.732000    200.000000    103.483000    360.000000    115.089000    1.27365E-02  1.35017E-04  9.666940  10.889500
3  1380.000000   154.732000    240.000000    107.360000    400.000000    115.247000    1.38424E-02  1.45356E-04  12.195200  10.258700
3  1380.000000   154.732000    280.000000    105.248000    440.000000    111.533000    1.41885E-02  1.48989E-04  15.641000  10.258600
3  1380.000000   154.732000    320.000000    113.072000    480.000000    120.110000    1.61553E-02  1.68639E-04  18.549800  9.731130
3  1380.000000   154.732000    360.000000    115.089000    520.000000    115.268000    1.58289E-02  1.65232E-04  20.269600  9.731110
3  1380.000000   154.732000    400.000000    115.247000    560.000000    123.811000    1.83864E-02  1.90801E-04  21.676900  9.124780
3  1380.000000   154.732000    440.000000    111.533000    600.000000    124.839000    1.87046E-02  1.94103E-04  23.416500  9.124740
3  1380.000000   154.732000    480.000000    120.110000    640.000000    115.456000    1.80069E-02  1.87967E-04  24.887800  9.731110
3  1380.000000   154.732000    520.000000    115.268000    680.000000    99.357000     2.27453E-02  2.35512E-04  26.027600  9.032710
3  1380.000000   154.732000    560.000000    123.811000    720.000000    100.587000    2.50357E-02  2.58664E-04  26.834900  7.998650
3  1380.000000   154.732000    2040.000000   51.134000     2200.000000   49.089000     1.29770E-02  1.37567E-04  27.713400  10.889400
3  1380.000000   154.732000    2080.000000   47.855000     2240.000000   45.045000     1.02478E-02  1.11025E-04  25.357700  11.682400
3  1380.000000   154.732000    2120.000000   51.358000     2280.000000   42.192000     1.12434E-02  1.19189E-04  20.749300  10.889400
3  1380.000000   154.732000    2160.000000   53.175000     2320.000000   45.283000     1.34410E-02  1.41140E-04  16.914700  10.258600
3  1380.000000   154.732000    2200.000000   49.089000     2360.000000   52.469000     1.41490E-02  1.48574E-04  16.295800  10.258600
3  1380.000000   154.732000    2240.000000   45.045000     2400.000000   59.965000     1.39287E-02  1.46261E-04  15.533500  10.258600
3  1420.000000   166.670000    0.000000      94.302000     40.000000     87.181000     3.88288E-03  5.58777E-05  33.561400  15.034300
3  1420.000000   166.670000    1080.000000   117.343000    1120.000000   134.172000    2.38872E-02  2.47335E-04  24.442200  9.032760
3  1420.000000   166.670000    1120.000000   134.172000    1160.000000   128.135000    2.39703E-02  2.48196E-04  21.444800  9.032750
3  1420.000000   166.670000    1160.000000   128.135000    1200.000000   123.583000    3.36730E-02  3.49287E-04  21.133200  6.943540
3  1420.000000   166.670000    1200.000000   123.583000    1240.000000   121.871000    8.87716E-02  8.92279E-04  18.515000  2.691150
3  1420.000000   166.670000    1240.000000   121.871000    1280.000000   129.599000    1.18447E-01  1.18905E-03  27.567400  2.188430
3  1420.000000   166.670000    1280.000000   129.599000    1320.000000   143.045000    2.21013E-01  2.21532E-03  9.447240  1.625950
3  1420.000000   166.670000    1320.000000   143.045000    1360.000000   150.159000    2.57474E-01  2.58002E-03  4.311720  1.429140
3  1420.000000   166.670000    1480.000000   197.065000    1520.000000   178.674000    1.68609E-01  1.69091E-03  9.152390  1.826380
3  1420.000000   166.670000    1520.000000   178.674000    1560.000000   156.964000    1.30931E-01  1.31438E-03  8.848660  2.188060
3  1420.000000   166.670000    1560.000000   156.964000    1600.000000   137.193000    1.24931E-01  1.25414E-03  13.271700  2.188060
3  1420.000000   166.670000    1600.000000   137.193000    1640.000000   122.640000    1.27943E-01  1.28438E-03  13.250100  2.188180
3  1420.000000   166.670000    1640.000000   122.640000    1680.000000   100.508000    1.08132E-01  1.08629E-03  13.329300  2.435980
3  1420.000000   166.670000    1680.000000   100.508000    1720.000000   92.752000     9.11513E-02  9.16198E-04  18.887100  2.690840
3  1420.000000   166.670000    2360.000000   52.469000     2400.000000   59.965000     2.55620E-03  3.99951E-05  26.276900  17.471400
3  1420.000000   166.670000    0.000000      94.302000     80.000000     87.439000     6.80825E-03  9.13300E-05  31.356400  13.056400
3  1420.000000   166.670000    40.000000     87.181000     120.000000    88.121000     5.39029E-03  7.49967E-05  26.504100  14.192500
3  1420.000000   166.670000    720.000000    100.587000    800.000000    109.655000    2.24084E-02  2.32023E-04  25.004200  9.032750
3  1420.000000   166.670000    760.000000    98.622000     840.000000    115.365000    2.70234E-02  2.79200E-04  21.903500  7.998670
3  1420.000000   166.670000    800.000000    109.655000    880.000000    118.144000    2.86623E-02  2.96930E-04  19.968000  7.586670
3  1420.000000   166.670000    840.000000    115.365000    920.000000    132.008000    2.94060E-02  3.04634E-04  19.013900  7.586700
3  1420.000000   166.670000    880.000000    118.144000    960.000000    128.518000    2.88770E-02  2.99154E-04  22.025000  7.586700
3  1420.000000   166.670000    920.000000    132.008000    1000.000000   116.905000    3.24791E-02  3.36902E-04  22.077800  6.944110
3  1420.000000   166.670000    960.000000    128.518000    1040.000000   108.286000    3.17734E-02  3.29160E-04  24.426900  7.588030
3  1420.000000   166.670000    1000.000000   116.905000    1080.000000   117.343000    4.32156E-02  4.38215E-04  28.114700  4.192990
3  1420.000000   166.670000    1760.000000   89.581000     1840.000000   69.746000     1.28610E-01  1.29108E-03  15.091800  2.188090
3  1420.000000   166.670000    1800.000000   73.849000     1880.000000   67.320000     9.62427E-02  9.67374E-04  15.294900  2.690910
3  1420.000000   166.670000    1840.000000   69.746000     1920.000000   57.532000     6.59332E-02  6.64963E-04  14.921300  3.300290
3  1420.000000   166.670000    1880.000000   67.320000     1960.000000   54.922000     5.15117E-02  5.20206E-04  20.934000  3.513840
3  1420.000000   166.670000    1920.000000   57.532000     2000.000000   51.429000     3.50851E-02  3.63934E-04  26.323800  6.943540
3  1420.000000   166.670000    1960.000000   54.922000     2040.000000   51.134000     1.81086E-02  1.89028E-04  22.698400  9.732590
3  1420.000000   166.670000    2000.000000   51.429000     2080.000000   47.855000     1.40289E-02  1.47320E-04  25.706300  10.263500
3  1420.000000   166.670000    2040.000000   51.134000     2120.000000   51.358000     9.47226E-03  1.02624E-04  36.089200  11.682200
3  1420.000000   166.670000    2280.000000   42.192000     2360.000000   52.469000     7.98155E-03  9.12171E-05  26.706200  12.628500
3  1420.000000   166.670000    2320.000000   45.283000     2400.000000   59.965000     5.48881E-03  7.61172E-05  26.924500  14.192400
3  1420.000000   166.670000    0.000000      94.302000     160.000000    96.899000     1.21558E-02  1.29294E-04  27.125900  10.906100
3  1420.000000   166.670000    40.000000     87.181000     200.000000    103.483000    1.06683E-02  1.15635E-04  21.610900  11.689600
3  1420.000000   166.670000    80.000000     87.439000     240.000000    107.360000    9.65525E-03  1.04681E-04  17.545700  11.682600
3  1420.000000   166.670000    120.000000    88.121000     280.000000    105.248000    1.09875E-02  1.19121E-04  14.878100  11.684200
3  1420.000000   166.670000    160.000000    96.899000     320.000000    113.072000    1.13032E-02  1.22569E-04  13.753900  11.682700
3  1420.000000   166.670000    200.000000    103.483000    360.000000    115.089000    1.19088E-02  1.26330E-04  14.813800  10.889500
3  1420.000000   166.670000    240.000000    107.360000    400.000000    115.247000    1.29174E-02  1.36992E-04  16.251000  10.889500
3  1420.000000   166.670000    280.000000    105.248000    440.000000    111.533000    1.32082E-02  1.40017E-04  18.113700  10.889400
3  1420.000000   166.670000    320.000000    113.072000    480.000000    120.110000    1.49986E-02  1.57496E-04  19.918700  10.258600
3  1420.000000   166.670000    360.000000    115.089000    520.000000    115.268000    1.46688E-02  1.54034E-04  20.986600  10.258600
3  1420.000000   166.670000    400.000000    115.247000    560.000000    123.811000    1.70196E-02  1.77662E-04  21.540800  9.731180
3  1420.000000   166.670000    440.000000    111.533000    600.000000    124.839000    1.72829E-02  1.80409E-04  22.661200  9.731130
3  1420.000000   166.670000    480.000000    120.110000    640.000000    115.456000    1.65995E-02  1.73277E-04  23.650000  9.731160
3  1420.000000   166.670000    520.000000    115.268000    680.000000    99.357000     2.09170E-02  2.17062E-04  24.567900  9.124720
3  1420.000000   166.670000    560.000000    123.811000    720.000000    100.587000    2.29613E-02  2.37748E-04  25.184900  9.032750
3  1420.000000   166.670000    600.000000    124.839000    760.000000    98.622000     2.85517E-02  2.95784E-04  25.721200  7.586630
3  1420.000000   166.670000    2080.000000   47.855000     2240.000000   45.045000     1.11571E-02  1.18274E-04  36.627800  10.889400
3  1420.000000   166.670000    2120.000000   51.358000     2280.000000   42.192000     1.22298E-02  1.29646E-04  31.740100  10.889400
3  1420.000000   166.670000    2160.000000   53.175000     2320.000000   45.283000     1.46113E-02  1.53429E-04  27.952000  10.258600
3  1420.000000   166.670000    2200.000000   49.089000     2360.000000   52.469000     1.53768E-02  1.61469E-04  27.450100  10.258600
3  1420.000000   166.670000    2240.000000   45.045000     2400.000000   59.965000     1.51228E-02  1.58800E-04  27.093100  10.258600
3  1460.000000   188.747000    0.000000      94.302000     40.000000     87.181000     3.76806E-03  5.42254E-05  29.860600  15.050400
3  1460.000000   188.747000    1120.000000   134.172000    1160.000000   128.135000    2.05253E-02  2.12997E-04  21.695100  9.124810
3  1460.000000   188.747000    1160.000000   128.135000    1200.000000   123.583000    2.80099E-02  2.90171E-04  21.224100  7.586750
3  1460.000000   188.747000    1200.000000   123.583000    1240.000000   121.871000    7.00392E-02  7.05127E-04  18.044800  2.882200
3  1460.000000   188.747000    1240.000000   121.871000    1280.000000   129.599000    8.79260E-02  8.83788E-04  27.292600  2.691790
3  1460.000000   188.747000    1280.000000   129.599000    1320.000000   143.045000    1.48511E-01  1.48992E-03  11.131500  1.981580
3  1460.000000   188.747000    1320.000000   143.045000    1360.000000   150.159000    1.49365E-01  1.49847E-03  4.931680  1.980720
3  1460.000000   188.747000    1360.000000   150.159000    1400.000000   160.896000    2.73673E-01  2.74234E-03  6.908480  1.422990
3  1460.000000   188.747000    1520.000000   178.674000    1560.000000   156.964000    2.30480E-01  2.31019E-03  4.445640  1.618070
3  1460.000000   188.747000    1560.000000   156.964000    1600.000000   137.193000    1.83459E-01  1.83984E-03  13.784200  1.826370
3  1460.000000   188.747000    1600.000000   137.193000    1640.000000   122.640000    1.70537E-01  1.71026E-03  11.196900  1.826470
3  1460.000000   188.747000    1640.000000   122.640000    1680.000000   100.508000    1.38245E-01  1.38692E-03  11.384500  1.978020
3  1460.000000   188.747000    1680.000000   100.508000    1720.000000   92.752000     1.13577E-01  1.14102E-03  17.223900  2.436050
3  1460.000000   188.747000    1720.000000   92.752000     1760.000000   89.581000     6.22004E-02  6.27316E-04  13.232800  3.299650
3  1460.000000   188.747000    1760.000000   89.581000     1800.000000   73.849000     8.58888E-02  8.63320E-04  12.999100  2.690880
3  1460.000000   188.747000    2360.000000   52.469000     2400.000000   59.965000     2.73789E-03  4.28378E-05  25.305000  17.471400
3  1460.000000   188.747000    0.000000      94.302000     80.000000     87.439000     6.58687E-03  8.84709E-05  25.588400  13.056400
3  1460.000000   188.747000    40.000000     87.181000     120.000000    88.121000     5.17568E-03  7.20082E-05  17.021000  14.225900
3  1460.000000   188.747000    760.000000    98.622000     840.000000    115.365000    2.49038E-02  2.57306E-04  22.660000  7.998860
3  1460.000000   188.747000    800.000000    109.655000    880.000000    118.144000    2.63349E-02  2.72090E-04  20.654200  7.998970
3  1460.000000   188.747000    840.000000    115.365000    920.000000    132.008000    2.68845E-02  2.77768E-04  20.031500  7.999020
3  1460.000000   188.747000    880.000000    118.144000    960.000000    128.518000    2.63296E-02  2.72035E-04  23.401200  7.998870
3  1460.000000   188.747000    920.000000    132.008000    1000.000000   116.905000    2.95461E-02  3.06092E-04  23.054900  7.587220
3  1460.000000   188.747000    960.000000    128.518000    1040.000000   108.286000    2.87289E-02  2.97620E-04  24.800800  7.587990
3  1460.000000   188.747000    1000.000000   116.905000    1080.000000   117.343000    3.80863E-02  3.88107E-04  28.369500  4.777690
3  1460.000000   188.747000    1040.000000   108.286000    1120.000000   134.172000    4.72358E-02  4.78985E-04  25.865300  4.192520
3  1460.000000   188.747000    1800.000000   73.849000     1880.000000   67.320000     1.11007E-01  1.11519E-03  13.515300  2.436070
3  1460.000000   188.747000    1840.000000   69.746000     1920.000000   57.532000     7.53896E-02  7.59000E-04  13.039400  2.881670
3  1460.000000   188.747000    1880.000000   67.320000     1960.000000   54.922000     5.88048E-02  5.93893E-04  19.105900  3.513860
3  1460.000000   188.747000    1920.000000   57.532000     2000.000000   51.429000     4.01051E-02  4.08699E-04  24.595600  4.776940
3  1460.000000   188.747000    1960.000000   54.922000     2040.000000   51.134000     2.05064E-02  2.12838E-04  20.971400  9.126110
3  1460.000000   188.747000    2000.000000   51.429000     2080.000000   47.855000     1.55522E-02  1.62438E-04  24.045000  9.737820
3  1460.000000   188.747000    2040.000000   51.134000     2120.000000   51.358000     1.04097E-02  1.12792E-04  35.217400  11.682700
3  1460.000000   188.747000    2080.000000   47.855000     2160.000000   53.175000     6.73716E-03  9.02712E-05  42.507400  13.057200
3  1460.000000   188.747000    2280.000000   42.192000     2360.000000   52.469000     8.55548E-03  9.77763E-05  25.847400  12.628500
3  1460.000000   188.747000    2320.000000   45.283000     2400.000000   59.965000     5.88308E-03  7.88256E-05  25.919500  13.056400
3  1460.000000   188.747000    0.000000      94.302000     160.000000    96.899000     1.16910E-02  1.24541E-04  19.584000  10.903000
3  1460.000000   188.747000    40.000000     87.181000     200.000000    103.483000    1.02046E-02  1.10574E-04  13.071200  11.688400
3  1460.000000   188.747000    80.000000     87.439000     240.000000    107.360000    9.20345E-03  1.05233E-04  9.823120  12.646100
3  1460.000000   188.747000    120.000000    88.121000     280.000000    105.248000    1.04485E-02  1.13339E-04  9.246560  11.684900
3  1460.000000   188.747000    160.000000    96.899000     320.000000    113.072000    1.07323E-02  1.16283E-04  9.828570  11.682500
3  1460.000000   188.747000    200.000000    103.483000    360.000000    115.089000    1.12899E-02  1.19688E-04  11.682300  10.889400
3  1460.000000   188.747000    240.000000    107.360000    400.000000    115.247000    1.22270E-02  1.29620E-04  13.702900  10.889400
3  1460.000000   188.747000    280.000000    105.248000    440.000000    111.533000    1.24748E-02  1.32267E-04  16.404600  10.889400
3  1460.000000   188.747000    320.000000    113.072000    480.000000    120.110000    1.41338E-02  1.48454E-04  18.898500  10.258700
3  1460.000000   188.747000    360.000000    115.089000    520.000000    115.268000    1.38002E-02  1.44955E-04  20.383900  10.258700
3  1460.000000   188.747000    400.000000    115.247000    560.000000    123.811000    1.59835E-02  1.66887E-04  21.230300  9.731320
3  1460.000000   188.747000    440.000000    111.533000    600.000000    124.839000    1.61998E-02  1.69103E-04  22.699600  9.731260
3  1460.000000   188.747000    480.000000    120.110000    640.000000    115.456000    1.55227E-02  1.63001E-04  23.928500  10.258700
3  1460.000000   188.747000    520.000000    115.268000    680.000000    99.357000     1.95200E-02  2.02567E-04  24.988000  9.124910
3  1460.000000   188.747000    560.000000    123.811000    720.000000    100.587000    2.13782E-02  2.21358E-04  25.741700  9.032860
3  1460.000000   188.747000    600.000000    124.839000    760.000000    98.622000     2.65101E-02  2.73900E-04  26.548700  7.998820
3  1460.000000   188.747000    640.000000    115.456000    800.000000    109.655000    3.40066E-02  3.52750E-04  26.008800  6.943700
3  1460.000000   188.747000    2120.000000   51.358000     2280.000000   42.192000     1.31710E-02  1.39623E-04  31.137700  10.889400
3  1460.000000   188.747000    2160.000000   53.175000     2320.000000   45.283000     1.56884E-02  1.63765E-04  27.138400  9.731180
3  1460.000000   188.747000    2200.000000   49.089000     2360.000000   52.469000     1.64983E-02  1.72219E-04  26.609400  9.731120
3  1460.000000   188.747000    2240.000000   45.045000     2400.000000   59.965000     1.62151E-02  1.69265E-04  26.250300  9.731120
3  1500.000000   190.443000    1160.000000   128.135000    1200.000000   123.583000    2.62610E-02  2.71350E-04  20.070600  7.999070
3  1500.000000   190.443000    1200.000000   123.583000    1240.000000   121.871000    7.78740E-02  8.92693E-04  25.648200  6.146980
3  1500.000000   190.443000    1240.000000   121.871000    1280.000000   129.599000    8.04000E-02  8.12547E-04  26.389900  2.912760
3  1500.000000   190.443000    1280.000000   129.599000    1320.000000   143.045000    1.33199E-01  3.46524E-03  26.279400  14.939600
3  1500.000000   190.443000    1320.000000   143.045000    1360.000000   150.159000    1.28797E-01  1.29297E-03  5.213010  2.188170
3  1500.000000   190.443000    1360.000000   150.159000    1400.000000   160.896000    2.23501E-01  2.24909E-03  7.201530  1.656440
3  1500.000000   190.443000    1400.000000   160.896000    1440.000000   178.173000    3.75937E-01  3.77851E-03  5.957180  1.375670
3  1500.000000   190.443000    1560.000000   156.964000    1600.000000   137.193000    2.38496E-01  2.39066E-03  10.787200  1.618700
3  1500.000000   190.443000    1600.000000   137.193000    1640.000000   122.640000    2.03325E-01  2.03833E-03  10.771200  1.620370
3  1500.000000   190.443000    1640.000000   122.640000    1680.000000   100.508000    1.59659E-01  1.60232E-03  11.119500  1.995740
3  1500.000000   190.443000    1680.000000   100.508000    1720.000000   92.752000     1.29118E-01  1.29634E-03  17.710700  2.188360
3  1500.000000   190.443000    1720.000000   92.752000     1760.000000   89.581000     6.93411E-02  6.99347E-04  13.942800  3.299700
3  1500.000000   190.443000    1760.000000   89.581000     1800.000000   73.849000     9.58760E-02  9.63755E-04  13.958000  2.691050
3  1500.000000   190.443000    1800.000000   73.849000     1840.000000   69.746000     7.19255E-02  7.24175E-04  15.095700  2.882070
3  1500.000000   190.443000    2360.000000   52.469000     2400.000000   59.965000     2.82429E-03  4.06438E-05  30.205000  15.033000
3  1500.000000   190.443000    800.000000    109.655000    880.000000    118.144000    2.54300E-02  2.62794E-04  17.573700  7.998970
3  1500.000000   190.443000    840.000000    115.365000    920.000000    132.008000    2.59339E-02  2.67991E-04  16.918200  7.999060
3  1500.000000   190.443000    880.000000    118.144000    960.000000    128.518000    2.53730E-02  2.62189E-04  20.901200  7.999020
3  1500.000000   190.443000    920.000000    132.008000    1000.000000   116.905000    2.84380E-02  2.94660E-04  20.951100  7.586760
3  1500.000000   190.443000    960.000000    128.518000    1040.000000   108.286000    2.75991E-02  2.85173E-04  22.657200  7.999900
3  1500.000000   190.443000    1000.000000   116.905000    1080.000000   117.343000    3.63017E-02  3.76659E-04  26.536700  6.944780
3  1500.000000   190.443000    1040.000000   108.286000    1120.000000   134.172000    4.48468E-02  4.54872E-04  24.331100  4.193120
3  1500.000000   190.443000    1080.000000   117.343000    1160.000000   128.135000    3.90052E-02  3.97525E-04  22.033400  4.777560
3  1500.000000   190.443000    1840.000000   69.746000     1920.000000   57.532000     8.07832E-02  8.13414E-04  14.451800  2.881910
3  1500.000000   190.443000    1880.000000   67.320000     1960.000000   54.922000     6.29689E-02  6.35211E-04  20.748700  3.299800
3  1500.000000   190.443000    1920.000000   57.532000     2000.000000   51.429000     4.30121E-02  4.36259E-04  26.495000  4.192020
3  1500.000000   190.443000    1960.000000   54.922000     2040.000000   51.134000     2.18753E-02  2.26532E-04  23.558100  9.042120
3  1500.000000   190.443000    2000.000000   51.429000     2080.000000   47.855000     1.63316E-02  1.71792E-04  27.299300  9.783890
3  1500.000000   190.443000    2040.000000   51.134000     2120.000000   51.358000     1.09047E-02  1.18504E-04  40.092500  11.692300
3  1500.000000   190.443000    2080.000000   47.855000     2160.000000   53.175000     7.05987E-03  9.46093E-05  49.016900  13.056500
3  1500.000000   190.443000    2120.000000   51.358000     2200.000000   49.089000     5.43910E-03  7.54289E-05  42.288000  14.192500
3  1500.000000   190.443000    2280.000000   42.192000     2360.000000   52.469000     8.82856E-03  1.00898E-04  31.537600  12.628600
3  1500.000000   190.443000    2320.000000   45.283000     2400.000000   59.965000     6.06957E-03  8.13243E-05  30.704600  13.056400
3  1500.000000   190.443000    80.000000     87.439000     240.000000    107.360000    9.14014E-03  1.06211E-04  39.951900  12.674300
3  1500.000000   190.443000    120.000000    88.121000     280.000000    105.248000    1.02996E-02  1.11813E-04  29.357300  11.711700
3  1500.000000   190.443000    160.000000    96.899000     320.000000    113.072000    1.05260E-02  1.17287E-04  21.483400  11.736700
3  1500.000000   190.443000    200.000000    103.483000    360.000000    115.089000    1.10474E-02  1.25982E-04  18.299600  11.865800
3  1500.000000   190.443000    240.000000    107.360000    400.000000    115.247000    1.19537E-02  1.26774E-04  16.758700  10.891100
3  1500.000000   190.443000    280.000000    105.248000    440.000000    111.533000    1.21821E-02  1.29141E-04  15.245500  10.890500
3  1500.000000   190.443000    320.000000    113.072000    480.000000    120.110000    1.37902E-02  1.44861E-04  15.385000  10.261600
3  1500.000000   190.443000    360.000000    115.089000    520.000000    115.268000    1.34568E-02  1.42773E-04  15.964800  10.891900
3  1500.000000   190.443000    400.000000    115.247000    560.000000    123.811000    1.55758E-02  1.63692E-04  16.250700  10.260500
3  1500.000000   190.443000    440.000000    111.533000    600.000000    124.839000    1.57745E-02  1.64780E-04  17.478900  9.732150
3  1500.000000   190.443000    480.000000    120.110000    640.000000    115.456000    1.51020E-02  1.58689E-04  18.696700  10.259800
3  1500.000000   190.443000    520.000000    115.268000    680.000000    99.357000     1.89764E-02  1.97068E-04  19.781200  9.126860
3  1500.000000   190.443000    560.000000    123.811000    720.000000    100.587000    2.07629E-02  2.15563E-04  20.625900  9.126360
3  1500.000000   190.443000    600.000000    124.839000    760.000000    98.622000     2.57242E-02  2.65890E-04  21.876300  8.001050
3  1500.000000   190.443000    640.000000    115.456000    800.000000    109.655000    3.29865E-02  3.42288E-04  21.562200  6.945750
3  1500.000000   190.443000    680.000000    99.357000     840.000000    115.365000    3.96078E-02  4.03714E-04  20.446800  4.779340
3  1500.000000   190.443000    2160.000000   53.175000     2320.000000   45.283000     1.62049E-02  1.69184E-04  32.947700  9.731160
3  1500.000000   190.443000    2200.000000   49.089000     2360.000000   52.469000     1.70328E-02  1.77800E-04  32.349700  9.731130
3  1500.000000   190.443000    2240.000000   45.045000     2400.000000   59.965000     1.67360E-02  1.74704E-04  31.923700  9.731120
3  1540.000000   167.700000    1200.000000   123.583000    1240.000000   121.871000    5.86776E-02  5.92585E-04  18.854600  3.514160
3  1540.000000   167.700000    1240.000000   121.871000    1280.000000   129.599000    7.09191E-02  7.13978E-04  27.441900  2.881960
3  1540.000000   167.700000    1320.000000   143.045000    1360.000000   150.159000    1.06261E-01  1.06750E-03  5.697510  2.435930
3  1540.000000   167.700000    1360.000000   150.159000    1400.000000   160.896000    1.78354E-01  1.78864E-03  7.784050  1.826510
3  1540.000000   167.700000    1400.000000   160.896000    1440.000000   178.173000    2.42512E-01  2.43079E-03  6.943730  1.617970
3  1540.000000   167.700000    1440.000000   178.173000    1480.000000   197.065000    1.88030E-01  1.88568E-03  6.016280  1.826370
3  1540.000000   167.700000    1600.000000   137.193000    1640.000000   122.640000    2.82049E-01  2.82627E-03  9.220600  1.421860
3  1540.000000   167.700000    1640.000000   122.640000    1680.000000   100.508000    2.04751E-01  2.05230E-03  9.038320  1.617970
3  1540.000000   167.700000    1680.000000   100.508000    1720.000000   92.752000     1.59999E-01  1.60516E-03  15.669300  1.977660
3  1540.000000   167.700000    1720.000000   92.752000     1760.000000   89.581000     8.31947E-02  8.36223E-04  11.781700  2.690830
3  1540.000000   167.700000    1800.000000   73.849000     1840.000000   69.746000     8.20529E-02  8.24747E-04  12.046100  2.690950
3  1540.000000   167.700000    1840.000000   69.746000     1880.000000   67.320000     5.43771E-02  5.49143E-04  10.836300  3.513880
3  1540.000000   167.700000    2360.000000   52.469000     2400.000000   59.965000     2.97257E-03  4.27777E-05  12.655300  15.033000
3  1540.000000   167.700000    840.000000    115.365000    920.000000    132.008000    2.45295E-02  2.53439E-04  22.052600  7.999140
3  1540.000000   167.700000    880.000000    118.144000    960.000000    128.518000    2.39721E-02  2.48217E-04  25.528900  9.033130
3  1540.000000   167.700000    920.000000    132.008000    1000.000000   116.905000    2.67937E-02  2.76833E-04  25.228400  7.999000
3  1540.000000   167.700000    960.000000    128.518000    1040.000000   108.286000    2.59338E-02  2.67945E-04  26.585400  7.999610
3  1540.000000   167.700000    1000.000000   116.905000    1080.000000   117.343000    3.37771E-02  3.50370E-04  29.590700  6.944230
3  1540.000000   167.700000    1040.000000   108.286000    1120.000000   134.172000    4.15337E-02  4.23237E-04  26.991800  4.777810
3  1540.000000   167.700000    1080.000000   117.343000    1160.000000   128.135000    3.59794E-02  3.73211E-04  24.405600  6.943680
3  1540.000000   167.700000    1120.000000   134.172000    1200.000000   123.583000    4.17578E-02  4.25520E-04  22.327700  4.777050
3  1540.000000   167.700000    1880.000000   67.320000     1960.000000   54.922000     7.04724E-02  7.09488E-04  16.888900  2.881550
3  1540.000000   167.700000    1920.000000   57.532000     2000.000000   51.429000     4.82038E-02  4.88801E-04  22.391800  4.192140
3  1540.000000   167.700000    1960.000000   54.922000     2040.000000   51.134000     2.42853E-02  2.52261E-04  18.893000  8.016530
3  1540.000000   167.700000    2000.000000   51.429000     2080.000000   47.855000     1.77070E-02  1.88799E-04  21.111600  9.790490
3  1540.000000   167.700000    2040.000000   51.134000     2120.000000   51.358000     1.17659E-02  1.24803E-04  27.834200  10.890700
3  1540.000000   167.700000    2080.000000   47.855000     2160.000000   53.175000     7.59927E-03  8.68490E-05  28.921900  12.629100
3  1540.000000   167.700000    2120.000000   51.358000     2200.000000   49.089000     5.79541E-03  7.76515E-05  24.230800  13.056400
3  1540.000000   167.700000    2160.000000   53.175000     2240.000000   45.045000     5.85112E-03  7.83974E-05  18.186500  13.056400
3  1540.000000   167.700000    2280.000000   42.192000     2360.000000   52.469000     9.30074E-03  1.00764E-04  13.448600  11.682200
3  1540.000000   167.700000    2320.000000   45.283000     2400.000000   59.965000     6.38783E-03  8.55886E-05  13.825200  13.056400
3  1540.000000   167.700000    120.000000    88.121000     280.000000    105.248000    9.84252E-03  1.42568E-04  -1.394130  12.291300
3  1540.000000   167.700000    160.000000    96.899000     320.000000    113.072000    1.01111E-02  1.33854E-04  6.540380  12.130300
3  1540.000000   167.700000    200.000000    103.483000    360.000000    115.089000    1.06289E-02  1.22262E-04  12.448000  12.092100
3  1540.000000   167.700000    240.000000    107.360000    400.000000    115.247000    1.14965E-02  1.28917E-04  15.983200  11.275500
3  1540.000000   167.700000    280.000000    105.248000    440.000000    111.533000    1.17034E-02  1.24596E-04  17.961300  10.892600
3  1540.000000   167.700000    320.000000    113.072000    480.000000    120.110000    1.32309E-02  1.40259E-04  20.979400  10.889400
3  1540.000000   167.700000    360.000000    115.089000    520.000000    115.268000    1.28976E-02  1.36725E-04  22.831700  10.889600
3  1540.000000   167.700000    400.000000    115.247000    560.000000    123.811000    1.49102E-02  1.56569E-04  24.220000  10.258800
3  1540.000000   167.700000    440.000000    111.533000    600.000000    124.839000    1.50825E-02  1.58378E-04  25.793700  10.258900
3  1540.000000   167.700000    480.000000    120.110000    640.000000    115.456000    1.44204E-02  1.51430E-04  27.080000  10.259100
3  1540.000000   167.700000    520.000000    115.268000    680.000000    99.357000     1.81020E-02  1.88969E-04  28.075400  9.731770
3  1540.000000   167.700000    560.000000    123.811000    720.000000    100.587000    1.97815E-02  2.05286E-04  28.641500  9.125150
3  1540.000000   167.700000    600.000000    124.839000    760.000000    98.622000     2.44860E-02  2.52994E-04  29.055700  7.999180
3  1540.000000   167.700000    640.000000    115.456000    800.000000    109.655000    3.13630E-02  3.24914E-04  28.400500  7.587330
3  1540.000000   167.700000    680.000000    99.357000     840.000000    115.365000    3.76004E-02  3.83163E-04  26.936000  4.777670
3  1540.000000   167.700000    720.000000    100.587000    880.000000    118.144000    4.31418E-02  4.37471E-04  25.579400  4.192570
3  1540.000000   167.700000    2200.000000   49.089000     2360.000000   52.469000     1.79541E-02  1.86315E-04  14.794500  9.124730
3  1540.000000   167.700000    2240.000000   45.045000     2400.000000   59.965000     1.76340E-02  1.84074E-04  14.009300  9.731140
3  1580.000000   147.237000    0.000000      94.302000     40.000000     87.181000     3.34859E-03  4.81932E-05  8.800080  15.033000
3  1580.000000   147.237000    1240.000000   121.871000    1280.000000   129.599000    5.93436E-02  5.98510E-04  26.045700  3.300250
3  1580.000000   147.237000    1280.000000   129.599000    1320.000000   143.045000    9.21288E-02  9.26042E-04  11.403500  2.696000
3  1580.000000   147.237000    1320.000000   143.045000    1360.000000   150.159000    8.45421E-02  8.49775E-04  6.069730  2.693680
3  1580.000000   147.237000    1360.000000   150.159000    1400.000000   160.896000    1.37490E-01  1.37934E-03  8.078400  1.978510
3  1580.000000   147.237000    1400.000000   160.896000    1440.000000   178.173000    1.71903E-01  1.72396E-03  7.564060  1.827010
3  1580.000000   147.237000    1440.000000   178.173000    1480.000000   197.065000    1.16391E-01  1.16841E-03  7.077800  2.188160
3  1580.000000   147.237000    1480.000000   197.065000    1520.000000   178.674000    2.20641E-01  2.21157E-03  8.268800  1.618080
3  1580.000000   147.237000    1640.000000   122.640000    1680.000000   100.508000    3.58342E-01  3.58901E-03  8.292530  1.238420
3  1580.000000   147.237000    1680.000000   100.508000    1720.000000   92.752000     2.53372E-01  2.53891E-03  14.874400  1.421870
3  1580.000000   147.237000    1720.000000   92.752000     1760.000000   89.581000     1.19479E-01  1.19941E-03  11.827200  2.188080
3  1580.000000   147.237000    1760.000000   89.581000     1800.000000   73.849000     1.57476E-01  1.57985E-03  11.393300  1.977830
3  1580.000000   147.237000    1800.000000   73.849000     1840.000000   69.746000     1.04980E-01  1.05463E-03  12.717800  2.435920
3  1580.000000   147.237000    1840.000000   69.746000     1880.000000   67.320000     6.68941E-02  6.74654E-04  11.376900  3.299700
3  1580.000000   147.237000    1880.000000   67.320000     1920.000000   57.532000     4.43968E-02  4.50188E-04  11.635200  4.191870
3  1580.000000   147.237000    2360.000000   52.469000     2400.000000   59.965000     3.21791E-03  4.63083E-05  27.963100  15.033000
3  1580.000000   147.237000    0.000000      94.302000     80.000000     87.439000     5.86131E-03  7.94729E-05  9.338640  13.075900
3  1580.000000   147.237000    40.000000     87.181000     120.000000    88.121000     4.61947E-03  6.55826E-05  10.955800  14.192500
3  1580.000000   147.237000    880.000000    118.144000    960.000000    128.518000    2.18525E-02  2.26267E-04  21.602400  9.032740
3  1580.000000   147.237000    920.000000    132.008000    1000.000000   116.905000    2.43626E-02  2.51712E-04  21.505800  8.000270
3  1580.000000   147.237000    960.000000    128.518000    1040.000000   108.286000    2.35197E-02  2.43530E-04  23.105400  9.034700
3  1580.000000   147.237000    1000.000000   116.905000    1080.000000   117.343000    3.03555E-02  3.14474E-04  26.756900  7.587230
3  1580.000000   147.237000    1040.000000   108.286000    1120.000000   134.172000    3.71303E-02  3.78369E-04  24.537900  4.777680
3  1580.000000   147.237000    1080.000000   117.343000    1160.000000   128.135000    3.19764E-02  3.31688E-04  22.184000  6.943530
3  1580.000000   147.237000    1120.000000   134.172000    1200.000000   123.583000    3.68478E-02  3.75486E-04  20.377500  4.777060
3  1580.000000   147.237000    1160.000000   128.135000    1240.000000   121.871000    7.20551E-02  7.25422E-04  17.601700  2.881940
3  1580.000000   147.237000    1920.000000   57.532000     2000.000000   51.429000     5.99290E-02  6.04414E-04  23.482700  3.299640
3  1580.000000   147.237000    1960.000000   54.922000     2040.000000   51.134000     2.95486E-02  3.06186E-04  20.094400  7.586910
3  1580.000000   147.237000    2000.000000   51.429000     2080.000000   47.855000     2.03564E-02  2.11379E-04  22.378900  9.126910
3  1580.000000   147.237000    2040.000000   51.134000     2120.000000   51.358000     1.34729E-02  1.41479E-04  34.314300  10.258600
3  1580.000000   147.237000    2080.000000   47.855000     2160.000000   53.175000     8.75690E-03  1.00078E-04  42.709200  12.628500
3  1580.000000   147.237000    2120.000000   51.358000     2200.000000   49.089000     6.49296E-03  8.69966E-05  37.730400  13.056400
3  1580.000000   147.237000    2160.000000   53.175000     2240.000000   45.045000     6.38039E-03  8.54889E-05  29.720100  13.056400
3  1580.000000   147.237000    2200.000000   49.089000     2280.000000   42.192000     9.40214E-03  1.01863E-04  29.446300  11.682200
3  1580.000000   147.237000    2280.000000   42.192000     2360.000000   52.469000     1.00888E-02  1.09302E-04  28.508500  11.682200
3  1580.000000   147.237000    2320.000000   45.283000     2400.000000   59.965000     6.91034E-03  9.25896E-05  27.860600  13.056400
3  1580.000000   147.237000    0.000000      94.302000     160.000000    96.899000     1.04182E-02  1.13830E-04  11.683300  11.750700
3  1580.000000   147.237000    40.000000     87.181000     200.000000    103.483000    9.09551E-03  1.04527E-04  14.543500  12.636000
3  1580.000000   147.237000    80.000000     87.439000     240.000000    107.360000    8.19401E-03  9.36452E-05  16.537700  12.628600
3  1580.000000   147.237000    120.000000    88.121000     280.000000    105.248000    9.27020E-03  1.08768E-04  20.034400  12.672500
3  1580.000000   147.237000    160.000000    96.899000     320.000000    113.072000    9.49398E-03  1.06239E-04  21.172300  11.790900
3  1580.000000   147.237000    200.000000    103.483000    360.000000    115.089000    9.96515E-03  1.10015E-04  21.505600  11.740500
3  1580.000000   147.237000    240.000000    107.360000    400.000000    115.247000    1.07695E-02  1.18541E-04  22.230000  11.732600
3  1580.000000   147.237000    280.000000    105.248000    440.000000    111.533000    1.09520E-02  1.18730E-04  21.760200  11.682900
3  1580.000000   147.237000    320.000000    113.072000    480.000000    120.110000    1.23684E-02  1.31115E-04  22.189800  10.889500
3  1580.000000   147.237000    360.000000    115.089000    520.000000    115.268000    1.20454E-02  1.27691E-04  22.473800  10.889400
3  1580.000000   147.237000    400.000000    115.247000    560.000000    123.811000    1.39021E-02  1.45983E-04  22.149500  10.258600
3  1580.000000   147.237000    440.000000    111.533000    600.000000    124.839000    1.40398E-02  1.47429E-04  22.694500  10.258600
3  1580.000000   147.237000    480.000000    120.110000    640.000000    115.456000    1.33976E-02  1.40686E-04  23.159700  10.258600
3  1580.000000   147.237000    520.000000    115.268000    680.000000    99.357000     1.67939E-02  1.75306E-04  23.924200  9.731130
3  1580.000000   147.237000    560.000000    123.811000    720.000000    100.587000    1.83194E-02  1.90106E-04  24.353200  9.124770
3  1580.000000   147.237000    600.000000    124.839000    760.000000    98.622000     2.26424E-02  2.34446E-04  24.713900  9.032780
3  1580.000000   147.237000    640.000000    115.456000    800.000000    109.655000    2.89372E-02  2.99778E-04  24.046200  7.586680
3  1580.000000   147.237000    680.000000    99.357000     840.000000    115.365000    3.45995E-02  3.58897E-04  22.438300  6.943550
3  1580.000000   147.237000    720.000000    100.587000    880.000000    118.144000    3.96107E-02  4.03641E-04  21.316000  4.777080
3  1580.000000   147.237000    760.000000    98.622000     920.000000    132.008000    4.33911E-02  4.39994E-04  19.653800  4.191870
3  1580.000000   147.237000    2240.000000   45.045000     2400.000000   59.965000     1.91327E-02  1.98546E-04  28.819500  9.124720
3  1620.000000   129.670000    0.000000      94.302000     40.000000     87.181000     3.12012E-03  5.60608E-05  -7.028000  15.492000
3  1620.000000   129.670000    1280.000000   129.599000    1320.000000   143.045000    7.38006E-02  7.42988E-04  12.719000  2.883390
3  1620.000000   129.670000    1320.000000   143.045000    1360.000000   150.159000    6.63224E-02  6.68888E-04  7.326730  3.300710
3  1620.000000   129.670000    1360.000000   150.159000    1400.000000   160.896000    1.05529E-01  1.06014E-03  9.232790  2.436590
3  1620.000000   129.670000    1400.000000   160.896000    1440.000000   178.173000    1.24696E-01  1.25179E-03  8.749460  2.188530
3  1620.000000   129.670000    1440.000000   178.173000    1480.000000   197.065000    8.04376E-02  8.09806E-04  8.283400  2.881560
3  1620.000000   129.670000    1480.000000   197.065000    1520.000000   178.674000    1.37731E-01  1.38176E-03  9.573930  1.977710
3  1620.000000   129.670000    1520.000000   178.674000    1560.000000   156.964000    2.69806E-01  2.70359E-03  10.601000  1.421980
3  1620.000000   129.670000    1720.000000   92.752000     1760.000000   89.581000     2.18269E-01  2.18780E-03  10.995500  1.617950
3  1620.000000   129.670000    1760.000000   89.581000     1800.000000   73.849000     2.68117E-01  2.68667E-03  10.365500  1.421920
3  1620.000000   129.670000    1800.000000   73.849000     1840.000000   69.746000     1.59966E-01  1.60483E-03  11.706600  1.977850
3  1620.000000   129.670000    1840.000000   69.746000     1880.000000   67.320000     9.59690E-02  9.64623E-04  9.788750  2.691000
3  1620.000000   129.670000    1880.000000   67.320000     1920.000000   57.532000     6.26344E-02  6.31693E-04  10.049500  3.301750
3  1620.000000   129.670000    1920.000000   57.532000     1960.000000   54.922000     5.93045E-02  5.98110E-04  22.476200  3.299640
3  1620.000000   129.670000    2360.000000   52.469000     2400.000000   59.965000     3.60009E-03  5.18082E-05  20.067700  15.033000
3  1620.000000   129.670000    0.000000      94.302000     80.000000     87.439000     5.45580E-03  8.07093E-05  -4.504570  14.275800
3  1620.000000   129.670000    40.000000     87.181000     120.000000    88.121000     4.29149E-03  6.17597E-05  1.590010  15.033300
3  1620.000000   129.670000    920.000000    132.008000    1000.000000   116.905000    2.15059E-02  2.22679E-04  23.790000  9.034910
3  1620.000000   129.670000    960.000000    128.518000    1040.000000   108.286000    2.06877E-02  2.14682E-04  25.388500  9.128280
3  1620.000000   129.670000    1000.000000   116.905000    1080.000000   117.343000    2.64297E-02  2.73066E-04  28.623700  7.998820
3  1620.000000   129.670000    1040.000000   108.286000    1120.000000   134.172000    3.21426E-02  3.33412E-04  26.295700  6.943630
3  1620.000000   129.670000    1080.000000   117.343000    1160.000000   128.135000    2.75118E-02  2.84246E-04  23.830300  7.998760
3  1620.000000   129.670000    1120.000000   134.172000    1200.000000   123.583000    3.14869E-02  3.26192E-04  21.851000  7.586700
3  1620.000000   129.670000    1160.000000   128.135000    1240.000000   121.871000    6.03703E-02  6.08859E-04  18.909600  3.299800
3  1620.000000   129.670000    1200.000000   123.583000    1280.000000   129.599000    9.11380E-02  9.16064E-04  22.740600  2.691080
3  1620.000000   129.670000    1960.000000   54.922000     2040.000000   51.134000     4.01297E-02  4.08926E-04  18.462400  4.777260
3  1620.000000   129.670000    2000.000000   51.429000     2080.000000   47.855000     2.54102E-02  2.62538E-04  19.769800  7.999420
3  1620.000000   129.670000    2040.000000   51.134000     2120.000000   51.358000     1.65402E-02  1.72658E-04  29.535200  9.731110
3  1620.000000   129.670000    2080.000000   47.855000     2160.000000   53.175000     1.07179E-02  1.16118E-04  34.508400  11.682200
3  1620.000000   129.670000    2120.000000   51.358000     2200.000000   49.089000     7.64293E-03  8.73472E-05  30.680000  12.628500
3  1620.000000   129.670000    2160.000000   53.175000     2240.000000   45.045000     7.23461E-03  9.69344E-05  23.648800  13.056400
3  1620.000000   129.670000    2200.000000   49.089000     2280.000000   42.192000     1.05910E-02  1.14743E-04  22.176900  11.682200
3  1620.000000   129.670000    2240.000000   45.045000     2320.000000   45.283000     1.37547E-02  1.44434E-04  21.125900  10.258600
3  1620.000000   129.670000    2280.000000   42.192000     2360.000000   52.469000     1.13242E-02  1.20046E-04  20.440300  10.889400
3  1620.000000   129.670000    2320.000000   45.283000     2400.000000   59.965000     7.73134E-03  8.83576E-05  20.419100  12.628500
3  1620.000000   129.670000    0.000000      94.302000     160.000000    96.899000     9.68152E-03  1.06842E-04  2.037200  11.683400
3  1620.000000   129.670000    40.000000     87.181000     200.000000    103.483000    8.43308E-03  9.69458E-05  9.211140  12.647000
3  1620.000000   129.670000    80.000000     87.439000     240.000000    107.360000    7.58001E-03  1.01884E-04  14.639500  13.064100
3  1620.000000   129.670000    120.000000    88.121000     280.000000    105.248000    8.54651E-03  9.86507E-05  22.103600  12.718200
3  1620.000000   129.670000    200.000000    103.483000    360.000000    115.089000    9.14023E-03  1.09321E-04  27.214900  12.848100
3  1620.000000   129.670000    240.000000    107.360000    400.000000    115.247000    9.86476E-03  1.11992E-04  28.361500  11.891800
3  1620.000000   129.670000    280.000000    105.248000    440.000000    111.533000    1.00115E-02  1.09806E-04  27.843000  11.699600
3  1620.000000   129.670000    320.000000    113.072000    480.000000    120.110000    1.12859E-02  1.22502E-04  28.161200  11.682400
3  1620.000000   129.670000    360.000000    115.089000    520.000000    115.268000    1.09748E-02  1.18917E-04  28.441900  11.682200
3  1620.000000   129.670000    400.000000    115.247000    560.000000    123.811000    1.26371E-02  1.33966E-04  28.025100  10.889400
3  1620.000000   129.670000    440.000000    111.533000    600.000000    124.839000    1.27347E-02  1.34998E-04  28.367100  10.889400
3  1620.000000   129.670000    480.000000    120.110000    640.000000    115.456000    1.21219E-02  1.28502E-04  28.528700  10.889400
3  1620.000000   129.670000    520.000000    115.268000    680.000000    99.357000     1.51665E-02  1.59259E-04  28.999600  10.258700
3  1620.000000   129.670000    560.000000    123.811000    720.000000    100.587000    1.65082E-02  1.72322E-04  29.124300  9.731170
3  1620.000000   129.670000    600.000000    124.839000    760.000000    98.622000     2.03636E-02  2.11319E-04  29.163600  9.124790
3  1620.000000   129.670000    640.000000    115.456000    800.000000    109.655000    2.59637E-02  2.68254E-04  28.242100  7.998720
3  1620.000000   129.670000    680.000000    99.357000     840.000000    115.365000    3.09461E-02  3.20589E-04  26.292500  7.586730
3  1620.000000   129.670000    720.000000    100.587000    880.000000    118.144000    3.53372E-02  3.66549E-04  24.903000  6.943560
3  1620.000000   129.670000    760.000000    98.622000     920.000000    132.008000    3.85948E-02  3.93289E-04  22.943100  4.777050
3  1620.000000   129.670000    800.000000    109.655000    960.000000    128.518000    3.89469E-02  3.96877E-04  23.278900  4.776990
3  1620.000000   129.670000    0.000000      94.302000     320.000000    113.072000    1.84071E-02  1.95312E-04  13.146800  9.777650
3  1660.000000   112.450000    1360.000000   150.159000    1400.000000   160.896000    8.14175E-02  8.19679E-04  10.320500  12.562500
3  1660.000000   112.450000    1400.000000   160.896000    1440.000000   178.173000    9.25207E-02  9.29990E-04  10.139400  12.262000
3  1660.000000   112.450000    1440.000000   178.173000    1480.000000   197.065000    5.77077E-02  5.82784E-04  9.044220  11.168000
3  1660.000000   112.450000    1480.000000   197.065000    1520.000000   178.674000    9.45946E-02  1.07574E-03  11.459900  11.890200
3  1660.000000   112.450000    1520.000000   178.674000    1560.000000   156.964000    1.74535E-01  1.75080E-03  18.268100  1.827410
3  1660.000000   112.450000    1560.000000   156.964000    1600.000000   137.193000    4.38547E-01  4.39437E-03  6.288550  1.239780
3  1660.000000   112.450000    1720.000000   92.752000     1760.000000   89.581000     4.16798E-01  4.17448E-03  11.239000  1.238470
3  1660.000000   112.450000    1760.000000   89.581000     1800.000000   73.849000     4.46706E-01  1.62043E-02  10.546900  1.239510
3  1660.000000   112.450000    1840.000000   69.746000     1880.000000   67.320000     1.39399E-01  1.39849E-03  9.370190  1.977950
3  1660.000000   112.450000    1880.000000   67.320000     1920.000000   57.532000     8.90392E-02  8.94978E-04  9.871640  2.691700
3  1660.000000   112.450000    1920.000000   57.532000     1960.000000   54.922000     8.34749E-02  8.39048E-04  21.612900  2.691030
3  1660.000000   112.450000    1960.000000   54.922000     2000.000000   51.429000     3.53645E-02  3.66832E-04  20.235500  6.943500
3  1660.000000   112.450000    2360.000000   52.469000     2400.000000   59.965000     4.04171E-03  5.81630E-05  16.151600  15.033000
3  1660.000000   112.450000    40.000000     87.181000     120.000000    88.121000     3.88183E-03  5.58677E-05  -7.050910  15.033100
3  1660.000000   112.450000    960.000000    128.518000    1040.000000   108.286000    1.78583E-02  1.86419E-04  26.163000  9.732310
3  1660.000000   112.450000    1000.000000   116.905000    1080.000000   117.343000    2.26093E-02  2.34110E-04  29.297300  9.033720
3  1660.000000   112.450000    1040.000000   108.286000    1120.000000   134.172000    2.73557E-02  2.82642E-04  26.915500  7.999340
3  1660.000000   112.450000    1080.000000   117.343000    1160.000000   128.135000    2.32633E-02  2.40878E-04  24.568100  9.033080
3  1660.000000   112.450000    1120.000000   134.172000    1200.000000   123.583000    2.64594E-02  2.73376E-04  22.572000  7.998950
3  1660.000000   112.450000    1160.000000   128.135000    1240.000000   121.871000    4.92083E-02  4.98992E-04  19.916300  4.192230
3  1660.000000   112.450000    1200.000000   123.583000    1280.000000   129.599000    7.34247E-02  7.39225E-04  23.846400  2.882180
3  1660.000000   112.450000    1240.000000   121.871000    1320.000000   143.045000    9.74315E-02  9.78816E-04  19.844800  2.436200
3  1660.000000   112.450000    2000.000000   51.429000     2080.000000   47.855000     3.21005E-02  3.32975E-04  18.713300  6.943970
3  1660.000000   112.450000    2040.000000   51.134000     2120.000000   51.358000     2.05040E-02  2.12776E-04  27.622600  9.124720
3  1660.000000   112.450000    2080.000000   47.855000     2160.000000   53.175000     1.32129E-02  1.38745E-04  30.884200  10.258700
3  1660.000000   112.450000    2120.000000   51.358000     2200.000000   49.089000     9.06298E-03  1.03576E-04  27.610700  12.628500
3  1660.000000   112.450000    2160.000000   53.175000     2240.000000   45.045000     8.24519E-03  9.42302E-05  21.016000  12.628500
3  1660.000000   112.450000    2200.000000   49.089000     2280.000000   42.192000     1.19802E-02  1.27000E-04  18.796900  10.889400
3  1660.000000   112.450000    2240.000000   45.045000     2320.000000   45.283000     1.55424E-02  1.63206E-04  17.242500  10.258600
3  1660.000000   112.450000    2280.000000   42.192000     2360.000000   52.469000     1.27600E-02  1.35266E-04  16.581800  10.889400
3  1660.000000   112.450000    2320.000000   45.283000     2400.000000   59.965000     8.68002E-03  9.91996E-05  16.744200  12.628500
3  1660.000000   112.450000    0.000000      94.302000     160.000000    96.899000     8.75086E-03  1.00882E-04  -6.346550  12.658600
3  1660.000000   112.450000    40.000000     87.181000     200.000000    103.483000    7.63117E-03  8.75005E-05  -0.697704  12.634500
3  1660.000000   112.450000    80.000000     87.439000     240.000000    107.360000    6.86092E-03  9.19446E-05  4.225970  13.056700
3  1660.000000   112.450000    120.000000    88.121000     280.000000    105.248000    7.73449E-03  8.84338E-05  10.422900  12.629600
3  1660.000000   112.450000    240.000000    107.360000    400.000000    115.247000    8.90406E-03  1.01828E-04  18.562000  12.636300
3  1660.000000   112.450000    280.000000    105.248000    440.000000    111.533000    9.01785E-03  1.03071E-04  20.599500  12.628600
3  1660.000000   112.450000    320.000000    113.072000    480.000000    120.110000    1.01462E-02  1.09941E-04  22.689500  11.682600
3  1660.000000   112.450000    360.000000    115.089000    520.000000    115.268000    9.85072E-03  1.06741E-04  23.857800  11.682700
3  1660.000000   112.450000    400.000000    115.247000    560.000000    123.811000    1.13139E-02  1.19953E-04  24.596000  10.889900
3  1660.000000   112.450000    440.000000    111.533000    600.000000    124.839000    1.13735E-02  1.20582E-04  25.810900  10.889900
3  1660.000000   112.450000    480.000000    120.110000    640.000000    115.456000    1.07955E-02  1.16968E-04  26.835600  11.682600
3  1660.000000   112.450000    520.000000    115.268000    680.000000    99.357000     1.34791E-02  1.41553E-04  27.804900  10.259000
3  1660.000000   112.450000    560.000000    123.811000    720.000000    100.587000    1.46365E-02  1.53705E-04  28.418700  10.259000
3  1660.000000   112.450000    600.000000    124.839000    760.000000    98.622000     1.80122E-02  1.88035E-04  28.744000  9.731630
3  1660.000000   112.450000    640.000000    115.456000    800.000000    109.655000    2.29018E-02  2.37153E-04  28.172100  9.033230
3  1660.000000   112.450000    680.000000    99.357000     840.000000    115.365000    2.72014E-02  2.81061E-04  26.585500  7.999230
3  1660.000000   112.450000    720.000000    100.587000    880.000000    118.144000    3.09690E-02  3.20848E-04  25.406900  7.587430
3  1660.000000   112.450000    760.000000    98.622000     920.000000    132.008000    3.37107E-02  3.49698E-04  23.704600  6.944390
3  1660.000000   112.450000    800.000000    109.655000    960.000000    128.518000    3.39086E-02  3.51747E-04  24.063800  6.944290
3  1660.000000   112.450000    840.000000    115.365000    1000.000000   116.905000    3.59258E-02  3.72669E-04  23.385900  6.943860
3  1660.000000   112.450000    0.000000      94.302000     320.000000    113.072000    1.66431E-02  1.77174E-04  3.292400  9.744400
3  1660.000000   112.450000    40.000000     87.181000     360.000000    115.089000    1.58892E-02  1.67132E-04  8.305610  9.750830
3  1699.000000   97.504000     1360.000000   150.159000    1400.000000   160.896000    5.97036E-02  6.02947E-04  9.505350  3.515350
3  1699.000000   97.504000     1400.000000   160.896000    1440.000000   178.173000    6.55975E-02  6.61584E-04  9.372640  3.300300
3  1699.000000   97.504000     1440.000000   178.173000    1480.000000   197.065000    3.97129E-02  4.04682E-04  9.744580  4.777010
3  1699.000000   97.504000     1480.000000   197.065000    1520.000000   178.674000    6.27100E-02  6.32455E-04  11.377100  3.299740
3  1699.000000   97.504000     1760.000000   89.581000     1800.000000   73.849000     1.02089E+00  1.02352E-02  7.185370  1.515900
3  1699.000000   97.504000     1800.000000   73.849000     1840.000000   69.746000     4.72912E-01  4.79547E-03  6.329370  6.929350
3  1699.000000   97.504000     1840.000000   69.746000     1880.000000   67.320000     2.47317E-01  2.47896E-03  8.058840  1.618140
3  1699.000000   97.504000     1880.000000   67.320000     1920.000000   57.532000     1.48754E-01  1.49234E-03  8.534440  1.980380
3  1699.000000   97.504000     1920.000000   57.532000     1960.000000   54.922000     1.35385E-01  1.35822E-03  20.200900  1.977950
3  1699.000000   97.504000     1960.000000   54.922000     2000.000000   51.429000     5.67611E-02  5.73219E-04  18.957700  3.513720
3  1699.000000   97.504000     2000.000000   51.429000     2040.000000   51.134000     2.76932E-02  2.86121E-04  12.330800  7.999460
3  1699.000000   97.504000     2360.000000   52.469000     2400.000000   59.965000     4.68633E-03  6.49886E-05  16.459800  14.192400
3  1699.000000   97.504000     0.000000      94.302000     80.000000     87.439000     4.40072E-03  7.32553E-05  19.810600  15.258500
3  1699.000000   97.504000     40.000000     87.181000     120.000000    88.121000     3.45175E-03  4.96738E-05  21.678700  15.034300
3  1699.000000   97.504000     1000.000000   116.905000    1080.000000   117.343000    1.85792E-02  1.92809E-04  29.472400  9.125520
3  1699.000000   97.504000     1040.000000   108.286000    1120.000000   134.172000    2.23523E-02  2.31451E-04  27.131100  9.033810
3  1699.000000   97.504000     1080.000000   117.343000    1160.000000   128.135000    1.88910E-02  1.96039E-04  24.695600  9.124990
3  1699.000000   97.504000     1120.000000   134.172000    1200.000000   123.583000    2.13447E-02  2.21014E-04  22.796200  9.033060
3  1699.000000   97.504000     1160.000000   128.135000    1240.000000   121.871000    3.94793E-02  4.02318E-04  19.686200  4.778520
3  1699.000000   97.504000     1200.000000   123.583000    1280.000000   129.599000    5.82904E-02  5.88692E-04  23.214400  3.516050
3  1699.000000   97.504000     1240.000000   121.871000    1320.000000   143.045000    7.55315E-02  7.60436E-04  19.228900  2.882430
3  1699.000000   97.504000     1280.000000   129.599000    1360.000000   150.159000    8.36953E-02  8.41288E-04  11.199700  2.694720
3  1699.000000   97.504000     2040.000000   51.134000     2120.000000   51.358000     2.75851E-02  2.85004E-04  27.258700  7.998640
3  1699.000000   97.504000     2080.000000   47.855000     2160.000000   53.175000     1.73627E-02  1.81242E-04  29.954800  9.731140
3  1699.000000   97.504000     2120.000000   51.358000     2200.000000   49.089000     1.13173E-02  1.19972E-04  27.162700  10.889400
3  1699.000000   97.504000     2160.000000   53.175000     2240.000000   45.045000     9.78293E-03  1.05988E-04  20.865700  11.682200
3  1699.000000   97.504000     2200.000000   49.089000     2280.000000   42.192000     1.40504E-02  1.47539E-04  18.891700  10.258600
3  1699.000000   97.504000     2240.000000   45.045000     2320.000000   45.283000     1.81976E-02  1.88842E-04  17.337100  9.124740
3  1699.000000   97.504000     2280.000000   42.192000     2360.000000   52.469000     1.48931E-02  1.56388E-04  16.689000  10.258600
3  1699.000000   97.504000     2320.000000   45.283000     2400.000000   59.965000     1.00777E-02  1.09182E-04  17.030100  11.682200
3  1699.000000   97.504000     0.000000      94.302000     160.000000    96.899000     7.78806E-03  9.07060E-05  21.156300  12.675000
3  1699.000000   97.504000     40.000000     87.181000     200.000000    103.483000    6.76226E-03  9.08983E-05  21.312400  13.058300
3  1699.000000   97.504000     80.000000     87.439000     240.000000    107.360000    6.05947E-03  8.14278E-05  20.750100  13.059300
3  1699.000000   97.504000     120.000000    88.121000     280.000000    105.248000    6.80685E-03  9.46921E-05  21.006900  13.092300
3  1699.000000   97.504000     280.000000    105.248000    440.000000    111.533000    7.86134E-03  8.99675E-05  23.580100  12.628700
3  1699.000000   97.504000     320.000000    113.072000    480.000000    120.110000    8.82136E-03  1.00815E-04  25.036700  12.628800
3  1699.000000   97.504000     360.000000    115.089000    520.000000    115.268000    8.54459E-03  9.76527E-05  25.854000  12.629100
3  1699.000000   97.504000     400.000000    115.247000    560.000000    123.811000    9.78427E-03  1.06006E-04  26.077300  11.683000
3  1699.000000   97.504000     440.000000    111.533000    600.000000    124.839000    9.80676E-03  1.06250E-04  26.856200  11.682400
3  1699.000000   97.504000     480.000000    120.110000    640.000000    115.456000    9.27621E-03  1.06017E-04  27.585300  12.628700
3  1699.000000   97.504000     520.000000    115.268000    680.000000    99.357000     1.15547E-02  1.22495E-04  28.403800  10.889700
3  1699.000000   97.504000     560.000000    123.811000    720.000000    100.587000    1.25131E-02  1.32658E-04  28.766600  10.889700
3  1699.000000   97.504000     600.000000    124.839000    760.000000    98.622000     1.53415E-02  1.61107E-04  29.571900  10.258900
3  1699.000000   97.504000     640.000000    115.456000    800.000000    109.655000    1.94409E-02  2.01760E-04  28.967300  9.125060
3  1699.000000   97.504000     680.000000    99.357000     840.000000    115.365000    2.30073E-02  2.38241E-04  27.221200  9.033080
3  1699.000000   97.504000     720.000000    100.587000    880.000000    118.144000    2.61128E-02  2.69816E-04  26.073700  7.999430
3  1699.000000   97.504000     760.000000    98.622000     920.000000    132.008000    2.83621E-02  2.93837E-04  24.019800  7.587360
3  1699.000000   97.504000     800.000000    109.655000    960.000000    128.518000    2.83480E-02  2.93685E-04  25.245500  7.587200
3  1699.000000   97.504000     840.000000    115.365000    1000.000000   116.905000    2.99318E-02  3.10093E-04  24.586800  7.587040
3  1699.000000   97.504000     880.000000    118.144000    1040.000000   108.286000    2.87617E-02  2.97965E-04  26.707800  7.586750
3  1699.000000   97.504000     0.000000      94.302000     320.000000    113.072000    1.47151E-02  1.61457E-04  20.833700  10.259900
3  1699.000000   97.504000     40.000000     87.181000     360.000000    115.089000    1.39948E-02  1.48290E-04  21.421800  10.260600
3  1699.000000   97.504000     80.000000     87.439000     400.000000    115.247000    1.38433E-02  1.45704E-04  21.870300  10.258700
3  1782.000000   77.489000     0.000000      94.302000     40.000000     87.181000     2.03483E-03  3.18424E-05  40.280800  17.795200
3  1782.000000   77.489000     1440.000000   178.173000    1480.000000   197.065000    2.11290E-02  2.19264E-04  8.299030  9.125780
3  1782.000000   77.489000     1480.000000   197.065000    1520.000000   178.674000    3.11390E-02  3.22594E-04  9.653070  7.587720
3  1782.000000   77.489000     1520.000000   178.674000    1560.000000   156.964000    5.10220E-02  5.15281E-04  16.739300  3.518090
3  1782.000000   77.489000     1560.000000   156.964000    1600.000000   137.193000    1.05888E-01  1.06382E-03  7.076180  2.438880
3  1782.000000   77.489000     1600.000000   137.193000    1640.000000   122.640000    2.27056E-01  2.27596E-03  11.764600  1.621780
3  1782.000000   77.489000     1640.000000   122.640000    1680.000000   100.508000    4.37557E-01  8.29989E-03  22.417200  15.162900
3  1782.000000   77.489000     1680.000000   100.508000    1720.000000   92.752000     8.37631E-01  8.39725E-03  8.048630  1.534640
3  1782.000000   77.489000     1880.000000   67.320000     1920.000000   57.532000     3.65891E-01  3.66462E-03  4.631810  1.238350
3  1782.000000   77.489000     1920.000000   57.532000     1960.000000   54.922000     3.16192E-01  3.31745E-03  14.619600  3.597570
3  1782.000000   77.489000     1960.000000   54.922000     2000.000000   51.429000     1.28548E-01  1.29045E-03  16.337500  2.188100
3  1782.000000   77.489000     2000.000000   51.429000     2040.000000   51.134000     5.15597E-02  5.20696E-04  9.950890  3.516570
3  1782.000000   77.489000     2040.000000   51.134000     2080.000000   47.855000     2.88384E-02  2.98754E-04  23.783800  7.586650
3  1782.000000   77.489000     2080.000000   47.855000     2120.000000   51.358000     1.75087E-02  1.82766E-04  28.385700  9.731120
3  1782.000000   77.489000     2360.000000   52.469000     2400.000000   59.965000     5.90652E-03  7.91397E-05  18.470400  13.056400
3  1782.000000   77.489000     0.000000      94.302000     80.000000     87.439000     3.54741E-03  5.10767E-05  35.663800  15.116800
3  1782.000000   77.489000     40.000000     87.181000     120.000000    88.121000     2.76767E-03  4.35139E-05  27.828300  17.471500
3  1782.000000   77.489000     1080.000000   117.343000    1160.000000   128.135000    1.28783E-02  1.36534E-04  22.258000  10.890200
3  1782.000000   77.489000     1120.000000   134.172000    1200.000000   123.583000    1.43964E-02  1.51185E-04  20.477200  10.259200
3  1782.000000   77.489000     1160.000000   128.135000    1240.000000   121.871000    2.60062E-02  2.68745E-04  17.549100  8.000030
3  1782.000000   77.489000     1200.000000   123.583000    1280.000000   129.599000    3.76581E-02  3.83849E-04  21.322200  4.780690
3  1782.000000   77.489000     1240.000000   121.871000    1320.000000   143.045000    4.77323E-02  4.84149E-04  18.494400  4.195490
3  1782.000000   77.489000     1280.000000   129.599000    1360.000000   150.159000    5.16716E-02  5.21919E-04  10.668100  3.516210
3  1782.000000   77.489000     1320.000000   143.045000    1400.000000   160.896000    5.92038E-02  5.97970E-04  7.448770  3.516070
3  1782.000000   77.489000     1360.000000   150.159000    1440.000000   178.173000    7.20529E-02  7.25479E-04  7.103670  2.897980
3  1782.000000   77.489000     2120.000000   51.358000     2200.000000   49.089000     1.67968E-02  1.75335E-04  27.572300  9.731110
3  1782.000000   77.489000     2160.000000   53.175000     2240.000000   45.045000     1.29778E-02  1.37575E-04  22.761600  10.889400
3  1782.000000   77.489000     2200.000000   49.089000     2280.000000   42.192000     1.81181E-02  1.88017E-04  20.988300  9.124710
3  1782.000000   77.489000     2240.000000   45.045000     2320.000000   45.283000     2.33180E-02  2.41442E-04  19.652100  9.032700
3  1782.000000   77.489000     2280.000000   42.192000     2360.000000   52.469000     1.89413E-02  1.96560E-04  19.006300  9.124730
3  1782.000000   77.489000     2320.000000   45.283000     2400.000000   59.965000     1.27169E-02  1.34809E-04  19.084600  10.889400
3  1782.000000   77.489000     0.000000      94.302000     160.000000    96.899000     6.24800E-03  8.37251E-05  30.451500  13.057600
3  1782.000000   77.489000     40.000000     87.181000     200.000000    103.483000    5.38635E-03  8.14793E-05  20.788800  14.696600
3  1782.000000   77.489000     80.000000     87.439000     240.000000    107.360000    4.80291E-03  7.11657E-05  14.989900  14.862900
3  1782.000000   77.489000     120.000000    88.121000     280.000000    105.248000    5.36681E-03  8.10211E-05  9.819870  37.866800
3  1782.000000   77.489000     360.000000    115.089000    520.000000    115.268000    6.58246E-03  8.81984E-05  16.122300  13.056700
3  1782.000000   77.489000     400.000000    115.247000    560.000000    123.811000    7.49833E-03  1.00472E-04  17.063700  13.056600
3  1782.000000   77.489000     440.000000    111.533000    600.000000    124.839000    7.47565E-03  1.00168E-04  18.586700  13.056600
3  1782.000000   77.489000     480.000000    120.110000    640.000000    115.456000    7.02626E-03  9.41456E-05  19.901800  13.056600
3  1782.000000   77.489000     520.000000    115.268000    680.000000    99.357000     8.70986E-03  9.95450E-05  21.103400  12.628800
3  1782.000000   77.489000     560.000000    123.811000    720.000000    100.587000    9.37954E-03  1.07200E-04  21.829900  12.628800
3  1782.000000   77.489000     600.000000    124.839000    760.000000    98.622000     1.14394E-02  1.21277E-04  23.486100  10.889600
3  1782.000000   77.489000     640.000000    115.456000    800.000000    109.655000    1.44115E-02  1.51351E-04  23.174500  10.259200
3  1782.000000   77.489000     680.000000    99.357000     840.000000    115.365000    1.69300E-02  1.76748E-04  21.719200  9.731880
3  1782.000000   77.489000     720.000000    100.587000    880.000000    118.144000    1.90945E-02  1.98180E-04  20.956200  9.125700
3  1782.000000   77.489000     760.000000    98.622000     920.000000    132.008000    2.05952E-02  2.13747E-04  18.801500  9.125750
3  1782.000000   77.489000     800.000000    109.655000    960.000000    128.518000    2.04523E-02  2.12272E-04  20.522700  9.125760
3  1782.000000   77.489000     840.000000    115.365000    1000.000000   116.905000    2.14463E-02  2.22089E-04  20.432300  9.033090
3  1782.000000   77.489000     880.000000    118.144000    1040.000000   108.286000    2.04803E-02  2.12549E-04  22.909000  9.125180
3  1782.000000   77.489000     920.000000    132.008000    1080.000000   117.343000    2.38974E-02  2.47470E-04  24.852300  9.034770
3  1782.000000   77.489000     960.000000    128.518000    1120.000000   134.172000    2.58904E-02  2.67523E-04  23.694200  8.002730
3  1782.000000   77.489000     0.000000      94.302000     320.000000    113.072000    1.16845E-02  1.50790E-04  19.122500  12.035500
3  1782.000000   77.489000     40.000000     87.181000     360.000000    115.089000    1.10519E-02  1.37818E-04  14.141700  49.008500
3  1782.000000   77.489000     80.000000     87.439000     400.000000    115.247000    1.08808E-02  1.23561E-04  11.923000  11.936100
3  1782.000000   77.489000     120.000000    88.121000     440.000000    111.533000    1.14751E-02  1.25271E-04  10.935000  11.704600
3  1782.000000   77.489000     160.000000    96.899000     480.000000    120.110000    1.22591E-02  1.30517E-04  10.790100  10.909900
3  1860.000000   68.218000     1520.000000   178.674000    1560.000000   156.964000    2.15900E-02  2.23595E-04  20.300500  9.033360
3  1860.000000   68.218000     1600.000000   137.193000    1640.000000   122.640000    8.40903E-02  8.46840E-04  8.978110  10.638100
3  1860.000000   68.218000     1640.000000   122.640000    1680.000000   100.508000    1.40107E-01  1.43252E-03  8.863580  11.856700
3  1860.000000   68.218000     1680.000000   100.508000    1720.000000   92.752000     2.30750E-01  2.79604E-03  9.321300  3.577510
3  1860.000000   68.218000     1720.000000   92.752000     1760.000000   89.581000     2.55016E-01  2.62901E-03  8.185450  2.581340
3  1860.000000   68.218000     1760.000000   89.581000     1800.000000   73.849000     6.66754E-01  6.67801E-03  7.455940  1.159030
3  1860.000000   68.218000     1920.000000   57.532000     1960.000000   54.922000     8.88285E-01  8.90488E-03  16.152800  1.515030
3  1860.000000   68.218000     1960.000000   54.922000     2000.000000   51.429000     3.45749E-01  4.84432E-03  16.498800  8.633160
3  1860.000000   68.218000     2000.000000   51.429000     2040.000000   51.134000     1.12266E-01  1.12782E-03  7.517720  2.440150
3  1860.000000   68.218000     2040.000000   51.134000     2080.000000   47.855000     5.53623E-02  5.59098E-04  20.042400  3.513700
3  1860.000000   68.218000     2080.000000   47.855000     2120.000000   51.358000     3.47830E-02  3.60801E-04  23.434700  6.943470
3  1860.000000   68.218000     2120.000000   51.358000     2160.000000   53.175000     1.98660E-02  2.06155E-04  24.062100  9.124710
3  1860.000000   68.218000     2160.000000   53.175000     2200.000000   49.089000     8.76512E-03  1.00172E-04  23.200700  12.628500
3  1860.000000   68.218000     2360.000000   52.469000     2400.000000   59.965000     7.43344E-03  9.95984E-05  16.161800  13.056400
3  1860.000000   68.218000     1160.000000   128.135000    1240.000000   121.871000    1.44319E-02  1.51753E-04  20.123700  10.276600
3  1860.000000   68.218000     1200.000000   123.583000    1280.000000   129.599000    2.02301E-02  2.10344E-04  24.277900  9.149440
3  1860.000000   68.218000     1240.000000   121.871000    1320.000000   143.045000    2.47896E-02  2.56587E-04  22.250200  8.018910
3  1860.000000   68.218000     1280.000000   129.599000    1360.000000   150.159000    2.61995E-02  2.71034E-04  14.598400  8.013170
3  1860.000000   68.218000     1320.000000   143.045000    1400.000000   160.896000    2.93904E-02  3.04734E-04  12.012700  7.595450
3  1860.000000   68.218000     1360.000000   150.159000    1440.000000   178.173000    3.50454E-02  3.63796E-04  12.315300  6.952380
3  1860.000000   68.218000     1400.000000   160.896000    1480.000000   197.065000    2.73650E-02  2.82825E-04  11.929600  8.001660
3  1860.000000   68.218000     1440.000000   178.173000    1520.000000   178.674000    2.38075E-02  2.46541E-04  12.072600  9.033400
3  1860.000000   68.218000     2200.000000   49.089000     2280.000000   42.192000     2.35549E-02  2.43895E-04  19.098500  9.032700
3  1860.000000   68.218000     2240.000000   45.045000     2320.000000   45.283000     3.04271E-02  3.15213E-04  17.497200  7.586620
3  1860.000000   68.218000     2280.000000   42.192000     2360.000000   52.469000     2.43085E-02  2.51151E-04  16.811200  7.998660
3  1860.000000   68.218000     2320.000000   45.283000     2400.000000   59.965000     1.58908E-02  1.65878E-04  16.941600  9.731110
3  1860.000000   68.218000     440.000000    111.533000    600.000000    124.839000    5.06252E-03  7.05305E-05  18.581600  14.199300
3  1860.000000   68.218000     480.000000    120.110000    640.000000    115.456000    4.70571E-03  6.52602E-05  17.826800  14.482000
3  1860.000000   68.218000     520.000000    115.268000    680.000000    99.357000     5.78999E-03  8.02967E-05  18.427800  14.358700
3  1860.000000   68.218000     560.000000    123.811000    720.000000    100.587000    6.18056E-03  8.28176E-05  17.200600  13.056900
3  1860.000000   68.218000     600.000000    124.839000    760.000000    98.622000     7.48307E-03  1.00288E-04  18.879400  13.060400
3  1860.000000   68.218000     640.000000    115.456000    800.000000    109.655000    9.33217E-03  1.06713E-04  19.089700  12.631900
3  1860.000000   68.218000     680.000000    99.357000     840.000000    115.365000    1.08038E-02  1.17155E-04  18.380300  11.683900
3  1860.000000   68.218000     720.000000    100.587000    880.000000    118.144000    1.20438E-02  1.27818E-04  18.399000  10.892700
3  1860.000000   68.218000     760.000000    98.622000     920.000000    132.008000    1.28083E-02  1.35915E-04  16.920400  10.893400
3  1860.000000   68.218000     800.000000    109.655000    960.000000    128.518000    1.25801E-02  1.33476E-04  18.897100  10.894200
3  1860.000000   68.218000     840.000000    115.365000    1000.000000   116.905000    1.30374E-02  1.38319E-04  19.556900  10.891100
3  1860.000000   68.218000     880.000000    118.144000    1040.000000   108.286000    1.23352E-02  1.30835E-04  22.334700  10.890500
3  1860.000000   68.218000     920.000000    132.008000    1080.000000   117.343000    1.43265E-02  1.50572E-04  25.027600  10.266500
3  1860.000000   68.218000     960.000000    128.518000    1120.000000   134.172000    1.53886E-02  1.61730E-04  24.499800  10.270500
3  1860.000000   68.218000     1000.000000   116.905000    1160.000000   128.135000    1.51946E-02  1.59677E-04  25.444600  10.265700
3  1860.000000   68.218000     1040.000000   108.286000    1200.000000   123.583000    1.74106E-02  1.81885E-04  23.862700  9.737680
3  1860.000000   68.218000     120.000000    88.121000     440.000000    111.533000    8.11498E-03  9.46661E-05  -4.806590  12.630400
3  1860.000000   68.218000     160.000000    96.899000     480.000000    120.110000    8.60807E-03  9.88886E-05  3.590100  12.656200
3  1860.000000   68.218000     200.000000    103.483000    520.000000    115.268000    8.55160E-03  9.85144E-05  7.558550  12.708300
3  1860.000000   68.218000     240.000000    107.360000    560.000000    123.811000    9.40605E-03  1.09906E-04  11.311900  12.654000
3  1942.000000   53.804000     1600.000000   137.193000    1640.000000   122.640000    2.95166E-02  3.06863E-04  18.108200  7.645140
3  1942.000000   53.804000     1640.000000   122.640000    1680.000000   100.508000    4.41533E-02  4.48902E-04  17.608900  4.284360
3  1942.000000   53.804000     1680.000000   100.508000    1720.000000   92.752000     6.62699E-02  6.69359E-04  17.683400  3.447430
3  1942.000000   53.804000     1720.000000   92.752000     1760.000000   89.581000     6.82044E-02  6.88203E-04  13.960100  3.348570
3  1942.000000   53.804000     1760.000000   89.581000     1800.000000   73.849000     1.64894E-01  1.65408E-03  14.061600  1.876880
3  1942.000000   53.804000     1800.000000   73.849000     1840.000000   69.746000     2.73008E-01  2.73584E-03  13.150800  1.436730
3  1942.000000   53.804000     2040.000000   51.134000     2080.000000   47.855000     8.87071E-02  8.91631E-04  16.694300  2.691140
3  1942.000000   53.804000     2080.000000   47.855000     2120.000000   51.358000     5.42358E-02  5.47716E-04  22.697400  3.513680
3  1942.000000   53.804000     2120.000000   51.358000     2160.000000   53.175000     2.97678E-02  3.08383E-04  23.225100  7.586620
3  1942.000000   53.804000     2160.000000   53.175000     2200.000000   49.089000     1.14140E-02  1.20998E-04  23.531300  10.889400
3  1942.000000   53.804000     2200.000000   49.089000     2240.000000   45.045000     1.08780E-02  1.17852E-04  19.680100  11.682200
3  1942.000000   53.804000     2240.000000   45.045000     2280.000000   42.192000     1.76500E-02  1.84241E-04  18.638900  9.731110
3  1942.000000   53.804000     2360.000000   52.469000     2400.000000   59.965000     8.76692E-03  1.00193E-04  15.667100  12.628500
3  1942.000000   53.804000     1240.000000   121.871000    1320.000000   143.045000    1.21076E-02  1.28907E-04  25.018300  10.951600
3  1942.000000   53.804000     1280.000000   129.599000    1360.000000   150.159000    1.23933E-02  1.31859E-04  18.050500  10.941600
3  1942.000000   53.804000     1320.000000   143.045000    1400.000000   160.896000    1.35251E-02  1.43858E-04  15.411900  10.935600
3  1942.000000   53.804000     1360.000000   150.159000    1440.000000   178.173000    1.58955E-02  1.66513E-04  15.830700  9.798560
3  1942.000000   53.804000     1400.000000   160.896000    1480.000000   197.065000    1.21495E-02  1.29040E-04  15.613600  10.921500
3  1942.000000   53.804000     1440.000000   178.173000    1520.000000   178.674000    1.01709E-02  1.10283E-04  15.549600  11.697100
3  1942.000000   53.804000     1480.000000   197.065000    1560.000000   156.964000    1.45947E-02  1.53492E-04  20.868100  10.274500
3  1942.000000   53.804000     1520.000000   178.674000    1600.000000   137.193000    2.45825E-02  2.54682E-04  16.916600  8.050310
3  1942.000000   53.804000     2280.000000   42.192000     2360.000000   52.469000     2.90587E-02  3.01037E-04  16.505500  7.586620
3  1942.000000   53.804000     2320.000000   45.283000     2400.000000   59.965000     1.86707E-02  1.93751E-04  16.524100  9.124720
3  1942.000000   53.804000     520.000000    115.268000    680.000000    99.357000     3.96288E-03  5.70480E-05  1.652010  15.040400
3  1942.000000   53.804000     560.000000    123.811000    720.000000    100.587000    4.18710E-03  6.02741E-05  3.230410  15.039400
3  1942.000000   53.804000     600.000000    124.839000    760.000000    98.622000     5.01736E-03  6.96093E-05  6.401320  14.198500
3  1942.000000   53.804000     640.000000    115.456000    800.000000    109.655000    6.16974E-03  8.27159E-05  7.726880  13.065300
3  1942.000000   53.804000     680.000000    99.357000     840.000000    115.365000    7.01163E-03  9.40091E-05  7.518610  13.067900
3  1942.000000   53.804000     720.000000    100.587000    880.000000    118.144000    7.69185E-03  1.03135E-04  8.583900  13.074200
3  1942.000000   53.804000     760.000000    98.622000     920.000000    132.008000    8.02918E-03  9.18594E-05  7.204850  12.650800
3  1942.000000   53.804000     800.000000    109.655000    960.000000    128.518000    7.75493E-03  1.03973E-04  9.744040  13.078900
3  1942.000000   53.804000     840.000000    115.365000    1000.000000   116.905000    7.89276E-03  9.02719E-05  12.270700  12.635400
3  1942.000000   53.804000     880.000000    118.144000    1040.000000   108.286000    7.36645E-03  9.87458E-05  16.046000  13.060300
3  1942.000000   53.804000     920.000000    132.008000    1080.000000   117.343000    8.53574E-03  9.76463E-05  20.174700  12.657700
3  1942.000000   53.804000     960.000000    128.518000    1120.000000   134.172000    9.09260E-03  1.04023E-04  20.382700  12.661600
3  1942.000000   53.804000     1000.000000   116.905000    1160.000000   128.135000    8.88757E-03  1.01664E-04  21.791800  12.650500
3  1942.000000   53.804000     1040.000000   108.286000    1200.000000   123.583000    1.00896E-02  1.09434E-04  20.807800  11.701200
3  1942.000000   53.804000     1080.000000   117.343000    1240.000000   121.871000    1.20469E-02  1.27930E-04  20.982700  10.964500
3  1942.000000   53.804000     1120.000000   134.172000    1280.000000   129.599000    1.50390E-02  1.58293E-04  24.287400  10.349800
3  1942.000000   53.804000     120.000000    88.121000     440.000000    111.533000    5.96351E-03  8.34152E-05  -15.717100  14.243300
3  1942.000000   53.804000     160.000000    96.899000     480.000000    120.110000    6.27547E-03  8.41064E-05  -11.849800  13.132500
3  1942.000000   53.804000     200.000000    103.483000    520.000000    115.268000    6.19835E-03  8.35407E-05  -8.940560  13.067300
3  1942.000000   53.804000     240.000000    107.360000    560.000000    123.811000    6.75869E-03  9.13687E-05  -6.780350  13.057400
3  1942.000000   53.804000     280.000000    105.248000    600.000000    124.839000    6.64379E-03  8.90912E-05  -4.792080  13.057200
3  1942.000000   53.804000     320.000000    113.072000    640.000000    115.456000    6.66729E-03  8.93330E-05  -2.752820  13.064200
3  2022.000000   51.207000     1680.000000   100.508000    1720.000000   92.752000     1.98991E-02  2.06499E-04  20.367700  9.624850
3  2022.000000   51.207000     1720.000000   92.752000     1760.000000   89.581000     1.73153E-02  1.80747E-04  14.754100  9.736640
3  2022.000000   51.207000     1760.000000   89.581000     1800.000000   73.849000     3.63297E-02  3.76848E-04  16.464700  6.996830
3  2022.000000   51.207000     1800.000000   73.849000     1840.000000   69.746000     5.08025E-02  5.13049E-04  14.726000  3.679620
3  2022.000000   51.207000     1840.000000   69.746000     1880.000000   67.320000     4.68219E-02  4.74783E-04  14.077500  4.270100
3  2022.000000   51.207000     1880.000000   67.320000     1920.000000   57.532000     4.37487E-02  4.43616E-04  12.724900  4.234590
3  2022.000000   51.207000     1920.000000   57.532000     1960.000000   54.922000     7.40803E-02  7.45803E-04  17.525800  2.959090
3  2022.000000   51.207000     2120.000000   51.358000     2160.000000   53.175000     4.94692E-02  5.01623E-04  21.207200  4.191710
3  2022.000000   51.207000     2160.000000   53.175000     2200.000000   49.089000     1.63631E-02  1.70808E-04  26.838700  9.731110
3  2022.000000   51.207000     2200.000000   49.089000     2240.000000   45.045000     1.33998E-02  1.40707E-04  22.747900  10.258800
3  2022.000000   51.207000     2240.000000   45.045000     2280.000000   42.192000     2.10851E-02  2.18324E-04  20.103800  9.032700
3  2022.000000   51.207000     2280.000000   42.192000     2320.000000   45.283000     2.22930E-02  2.30828E-04  17.637700  9.032700
3  2022.000000   51.207000     2320.000000   45.283000     2360.000000   52.469000     1.13870E-02  1.20711E-04  19.375500  10.889400
3  2022.000000   51.207000     2360.000000   52.469000     2400.000000   59.965000     1.00020E-02  1.08362E-04  17.393800  11.682200
3  2022.000000   51.207000     1320.000000   143.045000    1400.000000   160.896000    7.89261E-03  9.02007E-05  14.861500  12.672300
3  2022.000000   51.207000     1360.000000   150.159000    1440.000000   178.173000    9.06680E-03  1.03620E-04  14.875500  12.687900
3  2022.000000   51.207000     1400.000000   160.896000    1480.000000   197.065000    6.70293E-03  8.98105E-05  14.960500  13.082800
3  2022.000000   51.207000     1440.000000   178.173000    1520.000000   178.674000    5.29241E-03  7.33936E-05  14.829100  14.199600
3  2022.000000   51.207000     1480.000000   197.065000    1560.000000   156.964000    7.20257E-03  9.65051E-05  18.250600  13.072300
3  2022.000000   51.207000     1520.000000   178.674000    1600.000000   137.193000    1.10435E-02  1.19645E-04  14.586300  11.707700
3  2022.000000   51.207000     1560.000000   156.964000    1640.000000   122.640000    1.84508E-02  1.92602E-04  14.921600  9.834370
3  2022.000000   51.207000     1600.000000   137.193000    1680.000000   100.508000    2.66429E-02  2.75285E-04  18.255000  9.036450
3  2022.000000   51.207000     600.000000    124.839000    760.000000    98.622000     4.05775E-03  5.83943E-05  17.316900  15.034600
3  2022.000000   51.207000     640.000000    115.456000    800.000000    109.655000    4.95533E-03  6.87190E-05  17.447900  14.194800
3  2022.000000   51.207000     680.000000    99.357000     840.000000    115.365000    5.55310E-03  7.70087E-05  16.955700  14.196700
3  2022.000000   51.207000     720.000000    100.587000    880.000000    118.144000    6.03397E-03  8.36773E-05  16.851200  14.201600
3  2022.000000   51.207000     760.000000    98.622000     920.000000    132.008000    6.22550E-03  8.63340E-05  15.320500  14.194900
3  2022.000000   51.207000     800.000000    109.655000    960.000000    128.518000    5.98798E-03  8.30401E-05  16.144900  14.222100
3  2022.000000   51.207000     840.000000    115.365000    1000.000000   116.905000    6.03361E-03  8.36723E-05  16.631400  14.196900
3  2022.000000   51.207000     880.000000    118.144000    1040.000000   108.286000    5.58240E-03  7.74150E-05  19.446700  14.194000
3  2022.000000   51.207000     920.000000    132.008000    1080.000000   117.343000    6.42569E-03  8.60959E-05  21.732800  13.070400
3  2022.000000   51.207000     960.000000    128.518000    1120.000000   134.172000    6.73346E-03  9.02203E-05  22.072600  13.073700
3  2022.000000   51.207000     1000.000000   116.905000    1160.000000   128.135000    6.52046E-03  8.73657E-05  22.682200  13.065100
3  2022.000000   51.207000     1040.000000   108.286000    1200.000000   123.583000    7.34304E-03  9.83872E-05  21.107300  13.063800
3  2022.000000   51.207000     1080.000000   117.343000    1240.000000   121.871000    8.36100E-03  9.55562E-05  21.004500  12.848900
3  2022.000000   51.207000     1120.000000   134.172000    1280.000000   129.599000    1.00746E-02  1.09165E-04  23.783000  11.955500
3  2022.000000   51.207000     1160.000000   128.135000    1320.000000   143.045000    1.28385E-02  1.36107E-04  23.120800  11.166900
3  2022.000000   51.207000     1200.000000   123.583000    1360.000000   150.159000    1.42153E-02  1.49283E-04  21.596300  10.582800
3  2100.000000   47.716000     1760.000000   89.581000     1800.000000   73.849000     1.91281E-02  1.98504E-04  15.399400  9.209750
3  2100.000000   47.716000     1800.000000   73.849000     1840.000000   69.746000     2.43646E-02  2.52286E-04  14.239800  9.118600
3  2100.000000   47.716000     1840.000000   69.746000     1880.000000   67.320000     2.14448E-02  2.22050E-04  13.759100  9.082190
3  2100.000000   47.716000     1880.000000   67.320000     1920.000000   57.532000     1.84911E-02  1.91890E-04  13.251000  9.156080
3  2100.000000   47.716000     1920.000000   57.532000     1960.000000   54.922000     2.26070E-02  2.34082E-04  21.556100  9.073500
3  2100.000000   47.716000     1960.000000   54.922000     2000.000000   51.429000     2.78903E-02  2.89002E-04  34.190200  7.653860
3  2100.000000   47.716000     2000.000000   51.429000     2040.000000   51.134000     6.84211E-02  6.89042E-04  30.655200  3.248810
3  2100.000000   47.716000     2160.000000   53.175000     2200.000000   49.089000     4.78427E-02  4.85130E-04  37.298200  4.191840
3  2100.000000   47.716000     2200.000000   49.089000     2240.000000   45.045000     2.58170E-02  2.66736E-04  31.365500  7.998660
3  2100.000000   47.716000     2240.000000   45.045000     2280.000000   42.192000     3.44891E-02  3.57752E-04  24.940400  6.943500
3  2100.000000   47.716000     2280.000000   42.192000     2320.000000   45.283000     3.30129E-02  3.42440E-04  21.432800  6.943480
3  2100.000000   47.716000     2320.000000   45.283000     2360.000000   52.469000     1.67860E-02  1.75222E-04  22.647800  9.731110
3  2100.000000   47.716000     2360.000000   52.469000     2400.000000   59.965000     1.40270E-02  1.47293E-04  19.791200  10.258600
3  2100.000000   47.716000     1400.000000   160.896000    1480.000000   197.065000    5.19525E-03  7.20467E-05  14.473800  14.231300
3  2100.000000   47.716000     1440.000000   178.173000    1520.000000   178.674000    4.04477E-03  5.82075E-05  13.949500  15.045100
3  2100.000000   47.716000     1480.000000   197.065000    1560.000000   156.964000    5.43863E-03  7.54218E-05  16.191000  14.216300
3  2100.000000   47.716000     1520.000000   178.674000    1600.000000   137.193000    8.09623E-03  9.25278E-05  12.749600  12.663300
3  2100.000000   47.716000     1560.000000   156.964000    1640.000000   122.640000    1.30372E-02  1.38205E-04  13.034900  10.984400
3  2100.000000   47.716000     1600.000000   137.193000    1680.000000   100.508000    1.79122E-02  1.87003E-04  17.137900  10.972300
3  2100.000000   47.716000     1640.000000   122.640000    1720.000000   92.752000     2.20381E-02  2.28227E-04  19.053800  11.273000
3  2100.000000   47.716000     1680.000000   100.508000    1760.000000   89.581000     2.20195E-02  2.28005E-04  16.996000  9.599330
3  2100.000000   47.716000     880.000000    118.144000    1040.000000   108.286000    4.86963E-03  6.75306E-05  17.406700  14.194400
3  2100.000000   47.716000     920.000000    132.008000    1080.000000   117.343000    5.58156E-03  7.74045E-05  20.402500  14.221300
3  2100.000000   47.716000     960.000000    128.518000    1120.000000   134.172000    5.81364E-03  8.06247E-05  21.084800  14.228600
3  2100.000000   47.716000     1000.000000   116.905000    1160.000000   128.135000    5.62122E-03  7.79540E-05  21.258100  14.204300
3  2100.000000   47.716000     1040.000000   108.286000    1200.000000   123.583000    6.30370E-03  8.44614E-05  20.081800  13.067400
3  2100.000000   47.716000     1080.000000   117.343000    1240.000000   121.871000    7.04855E-03  9.44513E-05  20.340100  13.332600
3  2100.000000   47.716000     1120.000000   134.172000    1280.000000   129.599000    8.37886E-03  9.57712E-05  22.982200  12.861200
3  2100.000000   47.716000     1160.000000   128.135000    1320.000000   143.045000    1.05191E-02  1.13983E-04  22.541500  11.985900
3  2100.000000   47.716000     1200.000000   123.583000    1360.000000   150.159000    1.14976E-02  1.24583E-04  20.952600  12.003500
3  2100.000000   47.716000     1240.000000   121.871000    1400.000000   160.896000    1.23299E-02  1.30709E-04  18.677700  10.950000
3  2100.000000   47.716000     1280.000000   129.599000    1440.000000   178.173000    1.30659E-02  1.38510E-04  15.361200  10.936400
3  2180.000000   52.441000     1840.000000   69.746000     1880.000000   67.320000     9.21190E-03  1.05280E-04  13.147700  12.645300
3  2180.000000   52.441000     1880.000000   67.320000     1920.000000   57.532000     7.69694E-03  8.79652E-05  13.041000  12.641400
3  2180.000000   52.441000     1920.000000   57.532000     1960.000000   54.922000     9.03531E-03  1.03263E-04  24.576800  12.653500
3  2180.000000   52.441000     1960.000000   54.922000     2000.000000   51.429000     9.12276E-03  1.04263E-04  30.168700  12.657500
3  2180.000000   52.441000     2000.000000   51.429000     2040.000000   51.134000     1.21549E-02  1.29004E-04  42.990900  10.936600
3  2180.000000   52.441000     2040.000000   51.134000     2080.000000   47.855000     3.16481E-02  3.28001E-04  21.493600  7.789280
3  2180.000000   52.441000     2080.000000   47.855000     2120.000000   51.358000     1.43217E-01  1.43715E-03  25.805700  3.459880
3  2180.000000   52.441000     2240.000000   45.045000     2280.000000   42.192000     3.27311E-01  3.27822E-03  15.315400  1.238340
3  2180.000000   52.441000     2280.000000   42.192000     2320.000000   45.283000     1.57850E-01  1.58360E-03  20.038200  1.977640
3  2180.000000   52.441000     2320.000000   45.283000     2360.000000   52.469000     6.55037E-02  6.60631E-04  19.795700  3.299640
3  2180.000000   52.441000     2360.000000   52.469000     2400.000000   59.965000     4.09569E-02  4.17355E-04  17.434000  4.776880
3  2180.000000   52.441000     1480.000000   197.065000    1560.000000   156.964000    4.26505E-03  6.13775E-05  11.742000  15.057600
3  2180.000000   52.441000     1520.000000   178.674000    1600.000000   137.193000    6.16405E-03  8.25903E-05  8.894980  13.079400
3  2180.000000   52.441000     1560.000000   156.964000    1640.000000   122.640000    9.60155E-03  1.09733E-04  9.166370  12.696500
3  2180.000000   52.441000     1600.000000   137.193000    1680.000000   100.508000    1.27705E-02  1.35393E-04  13.826300  12.008400
3  2180.000000   52.441000     1640.000000   122.640000    1720.000000   92.752000     1.51486E-02  1.59122E-04  16.293000  12.858200
3  2180.000000   52.441000     1680.000000   100.508000    1760.000000   89.581000     1.42455E-02  1.49599E-04  14.415400  11.080100
3  2180.000000   52.441000     1720.000000   92.752000     1800.000000   73.849000     1.67125E-02  1.74460E-04  12.165700  9.744490
3  2180.000000   52.441000     1760.000000   89.581000     1840.000000   69.746000     2.19747E-02  2.27541E-04  12.873400  9.059930
3  2180.000000   52.441000     1040.000000   108.286000    1200.000000   123.583000    5.44038E-03  7.54461E-05  15.861200  14.198100
3  2180.000000   52.441000     1080.000000   117.343000    1240.000000   121.871000    6.06072E-03  8.40573E-05  16.718500  14.611100
3  2180.000000   52.441000     1120.000000   134.172000    1280.000000   129.599000    7.22250E-03  9.67873E-05  19.342800  13.473000
3  2180.000000   52.441000     1160.000000   128.135000    1320.000000   143.045000    9.08475E-03  1.03846E-04  18.605000  13.129600
3  2180.000000   52.441000     1200.000000   123.583000    1360.000000   150.159000    9.93582E-03  1.07672E-04  17.068100  12.300900
3  2180.000000   52.441000     1240.000000   121.871000    1400.000000   160.896000    1.06620E-02  1.15523E-04  14.440100  11.806700
3  2180.000000   52.441000     1280.000000   129.599000    1440.000000   178.173000    1.11762E-02  1.21083E-04  11.102800  11.739400
3  2180.000000   52.441000     1320.000000   143.045000    1480.000000   197.065000    9.65119E-03  1.10299E-04  10.070900  12.664200
3  2180.000000   52.441000     1360.000000   150.159000    1520.000000   178.674000    9.24380E-03  1.05644E-04  10.124700  12.687000
3  2261.000000   43.126000     1920.000000   57.532000     1960.000000   54.922000     6.76521E-03  9.06525E-05  24.351500  13.144500
3  2261.000000   43.126000     1960.000000   54.922000     2000.000000   51.429000     6.10860E-03  8.18522E-05  25.474200  13.121000
3  2261.000000   43.126000     2000.000000   51.429000     2040.000000   51.134000     7.11542E-03  9.53452E-05  34.807600  13.136900
3  2261.000000   43.126000     2040.000000   51.134000     2080.000000   47.855000     1.86607E-02  1.93704E-04  17.797600  9.506100
3  2261.000000   43.126000     2080.000000   47.855000     2120.000000   51.358000     5.72797E-02  5.78754E-04  22.256600  5.572340
3  2261.000000   43.126000     2120.000000   51.358000     2160.000000   53.175000     1.69246E-01  1.69745E-03  17.784500  3.011980
3  2261.000000   43.126000     2160.000000   53.175000     2200.000000   49.089000     2.85403E-01  4.88972E-03  7.559030  9.556440
3  2261.000000   43.126000     2360.000000   52.469000     2400.000000   59.965000     1.53100E-01  1.53593E-03  9.606640  1.977640
3  2261.000000   43.126000     1560.000000   156.964000    1640.000000   122.640000    7.96405E-03  9.10371E-05  6.692460  12.841900
3  2261.000000   43.126000     1600.000000   137.193000    1680.000000   100.508000    1.05038E-02  1.13864E-04  11.777100  12.681400
3  2261.000000   43.126000     1640.000000   122.640000    1720.000000   92.752000     1.22880E-02  1.30362E-04  14.243500  13.155500
3  2261.000000   43.126000     1680.000000   100.508000    1760.000000   89.581000     1.14374E-02  1.23946E-04  12.194000  12.602900
3  2261.000000   43.126000     1720.000000   92.752000     1800.000000   73.849000     1.33031E-02  1.41065E-04  10.113200  11.093800
3  2261.000000   43.126000     1760.000000   89.581000     1840.000000   69.746000     1.74406E-02  1.82108E-04  11.005400  10.051100
3  2261.000000   43.126000     1800.000000   73.849000     1880.000000   67.320000     1.61934E-02  1.69074E-04  11.617000  9.968950
3  2261.000000   43.126000     1840.000000   69.746000     1920.000000   57.532000     1.32168E-02  1.40128E-04  11.328700  11.021400
3  2340.000000   48.090000     2000.000000   51.429000     2040.000000   51.134000     3.57515E-03  5.15201E-05  28.031100  18.260700
3  2340.000000   48.090000     2040.000000   51.134000     2080.000000   47.855000     8.30346E-03  9.49824E-05  16.479000  16.325100
3  2340.000000   48.090000     2080.000000   47.855000     2120.000000   51.358000     2.15403E-02  2.23532E-04  18.956700  12.504400
3  2340.000000   48.090000     2120.000000   51.358000     2160.000000   53.175000     4.09897E-02  4.18115E-04  17.826000  11.924200
3  2340.000000   48.090000     2160.000000   53.175000     2200.000000   49.089000     4.63107E-02  4.69655E-04  11.282700  4.382380
3  2340.000000   48.090000     2200.000000   49.089000     2240.000000   45.045000     1.28542E-01  1.29057E-03  6.553620  3.079730
3  2340.000000   48.090000     2240.000000   45.045000     2280.000000   42.192000     5.25564E-01  5.26168E-03  5.926260  1.531460
3  2340.000000   48.090000     1640.000000   122.640000    1720.000000   92.752000     8.30913E-03  9.55018E-05  16.191600  22.731800
3  2340.000000   48.090000     1680.000000   100.508000    1760.000000   89.581000     7.66081E-03  1.02681E-04  11.936300  16.167400
3  2340.000000   48.090000     1720.000000   92.752000     1800.000000   73.849000     8.87444E-03  1.01427E-04  8.130840  12.672100
3  2340.000000   48.090000     1760.000000   89.581000     1840.000000   69.746000     1.16630E-02  1.26369E-04  9.367030  11.736100
3  2340.000000   48.090000     1800.000000   73.849000     1880.000000   67.320000     1.08318E-02  1.17366E-04  10.798700  11.728400
3  2340.000000   48.090000     1840.000000   69.746000     1920.000000   57.532000     8.66102E-03  9.89911E-05  10.542900  12.717300
3  2340.000000   48.090000     1880.000000   67.320000     1960.000000   54.922000     8.06035E-03  9.21185E-05  19.515100  12.633400
3  2340.000000   48.090000     1920.000000   57.532000     2000.000000   51.429000     7.41284E-03  9.93291E-05  27.652600  13.322700
3  2340.000000   48.090000     1520.000000   178.674000    1680.000000   100.508000    1.10164E-02  1.19641E-04  9.493630  14.550200
3  2420.000000   60.932000     2080.000000   47.855000     2120.000000   51.358000     7.00481E-03  9.43261E-05  17.305200  25.734800
3  2420.000000   60.932000     2120.000000   51.358000     2160.000000   53.175000     1.03159E-02  1.13014E-04  18.850600  22.977000
3  2420.000000   60.932000     2160.000000   53.175000     2200.000000   49.089000     1.03739E-02  1.12435E-04  14.485300  16.709700
3  2420.000000   60.932000     2200.000000   49.089000     2240.000000   45.045000     2.45766E-02  2.54058E-04  8.924900  19.077200
3  2420.000000   60.932000     2240.000000   45.045000     2280.000000   42.192000     6.72896E-02  6.79087E-04  10.119900  9.871870
3  2420.000000   60.932000     2280.000000   42.192000     2320.000000   45.283000     1.27690E-01  1.28210E-03  0.556344  2.832540
3  2420.000000   60.932000     2320.000000   45.283000     2360.000000   52.469000     2.49295E-01  2.49881E-03  5.319660  2.357980
3  2420.000000   60.932000     1800.000000   73.849000     1880.000000   67.320000     7.18698E-03  9.63580E-05  7.778260  14.157500
3  2420.000000   60.932000     1840.000000   69.746000     1920.000000   57.532000     5.56310E-03  7.72870E-05  9.171170  18.046600
3  2420.000000   60.932000     2000.000000   51.429000     2080.000000   47.855000     4.87223E-03  6.81532E-05  20.674400  29.173500
3  2577.000000   79.724000     2240.000000   45.045000     2280.000000   42.192000     1.33998E-02  1.43338E-04  8.938690  21.374400
3  2577.000000   79.724000     2280.000000   42.192000     2320.000000   45.283000     1.89294E-02  1.96671E-04  4.770960  25.484800
3  2577.000000   79.724000     2320.000000   45.283000     2360.000000   52.469000     2.23488E-02  2.31598E-04  7.215990  16.610000
3  2577.000000   79.724000     2360.000000   52.469000     2400.000000   59.965000     2.31747E-02  2.40037E-04  4.383170  9.035460
3  2577.000000   79.724000     2000.000000   51.429000     2080.000000   47.855000     2.53571E-03  4.07281E-05  23.495800  32.884200
3  2577.000000   79.724000     2040.000000   51.134000     2120.000000   51.358000     3.86990E-03  5.79521E-05  20.751700  45.079700
3  2577.000000   79.724000     2080.000000   47.855000     2160.000000   53.175000     5.32448E-03  7.65303E-05  19.221300  38.438700
3  2577.000000   79.724000     2120.000000   51.358000     2200.000000   49.089000     5.54056E-03  7.82876E-05  21.366000  43.331000
3  2577.000000   79.724000     2160.000000   53.175000     2240.000000   45.045000     8.56876E-03  9.92502E-05  15.004400  38.462300
3  2783.000000   75.334000     2080.000000   47.855000     2160.000000   53.175000     3.16150E-03  4.72100E-05  18.304400  37.555200
3  2783.000000   75.334000     2120.000000   51.358000     2200.000000   49.089000     3.12603E-03  4.62790E-05  24.466900  46.731000
3  2783.000000   75.334000     2160.000000   53.175000     2240.000000   45.045000     4.73069E-03  6.67595E-05  19.680700  46.518800
3  2783.000000   75.334000     2200.000000   49.089000     2280.000000   42.192000     9.92307E-03  1.10734E-04  14.955600  37.499200
3  2783.000000   75.334000     2240.000000   45.045000     2320.000000   45.283000     1.53745E-02  1.62945E-04  8.553050  26.095200
3  2783.000000   75.334000     2280.000000   42.192000     2360.000000   52.469000     1.85926E-02  1.93248E-04  9.312650  23.040000
3  2783.000000   75.334000     2320.000000   45.283000     2400.000000   59.965000     1.91256E-02  1.98556E-04  11.143500  15.832200
3  2900.000000   119.420000    2200.000000   49.089000     2280.000000   42.192000     8.46577E-03  1.00477E-04  17.372300  39.642600
3  2900.000000   119.420000    2240.000000   45.045000     2320.000000   45.283000     1.31761E-02  1.41965E-04  10.977800  28.629400
3  2900.000000   119.420000    2280.000000   42.192000     2360.000000   52.469000     1.53257E-02  1.61628E-04  12.087100  27.027600
3  2900.000000   119.420000    2320.000000   45.283000     2400.000000   59.965000     1.53485E-02  1.61284E-04  13.547700  18.479700
3  2900.000000   119.420000    2040.000000   51.134000     2200.000000   49.089000     5.03351E-03  7.14874E-05  17.279000  31.830600
3  2900.000000   119.420000    2080.000000   47.855000     2240.000000   45.045000     6.83521E-03  9.37476E-05  17.785600  34.583800
3  3030.000000   136.839000    2320.000000   45.283000     2400.000000   59.965000     1.27417E-02  1.35996E-04  16.795700  27.859000
3  3030.000000   136.839000    2040.000000   51.134000     2200.000000   49.089000     4.34325E-03  6.25884E-05  16.637400  29.403200
3  3030.000000   136.839000    2080.000000   47.855000     2240.000000   45.045000     5.74917E-03  8.03659E-05  24.176200  44.509200
3  3030.000000   136.839000    2120.000000   51.358000     2280.000000   42.192000     9.28844E-03  1.16683E-04  25.229000  48.954900
3  3030.000000   136.839000    2160.000000   53.175000     2320.000000   45.283000     1.39890E-02  1.70494E-04  20.293600  47.187300
3  3030.000000   136.839000    2200.000000   49.089000     2360.000000   52.469000     1.95074E-02  2.23128E-04  19.981400  45.434300
