L26 SSIP denoised F2 0.40625 Hz
10.000000
11
0
Type of measurement (0=app. resistivity,1=resistance)
1
2178                
1
1
Phase Angle
mrad
0,0.40625
Error estimate for data present
Type of error estimate (0=same unit as data)
0
3  -20.000000    105.902000    240.000000    92.290000     280.000000    93.398000     1.29122E-02  1.50317E-04  7.536340  8.322150
3  -20.000000    105.902000    280.000000    93.398000     320.000000    95.039000     1.08881E-02  1.27899E-04  8.923470  8.576440
3  -20.000000    105.902000    1880.000000   68.179000     1920.000000   68.761000     1.24891E-03  4.97556E-05  12.741100  48.651900
3  -20.000000    105.902000    2280.000000   43.553000     2320.000000   45.377000     2.12998E-04  8.48567E-06  30.268900  48.651900
3  -20.000000    105.902000    2360.000000   47.641000     2400.000000   52.837000     2.67350E-04  1.06510E-05  46.393900  48.651900
3  -20.000000    105.902000    320.000000    95.039000     400.000000    101.442000    1.28378E-02  1.49441E-04  8.010230  8.325870
3  -20.000000    105.902000    360.000000    95.756000     440.000000    109.091000    9.75272E-03  1.14561E-04  8.643500  8.576460
3  -20.000000    105.902000    400.000000    101.442000    480.000000    117.202000    7.96736E-03  9.57390E-05  10.475600  9.576770
3  -20.000000    105.902000    440.000000    109.091000    520.000000    118.621000    6.47869E-03  8.15401E-05  11.069400  12.114100
3  -20.000000    105.902000    480.000000    117.202000    560.000000    114.524000    6.97275E-03  8.77548E-05  9.413320  12.114100
3  -20.000000    105.902000    520.000000    118.621000    600.000000    110.348000    6.59096E-03  8.28563E-05  9.455500  12.114200
3  -20.000000    105.902000    560.000000    114.524000    640.000000    121.240000    5.48317E-03  7.00338E-05  10.986300  12.641500
3  -20.000000    105.902000    600.000000    110.348000    680.000000    117.505000    4.49724E-03  7.21780E-05  13.172600  18.564200
3  -20.000000    105.902000    1800.000000   104.339000    1880.000000   68.179000     2.44566E-03  6.55833E-05  13.838800  29.851100
3  -20.000000    105.902000    1840.000000   80.146000     1920.000000   68.761000     2.50280E-03  4.52591E-05  13.039700  22.810200
3  -20.000000    105.902000    2200.000000   52.831000     2280.000000   43.553000     8.78196E-04  3.49866E-05  30.920600  48.651900
3  -20.000000    105.902000    2240.000000   43.386000     2320.000000   45.377000     6.88461E-04  2.74277E-05  31.752200  48.651900
3  -20.000000    105.902000    640.000000    121.240000    800.000000    108.602000    1.17848E-02  1.37183E-04  13.849800  8.322170
3  -20.000000    105.902000    680.000000    117.505000    840.000000    121.214000    1.19591E-02  1.39212E-04  13.088800  8.322520
3  -20.000000    105.902000    720.000000    113.178000    880.000000    124.368000    1.11641E-02  1.31141E-04  12.550400  8.576790
3  -20.000000    105.902000    760.000000    100.356000    920.000000    140.952000    8.84705E-03  1.06310E-04  11.961200  9.575460
3  -20.000000    105.902000    800.000000    108.602000    960.000000    154.933000    7.58217E-03  9.53170E-05  11.841900  12.114100
3  -20.000000    105.902000    840.000000    121.214000    1000.000000   139.164000    6.24190E-03  7.97247E-05  12.047200  12.638600
3  -20.000000    105.902000    880.000000    124.368000    1040.000000   135.603000    5.59390E-03  7.14481E-05  12.760900  12.638600
3  -20.000000    105.902000    920.000000    140.952000    1080.000000   116.772000    4.51525E-03  7.24671E-05  14.339400  18.562400
3  -20.000000    105.902000    960.000000    154.933000    1120.000000   126.923000    4.47162E-03  7.17668E-05  18.990900  18.562400
3  -20.000000    105.902000    1000.000000   139.164000    1160.000000   133.280000    5.33671E-03  6.81637E-05  11.055000  12.638700
3  -20.000000    105.902000    1040.000000   135.603000    1200.000000   143.288000    5.38056E-03  6.87232E-05  23.451500  12.638700
3  -20.000000    105.902000    1080.000000   116.772000    1240.000000   143.282000    5.83364E-03  7.45102E-05  22.867700  12.638700
3  -20.000000    105.902000    1120.000000   126.923000    1280.000000   155.645000    5.95634E-03  7.60774E-05  21.496900  12.638700
3  -20.000000    105.902000    1160.000000   133.280000    1320.000000   173.060000    5.20244E-03  6.64492E-05  31.507500  12.638700
3  -20.000000    105.902000    1200.000000   143.288000    1360.000000   187.371000    4.65337E-03  7.46838E-05  20.071400  18.562400
3  -20.000000    105.902000    1240.000000   143.282000    1400.000000   194.951000    4.27766E-03  6.86539E-05  20.714400  18.562400
3  -20.000000    105.902000    1640.000000   112.857000    1800.000000   104.339000    4.68099E-03  7.51271E-05  13.909300  18.562400
3  -20.000000    105.902000    1680.000000   114.145000    1840.000000   80.146000     4.21924E-03  6.77163E-05  13.303800  18.562400
3  -20.000000    105.902000    1720.000000   106.756000    1880.000000   68.179000     4.57403E-03  7.34104E-05  13.431100  18.562400
3  -20.000000    105.902000    1760.000000   101.140000    1920.000000   68.761000     4.24474E-03  6.81255E-05  13.275000  18.562400
3  -20.000000    105.902000    2040.000000   57.680000     2200.000000   52.831000     1.96321E-03  5.37156E-05  19.684900  29.856100
3  -20.000000    105.902000    2080.000000   61.209000     2240.000000   43.386000     1.35743E-03  3.64205E-05  20.701400  29.852000
3  -20.000000    105.902000    2120.000000   64.714000     2280.000000   43.553000     1.50816E-03  4.10637E-05  25.481900  29.874100
3  -20.000000    105.902000    2160.000000   69.496000     2320.000000   45.377000     1.49596E-03  4.12590E-05  25.676700  29.869400
3  -20.000000    105.902000    1280.000000   155.645000    1600.000000   131.871000    6.41802E-03  8.06822E-05  18.139800  12.114100
3  -20.000000    105.902000    1320.000000   173.060000    1640.000000   112.857000    7.80950E-03  9.81748E-05  16.629700  12.114100
3  -20.000000    105.902000    1360.000000   187.371000    1680.000000   114.145000    8.59816E-03  1.03319E-04  15.870700  9.575450
3  -20.000000    105.902000    1400.000000   194.951000    1720.000000   106.756000    8.73216E-03  1.04929E-04  15.202000  9.575450
3  -20.000000    105.902000    1440.000000   204.976000    1760.000000   101.140000    9.68181E-03  1.13728E-04  14.724300  8.576430
3  -20.000000    105.902000    1480.000000   191.689000    1800.000000   104.339000    9.82198E-03  1.15375E-04  14.518400  8.576430
3  -20.000000    105.902000    1520.000000   175.987000    1840.000000   80.146000     1.04233E-02  1.22438E-04  14.394700  8.576470
3  -20.000000    105.902000    1560.000000   155.051000    1880.000000   68.179000     1.05819E-02  1.24301E-04  14.327600  8.576440
3  -20.000000    105.902000    1600.000000   131.871000    1920.000000   68.761000     1.07296E-02  1.26037E-04  13.814200  8.576530
3  -20.000000    105.902000    2000.000000   61.720000     2320.000000   45.377000     3.18964E-03  5.86664E-05  24.007900  22.813700
3  -320.000000   88.258000     1880.000000   68.179000     1920.000000   68.761000     8.09199E-04  3.22378E-05  8.634870  48.651900
3  -320.000000   88.258000     2280.000000   43.553000     2320.000000   45.377000     1.43164E-04  5.70354E-06  36.068500  48.651900
3  -320.000000   88.258000     2360.000000   47.641000     2400.000000   52.837000     1.76710E-04  7.03999E-06  49.421500  48.651900
3  -320.000000   88.258000     120.000000    102.908000    200.000000    92.851000     3.58688E-03  6.48630E-05  11.651100  22.810300
3  -320.000000   88.258000     160.000000    97.335000     240.000000    92.290000     3.00983E-03  5.44280E-05  13.188200  22.810300
3  -320.000000   88.258000     200.000000    92.851000     280.000000    93.398000     2.72401E-03  4.92594E-05  13.657400  22.810200
3  -320.000000   88.258000     240.000000    92.290000     320.000000    95.039000     2.87264E-03  5.19471E-05  14.475600  22.810300
3  -320.000000   88.258000     280.000000    93.398000     360.000000    95.756000     2.58674E-03  4.67771E-05  14.160100  22.810400
3  -320.000000   88.258000     320.000000    95.039000     400.000000    101.442000    1.81377E-03  4.86620E-05  62.783400  29.944200
3  -320.000000   88.258000     1800.000000   104.339000    1880.000000   68.179000     1.56770E-03  4.20398E-05  11.714700  29.851100
3  -320.000000   88.258000     1840.000000   80.146000     1920.000000   68.761000     1.61561E-03  4.33245E-05  9.605850  29.851100
3  -320.000000   88.258000     2200.000000   52.831000     2280.000000   43.553000     5.85703E-04  2.33340E-05  41.485700  48.652200
3  -320.000000   88.258000     2240.000000   43.386000     2320.000000   45.377000     4.53020E-04  1.80480E-05  41.892500  48.651900
3  -320.000000   88.258000     360.000000    95.756000     520.000000    118.621000    3.20859E-03  5.80222E-05  21.591400  22.810300
3  -320.000000   88.258000     400.000000    101.442000    560.000000    114.524000    3.49363E-03  6.33186E-05  -5.086020  23.179600
3  -320.000000   88.258000     440.000000    109.091000    600.000000    110.348000    3.23343E-03  5.84714E-05  22.107200  22.814100
3  -320.000000   88.258000     480.000000    117.202000    640.000000    121.240000    3.30042E-03  5.96888E-05  19.969100  22.905400
3  -320.000000   88.258000     520.000000    118.621000    680.000000    117.505000    3.14089E-03  5.68065E-05  18.078300  22.944000
3  -320.000000   88.258000     560.000000    114.524000    720.000000    113.178000    3.13598E-03  5.67129E-05  19.658300  22.891300
3  -320.000000   88.258000     600.000000    110.348000    760.000000    100.356000    3.73333E-03  5.99218E-05  18.294200  18.607700
3  -320.000000   88.258000     640.000000    121.240000    800.000000    108.602000    4.07526E-03  6.54055E-05  17.590200  18.562500
3  -320.000000   88.258000     680.000000    117.505000    840.000000    121.214000    4.29844E-03  6.89874E-05  16.844200  18.562700
3  -320.000000   88.258000     720.000000    113.178000    880.000000    124.368000    4.18699E-03  6.71987E-05  16.542600  18.562500
3  -320.000000   88.258000     760.000000    100.356000    920.000000    140.952000    3.50357E-03  6.33565E-05  15.714300  22.810200
3  -320.000000   88.258000     800.000000    108.602000    960.000000    154.933000    3.10910E-03  5.62231E-05  15.565000  22.810200
3  -320.000000   88.258000     840.000000    121.214000    1000.000000   139.164000    2.61480E-03  4.72845E-05  15.434100  22.810300
3  -320.000000   88.258000     880.000000    124.368000    1040.000000   135.603000    2.41741E-03  6.48258E-05  16.315900  29.851100
3  -320.000000   88.258000     920.000000    140.952000    1080.000000   116.772000    2.00181E-03  5.36809E-05  18.324300  29.851100
3  -320.000000   88.258000     960.000000    154.933000    1120.000000   126.923000    2.08738E-03  5.59756E-05  21.847100  29.851100
3  -320.000000   88.258000     1640.000000   112.857000    1800.000000   104.339000    2.93917E-03  5.31502E-05  11.718600  22.810200
3  -320.000000   88.258000     1680.000000   114.145000    1840.000000   80.146000     2.67128E-03  4.83058E-05  11.290600  22.810200
3  -320.000000   88.258000     1720.000000   106.756000    1880.000000   68.179000     2.91521E-03  5.27169E-05  11.465200  22.810200
3  -320.000000   88.258000     1760.000000   101.140000    1920.000000   68.761000     2.72648E-03  4.93040E-05  10.512900  22.810200
3  -320.000000   88.258000     2040.000000   57.680000     2200.000000   52.831000     1.33837E-03  3.58900E-05  19.881200  29.851100
3  -320.000000   88.258000     2080.000000   61.209000     2240.000000   43.386000     9.42301E-04  3.75405E-05  25.003200  48.652000
3  -320.000000   88.258000     2120.000000   64.714000     2280.000000   43.553000     1.03480E-03  4.12256E-05  32.268700  48.651900
3  -320.000000   88.258000     2160.000000   69.496000     2320.000000   45.377000     1.02088E-03  4.06710E-05  33.448300  48.652000
3  -320.000000   88.258000     1000.000000   139.164000    1320.000000   173.060000    5.41871E-03  6.92110E-05  22.611600  12.638800
3  -320.000000   88.258000     1040.000000   135.603000    1360.000000   187.371000    5.28693E-03  6.75273E-05  22.764100  12.638700
3  -320.000000   88.258000     1080.000000   116.772000    1400.000000   194.951000    5.40151E-03  6.89908E-05  22.348700  12.638700
3  -320.000000   88.258000     1120.000000   126.923000    1440.000000   204.976000    4.99511E-03  6.38000E-05  21.325800  12.638700
3  -320.000000   88.258000     1160.000000   133.280000    1480.000000   191.689000    4.35945E-03  6.99666E-05  26.704900  18.562400
3  -320.000000   88.258000     1200.000000   143.288000    1520.000000   175.987000    3.97114E-03  6.37344E-05  18.648500  18.562400
3  -320.000000   88.258000     1240.000000   143.282000    1560.000000   155.051000    4.01862E-03  6.44964E-05  17.819900  18.562400
3  -320.000000   88.258000     1280.000000   155.645000    1600.000000   131.871000    3.76657E-03  6.04512E-05  16.668200  18.562400
3  -320.000000   88.258000     1320.000000   173.060000    1640.000000   112.857000    4.68235E-03  7.51489E-05  14.983800  18.562400
3  -320.000000   88.258000     1360.000000   187.371000    1680.000000   114.145000    5.22209E-03  6.66991E-05  14.156700  12.638600
3  -320.000000   88.258000     1400.000000   194.951000    1720.000000   106.756000    5.34616E-03  6.82838E-05  13.208100  12.638600
3  -320.000000   88.258000     1440.000000   204.976000    1760.000000   101.140000    5.97418E-03  7.63052E-05  12.877800  12.638600
3  -320.000000   88.258000     1480.000000   191.689000    1800.000000   104.339000    6.08057E-03  7.76641E-05  12.619500  12.638600
3  -320.000000   88.258000     1520.000000   175.987000    1840.000000   80.146000     6.48990E-03  8.15858E-05  12.574400  12.114100
3  -320.000000   88.258000     1560.000000   155.051000    1880.000000   68.179000     6.63488E-03  8.34084E-05  12.235300  12.114100
3  -320.000000   88.258000     1600.000000   131.871000    1920.000000   68.761000     6.76951E-03  8.51009E-05  11.559000  12.114100
3  -320.000000   88.258000     2000.000000   61.720000     2320.000000   45.377000     2.15694E-03  5.78409E-05  28.563700  29.851200
3  -480.000000   91.643000     1880.000000   68.179000     1920.000000   68.761000     7.96778E-04  3.17430E-05  10.851700  48.651900
3  -480.000000   91.643000     2280.000000   43.553000     2320.000000   45.377000     1.39931E-04  5.57474E-06  30.257300  48.652000
3  -480.000000   91.643000     2360.000000   47.641000     2400.000000   52.837000     1.74650E-04  6.95792E-06  62.626900  48.651900
3  -480.000000   91.643000     1800.000000   104.339000    1880.000000   68.179000     1.53208E-03  4.10846E-05  14.203000  29.851100
3  -480.000000   91.643000     1840.000000   80.146000     1920.000000   68.761000     1.58709E-03  4.25597E-05  11.937000  29.851100
3  -480.000000   91.643000     2200.000000   52.831000     2280.000000   43.553000     5.65143E-04  2.25149E-05  43.916800  48.652400
3  -480.000000   91.643000     2240.000000   43.386000     2320.000000   45.377000     4.37322E-04  1.74226E-05  40.145500  48.651900
3  -480.000000   91.643000     320.000000    95.039000     480.000000    117.202000    2.30103E-03  6.17060E-05  22.381500  29.889000
3  -480.000000   91.643000     360.000000    95.756000     520.000000    118.621000    2.20606E-03  5.91581E-05  27.990500  29.855700
3  -480.000000   91.643000     440.000000    109.091000    600.000000    110.348000    2.44863E-03  4.42796E-05  26.430900  22.810900
3  -480.000000   91.643000     480.000000    117.202000    640.000000    121.240000    2.54795E-03  4.60784E-05  23.699600  22.973800
3  -480.000000   91.643000     520.000000    118.621000    680.000000    117.505000    2.46756E-03  4.46285E-05  21.688600  23.034700
3  -480.000000   91.643000     560.000000    114.524000    720.000000    113.178000    2.51088E-03  4.54057E-05  23.078100  22.909300
3  -480.000000   91.643000     600.000000    110.348000    760.000000    100.356000    3.04575E-03  5.50818E-05  21.068500  22.914200
3  -480.000000   91.643000     640.000000    121.240000    800.000000    108.602000    3.36605E-03  6.08716E-05  20.303800  22.812400
3  -480.000000   91.643000     680.000000    117.505000    840.000000    121.214000    3.57962E-03  6.47342E-05  18.765400  22.813100
3  -480.000000   91.643000     720.000000    113.178000    880.000000    124.368000    3.51476E-03  6.35609E-05  18.747300  22.812600
3  -480.000000   91.643000     760.000000    100.356000    920.000000    140.952000    2.97190E-03  5.37421E-05  17.737600  22.810600
3  -480.000000   91.643000     800.000000    108.602000    960.000000    154.933000    2.66405E-03  4.81753E-05  17.127400  22.810800
3  -480.000000   91.643000     1640.000000   112.857000    1800.000000   104.339000    2.86209E-03  5.17563E-05  13.999000  22.810200
3  -480.000000   91.643000     1680.000000   114.145000    1840.000000   80.146000     2.60404E-03  4.70899E-05  13.677400  22.810200
3  -480.000000   91.643000     1720.000000   106.756000    1880.000000   68.179000     2.84401E-03  5.14294E-05  13.865600  22.810200
3  -480.000000   91.643000     1760.000000   101.140000    1920.000000   68.761000     2.67038E-03  4.82895E-05  12.923300  22.810200
3  -480.000000   91.643000     2080.000000   61.209000     2240.000000   43.386000     9.30243E-04  3.70601E-05  27.214400  48.652200
3  -480.000000   91.643000     2120.000000   64.714000     2280.000000   43.553000     1.01280E-03  4.03491E-05  35.366400  48.652000
3  -480.000000   91.643000     2160.000000   69.496000     2320.000000   45.377000     9.96624E-04  3.97047E-05  35.493400  48.652000
3  -480.000000   91.643000     840.000000    121.214000    1160.000000   133.280000    4.62412E-03  7.42144E-05  15.840200  18.562900
3  -480.000000   91.643000     880.000000    124.368000    1200.000000   143.288000    4.61029E-03  7.39924E-05  22.554400  18.562700
3  -480.000000   91.643000     920.000000    140.952000    1240.000000   143.282000    4.54213E-03  7.28985E-05  23.129200  18.562700
3  -480.000000   91.643000     960.000000    154.933000    1280.000000   155.645000    4.81406E-03  7.72628E-05  23.617900  18.562600
3  -480.000000   91.643000     1000.000000   139.164000    1320.000000   173.060000    4.97930E-03  6.35986E-05  23.867900  12.639700
3  -480.000000   91.643000     1040.000000   135.603000    1360.000000   187.371000    4.90266E-03  7.86848E-05  24.160500  18.562800
3  -480.000000   91.643000     1080.000000   116.772000    1400.000000   194.951000    5.02427E-03  6.41730E-05  24.490800  12.639300
3  -480.000000   91.643000     1120.000000   126.923000    1440.000000   204.976000    4.67323E-03  7.50025E-05  22.868700  18.562600
3  -480.000000   91.643000     1160.000000   133.280000    1480.000000   191.689000    4.10129E-03  6.58232E-05  28.218900  18.562500
3  -480.000000   91.643000     1200.000000   143.288000    1520.000000   175.987000    3.75691E-03  6.02962E-05  20.236900  18.562500
3  -480.000000   91.643000     1240.000000   143.282000    1560.000000   155.051000    3.82317E-03  6.13596E-05  18.896900  18.562500
3  -480.000000   91.643000     1280.000000   155.645000    1600.000000   131.871000    3.60223E-03  6.51406E-05  18.712500  22.810200
3  -480.000000   91.643000     1320.000000   173.060000    1640.000000   112.857000    4.50174E-03  7.22502E-05  17.191100  18.562400
3  -480.000000   91.643000     1360.000000   187.371000    1680.000000   114.145000    5.03979E-03  6.43707E-05  16.170600  12.638700
3  -480.000000   91.643000     1400.000000   194.951000    1720.000000   106.756000    5.17449E-03  6.60912E-05  15.435400  12.638700
3  -480.000000   91.643000     1440.000000   204.976000    1760.000000   101.140000    5.78757E-03  7.39217E-05  15.051800  12.638700
3  -480.000000   91.643000     1480.000000   191.689000    1800.000000   104.339000    5.89461E-03  7.52889E-05  14.872200  12.638700
3  -480.000000   91.643000     1520.000000   175.987000    1840.000000   80.146000     6.29806E-03  8.04420E-05  14.829300  12.638700
3  -480.000000   91.643000     1560.000000   155.051000    1880.000000   68.179000     6.45057E-03  8.10914E-05  14.987300  12.114200
3  -480.000000   91.643000     1600.000000   131.871000    1920.000000   68.761000     6.59699E-03  8.29321E-05  13.843700  12.114200
3  -480.000000   91.643000     2000.000000   61.720000     2320.000000   45.377000     2.11360E-03  5.66789E-05  29.855500  29.851500
3  -640.000000   99.369000     1880.000000   68.179000     1920.000000   68.761000     7.41658E-04  2.95471E-05  10.846500  48.651900
3  -640.000000   99.369000     2280.000000   43.553000     2320.000000   45.377000     1.29009E-04  5.13962E-06  33.337800  48.652000
3  -640.000000   99.369000     2360.000000   47.641000     2400.000000   52.837000     1.63030E-04  6.49498E-06  49.188400  48.651900
3  -640.000000   99.369000     1800.000000   104.339000    1880.000000   68.179000     1.41778E-03  3.80195E-05  14.443200  29.851100
3  -640.000000   99.369000     1840.000000   80.146000     1920.000000   68.761000     1.47458E-03  3.95426E-05  11.938900  29.851100
3  -640.000000   99.369000     2200.000000   52.831000     2280.000000   43.553000     5.15818E-04  2.05499E-05  50.088700  48.653000
3  -640.000000   99.369000     2240.000000   43.386000     2320.000000   45.377000     3.98836E-04  1.58893E-05  47.173600  48.652000
3  -640.000000   99.369000     440.000000    109.091000    600.000000    110.348000    1.93662E-03  5.19330E-05  29.561100  29.853300
3  -640.000000   99.369000     480.000000    117.202000    640.000000    121.240000    2.03693E-03  5.46305E-05  25.547300  30.051600
3  -640.000000   99.369000     520.000000    118.621000    680.000000    117.505000    1.99463E-03  5.35065E-05  23.702000  30.172800
3  -640.000000   99.369000     560.000000    114.524000    720.000000    113.178000    2.04909E-03  5.49521E-05  25.375700  29.945500
3  -640.000000   99.369000     600.000000    110.348000    760.000000    100.356000    2.51246E-03  4.54419E-05  22.619800  22.958800
3  -640.000000   99.369000     640.000000    121.240000    800.000000    108.602000    2.79248E-03  5.04978E-05  21.875600  22.815400
3  -640.000000   99.369000     1640.000000   112.857000    1800.000000   104.339000    2.64091E-03  4.77566E-05  14.264500  22.810200
3  -640.000000   99.369000     1680.000000   114.145000    1840.000000   80.146000     2.40486E-03  6.44892E-05  13.974800  29.851100
3  -640.000000   99.369000     1720.000000   106.756000    1880.000000   68.179000     2.62811E-03  4.75252E-05  14.200600  22.810200
3  -640.000000   99.369000     1760.000000   101.140000    1920.000000   68.761000     2.47535E-03  4.47627E-05  13.066400  22.810200
3  -640.000000   99.369000     2080.000000   61.209000     2240.000000   43.386000     8.67847E-04  3.45743E-05  28.077600  48.652400
3  -640.000000   99.369000     2120.000000   64.714000     2280.000000   43.553000     9.37572E-04  3.73521E-05  37.161900  48.652300
3  -640.000000   99.369000     2160.000000   69.496000     2320.000000   45.377000     9.20134E-04  3.66574E-05  37.866600  48.652200
3  -640.000000   99.369000     680.000000    117.505000    1000.000000   139.164000    4.92701E-03  7.90765E-05  19.950400  18.568100
3  -640.000000   99.369000     720.000000    113.178000    1040.000000   135.603000    4.75720E-03  7.63507E-05  20.015500  18.567500
3  -640.000000   99.369000     760.000000    100.356000    1080.000000   116.772000    4.03022E-03  6.46830E-05  19.895300  18.563700
3  -640.000000   99.369000     800.000000    108.602000    1120.000000   126.923000    3.89784E-03  6.25580E-05  21.413700  18.563700
3  -640.000000   99.369000     840.000000    121.214000    1160.000000   133.280000    3.99816E-03  6.41681E-05  17.232400  18.564300
3  -640.000000   99.369000     880.000000    124.368000    1200.000000   143.288000    4.01655E-03  6.44632E-05  24.098100  18.563600
3  -640.000000   99.369000     920.000000    140.952000    1240.000000   143.282000    3.98214E-03  6.39110E-05  24.591900  18.563600
3  -640.000000   99.369000     960.000000    154.933000    1280.000000   155.645000    4.25436E-03  6.82799E-05  24.852100  18.563400
3  -640.000000   99.369000     1000.000000   139.164000    1320.000000   173.060000    4.40436E-03  7.06873E-05  25.299500  18.564200
3  -640.000000   99.369000     1040.000000   135.603000    1360.000000   187.371000    4.36249E-03  7.00153E-05  25.254800  18.563900
3  -640.000000   99.369000     1080.000000   116.772000    1400.000000   194.951000    4.48091E-03  7.19159E-05  25.055400  18.563700
3  -640.000000   99.369000     1120.000000   126.923000    1440.000000   204.976000    4.18477E-03  6.71630E-05  23.740700  18.563200
3  -640.000000   99.369000     1160.000000   133.280000    1480.000000   191.689000    3.68807E-03  5.91913E-05  28.758200  18.562700
3  -640.000000   99.369000     1200.000000   143.288000    1520.000000   175.987000    3.39245E-03  6.13470E-05  20.877700  22.810400
3  -640.000000   99.369000     1240.000000   143.282000    1560.000000   155.051000    3.46646E-03  6.26854E-05  19.516700  22.810400
3  -640.000000   99.369000     1280.000000   155.645000    1600.000000   131.871000    3.28005E-03  5.93145E-05  19.010100  22.810300
3  -640.000000   99.369000     1320.000000   173.060000    1640.000000   112.857000    4.11537E-03  6.60492E-05  17.418900  18.562600
3  -640.000000   99.369000     1360.000000   187.371000    1680.000000   114.145000    4.61982E-03  7.41453E-05  16.516900  18.562600
3  -640.000000   99.369000     1400.000000   194.951000    1720.000000   106.756000    4.75373E-03  7.62945E-05  15.646100  18.562500
3  -640.000000   99.369000     1440.000000   204.976000    1760.000000   101.140000    5.32043E-03  6.79552E-05  15.384000  12.638800
3  -640.000000   99.369000     1480.000000   191.689000    1800.000000   104.339000    5.42153E-03  6.92465E-05  15.179500  12.638800
3  -640.000000   99.369000     1520.000000   175.987000    1840.000000   80.146000     5.79708E-03  7.40432E-05  15.198400  12.638800
3  -640.000000   99.369000     1560.000000   155.051000    1880.000000   68.179000     5.94631E-03  7.59492E-05  15.203300  12.638800
3  -640.000000   99.369000     1600.000000   131.871000    1920.000000   68.761000     6.09146E-03  7.78032E-05  14.121200  12.638800
3  -640.000000   99.369000     2000.000000   61.720000     2320.000000   45.377000     1.95860E-03  5.25224E-05  31.441000  29.851700
3  60.000000     109.549000    240.000000    92.290000     280.000000    93.398000     2.43036E-02  2.52004E-04  7.362590  5.072310
3  60.000000     109.549000    280.000000    93.398000     320.000000    95.039000     1.95280E-02  2.09098E-04  8.873310  5.990330
3  60.000000     109.549000    320.000000    95.039000     360.000000    95.756000     1.37548E-02  1.55659E-04  8.340920  6.887870
3  60.000000     109.549000    360.000000    95.756000     400.000000    101.442000    8.09330E-03  9.72701E-05  1.201150  9.579820
3  60.000000     109.549000    1880.000000   68.179000     1920.000000   68.761000     1.62190E-03  4.34932E-05  14.832000  29.851100
3  60.000000     109.549000    2280.000000   43.553000     2320.000000   45.377000     2.73227E-04  1.08851E-05  28.310200  48.651900
3  60.000000     109.549000    2360.000000   47.641000     2400.000000   52.837000     3.39660E-04  1.35318E-05  53.826100  48.651900
3  60.000000     109.549000    400.000000    101.442000    480.000000    117.202000    1.27297E-02  1.48183E-04  13.545400  8.322240
3  60.000000     109.549000    440.000000    109.091000    520.000000    118.621000    1.02299E-02  1.20167E-04  9.362980  8.576440
3  60.000000     109.549000    480.000000    117.202000    560.000000    114.524000    1.08349E-02  1.27273E-04  8.157460  8.576440
3  60.000000     109.549000    520.000000    118.621000    600.000000    110.348000    1.01158E-02  1.18827E-04  8.799100  8.576470
3  60.000000     109.549000    560.000000    114.524000    640.000000    121.240000    8.28099E-03  9.95077E-05  10.503800  9.576310
3  60.000000     109.549000    600.000000    110.348000    680.000000    117.505000    6.68451E-03  8.40323E-05  12.783200  12.114800
3  60.000000     109.549000    640.000000    121.240000    720.000000    113.178000    7.11181E-03  8.94040E-05  15.012200  12.114100
3  60.000000     109.549000    680.000000    117.505000    760.000000    100.356000    1.00665E-02  1.18248E-04  13.993500  8.576580
3  60.000000     109.549000    1800.000000   104.339000    1880.000000   68.179000     3.17771E-03  5.74638E-05  16.048900  22.810200
3  60.000000     109.549000    1840.000000   80.146000     1920.000000   68.761000     3.25120E-03  5.87928E-05  15.200200  22.810200
3  60.000000     109.549000    2200.000000   52.831000     2280.000000   43.553000     1.12470E-03  4.48071E-05  34.200200  48.651900
3  60.000000     109.549000    2240.000000   43.386000     2320.000000   45.377000     8.85758E-04  3.52879E-05  34.478000  48.651900
3  60.000000     109.549000    720.000000    113.178000    880.000000    124.368000    1.59425E-02  1.74349E-04  12.593800  6.286920
3  60.000000     109.549000    760.000000    100.356000    920.000000    140.952000    1.24694E-02  1.45153E-04  12.121400  8.322310
3  60.000000     109.549000    800.000000    108.602000    960.000000    154.933000    1.06261E-02  1.24822E-04  12.167500  8.576450
3  60.000000     109.549000    840.000000    121.214000    1000.000000   139.164000    8.75437E-03  1.05196E-04  12.258900  9.575610
3  60.000000     109.549000    880.000000    124.368000    1040.000000   135.603000    7.79693E-03  9.80168E-05  13.154900  12.114200
3  60.000000     109.549000    920.000000    140.952000    1080.000000   116.772000    6.27369E-03  8.01307E-05  15.273100  12.638600
3  60.000000     109.549000    960.000000    154.933000    1120.000000   126.923000    6.17424E-03  7.88605E-05  19.465300  12.638600
3  60.000000     109.549000    1000.000000   139.164000    1160.000000   133.280000    7.27858E-03  9.15012E-05  11.827100  12.114100
3  60.000000     109.549000    1040.000000   135.603000    1200.000000   143.288000    7.31629E-03  9.19745E-05  24.322000  12.114200
3  60.000000     109.549000    1080.000000   116.772000    1240.000000   143.282000    7.90117E-03  9.49436E-05  23.511200  9.575500
3  60.000000     109.549000    1120.000000   126.923000    1280.000000   155.645000    8.02805E-03  9.64683E-05  22.693700  9.575470
3  60.000000     109.549000    1160.000000   133.280000    1320.000000   173.060000    6.98573E-03  8.78197E-05  33.012500  12.114200
3  60.000000     109.549000    1200.000000   143.288000    1360.000000   187.371000    6.22924E-03  7.95630E-05  21.496800  12.638600
3  60.000000     109.549000    1240.000000   143.282000    1400.000000   194.951000    5.71283E-03  7.29671E-05  22.192400  12.638600
3  60.000000     109.549000    1280.000000   155.645000    1440.000000   204.976000    4.28850E-03  6.88279E-05  21.867900  18.562400
3  60.000000     109.549000    1320.000000   173.060000    1480.000000   191.689000    3.54577E-03  6.41196E-05  21.071000  22.810200
3  60.000000     109.549000    1640.000000   112.857000    1800.000000   104.339000    6.11338E-03  7.80831E-05  16.033700  12.638600
3  60.000000     109.549000    1680.000000   114.145000    1840.000000   80.146000     5.49840E-03  7.02283E-05  15.485600  12.638600
3  60.000000     109.549000    1720.000000   106.756000    1880.000000   68.179000     5.94980E-03  7.59938E-05  15.658700  12.638600
3  60.000000     109.549000    1760.000000   101.140000    1920.000000   68.761000     5.51639E-03  7.04581E-05  15.457100  12.638600
3  60.000000     109.549000    2040.000000   57.680000     2200.000000   52.831000     2.51141E-03  4.54148E-05  20.304600  22.810200
3  60.000000     109.549000    2080.000000   61.209000     2240.000000   43.386000     1.72615E-03  4.63178E-05  22.667700  29.879000
3  60.000000     109.549000    2120.000000   64.714000     2280.000000   43.553000     1.92076E-03  5.15323E-05  28.834500  29.885400
3  60.000000     109.549000    2160.000000   69.496000     2320.000000   45.377000     1.90777E-03  5.11591E-05  28.454600  29.886500
3  60.000000     109.549000    1360.000000   187.371000    1680.000000   114.145000    1.13038E-02  1.31584E-04  17.853800  8.322170
3  60.000000     109.549000    1400.000000   194.951000    1720.000000   106.756000    1.14655E-02  1.33466E-04  17.164500  8.322250
3  60.000000     109.549000    1440.000000   204.976000    1760.000000   101.140000    1.26857E-02  1.47670E-04  16.783700  8.322180
3  60.000000     109.549000    1480.000000   191.689000    1800.000000   104.339000    1.28598E-02  1.49697E-04  16.603600  8.322160
3  60.000000     109.549000    1520.000000   175.987000    1840.000000   80.146000     1.36288E-02  1.54234E-04  16.499700  6.887880
3  60.000000     109.549000    1560.000000   155.051000    1880.000000   68.179000     1.38180E-02  1.56376E-04  16.233200  6.887860
3  60.000000     109.549000    1600.000000   131.871000    1920.000000   68.761000     1.39948E-02  1.58375E-04  15.956000  6.887870
3  60.000000     109.549000    2000.000000   61.720000     2320.000000   45.377000     4.08186E-03  6.55743E-05  25.552700  18.773700
3  140.000000    101.518000    240.000000    92.290000     280.000000    93.398000     5.36401E-02  5.40445E-04  5.984310  3.397830
3  140.000000    101.518000    280.000000    93.398000     320.000000    95.039000     3.83964E-02  3.90265E-04  7.432850  4.112130
3  140.000000    101.518000    320.000000    95.039000     360.000000    95.756000     2.54427E-02  2.63818E-04  8.825120  5.072310
3  140.000000    101.518000    360.000000    95.756000     400.000000    101.442000    1.42874E-02  1.61708E-04  -6.048480  6.888600
3  140.000000    101.518000    400.000000    101.442000    440.000000    109.091000    1.22892E-02  1.43063E-04  26.040600  8.322760
3  140.000000    101.518000    440.000000    109.091000    480.000000    117.202000    7.40320E-03  9.30686E-05  9.744200  12.143300
3  140.000000    101.518000    1880.000000   68.179000     1920.000000   68.761000     2.20438E-03  5.94473E-05  90.433200  29.932800
3  140.000000    101.518000    2280.000000   43.553000     2320.000000   45.377000     3.19280E-04  1.27199E-05  34.725800  48.651900
3  140.000000    101.518000    2360.000000   47.641000     2400.000000   52.837000     3.95180E-04  1.57437E-05  59.039300  48.651900
3  140.000000    101.518000    480.000000    117.202000    560.000000    114.524000    1.55268E-02  1.69807E-04  8.057040  6.286840
3  140.000000    101.518000    520.000000    118.621000    600.000000    110.348000    1.41975E-02  1.60670E-04  8.721240  6.887960
3  140.000000    101.518000    560.000000    114.524000    640.000000    121.240000    1.14648E-02  1.33458E-04  10.133800  8.322160
3  140.000000    101.518000    600.000000    110.348000    680.000000    117.505000    9.13670E-03  1.09790E-04  12.580000  9.575480
3  140.000000    101.518000    640.000000    121.240000    720.000000    113.178000    9.56590E-03  1.12368E-04  15.006000  8.576460
3  140.000000    101.518000    680.000000    117.505000    760.000000    100.356000    1.33851E-02  1.51479E-04  14.128800  6.888220
3  140.000000    101.518000    720.000000    113.178000    800.000000    108.602000    1.32289E-02  1.49713E-04  12.998400  6.887890
3  140.000000    101.518000    760.000000    100.356000    840.000000    121.214000    9.41083E-03  1.13085E-04  12.273800  9.575500
3  140.000000    101.518000    1840.000000   80.146000     1920.000000   68.761000     3.82946E-03  6.14605E-05  19.642900  18.562400
3  140.000000    101.518000    2200.000000   52.831000     2280.000000   43.553000     1.31862E-03  5.25490E-05  40.891200  48.654000
3  140.000000    101.518000    2240.000000   43.386000     2320.000000   45.377000     1.04008E-03  4.14360E-05  41.577400  48.651900
3  140.000000    101.518000    800.000000    108.602000    960.000000    154.933000    1.37731E-02  1.55870E-04  12.496700  6.887880
3  140.000000    101.518000    840.000000    121.214000    1000.000000   139.164000    1.12425E-02  1.32061E-04  12.709000  8.576560
3  140.000000    101.518000    880.000000    124.368000    1040.000000   135.603000    9.96043E-03  1.17003E-04  13.604600  8.576450
3  140.000000    101.518000    920.000000    140.952000    1080.000000   116.772000    7.96224E-03  9.56783E-05  15.761100  9.575470
3  140.000000    101.518000    960.000000    154.933000    1120.000000   126.923000    7.75290E-03  9.74648E-05  20.177900  12.114200
3  140.000000    101.518000    1000.000000   139.164000    1160.000000   133.280000    9.12388E-03  1.09637E-04  12.517600  9.575490
3  140.000000    101.518000    1040.000000   135.603000    1200.000000   143.288000    9.09573E-03  1.09308E-04  25.177200  9.575530
3  140.000000    101.518000    1080.000000   116.772000    1240.000000   143.282000    9.79371E-03  1.15051E-04  24.474300  8.576550
3  140.000000    101.518000    1120.000000   126.923000    1280.000000   155.645000    9.89433E-03  1.16233E-04  23.843000  8.576540
3  140.000000    101.518000    1160.000000   133.280000    1320.000000   173.060000    8.57829E-03  1.03121E-04  34.575400  9.575510
3  140.000000    101.518000    1200.000000   143.288000    1360.000000   187.371000    7.60956E-03  9.56636E-05  23.112800  12.114100
3  140.000000    101.518000    1240.000000   143.282000    1400.000000   194.951000    6.95704E-03  8.74604E-05  24.071600  12.114100
3  140.000000    101.518000    1280.000000   155.645000    1440.000000   204.976000    5.19732E-03  6.63833E-05  24.194500  12.638600
3  140.000000    101.518000    1320.000000   173.060000    1480.000000   191.689000    4.28050E-03  6.86995E-05  23.715100  18.562400
3  140.000000    101.518000    1360.000000   187.371000    1520.000000   175.987000    3.81399E-03  6.12123E-05  22.557200  18.562400
3  140.000000    101.518000    1400.000000   194.951000    1560.000000   155.051000    4.30425E-03  6.91138E-05  21.355300  18.562400
3  140.000000    101.518000    1640.000000   112.857000    1800.000000   104.339000    7.24614E-03  9.10927E-05  19.655600  12.114100
3  140.000000    101.518000    1680.000000   114.145000    1840.000000   80.146000     6.50923E-03  8.18288E-05  19.275200  12.114100
3  140.000000    101.518000    1720.000000   106.756000    1880.000000   68.179000     6.74808E-03  8.48348E-05  -3.631950  12.114200
3  140.000000    101.518000    1760.000000   101.140000    1920.000000   68.761000     6.50864E-03  8.18214E-05  19.647100  12.114100
3  140.000000    101.518000    2040.000000   57.680000     2200.000000   52.831000     2.92884E-03  5.29634E-05  26.521300  22.810200
3  140.000000    101.518000    2080.000000   61.209000     2240.000000   43.386000     2.00729E-03  5.38279E-05  29.103900  29.851100
3  140.000000    101.518000    2120.000000   64.714000     2280.000000   43.553000     2.24064E-03  6.00899E-05  34.194400  29.851100
3  140.000000    101.518000    2160.000000   69.496000     2320.000000   45.377000     2.22737E-03  5.97298E-05  34.310000  29.851100
3  140.000000    101.518000    1440.000000   204.976000    1760.000000   101.140000    1.50976E-02  1.74830E-04  20.217900  6.887920
3  140.000000    101.518000    1480.000000   191.689000    1800.000000   104.339000    1.52950E-02  1.69903E-04  20.027700  6.286840
3  140.000000    101.518000    1520.000000   175.987000    1840.000000   80.146000     1.61934E-02  1.78158E-04  20.031200  6.286890
3  140.000000    101.518000    1560.000000   155.051000    1880.000000   68.179000     1.61028E-02  1.76108E-04  10.225100  6.287000
3  140.000000    101.518000    1600.000000   131.871000    1920.000000   68.761000     1.65774E-02  1.81292E-04  19.772900  6.286880
3  140.000000    101.518000    2000.000000   61.720000     2320.000000   45.377000     4.76888E-03  7.65620E-05  31.378600  18.562700
3  225.000000    93.157000     0.000000      105.852000    40.000000     108.172000    3.65948E-02  3.71953E-04  11.161400  4.112050
3  225.000000    93.157000     40.000000     108.172000    80.000000     108.382000    3.43429E-02  3.49065E-04  9.691750  4.112040
3  225.000000    93.157000     80.000000     108.382000    120.000000    102.908000    6.36255E-02  6.40219E-04  9.883840  3.197480
3  225.000000    93.157000     320.000000    95.039000     360.000000    95.756000     7.22522E-02  7.26012E-04  9.921700  2.813640
3  225.000000    93.157000     360.000000    95.756000     400.000000    101.442000    3.46599E-02  3.52301E-04  -2.796260  4.112100
3  225.000000    93.157000     400.000000    101.442000    440.000000    109.091000    2.48707E-02  2.57889E-04  28.800200  5.072320
3  225.000000    93.157000     440.000000    109.091000    480.000000    117.202000    1.35676E-02  1.53542E-04  9.087730  6.887920
3  225.000000    93.157000     480.000000    117.202000    520.000000    118.621000    1.32724E-02  1.50201E-04  7.551600  6.888030
3  225.000000    93.157000     520.000000    118.621000    560.000000    114.524000    1.27822E-02  1.48796E-04  7.933230  8.322370
3  225.000000    93.157000     1880.000000   68.179000     1920.000000   68.761000     2.41864E-03  6.48592E-05  40.660100  29.851300
3  225.000000    93.157000     2280.000000   43.553000     2320.000000   45.377000     3.85441E-04  1.53557E-05  41.697900  48.651900
3  225.000000    93.157000     560.000000    114.524000    640.000000    121.240000    1.78517E-02  1.91158E-04  9.487350  5.990750
3  225.000000    93.157000     600.000000    110.348000    680.000000    117.505000    1.38513E-02  1.56754E-04  12.193300  6.888060
3  225.000000    93.157000     640.000000    121.240000    720.000000    113.178000    1.40979E-02  1.59550E-04  14.719400  6.888280
3  225.000000    93.157000     680.000000    117.505000    760.000000    100.356000    1.93068E-02  2.06757E-04  13.670700  5.991480
3  225.000000    93.157000     720.000000    113.178000    800.000000    108.602000    1.87920E-02  2.01242E-04  12.493800  5.991310
3  225.000000    93.157000     760.000000    100.356000    840.000000    121.214000    1.31864E-02  1.49245E-04  11.885800  6.888960
3  225.000000    93.157000     800.000000    108.602000    880.000000    124.368000    1.06989E-02  1.25692E-04  12.174900  8.577010
3  225.000000    93.157000     840.000000    121.214000    920.000000    140.952000    9.41236E-03  1.13114E-04  12.295800  9.576090
3  225.000000    93.157000     1800.000000   104.339000    1880.000000   68.179000     4.44121E-03  7.12788E-05  11.784500  18.562400
3  225.000000    93.157000     1840.000000   80.146000     1920.000000   68.761000     4.62842E-03  7.42838E-05  21.635400  18.562500
3  225.000000    93.157000     2240.000000   43.386000     2320.000000   45.377000     1.26202E-03  5.02782E-05  49.473200  48.652000
3  225.000000    93.157000     880.000000    124.368000    1040.000000   135.603000    1.33948E-02  1.51608E-04  13.049300  6.888460
3  225.000000    93.157000     920.000000    140.952000    1080.000000   116.772000    1.06083E-02  1.24622E-04  15.003800  8.576700
3  225.000000    93.157000     960.000000    154.933000    1120.000000   126.923000    1.01711E-02  1.19486E-04  19.550000  8.576900
3  225.000000    93.157000     1000.000000   139.164000    1160.000000   133.280000    1.19523E-02  1.39146E-04  14.357300  8.323300
3  225.000000    93.157000     1040.000000   135.603000    1200.000000   143.288000    1.17472E-02  1.36834E-04  25.224200  8.323530
3  225.000000    93.157000     1080.000000   116.772000    1240.000000   143.282000    1.25976E-02  1.46724E-04  24.680600  8.324420
3  225.000000    93.157000     1120.000000   126.923000    1280.000000   155.645000    1.26331E-02  1.47200E-04  24.173300  8.323470
3  225.000000    93.157000     1160.000000   133.280000    1320.000000   173.060000    1.08734E-02  1.27774E-04  33.218000  8.577650
3  225.000000    93.157000     1200.000000   143.288000    1360.000000   187.371000    9.61246E-03  1.12957E-04  23.691800  8.576880
3  225.000000    93.157000     1240.000000   143.282000    1400.000000   194.951000    8.75511E-03  1.05255E-04  24.783200  9.575770
3  225.000000    93.157000     1280.000000   155.645000    1440.000000   204.976000    6.50450E-03  8.17752E-05  25.046000  12.114300
3  225.000000    93.157000     1320.000000   173.060000    1480.000000   191.689000    5.33018E-03  6.80829E-05  24.740500  12.638700
3  225.000000    93.157000     1360.000000   187.371000    1520.000000   175.987000    4.72226E-03  7.57913E-05  23.752500  18.562400
3  225.000000    93.157000     1400.000000   194.951000    1560.000000   155.051000    5.30067E-03  6.77076E-05  22.908300  12.638700
3  225.000000    93.157000     1440.000000   204.976000    1600.000000   131.871000    6.19331E-03  7.91096E-05  22.463900  12.638700
3  225.000000    93.157000     1480.000000   191.689000    1640.000000   112.857000    9.88760E-03  1.16158E-04  22.002600  8.576730
3  225.000000    93.157000     1640.000000   112.857000    1800.000000   104.339000    8.84484E-03  1.06285E-04  21.579300  9.575500
3  225.000000    93.157000     1680.000000   114.145000    1840.000000   80.146000     7.92961E-03  9.52862E-05  21.266000  9.575470
3  225.000000    93.157000     1720.000000   106.756000    1880.000000   68.179000     8.44591E-03  1.01489E-04  16.061700  9.575480
3  225.000000    93.157000     1760.000000   101.140000    1920.000000   68.761000     7.89199E-03  9.48333E-05  21.688500  9.575540
3  225.000000    93.157000     2040.000000   57.680000     2200.000000   52.831000     3.52894E-03  6.38184E-05  29.004800  22.810200
3  225.000000    93.157000     2080.000000   61.209000     2240.000000   43.386000     2.42465E-03  6.50260E-05  34.309100  29.860800
3  225.000000    93.157000     2120.000000   64.714000     2280.000000   43.553000     2.71547E-03  4.92546E-05  41.304700  22.824000
3  225.000000    93.157000     2160.000000   69.496000     2320.000000   45.377000     2.70104E-03  4.88459E-05  41.951500  22.822000
3  225.000000    93.157000     1520.000000   175.987000    1840.000000   80.146000     1.98108E-02  2.12134E-04  21.846400  5.990670
3  225.000000    93.157000     1560.000000   155.051000    1880.000000   68.179000     1.99004E-02  2.13097E-04  19.393600  5.990400
3  225.000000    93.157000     1600.000000   131.871000    1920.000000   68.761000     2.01974E-02  2.16268E-04  21.677900  5.990420
3  225.000000    93.157000     2000.000000   61.720000     2320.000000   45.377000     5.77436E-03  7.51810E-05  36.217000  12.675100
3  300.000000    93.390000     40.000000     108.172000    80.000000     108.382000    2.12060E-02  2.25753E-04  11.187500  6.038190
3  300.000000    93.390000     80.000000     108.382000    120.000000    102.908000    3.40211E-02  3.45794E-04  11.235000  4.112040
3  300.000000    93.390000     120.000000    102.908000    160.000000    97.335000     4.65422E-02  4.70607E-04  11.001800  3.850070
3  300.000000    93.390000     160.000000    97.335000     200.000000    92.851000     7.44340E-02  7.47920E-04  11.141400  2.813350
3  300.000000    93.390000     200.000000    92.851000     240.000000    92.290000     1.28829E-01  1.29271E-03  11.752400  2.039760
3  300.000000    93.390000     360.000000    95.756000     400.000000    101.442000    1.00616E-01  1.00973E-03  -4.044000  2.342740
3  300.000000    93.390000     400.000000    101.442000    440.000000    109.091000    5.70519E-02  5.74119E-04  35.393000  3.199580
3  300.000000    93.390000     440.000000    109.091000    480.000000    117.202000    2.66043E-02  2.75863E-04  10.109300  5.072440
3  300.000000    93.390000     480.000000    117.202000    520.000000    118.621000    2.34211E-02  2.49339E-04  8.203570  6.038320
3  300.000000    93.390000     520.000000    118.621000    560.000000    114.524000    2.09979E-02  2.23544E-04  8.525640  6.038360
3  300.000000    93.390000     560.000000    114.524000    600.000000    110.348000    1.56341E-02  1.70979E-04  8.972140  6.286980
3  300.000000    93.390000     600.000000    110.348000    640.000000    121.240000    1.17520E-02  1.36804E-04  10.486300  8.322260
3  300.000000    93.390000     1880.000000   68.179000     1920.000000   68.761000     2.71546E-03  4.91056E-05  21.902600  22.810300
3  300.000000    93.390000     2280.000000   43.553000     2320.000000   45.377000     4.25340E-04  1.69452E-05  5.403080  48.651900
3  300.000000    93.390000     640.000000    121.240000    720.000000    113.178000    2.00608E-02  2.14809E-04  14.673000  5.990520
3  300.000000    93.390000     680.000000    117.505000    760.000000    100.356000    2.67696E-02  2.77601E-04  13.561700  5.072840
3  300.000000    93.390000     720.000000    113.178000    800.000000    108.602000    2.54714E-02  2.64136E-04  11.975800  5.073050
3  300.000000    93.390000     760.000000    100.356000    840.000000    121.214000    1.74558E-02  1.90909E-04  10.763100  6.287310
3  300.000000    93.390000     800.000000    108.602000    880.000000    124.368000    1.39625E-02  1.58023E-04  10.759600  6.888440
3  300.000000    93.390000     840.000000    121.214000    920.000000    140.952000    1.21437E-02  1.41372E-04  10.544300  8.322650
3  300.000000    93.390000     880.000000    124.368000    960.000000    154.933000    1.04897E-02  1.23230E-04  10.032900  8.577190
3  300.000000    93.390000     920.000000    140.952000    1000.000000   139.164000    7.36767E-03  9.26249E-05  10.111000  12.114700
3  300.000000    93.390000     1800.000000   104.339000    1880.000000   68.179000     5.02160E-03  8.05937E-05  -7.211420  18.562400
3  300.000000    93.390000     1840.000000   80.146000     1920.000000   68.761000     5.21532E-03  6.66132E-05  2.474260  12.638900
3  300.000000    93.390000     2200.000000   52.831000     2280.000000   43.553000     1.77725E-03  4.77492E-05  8.879920  29.892000
3  300.000000    93.390000     2240.000000   43.386000     2320.000000   45.377000     1.39908E-03  3.75184E-05  7.465690  29.851100
3  300.000000    93.390000     960.000000    154.933000    1120.000000   126.923000    1.25687E-02  1.46311E-04  16.366900  8.322340
3  300.000000    93.390000     1000.000000   139.164000    1160.000000   133.280000    1.46416E-02  1.65696E-04  10.360800  6.888310
3  300.000000    93.390000     1040.000000   135.603000    1200.000000   143.288000    1.42165E-02  1.60912E-04  20.660300  6.889500
3  300.000000    93.390000     1080.000000   116.772000    1240.000000   143.282000    1.51661E-02  1.71656E-04  19.582100  6.889240
3  300.000000    93.390000     1120.000000   126.923000    1280.000000   155.645000    1.50913E-02  1.70821E-04  18.043300  6.888860
3  300.000000    93.390000     1160.000000   133.280000    1320.000000   173.060000    1.29072E-02  1.50258E-04  26.394300  8.322540
3  300.000000    93.390000     1200.000000   143.288000    1360.000000   187.371000    1.13512E-02  1.33355E-04  15.785100  8.576520
3  300.000000    93.390000     1240.000000   143.282000    1400.000000   194.951000    1.02977E-02  1.20975E-04  16.292600  8.576570
3  300.000000    93.390000     1280.000000   155.645000    1440.000000   204.976000    7.60543E-03  9.56132E-05  15.560300  12.114100
3  300.000000    93.390000     1320.000000   173.060000    1480.000000   191.689000    6.20367E-03  7.92389E-05  14.440100  12.638600
3  300.000000    93.390000     1360.000000   187.371000    1520.000000   175.987000    5.46660E-03  6.98232E-05  12.371400  12.638600
3  300.000000    93.390000     1400.000000   194.951000    1560.000000   155.051000    6.10021E-03  7.79174E-05  10.028600  12.638600
3  300.000000    93.390000     1440.000000   204.976000    1600.000000   131.871000    7.11111E-03  8.93987E-05  8.650750  12.114100
3  300.000000    93.390000     1480.000000   191.689000    1640.000000   112.857000    1.13192E-02  1.32977E-04  7.201500  8.576450
3  300.000000    93.390000     1520.000000   175.987000    1680.000000   114.145000    1.35716E-02  1.53607E-04  6.840050  6.887910
3  300.000000    93.390000     1560.000000   155.051000    1720.000000   106.756000    1.30583E-02  1.52018E-04  6.028530  8.322320
3  300.000000    93.390000     1640.000000   112.857000    1800.000000   104.339000    1.00413E-02  1.17953E-04  4.522500  8.576490
3  300.000000    93.390000     1680.000000   114.145000    1840.000000   80.146000     8.98178E-03  1.07929E-04  3.459560  9.575460
3  300.000000    93.390000     1720.000000   106.756000    1880.000000   68.179000     9.56029E-03  1.14881E-04  -2.425100  9.575460
3  300.000000    93.390000     1760.000000   101.140000    1920.000000   68.761000     8.90510E-03  1.07007E-04  2.808690  9.575530
3  300.000000    93.390000     2040.000000   57.680000     2200.000000   52.831000     3.91587E-03  6.28509E-05  6.457240  18.562800
3  300.000000    93.390000     2080.000000   61.209000     2240.000000   43.386000     2.67013E-03  4.82858E-05  8.079170  22.810200
3  300.000000    93.390000     2120.000000   64.714000     2280.000000   43.553000     2.99141E-03  5.41643E-05  8.296310  22.834700
3  300.000000    93.390000     2160.000000   69.496000     2320.000000   45.377000     2.97526E-03  5.38480E-05  6.770350  22.824100
3  300.000000    93.390000     1600.000000   131.871000    1920.000000   68.761000     2.29061E-02  2.43856E-04  4.272320  6.038310
3  300.000000    93.390000     2000.000000   61.720000     2320.000000   45.377000     6.39403E-03  8.17739E-05  7.343360  12.652700
3  380.000000    98.820000     0.000000      105.852000    40.000000     108.172000    1.86020E-02  1.99183E-04  13.408900  5.990330
3  380.000000    98.820000     40.000000     108.172000    80.000000     108.382000    1.39920E-02  1.58343E-04  11.700700  6.887860
3  380.000000    98.820000     80.000000     108.382000    120.000000    102.908000    2.00720E-02  2.14923E-04  11.054200  5.990330
3  380.000000    98.820000     120.000000    102.908000    160.000000    97.335000     2.47610E-02  2.56747E-04  11.204600  5.072280
3  380.000000    98.820000     160.000000    97.335000     200.000000    92.851000     3.21310E-02  3.29282E-04  11.509600  4.512980
3  380.000000    98.820000     200.000000    92.851000     240.000000    92.290000     3.93420E-02  3.97803E-04  13.200000  3.850070
3  380.000000    98.820000     240.000000    92.290000     280.000000    93.398000     6.88680E-02  6.91993E-04  12.813900  2.813680
3  380.000000    98.820000     280.000000    93.398000     320.000000    95.039000     1.35160E-01  1.35624E-03  10.459100  2.039730
3  380.000000    98.820000     440.000000    109.091000    480.000000    117.202000    8.49228E-02  8.52642E-04  9.695410  2.592560
3  380.000000    98.820000     480.000000    117.202000    520.000000    118.621000    5.50429E-02  5.54596E-04  7.589140  3.397860
3  380.000000    98.820000     520.000000    118.621000    560.000000    114.524000    4.23558E-02  4.28289E-04  8.895180  3.850300
3  380.000000    98.820000     560.000000    114.524000    600.000000    110.348000    2.87491E-02  2.94635E-04  9.097010  4.513210
3  380.000000    98.820000     600.000000    110.348000    640.000000    121.240000    2.01736E-02  2.16015E-04  11.667700  5.990430
3  380.000000    98.820000     640.000000    121.240000    680.000000    117.505000    1.40139E-02  1.58594E-04  15.392200  6.887900
3  380.000000    98.820000     680.000000    117.505000    720.000000    113.178000    1.76657E-02  1.89163E-04  16.384200  5.990440
3  380.000000    98.820000     1880.000000   68.179000     1920.000000   68.761000     3.39477E-03  6.14949E-05  40.226300  22.824800
3  380.000000    98.820000     2280.000000   43.553000     2320.000000   45.377000     4.76294E-04  1.89752E-05  4.090810  48.651900
3  380.000000    98.820000     720.000000    113.178000    800.000000    108.602000    3.71772E-02  3.77903E-04  13.573300  4.112400
3  380.000000    98.820000     760.000000    100.356000    840.000000    121.214000    2.43695E-02  2.52702E-04  12.411400  5.072530
3  380.000000    98.820000     800.000000    108.602000    880.000000    124.368000    1.90879E-02  2.04395E-04  12.459700  5.990520
3  380.000000    98.820000     840.000000    121.214000    920.000000    140.952000    1.63476E-02  1.78789E-04  12.357800  6.287100
3  380.000000    98.820000     880.000000    124.368000    960.000000    154.933000    1.39431E-02  1.57800E-04  12.024400  6.888160
3  380.000000    98.820000     920.000000    140.952000    1000.000000   139.164000    9.78763E-03  1.14975E-04  12.455900  8.576680
3  380.000000    98.820000     960.000000    154.933000    1040.000000   135.603000    8.46582E-03  1.01731E-04  14.547900  9.575570
3  380.000000    98.820000     1000.000000   139.164000    1080.000000   116.772000    7.62516E-03  9.58605E-05  17.902400  12.114300
3  380.000000    98.820000     1800.000000   104.339000    1880.000000   68.179000     5.53596E-03  7.07097E-05  -0.843232  12.639100
3  380.000000    98.820000     1840.000000   80.146000     1920.000000   68.761000     6.01303E-03  7.68020E-05  14.587700  12.638700
3  380.000000    98.820000     2200.000000   52.831000     2280.000000   43.553000     1.98753E-03  5.36691E-05  10.958600  29.875600
3  380.000000    98.820000     2240.000000   43.386000     2320.000000   45.377000     1.56902E-03  4.20759E-05  11.696200  29.851200
3  380.000000    98.820000     1040.000000   135.603000    1200.000000   143.288000    1.77123E-02  1.89690E-04  24.443400  5.990940
3  380.000000    98.820000     1080.000000   116.772000    1240.000000   143.282000    1.87619E-02  2.00925E-04  23.689200  5.990860
3  380.000000    98.820000     1120.000000   126.923000    1280.000000   155.645000    1.85083E-02  1.98218E-04  22.851100  5.990920
3  380.000000    98.820000     1160.000000   133.280000    1320.000000   173.060000    1.57194E-02  1.71956E-04  31.560000  6.287470
3  380.000000    98.820000     1200.000000   143.288000    1360.000000   187.371000    1.37498E-02  1.55622E-04  21.782100  6.888080
3  380.000000    98.820000     1240.000000   143.282000    1400.000000   194.951000    1.24219E-02  1.44613E-04  22.754600  8.322350
3  380.000000    98.820000     1280.000000   155.645000    1440.000000   204.976000    9.11906E-03  1.09582E-04  22.681800  9.575530
3  380.000000    98.820000     1320.000000   173.060000    1480.000000   191.689000    7.40522E-03  9.30947E-05  22.119200  12.114200
3  380.000000    98.820000     1360.000000   187.371000    1520.000000   175.987000    6.49239E-03  8.16184E-05  20.841300  12.114200
3  380.000000    98.820000     1400.000000   194.951000    1560.000000   155.051000    7.20131E-03  9.05320E-05  19.274700  12.114200
3  380.000000    98.820000     1440.000000   204.976000    1600.000000   131.871000    8.36708E-03  1.00546E-04  18.274900  9.575530
3  380.000000    98.820000     1480.000000   191.689000    1640.000000   112.857000    1.32728E-02  1.50216E-04  17.259700  6.888340
3  380.000000    98.820000     1520.000000   175.987000    1680.000000   114.145000    1.58771E-02  1.73645E-04  17.144400  6.287100
3  380.000000    98.820000     1560.000000   155.051000    1720.000000   106.756000    1.52459E-02  1.66740E-04  16.572500  6.287380
3  380.000000    98.820000     1600.000000   131.871000    1760.000000   101.140000    1.63126E-02  1.78403E-04  15.996200  6.287110
3  380.000000    98.820000     1640.000000   112.857000    1800.000000   104.339000    1.16718E-02  1.35870E-04  15.603500  8.322210
3  380.000000    98.820000     1680.000000   114.145000    1840.000000   80.146000     1.04143E-02  1.22335E-04  14.679600  8.576510
3  380.000000    98.820000     1720.000000   106.756000    1880.000000   68.179000     1.07990E-02  1.26853E-04  6.480590  8.576430
3  380.000000    98.820000     1760.000000   101.140000    1920.000000   68.761000     1.02821E-02  1.20780E-04  14.591900  8.576450
3  380.000000    98.820000     2040.000000   57.680000     2200.000000   52.831000     4.43640E-03  7.12069E-05  15.348500  18.562400
3  380.000000    98.820000     2080.000000   61.209000     2240.000000   43.386000     2.99885E-03  5.43739E-05  12.037000  22.810500
3  380.000000    98.820000     2120.000000   64.714000     2280.000000   43.553000     3.34921E-03  6.06719E-05  11.643500  22.815900
3  380.000000    98.820000     2160.000000   69.496000     2320.000000   45.377000     3.32780E-03  6.01779E-05  8.801790  22.812800
3  380.000000    98.820000     2000.000000   61.720000     2320.000000   45.377000     7.21308E-03  9.22921E-05  14.226700  12.120200
3  460.000000    114.109000    0.000000      105.852000    40.000000     108.172000    1.54050E-02  1.68471E-04  10.853500  6.286820
3  460.000000    114.109000    120.000000    102.908000    160.000000    97.335000     1.77591E-02  1.90159E-04  10.872100  5.990330
3  460.000000    114.109000    160.000000    97.335000     200.000000    92.851000     2.14659E-02  2.28520E-04  11.494900  6.038190
3  460.000000    114.109000    200.000000    92.851000     240.000000    92.290000     2.27700E-02  2.42403E-04  13.737200  6.038190
3  460.000000    114.109000    240.000000    92.290000     280.000000    93.398000     3.48932E-02  3.54658E-04  13.173300  4.112050
3  460.000000    114.109000    280.000000    93.398000     320.000000    95.039000     5.12810E-02  5.16677E-04  12.863900  3.397760
3  460.000000    114.109000    320.000000    95.039000     360.000000    95.756000     6.57541E-02  6.61637E-04  13.831300  3.197470
3  460.000000    114.109000    360.000000    95.756000     400.000000    101.442000    1.13162E-01  1.13565E-03  -5.453570  2.341150
3  460.000000    114.109000    520.000000    118.621000    560.000000    114.524000    1.22250E-01  1.22669E-03  7.426980  2.039730
3  460.000000    114.109000    600.000000    110.348000    640.000000    121.240000    3.88955E-02  3.95346E-04  10.927800  4.112200
3  460.000000    114.109000    640.000000    121.240000    680.000000    117.505000    2.40427E-02  2.49301E-04  14.968300  5.072370
3  460.000000    114.109000    680.000000    117.505000    720.000000    113.178000    2.84466E-02  2.91538E-04  15.279000  4.513190
3  460.000000    114.109000    720.000000    113.178000    760.000000    100.356000    3.43113E-02  3.48788E-04  14.128800  4.112750
3  460.000000    114.109000    760.000000    100.356000    800.000000    108.602000    2.05672E-02  2.18971E-04  12.697100  6.038610
3  460.000000    114.109000    1880.000000   68.179000     1920.000000   68.761000     3.49519E-03  6.32056E-05  22.561900  22.810200
3  460.000000    114.109000    2280.000000   43.553000     2320.000000   45.377000     5.27951E-04  2.10331E-05  -4.595810  48.651900
3  460.000000    114.109000    0.000000      105.852000    80.000000     108.382000    2.65100E-02  2.74882E-04  10.614300  5.072280
3  460.000000    114.109000    40.000000     108.172000    120.000000    102.908000    2.62122E-02  2.71794E-04  10.203600  5.072380
3  460.000000    114.109000    800.000000    108.602000    880.000000    124.368000    2.64302E-02  2.74081E-04  12.492200  5.072840
3  460.000000    114.109000    840.000000    121.214000    920.000000    140.952000    2.21947E-02  2.36307E-04  12.248500  6.038820
3  460.000000    114.109000    880.000000    124.368000    960.000000    154.933000    1.85745E-02  1.98914E-04  11.748500  5.991190
3  460.000000    114.109000    920.000000    140.952000    1000.000000   139.164000    1.27435E-02  1.48357E-04  12.244100  8.322750
3  460.000000    114.109000    960.000000    154.933000    1040.000000   135.603000    1.08950E-02  1.27987E-04  14.067900  8.576800
3  460.000000    114.109000    1000.000000   139.164000    1080.000000   116.772000    9.82881E-03  1.15466E-04  16.834900  8.576950
3  460.000000    114.109000    1040.000000   135.603000    1120.000000   126.923000    9.52735E-03  1.11921E-04  23.291300  8.576820
3  460.000000    114.109000    1080.000000   116.772000    1160.000000   133.280000    1.33089E-02  1.50635E-04  10.179600  6.890650
3  460.000000    114.109000    1800.000000   104.339000    1880.000000   68.179000     6.56744E-03  8.25606E-05  -3.381200  12.114100
3  460.000000    114.109000    1840.000000   80.146000     1920.000000   68.761000     6.76296E-03  8.50212E-05  5.667240  12.114100
3  460.000000    114.109000    2200.000000   52.831000     2280.000000   43.553000     2.20558E-03  5.92849E-05  -1.874790  29.860200
3  460.000000    114.109000    2240.000000   43.386000     2320.000000   45.377000     1.73898E-03  4.66332E-05  -3.052070  29.851200
3  460.000000    114.109000    1120.000000   126.923000    1280.000000   155.645000    2.23672E-02  2.38224E-04  20.588900  6.040030
3  460.000000    114.109000    1160.000000   133.280000    1320.000000   173.060000    1.88503E-02  2.01887E-04  28.952800  5.991300
3  460.000000    114.109000    1200.000000   143.288000    1360.000000   187.371000    1.63722E-02  1.79081E-04  18.616400  6.287200
3  460.000000    114.109000    1240.000000   143.282000    1400.000000   194.951000    1.47169E-02  1.66576E-04  19.368100  6.888250
3  460.000000    114.109000    1280.000000   155.645000    1440.000000   204.976000    1.07222E-02  1.25957E-04  18.913800  8.576560
3  460.000000    114.109000    1320.000000   173.060000    1480.000000   191.689000    8.65400E-03  1.03993E-04  18.027900  9.575500
3  460.000000    114.109000    1360.000000   187.371000    1520.000000   175.987000    7.53347E-03  9.47070E-05  16.270500  12.114200
3  460.000000    114.109000    1400.000000   194.951000    1560.000000   155.051000    8.29510E-03  9.96822E-05  13.765800  9.575520
3  460.000000    114.109000    1440.000000   204.976000    1600.000000   131.871000    9.62390E-03  1.13055E-04  12.129700  8.576510
3  460.000000    114.109000    1480.000000   191.689000    1640.000000   112.857000    1.52222E-02  1.66494E-04  10.442500  6.286990
3  460.000000    114.109000    1520.000000   175.987000    1680.000000   114.145000    1.81612E-02  1.94481E-04  9.975220  5.990450
3  460.000000    114.109000    1560.000000   155.051000    1720.000000   106.756000    1.73903E-02  1.90198E-04  9.273860  6.286920
3  460.000000    114.109000    1600.000000   131.871000    1760.000000   101.140000    1.85699E-02  1.98846E-04  8.227280  5.990400
3  460.000000    114.109000    1640.000000   112.857000    1800.000000   104.339000    1.32492E-02  1.49941E-04  7.547480  6.887910
3  460.000000    114.109000    1680.000000   114.145000    1840.000000   80.146000     1.17976E-02  1.37332E-04  6.029710  8.322300
3  460.000000    114.109000    1720.000000   106.756000    1880.000000   68.179000     1.25388E-02  1.45962E-04  0.805994  8.322170
3  460.000000    114.109000    1760.000000   101.140000    1920.000000   68.761000     1.15932E-02  1.34956E-04  5.493240  8.322160
3  460.000000    114.109000    2040.000000   57.680000     2200.000000   52.831000     4.93537E-03  6.30375E-05  4.755550  12.639200
3  460.000000    114.109000    2080.000000   61.209000     2240.000000   43.386000     3.32706E-03  6.01669E-05  3.692940  22.811800
3  460.000000    114.109000    2120.000000   64.714000     2280.000000   43.553000     3.71114E-03  5.96499E-05  1.012950  18.563400
3  460.000000    114.109000    2160.000000   69.496000     2320.000000   45.377000     3.68795E-03  5.92207E-05  -1.706190  18.563200
3  460.000000    114.109000    2000.000000   61.720000     2320.000000   45.377000     8.02054E-03  9.64951E-05  2.665010  9.583960
3  540.000000    115.458000    0.000000      105.852000    40.000000     108.172000    1.33000E-02  1.50513E-04  15.609400  6.887860
3  540.000000    115.458000    200.000000    92.851000     240.000000    92.290000     1.68590E-02  1.84372E-04  15.543000  6.286820
3  540.000000    115.458000    240.000000    92.290000     280.000000    93.398000     2.48900E-02  2.58084E-04  14.968900  5.072280
3  540.000000    115.458000    280.000000    93.398000     320.000000    95.039000     3.32621E-02  3.38079E-04  14.986100  4.112040
3  540.000000    115.458000    320.000000    95.039000     360.000000    95.756000     3.75410E-02  3.81570E-04  15.213700  4.112040
3  540.000000    115.458000    360.000000    95.756000     400.000000    101.442000    4.88161E-02  4.91866E-04  -2.226800  3.398050
3  540.000000    115.458000    400.000000    101.442000    440.000000    109.091000    7.75322E-02  7.79098E-04  21.314500  2.813390
3  540.000000    115.458000    440.000000    109.091000    480.000000    117.202000    1.03130E-01  1.03490E-03  9.884900  2.340610
3  540.000000    115.458000    600.000000    110.348000    640.000000    121.240000    1.03012E-01  1.03372E-03  8.698920  2.340710
3  540.000000    115.458000    640.000000    121.240000    680.000000    117.505000    4.84542E-02  4.88200E-04  13.347300  3.397800
3  540.000000    115.458000    680.000000    117.505000    720.000000    113.178000    5.20458E-02  5.24387E-04  15.107800  3.397770
3  540.000000    115.458000    720.000000    113.178000    760.000000    100.356000    5.55296E-02  5.59488E-04  13.473200  3.397850
3  540.000000    115.458000    760.000000    100.356000    800.000000    108.602000    3.12784E-02  3.20547E-04  12.840500  4.513020
3  540.000000    115.458000    800.000000    108.602000    840.000000    121.214000    2.05732E-02  2.19018E-04  12.685500  6.038310
3  540.000000    115.458000    840.000000    121.214000    880.000000    124.368000    1.74065E-02  1.90361E-04  13.716200  6.286900
3  540.000000    115.458000    1880.000000   68.179000     1920.000000   68.761000     3.91022E-03  6.27582E-05  41.753700  18.562500
3  540.000000    115.458000    2280.000000   43.553000     2320.000000   45.377000     5.91365E-04  2.35595E-05  40.398600  48.651900
3  540.000000    115.458000    0.000000      105.852000    80.000000     108.382000    2.27179E-02  2.41848E-04  14.939500  6.038190
3  540.000000    115.458000    40.000000     108.172000    120.000000    102.908000    2.20299E-02  2.34526E-04  13.521300  6.038190
3  540.000000    115.458000    80.000000     108.382000    160.000000    97.335000     2.70840E-02  2.80834E-04  13.289400  5.072280
3  540.000000    115.458000    120.000000    102.908000    200.000000    92.851000     3.12570E-02  3.20325E-04  13.429200  4.512980
3  540.000000    115.458000    880.000000    124.368000    960.000000    154.933000    2.53522E-02  2.62879E-04  12.729400  5.072390
3  540.000000    115.458000    920.000000    140.952000    1000.000000   139.164000    1.67618E-02  1.83310E-04  12.569900  6.286850
3  540.000000    115.458000    960.000000    154.933000    1040.000000   135.603000    1.41832E-02  1.60508E-04  14.897800  6.887870
3  540.000000    115.458000    1000.000000   139.164000    1080.000000   116.772000    1.29725E-02  1.51010E-04  18.411200  8.322250
3  540.000000    115.458000    1040.000000   135.603000    1120.000000   126.923000    1.19398E-02  1.38988E-04  25.853700  8.322160
3  540.000000    115.458000    1080.000000   116.772000    1160.000000   133.280000    1.64829E-02  1.80270E-04  13.879200  6.286830
3  540.000000    115.458000    1120.000000   126.923000    1200.000000   143.288000    1.50410E-02  1.70236E-04  26.623200  6.888410
3  540.000000    115.458000    1160.000000   133.280000    1240.000000   143.282000    1.16961E-02  1.36166E-04  42.999700  8.322170
3  540.000000    115.458000    1800.000000   104.339000    1880.000000   68.179000     7.39791E-03  9.30006E-05  14.641400  12.114100
3  540.000000    115.458000    1840.000000   80.146000     1920.000000   68.761000     7.57696E-03  9.52575E-05  23.930100  12.114500
3  540.000000    115.458000    2200.000000   52.831000     2280.000000   43.553000     2.48898E-03  4.52424E-05  45.869300  22.818300
3  540.000000    115.458000    2240.000000   43.386000     2320.000000   45.377000     1.95891E-03  5.25305E-05  45.106000  29.851100
3  540.000000    115.458000    1200.000000   143.288000    1360.000000   187.371000    1.95618E-02  2.09466E-04  24.724800  5.990410
3  540.000000    115.458000    1240.000000   143.282000    1400.000000   194.951000    1.74825E-02  1.91201E-04  26.153200  6.286970
3  540.000000    115.458000    1280.000000   155.645000    1440.000000   204.976000    1.26251E-02  1.46966E-04  26.757200  8.322190
3  540.000000    115.458000    1320.000000   173.060000    1480.000000   191.689000    1.01149E-02  1.18819E-04  26.721400  8.576460
3  540.000000    115.458000    1360.000000   187.371000    1520.000000   175.987000    8.72934E-03  1.04896E-04  25.932100  9.575480
3  540.000000    115.458000    1400.000000   194.951000    1560.000000   155.051000    9.53469E-03  1.12002E-04  24.872900  8.576470
3  540.000000    115.458000    1440.000000   204.976000    1600.000000   131.871000    1.10563E-02  1.29879E-04  24.323100  8.576500
3  540.000000    115.458000    1480.000000   191.689000    1640.000000   112.857000    1.74426E-02  1.90761E-04  23.705800  6.286980
3  540.000000    115.458000    1520.000000   175.987000    1680.000000   114.145000    2.07472E-02  2.20883E-04  23.926200  6.038440
3  540.000000    115.458000    1560.000000   155.051000    1720.000000   106.756000    1.97928E-02  2.11941E-04  23.639900  5.990470
3  540.000000    115.458000    1600.000000   131.871000    1760.000000   101.140000    2.10975E-02  2.24604E-04  23.384700  6.038330
3  540.000000    115.458000    1640.000000   112.857000    1800.000000   104.339000    1.49989E-02  1.69741E-04  23.401200  6.887880
3  540.000000    115.458000    1680.000000   114.145000    1840.000000   80.146000     1.33352E-02  1.50912E-04  22.991000  6.887880
3  540.000000    115.458000    1720.000000   106.756000    1880.000000   68.179000     1.41623E-02  1.60272E-04  18.364900  6.887930
3  540.000000    115.458000    1760.000000   101.140000    1920.000000   68.761000     1.30343E-02  1.51732E-04  23.714900  8.322430
3  540.000000    115.458000    2040.000000   57.680000     2200.000000   52.831000     5.49749E-03  7.02189E-05  34.403100  12.639000
3  540.000000    115.458000    2080.000000   61.209000     2240.000000   43.386000     3.70884E-03  5.95328E-05  39.007700  18.562400
3  540.000000    115.458000    2120.000000   64.714000     2280.000000   43.553000     4.15737E-03  6.67549E-05  43.010000  18.563000
3  540.000000    115.458000    2160.000000   69.496000     2320.000000   45.377000     4.13739E-03  6.64030E-05  42.264100  18.562400
3  540.000000    115.458000    2000.000000   61.720000     2320.000000   45.377000     8.97497E-03  1.08323E-04  38.347400  9.578700
3  620.000000    114.478000    0.000000      105.852000    40.000000     108.172000    1.13570E-02  1.32203E-04  16.271600  8.322150
3  620.000000    114.478000    280.000000    93.398000     320.000000    95.039000     2.28503E-02  2.49338E-04  17.752400  6.066390
3  620.000000    114.478000    320.000000    95.039000     360.000000    95.756000     2.39283E-02  2.48177E-04  17.504800  5.072310
3  620.000000    114.478000    360.000000    95.756000     400.000000    101.442000    2.71263E-02  2.81368E-04  0.771487  5.072320
3  620.000000    114.478000    400.000000    101.442000    440.000000    109.091000    3.76917E-02  3.83253E-04  27.032100  4.112170
3  620.000000    114.478000    440.000000    109.091000    480.000000    117.202000    3.94580E-02  3.99015E-04  15.359200  3.850090
3  620.000000    114.478000    480.000000    117.202000    520.000000    118.621000    6.96710E-02  7.00145E-04  13.509100  2.813400
3  620.000000    114.478000    520.000000    118.621000    560.000000    114.524000    1.37760E-01  1.38241E-03  12.363800  2.039770
3  620.000000    114.478000    680.000000    117.505000    720.000000    113.178000    1.86898E-01  1.87384E-03  11.745600  1.815730
3  620.000000    114.478000    720.000000    113.178000    760.000000    100.356000    1.40917E-01  1.41331E-03  11.443000  1.868460
3  620.000000    114.478000    760.000000    100.356000    800.000000    108.602000    6.20860E-02  6.24740E-04  11.437100  3.197650
3  620.000000    114.478000    800.000000    108.602000    840.000000    121.214000    3.54282E-02  3.60099E-04  11.411800  4.112120
3  620.000000    114.478000    840.000000    121.214000    880.000000    124.368000    2.83457E-02  2.90495E-04  13.023900  4.513000
3  620.000000    114.478000    880.000000    124.368000    920.000000    140.952000    2.13497E-02  2.27287E-04  11.421000  6.038210
3  620.000000    114.478000    920.000000    140.952000    960.000000    154.933000    1.76626E-02  1.93163E-04  11.962700  6.286860
3  620.000000    114.478000    1880.000000   68.179000     1920.000000   68.761000     4.49318E-03  7.21133E-05  36.428900  18.562400
3  620.000000    114.478000    2280.000000   43.553000     2320.000000   45.377000     6.65929E-04  2.65301E-05  28.976000  48.651900
3  620.000000    114.478000    0.000000      105.852000    80.000000     108.382000    1.92656E-02  2.06288E-04  15.697300  5.990360
3  620.000000    114.478000    40.000000     108.172000    120.000000    102.908000    1.83643E-02  1.96638E-04  14.491400  5.990360
3  620.000000    114.478000    80.000000     108.382000    160.000000    97.335000     2.21946E-02  2.36284E-04  14.358600  6.038210
3  620.000000    114.478000    120.000000    102.908000    200.000000    92.851000     2.48756E-02  2.57955E-04  14.618600  5.072310
3  620.000000    114.478000    160.000000    97.335000     240.000000    92.290000     2.57746E-02  2.67275E-04  15.856600  5.072310
3  620.000000    114.478000    200.000000    92.851000     280.000000    93.398000     3.06548E-02  3.14172E-04  16.853100  4.512980
3  620.000000    114.478000    960.000000    154.933000    1040.000000   135.603000    2.06047E-02  2.19356E-04  13.563600  6.038210
3  620.000000    114.478000    1000.000000   139.164000    1080.000000   116.772000    1.85339E-02  1.98457E-04  16.901700  5.990330
3  620.000000    114.478000    1040.000000   135.603000    1120.000000   126.923000    1.61952E-02  1.77114E-04  24.843800  6.286830
3  620.000000    114.478000    1080.000000   116.772000    1160.000000   133.280000    2.18231E-02  2.32357E-04  12.269400  6.038300
3  620.000000    114.478000    1120.000000   126.923000    1200.000000   143.288000    1.96542E-02  2.10477E-04  25.388700  5.991980
3  620.000000    114.478000    1160.000000   133.280000    1240.000000   143.282000    1.51359E-02  1.65573E-04  43.197300  6.287090
3  620.000000    114.478000    1200.000000   143.288000    1280.000000   155.645000    1.54019E-02  1.68441E-04  22.056900  6.286890
3  620.000000    114.478000    1240.000000   143.282000    1320.000000   173.060000    1.38651E-02  1.56914E-04  23.908800  6.887940
3  620.000000    114.478000    1800.000000   104.339000    1880.000000   68.179000     8.64558E-03  1.03889E-04  13.178300  9.575450
3  620.000000    114.478000    1840.000000   80.146000     1920.000000   68.761000     8.77833E-03  1.05485E-04  21.060000  9.575550
3  620.000000    114.478000    2200.000000   52.831000     2280.000000   43.553000     2.79220E-03  5.07209E-05  30.375500  22.827500
3  620.000000    114.478000    2240.000000   43.386000     2320.000000   45.377000     2.19981E-03  5.89905E-05  30.163300  29.851100
3  620.000000    114.478000    1280.000000   155.645000    1440.000000   204.976000    1.56420E-02  1.71066E-04  25.472900  6.286850
3  620.000000    114.478000    1320.000000   173.060000    1480.000000   191.689000    1.24249E-02  1.44637E-04  25.558100  8.322160
3  620.000000    114.478000    1360.000000   187.371000    1520.000000   175.987000    1.06146E-02  1.24687E-04  24.713500  8.576530
3  620.000000    114.478000    1400.000000   194.951000    1560.000000   155.051000    1.14697E-02  1.33515E-04  23.465700  8.322200
3  620.000000    114.478000    1440.000000   204.976000    1600.000000   131.871000    1.32602E-02  1.50063E-04  22.676200  6.887890
3  620.000000    114.478000    1480.000000   191.689000    1640.000000   112.857000    2.08205E-02  2.21657E-04  21.880500  6.038260
3  620.000000    114.478000    1520.000000   175.987000    1680.000000   114.145000    2.46654E-02  2.55758E-04  21.995300  5.072340
3  620.000000    114.478000    1560.000000   155.051000    1720.000000   106.756000    2.34306E-02  2.49442E-04  21.686200  6.038230
3  620.000000    114.478000    1600.000000   131.871000    1760.000000   101.140000    2.48979E-02  2.58169E-04  21.261300  5.072290
3  620.000000    114.478000    1640.000000   112.857000    1800.000000   104.339000    1.76227E-02  1.92724E-04  21.141100  6.286840
3  620.000000    114.478000    1680.000000   114.145000    1840.000000   80.146000     1.56167E-02  1.70787E-04  20.456200  6.286850
3  620.000000    114.478000    1720.000000   106.756000    1880.000000   68.179000     1.65818E-02  1.81340E-04  16.377500  6.286830
3  620.000000    114.478000    1760.000000   101.140000    1920.000000   68.761000     1.51557E-02  1.71514E-04  20.865700  6.887910
3  620.000000    114.478000    2040.000000   57.680000     2200.000000   52.831000     6.25104E-03  7.98427E-05  26.871300  12.638600
3  620.000000    114.478000    2080.000000   61.209000     2240.000000   43.386000     4.18380E-03  6.71479E-05  28.129000  18.562400
3  620.000000    114.478000    2120.000000   64.714000     2280.000000   43.553000     4.67038E-03  7.51198E-05  29.055800  18.564200
3  620.000000    114.478000    2160.000000   69.496000     2320.000000   45.377000     4.64600E-03  7.46278E-05  28.041600  18.562600
3  620.000000    114.478000    2000.000000   61.720000     2320.000000   45.377000     1.01615E-02  1.19786E-04  28.171200  8.584720
3  700.000000    113.449000    0.000000      105.852000    40.000000     108.172000    1.01091E-02  1.18749E-04  17.243000  8.576450
3  700.000000    113.449000    360.000000    95.756000     400.000000    101.442000    1.98905E-02  2.12993E-04  0.960021  5.990490
3  700.000000    113.449000    400.000000    101.442000    440.000000    109.091000    2.61538E-02  2.71199E-04  29.202300  5.072510
3  700.000000    113.449000    440.000000    109.091000    480.000000    117.202000    2.55472E-02  2.64899E-04  16.897500  5.072290
3  700.000000    113.449000    480.000000    117.202000    520.000000    118.621000    4.06011E-02  4.10534E-04  15.189800  3.850070
3  700.000000    113.449000    520.000000    118.621000    560.000000    114.524000    6.70299E-02  6.74475E-04  14.808900  3.197480
3  700.000000    113.449000    560.000000    114.524000    600.000000    110.348000    9.78015E-02  9.81428E-04  14.494100  2.340610
3  700.000000    113.449000    600.000000    110.348000    640.000000    121.240000    1.88230E-01  1.88736E-03  -7.306000  1.818050
3  700.000000    113.449000    760.000000    100.356000    800.000000    108.602000    2.02336E-01  2.02862E-03  8.903320  1.815780
3  700.000000    113.449000    800.000000    108.602000    840.000000    121.214000    7.72240E-02  7.75962E-04  9.393360  2.813480
3  700.000000    113.449000    840.000000    121.214000    880.000000    124.368000    5.40788E-02  5.44871E-04  12.983000  3.397840
3  700.000000    113.449000    880.000000    124.368000    920.000000    140.952000    3.63163E-02  3.69126E-04  10.788600  4.112310
3  700.000000    113.449000    920.000000    140.952000    960.000000    154.933000    2.82499E-02  2.89513E-04  11.337300  4.513150
3  700.000000    113.449000    960.000000    154.933000    1000.000000   139.164000    1.21189E-02  1.41072E-04  8.550880  8.322160
3  700.000000    113.449000    1000.000000   139.164000    1040.000000   135.603000    1.94205E-02  2.07949E-04  15.165200  5.990380
3  700.000000    113.449000    1880.000000   68.179000     1920.000000   68.761000     5.26200E-03  6.72110E-05  41.764600  12.638700
3  700.000000    113.449000    2280.000000   43.553000     2320.000000   45.377000     7.57685E-04  3.01856E-05  44.450500  48.651900
3  700.000000    113.449000    0.000000      105.852000    80.000000     108.382000    1.70719E-02  1.86700E-04  16.682000  6.286830
3  700.000000    113.449000    40.000000     108.172000    120.000000    102.908000    1.60625E-02  1.75661E-04  15.451700  6.286900
3  700.000000    113.449000    80.000000     108.382000    160.000000    97.335000     1.91936E-02  2.05517E-04  15.249700  5.990420
3  700.000000    113.449000    120.000000    102.908000    200.000000    92.851000     2.11920E-02  2.25604E-04  15.375400  6.038200
3  700.000000    113.449000    160.000000    97.335000     240.000000    92.290000     2.15231E-02  2.29128E-04  16.473700  6.038190
3  700.000000    113.449000    200.000000    92.851000     280.000000    93.398000     2.50269E-02  2.59506E-04  17.447800  5.072410
3  700.000000    113.449000    240.000000    92.290000     320.000000    95.039000     3.25990E-02  3.31339E-04  17.615300  4.112050
3  700.000000    113.449000    280.000000    93.398000     360.000000    95.756000     3.62930E-02  3.68886E-04  17.953400  4.112050
3  700.000000    113.449000    1040.000000   135.603000    1120.000000   126.923000    2.24496E-02  2.38994E-04  25.330900  6.038220
3  700.000000    113.449000    1080.000000   116.772000    1160.000000   133.280000    2.92707E-02  2.99975E-04  12.940800  4.513050
3  700.000000    113.449000    1120.000000   126.923000    1200.000000   143.288000    2.58550E-02  2.68137E-04  26.526000  5.073250
3  700.000000    113.449000    1160.000000   133.280000    1240.000000   143.282000    1.96374E-02  2.10271E-04  45.866300  5.990380
3  700.000000    113.449000    1200.000000   143.288000    1280.000000   155.645000    1.96280E-02  2.10171E-04  23.347300  5.990640
3  700.000000    113.449000    1240.000000   143.282000    1320.000000   173.060000    1.75177E-02  1.91579E-04  25.270500  6.286970
3  700.000000    113.449000    1280.000000   155.645000    1360.000000   187.371000    1.16236E-02  1.35308E-04  26.908000  8.322320
3  700.000000    113.449000    1320.000000   173.060000    1400.000000   194.951000    9.99065E-03  1.17358E-04  27.901000  8.576590
3  700.000000    113.449000    1800.000000   104.339000    1880.000000   68.179000     1.00591E-02  1.18161E-04  14.134100  8.576450
3  700.000000    113.449000    1840.000000   80.146000     1920.000000   68.761000     1.02170E-02  1.20020E-04  23.453200  8.576590
3  700.000000    113.449000    2200.000000   52.831000     2280.000000   43.553000     3.17923E-03  5.77971E-05  49.171000  22.823800
3  700.000000    113.449000    2240.000000   43.386000     2320.000000   45.377000     2.51244E-03  4.54335E-05  48.486000  22.810200
3  700.000000    113.449000    1360.000000   187.371000    1520.000000   175.987000    1.29702E-02  1.50982E-04  26.403700  8.322190
3  700.000000    113.449000    1400.000000   194.951000    1560.000000   155.051000    1.38719E-02  1.56986E-04  25.237900  6.887900
3  700.000000    113.449000    1440.000000   204.976000    1600.000000   131.871000    1.59509E-02  1.74444E-04  24.532500  6.286880
3  700.000000    113.449000    1480.000000   191.689000    1640.000000   112.857000    2.49061E-02  2.58254E-04  23.761900  5.072560
3  700.000000    113.449000    1520.000000   175.987000    1680.000000   114.145000    2.93873E-02  3.01170E-04  23.932400  4.513220
3  700.000000    113.449000    1560.000000   155.051000    1720.000000   106.756000    2.78084E-02  2.84992E-04  23.608400  4.513220
3  700.000000    113.449000    1600.000000   131.871000    1760.000000   101.140000    2.94598E-02  3.01910E-04  23.279900  4.513090
3  700.000000    113.449000    1640.000000   112.857000    1800.000000   104.339000    2.07705E-02  2.21119E-04  23.238600  6.038260
3  700.000000    113.449000    1680.000000   114.145000    1840.000000   80.146000     1.83394E-02  1.96371E-04  22.754400  5.990410
3  700.000000    113.449000    1720.000000   106.756000    1880.000000   68.179000     1.93867E-02  2.07585E-04  17.986200  5.990370
3  700.000000    113.449000    1760.000000   101.140000    1920.000000   68.761000     1.76850E-02  1.89367E-04  23.320100  5.990400
3  700.000000    113.449000    2040.000000   57.680000     2200.000000   52.831000     7.13575E-03  8.97649E-05  33.813900  12.114200
3  700.000000    113.449000    2080.000000   61.209000     2240.000000   43.386000     4.74367E-03  7.61359E-05  39.049900  18.563500
3  700.000000    113.449000    2120.000000   64.714000     2280.000000   43.553000     5.29860E-03  6.78676E-05  44.170200  12.639800
3  700.000000    113.449000    2160.000000   69.496000     2320.000000   45.377000     5.27357E-03  6.74189E-05  44.144700  12.638600
3  700.000000    113.449000    2000.000000   61.720000     2320.000000   45.377000     1.15907E-02  1.35282E-04  39.070900  8.334230
3  740.000000    100.177000    0.000000      105.852000    40.000000     108.172000    9.06654E-03  1.08947E-04  17.253100  9.575460
3  740.000000    100.177000    400.000000    101.442000    440.000000    109.091000    1.98464E-02  2.14944E-04  29.045300  6.058230
3  740.000000    100.177000    440.000000    109.091000    480.000000    117.202000    1.89211E-02  2.02600E-04  17.427000  5.990330
3  740.000000    100.177000    480.000000    117.202000    520.000000    118.621000    2.87980E-02  2.95125E-04  15.792600  4.512980
3  740.000000    100.177000    520.000000    118.621000    560.000000    114.524000    4.31373E-02  4.36178E-04  15.516500  3.850070
3  740.000000    100.177000    560.000000    114.524000    600.000000    110.348000    5.55859E-02  5.60050E-04  15.014000  3.397760
3  740.000000    100.177000    600.000000    110.348000    640.000000    121.240000    7.86197E-02  7.90034E-04  -4.269120  2.937930
3  740.000000    100.177000    640.000000    121.240000    680.000000    117.505000    1.52182E-01  1.52628E-03  18.619300  1.950370
3  740.000000    100.177000    800.000000    108.602000    840.000000    121.214000    1.78522E-01  1.81646E-03  7.748080  1.820090
3  740.000000    100.177000    840.000000    121.214000    880.000000    124.368000    1.05248E-01  2.17086E-03  10.887000  9.487960
3  740.000000    100.177000    880.000000    124.368000    920.000000    140.952000    6.23808E-02  1.37807E-03  9.022840  9.975950
3  740.000000    100.177000    920.000000    140.952000    960.000000    154.933000    4.58845E-02  1.56879E-03  9.645140  15.366000
3  740.000000    100.177000    1000.000000   139.164000    1040.000000   135.603000    2.91420E-02  3.42730E-04  14.302500  4.518020
3  740.000000    100.177000    1040.000000   135.603000    1080.000000   116.772000    1.07702E-02  1.26541E-04  18.601200  8.576450
3  740.000000    100.177000    1080.000000   116.772000    1120.000000   126.923000    1.97952E-02  7.52631E-04  29.149400  6.038240
3  740.000000    100.177000    1880.000000   68.179000     1920.000000   68.761000     5.91577E-03  2.10947E-04  84.141000  48.457800
3  740.000000    100.177000    2280.000000   43.553000     2320.000000   45.377000     8.28480E-04  3.30061E-05  30.763700  48.651900
3  740.000000    100.177000    0.000000      105.852000    80.000000     108.382000    1.52651E-02  1.66941E-04  16.513400  6.286830
3  740.000000    100.177000    40.000000     108.172000    120.000000    102.908000    1.42737E-02  1.61533E-04  14.916000  6.887890
3  740.000000    100.177000    80.000000     108.382000    160.000000    97.335000     1.69408E-02  1.85268E-04  14.614900  6.286840
3  740.000000    100.177000    120.000000    102.908000    200.000000    92.851000     1.84467E-02  1.97520E-04  14.608000  5.990360
3  740.000000    100.177000    160.000000    97.335000     240.000000    92.290000     1.84360E-02  1.97405E-04  15.670900  5.990340
3  740.000000    100.177000    200.000000    92.851000     280.000000    93.398000     2.10910E-02  2.24528E-04  16.761500  6.038190
3  740.000000    100.177000    240.000000    92.290000     320.000000    95.039000     2.69578E-02  2.79525E-04  17.048100  5.072300
3  740.000000    100.177000    280.000000    93.398000     360.000000    95.756000     2.93451E-02  3.00732E-04  17.487100  4.512980
3  740.000000    100.177000    320.000000    95.039000     400.000000    101.442000    2.97266E-02  3.04641E-04  9.231110  4.513010
3  740.000000    100.177000    1160.000000   133.280000    1240.000000   143.282000    2.52537E-02  2.61919E-04  48.585400  5.072350
3  740.000000    100.177000    1200.000000   143.288000    1280.000000   155.645000    2.46850E-02  2.56043E-04  25.139600  5.072730
3  740.000000    100.177000    1240.000000   143.282000    1320.000000   173.060000    2.18170E-02  2.32369E-04  27.345800  6.038410
3  740.000000    100.177000    1280.000000   155.645000    1360.000000   187.371000    1.43742E-02  1.62752E-04  29.209900  6.887990
3  740.000000    100.177000    1320.000000   173.060000    1400.000000   194.951000    1.22767E-02  1.42988E-04  30.549200  8.322350
3  740.000000    100.177000    1360.000000   187.371000    1440.000000   204.976000    9.43633E-03  1.10889E-04  30.440100  8.576590
3  740.000000    100.177000    1800.000000   104.339000    1880.000000   68.179000     1.15855E-02  1.36265E-04  -3.703010  16.404200
3  740.000000    100.177000    1840.000000   80.146000     1920.000000   68.761000     1.16229E-02  1.35341E-04  26.012000  8.322160
3  740.000000    100.177000    2200.000000   52.831000     2280.000000   43.553000     3.47103E-03  6.28302E-05  34.425800  22.811100
3  740.000000    100.177000    2240.000000   43.386000     2320.000000   45.377000     2.74403E-03  4.96263E-05  34.413300  22.810300
3  740.000000    100.177000    1400.000000   194.951000    1560.000000   155.051000    1.64324E-02  1.79797E-04  28.609200  6.286950
3  740.000000    100.177000    1440.000000   204.976000    1600.000000   131.871000    1.88451E-02  2.01871E-04  27.706500  5.990380
3  740.000000    100.177000    1480.000000   191.689000    1640.000000   112.857000    2.92775E-02  3.00273E-04  26.801700  4.513020
3  740.000000    100.177000    1520.000000   175.987000    1680.000000   114.145000    3.43888E-02  3.49892E-04  26.889800  4.112120
3  740.000000    100.177000    1560.000000   155.051000    1720.000000   106.756000    3.23809E-02  3.32154E-04  26.535400  4.512990
3  740.000000    100.177000    1600.000000   131.871000    1760.000000   101.140000    3.41910E-02  3.47740E-04  26.096300  4.112050
3  740.000000    100.177000    1640.000000   112.857000    1800.000000   104.339000    2.39841E-02  2.50624E-04  25.929200  5.072310
3  740.000000    100.177000    1680.000000   114.145000    1840.000000   80.146000     2.11057E-02  2.26133E-04  25.150900  6.038210
3  740.000000    100.177000    1720.000000   106.756000    1880.000000   68.179000     2.23410E-02  2.45501E-04  9.858460  7.422180
3  740.000000    100.177000    1760.000000   101.140000    1920.000000   68.761000     2.01994E-02  2.17315E-04  25.646300  5.990360
3  740.000000    100.177000    2000.000000   61.720000     2160.000000   69.496000     7.05591E-03  8.87161E-05  31.944000  12.114300
3  740.000000    100.177000    2040.000000   57.680000     2200.000000   52.831000     7.94272E-03  9.54667E-05  30.101500  9.575970
3  740.000000    100.177000    2080.000000   61.209000     2240.000000   43.386000     5.22681E-03  6.68483E-05  31.022700  12.639200
3  740.000000    100.177000    2120.000000   64.714000     2280.000000   43.553000     5.80337E-03  7.41903E-05  32.608400  12.639400
3  740.000000    100.177000    2160.000000   69.496000     2320.000000   45.377000     5.76746E-03  7.36776E-05  31.291800  12.638800
3  780.000000    101.926000    0.000000      105.852000    40.000000     108.172000    8.36975E-03  1.00576E-04  17.506800  9.575730
3  780.000000    101.926000    440.000000    109.091000    480.000000    117.202000    1.50390E-02  1.70192E-04  18.977700  6.887860
3  780.000000    101.926000    480.000000    117.202000    520.000000    118.621000    2.24700E-02  2.39209E-04  17.476800  6.038190
3  780.000000    101.926000    520.000000    118.621000    560.000000    114.524000    3.20631E-02  3.28586E-04  17.335300  4.512980
3  780.000000    101.926000    560.000000    114.524000    600.000000    110.348000    3.80783E-02  3.87032E-04  17.210000  4.112050
3  780.000000    101.926000    600.000000    110.348000    640.000000    121.240000    4.70072E-02  4.75356E-04  -2.351140  3.851780
3  780.000000    101.926000    640.000000    121.240000    680.000000    117.505000    7.28748E-02  7.32261E-04  24.038600  2.814080
3  780.000000    101.926000    680.000000    117.505000    720.000000    113.178000    1.68969E-01  1.69408E-03  10.942700  1.815700
3  780.000000    101.926000    840.000000    121.214000    880.000000    124.368000    2.15166E-01  2.15704E-03  9.424040  1.879640
3  780.000000    101.926000    880.000000    124.368000    920.000000    140.952000    1.05627E-01  1.05996E-03  7.712320  2.340860
3  780.000000    101.926000    920.000000    140.952000    960.000000    154.933000    6.98420E-02  7.01786E-04  8.352310  2.817690
3  780.000000    101.926000    960.000000    154.933000    1000.000000   139.164000    3.31727E-02  3.37171E-04  7.511360  4.112180
3  780.000000    101.926000    1000.000000   139.164000    1040.000000   135.603000    3.76581E-02  3.82761E-04  11.743200  4.112480
3  780.000000    101.926000    1040.000000   135.603000    1080.000000   116.772000    1.50578E-02  1.70405E-04  16.490900  6.887890
3  780.000000    101.926000    1080.000000   116.772000    1120.000000   126.923000    2.49103E-02  2.58295E-04  27.672700  5.072480
3  780.000000    101.926000    1880.000000   68.179000     1920.000000   68.761000     6.70109E-03  8.42562E-05  39.290500  12.116100
3  780.000000    101.926000    2280.000000   43.553000     2320.000000   45.377000     9.21603E-04  3.67159E-05  25.965000  48.651900
3  780.000000    101.926000    0.000000      105.852000    80.000000     108.382000    1.40469E-02  1.58966E-04  17.028200  6.887880
3  780.000000    101.926000    40.000000     108.172000    120.000000    102.908000    1.30070E-02  1.51411E-04  15.957700  8.322150
3  780.000000    101.926000    80.000000     108.382000    160.000000    97.335000     1.53209E-02  1.67552E-04  15.804100  6.286840
3  780.000000    101.926000    120.000000    102.908000    200.000000    92.851000     1.65549E-02  1.81049E-04  15.900500  6.286840
3  780.000000    101.926000    160.000000    97.335000     240.000000    92.290000     1.63755E-02  1.79086E-04  17.039900  6.286890
3  780.000000    101.926000    200.000000    92.851000     280.000000    93.398000     1.85062E-02  1.98157E-04  18.160900  5.990350
3  780.000000    101.926000    240.000000    92.290000     320.000000    95.039000     2.32903E-02  2.47944E-04  18.405600  6.038210
3  780.000000    101.926000    280.000000    93.398000     360.000000    95.756000     2.51720E-02  2.61008E-04  18.818400  5.072290
3  780.000000    101.926000    320.000000    95.039000     400.000000    101.442000    2.52376E-02  2.61689E-04  11.263500  5.072310
3  780.000000    101.926000    360.000000    95.756000     440.000000    109.091000    2.88182E-02  2.95335E-04  18.346100  4.512990
3  780.000000    101.926000    1120.000000   126.923000    1200.000000   143.288000    4.10121E-02  4.14694E-04  25.462600  3.850150
3  780.000000    101.926000    1160.000000   133.280000    1240.000000   143.282000    2.96970E-02  3.04341E-04  27.266600  4.513110
3  780.000000    101.926000    1200.000000   143.288000    1280.000000   155.645000    2.94519E-02  3.01835E-04  22.762400  4.513170
3  780.000000    101.926000    1240.000000   143.282000    1320.000000   173.060000    2.58955E-02  2.68513E-04  24.725000  5.072340
3  780.000000    101.926000    1280.000000   155.645000    1360.000000   187.371000    1.69098E-02  1.84931E-04  26.452300  6.286840
3  780.000000    101.926000    1320.000000   173.060000    1400.000000   194.951000    1.43808E-02  1.62746E-04  27.644200  6.887870
3  780.000000    101.926000    1360.000000   187.371000    1440.000000   204.976000    1.10447E-02  1.29738E-04  27.391800  8.576480
3  780.000000    101.926000    1400.000000   194.951000    1480.000000   191.689000    7.38964E-03  9.28966E-05  26.249100  12.114100
3  780.000000    101.926000    1800.000000   104.339000    1880.000000   68.179000     1.30712E-02  1.52158E-04  12.505300  8.322170
3  780.000000    101.926000    1840.000000   80.146000     1920.000000   68.761000     1.31437E-02  1.48745E-04  21.582100  6.887920
3  780.000000    101.926000    2200.000000   52.831000     2280.000000   43.553000     3.83599E-03  6.17203E-05  26.317100  18.569300
3  780.000000    101.926000    2240.000000   43.386000     2320.000000   45.377000     3.05618E-03  5.52661E-05  26.975800  22.810200
3  780.000000    101.926000    1440.000000   204.976000    1600.000000   131.871000    2.17407E-02  2.31447E-04  24.033100  6.038200
3  780.000000    101.926000    1480.000000   191.689000    1640.000000   112.857000    3.36125E-02  3.41644E-04  22.985500  4.112070
3  780.000000    101.926000    1520.000000   175.987000    1680.000000   114.145000    3.93609E-02  3.97998E-04  22.962200  3.850170
3  780.000000    101.926000    1560.000000   155.051000    1720.000000   106.756000    3.69861E-02  3.75930E-04  22.580000  4.112110
3  780.000000    101.926000    1600.000000   131.871000    1760.000000   101.140000    3.89552E-02  3.93892E-04  22.061200  3.850130
3  780.000000    101.926000    1640.000000   112.857000    1800.000000   104.339000    2.72597E-02  2.82656E-04  21.870100  5.072300
3  780.000000    101.926000    1680.000000   114.145000    1840.000000   80.146000     2.39353E-02  2.48185E-04  21.005400  5.072300
3  780.000000    101.926000    1720.000000   106.756000    1880.000000   68.179000     2.52720E-02  2.62045E-04  16.289100  5.072290
3  780.000000    101.926000    1760.000000   101.140000    1920.000000   68.761000     2.28464E-02  2.43216E-04  21.320300  6.038210
3  780.000000    101.926000    2000.000000   61.720000     2160.000000   69.496000     7.86564E-03  9.45167E-05  27.057400  9.575450
3  780.000000    101.926000    2040.000000   57.680000     2200.000000   52.831000     8.83313E-03  1.06144E-04  25.327500  9.575450
3  780.000000    101.926000    2080.000000   61.209000     2240.000000   43.386000     5.76457E-03  7.37940E-05  25.571400  12.638800
3  780.000000    101.926000    2120.000000   64.714000     2280.000000   43.553000     6.40297E-03  8.08151E-05  25.641600  12.114200
3  780.000000    101.926000    2160.000000   69.496000     2320.000000   45.377000     6.36677E-03  8.14240E-05  24.221600  12.638700
3  820.000000    115.703000    0.000000      105.852000    40.000000     108.172000    7.78234E-03  9.78419E-05  17.842600  12.114200
3  820.000000    115.703000    480.000000    117.202000    520.000000    118.621000    1.83142E-02  1.96101E-04  18.394500  5.990340
3  820.000000    115.703000    520.000000    118.621000    560.000000    114.524000    2.54839E-02  2.64243E-04  18.410100  5.072290
3  820.000000    115.703000    560.000000    114.524000    600.000000    110.348000    2.90850E-02  2.98069E-04  18.307500  4.512980
3  820.000000    115.703000    600.000000    110.348000    640.000000    121.240000    3.39581E-02  3.45160E-04  1.629390  4.112920
3  820.000000    115.703000    640.000000    121.240000    680.000000    117.505000    4.72210E-02  4.75775E-04  25.915200  3.397950
3  820.000000    115.703000    680.000000    117.505000    720.000000    113.178000    9.58568E-02  9.62402E-04  13.500200  2.592470
3  820.000000    115.703000    720.000000    113.178000    760.000000    100.356000    2.66605E-01  4.80374E-03  6.448170  8.044470
3  820.000000    115.703000    880.000000    124.368000    920.000000    140.952000    2.25933E-01  2.39564E-03  8.483140  3.650190
3  820.000000    115.703000    920.000000    140.952000    960.000000    154.933000    1.21296E-01  3.34792E-03  21.127800  26.804000
3  820.000000    115.703000    960.000000    154.933000    1000.000000   139.164000    5.95081E-02  5.98788E-04  7.846370  3.197630
3  820.000000    115.703000    1000.000000   139.164000    1040.000000   135.603000    4.94834E-02  4.98570E-04  10.110900  3.397800
3  820.000000    115.703000    1040.000000   135.603000    1080.000000   116.772000    2.09919E-02  2.23476E-04  14.834100  6.038190
3  820.000000    115.703000    1080.000000   116.772000    1120.000000   126.923000    3.09853E-02  1.21155E-03  25.770800  8.470420
3  820.000000    115.703000    1120.000000   126.923000    1160.000000   133.280000    2.87697E-02  2.94838E-04  20.589600  4.513000
3  820.000000    115.703000    1880.000000   68.179000     1920.000000   68.761000     7.37058E-03  9.26578E-05  40.993900  12.114200
3  820.000000    115.703000    2280.000000   43.553000     2320.000000   45.377000     9.90676E-04  3.94677E-05  41.596700  48.651900
3  820.000000    115.703000    0.000000      105.852000    80.000000     108.382000    1.30306E-02  1.51685E-04  17.284800  8.322200
3  820.000000    115.703000    40.000000     108.172000    120.000000    102.908000    1.19718E-02  1.39361E-04  16.044400  8.322170
3  820.000000    115.703000    120.000000    102.908000    200.000000    92.851000     1.50474E-02  1.70288E-04  15.787300  6.887980
3  820.000000    115.703000    160.000000    97.335000     240.000000    92.290000     1.47578E-02  1.67011E-04  16.885200  6.887870
3  820.000000    115.703000    200.000000    92.851000     280.000000    93.398000     1.65139E-02  1.80598E-04  18.046700  6.286830
3  820.000000    115.703000    240.000000    92.290000     320.000000    95.039000     2.06041E-02  2.19347E-04  18.360800  6.038200
3  820.000000    115.703000    280.000000    93.398000     360.000000    95.756000     2.20548E-02  2.34791E-04  18.837000  6.038210
3  820.000000    115.703000    320.000000    95.039000     400.000000    101.442000    2.18553E-02  2.32667E-04  11.675500  6.038210
3  820.000000    115.703000    360.000000    95.756000     440.000000    109.091000    2.45279E-02  2.54330E-04  18.619000  5.072290
3  820.000000    115.703000    400.000000    101.442000    480.000000    117.202000    2.61164E-02  2.70801E-04  25.103600  5.072320
3  820.000000    115.703000    1160.000000   133.280000    1240.000000   143.282000    3.53460E-02  3.59267E-04  28.059500  4.112060
3  820.000000    115.703000    1200.000000   143.288000    1280.000000   155.645000    3.46668E-02  3.52367E-04  23.594200  4.112050
3  820.000000    115.703000    1240.000000   143.282000    1320.000000   173.060000    3.03019E-02  3.10549E-04  25.707900  4.512980
3  820.000000    115.703000    1280.000000   155.645000    1360.000000   187.371000    1.96333E-02  2.10231E-04  27.762200  5.990350
3  820.000000    115.703000    1320.000000   173.060000    1400.000000   194.951000    1.66151E-02  1.81709E-04  29.141700  6.286820
3  820.000000    115.703000    1360.000000   187.371000    1440.000000   204.976000    1.27062E-02  1.47910E-04  29.184100  8.322170
3  820.000000    115.703000    1400.000000   194.951000    1480.000000   191.689000    8.46504E-03  1.01719E-04  28.480700  9.575450
3  820.000000    115.703000    1440.000000   204.976000    1520.000000   175.987000    8.09966E-03  9.73288E-05  27.592500  9.575450
3  820.000000    115.703000    1800.000000   104.339000    1880.000000   68.179000     1.45381E-02  1.64525E-04  18.669700  6.887860
3  820.000000    115.703000    1840.000000   80.146000     1920.000000   68.761000     1.45539E-02  1.64708E-04  26.207100  6.887990
3  820.000000    115.703000    2200.000000   52.831000     2280.000000   43.553000     4.10148E-03  6.58923E-05  46.004600  18.564500
3  820.000000    115.703000    2240.000000   43.386000     2320.000000   45.377000     3.28122E-03  5.93356E-05  46.440100  22.810200
3  820.000000    115.703000    0.000000      105.852000    160.000000    97.335000     2.70434E-02  2.80418E-04  16.511700  5.072330
3  820.000000    115.703000    1480.000000   191.689000    1640.000000   112.857000    3.79167E-02  3.85397E-04  26.174800  4.112050
3  820.000000    115.703000    1520.000000   175.987000    1680.000000   114.145000    4.42783E-02  4.47729E-04  26.347800  3.850080
3  820.000000    115.703000    1560.000000   155.051000    1720.000000   106.756000    4.15224E-02  4.19862E-04  26.124100  3.850090
3  820.000000    115.703000    1600.000000   131.871000    1760.000000   101.140000    4.36208E-02  4.41076E-04  25.807900  3.850070
3  820.000000    115.703000    1640.000000   112.857000    1800.000000   104.339000    3.04502E-02  3.12063E-04  25.821700  4.512980
3  820.000000    115.703000    1680.000000   114.145000    1840.000000   80.146000     2.66549E-02  2.76385E-04  25.228100  5.072280
3  820.000000    115.703000    1720.000000   106.756000    1880.000000   68.179000     2.81218E-02  2.88198E-04  21.523900  4.512980
3  820.000000    115.703000    1760.000000   101.140000    1920.000000   68.761000     2.53292E-02  2.62644E-04  25.874600  5.072340
3  820.000000    115.703000    2000.000000   61.720000     2160.000000   69.496000     8.56780E-03  1.02955E-04  34.965400  9.575450
3  820.000000    115.703000    2040.000000   57.680000     2200.000000   52.831000     9.59728E-03  1.12739E-04  32.733600  8.576440
3  820.000000    115.703000    2080.000000   61.209000     2240.000000   43.386000     6.20401E-03  7.92525E-05  35.618300  12.638800
3  820.000000    115.703000    2120.000000   64.714000     2280.000000   43.553000     6.86057E-03  8.62531E-05  40.114900  12.114200
3  820.000000    115.703000    2160.000000   69.496000     2320.000000   45.377000     6.81616E-03  8.56921E-05  39.890100  12.114100
3  860.000000    123.097000    0.000000      105.852000    40.000000     108.172000    7.26473E-03  9.13278E-05  12.980300  12.114100
3  860.000000    123.097000    520.000000    118.621000    560.000000    114.524000    2.05669E-02  2.18949E-04  19.346100  6.038190
3  860.000000    123.097000    560.000000    114.524000    600.000000    110.348000    2.29490E-02  2.44308E-04  19.441500  6.038190
3  860.000000    123.097000    600.000000    110.348000    640.000000    121.240000    2.63199E-02  2.72924E-04  4.028520  5.072650
3  860.000000    123.097000    640.000000    121.240000    680.000000    117.505000    3.33953E-02  3.39433E-04  28.268100  4.112490
3  860.000000    123.097000    680.000000    117.505000    720.000000    113.178000    6.38674E-02  6.42653E-04  15.837500  3.197480
3  860.000000    123.097000    760.000000    100.356000    800.000000    108.602000    2.80080E-01  2.80629E-03  9.785890  1.549950
3  860.000000    123.097000    920.000000    140.952000    960.000000    154.933000    2.44506E-01  2.45117E-03  6.856490  1.881270
3  860.000000    123.097000    1040.000000   135.603000    1080.000000   116.772000    3.21108E-02  3.29078E-04  13.382700  4.513020
3  860.000000    123.097000    1080.000000   116.772000    1120.000000   126.923000    3.94737E-02  3.99138E-04  28.742800  3.850110
3  860.000000    123.097000    1120.000000   126.923000    1160.000000   133.280000    3.50820E-02  3.56580E-04  20.845600  4.112050
3  860.000000    123.097000    1160.000000   133.280000    1200.000000   143.288000    2.43473E-02  2.52460E-04  32.293900  5.072500
3  860.000000    123.097000    1880.000000   68.179000     1920.000000   68.761000     8.20370E-03  9.85789E-05  43.245500  9.575840
3  860.000000    123.097000    2280.000000   43.553000     2320.000000   45.377000     1.07850E-03  4.29666E-05  41.749800  48.651900
3  860.000000    123.097000    0.000000      105.852000    80.000000     108.382000    1.21308E-02  1.41211E-04  12.686700  8.322150
3  860.000000    123.097000    40.000000     108.172000    120.000000    102.908000    1.10292E-02  1.29562E-04  12.236700  8.576450
3  860.000000    123.097000    160.000000    97.335000     240.000000    92.290000     1.33176E-02  1.50713E-04  14.801300  6.887920
3  860.000000    123.097000    200.000000    92.851000     280.000000    93.398000     1.47583E-02  1.67017E-04  16.533700  6.887880
3  860.000000    123.097000    240.000000    92.290000     320.000000    95.039000     1.82749E-02  1.95680E-04  17.239500  5.990330
3  860.000000    123.097000    280.000000    93.398000     360.000000    95.756000     1.94223E-02  2.07966E-04  18.051400  5.990350
3  860.000000    123.097000    320.000000    95.039000     400.000000    101.442000    1.91399E-02  2.04942E-04  11.289500  5.990340
3  860.000000    123.097000    360.000000    95.756000     440.000000    109.091000    2.10910E-02  2.24528E-04  18.526100  6.038190
3  860.000000    123.097000    400.000000    101.442000    480.000000    117.202000    2.19501E-02  2.33674E-04  25.531700  6.038210
3  860.000000    123.097000    440.000000    109.091000    520.000000    118.621000    2.53570E-02  2.62927E-04  19.575400  5.072280
3  860.000000    123.097000    1200.000000   143.288000    1280.000000   155.645000    4.07204E-02  4.11740E-04  23.878400  3.850090
3  860.000000    123.097000    1240.000000   143.282000    1320.000000   173.060000    3.53994E-02  3.59803E-04  26.006100  4.112060
3  860.000000    123.097000    1280.000000   155.645000    1360.000000   187.371000    2.26938E-02  2.41594E-04  28.191800  6.038200
3  860.000000    123.097000    1320.000000   173.060000    1400.000000   194.951000    1.91012E-02  2.04528E-04  29.678000  5.990330
3  860.000000    123.097000    1360.000000   187.371000    1440.000000   204.976000    1.46348E-02  1.65618E-04  29.996900  6.887880
3  860.000000    123.097000    1400.000000   194.951000    1480.000000   191.689000    9.77470E-03  1.14819E-04  29.616000  8.576430
3  860.000000    123.097000    1440.000000   204.976000    1520.000000   175.987000    9.26285E-03  1.11306E-04  28.768600  9.575450
3  860.000000    123.097000    1480.000000   191.689000    1560.000000   155.051000    1.50663E-02  1.70502E-04  28.477600  6.887880
3  860.000000    123.097000    1800.000000   104.339000    1880.000000   68.179000     1.62059E-02  1.77229E-04  21.511900  6.286820
3  860.000000    123.097000    1840.000000   80.146000     1920.000000   68.761000     1.62228E-02  1.77416E-04  28.944700  6.286830
3  860.000000    123.097000    2200.000000   52.831000     2280.000000   43.553000     4.43859E-03  7.14950E-05  44.057600  18.568100
3  860.000000    123.097000    2240.000000   43.386000     2320.000000   45.377000     3.56870E-03  6.45342E-05  43.664000  22.810200
3  860.000000    123.097000    0.000000      105.852000    160.000000    97.335000     2.49400E-02  2.58610E-04  12.638100  5.072280
3  860.000000    123.097000    40.000000     108.172000    200.000000    92.851000     2.47142E-02  2.56262E-04  12.737700  5.072290
3  860.000000    123.097000    1520.000000   175.987000    1680.000000   114.145000    4.99152E-02  5.02916E-04  28.100100  3.397760
3  860.000000    123.097000    1560.000000   155.051000    1720.000000   106.756000    4.67656E-02  4.72866E-04  28.003200  3.850080
3  860.000000    123.097000    1600.000000   131.871000    1760.000000   101.140000    4.90091E-02  4.93786E-04  27.807600  3.397760
3  860.000000    123.097000    1640.000000   112.857000    1800.000000   104.339000    3.41622E-02  3.47228E-04  27.965400  4.112100
3  860.000000    123.097000    1680.000000   114.145000    1840.000000   80.146000     2.98107E-02  3.05503E-04  27.518200  4.512990
3  860.000000    123.097000    1720.000000   106.756000    1880.000000   68.179000     3.13729E-02  3.21516E-04  24.094600  4.512980
3  860.000000    123.097000    1760.000000   101.140000    1920.000000   68.761000     2.82332E-02  2.89339E-04  28.472400  4.512990
3  860.000000    123.097000    2000.000000   61.720000     2160.000000   69.496000     9.41341E-03  1.13115E-04  38.570900  9.575450
3  860.000000    123.097000    2040.000000   57.680000     2200.000000   52.831000     1.05189E-02  1.23562E-04  37.111800  8.576440
3  860.000000    123.097000    2080.000000   61.209000     2240.000000   43.386000     6.74202E-03  8.47688E-05  39.805500  12.114300
3  860.000000    123.097000    2120.000000   64.714000     2280.000000   43.553000     7.43124E-03  9.35801E-05  41.696400  12.114700
3  860.000000    123.097000    2160.000000   69.496000     2320.000000   45.377000     7.38088E-03  9.28264E-05  40.628900  12.114200
3  900.000000    129.785000    0.000000      105.852000    40.000000     108.172000    6.90696E-03  8.68308E-05  15.742100  12.114200
3  900.000000    129.785000    560.000000    114.524000    600.000000    110.348000    1.92493E-02  2.06114E-04  21.366000  5.990350
3  900.000000    129.785000    600.000000    110.348000    640.000000    121.240000    2.15863E-02  2.29808E-04  7.088740  6.038370
3  900.000000    129.785000    640.000000    121.240000    680.000000    117.505000    2.64234E-02  2.73992E-04  30.508300  5.072670
3  900.000000    129.785000    680.000000    117.505000    720.000000    113.178000    4.80799E-02  4.84424E-04  18.270300  3.397770
3  900.000000    129.785000    720.000000    113.178000    760.000000    100.356000    1.05010E-01  1.05376E-03  13.581700  2.340650
3  900.000000    129.785000    760.000000    100.356000    800.000000    108.602000    1.44422E-01  1.44844E-03  10.441300  1.868360
3  900.000000    129.785000    800.000000    108.602000    840.000000    121.214000    2.57310E-01  2.57953E-03  8.979350  1.879490
3  900.000000    129.785000    960.000000    154.933000    1000.000000   139.164000    2.57185E-01  2.57828E-03  9.078670  1.879790
3  900.000000    129.785000    1040.000000   135.603000    1080.000000   116.772000    4.64996E-02  4.70176E-04  11.651700  3.850580
3  900.000000    129.785000    1080.000000   116.772000    1120.000000   126.923000    4.95574E-02  4.99316E-04  28.582600  3.397850
3  900.000000    129.785000    1120.000000   126.923000    1160.000000   133.280000    4.18276E-02  4.22936E-04  19.585900  3.850130
3  900.000000    129.785000    1160.000000   133.280000    1200.000000   143.288000    2.84591E-02  2.91655E-04  30.038800  4.513450
3  900.000000    129.785000    1200.000000   143.288000    1240.000000   143.282000    2.02478E-02  2.16805E-04  19.562300  5.990360
3  900.000000    129.785000    1880.000000   68.179000     1920.000000   68.761000     8.84313E-03  1.06275E-04  34.737800  9.576470
3  900.000000    129.785000    2280.000000   43.553000     2320.000000   45.377000     1.13430E-03  4.51896E-05  25.706600  48.651900
3  900.000000    129.785000    0.000000      105.852000    80.000000     108.382000    1.15100E-02  1.33984E-04  15.467000  8.322150
3  900.000000    129.785000    40.000000     108.172000    120.000000    102.908000    1.03930E-02  1.22082E-04  14.948200  8.576440
3  900.000000    129.785000    200.000000    92.851000     280.000000    93.398000     1.35839E-02  1.53725E-04  18.971400  6.887870
3  900.000000    129.785000    240.000000    92.290000     320.000000    95.039000     1.67178E-02  1.82829E-04  19.612000  6.286850
3  900.000000    129.785000    280.000000    93.398000     360.000000    95.756000     1.76520E-02  1.93044E-04  20.353900  6.286830
3  900.000000    129.785000    320.000000    95.039000     400.000000    101.442000    1.72717E-02  1.88885E-04  13.662400  6.286870
3  900.000000    129.785000    360.000000    95.756000     440.000000    109.091000    1.88089E-02  2.01398E-04  20.659900  5.990330
3  900.000000    129.785000    400.000000    101.442000    480.000000    117.202000    1.93360E-02  2.07042E-04  27.548200  5.990340
3  900.000000    129.785000    440.000000    109.091000    520.000000    118.621000    2.20500E-02  2.34738E-04  21.482500  6.038190
3  900.000000    129.785000    480.000000    117.202000    560.000000    114.524000    3.05602E-02  3.13184E-04  21.199600  4.512990
3  900.000000    129.785000    1240.000000   143.282000    1320.000000   173.060000    4.02690E-02  4.07176E-04  23.250500  3.850120
3  900.000000    129.785000    1280.000000   155.645000    1360.000000   187.371000    2.56139E-02  2.65591E-04  25.109600  5.072300
3  900.000000    129.785000    1320.000000   173.060000    1400.000000   194.951000    2.14549E-02  2.28402E-04  26.389200  6.038200
3  900.000000    129.785000    1360.000000   187.371000    1440.000000   204.976000    1.63440E-02  1.78740E-04  26.251000  6.286820
3  900.000000    129.785000    1400.000000   194.951000    1480.000000   191.689000    1.08515E-02  1.27468E-04  25.349000  8.576560
3  900.000000    129.785000    1440.000000   204.976000    1520.000000   175.987000    1.02552E-02  1.20465E-04  24.331000  8.576460
3  900.000000    129.785000    1480.000000   191.689000    1560.000000   155.051000    1.66261E-02  1.81825E-04  23.681900  6.286830
3  900.000000    129.785000    1520.000000   175.987000    1600.000000   131.871000    2.05602E-02  2.18878E-04  22.835100  6.038200
3  900.000000    129.785000    1800.000000   104.339000    1880.000000   68.179000     1.75270E-02  1.91679E-04  13.925800  6.286820
3  900.000000    129.785000    1840.000000   80.146000     1920.000000   68.761000     1.75120E-02  1.91513E-04  20.950400  6.286820
3  900.000000    129.785000    2200.000000   52.831000     2280.000000   43.553000     4.64421E-03  7.45475E-05  28.056400  18.569000
3  900.000000    129.785000    2240.000000   43.386000     2320.000000   45.377000     3.74477E-03  6.01013E-05  29.325800  18.562400
3  900.000000    129.785000    0.000000      105.852000    160.000000    97.335000     2.35167E-02  2.50352E-04  15.350400  6.038270
3  900.000000    129.785000    40.000000     108.172000    200.000000    92.851000     2.31616E-02  2.46571E-04  15.419500  6.038210
3  900.000000    129.785000    80.000000     108.382000    240.000000    92.290000     2.43548E-02  2.52535E-04  16.319200  5.072290
3  900.000000    129.785000    1560.000000   155.051000    1720.000000   106.756000    5.10854E-02  5.14706E-04  21.984600  3.397780
3  900.000000    129.785000    1600.000000   131.871000    1760.000000   101.140000    5.34215E-02  5.38243E-04  21.469100  3.397780
3  900.000000    129.785000    1640.000000   112.857000    1800.000000   104.339000    3.71515E-02  3.77612E-04  21.296300  4.112070
3  900.000000    129.785000    1680.000000   114.145000    1840.000000   80.146000     3.23396E-02  3.31423E-04  20.379000  4.513000
3  900.000000    129.785000    1720.000000   106.756000    1880.000000   68.179000     3.39820E-02  3.45396E-04  16.737200  4.112040
3  900.000000    129.785000    1760.000000   101.140000    1920.000000   68.761000     3.05138E-02  3.12708E-04  20.651100  4.512980
3  900.000000    129.785000    2000.000000   61.720000     2160.000000   69.496000     1.00377E-02  1.17909E-04  26.041700  8.576490
3  900.000000    129.785000    2040.000000   57.680000     2200.000000   52.831000     1.11951E-02  1.30319E-04  23.607700  8.322160
3  900.000000    129.785000    2080.000000   61.209000     2240.000000   43.386000     7.11854E-03  8.95982E-05  23.385200  12.114500
3  900.000000    129.785000    2120.000000   64.714000     2280.000000   43.553000     7.80615E-03  9.38143E-05  25.051000  9.576390
3  900.000000    129.785000    2160.000000   69.496000     2320.000000   45.377000     7.74397E-03  9.30546E-05  23.941500  9.575480
3  945.000000    146.199000    0.000000      105.852000    40.000000     108.172000    6.46049E-03  8.12374E-05  11.531500  12.114200
3  945.000000    146.199000    600.000000    110.348000    640.000000    121.240000    1.74079E-02  1.90380E-04  11.453100  6.286880
3  945.000000    146.199000    640.000000    121.240000    680.000000    117.505000    2.02097E-02  2.16399E-04  33.129700  5.990630
3  945.000000    146.199000    680.000000    117.505000    720.000000    113.178000    3.59085E-02  3.64978E-04  21.897700  4.112070
3  945.000000    146.199000    720.000000    113.178000    760.000000    100.356000    7.33241E-02  7.36768E-04  17.654900  2.813440
3  945.000000    146.199000    760.000000    100.356000    800.000000    108.602000    8.93375E-02  8.96949E-04  14.227200  2.592500
3  945.000000    146.199000    800.000000    108.602000    840.000000    121.214000    1.28721E-01  1.29163E-03  13.529700  2.039760
3  945.000000    146.199000    840.000000    121.214000    880.000000    124.368000    2.21493E-01  3.67116E-03  0.702436  19.944500
3  945.000000    146.199000    1040.000000   135.603000    1080.000000   116.772000    9.93376E-02  9.96932E-04  6.854400  2.343240
3  945.000000    146.199000    1080.000000   116.772000    1120.000000   126.923000    7.37946E-02  7.41503E-04  32.900200  2.813430
3  945.000000    146.199000    1120.000000   126.923000    1160.000000   133.280000    5.40950E-02  5.45034E-04  18.801300  3.397790
3  945.000000    146.199000    1160.000000   133.280000    1200.000000   143.288000    3.51321E-02  3.57090E-04  29.662300  4.112360
3  945.000000    146.199000    1200.000000   143.288000    1240.000000   143.282000    2.45557E-02  2.54618E-04  18.688000  5.072310
3  945.000000    146.199000    1240.000000   143.282000    1280.000000   155.645000    3.15839E-02  3.23678E-04  21.499100  4.512990
3  945.000000    146.199000    1880.000000   68.179000     1920.000000   68.761000     9.75935E-03  1.14640E-04  30.011200  8.576460
3  945.000000    146.199000    2080.000000   61.209000     2120.000000   64.714000     2.11046E-03  5.65945E-05  23.486400  29.851100
3  945.000000    146.199000    2280.000000   43.553000     2320.000000   45.377000     1.23479E-03  4.91930E-05  18.460300  48.651900
3  945.000000    146.199000    0.000000      105.852000    80.000000     108.382000    1.07438E-02  1.26219E-04  11.674000  8.576470
3  945.000000    146.199000    40.000000     108.172000    120.000000    102.908000    9.62464E-03  1.13057E-04  12.365500  8.576440
3  945.000000    146.199000    240.000000    92.290000     320.000000    95.039000     1.49848E-02  1.69580E-04  20.198100  6.887870
3  945.000000    146.199000    280.000000    93.398000     360.000000    95.756000     1.57182E-02  1.71896E-04  21.293300  6.286840
3  945.000000    146.199000    320.000000    95.039000     400.000000    101.442000    1.52897E-02  1.67211E-04  14.863300  6.286860
3  945.000000    146.199000    360.000000    95.756000     440.000000    109.091000    1.64170E-02  1.79538E-04  22.186400  6.286820
3  945.000000    146.199000    400.000000    101.442000    480.000000    117.202000    1.65917E-02  1.81448E-04  29.557900  6.286880
3  945.000000    146.199000    440.000000    109.091000    520.000000    118.621000    1.86247E-02  1.99426E-04  23.571300  5.990350
3  945.000000    146.199000    480.000000    117.202000    560.000000    114.524000    2.55279E-02  2.64699E-04  23.468500  5.072290
3  945.000000    146.199000    520.000000    118.621000    600.000000    110.348000    3.03050E-02  3.10569E-04  23.792200  4.513000
3  945.000000    146.199000    1280.000000   155.645000    1360.000000   187.371000    3.00399E-02  3.07852E-04  23.551900  4.512980
3  945.000000    146.199000    1320.000000   173.060000    1400.000000   194.951000    2.49672E-02  2.58885E-04  24.726800  5.072290
3  945.000000    146.199000    1360.000000   187.371000    1440.000000   204.976000    1.89246E-02  2.02637E-04  24.522200  5.990360
3  945.000000    146.199000    1400.000000   194.951000    1480.000000   191.689000    1.25065E-02  1.45584E-04  23.570700  8.322230
3  945.000000    146.199000    1440.000000   204.976000    1520.000000   175.987000    1.17402E-02  1.36664E-04  22.357300  8.322160
3  945.000000    146.199000    1480.000000   191.689000    1560.000000   155.051000    1.89249E-02  2.02640E-04  21.588400  5.990330
3  945.000000    146.199000    1520.000000   175.987000    1600.000000   131.871000    2.32896E-02  2.47934E-04  20.533000  6.038250
3  945.000000    146.199000    1560.000000   155.051000    1640.000000   112.857000    3.42426E-02  3.48045E-04  19.103400  4.112090
3  945.000000    146.199000    1800.000000   104.339000    1880.000000   68.179000     1.95199E-02  2.09011E-04  11.967300  5.990330
3  945.000000    146.199000    1840.000000   80.146000     1920.000000   68.761000     1.94317E-02  2.08069E-04  18.092100  5.990380
3  945.000000    146.199000    2040.000000   57.680000     2120.000000   64.714000     8.81661E-03  1.05944E-04  20.868600  9.575460
3  945.000000    146.199000    2200.000000   52.831000     2280.000000   43.553000     5.04528E-03  6.44615E-05  17.604800  12.639600
3  945.000000    146.199000    2240.000000   43.386000     2320.000000   45.377000     4.08094E-03  6.54966E-05  19.085700  18.562400
3  945.000000    146.199000    0.000000      105.852000    160.000000    97.335000     2.17939E-02  2.32011E-04  12.588600  6.038210
3  945.000000    146.199000    40.000000     108.172000    200.000000    92.851000     2.13219E-02  2.26989E-04  13.660000  6.038190
3  945.000000    146.199000    80.000000     108.382000    240.000000    92.290000     2.22861E-02  2.37251E-04  15.217800  6.038190
3  945.000000    146.199000    120.000000    102.908000    280.000000    93.398000     2.39552E-02  2.48391E-04  16.976400  5.072290
3  945.000000    146.199000    1600.000000   131.871000    1760.000000   101.140000    5.99330E-02  6.03064E-04  18.839800  3.197470
3  945.000000    146.199000    1640.000000   112.857000    1800.000000   104.339000    4.15760E-02  4.20392E-04  18.590100  3.850070
3  945.000000    146.199000    1680.000000   114.145000    1840.000000   80.146000     3.60802E-02  3.66723E-04  17.555700  4.112050
3  945.000000    146.199000    1720.000000   106.756000    1880.000000   68.179000     3.78687E-02  3.84901E-04  14.354600  4.112050
3  945.000000    146.199000    1760.000000   101.140000    1920.000000   68.761000     3.38969E-02  3.44531E-04  17.745400  4.112060
3  945.000000    146.199000    2000.000000   61.720000     2160.000000   69.496000     1.10069E-02  1.29295E-04  22.120500  8.576440
3  945.000000    146.199000    2120.000000   64.714000     2280.000000   43.553000     8.47513E-03  1.01850E-04  17.957800  9.575460
3  945.000000    146.199000    2160.000000   69.496000     2320.000000   45.377000     8.40725E-03  1.01025E-04  16.121900  9.575450
3  973.000000    156.389000    0.000000      105.852000    40.000000     108.172000    6.25339E-03  7.98739E-05  16.276300  12.638600
3  973.000000    156.389000    640.000000    121.240000    680.000000    117.505000    1.76741E-02  1.89251E-04  33.730000  5.990570
3  973.000000    156.389000    680.000000    117.505000    720.000000    113.178000    3.09331E-02  3.17006E-04  22.863400  4.512990
3  973.000000    156.389000    720.000000    113.178000    760.000000    100.356000    6.14145E-02  6.17971E-04  18.671300  3.197510
3  973.000000    156.389000    760.000000    100.356000    800.000000    108.602000    7.15436E-02  7.18877E-04  15.661700  2.813390
3  973.000000    156.389000    800.000000    108.602000    840.000000    121.214000    9.38921E-02  9.42677E-04  15.432000  2.592470
3  973.000000    156.389000    840.000000    121.214000    880.000000    124.368000    1.39568E-01  1.39976E-03  12.571800  1.868340
3  973.000000    156.389000    1040.000000   135.603000    1080.000000   116.772000    1.66433E-01  1.66936E-03  7.024050  1.872110
3  973.000000    156.389000    1080.000000   116.772000    1120.000000   126.923000    9.32317E-02  9.36046E-04  33.500300  2.592580
3  973.000000    156.389000    1120.000000   126.923000    1160.000000   133.280000    6.32329E-02  6.36275E-04  20.453300  3.197550
3  973.000000    156.389000    1160.000000   133.280000    1200.000000   143.288000    3.97478E-02  4.01906E-04  31.059600  3.850500
3  973.000000    156.389000    1200.000000   143.288000    1240.000000   143.282000    2.71608E-02  2.81630E-04  20.859700  5.072320
3  973.000000    156.389000    1240.000000   143.282000    1280.000000   155.645000    3.43700E-02  3.49340E-04  23.894200  4.112100
3  973.000000    156.389000    1280.000000   155.645000    1320.000000   173.060000    1.77227E-02  1.89768E-04  25.293900  5.990360
3  973.000000    156.389000    1880.000000   68.179000     1920.000000   68.761000     1.02330E-02  1.20204E-04  36.818900  8.576440
3  973.000000    156.389000    2280.000000   43.553000     2320.000000   45.377000     1.28240E-03  5.10898E-05  35.402900  48.651900
3  973.000000    156.389000    0.000000      105.852000    80.000000     108.382000    1.03870E-02  1.22016E-04  15.941900  8.576440
3  973.000000    156.389000    40.000000     108.172000    120.000000    102.908000    9.25985E-03  1.11270E-04  15.248400  9.575460
3  973.000000    156.389000    280.000000    93.398000     360.000000    95.756000     1.48262E-02  1.67784E-04  20.327000  6.887880
3  973.000000    156.389000    320.000000    95.039000     400.000000    101.442000    1.43982E-02  1.62942E-04  13.613300  6.887900
3  973.000000    156.389000    360.000000    95.756000     440.000000    109.091000    1.53396E-02  1.67755E-04  21.019800  6.286870
3  973.000000    156.389000    400.000000    101.442000    480.000000    117.202000    1.53371E-02  1.67730E-04  28.830000  6.286860
3  973.000000    156.389000    440.000000    109.091000    520.000000    118.621000    1.70632E-02  1.86605E-04  22.956700  6.286840
3  973.000000    156.389000    480.000000    117.202000    560.000000    114.524000    2.32719E-02  2.47746E-04  22.989400  6.038200
3  973.000000    156.389000    520.000000    118.621000    600.000000    110.348000    2.74290E-02  2.81095E-04  23.497400  4.512990
3  973.000000    156.389000    560.000000    114.524000    640.000000    121.240000    2.97653E-02  3.05041E-04  17.471100  4.513000
3  973.000000    156.389000    1320.000000   173.060000    1400.000000   194.951000    2.68765E-02  2.78682E-04  27.911500  5.072330
3  973.000000    156.389000    1360.000000   187.371000    1440.000000   204.976000    2.03631E-02  2.16779E-04  28.294000  6.038200
3  973.000000    156.389000    1400.000000   194.951000    1480.000000   191.689000    1.34619E-02  1.52346E-04  27.992300  6.887870
3  973.000000    156.389000    1440.000000   204.976000    1520.000000   175.987000    1.25551E-02  1.46150E-04  27.057600  8.322150
3  973.000000    156.389000    1480.000000   191.689000    1560.000000   155.051000    2.01589E-02  2.15853E-04  26.747300  5.990340
3  973.000000    156.389000    1520.000000   175.987000    1600.000000   131.871000    2.47396E-02  2.56525E-04  26.246800  5.072320
3  973.000000    156.389000    1560.000000   155.051000    1640.000000   112.857000    3.62769E-02  3.68722E-04  25.460300  4.112070
3  973.000000    156.389000    1600.000000   131.871000    1680.000000   114.145000    4.05610E-02  4.10128E-04  26.128500  3.850090
3  973.000000    156.389000    1800.000000   104.339000    1880.000000   68.179000     2.05887E-02  2.19181E-04  21.264100  6.038210
3  973.000000    156.389000    1840.000000   80.146000     1920.000000   68.761000     2.04579E-02  2.17789E-04  26.555800  6.038200
3  973.000000    156.389000    2200.000000   52.831000     2280.000000   43.553000     5.21967E-03  6.68791E-05  37.585600  12.641300
3  973.000000    156.389000    2240.000000   43.386000     2320.000000   45.377000     4.23372E-03  6.79487E-05  37.484200  18.562400
3  973.000000    156.389000    0.000000      105.852000    160.000000    97.335000     2.09791E-02  2.23337E-04  15.653100  6.038220
3  973.000000    156.389000    40.000000     108.172000    200.000000    92.851000     2.04477E-02  2.18946E-04  15.508800  5.990350
3  973.000000    156.389000    80.000000     108.382000    240.000000    92.290000     2.13028E-02  2.26785E-04  16.271200  6.038210
3  973.000000    156.389000    120.000000    102.908000    280.000000    93.398000     2.28230E-02  2.42967E-04  17.261000  6.038210
3  973.000000    156.389000    160.000000    97.335000     320.000000    95.039000     2.48868E-02  2.58051E-04  18.479400  5.072300
3  973.000000    156.389000    1640.000000   112.857000    1800.000000   104.339000    4.39358E-02  4.44252E-04  25.908000  3.850070
3  973.000000    156.389000    1680.000000   114.145000    1840.000000   80.146000     3.80667E-02  3.86914E-04  25.331600  4.112050
3  973.000000    156.389000    1720.000000   106.756000    1880.000000   68.179000     3.99311E-02  4.03759E-04  22.917200  3.850070
3  973.000000    156.389000    1760.000000   101.140000    1920.000000   68.761000     3.56917E-02  3.62774E-04  26.111600  4.112050
3  973.000000    156.389000    2000.000000   61.720000     2160.000000   69.496000     1.14975E-02  1.33839E-04  34.614200  8.322260
3  973.000000    156.389000    2040.000000   57.680000     2200.000000   52.831000     1.27831E-02  1.48806E-04  32.708800  8.322220
3  973.000000    156.389000    2080.000000   61.209000     2240.000000   43.386000     8.03782E-03  9.65921E-05  34.065100  9.575550
3  973.000000    156.389000    2120.000000   64.714000     2280.000000   43.553000     8.77962E-03  1.05559E-04  35.316100  9.575700
3  973.000000    156.389000    2160.000000   69.496000     2320.000000   45.377000     8.70576E-03  1.04620E-04  34.068900  9.575470
3  1020.000000   128.241000    0.000000      105.852000    40.000000     108.172000    5.97564E-03  7.51281E-05  23.947800  12.115200
3  1020.000000   128.241000    200.000000    92.851000     240.000000    92.290000     4.70062E-03  7.54445E-05  21.415500  18.562400
3  1020.000000   128.241000    680.000000    117.505000    720.000000    113.178000    2.56841E-02  3.54464E-04  26.667400  5.072290
3  1020.000000   128.241000    720.000000    113.178000    760.000000    100.356000    4.90396E-02  5.02219E-04  22.717800  3.397780
3  1020.000000   128.241000    760.000000    100.356000    800.000000    108.602000    4.79780E-02  4.84506E-04  19.963800  3.397770
3  1020.000000   128.241000    800.000000    108.602000    840.000000    121.214000    5.16119E-02  5.20883E-04  19.417700  3.397760
3  1020.000000   128.241000    840.000000    121.214000    880.000000    124.368000    6.37272E-02  6.42064E-04  18.465300  3.197480
3  1020.000000   128.241000    880.000000    124.368000    920.000000    140.952000    1.03727E-01  1.04180E-03  16.641800  2.340770
3  1020.000000   128.241000    920.000000    140.952000    960.000000    154.933000    1.95197E-01  1.95792E-03  14.888900  1.815730
3  1020.000000   128.241000    1120.000000   126.923000    1160.000000   133.280000    9.33400E-02  9.37134E-04  20.345500  3.481960
3  1020.000000   128.241000    1160.000000   133.280000    1200.000000   143.288000    5.31715E-02  5.35724E-04  30.055000  6.188240
3  1020.000000   128.241000    1200.000000   143.288000    1240.000000   143.282000    3.43517E-02  3.49154E-04  19.764300  4.112050
3  1020.000000   128.241000    1240.000000   143.282000    1280.000000   155.645000    4.20849E-02  4.25537E-04  22.711500  3.850070
3  1020.000000   128.241000    1280.000000   155.645000    1320.000000   173.060000    2.14809E-02  2.28679E-04  23.920000  6.038190
3  1020.000000   128.241000    1320.000000   173.060000    1360.000000   187.371000    1.77930E-02  1.90520E-04  26.510200  5.990330
3  1020.000000   128.241000    1880.000000   68.179000     1920.000000   68.761000     1.11842E-02  1.30192E-04  35.606500  8.322240
3  1020.000000   128.241000    2280.000000   43.553000     2320.000000   45.377000     1.37920E-03  3.69849E-05  36.384000  29.851100
3  1020.000000   128.241000    0.000000      105.852000    80.000000     108.382000    9.91879E-03  2.49665E-04  22.705800  8.577320
3  1020.000000   128.241000    40.000000     108.172000    120.000000    102.908000    8.83541E-03  1.06188E-04  19.971700  9.575650
3  1020.000000   128.241000    200.000000    92.851000     280.000000    93.398000     1.09372E-02  1.28488E-04  21.305500  8.576460
3  1020.000000   128.241000    320.000000    95.039000     400.000000    101.442000    1.32272E-02  1.50014E-04  15.831900  6.887880
3  1020.000000   128.241000    360.000000    95.756000     440.000000    109.091000    1.40227E-02  1.87625E-04  23.173400  6.887900
3  1020.000000   128.241000    400.000000    101.442000    480.000000    117.202000    1.40393E-02  1.66718E-04  31.030000  6.887930
3  1020.000000   128.241000    440.000000    109.091000    520.000000    118.621000    1.55434E-02  1.70119E-04  25.248700  6.286860
3  1020.000000   128.241000    480.000000    117.202000    560.000000    114.524000    2.09825E-02  2.23405E-04  25.358000  6.038240
3  1020.000000   128.241000    520.000000    118.621000    600.000000    110.348000    2.44890E-02  2.53926E-04  25.971100  5.072290
3  1020.000000   128.241000    560.000000    114.524000    640.000000    121.240000    2.59336E-02  2.68905E-04  20.195500  5.072300
3  1020.000000   128.241000    600.000000    110.348000    680.000000    117.505000    2.86461E-02  2.93574E-04  26.640400  4.512980
3  1020.000000   128.241000    1360.000000   187.371000    1440.000000   204.976000    2.37279E-02  2.46035E-04  27.267500  5.072280
3  1020.000000   128.241000    1400.000000   194.951000    1480.000000   191.689000    1.51937E-02  1.66160E-04  26.966400  6.286850
3  1020.000000   128.241000    1440.000000   204.976000    1520.000000   175.987000    1.43455E-02  1.62345E-04  25.890100  6.887930
3  1020.000000   128.241000    1480.000000   191.689000    1560.000000   155.051000    2.30676E-02  2.45571E-04  25.185800  6.038220
3  1020.000000   128.241000    1520.000000   175.987000    1600.000000   131.871000    2.81498E-02  2.88482E-04  24.569600  4.512990
3  1020.000000   128.241000    1560.000000   155.051000    1640.000000   112.857000    4.07100E-02  4.11635E-04  23.630800  3.850070
3  1020.000000   128.241000    1600.000000   131.871000    1680.000000   114.145000    4.52860E-02  4.57905E-04  24.184300  3.850070
3  1020.000000   128.241000    1640.000000   112.857000    1720.000000   106.756000    2.72745E-02  2.82809E-04  24.934100  5.072320
3  1020.000000   128.241000    1800.000000   104.339000    1880.000000   68.179000     2.27209E-02  2.41880E-04  18.543100  6.038190
3  1020.000000   128.241000    1840.000000   80.146000     1920.000000   68.761000     2.24010E-02  2.38477E-04  24.333200  6.038210
3  1020.000000   128.241000    2200.000000   52.831000     2280.000000   43.553000     5.63734E-03  7.20029E-05  38.896600  12.639100
3  1020.000000   128.241000    2240.000000   43.386000     2320.000000   45.377000     4.56289E-03  7.32316E-05  39.271100  18.562400
3  1020.000000   128.241000    0.000000      105.852000    160.000000    97.335000     2.00117E-02  7.34868E-04  20.949200  6.038350
3  1020.000000   128.241000    40.000000     108.172000    200.000000    92.851000     1.94508E-02  2.08277E-04  19.445400  5.990350
3  1020.000000   128.241000    160.000000    97.335000     320.000000    95.039000     2.33736E-02  2.48856E-04  21.118000  6.038210
3  1020.000000   128.241000    200.000000    92.851000     360.000000    95.756000     2.47111E-02  2.56262E-04  22.068700  5.072280
3  1020.000000   128.241000    1680.000000   114.145000    1840.000000   80.146000     4.22009E-02  4.26710E-04  23.128200  3.850070
3  1020.000000   128.241000    1720.000000   106.756000    1880.000000   68.179000     4.42601E-02  4.47532E-04  20.427900  3.850070
3  1020.000000   128.241000    1760.000000   101.140000    1920.000000   68.761000     3.92881E-02  3.97258E-04  23.851200  3.850080
3  1020.000000   128.241000    2000.000000   61.720000     2160.000000   69.496000     1.24767E-02  1.48763E-04  32.643600  8.322190
3  1020.000000   128.241000    2040.000000   57.680000     2200.000000   52.831000     1.38429E-02  1.78317E-04  30.954000  6.887870
3  1020.000000   128.241000    2080.000000   61.209000     2240.000000   43.386000     8.67636E-03  1.12017E-04  33.412800  9.575470
3  1020.000000   128.241000    2120.000000   64.714000     2280.000000   43.553000     9.47253E-03  1.11272E-04  35.885500  8.576470
3  1020.000000   128.241000    2160.000000   69.496000     2320.000000   45.377000     9.39038E-03  1.10306E-04  34.921900  8.576440
3  1060.000000   126.139000    0.000000      105.852000    40.000000     108.172000    5.75807E-03  7.36578E-05  8.503580  12.647800
3  1060.000000   126.139000    720.000000    113.178000    760.000000    100.356000    4.30240E-02  4.35033E-04  24.274900  3.850080
3  1060.000000   126.139000    760.000000    100.356000    800.000000    108.602000    4.06781E-02  4.11313E-04  21.834400  3.850140
3  1060.000000   126.139000    800.000000    108.602000    840.000000    121.214000    4.11020E-02  4.15599E-04  21.554900  3.850070
3  1060.000000   126.139000    840.000000    121.214000    880.000000    124.368000    4.69585E-02  4.73126E-04  21.278000  3.397790
3  1060.000000   126.139000    880.000000    124.368000    920.000000    140.952000    6.34122E-02  6.38073E-04  20.985400  3.197480
3  1060.000000   126.139000    920.000000    140.952000    960.000000    154.933000    9.22152E-02  9.25841E-04  21.814900  2.592460
3  1060.000000   126.139000    1200.000000   143.288000    1240.000000   143.282000    4.05080E-02  1.12535E-03  20.461900  3.850070
3  1060.000000   126.139000    1280.000000   155.645000    1320.000000   173.060000    2.37851E-02  2.46628E-04  24.015900  5.072290
3  1060.000000   126.139000    1320.000000   173.060000    1360.000000   187.371000    1.94560E-02  2.08327E-04  26.616700  5.990330
3  1060.000000   126.139000    1360.000000   187.371000    1400.000000   194.951000    1.56380E-02  1.71019E-04  27.121700  6.286820
3  1060.000000   126.139000    1880.000000   68.179000     1920.000000   68.761000     1.16760E-02  1.35917E-04  36.552300  8.322180
3  1060.000000   126.139000    2280.000000   43.553000     2320.000000   45.377000     1.41390E-03  3.79154E-05  37.580100  29.851100
3  1060.000000   126.139000    0.000000      105.852000    80.000000     108.382000    9.54772E-03  1.12198E-04  9.069040  8.579390
3  1060.000000   126.139000    40.000000     108.172000    120.000000    102.908000    8.47181E-03  1.01801E-04  10.868800  9.575470
3  1060.000000   126.139000    360.000000    95.756000     440.000000    109.091000    1.31456E-02  1.48767E-04  22.274400  6.887950
3  1060.000000   126.139000    400.000000    101.442000    480.000000    117.202000    1.30540E-02  1.47732E-04  30.619600  6.887890
3  1060.000000   126.139000    440.000000    109.091000    520.000000    118.621000    1.43537E-02  1.62438E-04  24.981200  6.887910
3  1060.000000   126.139000    480.000000    117.202000    560.000000    114.524000    1.93146E-02  2.06813E-04  25.317500  5.990380
3  1060.000000   126.139000    520.000000    118.621000    600.000000    110.348000    2.24309E-02  2.38795E-04  26.144500  6.038210
3  1060.000000   126.139000    560.000000    114.524000    640.000000    121.240000    2.36668E-02  2.45401E-04  21.126400  5.072300
3  1060.000000   126.139000    600.000000    110.348000    680.000000    117.505000    2.58519E-02  2.68058E-04  27.362300  5.072300
3  1060.000000   126.139000    640.000000    121.240000    720.000000    113.178000    3.66159E-02  3.72168E-04  31.501600  4.112060
3  1060.000000   126.139000    1400.000000   194.951000    1480.000000   191.689000    1.63567E-02  1.78879E-04  27.177500  6.286850
3  1060.000000   126.139000    1440.000000   204.976000    1520.000000   175.987000    1.53328E-02  1.67681E-04  25.988400  6.286840
3  1060.000000   126.139000    1480.000000   191.689000    1560.000000   155.051000    2.45266E-02  2.54316E-04  25.219700  5.072310
3  1060.000000   126.139000    1520.000000   175.987000    1600.000000   131.871000    2.98076E-02  3.05474E-04  24.613700  4.513000
3  1060.000000   126.139000    1560.000000   155.051000    1640.000000   112.857000    4.31968E-02  4.36780E-04  23.671700  3.850070
3  1060.000000   126.139000    1600.000000   131.871000    1680.000000   114.145000    4.79274E-02  4.82893E-04  24.193000  3.397770
3  1060.000000   126.139000    1640.000000   112.857000    1720.000000   106.756000    2.86506E-02  2.93617E-04  24.970800  4.513000
3  1060.000000   126.139000    1680.000000   114.145000    1760.000000   101.140000    2.65136E-02  2.74920E-04  23.049200  5.072330
3  1060.000000   126.139000    1800.000000   104.339000    1880.000000   68.179000     2.36673E-02  2.45406E-04  17.822400  5.072300
3  1060.000000   126.139000    1840.000000   80.146000     1920.000000   68.761000     2.33400E-02  2.48473E-04  24.176500  6.038220
3  1060.000000   126.139000    2200.000000   52.831000     2280.000000   43.553000     5.75998E-03  7.69015E-05  42.053500  12.649300
3  1060.000000   126.139000    2240.000000   43.386000     2320.000000   45.377000     4.67151E-03  7.49749E-05  42.129400  18.562400
3  1060.000000   126.139000    0.000000      105.852000    160.000000    97.335000     1.91972E-02  2.05560E-04  10.911900  5.990380
3  1060.000000   126.139000    40.000000     108.172000    200.000000    92.851000     1.86027E-02  1.99415E-04  12.588000  5.990630
3  1060.000000   126.139000    80.000000     108.382000    240.000000    92.290000     1.92806E-02  2.06777E-04  14.441900  5.991570
3  1060.000000   126.139000    120.000000    102.908000    280.000000    93.398000     2.05134E-02  2.18769E-04  16.297100  6.039610
3  1060.000000   126.139000    160.000000    97.335000     320.000000    95.039000     2.21832E-02  2.36262E-04  18.157200  6.038200
3  1060.000000   126.139000    200.000000    92.851000     360.000000    95.756000     2.33903E-02  2.49006E-04  19.857100  6.038220
3  1060.000000   126.139000    240.000000    92.290000     400.000000    101.442000    2.50240E-02  2.59474E-04  17.059100  5.072330
3  1060.000000   126.139000    1720.000000   106.756000    1880.000000   68.179000     4.61920E-02  4.67066E-04  20.021400  3.850070
3  1060.000000   126.139000    1760.000000   101.140000    1920.000000   68.761000     4.09680E-02  4.14244E-04  23.702500  3.850090
3  1060.000000   126.139000    2000.000000   61.720000     2160.000000   69.496000     1.28870E-02  1.50014E-04  31.692200  8.322150
3  1060.000000   126.139000    2040.000000   57.680000     2200.000000   52.831000     1.42820E-02  1.61629E-04  29.605800  6.888220
3  1060.000000   126.139000    2080.000000   61.209000     2240.000000   43.386000     8.90760E-03  1.07267E-04  32.641200  9.577070
3  1060.000000   126.139000    2120.000000   64.714000     2280.000000   43.553000     9.69673E-03  1.14346E-04  36.672100  8.578010
3  1060.000000   126.139000    2160.000000   69.496000     2320.000000   45.377000     9.60754E-03  1.12857E-04  36.204500  8.576470
3  1100.000000   120.312000    0.000000      105.852000    40.000000     108.172000    5.48139E-03  7.04139E-05  31.853600  12.751200
3  1100.000000   120.312000    760.000000    100.356000    800.000000    108.602000    3.49693E-02  9.13954E-04  17.289800  22.738500
3  1100.000000   120.312000    800.000000    108.602000    840.000000    121.214000    3.32779E-02  6.85332E-04  21.572900  4.126020
3  1100.000000   120.312000    840.000000    121.214000    880.000000    124.368000    3.71582E-02  8.83135E-04  23.152400  13.218100
3  1100.000000   120.312000    880.000000    124.368000    920.000000    140.952000    4.53724E-02  1.13662E-03  23.255700  13.893100
3  1100.000000   120.312000    920.000000    140.952000    960.000000    154.933000    5.64725E-02  1.13293E-03  25.242600  14.494600
3  1100.000000   120.312000    1160.000000   133.280000    1200.000000   143.288000    2.09133E-01  2.09679E-03  22.396100  1.884890
3  1100.000000   120.312000    1200.000000   143.288000    1240.000000   143.282000    7.94241E-02  7.98101E-04  22.196900  2.813900
3  1100.000000   120.312000    1240.000000   143.282000    1280.000000   155.645000    7.94758E-02  7.98621E-04  22.536000  2.815150
3  1100.000000   120.312000    1280.000000   155.645000    1320.000000   173.060000    3.49531E-02  3.55277E-04  22.989800  4.112370
3  1100.000000   120.312000    1320.000000   173.060000    1360.000000   187.371000    2.69275E-02  2.79211E-04  25.992100  5.072480
3  1100.000000   120.312000    1360.000000   187.371000    1400.000000   194.951000    2.08298E-02  2.21748E-04  26.340200  6.038350
3  1100.000000   120.312000    1400.000000   194.951000    1440.000000   204.976000    1.32329E-02  1.49754E-04  26.514300  6.887980
3  1100.000000   120.312000    1880.000000   68.179000     1920.000000   68.761000     1.33287E-02  1.50838E-04  36.816100  6.888120
3  1100.000000   120.312000    2280.000000   43.553000     2320.000000   45.377000     1.55238E-03  4.16289E-05  23.954900  29.851100
3  1100.000000   120.312000    0.000000      105.852000    80.000000     108.382000    9.07424E-03  1.09042E-04  29.698900  9.588570
3  1100.000000   120.312000    40.000000     108.172000    120.000000    102.908000    8.00710E-03  9.62774E-05  25.447400  9.578600
3  1100.000000   120.312000    400.000000    101.442000    480.000000    117.202000    1.18396E-02  1.37825E-04  32.880500  8.322280
3  1100.000000   120.312000    440.000000    109.091000    520.000000    118.621000    1.29220E-02  1.50424E-04  26.481600  8.322150
3  1100.000000   120.312000    480.000000    117.202000    560.000000    114.524000    1.73167E-02  1.89389E-04  26.501800  6.287080
3  1100.000000   120.312000    520.000000    118.621000    600.000000    110.348000    2.00066E-02  2.14249E-04  27.121800  5.990660
3  1100.000000   120.312000    560.000000    114.524000    640.000000    121.240000    2.09107E-02  2.22653E-04  20.842400  6.038470
3  1100.000000   120.312000    600.000000    110.348000    680.000000    117.505000    2.27448E-02  2.42203E-04  28.124800  6.038590
3  1100.000000   120.312000    640.000000    121.240000    720.000000    113.178000    3.19181E-02  3.27259E-04  32.988200  4.513120
3  1100.000000   120.312000    680.000000    117.505000    760.000000    100.356000    5.63590E-02  5.71018E-04  22.658500  3.667610
3  1100.000000   120.312000    1440.000000   204.976000    1520.000000   175.987000    1.93261E-02  2.06936E-04  25.100700  5.990360
3  1100.000000   120.312000    1480.000000   191.689000    1560.000000   155.051000    3.02449E-02  3.09956E-04  24.324000  4.513010
3  1100.000000   120.312000    1520.000000   175.987000    1600.000000   131.871000    3.61308E-02  3.67237E-04  23.695700  4.112060
3  1100.000000   120.312000    1560.000000   155.051000    1640.000000   112.857000    5.13325E-02  1.23184E-03  27.259800  3.879540
3  1100.000000   120.312000    1600.000000   131.871000    1680.000000   114.145000    5.64488E-02  1.15082E-03  31.308000  6.335450
3  1100.000000   120.312000    1640.000000   112.857000    1720.000000   106.756000    3.35682E-02  3.41197E-04  30.563500  8.872270
3  1100.000000   120.312000    1680.000000   114.145000    1760.000000   101.140000    3.08121E-02  3.15772E-04  21.759600  4.513180
3  1100.000000   120.312000    1720.000000   106.756000    1800.000000   104.339000    2.60140E-02  2.69747E-04  20.995600  5.072520
3  1100.000000   120.312000    1800.000000   104.339000    1880.000000   68.179000     2.70693E-02  2.80684E-04  15.307700  5.072580
3  1100.000000   120.312000    1840.000000   80.146000     1920.000000   68.761000     2.66271E-02  2.76104E-04  22.527400  5.072280
3  1100.000000   120.312000    2200.000000   52.831000     2280.000000   43.553000     6.28931E-03  8.03667E-05  22.814000  12.641900
3  1100.000000   120.312000    2240.000000   43.386000     2320.000000   45.377000     5.12485E-03  6.54602E-05  24.377400  12.638700
3  1100.000000   120.312000    0.000000      105.852000    160.000000    97.335000     1.81581E-02  1.94831E-04  27.071400  6.001730
3  1100.000000   120.312000    40.000000     108.172000    200.000000    92.851000     1.75135E-02  1.91591E-04  24.502600  6.288540
3  1100.000000   120.312000    80.000000     108.382000    240.000000    92.290000     1.80827E-02  1.93648E-04  24.244900  5.992360
3  1100.000000   120.312000    120.000000    102.908000    280.000000    93.398000     1.91606E-02  2.05183E-04  24.179800  5.991810
3  1100.000000   120.312000    160.000000    97.335000     320.000000    95.039000     2.06267E-02  2.19596E-04  24.443700  6.039390
3  1100.000000   120.312000    200.000000    92.851000     360.000000    95.756000     2.16626E-02  2.30624E-04  24.878300  6.039250
3  1100.000000   120.312000    240.000000    92.290000     400.000000    101.442000    2.31083E-02  2.46013E-04  21.203700  6.038780
3  1100.000000   120.312000    280.000000    93.398000     440.000000    109.091000    2.40299E-02  2.49171E-04  24.946000  5.072760
3  1100.000000   120.312000    1760.000000   101.140000    1920.000000   68.761000     4.68787E-02  4.72331E-04  22.112200  3.397830
3  1100.000000   120.312000    2000.000000   61.720000     2160.000000   69.496000     1.43946E-02  1.62914E-04  28.223400  6.888270
3  1100.000000   120.312000    2040.000000   57.680000     2200.000000   52.831000     1.58925E-02  1.73837E-04  25.748300  6.288150
3  1100.000000   120.312000    2080.000000   61.209000     2240.000000   43.386000     9.79864E-03  1.15162E-04  24.178500  8.578830
3  1100.000000   120.312000    2120.000000   64.714000     2280.000000   43.553000     1.06100E-02  1.24657E-04  23.102600  8.577450
3  1100.000000   120.312000    2160.000000   69.496000     2320.000000   45.377000     1.05039E-02  1.23390E-04  21.055100  8.576440
3  1140.000000   125.850000    0.000000      105.852000    40.000000     108.172000    5.25613E-03  6.71339E-05  23.789100  12.638600
3  1140.000000   125.850000    800.000000    108.602000    840.000000    121.214000    2.94827E-02  3.02145E-04  21.712500  4.512990
3  1140.000000   125.850000    840.000000    121.214000    880.000000    124.368000    3.20768E-02  3.28726E-04  21.611200  4.512980
3  1140.000000   125.850000    880.000000    124.368000    920.000000    140.952000    3.80325E-02  3.86566E-04  21.156300  4.112070
3  1140.000000   125.850000    920.000000    140.952000    960.000000    154.933000    4.47286E-02  4.52269E-04  22.639500  3.850080
3  1140.000000   125.850000    960.000000    154.933000    1000.000000   139.164000    3.32418E-02  3.37873E-04  21.794200  4.112050
3  1140.000000   125.850000    1000.000000   139.164000    1040.000000   135.603000    8.43290E-02  8.46663E-04  26.251200  2.592500
3  1140.000000   125.850000    1040.000000   135.603000    1080.000000   116.772000    1.28281E-01  1.28721E-03  30.873100  2.039790
3  1140.000000   125.850000    1240.000000   143.282000    1280.000000   155.645000    1.25957E-01  1.26455E-03  21.248500  2.059780
3  1140.000000   125.850000    1280.000000   155.645000    1320.000000   173.060000    4.82120E-02  4.85953E-04  20.772600  3.404860
3  1140.000000   125.850000    1320.000000   173.060000    1360.000000   187.371000    3.50604E-02  3.56575E-04  24.490300  4.122330
3  1140.000000   125.850000    1360.000000   187.371000    1400.000000   194.951000    2.63903E-02  2.74058E-04  24.777000  5.086900
3  1140.000000   125.850000    1400.000000   194.951000    1440.000000   204.976000    1.65842E-02  1.82066E-04  24.666700  6.304750
3  1140.000000   125.850000    1440.000000   204.976000    1480.000000   191.689000    9.80267E-03  1.15837E-04  24.622900  8.599030
3  1140.000000   125.850000    1880.000000   68.179000     1920.000000   68.761000     1.47003E-02  1.66460E-04  35.760600  6.890450
3  1140.000000   125.850000    2280.000000   43.553000     2320.000000   45.377000     1.66389E-03  4.46192E-05  25.711400  29.851100
3  1140.000000   125.850000    0.000000      105.852000    80.000000     108.382000    8.69653E-03  1.04501E-04  23.034200  9.575450
3  1140.000000   125.850000    40.000000     108.172000    120.000000    102.908000    7.81679E-03  9.45894E-05  10.323600  11.428300
3  1140.000000   125.850000    440.000000    109.091000    520.000000    118.621000    1.20293E-02  1.40029E-04  26.681100  8.322180
3  1140.000000   125.850000    480.000000    117.202000    560.000000    114.524000    1.60811E-02  1.75866E-04  26.833000  6.286830
3  1140.000000   125.850000    520.000000    118.621000    600.000000    110.348000    1.85273E-02  1.98383E-04  27.540500  5.990350
3  1140.000000   125.850000    560.000000    114.524000    640.000000    121.240000    1.93708E-02  2.07415E-04  22.001800  5.990330
3  1140.000000   125.850000    600.000000    110.348000    680.000000    117.505000    2.09119E-02  2.22624E-04  28.717600  6.038190
3  1140.000000   125.850000    640.000000    121.240000    720.000000    113.178000    2.91177E-02  2.98401E-04  33.250100  4.513050
3  1140.000000   125.850000    680.000000    117.505000    760.000000    100.356000    5.11805E-02  5.15664E-04  26.846600  3.397780
3  1140.000000   125.850000    720.000000    113.178000    800.000000    108.602000    6.33721E-02  6.37669E-04  24.111500  3.197510
3  1140.000000   125.850000    1480.000000   191.689000    1560.000000   155.051000    3.57710E-02  3.66002E-04  22.966300  4.234880
3  1140.000000   125.850000    1520.000000   175.987000    1600.000000   131.871000    4.20951E-02  4.26638E-04  22.502500  3.884510
3  1140.000000   125.850000    1560.000000   155.051000    1640.000000   112.857000    5.85201E-02  5.91796E-04  21.985500  4.054950
3  1140.000000   125.850000    1600.000000   131.871000    1680.000000   114.145000    6.38530E-02  6.55151E-04  22.539100  6.281860
3  1140.000000   125.850000    1640.000000   112.857000    1720.000000   106.756000    3.75919E-02  4.16597E-04  21.805700  9.207720
3  1140.000000   125.850000    1680.000000   114.145000    1760.000000   101.140000    3.42568E-02  3.63197E-04  19.406700  4.459400
3  1140.000000   125.850000    1720.000000   106.756000    1800.000000   104.339000    2.90705E-02  2.98086E-04  19.860300  4.515630
3  1140.000000   125.850000    1760.000000   101.140000    1840.000000   80.146000     2.25270E-02  2.40012E-04  20.472400  6.040850
3  1140.000000   125.850000    1800.000000   104.339000    1880.000000   68.179000     3.00373E-02  3.08243E-04  14.372000  4.520420
3  1140.000000   125.850000    1840.000000   80.146000     1920.000000   68.761000     2.94458E-02  3.01964E-04  21.526500  4.519650
3  1140.000000   125.850000    2200.000000   52.831000     2280.000000   43.553000     6.70729E-03  8.43240E-05  26.119400  12.114300
3  1140.000000   125.850000    2240.000000   43.386000     2320.000000   45.377000     5.48803E-03  7.00964E-05  27.251000  12.638600
3  1140.000000   125.850000    0.000000      105.852000    160.000000    97.335000     1.73981E-02  1.91177E-04  13.302300  6.807380
3  1140.000000   125.850000    40.000000     108.172000    200.000000    92.851000     1.67450E-02  1.83554E-04  12.019400  7.124440
3  1140.000000   125.850000    80.000000     108.382000    240.000000    92.290000     1.72542E-02  1.88773E-04  12.592800  7.211220
3  1140.000000   125.850000    120.000000    102.908000    280.000000    93.398000     1.80805E-02  1.94993E-04  18.292000  7.507990
3  1140.000000   125.850000    160.000000    97.335000     320.000000    95.039000     1.95524E-02  2.09359E-04  22.738400  5.990360
3  1140.000000   125.850000    200.000000    92.851000     360.000000    95.756000     2.04883E-02  2.18112E-04  23.622600  6.038210
3  1140.000000   125.850000    240.000000    92.290000     400.000000    101.442000    2.18170E-02  2.32257E-04  20.243700  6.038190
3  1140.000000   125.850000    280.000000    93.398000     440.000000    109.091000    2.26208E-02  2.40817E-04  24.354300  6.038190
3  1140.000000   125.850000    320.000000    95.039000     480.000000    117.202000    2.18821E-02  2.32952E-04  25.047500  6.038190
3  1140.000000   125.850000    2000.000000   61.720000     2160.000000   69.496000     1.56428E-02  1.71073E-04  27.480100  6.286850
3  1140.000000   125.850000    2040.000000   57.680000     2200.000000   52.831000     1.72270E-02  1.88400E-04  25.213300  6.286880
3  1140.000000   125.850000    2080.000000   61.209000     2240.000000   43.386000     1.05197E-02  1.23575E-04  24.927300  8.576600
3  1140.000000   125.850000    2120.000000   64.714000     2280.000000   43.553000     1.13393E-02  1.32002E-04  25.138800  8.322270
3  1140.000000   125.850000    2160.000000   69.496000     2320.000000   45.377000     1.12172E-02  1.30577E-04  23.344000  8.322190
3  1180.000000   136.572000    0.000000      105.852000    40.000000     108.172000    4.91101E-03  7.88188E-05  21.760500  18.562400
3  1180.000000   136.572000    840.000000    121.214000    880.000000    124.368000    2.61603E-02  2.71256E-04  21.144900  5.072290
3  1180.000000   136.572000    880.000000    124.368000    920.000000    140.952000    2.98612E-02  3.06021E-04  20.672900  4.512980
3  1180.000000   136.572000    920.000000    140.952000    960.000000    154.933000    3.25946E-02  3.31295E-04  21.493100  4.112060
3  1180.000000   136.572000    960.000000    154.933000    1000.000000   139.164000    2.63107E-02  2.72816E-04  23.989600  5.072290
3  1180.000000   136.572000    1000.000000   139.164000    1040.000000   135.603000    4.78620E-02  4.82229E-04  24.956300  3.397760
3  1180.000000   136.572000    1040.000000   135.603000    1080.000000   116.772000    5.37929E-02  5.41990E-04  35.596800  30.883300
3  1180.000000   136.572000    1080.000000   116.772000    1120.000000   126.923000    2.46736E-01  2.47353E-03  19.468200  1.879620
3  1180.000000   136.572000    1240.000000   143.282000    1280.000000   155.645000    3.21640E-01  3.22322E-03  25.314800  1.550050
3  1180.000000   136.572000    1280.000000   155.645000    1320.000000   173.060000    9.19635E-02  9.23369E-04  21.737100  2.592520
3  1180.000000   136.572000    1320.000000   173.060000    1360.000000   187.371000    5.95259E-02  5.98991E-04  26.048600  3.197490
3  1180.000000   136.572000    1360.000000   187.371000    1400.000000   194.951000    4.07780E-02  4.12323E-04  24.539300  3.850070
3  1180.000000   136.572000    1400.000000   194.951000    1440.000000   204.976000    2.48731E-02  2.57909E-04  24.915500  5.072280
3  1180.000000   136.572000    1440.000000   204.976000    1480.000000   191.689000    1.40730E-02  1.59261E-04  23.925200  6.887860
3  1180.000000   136.572000    1480.000000   191.689000    1520.000000   175.987000    1.88381E-02  2.01711E-04  23.852700  5.990330
3  1180.000000   136.572000    1880.000000   68.179000     1920.000000   68.761000     1.74981E-02  1.91366E-04  37.131600  6.286910
3  1180.000000   136.572000    2280.000000   43.553000     2320.000000   45.377000     1.86989E-03  5.01433E-05  31.596200  29.851100
3  1180.000000   136.572000    0.000000      105.852000    80.000000     108.382000    8.11265E-03  9.74848E-05  20.793000  9.575450
3  1180.000000   136.572000    40.000000     108.172000    120.000000    102.908000    7.09825E-03  8.92506E-05  18.496800  12.114500
3  1180.000000   136.572000    480.000000    117.202000    560.000000    114.524000    1.41272E-02  1.59875E-04  25.745900  6.887870
3  1180.000000   136.572000    520.000000    118.621000    600.000000    110.348000    1.62008E-02  1.77174E-04  26.569000  6.286840
3  1180.000000   136.572000    560.000000    114.524000    640.000000    121.240000    1.68728E-02  1.84523E-04  21.168900  6.286830
3  1180.000000   136.572000    600.000000    110.348000    680.000000    117.505000    1.80872E-02  1.93671E-04  27.998000  5.990350
3  1180.000000   136.572000    640.000000    121.240000    720.000000    113.178000    2.49317E-02  2.58517E-04  32.818500  5.072330
3  1180.000000   136.572000    680.000000    117.505000    760.000000    100.356000    4.36431E-02  4.41293E-04  26.555100  3.850070
3  1180.000000   136.572000    720.000000    113.178000    800.000000    108.602000    5.38300E-02  5.42359E-04  23.805900  3.397770
3  1180.000000   136.572000    760.000000    100.356000    840.000000    121.214000    4.99183E-02  5.02947E-04  21.731000  3.397770
3  1180.000000   136.572000    1520.000000   175.987000    1600.000000   131.871000    5.56381E-02  5.60582E-04  23.012400  3.397770
3  1180.000000   136.572000    1560.000000   155.051000    1640.000000   112.857000    7.51657E-02  7.57633E-04  22.599600  2.822130
3  1180.000000   136.572000    1600.000000   131.871000    1680.000000   114.145000    8.12007E-02  1.21787E-03  29.507100  4.417980
3  1180.000000   136.572000    1640.000000   112.857000    1720.000000   106.756000    4.77916E-02  1.20026E-03  34.601400  8.329240
3  1180.000000   136.572000    1680.000000   114.145000    1760.000000   101.140000    4.25958E-02  4.30716E-04  21.902900  3.850080
3  1180.000000   136.572000    1720.000000   106.756000    1800.000000   104.339000    3.53873E-02  3.59691E-04  21.237700  4.112060
3  1180.000000   136.572000    1760.000000   101.140000    1840.000000   80.146000     2.72038E-02  2.82076E-04  21.929000  5.072290
3  1180.000000   136.572000    1800.000000   104.339000    1880.000000   68.179000     3.61127E-02  3.67053E-04  16.132500  4.112050
3  1180.000000   136.572000    1840.000000   80.146000     1920.000000   68.761000     3.51799E-02  3.57572E-04  23.206500  4.112140
3  1180.000000   136.572000    2200.000000   52.831000     2280.000000   43.553000     7.46872E-03  9.39035E-05  33.700800  12.114200
3  1180.000000   136.572000    2240.000000   43.386000     2320.000000   45.377000     6.15375E-03  7.86012E-05  34.158200  12.638600
3  1180.000000   136.572000    0.000000      105.852000    160.000000    97.335000     1.61130E-02  1.76231E-04  19.349100  6.286820
3  1180.000000   136.572000    40.000000     108.172000    200.000000    92.851000     1.54352E-02  1.68806E-04  18.076500  6.286850
3  1180.000000   136.572000    80.000000     108.382000    240.000000    92.290000     1.58425E-02  1.73266E-04  18.358600  6.286960
3  1180.000000   136.572000    120.000000    102.908000    280.000000    93.398000     1.66857E-02  1.82481E-04  19.003000  6.286850
3  1180.000000   136.572000    160.000000    97.335000     320.000000    95.039000     1.78397E-02  1.91020E-04  20.032000  5.990360
3  1180.000000   136.572000    200.000000    92.851000     360.000000    95.756000     1.86150E-02  1.99322E-04  21.119000  5.990330
3  1180.000000   136.572000    240.000000    92.290000     400.000000    101.442000    1.97711E-02  2.11701E-04  17.884200  5.990330
3  1180.000000   136.572000    280.000000    93.398000     440.000000    109.091000    2.03881E-02  2.17046E-04  22.191500  6.038200
3  1180.000000   136.572000    320.000000    95.039000     480.000000    117.202000    1.96046E-02  2.09918E-04  23.133800  5.990380
3  1180.000000   136.572000    360.000000    95.756000     520.000000    118.621000    2.07318E-02  2.20705E-04  24.061000  6.038210
3  1180.000000   136.572000    2000.000000   61.720000     2160.000000   69.496000     1.80717E-02  1.93510E-04  30.779700  5.990350
3  1180.000000   136.572000    2040.000000   57.680000     2200.000000   52.831000     1.98112E-02  2.12142E-04  28.696100  5.990360
3  1180.000000   136.572000    2080.000000   61.209000     2240.000000   43.386000     1.18870E-02  1.38403E-04  29.883100  8.322150
3  1180.000000   136.572000    2120.000000   64.714000     2280.000000   43.553000     1.26903E-02  1.47742E-04  31.426300  8.322170
3  1180.000000   136.572000    2160.000000   69.496000     2320.000000   45.377000     1.25290E-02  1.45846E-04  29.857400  8.322150
3  1220.000000   142.414000    0.000000      105.852000    40.000000     108.172000    4.64873E-03  7.46093E-05  24.024400  18.610000
3  1220.000000   142.414000    880.000000    124.368000    920.000000    140.952000    2.54571E-02  2.63965E-04  20.134100  5.072290
3  1220.000000   142.414000    920.000000    140.952000    960.000000    154.933000    2.76970E-02  2.83844E-04  20.917900  4.512990
3  1220.000000   142.414000    960.000000    154.933000    1000.000000   139.164000    2.06328E-02  2.19651E-04  23.741300  6.038200
3  1220.000000   142.414000    1000.000000   139.164000    1040.000000   135.603000    3.74677E-02  3.80825E-04  23.608500  4.112060
3  1220.000000   142.414000    1040.000000   135.603000    1080.000000   116.772000    3.59069E-02  3.65001E-04  43.261600  4.112900
3  1220.000000   142.414000    1080.000000   116.772000    1120.000000   126.923000    1.31823E-01  1.32276E-03  16.585100  2.039880
3  1220.000000   142.414000    1120.000000   126.923000    1160.000000   133.280000    3.44982E-01  3.45572E-03  22.389900  1.299470
3  1220.000000   142.414000    1280.000000   155.645000    1320.000000   173.060000    1.89308E-01  1.89800E-03  16.961600  1.815710
3  1220.000000   142.414000    1320.000000   173.060000    1360.000000   187.371000    9.93728E-02  9.97196E-04  23.080100  2.340640
3  1220.000000   142.414000    1360.000000   187.371000    1400.000000   194.951000    6.19602E-02  6.23462E-04  22.324300  3.197470
3  1220.000000   142.414000    1400.000000   194.951000    1440.000000   204.976000    3.62119E-02  3.68061E-04  22.801700  4.112040
3  1220.000000   142.414000    1440.000000   204.976000    1480.000000   191.689000    1.92649E-02  2.06281E-04  22.290400  5.990330
3  1220.000000   142.414000    1480.000000   191.689000    1520.000000   175.987000    2.53108E-02  2.62448E-04  22.709100  5.072290
3  1220.000000   142.414000    1520.000000   175.987000    1560.000000   155.051000    3.82969E-02  3.89254E-04  22.007600  4.112040
3  1220.000000   142.414000    1880.000000   68.179000     1920.000000   68.761000     2.03088E-02  2.16234E-04  37.801500  6.039120
3  1220.000000   142.414000    2280.000000   43.553000     2320.000000   45.377000     2.07010E-03  5.55122E-05  32.507100  29.851100
3  1220.000000   142.414000    0.000000      105.852000    80.000000     108.382000    7.67052E-03  9.90057E-05  23.290600  12.166700
3  1220.000000   142.414000    40.000000     108.172000    120.000000    102.908000    6.67950E-03  9.21684E-05  20.952600  12.121100
3  1220.000000   142.414000    160.000000    97.335000     240.000000    92.290000     7.31866E-03  9.21646E-05  20.298300  12.114100
3  1220.000000   142.414000    520.000000    118.621000    600.000000    110.348000    1.46027E-02  1.65256E-04  26.283000  6.887900
3  1220.000000   142.414000    560.000000    114.524000    640.000000    121.240000    1.51807E-02  1.66018E-04  20.634200  6.286850
3  1220.000000   142.414000    600.000000    110.348000    680.000000    117.505000    1.62177E-02  1.77358E-04  27.711200  6.286840
3  1220.000000   142.414000    640.000000    121.240000    720.000000    113.178000    2.21949E-02  2.36282E-04  32.780500  6.038260
3  1220.000000   142.414000    680.000000    117.505000    760.000000    100.356000    3.85958E-02  3.92292E-04  26.375100  4.112050
3  1220.000000   142.414000    720.000000    113.178000    800.000000    108.602000    4.75657E-02  4.79243E-04  23.560800  3.397780
3  1220.000000   142.414000    760.000000    100.356000    840.000000    121.214000    4.39935E-02  4.44836E-04  21.393200  3.850090
3  1220.000000   142.414000    800.000000    108.602000    880.000000    124.368000    4.40735E-02  4.45645E-04  20.796100  3.850090
3  1220.000000   142.414000    1560.000000   155.051000    1640.000000   112.857000    9.31317E-02  9.35042E-04  21.931800  2.592460
3  1220.000000   142.414000    1600.000000   131.871000    1680.000000   114.145000    9.90183E-02  9.93639E-04  22.483600  2.340620
3  1220.000000   142.414000    1640.000000   112.857000    1720.000000   106.756000    5.75819E-02  5.79406E-04  23.361800  3.197470
3  1220.000000   142.414000    1680.000000   114.145000    1760.000000   101.140000    5.08056E-02  5.11887E-04  21.713300  3.397770
3  1220.000000   142.414000    1720.000000   106.756000    1800.000000   104.339000    4.18016E-02  4.22673E-04  21.151200  3.850080
3  1220.000000   142.414000    1760.000000   101.140000    1840.000000   80.146000     3.19001E-02  3.26915E-04  21.870500  4.512980
3  1220.000000   142.414000    1800.000000   104.339000    1880.000000   68.179000     4.21233E-02  4.25926E-04  15.949500  3.850080
3  1220.000000   142.414000    1840.000000   80.146000     1920.000000   68.761000     4.08667E-02  4.13220E-04  23.342600  3.850080
3  1220.000000   142.414000    2200.000000   52.831000     2280.000000   43.553000     8.22201E-03  9.88129E-05  33.624100  9.576190
3  1220.000000   142.414000    2240.000000   43.386000     2320.000000   45.377000     6.81198E-03  8.56348E-05  34.392400  12.114100
3  1220.000000   142.414000    0.000000      105.852000    160.000000    97.335000     1.51715E-02  1.71720E-04  21.667900  6.305720
3  1220.000000   142.414000    40.000000     108.172000    200.000000    92.851000     1.44812E-02  1.71255E-04  20.237700  6.891040
3  1220.000000   142.414000    120.000000    102.908000    280.000000    93.398000     1.55648E-02  1.70852E-04  20.484200  6.287150
3  1220.000000   142.414000    160.000000    97.335000     320.000000    95.039000     1.65914E-02  1.81508E-04  21.111600  6.286870
3  1220.000000   142.414000    200.000000    92.851000     360.000000    95.756000     1.72655E-02  1.88817E-04  21.904900  6.286890
3  1220.000000   142.414000    240.000000    92.290000     400.000000    101.442000    1.83178E-02  1.96140E-04  18.594900  5.990360
3  1220.000000   142.414000    280.000000    93.398000     440.000000    109.091000    1.88139E-02  2.01452E-04  22.562400  5.990330
3  1220.000000   142.414000    320.000000    95.039000     480.000000    117.202000    1.80063E-02  1.92804E-04  23.289100  5.990350
3  1220.000000   142.414000    360.000000    95.756000     520.000000    118.621000    1.89243E-02  2.02634E-04  24.009700  5.990350
3  1220.000000   142.414000    400.000000    101.442000    560.000000    114.524000    2.17324E-02  2.31359E-04  27.872700  6.038250
3  1220.000000   142.414000    2000.000000   61.720000     2160.000000   69.496000     2.04191E-02  2.17376E-04  31.037600  6.038190
3  1220.000000   142.414000    2040.000000   57.680000     2200.000000   52.831000     2.23098E-02  2.37503E-04  29.269400  6.038200
3  1220.000000   142.414000    2080.000000   61.209000     2240.000000   43.386000     1.32100E-02  1.49498E-04  30.546000  6.887860
3  1220.000000   142.414000    2120.000000   64.714000     2280.000000   43.553000     1.40111E-02  1.58561E-04  31.894200  6.887870
3  1220.000000   142.414000    2160.000000   69.496000     2320.000000   45.377000     1.38120E-02  1.56308E-04  30.330600  6.887860
3  1260.000000   144.814000    0.000000      105.852000    40.000000     108.172000    4.38018E-03  7.03198E-05  24.923500  18.563900
3  1260.000000   144.814000    920.000000    140.952000    960.000000    154.933000    2.33005E-02  2.48050E-04  21.431800  6.038240
3  1260.000000   144.814000    960.000000    154.933000    1000.000000   139.164000    1.74628E-02  1.90975E-04  26.285800  6.286840
3  1260.000000   144.814000    1000.000000   139.164000    1040.000000   135.603000    2.99725E-02  3.07164E-04  23.917900  4.513020
3  1260.000000   144.814000    1040.000000   135.603000    1080.000000   116.772000    2.57555E-02  2.67059E-04  37.341000  5.072350
3  1260.000000   144.814000    1080.000000   116.772000    1120.000000   126.923000    8.77385E-02  8.80895E-04  18.507200  2.592480
3  1260.000000   144.814000    1120.000000   126.923000    1160.000000   133.280000    1.78390E-01  1.78854E-03  20.042300  1.815670
3  1260.000000   144.814000    1160.000000   133.280000    1200.000000   143.288000    2.86509E-01  2.87071E-03  25.374600  1.549970
3  1260.000000   144.814000    1320.000000   173.060000    1360.000000   187.371000    1.87209E-01  1.87699E-03  14.890600  1.815970
3  1260.000000   144.814000    1360.000000   187.371000    1400.000000   194.951000    1.04281E-01  1.04647E-03  16.895300  2.340860
3  1260.000000   144.814000    1400.000000   194.951000    1440.000000   204.976000    5.57061E-02  5.61272E-04  17.317400  3.397830
3  1260.000000   144.814000    1440.000000   204.976000    1480.000000   191.689000    2.85732E-02  2.92824E-04  17.591200  4.513000
3  1260.000000   144.814000    1480.000000   191.689000    1520.000000   175.987000    3.63795E-02  3.69765E-04  18.504600  4.112070
3  1260.000000   144.814000    1520.000000   175.987000    1560.000000   155.051000    5.26354E-02  5.30328E-04  18.080700  3.397780
3  1260.000000   144.814000    1560.000000   155.051000    1600.000000   131.871000    4.27064E-02  4.44851E-04  20.700100  3.964410
3  1260.000000   144.814000    1880.000000   68.179000     1920.000000   68.761000     2.38763E-02  2.47576E-04  32.677700  5.072360
3  1260.000000   144.814000    2280.000000   43.553000     2320.000000   45.377000     2.31330E-03  6.20339E-05  26.018600  29.851100
3  1260.000000   144.814000    0.000000      105.852000    80.000000     108.382000    7.22112E-03  9.07832E-05  24.696700  12.117200
3  1260.000000   144.814000    40.000000     108.172000    120.000000    102.908000    6.26768E-03  8.02194E-05  23.782500  12.645200
3  1260.000000   144.814000    560.000000    114.524000    640.000000    121.240000    1.37661E-02  1.55788E-04  23.425000  6.887870
3  1260.000000   144.814000    600.000000    110.348000    680.000000    117.505000    1.45268E-02  1.64397E-04  28.607000  6.887880
3  1260.000000   144.814000    640.000000    121.240000    720.000000    113.178000    1.96420E-02  2.10319E-04  32.615400  5.990340
3  1260.000000   144.814000    680.000000    117.505000    760.000000    100.356000    3.41619E-02  3.47225E-04  27.448100  4.112050
3  1260.000000   144.814000    720.000000    113.178000    800.000000    108.602000    4.19878E-02  4.24555E-04  24.508100  3.850070
3  1260.000000   144.814000    760.000000    100.356000    840.000000    121.214000    3.86510E-02  3.92853E-04  22.180500  4.112050
3  1260.000000   144.814000    800.000000    108.602000    880.000000    124.368000    3.84277E-02  3.90583E-04  21.546500  4.112050
3  1260.000000   144.814000    840.000000    121.214000    920.000000    140.952000    4.16033E-02  4.20668E-04  21.132500  3.850080
3  1260.000000   144.814000    1600.000000   131.871000    1680.000000   114.145000    1.26256E-01  1.30249E-03  19.994400  2.141350
3  1260.000000   144.814000    1640.000000   112.857000    1720.000000   106.756000    7.20377E-02  7.23849E-04  20.267700  2.813450
3  1260.000000   144.814000    1680.000000   114.145000    1760.000000   101.140000    6.24675E-02  6.28585E-04  18.811100  3.197610
3  1260.000000   144.814000    1720.000000   106.756000    1800.000000   104.339000    5.10565E-02  5.14430E-04  18.410100  3.397890
3  1260.000000   144.814000    1760.000000   101.140000    1840.000000   80.146000     3.85510E-02  3.91836E-04  19.076500  4.112060
3  1260.000000   144.814000    1800.000000   104.339000    1880.000000   68.179000     5.06674E-02  5.10499E-04  14.370300  3.397780
3  1260.000000   144.814000    1840.000000   80.146000     1920.000000   68.761000     4.85179E-02  4.88842E-04  20.493800  3.397830
3  1260.000000   144.814000    2200.000000   52.831000     2280.000000   43.553000     9.14076E-03  1.09845E-04  26.316200  9.575690
3  1260.000000   144.814000    2240.000000   43.386000     2320.000000   45.377000     7.60678E-03  9.56264E-05  27.355000  12.114100
3  1260.000000   144.814000    0.000000      105.852000    160.000000    97.335000     1.42412E-02  1.61168E-04  23.833400  6.887880
3  1260.000000   144.814000    40.000000     108.172000    200.000000    92.851000     1.35561E-02  1.53420E-04  22.879200  6.888440
3  1260.000000   144.814000    80.000000     108.382000    240.000000    92.290000     1.38375E-02  1.56636E-04  22.777900  6.888250
3  1260.000000   144.814000    120.000000    102.908000    280.000000    93.398000     1.44931E-02  1.64016E-04  22.696300  6.887860
3  1260.000000   144.814000    160.000000    97.335000     320.000000    95.039000     1.54017E-02  1.68435E-04  23.076000  6.286860
3  1260.000000   144.814000    200.000000    92.851000     360.000000    95.756000     1.59805E-02  1.74764E-04  23.601700  6.286890
3  1260.000000   144.814000    240.000000    92.290000     400.000000    101.442000    1.69246E-02  1.85091E-04  20.101100  6.286900
3  1260.000000   144.814000    280.000000    93.398000     440.000000    109.091000    1.73185E-02  1.89399E-04  23.788400  6.286880
3  1260.000000   144.814000    320.000000    95.039000     480.000000    117.202000    1.65093E-02  1.80547E-04  24.359900  6.286850
3  1260.000000   144.814000    360.000000    95.756000     520.000000    118.621000    1.72607E-02  1.88765E-04  25.060200  6.286840
3  1260.000000   144.814000    400.000000    101.442000    560.000000    114.524000    1.97162E-02  2.11113E-04  28.853200  5.990340
3  1260.000000   144.814000    440.000000    109.091000    600.000000    110.348000    2.18806E-02  2.32936E-04  26.898400  6.038220
3  1260.000000   144.814000    2000.000000   61.720000     2160.000000   69.496000     2.34644E-02  2.43307E-04  27.446500  5.072330
3  1260.000000   144.814000    2040.000000   57.680000     2200.000000   52.831000     2.55118E-02  2.64537E-04  25.577200  5.072340
3  1260.000000   144.814000    2080.000000   61.209000     2240.000000   43.386000     1.48633E-02  1.68212E-04  25.654700  6.888090
3  1260.000000   144.814000    2120.000000   64.714000     2280.000000   43.553000     1.56327E-02  1.70969E-04  25.745700  6.287040
3  1260.000000   144.814000    2160.000000   69.496000     2320.000000   45.377000     1.53808E-02  1.68206E-04  23.817600  6.286920
3  1300.000000   164.990000    0.000000      105.852000    40.000000     108.172000    4.09799E-03  6.57859E-05  16.932600  18.562400
3  1300.000000   164.990000    960.000000    154.933000    1000.000000   139.164000    1.44825E-02  1.63896E-04  27.664500  6.887950
3  1300.000000   164.990000    1000.000000   139.164000    1040.000000   135.603000    2.42484E-02  2.51432E-04  23.586700  5.072370
3  1300.000000   164.990000    1040.000000   135.603000    1080.000000   116.772000    1.93316E-02  2.06995E-04  34.485100  5.990390
3  1300.000000   164.990000    1080.000000   116.772000    1120.000000   126.923000    6.21868E-02  6.25742E-04  20.053800  3.197490
3  1300.000000   164.990000    1120.000000   126.923000    1160.000000   133.280000    1.07305E-01  1.07679E-03  18.051800  14.033800
3  1300.000000   164.990000    1160.000000   133.280000    1200.000000   143.288000    1.32292E-01  1.32746E-03  26.388100  19.007600
3  1300.000000   164.990000    1200.000000   143.288000    1240.000000   143.282000    2.02677E-01  2.03206E-03  9.402060  3.037660
3  1300.000000   164.990000    1360.000000   187.371000    1400.000000   194.951000    1.93710E-01  1.94212E-03  13.253100  11.435400
3  1300.000000   164.990000    1400.000000   194.951000    1440.000000   204.976000    9.04029E-02  9.07645E-04  13.664000  2.592460
3  1300.000000   164.990000    1440.000000   204.976000    1480.000000   191.689000    4.18021E-02  4.22678E-04  14.597600  3.850070
3  1300.000000   164.990000    1480.000000   191.689000    1520.000000   175.987000    5.12391E-02  5.16254E-04  15.994200  3.397760
3  1300.000000   164.990000    1520.000000   175.987000    1560.000000   155.051000    7.12263E-02  7.15689E-04  15.666500  2.813360
3  1300.000000   164.990000    1560.000000   155.051000    1600.000000   131.871000    5.49864E-02  5.54010E-04  17.444200  3.397780
3  1300.000000   164.990000    1600.000000   131.871000    1640.000000   112.857000    9.89763E-02  9.93217E-04  16.606700  2.340620
3  1300.000000   164.990000    1880.000000   68.179000     1920.000000   68.761000     2.79412E-02  2.86369E-04  30.938600  4.513030
3  1300.000000   164.990000    2280.000000   43.553000     2320.000000   45.377000     2.57521E-03  4.65686E-05  26.105700  22.810200
3  1300.000000   164.990000    0.000000      105.852000    80.000000     108.382000    6.75006E-03  8.48564E-05  16.596800  12.114200
3  1300.000000   164.990000    40.000000     108.172000    120.000000    102.908000    5.83763E-03  7.45617E-05  16.098400  12.638600
3  1300.000000   164.990000    600.000000    110.348000    680.000000    117.505000    1.29977E-02  1.51302E-04  28.411500  8.322170
3  1300.000000   164.990000    640.000000    121.240000    720.000000    113.178000    1.75291E-02  1.87695E-04  33.417500  5.990380
3  1300.000000   164.990000    680.000000    117.505000    760.000000    100.356000    3.02180E-02  3.09680E-04  27.496100  4.513010
3  1300.000000   164.990000    720.000000    113.178000    800.000000    108.602000    3.70666E-02  3.76749E-04  24.536700  4.112080
3  1300.000000   164.990000    760.000000    100.356000    840.000000    121.214000    3.40006E-02  3.45585E-04  22.125300  4.112080
3  1300.000000   164.990000    800.000000    108.602000    880.000000    124.368000    3.35866E-02  3.41378E-04  21.481200  4.112070
3  1300.000000   164.990000    840.000000    121.214000    920.000000    140.952000    3.59858E-02  3.65763E-04  21.146100  4.112060
3  1300.000000   164.990000    880.000000    124.368000    960.000000    154.933000    3.84468E-02  3.90777E-04  21.077100  4.112180
3  1300.000000   164.990000    1640.000000   112.857000    1720.000000   106.756000    8.89251E-02  8.92808E-04  18.487400  2.592460
3  1300.000000   164.990000    1680.000000   114.145000    1760.000000   101.140000    7.54129E-02  7.57756E-04  17.204600  2.813360
3  1300.000000   164.990000    1720.000000   106.756000    1800.000000   104.339000    6.11378E-02  6.15187E-04  16.946600  3.197480
3  1300.000000   164.990000    1760.000000   101.140000    1840.000000   80.146000     4.60752E-02  4.65885E-04  17.683300  3.850070
3  1300.000000   164.990000    1800.000000   104.339000    1880.000000   68.179000     6.02166E-02  6.05917E-04  13.380200  3.197480
3  1300.000000   164.990000    1840.000000   80.146000     1920.000000   68.761000     5.70916E-02  5.74473E-04  19.241400  3.197540
3  1300.000000   164.990000    2200.000000   52.831000     2280.000000   43.553000     1.01252E-02  1.18958E-04  26.329200  8.577480
3  1300.000000   164.990000    2240.000000   43.386000     2320.000000   45.377000     8.45901E-03  1.01647E-04  27.200300  9.575450
3  1300.000000   164.990000    0.000000      105.852000    160.000000    97.335000     1.32712E-02  1.50332E-04  16.554100  6.888500
3  1300.000000   164.990000    40.000000     108.172000    200.000000    92.851000     1.25990E-02  1.46699E-04  16.616200  8.322230
3  1300.000000   164.990000    80.000000     108.382000    240.000000    92.290000     1.28327E-02  1.49384E-04  17.478500  8.322180
3  1300.000000   164.990000    120.000000    102.908000    280.000000    93.398000     1.34133E-02  1.51806E-04  18.530200  6.887920
3  1300.000000   164.990000    160.000000    97.335000     320.000000    95.039000     1.42221E-02  1.60967E-04  19.784600  6.887910
3  1300.000000   164.990000    200.000000    92.851000     360.000000    95.756000     1.47246E-02  1.66637E-04  20.920800  6.887930
3  1300.000000   164.990000    240.000000    92.290000     400.000000    101.442000    1.55749E-02  1.70333E-04  17.895900  6.286930
3  1300.000000   164.990000    280.000000    93.398000     440.000000    109.091000    1.58879E-02  1.73752E-04  22.053500  6.286840
3  1300.000000   164.990000    320.000000    95.039000     480.000000    117.202000    1.50891E-02  1.70760E-04  23.060000  6.887860
3  1300.000000   164.990000    360.000000    95.756000     520.000000    118.621000    1.57007E-02  1.71706E-04  24.117500  6.286850
3  1300.000000   164.990000    400.000000    101.442000    560.000000    114.524000    1.78428E-02  1.91055E-04  28.347100  5.990360
3  1300.000000   164.990000    440.000000    109.091000    600.000000    110.348000    1.97288E-02  2.11248E-04  26.479400  5.990360
3  1300.000000   164.990000    480.000000    117.202000    640.000000    121.240000    2.27195E-02  2.41865E-04  23.799000  6.038250
3  1300.000000   164.990000    2000.000000   61.720000     2160.000000   69.496000     2.68238E-02  2.78136E-04  27.134000  5.110020
3  1300.000000   164.990000    2040.000000   57.680000     2200.000000   52.831000     2.90353E-02  2.97560E-04  25.366100  4.512990
3  1300.000000   164.990000    2080.000000   61.209000     2240.000000   43.386000     1.66696E-02  1.82325E-04  26.015100  6.287480
3  1300.000000   164.990000    2120.000000   64.714000     2280.000000   43.553000     1.73867E-02  1.90157E-04  26.195600  6.287080
3  1300.000000   164.990000    2160.000000   69.496000     2320.000000   45.377000     1.70747E-02  1.86731E-04  24.165100  6.286850
3  1340.000000   180.575000    0.000000      105.852000    40.000000     108.172000    3.93422E-03  6.31458E-05  -0.218006  18.562900
3  1340.000000   180.575000    1000.000000   139.164000    1040.000000   135.603000    2.15585E-02  2.29507E-04  23.543300  6.038270
3  1340.000000   180.575000    1040.000000   135.603000    1080.000000   116.772000    1.64676E-02  1.80093E-04  34.816000  6.286880
3  1340.000000   180.575000    1080.000000   116.772000    1120.000000   126.923000    5.18653E-02  5.22569E-04  20.260100  3.397820
3  1340.000000   180.575000    1120.000000   126.923000    1160.000000   133.280000    8.45910E-02  8.49294E-04  17.403100  2.592500
3  1340.000000   180.575000    1160.000000   133.280000    1200.000000   143.288000    9.66131E-02  9.69512E-04  26.965100  2.340760
3  1340.000000   180.575000    1200.000000   143.288000    1240.000000   143.282000    1.29346E-01  1.29792E-03  10.069400  2.041010
3  1340.000000   180.575000    1240.000000   143.282000    1280.000000   155.645000    3.00493E-01  3.01085E-03  9.702060  1.550230
3  1340.000000   180.575000    1400.000000   194.951000    1440.000000   204.976000    1.68552E-01  1.69044E-03  11.287800  1.868310
3  1340.000000   180.575000    1440.000000   204.976000    1480.000000   191.689000    6.08145E-02  6.11934E-04  12.242500  3.197480
3  1340.000000   180.575000    1480.000000   191.689000    1520.000000   175.987000    6.81841E-02  6.85121E-04  14.221900  2.813360
3  1340.000000   180.575000    1520.000000   175.987000    1560.000000   155.051000    8.90804E-02  8.94367E-04  14.094000  2.592470
3  1340.000000   180.575000    1560.000000   155.051000    1600.000000   131.871000    6.60610E-02  6.64726E-04  16.345100  3.197470
3  1340.000000   180.575000    1600.000000   131.871000    1640.000000   112.857000    1.15989E-01  1.16387E-03  15.496700  2.039760
3  1340.000000   180.575000    1640.000000   112.857000    1680.000000   114.145000    6.88719E-02  6.92032E-04  18.090000  2.813360
3  1340.000000   180.575000    1880.000000   68.179000     1920.000000   68.761000     3.10556E-02  3.18286E-04  30.323200  4.513130
3  1340.000000   180.575000    2280.000000   43.553000     2320.000000   45.377000     2.76700E-03  5.00368E-05  25.817800  22.810200
3  1340.000000   180.575000    0.000000      105.852000    80.000000     108.382000    6.47734E-03  8.14286E-05  0.021071  12.114100
3  1340.000000   180.575000    40.000000     108.172000    120.000000    102.908000    5.58923E-03  7.13896E-05  1.478410  12.638600
3  1340.000000   180.575000    640.000000    121.240000    720.000000    113.178000    1.62220E-02  1.77407E-04  32.981500  6.286860
3  1340.000000   180.575000    680.000000    117.505000    760.000000    100.356000    2.78347E-02  2.85258E-04  26.952900  4.513050
3  1340.000000   180.575000    720.000000    113.178000    800.000000    108.602000    3.41413E-02  3.47019E-04  24.083600  4.112090
3  1340.000000   180.575000    760.000000    100.356000    840.000000    121.214000    3.12976E-02  3.20744E-04  21.778000  4.513030
3  1340.000000   180.575000    800.000000    108.602000    880.000000    124.368000    3.08175E-02  3.15824E-04  21.202300  4.513020
3  1340.000000   180.575000    840.000000    121.214000    920.000000    140.952000    3.28113E-02  3.33497E-04  20.898400  4.112070
3  1340.000000   180.575000    880.000000    124.368000    960.000000    154.933000    3.48169E-02  3.53886E-04  20.894300  4.112180
3  1340.000000   180.575000    920.000000    140.952000    1000.000000   139.164000    3.04115E-02  3.11663E-04  23.886800  4.513010
3  1340.000000   180.575000    1680.000000   114.145000    1760.000000   101.140000    8.58461E-02  8.61895E-04  16.273800  2.592460
3  1340.000000   180.575000    1720.000000   106.756000    1800.000000   104.339000    6.90123E-02  6.93442E-04  16.070200  2.813360
3  1340.000000   180.575000    1760.000000   101.140000    1840.000000   80.146000     5.17331E-02  5.21232E-04  16.819600  3.397760
3  1340.000000   180.575000    1800.000000   104.339000    1880.000000   68.179000     6.73714E-02  6.76955E-04  12.563000  2.813360
3  1340.000000   180.575000    1840.000000   80.146000     1920.000000   68.761000     6.35975E-02  6.39937E-04  18.511000  3.197520
3  1340.000000   180.575000    2200.000000   52.831000     2280.000000   43.553000     1.08356E-02  1.27291E-04  26.760500  8.576540
3  1340.000000   180.575000    2240.000000   43.386000     2320.000000   45.377000     9.08248E-03  1.09139E-04  27.443900  9.575450
3  1340.000000   180.575000    0.000000      105.852000    160.000000    97.335000     1.27089E-02  1.47961E-04  1.874180  8.328620
3  1340.000000   180.575000    40.000000     108.172000    200.000000    92.851000     1.20432E-02  1.40194E-04  4.128230  8.322770
3  1340.000000   180.575000    80.000000     108.382000    240.000000    92.290000     1.22442E-02  1.42531E-04  6.837490  8.322170
3  1340.000000   180.575000    120.000000    102.908000    280.000000    93.398000     1.27740E-02  1.48698E-04  9.967790  8.322160
3  1340.000000   180.575000    160.000000    97.335000     320.000000    95.039000     1.35134E-02  1.52937E-04  13.739600  6.914490
3  1340.000000   180.575000    200.000000    92.851000     360.000000    95.756000     1.39629E-02  1.58029E-04  16.379600  16.635000
3  1340.000000   180.575000    240.000000    92.290000     400.000000    101.442000    1.47554E-02  1.67006E-04  14.362800  16.745800
3  1340.000000   180.575000    280.000000    93.398000     440.000000    109.091000    1.50136E-02  1.69922E-04  19.343800  6.912040
3  1340.000000   180.575000    320.000000    95.039000     480.000000    117.202000    1.42174E-02  1.60895E-04  20.442700  6.887910
3  1340.000000   180.575000    360.000000    95.756000     520.000000    118.621000    1.47359E-02  1.66763E-04  22.004000  6.887870
3  1340.000000   180.575000    400.000000    101.442000    560.000000    114.524000    1.66796E-02  1.82411E-04  26.576400  6.286870
3  1340.000000   180.575000    440.000000    109.091000    600.000000    110.348000    1.83915E-02  1.96931E-04  24.995600  5.990400
3  1340.000000   180.575000    480.000000    117.202000    640.000000    121.240000    2.11416E-02  2.25071E-04  22.330600  6.038240
3  1340.000000   180.575000    520.000000    118.621000    680.000000    117.505000    2.30925E-02  2.45838E-04  26.638400  6.038230
3  1340.000000   180.575000    2000.000000   61.720000     2160.000000   69.496000     2.93326E-02  3.00606E-04  26.185200  4.513000
3  1340.000000   180.575000    2040.000000   57.680000     2200.000000   52.831000     3.16441E-02  3.24292E-04  24.645600  4.512980
3  1340.000000   180.575000    2080.000000   61.209000     2240.000000   43.386000     1.79874E-02  1.92609E-04  25.484500  5.990380
3  1340.000000   180.575000    2120.000000   64.714000     2280.000000   43.553000     1.86557E-02  1.99760E-04  26.044100  5.990350
3  1340.000000   180.575000    2160.000000   69.496000     2320.000000   45.377000     1.82977E-02  1.95924E-04  24.071900  5.990340
3  1380.000000   191.595000    0.000000      105.852000    40.000000     108.172000    3.79288E-03  6.08738E-05  37.948900  18.672200
3  1380.000000   191.595000    280.000000    93.398000     320.000000    95.039000     3.73914E-03  6.02405E-05  19.392500  18.563700
3  1380.000000   191.595000    1040.000000   135.603000    1080.000000   116.772000    1.44769E-02  1.63834E-04  30.231600  6.887870
3  1380.000000   191.595000    1080.000000   116.772000    1120.000000   126.923000    4.53111E-02  4.58190E-04  20.730400  3.850150
3  1380.000000   191.595000    1120.000000   126.923000    1160.000000   133.280000    7.14345E-02  7.17838E-04  17.091500  2.813480
3  1380.000000   191.595000    1160.000000   133.280000    1200.000000   143.288000    7.84151E-02  7.87970E-04  25.793200  2.813750
3  1380.000000   191.595000    1200.000000   143.288000    1240.000000   143.282000    9.72198E-02  9.75640E-04  10.103600  2.341460
3  1380.000000   191.595000    1240.000000   143.282000    1280.000000   155.645000    2.04161E-01  2.04700E-03  9.821690  1.815910
3  1380.000000   191.595000    1280.000000   155.645000    1320.000000   173.060000    2.09420E-01  2.09946E-03  9.432130  1.879540
3  1380.000000   191.595000    1480.000000   191.689000    1520.000000   175.987000    9.53566E-02  9.57380E-04  12.260300  2.616310
3  1380.000000   191.595000    1520.000000   175.987000    1560.000000   155.051000    1.12952E-01  1.13346E-03  12.740500  2.459370
3  1380.000000   191.595000    1560.000000   155.051000    1600.000000   131.871000    7.99153E-02  8.03005E-04  16.228200  2.818980
3  1380.000000   191.595000    1600.000000   131.871000    1640.000000   112.857000    1.37620E-01  2.93963E-03  -11.436900  36.601100
3  1380.000000   191.595000    1680.000000   114.145000    1720.000000   106.756000    3.85024E-02  3.91342E-04  17.008500  4.112420
3  1380.000000   191.595000    1880.000000   68.179000     1920.000000   68.761000     3.43549E-02  3.49190E-04  35.789600  4.112140
3  1380.000000   191.595000    2280.000000   43.553000     2320.000000   45.377000     2.95972E-03  5.35218E-05  34.771300  22.810200
3  1380.000000   191.595000    0.000000      105.852000    80.000000     108.382000    6.23942E-03  7.84457E-05  34.286700  12.161000
3  1380.000000   191.595000    40.000000     108.172000    120.000000    102.908000    5.36600E-03  6.85378E-05  24.068000  12.651400
3  1380.000000   191.595000    280.000000    93.398000     360.000000    95.756000     7.27701E-03  9.16408E-05  19.189900  12.115700
3  1380.000000   191.595000    680.000000    117.505000    760.000000    100.356000    2.58986E-02  2.68563E-04  23.243500  5.072340
3  1380.000000   191.595000    720.000000    113.178000    800.000000    108.602000    3.17745E-02  3.25657E-04  20.477200  4.513030
3  1380.000000   191.595000    760.000000    100.356000    840.000000    121.214000    2.91305E-02  2.98550E-04  18.285600  4.513030
3  1380.000000   191.595000    800.000000    108.602000    880.000000    124.368000    2.86156E-02  2.93270E-04  17.891000  4.513010
3  1380.000000   191.595000    840.000000    121.214000    920.000000    140.952000    3.03136E-02  3.10669E-04  17.884200  4.513010
3  1380.000000   191.595000    880.000000    124.368000    960.000000    154.933000    3.20044E-02  3.28000E-04  17.993200  4.513040
3  1380.000000   191.595000    920.000000    140.952000    1000.000000   139.164000    2.74281E-02  2.81091E-04  21.339900  4.512980
3  1380.000000   191.595000    960.000000    154.933000    1040.000000   135.603000    3.06234E-02  3.13841E-04  23.094900  4.513080
3  1380.000000   191.595000    1720.000000   106.756000    1800.000000   104.339000    7.73167E-02  7.76886E-04  17.441200  2.819440
3  1380.000000   191.595000    1760.000000   101.140000    1840.000000   80.146000     5.72849E-02  5.76418E-04  18.565300  3.199830
3  1380.000000   191.595000    1800.000000   104.339000    1880.000000   68.179000     7.41501E-02  7.45068E-04  13.084500  2.816080
3  1380.000000   191.595000    1840.000000   80.146000     1920.000000   68.761000     7.00012E-02  7.03393E-04  20.778700  2.815370
3  1380.000000   191.595000    2000.000000   61.720000     2080.000000   61.209000     2.22930E-02  2.37342E-04  29.392800  6.038360
3  1380.000000   191.595000    2200.000000   52.831000     2280.000000   43.553000     1.15407E-02  1.34370E-04  38.093500  8.322510
3  1380.000000   191.595000    2240.000000   43.386000     2320.000000   45.377000     9.70385E-03  1.13994E-04  37.711300  8.576510
3  1380.000000   191.595000    0.000000      105.852000    160.000000    97.335000     1.22079E-02  1.42284E-04  27.016400  8.322150
3  1380.000000   191.595000    40.000000     108.172000    200.000000    92.851000     1.15431E-02  1.34956E-04  20.840700  8.329050
3  1380.000000   191.595000    80.000000     108.382000    240.000000    92.290000     1.17168E-02  1.37474E-04  18.857800  8.322170
3  1380.000000   191.595000    120.000000    102.908000    280.000000    93.398000     1.22080E-02  1.47473E-04  18.521500  8.322480
3  1380.000000   191.595000    240.000000    92.290000     400.000000    101.442000    1.40544E-02  1.60803E-04  15.558300  6.888000
3  1380.000000   191.595000    280.000000    93.398000     440.000000    109.091000    1.42699E-02  1.61584E-04  18.758000  6.888140
3  1380.000000   191.595000    320.000000    95.039000     480.000000    117.202000    1.34779E-02  1.52527E-04  19.094600  6.887930
3  1380.000000   191.595000    360.000000    95.756000     520.000000    118.621000    1.39231E-02  1.57564E-04  19.571000  6.887860
3  1380.000000   191.595000    400.000000    101.442000    560.000000    114.524000    1.57049E-02  1.71752E-04  23.434300  6.286830
3  1380.000000   191.595000    440.000000    109.091000    600.000000    110.348000    1.72784E-02  1.88960E-04  21.494100  6.286930
3  1380.000000   191.595000    480.000000    117.202000    640.000000    121.240000    1.98326E-02  2.12362E-04  18.406100  5.990390
3  1380.000000   191.595000    520.000000    118.621000    680.000000    117.505000    2.16472E-02  2.30452E-04  22.874700  6.038190
3  1380.000000   191.595000    560.000000    114.524000    720.000000    113.178000    2.58546E-02  2.68092E-04  24.000100  5.072330
3  1380.000000   191.595000    2040.000000   57.680000     2200.000000   52.831000     3.42223E-02  3.47853E-04  30.266800  4.112320
3  1380.000000   191.595000    2080.000000   61.209000     2240.000000   43.386000     1.92978E-02  2.06693E-04  33.541100  5.991400
3  1380.000000   191.595000    2120.000000   64.714000     2280.000000   43.553000     1.99226E-02  2.13381E-04  35.893600  5.990780
3  1380.000000   191.595000    2160.000000   69.496000     2320.000000   45.377000     1.95206E-02  2.09050E-04  34.327000  5.990380
3  1424.000000   199.133000    0.000000      105.852000    40.000000     108.172000    3.61630E-03  6.54022E-05  -6.675400  22.810400
3  1424.000000   199.133000    1080.000000   116.772000    1120.000000   126.923000    3.91554E-02  3.95916E-04  19.813400  3.850120
3  1424.000000   199.133000    1120.000000   126.923000    1160.000000   133.280000    6.01804E-02  6.05553E-04  17.080700  3.197510
3  1424.000000   199.133000    1160.000000   133.280000    1200.000000   143.288000    6.27605E-02  6.31515E-04  25.665000  3.197590
3  1424.000000   199.133000    1200.000000   143.288000    1240.000000   143.282000    7.55600E-02  7.59242E-04  10.366800  2.813910
3  1424.000000   199.133000    1240.000000   143.282000    1280.000000   155.645000    1.50039E-01  1.50479E-03  10.151500  1.868430
3  1424.000000   199.133000    1280.000000   155.645000    1320.000000   173.060000    1.19282E-01  1.19691E-03  10.111500  2.039860
3  1424.000000   199.133000    1320.000000   173.060000    1360.000000   187.371000    1.70322E-01  1.70765E-03  6.620920  1.815760
3  1424.000000   199.133000    1560.000000   155.051000    1600.000000   131.871000    1.05020E-01  1.05387E-03  15.264400  2.340610
3  1424.000000   199.133000    1600.000000   131.871000    1640.000000   112.857000    1.65131E-01  1.65615E-03  13.963700  1.868300
3  1424.000000   199.133000    1640.000000   112.857000    1680.000000   114.145000    9.31249E-02  9.34974E-04  16.961200  2.592480
3  1424.000000   199.133000    1680.000000   114.145000    1720.000000   106.756000    4.42830E-02  4.47763E-04  15.148000  3.850070
3  1424.000000   199.133000    1720.000000   106.756000    1760.000000   101.140000    6.67110E-02  6.71266E-04  15.980100  3.197510
3  1424.000000   199.133000    1880.000000   68.179000     1920.000000   68.761000     3.83420E-02  3.89754E-04  34.892400  4.114450
3  1424.000000   199.133000    2280.000000   43.553000     2320.000000   45.377000     3.18026E-03  5.75099E-05  32.956200  22.810200
3  1424.000000   199.133000    0.000000      105.852000    80.000000     108.382000    5.94989E-03  7.59950E-05  -4.659390  12.638600
3  1424.000000   199.133000    40.000000     108.172000    120.000000    102.908000    5.11862E-03  8.21764E-05  0.878346  18.562400
3  1424.000000   199.133000    720.000000    113.178000    800.000000    108.602000    2.95720E-02  3.03060E-04  20.640500  4.512980
3  1424.000000   199.133000    760.000000    100.356000    840.000000    121.214000    2.70468E-02  2.80448E-04  18.384800  5.072290
3  1424.000000   199.133000    800.000000    108.602000    880.000000    124.368000    2.64949E-02  2.74726E-04  17.938500  5.072290
3  1424.000000   199.133000    840.000000    121.214000    920.000000    140.952000    2.79633E-02  2.86573E-04  17.927900  4.513060
3  1424.000000   199.133000    880.000000    124.368000    960.000000    154.933000    2.93830E-02  3.01123E-04  17.980600  4.513120
3  1424.000000   199.133000    920.000000    140.952000    1000.000000   139.164000    2.50765E-02  2.60018E-04  21.264200  5.072330
3  1424.000000   199.133000    960.000000    154.933000    1040.000000   135.603000    2.77579E-02  2.84469E-04  22.956200  4.513000
3  1424.000000   199.133000    1000.000000   139.164000    1080.000000   116.772000    3.05382E-02  3.12959E-04  25.622600  4.512990
3  1424.000000   199.133000    1760.000000   101.140000    1840.000000   80.146000     6.47230E-02  6.51262E-04  16.759600  3.197480
3  1424.000000   199.133000    1800.000000   104.339000    1880.000000   68.179000     8.29424E-02  8.32742E-04  10.920900  2.592470
3  1424.000000   199.133000    1840.000000   80.146000     1920.000000   68.761000     7.79498E-02  7.83247E-04  18.999300  2.813360
3  1424.000000   199.133000    2000.000000   61.720000     2080.000000   61.209000     2.44575E-02  2.53600E-04  27.119500  5.072330
3  1424.000000   199.133000    2040.000000   57.680000     2120.000000   64.714000     2.83081E-02  2.90104E-04  27.094700  4.512990
3  1424.000000   199.133000    2200.000000   52.831000     2280.000000   43.553000     1.24046E-02  1.44403E-04  35.527900  8.322240
3  1424.000000   199.133000    2240.000000   43.386000     2320.000000   45.377000     1.04353E-02  1.22579E-04  35.300000  8.576480
3  1424.000000   199.133000    0.000000      105.852000    160.000000    97.335000     1.16430E-02  1.35533E-04  0.011969  8.322150
3  1424.000000   199.133000    40.000000     108.172000    200.000000    92.851000     1.10056E-02  1.29414E-04  5.211230  8.589020
3  1424.000000   199.133000    80.000000     108.382000    240.000000    92.290000     1.11632E-02  1.31333E-04  8.562010  8.597470
3  1424.000000   199.133000    120.000000    102.908000    280.000000    93.398000     1.16181E-02  1.35372E-04  11.429600  8.355710
3  1424.000000   199.133000    160.000000    97.335000     320.000000    95.039000     1.22582E-02  1.42728E-04  13.535800  8.354810
3  1424.000000   199.133000    200.000000    92.851000     360.000000    95.756000     1.26330E-02  1.47057E-04  14.600800  8.326350
3  1424.000000   199.133000    240.000000    92.290000     400.000000    101.442000    1.33296E-02  1.50850E-04  11.559600  6.888950
3  1424.000000   199.133000    280.000000    93.398000     440.000000    109.091000    1.35159E-02  1.52955E-04  15.636400  6.887860
3  1424.000000   199.133000    320.000000    95.039000     480.000000    117.202000    1.27469E-02  1.48383E-04  16.783700  8.322150
3  1424.000000   199.133000    360.000000    95.756000     520.000000    118.621000    1.31443E-02  1.48751E-04  18.024300  6.887890
3  1424.000000   199.133000    400.000000    101.442000    560.000000    114.524000    1.47995E-02  1.67483E-04  22.544300  6.887950
3  1424.000000   199.133000    440.000000    109.091000    600.000000    110.348000    1.62553E-02  1.77770E-04  20.879400  6.286860
3  1424.000000   199.133000    480.000000    117.202000    640.000000    121.240000    1.86129E-02  1.99299E-04  17.614800  5.990340
3  1424.000000   199.133000    520.000000    118.621000    680.000000    117.505000    2.03093E-02  2.16207E-04  22.546600  6.038210
3  1424.000000   199.133000    560.000000    114.524000    720.000000    113.178000    2.42019E-02  2.50950E-04  23.837600  5.072290
3  1424.000000   199.133000    600.000000    110.348000    760.000000    100.356000    3.47276E-02  3.52975E-04  23.418700  4.112070
3  1424.000000   199.133000    2080.000000   61.209000     2240.000000   43.386000     2.08700E-02  2.22182E-04  31.116200  6.038190
3  1424.000000   199.133000    2120.000000   64.714000     2280.000000   43.553000     2.14408E-02  2.28254E-04  33.519100  6.038200
3  1424.000000   199.133000    2160.000000   69.496000     2320.000000   45.377000     2.09834E-02  2.23385E-04  31.974000  6.038220
3  1460.000000   200.061000    0.000000      105.852000    40.000000     108.172000    3.55410E-03  6.42954E-05  11.094400  22.810200
3  1460.000000   200.061000    1120.000000   126.923000    1160.000000   133.280000    5.65868E-02  5.69393E-04  16.962700  3.197540
3  1460.000000   200.061000    1160.000000   133.280000    1200.000000   143.288000    5.85673E-02  5.89328E-04  25.871200  3.197600
3  1460.000000   200.061000    1200.000000   143.288000    1240.000000   143.282000    6.98407E-02  7.01773E-04  11.414500  2.813600
3  1460.000000   200.061000    1240.000000   143.282000    1280.000000   155.645000    1.37513E-01  1.37985E-03  10.911600  2.040000
3  1460.000000   200.061000    1280.000000   155.645000    1320.000000   173.060000    1.02671E-01  1.03029E-03  10.562600  2.340680
3  1460.000000   200.061000    1320.000000   173.060000    1360.000000   187.371000    1.27070E-01  1.27506E-03  7.778400  2.039780
3  1460.000000   200.061000    1520.000000   175.987000    1560.000000   155.051000    2.34049E-01  2.34634E-03  7.849330  1.879490
3  1460.000000   200.061000    1560.000000   155.051000    1600.000000   131.871000    1.25450E-01  1.25880E-03  13.948400  2.039730
3  1460.000000   200.061000    1600.000000   131.871000    1640.000000   112.857000    1.86010E-01  1.86494E-03  12.285100  1.815670
3  1460.000000   200.061000    1640.000000   112.857000    1680.000000   114.145000    1.02082E-01  1.02438E-03  15.191100  2.340690
3  1460.000000   200.061000    1680.000000   114.145000    1720.000000   106.756000    4.75565E-02  4.79151E-04  13.246000  3.397780
3  1460.000000   200.061000    1720.000000   106.756000    1760.000000   101.140000    7.18909E-02  7.22367E-04  13.771700  2.813390
3  1460.000000   200.061000    1760.000000   101.140000    1800.000000   104.339000    2.28490E-02  2.43244E-04  12.703600  6.038190
3  1460.000000   200.061000    1880.000000   68.179000     1920.000000   68.761000     4.04430E-02  4.09032E-04  33.217400  3.853530
3  1460.000000   200.061000    2280.000000   43.553000     2320.000000   45.377000     3.28018E-03  5.93168E-05  24.226500  22.810200
3  1460.000000   200.061000    0.000000      105.852000    80.000000     108.382000    5.84759E-03  7.46883E-05  10.089700  12.638700
3  1460.000000   200.061000    40.000000     108.172000    120.000000    102.908000    5.03156E-03  6.42656E-05  7.814380  12.639600
3  1460.000000   200.061000    760.000000    100.356000    840.000000    121.214000    2.63212E-02  2.72925E-04  21.287200  5.072300
3  1460.000000   200.061000    800.000000    108.602000    880.000000    124.368000    2.57481E-02  2.66982E-04  20.614200  5.072290
3  1460.000000   200.061000    840.000000    121.214000    920.000000    140.952000    2.71561E-02  2.81582E-04  20.403900  5.072290
3  1460.000000   200.061000    880.000000    124.368000    960.000000    154.933000    2.84898E-02  2.91969E-04  20.263800  4.513000
3  1460.000000   200.061000    920.000000    140.952000    1000.000000   139.164000    2.45004E-02  2.54045E-04  23.012100  5.072300
3  1460.000000   200.061000    960.000000    154.933000    1040.000000   135.603000    2.69563E-02  2.79510E-04  24.532300  5.072300
3  1460.000000   200.061000    1000.000000   139.164000    1080.000000   116.772000    2.93493E-02  3.00775E-04  27.271400  4.513040
3  1460.000000   200.061000    1040.000000   135.603000    1120.000000   126.923000    4.99354E-02  5.03119E-04  24.464900  3.397790
3  1460.000000   200.061000    1800.000000   104.339000    1880.000000   68.179000     8.81673E-02  8.85200E-04  7.922830  2.592470
3  1460.000000   200.061000    1840.000000   80.146000     1920.000000   68.761000     8.23132E-02  8.26425E-04  16.317100  2.592470
3  1460.000000   200.061000    2000.000000   61.720000     2080.000000   61.209000     2.55613E-02  2.65045E-04  22.363200  5.072290
3  1460.000000   200.061000    2040.000000   57.680000     2120.000000   64.714000     2.95346E-02  3.02676E-04  22.486200  4.513010
3  1460.000000   200.061000    2080.000000   61.209000     2160.000000   69.496000     1.07222E-02  1.25949E-04  28.593000  8.576450
3  1460.000000   200.061000    2200.000000   52.831000     2280.000000   43.553000     1.28048E-02  1.49107E-04  24.973700  8.322160
3  1460.000000   200.061000    2240.000000   43.386000     2320.000000   45.377000     1.07662E-02  1.26466E-04  25.725100  8.576450
3  1460.000000   200.061000    0.000000      105.852000    160.000000    97.335000     1.14448E-02  1.34450E-04  8.695180  8.323420
3  1460.000000   200.061000    40.000000     108.172000    200.000000    92.851000     1.08192E-02  1.27420E-04  7.879880  8.577890
3  1460.000000   200.061000    80.000000     108.382000    240.000000    92.290000     1.09752E-02  1.29008E-04  8.811790  8.577590
3  1460.000000   200.061000    120.000000    102.908000    280.000000    93.398000     1.14223E-02  1.33222E-04  10.530200  8.322730
3  1460.000000   200.061000    160.000000    97.335000     320.000000    95.039000     1.20502E-02  1.40751E-04  12.855200  8.322230
3  1460.000000   200.061000    200.000000    92.851000     360.000000    95.756000     1.24153E-02  1.44666E-04  14.979200  8.322170
3  1460.000000   200.061000    240.000000    92.290000     400.000000    101.442000    1.30918E-02  1.52536E-04  12.776800  8.322190
3  1460.000000   200.061000    280.000000    93.398000     440.000000    109.091000    1.32704E-02  1.50198E-04  17.633000  6.887920
3  1460.000000   200.061000    320.000000    95.039000     480.000000    117.202000    1.25122E-02  1.45651E-04  19.307700  8.322160
3  1460.000000   200.061000    360.000000    95.756000     520.000000    118.621000    1.29002E-02  1.50167E-04  20.974600  8.322160
3  1460.000000   200.061000    400.000000    101.442000    560.000000    114.524000    1.45232E-02  1.64356E-04  25.697100  6.887910
3  1460.000000   200.061000    440.000000    109.091000    600.000000    110.348000    1.59446E-02  1.74373E-04  24.152200  6.286880
3  1460.000000   200.061000    480.000000    117.202000    640.000000    121.240000    1.82259E-02  1.95156E-04  20.803500  5.990340
3  1460.000000   200.061000    520.000000    118.621000    680.000000    117.505000    1.98890E-02  2.12963E-04  25.854300  5.990340
3  1460.000000   200.061000    560.000000    114.524000    720.000000    113.178000    2.36811E-02  2.45549E-04  27.045200  5.072290
3  1460.000000   200.061000    600.000000    110.348000    760.000000    100.356000    3.39493E-02  3.45067E-04  26.497300  4.112070
3  1460.000000   200.061000    640.000000    121.240000    800.000000    108.602000    4.27315E-02  4.32075E-04  26.758600  3.850100
3  1460.000000   200.061000    2120.000000   64.714000     2280.000000   43.553000     2.21542E-02  2.35856E-04  24.621600  6.038200
3  1460.000000   200.061000    2160.000000   69.496000     2320.000000   45.377000     2.16670E-02  2.30660E-04  22.593700  6.038190
3  1500.000000   183.230000    1160.000000   133.280000    1200.000000   143.288000    5.42779E-02  5.46877E-04  26.466200  3.397860
3  1500.000000   183.230000    1200.000000   143.288000    1240.000000   143.282000    6.25553E-02  6.29450E-04  11.287100  3.197600
3  1500.000000   183.230000    1240.000000   143.282000    1280.000000   155.645000    1.21031E-01  1.21447E-03  10.669300  2.039780
3  1500.000000   183.230000    1280.000000   155.645000    1320.000000   173.060000    8.71691E-02  8.75178E-04  10.220100  2.592490
3  1500.000000   183.230000    1320.000000   173.060000    1360.000000   187.371000    1.01431E-01  1.01785E-03  8.325490  2.340640
3  1500.000000   183.230000    1360.000000   187.371000    1400.000000   194.951000    1.27311E-01  1.27748E-03  7.494210  2.039760
3  1500.000000   183.230000    1400.000000   194.951000    1440.000000   204.976000    1.97924E-01  1.98439E-03  6.978150  1.815790
3  1500.000000   183.230000    1560.000000   155.051000    1600.000000   131.871000    1.77780E-01  1.78240E-03  11.293900  1.815670
3  1500.000000   183.230000    1600.000000   131.871000    1640.000000   112.857000    2.30027E-01  2.30602E-03  11.414600  1.879510
3  1500.000000   183.230000    1640.000000   112.857000    1680.000000   114.145000    1.20147E-01  1.20559E-03  14.837500  2.039860
3  1500.000000   183.230000    1680.000000   114.145000    1720.000000   106.756000    5.58342E-02  5.62552E-04  12.691900  3.397760
3  1500.000000   183.230000    1720.000000   106.756000    1760.000000   101.140000    7.96114E-02  7.99943E-04  13.721300  2.813360
3  1500.000000   183.230000    1760.000000   101.140000    1800.000000   104.339000    2.53179E-02  2.62521E-04  12.716200  5.072280
3  1500.000000   183.230000    1800.000000   104.339000    1840.000000   80.146000     5.12631E-02  5.16496E-04  15.288800  3.397760
3  1500.000000   183.230000    1880.000000   68.179000     1920.000000   68.761000     4.42018E-02  4.46942E-04  35.329100  3.850070
3  1500.000000   183.230000    2280.000000   43.553000     2320.000000   45.377000     3.46810E-03  6.27150E-05  28.581300  22.810200
3  1500.000000   183.230000    800.000000    108.602000    880.000000    124.368000    2.45477E-02  2.54540E-04  19.361500  5.072300
3  1500.000000   183.230000    840.000000    121.214000    920.000000    140.952000    2.58413E-02  2.67951E-04  19.165900  5.072290
3  1500.000000   183.230000    880.000000    124.368000    960.000000    154.933000    2.70575E-02  2.80559E-04  19.128600  5.072330
3  1500.000000   183.230000    920.000000    140.952000    1000.000000   139.164000    2.31431E-02  2.46379E-04  21.872800  6.038190
3  1500.000000   183.230000    960.000000    154.933000    1040.000000   135.603000    2.54169E-02  2.63548E-04  23.438700  5.072290
3  1500.000000   183.230000    1000.000000   139.164000    1080.000000   116.772000    2.76384E-02  2.83244E-04  26.324800  4.513040
3  1500.000000   183.230000    1040.000000   135.603000    1120.000000   126.923000    4.64825E-02  4.68334E-04  23.890500  3.397910
3  1500.000000   183.230000    1080.000000   116.772000    1160.000000   133.280000    8.69703E-02  8.73191E-04  18.386900  2.592470
3  1500.000000   183.230000    1840.000000   80.146000     1920.000000   68.761000     9.03779E-02  9.12229E-04  13.029200  2.592480
3  1500.000000   183.230000    2000.000000   61.720000     2080.000000   61.209000     2.74364E-02  2.84488E-04  23.968700  5.072340
3  1500.000000   183.230000    2040.000000   57.680000     2120.000000   64.714000     3.16865E-02  3.24730E-04  23.966900  4.513050
3  1500.000000   183.230000    2080.000000   61.209000     2160.000000   69.496000     1.14581E-02  1.33380E-04  30.397000  8.322190
3  1500.000000   183.230000    2120.000000   64.714000     2200.000000   52.831000     9.91296E-03  1.16445E-04  27.143500  8.576530
3  1500.000000   183.230000    2200.000000   52.831000     2280.000000   43.553000     1.35054E-02  1.52847E-04  30.966300  6.887930
3  1500.000000   183.230000    2240.000000   43.386000     2320.000000   45.377000     1.13782E-02  1.32450E-04  30.890500  8.322170
3  1500.000000   183.230000    80.000000     108.382000    240.000000    92.290000     1.06572E-02  1.25223E-04  23.133400  8.578680
3  1500.000000   183.230000    120.000000    102.908000    280.000000    93.398000     1.10764E-02  1.29020E-04  20.547900  8.330340
3  1500.000000   183.230000    160.000000    97.335000     320.000000    95.039000     1.16680E-02  1.35907E-04  18.735100  8.333200
3  1500.000000   183.230000    200.000000    92.851000     360.000000    95.756000     1.20072E-02  1.39784E-04  18.065200  8.333120
3  1500.000000   183.230000    240.000000    92.290000     400.000000    101.442000    1.26501E-02  1.47257E-04  14.295300  8.329740
3  1500.000000   183.230000    280.000000    93.398000     440.000000    109.091000    1.28092E-02  1.49109E-04  18.233300  8.324430
3  1500.000000   183.230000    320.000000    95.039000     480.000000    117.202000    1.20647E-02  1.40442E-04  19.329200  8.322180
3  1500.000000   183.230000    360.000000    95.756000     520.000000    118.621000    1.24222E-02  1.44606E-04  20.407200  8.322190
3  1500.000000   183.230000    400.000000    101.442000    560.000000    114.524000    1.39678E-02  1.58074E-04  24.805300  6.887870
3  1500.000000   183.230000    440.000000    109.091000    600.000000    110.348000    1.53184E-02  1.67528E-04  22.979400  6.286930
3  1500.000000   183.230000    480.000000    117.202000    640.000000    121.240000    1.74737E-02  1.87105E-04  19.189500  5.990350
3  1500.000000   183.230000    520.000000    118.621000    680.000000    117.505000    1.90791E-02  2.04297E-04  24.574500  5.990330
3  1500.000000   183.230000    560.000000    114.524000    720.000000    113.178000    2.26887E-02  2.41544E-04  25.761200  6.038210
3  1500.000000   183.230000    600.000000    110.348000    760.000000    100.356000    3.24782E-02  3.30125E-04  25.231000  4.112120
3  1500.000000   183.230000    640.000000    121.240000    800.000000    108.602000    4.08732E-02  4.13298E-04  25.639500  3.850070
3  1500.000000   183.230000    680.000000    117.505000    840.000000    121.214000    4.76787E-02  4.80396E-04  22.417800  3.397770
3  1500.000000   183.230000    2160.000000   69.496000     2320.000000   45.377000     2.28788E-02  2.43561E-04  27.597100  6.038260
3  1540.000000   165.623000    1200.000000   143.288000    1240.000000   143.282000    5.45962E-02  5.50122E-04  11.736700  3.401530
3  1540.000000   165.623000    1240.000000   143.282000    1280.000000   155.645000    1.03237E-01  3.23062E-03  36.338800  22.976700
3  1540.000000   165.623000    1280.000000   155.645000    1320.000000   173.060000    7.25062E-02  7.30203E-04  10.750200  2.845200
3  1540.000000   165.623000    1320.000000   173.060000    1360.000000   187.371000    8.01661E-02  8.07168E-04  9.314040  2.838530
3  1540.000000   165.623000    1360.000000   187.371000    1400.000000   194.951000    9.20447E-02  9.25602E-04  8.397450  2.608790
3  1540.000000   165.623000    1600.000000   131.871000    1640.000000   112.857000    4.35646E-01  4.36391E-03  9.620260  1.299500
3  1540.000000   165.623000    1640.000000   112.857000    1680.000000   114.145000    1.76916E-01  1.77376E-03  13.916100  1.815830
3  1540.000000   165.623000    1680.000000   114.145000    1720.000000   106.756000    7.69241E-02  7.72941E-04  10.984100  2.813360
3  1540.000000   165.623000    1720.000000   106.756000    1760.000000   101.140000    9.77749E-02  9.81161E-04  12.812800  2.340610
3  1540.000000   165.623000    1760.000000   101.140000    1800.000000   104.339000    3.05980E-02  3.13571E-04  11.724600  4.512980
3  1540.000000   165.623000    1800.000000   104.339000    1840.000000   80.146000     6.04831E-02  6.08599E-04  14.333500  3.197480
3  1540.000000   165.623000    1840.000000   80.146000     1880.000000   68.179000     5.33831E-02  5.37861E-04  -5.252490  3.398080
3  1540.000000   165.623000    1880.000000   68.179000     1920.000000   68.761000     5.18801E-02  5.23123E-04  37.303700  3.407080
3  1540.000000   165.623000    2280.000000   43.553000     2320.000000   45.377000     3.79820E-03  6.09588E-05  33.042800  18.562400
3  1540.000000   165.623000    840.000000    121.214000    920.000000    140.952000    2.39641E-02  2.48956E-04  18.087000  5.076110
3  1540.000000   165.623000    880.000000    124.368000    960.000000    154.933000    2.50189E-02  2.59819E-04  18.377600  5.076230
3  1540.000000   165.623000    920.000000    140.952000    1000.000000   139.164000    2.12856E-02  2.26777E-04  21.727700  6.039220
3  1540.000000   165.623000    960.000000    154.933000    1040.000000   135.603000    2.33229E-02  2.48431E-04  23.113000  6.039860
3  1540.000000   165.623000    1000.000000   139.164000    1080.000000   116.772000    2.51766E-02  2.61180E-04  24.745600  5.073890
3  1540.000000   165.623000    1040.000000   135.603000    1120.000000   126.923000    4.18897E-02  4.23903E-04  23.969900  3.856120
3  1540.000000   165.623000    1080.000000   116.772000    1160.000000   133.280000    7.65018E-02  7.69302E-04  11.526900  2.825820
3  1540.000000   165.623000    1120.000000   126.923000    1200.000000   143.288000    9.43261E-02  9.47751E-04  22.455700  2.603560
3  1540.000000   165.623000    2000.000000   61.720000     2080.000000   61.209000     3.09802E-02  3.17491E-04  24.311000  4.512980
3  1540.000000   165.623000    2040.000000   57.680000     2120.000000   64.714000     3.57209E-02  3.63071E-04  23.896900  4.112050
3  1540.000000   165.623000    2080.000000   61.209000     2160.000000   69.496000     1.28242E-02  1.49284E-04  30.666900  8.322170
3  1540.000000   165.623000    2120.000000   64.714000     2200.000000   52.831000     1.09679E-02  1.28841E-04  33.242300  8.576450
3  1540.000000   165.623000    2160.000000   69.496000     2240.000000   43.386000     1.26508E-02  1.47314E-04  31.779900  8.324050
3  1540.000000   165.623000    2200.000000   52.831000     2280.000000   43.553000     1.47912E-02  1.67994E-04  35.893800  6.901970
3  1540.000000   165.623000    2240.000000   43.386000     2320.000000   45.377000     1.24570E-02  1.45009E-04  34.928500  8.322140
3  1540.000000   165.623000    0.000000      105.852000    160.000000    97.335000     1.07102E-02  2.60263E-04  -19.369100  8.979040
3  1540.000000   165.623000    80.000000     108.382000    240.000000    92.290000     1.02138E-02  1.20238E-04  -15.879500  8.604670
3  1540.000000   165.623000    120.000000    102.908000    280.000000    93.398000     1.05941E-02  1.24807E-04  -8.314390  8.614670
3  1540.000000   165.623000    160.000000    97.335000     320.000000    95.039000     1.11597E-02  1.30298E-04  -0.347366  8.339090
3  1540.000000   165.623000    200.000000    92.851000     360.000000    95.756000     1.14192E-02  1.33697E-04  6.184790  8.326380
3  1540.000000   165.623000    240.000000    92.290000     400.000000    101.442000    1.19991E-02  1.40519E-04  5.870180  8.323480
3  1540.000000   165.623000    280.000000    93.398000     440.000000    109.091000    1.21275E-02  1.41599E-04  12.913100  8.325560
3  1540.000000   165.623000    320.000000    95.039000     480.000000    117.202000    1.13655E-02  1.32556E-04  15.299100  8.329810
3  1540.000000   165.623000    360.000000    95.756000     520.000000    118.621000    1.17052E-02  1.36539E-04  17.183100  8.333790
3  1540.000000   165.623000    400.000000    101.442000    560.000000    114.524000    1.31472E-02  1.49169E-04  22.485600  6.899610
3  1540.000000   165.623000    440.000000    109.091000    600.000000    110.348000    1.43867E-02  1.63247E-04  20.460500  6.896950
3  1540.000000   165.623000    480.000000    117.202000    640.000000    121.240000    1.64270E-02  1.80147E-04  16.568900  6.294440
3  1540.000000   165.623000    520.000000    118.621000    680.000000    117.505000    1.78894E-02  1.92046E-04  22.457900  5.995470
3  1540.000000   165.623000    560.000000    114.524000    720.000000    113.178000    2.12392E-02  2.26728E-04  23.751400  6.043010
3  1540.000000   165.623000    600.000000    110.348000    760.000000    100.356000    3.03473E-02  3.12453E-04  23.364700  4.521730
3  1540.000000   165.623000    640.000000    121.240000    800.000000    108.602000    3.81200E-02  3.89342E-04  24.085200  4.122570
3  1540.000000   165.623000    680.000000    117.505000    840.000000    121.214000    4.44405E-02  4.51435E-04  20.844700  3.860780
3  1540.000000   165.623000    720.000000    113.178000    880.000000    124.368000    4.85045E-02  4.90759E-04  19.541500  3.408860
3  1580.000000   144.941000    0.000000      105.852000    40.000000     108.172000    3.16729E-03  5.72842E-05  0.333466  22.810500
3  1580.000000   144.941000    1240.000000   143.282000    1280.000000   155.645000    9.00017E-02  9.03617E-04  11.633900  2.592730
3  1580.000000   144.941000    1280.000000   155.645000    1320.000000   173.060000    6.18612E-02  6.22466E-04  10.914800  3.197530
3  1580.000000   144.941000    1320.000000   173.060000    1360.000000   187.371000    6.64804E-02  6.68946E-04  9.632620  3.197520
3  1580.000000   144.941000    1360.000000   187.371000    1400.000000   194.951000    7.29522E-02  7.33031E-04  8.664090  2.813440
3  1580.000000   144.941000    1400.000000   194.951000    1440.000000   204.976000    8.83458E-02  8.86992E-04  7.938570  2.592560
3  1580.000000   144.941000    1440.000000   204.976000    1480.000000   191.689000    8.06800E-02  8.10681E-04  7.484300  2.813370
3  1580.000000   144.941000    1480.000000   191.689000    1520.000000   175.987000    1.71652E-01  1.72098E-03  8.358220  1.815720
3  1580.000000   144.941000    1640.000000   112.857000    1680.000000   114.145000    2.92440E-01  2.93013E-03  12.531000  1.549950
3  1580.000000   144.941000    1680.000000   114.145000    1720.000000   106.756000    1.03080E-01  1.03440E-03  9.871560  2.340610
3  1580.000000   144.941000    1720.000000   106.756000    1760.000000   101.140000    1.19250E-01  1.19659E-03  11.627000  2.039730
3  1580.000000   144.941000    1760.000000   101.140000    1800.000000   104.339000    3.68701E-02  3.74751E-04  10.300200  4.112040
3  1580.000000   144.941000    1800.000000   104.339000    1840.000000   80.146000     7.02846E-02  7.06227E-04  12.730800  2.813380
3  1580.000000   144.941000    1840.000000   80.146000     1880.000000   68.179000     6.16616E-02  6.20464E-04  -4.714040  3.197530
3  1580.000000   144.941000    1880.000000   68.179000     1920.000000   68.761000     5.84677E-02  5.88548E-04  33.469000  3.206500
3  1580.000000   144.941000    2280.000000   43.553000     2320.000000   45.377000     4.10868E-03  6.59418E-05  22.663900  18.562400
3  1580.000000   144.941000    0.000000      105.852000    80.000000     108.382000    5.20138E-03  6.64346E-05  1.741340  12.638700
3  1580.000000   144.941000    40.000000     108.172000    120.000000    102.908000    4.44787E-03  7.13856E-05  5.476540  18.562400
3  1580.000000   144.941000    880.000000    124.368000    960.000000    154.933000    2.33040E-02  2.48090E-04  20.813300  6.038240
3  1580.000000   144.941000    920.000000    140.952000    1000.000000   139.164000    1.97690E-02  2.11679E-04  23.319000  5.990330
3  1580.000000   144.941000    960.000000    154.933000    1040.000000   135.603000    2.16018E-02  2.29968E-04  24.687100  6.038230
3  1580.000000   144.941000    1000.000000   139.164000    1080.000000   116.772000    2.32508E-02  2.47521E-04  26.375500  6.038210
3  1580.000000   144.941000    1040.000000   135.603000    1120.000000   126.923000    3.82868E-02  3.89151E-04  25.047600  4.112140
3  1580.000000   144.941000    1080.000000   116.772000    1160.000000   133.280000    6.94645E-02  6.98000E-04  9.583370  2.813970
3  1580.000000   144.941000    1120.000000   126.923000    1200.000000   143.288000    8.44441E-02  8.47827E-04  23.021200  2.592830
3  1580.000000   144.941000    1160.000000   133.280000    1240.000000   143.282000    9.16265E-02  9.19939E-04  27.630400  2.592600
3  1580.000000   144.941000    2000.000000   61.720000     2080.000000   61.209000     3.44881E-02  3.50540E-04  20.217600  4.112040
3  1580.000000   144.941000    2040.000000   57.680000     2120.000000   64.714000     3.97186E-02  4.01611E-04  20.002200  3.850080
3  1580.000000   144.941000    2080.000000   61.209000     2160.000000   69.496000     1.41536E-02  1.60173E-04  26.032900  6.887930
3  1580.000000   144.941000    2120.000000   64.714000     2200.000000   52.831000     1.19365E-02  1.38949E-04  25.903500  8.322280
3  1580.000000   144.941000    2160.000000   69.496000     2240.000000   43.386000     1.36393E-02  1.54353E-04  20.478300  6.887890
3  1580.000000   144.941000    2200.000000   52.831000     2280.000000   43.553000     1.59291E-02  1.74204E-04  23.479900  6.286830
3  1580.000000   144.941000    2240.000000   43.386000     2320.000000   45.377000     1.34641E-02  1.52371E-04  24.187300  6.887860
3  1580.000000   144.941000    0.000000      105.852000    160.000000    97.335000     1.01222E-02  1.18988E-04  4.868450  8.586420
3  1580.000000   144.941000    40.000000     108.172000    200.000000    92.851000     9.51764E-03  1.12121E-04  8.466820  8.598050
3  1580.000000   144.941000    80.000000     108.382000    240.000000    92.290000     9.61966E-03  1.13200E-04  11.084200  8.600650
3  1580.000000   144.941000    120.000000    102.908000    280.000000    93.398000     9.97907E-03  1.17660E-04  13.729900  8.601360
3  1580.000000   144.941000    160.000000    97.335000     320.000000    95.039000     1.05320E-02  1.24357E-04  16.169300  8.585620
3  1580.000000   144.941000    200.000000    92.851000     360.000000    95.756000     1.07891E-02  1.26798E-04  17.853700  8.576470
3  1580.000000   144.941000    240.000000    92.290000     400.000000    101.442000    1.13497E-02  1.32162E-04  14.822400  8.322320
3  1580.000000   144.941000    280.000000    93.398000     440.000000    109.091000    1.14749E-02  1.33577E-04  19.712600  8.322150
3  1580.000000   144.941000    320.000000    95.039000     480.000000    117.202000    1.07489E-02  1.26263E-04  20.976300  8.576440
3  1580.000000   144.941000    360.000000    95.756000     520.000000    118.621000    1.10682E-02  1.30014E-04  22.245400  8.576460
3  1580.000000   144.941000    400.000000    101.442000    560.000000    114.524000    1.24179E-02  1.44553E-04  27.198800  8.322180
3  1580.000000   144.941000    440.000000    109.091000    600.000000    110.348000    1.35803E-02  1.53686E-04  25.119700  6.887890
3  1580.000000   144.941000    480.000000    117.202000    640.000000    121.240000    1.55349E-02  1.69893E-04  21.879800  6.286900
3  1580.000000   144.941000    520.000000    118.621000    680.000000    117.505000    1.68609E-02  1.84394E-04  26.681500  6.286830
3  1580.000000   144.941000    560.000000    114.524000    720.000000    113.178000    1.99901E-02  2.14046E-04  27.826600  5.990330
3  1580.000000   144.941000    600.000000    110.348000    760.000000    100.356000    2.85190E-02  2.92268E-04  27.095600  4.512980
3  1580.000000   144.941000    640.000000    121.240000    800.000000    108.602000    3.57456E-02  3.63325E-04  27.307500  4.112570
3  1580.000000   144.941000    680.000000    117.505000    840.000000    121.214000    4.16732E-02  4.21379E-04  24.314500  3.850110
3  1580.000000   144.941000    720.000000    113.178000    880.000000    124.368000    4.54342E-02  4.59403E-04  22.796500  3.850130
3  1580.000000   144.941000    760.000000    100.356000    920.000000    140.952000    4.42765E-02  4.47697E-04  21.421300  3.850130
3  1620.000000   120.635000    1280.000000   155.645000    1320.000000   173.060000    5.05776E-02  5.09615E-04  10.762600  3.397790
3  1620.000000   120.635000    1320.000000   173.060000    1360.000000   187.371000    5.28510E-02  5.32511E-04  7.063850  3.397770
3  1620.000000   120.635000    1360.000000   187.371000    1400.000000   194.951000    5.64091E-02  5.67617E-04  5.803990  3.197480
3  1620.000000   120.635000    1400.000000   194.951000    1440.000000   204.976000    6.47907E-02  6.51956E-04  5.484410  3.197480
3  1620.000000   120.635000    1440.000000   204.976000    1480.000000   191.689000    5.44406E-02  5.48516E-04  7.238990  3.397770
3  1620.000000   120.635000    1480.000000   191.689000    1520.000000   175.987000    1.02499E-01  1.02858E-03  7.877380  2.340650
3  1620.000000   120.635000    1520.000000   175.987000    1560.000000   155.051000    4.30920E-01  4.31661E-03  10.410600  1.299470
3  1620.000000   120.635000    1680.000000   114.145000    1720.000000   106.756000    2.81568E-01  2.82120E-03  7.297960  1.549980
3  1620.000000   120.635000    1720.000000   106.756000    1760.000000   101.140000    1.99159E-01  1.99677E-03  10.694300  1.815680
3  1620.000000   120.635000    1760.000000   101.140000    1800.000000   104.339000    5.61329E-02  5.64826E-04  9.157190  3.197470
3  1620.000000   120.635000    1800.000000   104.339000    1840.000000   80.146000     9.70178E-02  9.73564E-04  12.206100  2.340640
3  1620.000000   120.635000    1840.000000   80.146000     1880.000000   68.179000     8.39057E-02  8.42413E-04  -3.772050  2.592500
3  1620.000000   120.635000    1880.000000   68.179000     1920.000000   68.761000     7.67902E-02  7.72010E-04  32.006900  2.824350
3  1620.000000   120.635000    2280.000000   43.553000     2320.000000   45.377000     4.83437E-03  7.75887E-05  23.116900  18.562400
3  1620.000000   120.635000    920.000000    140.952000    1000.000000   139.164000    1.72268E-02  1.88397E-04  21.991200  6.286900
3  1620.000000   120.635000    960.000000    154.933000    1040.000000   135.603000    1.88117E-02  2.01436E-04  23.620200  5.990370
3  1620.000000   120.635000    1000.000000   139.164000    1080.000000   116.772000    2.02809E-02  2.17166E-04  25.527800  5.990340
3  1620.000000   120.635000    1040.000000   135.603000    1120.000000   126.923000    3.28714E-02  3.34141E-04  24.389100  4.112100
3  1620.000000   120.635000    1080.000000   116.772000    1160.000000   133.280000    5.96248E-02  6.00082E-04  11.206500  3.197740
3  1620.000000   120.635000    1120.000000   126.923000    1200.000000   143.288000    7.18158E-02  7.21792E-04  22.718400  2.814060
3  1620.000000   120.635000    1160.000000   133.280000    1240.000000   143.282000    7.69741E-02  7.73536E-04  26.079100  2.813520
3  1620.000000   120.635000    1200.000000   143.288000    1280.000000   155.645000    1.13861E-01  1.14273E-03  10.478200  2.340620
3  1620.000000   120.635000    2000.000000   61.720000     2080.000000   61.209000     4.25416E-02  4.30155E-04  20.189000  3.850080
3  1620.000000   120.635000    2040.000000   57.680000     2120.000000   64.714000     4.90497E-02  4.94195E-04  19.959400  3.397780
3  1620.000000   120.635000    2080.000000   61.209000     2160.000000   69.496000     1.72969E-02  1.89161E-04  26.256800  6.286830
3  1620.000000   120.635000    2120.000000   64.714000     2200.000000   52.831000     1.41777E-02  1.60446E-04  27.495700  6.888180
3  1620.000000   120.635000    2160.000000   69.496000     2240.000000   43.386000     1.58419E-02  1.73249E-04  21.749200  6.286840
3  1620.000000   120.635000    2200.000000   52.831000     2280.000000   43.553000     1.84890E-02  1.98032E-04  23.693800  5.990350
3  1620.000000   120.635000    2240.000000   43.386000     2320.000000   45.377000     1.57952E-02  1.72738E-04  24.243300  6.286830
3  1620.000000   120.635000    80.000000     108.382000    240.000000    92.290000     8.72490E-03  1.04969E-04  0.350912  9.576950
3  1620.000000   120.635000    120.000000    102.908000    280.000000    93.398000     9.06581E-03  1.08969E-04  5.709340  9.575810
3  1620.000000   120.635000    200.000000    92.851000     360.000000    95.756000     9.80326E-03  1.15156E-04  14.821600  8.592630
3  1620.000000   120.635000    240.000000    92.290000     400.000000    101.442000    1.03109E-02  1.21124E-04  12.664900  8.593520
3  1620.000000   120.635000    280.000000    93.398000     440.000000    109.091000    1.04071E-02  1.22258E-04  18.196400  8.584800
3  1620.000000   120.635000    320.000000    95.039000     480.000000    117.202000    9.72336E-03  1.14217E-04  19.548100  8.576600
3  1620.000000   120.635000    360.000000    95.756000     520.000000    118.621000    9.98602E-03  1.17306E-04  20.897600  8.576450
3  1620.000000   120.635000    400.000000    101.442000    560.000000    114.524000    1.11680E-02  1.31187E-04  25.872800  8.576430
3  1620.000000   120.635000    440.000000    109.091000    600.000000    110.348000    1.21879E-02  1.41876E-04  23.773600  8.322150
3  1620.000000   120.635000    480.000000    117.202000    640.000000    121.240000    1.40714E-02  1.59242E-04  23.848000  6.887920
3  1620.000000   120.635000    520.000000    118.621000    680.000000    117.505000    1.50957E-02  1.70835E-04  25.330500  6.887880
3  1620.000000   120.635000    560.000000    114.524000    720.000000    113.178000    1.78595E-02  1.91232E-04  26.487000  5.990390
3  1620.000000   120.635000    600.000000    110.348000    760.000000    100.356000    2.54116E-02  2.63498E-04  25.645300  5.072320
3  1620.000000   120.635000    640.000000    121.240000    800.000000    108.602000    3.16689E-02  3.24556E-04  24.411200  4.513020
3  1620.000000   120.635000    680.000000    117.505000    840.000000    121.214000    3.70460E-02  3.76550E-04  22.874100  4.112090
3  1620.000000   120.635000    720.000000    113.178000    880.000000    124.368000    4.03425E-02  4.07931E-04  21.383200  3.850130
3  1620.000000   120.635000    760.000000    100.356000    920.000000    140.952000    3.92311E-02  3.96697E-04  20.101200  3.850100
3  1620.000000   120.635000    800.000000    108.602000    960.000000    154.933000    3.94440E-02  3.98850E-04  19.716000  3.850160
3  1660.000000   115.433000    1320.000000   173.060000    1360.000000   187.371000    3.50384E-02  3.56137E-04  10.575200  4.112120
3  1660.000000   115.433000    1360.000000   187.371000    1400.000000   194.951000    3.62256E-02  3.68204E-04  9.325040  4.112070
3  1660.000000   115.433000    1400.000000   194.951000    1440.000000   204.976000    3.78750E-02  3.84969E-04  5.329180  9.379740
3  1660.000000   115.433000    1440.000000   204.976000    1480.000000   191.689000    2.99930E-02  3.07374E-04  7.708590  5.317800
3  1660.000000   115.433000    1480.000000   191.689000    1520.000000   175.987000    5.13206E-02  5.17081E-04  8.148760  3.397790
3  1660.000000   115.433000    1520.000000   175.987000    1560.000000   155.051000    1.55329E-01  1.55786E-03  15.855500  2.373920
3  1660.000000   115.433000    1560.000000   155.051000    1600.000000   131.871000    3.07189E-01  3.07794E-03  5.626620  1.549960
3  1660.000000   115.433000    1720.000000   106.756000    1760.000000   101.140000    7.01733E-01  7.07452E-03  10.530200  2.957380
3  1660.000000   115.433000    1760.000000   101.140000    1800.000000   104.339000    1.36560E-01  1.37028E-03  6.335070  2.039730
3  1660.000000   115.433000    1800.000000   104.339000    1840.000000   80.146000     1.95821E-01  1.96330E-03  12.165500  1.815670
3  1660.000000   115.433000    1840.000000   80.146000     1880.000000   68.179000     1.48261E-01  1.48698E-03  -1.154490  1.868290
3  1660.000000   115.433000    1880.000000   68.179000     1920.000000   68.761000     1.22420E-01  1.22842E-03  31.274900  2.039730
3  1660.000000   115.433000    2280.000000   43.553000     2320.000000   45.377000     6.25632E-03  7.99088E-05  20.294400  12.638600
3  1660.000000   115.433000    960.000000    154.933000    1040.000000   135.603000    1.41590E-02  1.60242E-04  25.047800  6.887990
3  1660.000000   115.433000    1000.000000   139.164000    1080.000000   116.772000    1.53637E-02  1.68031E-04  26.834600  6.286960
3  1660.000000   115.433000    1040.000000   135.603000    1120.000000   126.923000    2.41929E-02  2.50885E-04  25.720700  5.072660
3  1660.000000   115.433000    1080.000000   116.772000    1160.000000   133.280000    4.33659E-02  4.38568E-04  14.356100  3.850780
3  1660.000000   115.433000    1120.000000   126.923000    1200.000000   143.288000    5.15969E-02  5.19968E-04  23.845800  3.398560
3  1660.000000   115.433000    1160.000000   133.280000    1240.000000   143.282000    5.41709E-02  5.45826E-04  26.010900  3.398610
3  1660.000000   115.433000    1200.000000   143.288000    1280.000000   155.645000    7.82547E-02  7.86366E-04  12.651200  2.814150
3  1660.000000   115.433000    1240.000000   143.282000    1320.000000   173.060000    8.41824E-02  8.45233E-04  12.038400  2.592960
3  1660.000000   115.433000    2000.000000   61.720000     2080.000000   61.209000     6.05693E-02  6.10672E-04  24.445100  4.768970
3  1660.000000   115.433000    2080.000000   61.209000     2160.000000   69.496000     2.36916E-02  2.45658E-04  24.432900  5.072330
3  1660.000000   115.433000    2120.000000   64.714000     2200.000000   52.831000     1.86435E-02  1.99627E-04  25.587600  5.990400
3  1660.000000   115.433000    2160.000000   69.496000     2240.000000   43.386000     2.02605E-02  2.16941E-04  19.107100  5.990380
3  1660.000000   115.433000    2200.000000   52.831000     2280.000000   43.553000     2.36148E-02  2.44862E-04  20.881200  5.072290
3  1660.000000   115.433000    2240.000000   43.386000     2320.000000   45.377000     2.04103E-02  2.17282E-04  21.402500  6.038280
3  1660.000000   115.433000    40.000000     108.172000    200.000000    92.851000     7.20982E-03  9.58603E-05  1.613840  12.177700
3  1660.000000   115.433000    80.000000     108.382000    240.000000    92.290000     7.26438E-03  1.01657E-04  9.271400  12.205000
3  1660.000000   115.433000    120.000000    102.908000    280.000000    93.398000     7.51734E-03  1.10579E-04  15.502600  12.389200
3  1660.000000   115.433000    240.000000    92.290000     400.000000    101.442000    8.45587E-03  1.03768E-04  14.767500  9.576050
3  1660.000000   115.433000    280.000000    93.398000     440.000000    109.091000    8.49885E-03  1.02838E-04  19.124800  9.575570
3  1660.000000   115.433000    320.000000    95.039000     480.000000    117.202000    7.90235E-03  9.49673E-05  20.210600  9.575540
3  1660.000000   115.433000    360.000000    95.756000     520.000000    118.621000    8.06865E-03  9.69561E-05  21.471100  9.575590
3  1660.000000   115.433000    400.000000    101.442000    560.000000    114.524000    8.96847E-03  1.07786E-04  26.807800  9.575470
3  1660.000000   115.433000    440.000000    109.091000    600.000000    110.348000    9.74409E-03  1.14477E-04  24.756800  8.576630
3  1660.000000   115.433000    480.000000    117.202000    640.000000    121.240000    1.12335E-02  1.31986E-04  24.872500  8.576730
3  1660.000000   115.433000    520.000000    118.621000    680.000000    117.505000    1.20143E-02  1.39878E-04  26.433500  8.322380
3  1660.000000   115.433000    560.000000    114.524000    720.000000    113.178000    1.41529E-02  1.60205E-04  27.658200  6.888400
3  1660.000000   115.433000    600.000000    110.348000    760.000000    100.356000    2.00321E-02  2.14578E-04  26.958100  5.990910
3  1660.000000   115.433000    640.000000    121.240000    800.000000    108.602000    2.49057E-02  2.58344E-04  25.850700  5.072770
3  1660.000000   115.433000    680.000000    117.505000    840.000000    121.214000    2.90795E-02  2.98117E-04  24.340100  4.513470
3  1660.000000   115.433000    720.000000    113.178000    880.000000    124.368000    3.16021E-02  3.23950E-04  22.857500  4.513530
3  1660.000000   115.433000    760.000000    100.356000    920.000000    140.952000    3.06092E-02  3.13757E-04  21.546300  4.513260
3  1660.000000   115.433000    800.000000    108.602000    960.000000    154.933000    3.06245E-02  3.13895E-04  21.144300  4.513280
3  1660.000000   115.433000    840.000000    121.214000    1000.000000   139.164000    2.83143E-02  2.90188E-04  22.050500  4.513070
3  1660.000000   115.433000    0.000000      105.852000    320.000000    95.039000     1.55923E-02  2.16834E-04  2.960400  6.786930
3  1660.000000   115.433000    40.000000     108.172000    360.000000    95.756000     1.52670E-02  1.81149E-04  10.523300  6.516330
3  1700.000000   114.563000    0.000000      105.852000    40.000000     108.172000    2.25206E-03  6.03930E-05  42.638800  29.862200
3  1700.000000   114.563000    1360.000000   187.371000    1400.000000   194.951000    2.85002E-02  2.92084E-04  8.239390  4.512990
3  1700.000000   114.563000    1400.000000   194.951000    1440.000000   204.976000    3.00409E-02  3.07871E-04  6.973600  4.512980
3  1700.000000   114.563000    1440.000000   204.976000    1480.000000   191.689000    2.25079E-02  2.39615E-04  6.413850  6.038190
3  1700.000000   114.563000    1480.000000   191.689000    1520.000000   175.987000    3.68129E-02  3.74174E-04  7.575850  4.112050
3  1700.000000   114.563000    1520.000000   175.987000    1560.000000   155.051000    9.58157E-02  9.62038E-04  13.395500  2.592500
3  1700.000000   114.563000    1560.000000   155.051000    1600.000000   131.871000    1.40280E-01  1.40695E-03  5.907170  1.868290
3  1700.000000   114.563000    1600.000000   131.871000    1640.000000   112.857000    6.46556E-01  7.76973E-03  0.054337  9.302020
3  1700.000000   114.563000    1760.000000   101.140000    1800.000000   104.339000    3.05930E-01  3.06530E-03  6.181700  1.549950
3  1700.000000   114.563000    1800.000000   104.339000    1840.000000   80.146000     3.41212E-01  3.41795E-03  10.396100  1.299500
3  1700.000000   114.563000    1840.000000   80.146000     1880.000000   68.179000     2.16303E-01  2.16850E-03  -2.544650  1.879650
3  1700.000000   114.563000    1880.000000   68.179000     1920.000000   68.761000     1.57510E-01  1.57970E-03  15.849400  1.868280
3  1700.000000   114.563000    2280.000000   43.553000     2320.000000   45.377000     6.86618E-03  8.63161E-05  24.542200  12.114100
3  1700.000000   114.563000    0.000000      105.852000    80.000000     108.382000    3.68888E-03  5.92058E-05  37.000000  18.562400
3  1700.000000   114.563000    40.000000     108.172000    120.000000    102.908000    3.12560E-03  5.65230E-05  23.570100  22.810400
3  1700.000000   114.563000    440.000000    109.091000    520.000000    118.621000    3.52617E-03  6.37666E-05  16.890800  22.810200
3  1700.000000   114.563000    1000.000000   139.164000    1080.000000   116.772000    1.31935E-02  1.49319E-04  21.874700  6.887980
3  1700.000000   114.563000    1040.000000   135.603000    1120.000000   126.923000    2.05509E-02  2.18818E-04  21.854500  6.038230
3  1700.000000   114.563000    1080.000000   116.772000    1160.000000   133.280000    3.64934E-02  3.71039E-04  10.709500  4.112130
3  1700.000000   114.563000    1120.000000   126.923000    1200.000000   143.288000    4.30197E-02  4.35084E-04  20.860400  3.850250
3  1700.000000   114.563000    1160.000000   133.280000    1240.000000   143.282000    4.47558E-02  4.52598E-04  23.980700  3.850380
3  1700.000000   114.563000    1200.000000   143.288000    1280.000000   155.645000    6.41576E-02  6.45721E-04  10.902700  3.197610
3  1700.000000   114.563000    1240.000000   143.282000    1320.000000   173.060000    6.85865E-02  6.89287E-04  10.467100  2.813410
3  1700.000000   114.563000    1280.000000   155.645000    1360.000000   187.371000    5.53328E-02  5.57533E-04  9.701560  3.397800
3  1700.000000   114.563000    2040.000000   57.680000     2120.000000   64.714000     8.00601E-02  8.04452E-04  19.406800  2.813360
3  1700.000000   114.563000    2080.000000   61.209000     2160.000000   69.496000     2.68827E-02  2.78747E-04  25.944400  5.072300
3  1700.000000   114.563000    2120.000000   64.714000     2200.000000   52.831000     2.07289E-02  2.20676E-04  28.330400  6.038210
3  1700.000000   114.563000    2160.000000   69.496000     2240.000000   43.386000     2.25790E-02  2.40372E-04  23.685700  6.038190
3  1700.000000   114.563000    2200.000000   52.831000     2280.000000   43.553000     2.62159E-02  2.71833E-04  26.278000  5.072280
3  1700.000000   114.563000    2240.000000   43.386000     2320.000000   45.377000     2.24881E-02  2.39404E-04  26.144000  6.038190
3  1700.000000   114.563000    0.000000      105.852000    160.000000    97.335000     7.12117E-03  8.95558E-05  27.967700  12.210600
3  1700.000000   114.563000    40.000000     108.172000    200.000000    92.851000     6.63977E-03  8.34752E-05  19.402000  12.130400
3  1700.000000   114.563000    80.000000     108.382000    240.000000    92.290000     6.65948E-03  8.37350E-05  16.613400  12.114300
3  1700.000000   114.563000    120.000000    102.908000    280.000000    93.398000     6.84748E-03  8.60934E-05  15.555000  12.118800
3  1700.000000   114.563000    280.000000    93.398000     440.000000    109.091000    7.63270E-03  9.59759E-05  13.756900  12.134700
3  1700.000000   114.563000    320.000000    95.039000     480.000000    117.202000    7.07998E-03  8.90123E-05  14.370000  12.141700
3  1700.000000   114.563000    400.000000    101.442000    560.000000    114.524000    8.00020E-03  9.61456E-05  19.280900  9.612990
3  1700.000000   114.563000    440.000000    109.091000    600.000000    110.348000    8.68562E-03  1.04379E-04  17.480400  9.575450
3  1700.000000   114.563000    480.000000    117.202000    640.000000    121.240000    9.99043E-03  1.17368E-04  17.222900  8.576430
3  1700.000000   114.563000    520.000000    118.621000    680.000000    117.505000    1.06627E-02  1.25264E-04  18.577100  8.576470
3  1700.000000   114.563000    560.000000    114.524000    720.000000    113.178000    1.25284E-02  1.45858E-04  19.891500  8.322210
3  1700.000000   114.563000    600.000000    110.348000    760.000000    100.356000    1.76828E-02  1.89397E-04  19.538800  5.990340
3  1700.000000   114.563000    640.000000    121.240000    800.000000    108.602000    2.19243E-02  2.33481E-04  18.431300  6.038200
3  1700.000000   114.563000    680.000000    117.505000    840.000000    121.214000    2.55411E-02  2.64928E-04  16.961500  5.072290
3  1700.000000   114.563000    720.000000    113.178000    880.000000    124.368000    2.76851E-02  2.83819E-04  15.548300  4.512980
3  1700.000000   114.563000    760.000000    100.356000    920.000000    140.952000    2.67278E-02  2.77207E-04  14.356100  5.072290
3  1700.000000   114.563000    800.000000    108.602000    960.000000    154.933000    2.66651E-02  2.76546E-04  14.297600  5.072400
3  1700.000000   114.563000    840.000000    121.214000    1000.000000   139.164000    2.46654E-02  2.55788E-04  15.884500  5.072320
3  1700.000000   114.563000    880.000000    124.368000    1040.000000   135.603000    2.60261E-02  2.69893E-04  17.197400  5.072280
3  1700.000000   114.563000    0.000000      105.852000    320.000000    95.039000     1.42871E-02  1.62300E-04  21.381000  7.335110
3  1700.000000   114.563000    40.000000     108.172000    360.000000    95.756000     1.39165E-02  1.58175E-04  16.934800  6.930360
3  1700.000000   114.563000    80.000000     108.382000    400.000000    101.442000    1.42802E-02  1.61782E-04  13.626100  6.926050
3  1780.000000   103.229000    0.000000      105.852000    40.000000     108.172000    1.83299E-03  4.92200E-05  -18.172900  29.852000
3  1780.000000   103.229000    1280.000000   155.645000    1320.000000   173.060000    1.84472E-02  5.08558E-04  13.651000  6.005800
3  1780.000000   103.229000    1440.000000   204.976000    1480.000000   191.689000    1.40490E-02  1.59028E-04  9.206620  6.888330
3  1780.000000   103.229000    1480.000000   191.689000    1520.000000   175.987000    2.25082E-02  2.40012E-04  10.237300  6.041590
3  1780.000000   103.229000    1560.000000   155.051000    1600.000000   131.871000    7.14408E-02  7.28796E-04  13.660900  6.232670
3  1780.000000   103.229000    1600.000000   131.871000    1640.000000   112.857000    2.09232E-01  3.61122E-03  13.100600  3.764290
3  1780.000000   103.229000    1640.000000   112.857000    1680.000000   114.145000    2.93353E-01  3.47723E-03  11.486000  2.271910
3  1780.000000   103.229000    1680.000000   114.145000    1720.000000   106.756000    3.68056E-01  3.68847E-03  7.873920  1.380350
3  1780.000000   103.229000    1880.000000   68.179000     1920.000000   68.761000     3.78640E-01  3.79287E-03  65.767900  1.299460
3  1780.000000   103.229000    2080.000000   61.209000     2120.000000   64.714000     2.50197E-02  2.59429E-04  18.383300  5.072310
3  1780.000000   103.229000    2280.000000   43.553000     2320.000000   45.377000     8.39663E-03  1.00897E-04  19.169300  9.575450
3  1780.000000   103.229000    0.000000      105.852000    80.000000     108.382000    3.00392E-03  5.43803E-05  -13.897500  22.813700
3  1780.000000   103.229000    40.000000     108.172000    120.000000    102.908000    2.54689E-03  4.60941E-05  -2.628940  22.817900
3  1780.000000   103.229000    1080.000000   116.772000    1160.000000   133.280000    2.61050E-02  2.70717E-04  16.967800  5.073000
3  1780.000000   103.229000    1120.000000   126.923000    1200.000000   143.288000    3.04751E-02  3.12315E-04  25.592300  4.515790
3  1780.000000   103.229000    1160.000000   133.280000    1240.000000   143.282000    3.12554E-02  3.20315E-04  27.749700  4.513770
3  1780.000000   103.229000    1280.000000   155.645000    1360.000000   187.371000    3.71597E-02  1.09245E-03  13.129100  4.126100
3  1780.000000   103.229000    1320.000000   173.060000    1400.000000   194.951000    3.74967E-02  7.43098E-04  12.042400  4.116190
3  1780.000000   103.229000    1360.000000   187.371000    1440.000000   204.976000    3.79026E-02  3.94202E-04  10.385100  4.113300
3  1780.000000   103.229000    2120.000000   64.714000     2200.000000   52.831000     2.61942E-02  2.71608E-04  24.314200  5.072300
3  1780.000000   103.229000    2160.000000   69.496000     2240.000000   43.386000     2.81469E-02  2.88452E-04  18.308000  4.512980
3  1780.000000   103.229000    2200.000000   52.831000     2280.000000   43.553000     3.23237E-02  3.31257E-04  20.057800  4.512990
3  1780.000000   103.229000    2240.000000   43.386000     2320.000000   45.377000     2.75944E-02  2.82790E-04  20.411600  4.513000
3  1780.000000   103.229000    0.000000      105.852000    160.000000    97.335000     5.80259E-03  7.41252E-05  -4.833140  12.657600
3  1780.000000   103.229000    40.000000     108.172000    200.000000    92.851000     5.41429E-03  6.92959E-05  4.541190  12.650500
3  1780.000000   103.229000    80.000000     108.382000    240.000000    92.290000     5.42793E-03  6.95074E-05  10.202200  12.647000
3  1780.000000   103.229000    120.000000    102.908000    280.000000    93.398000     5.57702E-03  7.13658E-05  15.178000  12.648900
3  1780.000000   103.229000    360.000000    95.756000     520.000000    118.621000    5.73626E-03  7.34396E-05  24.845800  12.644400
3  1780.000000   103.229000    400.000000    101.442000    560.000000    114.524000    6.32200E-03  7.96269E-05  28.728100  12.118800
3  1780.000000   103.229000    440.000000    109.091000    600.000000    110.348000    6.82527E-03  8.59199E-05  26.822200  12.116000
3  1780.000000   103.229000    480.000000    117.202000    640.000000    121.240000    7.82763E-03  9.41852E-05  27.011400  9.577430
3  1780.000000   103.229000    520.000000    118.621000    680.000000    117.505000    8.32322E-03  1.00118E-04  28.433000  9.576840
3  1780.000000   103.229000    560.000000    114.524000    720.000000    113.178000    9.73006E-03  1.14395E-04  29.613000  8.577620
3  1780.000000   103.229000    600.000000    110.348000    760.000000    100.356000    1.36536E-02  1.54684E-04  29.192100  6.889510
3  1780.000000   103.229000    640.000000    121.240000    800.000000    108.602000    1.68664E-02  1.84652E-04  28.019400  6.288140
3  1780.000000   103.229000    680.000000    117.505000    840.000000    121.214000    1.95917E-02  2.09998E-04  26.441500  5.991370
3  1780.000000   103.229000    720.000000    113.178000    880.000000    124.368000    2.11691E-02  2.25563E-04  24.938900  6.038850
3  1780.000000   103.229000    760.000000    100.356000    920.000000    140.952000    2.03392E-02  2.17910E-04  23.408500  5.990550
3  1780.000000   103.229000    800.000000    108.602000    960.000000    154.933000    2.01885E-02  2.16265E-04  22.782600  5.990410
3  1780.000000   103.229000    840.000000    121.214000    1000.000000   139.164000    1.85086E-02  1.98229E-04  23.411100  5.990410
3  1780.000000   103.229000    880.000000    124.368000    1040.000000   135.603000    1.94304E-02  2.08082E-04  24.446700  5.990460
3  1780.000000   103.229000    920.000000    140.952000    1080.000000   116.772000    1.81453E-02  1.94311E-04  26.780200  5.990480
3  1780.000000   103.229000    960.000000    154.933000    1120.000000   126.923000    2.39412E-02  2.48258E-04  27.334000  5.072400
3  1780.000000   103.229000    0.000000      105.852000    320.000000    95.039000     1.16419E-02  1.36463E-04  7.338480  8.341010
3  1780.000000   103.229000    40.000000     108.172000    360.000000    95.756000     1.13054E-02  1.31662E-04  13.694100  8.383000
3  1780.000000   103.229000    80.000000     108.382000    400.000000    101.442000    1.15790E-02  1.34831E-04  15.439000  8.343990
3  1780.000000   103.229000    120.000000    102.908000    440.000000    109.091000    1.17126E-02  1.36506E-04  19.788100  8.328630
3  1780.000000   103.229000    160.000000    97.335000     480.000000    117.202000    1.14841E-02  1.33798E-04  21.854300  8.322270
3  1860.000000   72.265000     1640.000000   112.857000    1680.000000   114.145000    1.28957E-01  3.14603E-03  5.878980  7.795380
3  1860.000000   72.265000     1680.000000   114.145000    1720.000000   106.756000    1.19609E-01  1.20420E-03  3.120300  9.007690
3  1860.000000   72.265000     1720.000000   106.756000    1760.000000   101.140000    3.73306E-01  4.35129E-03  5.320200  3.812990
3  1860.000000   72.265000     1760.000000   101.140000    1800.000000   104.339000    3.00859E-01  3.02953E-03  6.744490  1.584420
3  1860.000000   72.265000     2080.000000   61.209000     2120.000000   64.714000     3.55548E-02  3.61383E-04  18.286600  4.112070
3  1860.000000   72.265000     2160.000000   69.496000     2200.000000   52.831000     1.86962E-02  2.00191E-04  18.766000  5.990350
3  1860.000000   72.265000     2280.000000   43.553000     2320.000000   45.377000     1.00069E-02  1.17547E-04  19.590300  8.576440
3  1860.000000   72.265000     1160.000000   133.280000    1240.000000   143.282000    2.27617E-02  2.42453E-04  21.580100  6.040310
3  1860.000000   72.265000     1200.000000   143.288000    1280.000000   155.645000    3.10884E-02  3.18818E-04  15.164900  4.513980
3  1860.000000   72.265000     1240.000000   143.282000    1320.000000   173.060000    3.27282E-02  3.32826E-04  14.420300  4.112420
3  1860.000000   72.265000     1280.000000   155.645000    1360.000000   187.371000    2.60177E-02  2.69822E-04  13.498700  5.072300
3  1860.000000   72.265000     1320.000000   173.060000    1400.000000   194.951000    2.60751E-02  2.70401E-04  12.553300  5.072410
3  1860.000000   72.265000     1360.000000   187.371000    1440.000000   204.976000    2.57610E-02  2.67131E-04  10.878600  5.072280
3  1860.000000   72.265000     1400.000000   194.951000    1480.000000   191.689000    2.22026E-02  2.36371E-04  9.760590  6.038210
3  1860.000000   72.265000     1440.000000   204.976000    1520.000000   175.987000    2.45627E-02  2.54696E-04  10.331400  5.072300
3  1860.000000   72.265000     2200.000000   52.831000     2280.000000   43.553000     3.92327E-02  3.96698E-04  21.340300  3.850080
3  1860.000000   72.265000     2240.000000   43.386000     2320.000000   45.377000     3.30896E-02  3.36326E-04  21.573500  4.112080
3  1860.000000   72.265000     80.000000     108.382000    240.000000    92.290000     4.48437E-03  7.21679E-05  -16.812900  18.563200
3  1860.000000   72.265000     120.000000    102.908000    280.000000    93.398000     4.59672E-03  7.41143E-05  -6.814940  18.562500
3  1860.000000   72.265000     440.000000    109.091000    600.000000    110.348000    5.46665E-03  7.01852E-05  24.106300  12.641800
3  1860.000000   72.265000     480.000000    117.202000    640.000000    121.240000    6.25172E-03  8.01783E-05  24.432400  12.641500
3  1860.000000   72.265000     520.000000    118.621000    680.000000    117.505000    6.62493E-03  8.36464E-05  26.343800  12.116300
3  1860.000000   72.265000     560.000000    114.524000    720.000000    113.178000    7.70567E-03  9.70313E-05  27.429400  12.115600
3  1860.000000   72.265000     600.000000    110.348000    760.000000    100.356000    1.07497E-02  1.26653E-04  27.119700  8.578760
3  1860.000000   72.265000     640.000000    121.240000    800.000000    108.602000    1.32312E-02  1.50259E-04  26.072600  6.890410
3  1860.000000   72.265000     680.000000    117.505000    840.000000    121.214000    1.53230E-02  1.68162E-04  24.292800  6.289430
3  1860.000000   72.265000     720.000000    113.178000    880.000000    124.368000    1.65086E-02  1.81109E-04  23.218600  6.288670
3  1860.000000   72.265000     760.000000    100.356000    920.000000    140.952000    1.57889E-02  1.73012E-04  21.678600  6.288390
3  1860.000000   72.265000     800.000000    108.602000    960.000000    154.933000    1.55957E-02  1.70804E-04  21.021600  6.288320
3  1860.000000   72.265000     840.000000    121.214000    1000.000000   139.164000    1.41782E-02  1.60540E-04  21.893500  6.888100
3  1860.000000   72.265000     880.000000    124.368000    1040.000000   135.603000    1.48109E-02  1.67693E-04  23.050800  6.888520
3  1860.000000   72.265000     920.000000    140.952000    1080.000000   116.772000    1.37269E-02  1.55398E-04  25.214200  6.888600
3  1860.000000   72.265000     960.000000    154.933000    1120.000000   126.923000    1.78825E-02  1.91598E-04  26.841200  5.991210
3  1860.000000   72.265000     1000.000000   139.164000    1160.000000   133.280000    2.63493E-02  2.73432E-04  25.526900  5.079730
3  1860.000000   72.265000     1040.000000   135.603000    1200.000000   143.288000    3.32827E-02  3.38651E-04  26.004200  4.112770
3  1860.000000   72.265000     40.000000     108.172000    360.000000    95.756000     9.31211E-03  1.11509E-04  -8.093290  8.593620
3  1860.000000   72.265000     80.000000     108.382000    400.000000    101.442000    9.51702E-03  1.11846E-04  -3.191090  8.587900
3  1860.000000   72.265000     120.000000    102.908000    440.000000    109.091000    9.60200E-03  1.12984E-04  4.965830  8.577380
3  1860.000000   72.265000     160.000000    97.335000     480.000000    117.202000    9.38760E-03  1.13104E-04  10.047400  9.576190
3  1860.000000   72.265000     200.000000    92.851000     520.000000    118.621000    9.46983E-03  1.11382E-04  14.430400  8.577530
3  1860.000000   72.265000     240.000000    92.290000     560.000000    114.524000    1.01203E-02  1.18919E-04  17.450800  8.577910
3  1937.000000   69.020000     1600.000000   131.871000    1640.000000   112.857000    5.05919E-02  5.10715E-04  11.379100  3.412710
3  1937.000000   69.020000     1640.000000   112.857000    1680.000000   114.145000    4.12186E-02  4.17103E-04  11.711700  3.854520
3  1937.000000   69.020000     1720.000000   106.756000    1760.000000   101.140000    8.01018E-02  8.05368E-04  12.521300  2.816780
3  1937.000000   69.020000     1760.000000   101.140000    1800.000000   104.339000    3.82272E-02  3.88568E-04  11.649500  4.112310
3  1937.000000   69.020000     1800.000000   104.339000    1840.000000   80.146000     1.53715E-01  1.54193E-03  12.432100  1.870060
3  1937.000000   69.020000     2080.000000   61.209000     2120.000000   64.714000     6.93838E-02  6.97175E-04  17.766300  2.813400
3  1937.000000   69.020000     2240.000000   43.386000     2280.000000   43.553000     2.88503E-02  2.95661E-04  22.257400  4.512990
3  1937.000000   69.020000     2280.000000   43.553000     2320.000000   45.377000     1.21941E-02  1.41948E-04  20.741000  8.322150
3  1937.000000   69.020000     1240.000000   143.282000    1320.000000   173.060000    1.75619E-02  1.92700E-04  16.678100  6.313170
3  1937.000000   69.020000     1280.000000   155.645000    1360.000000   187.371000    1.37921E-02  1.56274E-04  15.306300  6.896920
3  1937.000000   69.020000     1320.000000   173.060000    1400.000000   194.951000    1.36615E-02  1.54744E-04  14.386000  6.894410
3  1937.000000   69.020000     1360.000000   187.371000    1440.000000   204.976000    1.31617E-02  1.53302E-04  12.783200  8.325760
3  1937.000000   69.020000     1400.000000   194.951000    1480.000000   191.689000    1.10788E-02  1.30179E-04  11.872800  8.578250
3  1937.000000   69.020000     1440.000000   204.976000    1520.000000   175.987000    1.21238E-02  1.41166E-04  12.749900  8.323620
3  1937.000000   69.020000     1480.000000   191.689000    1560.000000   155.051000    2.41399E-02  2.50543E-04  14.661000  5.078950
3  1937.000000   69.020000     1520.000000   175.987000    1600.000000   131.871000    3.78214E-02  3.84908E-04  13.929300  4.122310
3  1937.000000   69.020000     520.000000    118.621000    680.000000    117.505000    4.48108E-03  7.19352E-05  17.388600  18.564100
3  1937.000000   69.020000     560.000000    114.524000    720.000000    113.178000    5.15920E-03  6.59423E-05  19.306100  12.642900
3  1937.000000   69.020000     600.000000    110.348000    760.000000    100.356000    7.11494E-03  8.98446E-05  20.466500  12.126800
3  1937.000000   69.020000     640.000000    121.240000    800.000000    108.602000    8.67152E-03  1.04553E-04  20.684200  9.656340
3  1937.000000   69.020000     680.000000    117.505000    840.000000    121.214000    9.96150E-03  1.17247E-04  19.110600  8.614010
3  1937.000000   69.020000     720.000000    113.178000    880.000000    124.368000    1.06328E-02  1.26647E-04  17.909800  8.854710
3  1937.000000   69.020000     760.000000    100.356000    920.000000    140.952000    1.00541E-02  1.18621E-04  16.400800  8.739390
3  1937.000000   69.020000     800.000000    108.602000    960.000000    154.933000    9.83502E-03  1.15875E-04  15.759200  8.602460
3  1937.000000   69.020000     840.000000    121.214000    1000.000000   139.164000    8.91927E-03  1.07363E-04  17.281500  9.586870
3  1937.000000   69.020000     880.000000    124.368000    1040.000000   135.603000    9.19774E-03  1.10695E-04  19.709500  9.586240
3  1937.000000   69.020000     920.000000    140.952000    1080.000000   116.772000    8.43642E-03  1.01500E-04  22.958000  9.583370
3  1937.000000   69.020000     960.000000    154.933000    1120.000000   126.923000    1.07225E-02  1.26157E-04  25.599600  8.587010
3  1937.000000   69.020000     1000.000000   139.164000    1160.000000   133.280000    1.52482E-02  1.67524E-04  33.242700  6.531420
3  1937.000000   69.020000     1040.000000   135.603000    1200.000000   143.288000    1.91064E-02  2.05535E-04  26.792200  6.039870
3  1937.000000   69.020000     1080.000000   116.772000    1240.000000   143.282000    2.35923E-02  2.45891E-04  24.349100  5.134040
3  1937.000000   69.020000     1120.000000   126.923000    1280.000000   155.645000    2.94614E-02  3.03650E-04  21.552700  4.581420
3  1937.000000   69.020000     160.000000    97.335000     480.000000    117.202000    6.67540E-03  8.39598E-05  0.647851  12.121900
3  1937.000000   69.020000     200.000000    92.851000     520.000000    118.621000    6.69177E-03  8.52271E-05  4.541700  12.142500
3  1937.000000   69.020000     240.000000    92.290000     560.000000    114.524000    7.10168E-03  8.94868E-05  7.126980  12.122200
3  1937.000000   69.020000     280.000000    93.398000     600.000000    110.348000    7.29399E-03  9.18919E-05  9.734000  12.115000
3  1937.000000   69.020000     320.000000    95.039000     640.000000    121.240000    7.50471E-03  9.44002E-05  11.548000  12.114600
3  2019.000000   59.719000     1680.000000   114.145000    1720.000000   106.756000    1.58093E-02  1.72894E-04  14.177500  6.287810
3  2019.000000   59.719000     1720.000000   106.756000    1760.000000   101.140000    4.04406E-02  4.08919E-04  15.223400  3.853600
3  2019.000000   59.719000     1760.000000   101.140000    1800.000000   104.339000    1.82560E-02  1.95478E-04  17.043900  5.990590
3  2019.000000   59.719000     1800.000000   104.339000    1840.000000   80.146000     6.26896E-02  6.30808E-04  16.489200  3.201420
3  2019.000000   59.719000     1840.000000   80.146000     1880.000000   68.179000     9.94342E-02  9.97812E-04  13.978400  2.342400
3  2019.000000   59.719000     1880.000000   68.179000     1920.000000   68.761000     1.89278E-01  1.89770E-03  14.233200  1.816870
3  2019.000000   59.719000     2360.000000   47.641000     2400.000000   52.837000     1.41690E-02  1.60346E-04  50.841600  6.887860
3  2019.000000   59.719000     1320.000000   173.060000    1400.000000   194.951000    9.22714E-03  1.10877E-04  13.847000  9.575600
3  2019.000000   59.719000     1360.000000   187.371000    1440.000000   204.976000    8.99885E-03  1.08134E-04  12.599900  9.575700
3  2019.000000   59.719000     1400.000000   194.951000    1480.000000   191.689000    7.60917E-03  9.56564E-05  12.488900  12.114300
3  2019.000000   59.719000     1440.000000   204.976000    1520.000000   175.987000    8.06780E-03  9.69459E-05  13.443700  9.575540
3  2019.000000   59.719000     1480.000000   191.689000    1560.000000   155.051000    1.55400E-02  1.69949E-04  15.333900  6.287230
3  2019.000000   59.719000     1520.000000   175.987000    1600.000000   131.871000    2.35097E-02  2.50280E-04  14.341800  6.039240
3  2019.000000   59.719000     1560.000000   155.051000    1640.000000   112.857000    4.34227E-02  4.39069E-04  11.819900  3.851900
3  2019.000000   59.719000     1600.000000   131.871000    1680.000000   114.145000    5.54028E-02  5.58216E-04  11.559100  3.400050
3  2019.000000   59.719000     600.000000    110.348000    760.000000    100.356000    5.67189E-03  7.24482E-05  17.287600  12.638800
3  2019.000000   59.719000     640.000000    121.240000    800.000000    108.602000    6.84249E-03  8.60217E-05  16.643400  12.114200
3  2019.000000   59.719000     680.000000    117.505000    840.000000    121.214000    7.79207E-03  9.79596E-05  15.318700  12.114300
3  2019.000000   59.719000     720.000000    113.178000    880.000000    124.368000    8.23449E-03  9.89530E-05  14.240800  9.575650
3  2019.000000   59.719000     760.000000    100.356000    920.000000    140.952000    7.69830E-03  9.67792E-05  12.861700  12.114400
3  2019.000000   59.719000     800.000000    108.602000    960.000000    154.933000    7.47675E-03  9.39940E-05  13.073300  12.114400
3  2019.000000   59.719000     840.000000    121.214000    1000.000000   139.164000    6.88576E-03  8.65630E-05  14.987600  12.114100
3  2019.000000   59.719000     880.000000    124.368000    1040.000000   135.603000    7.00295E-03  8.80362E-05  17.547900  12.114300
3  2019.000000   59.719000     920.000000    140.952000    1080.000000   116.772000    6.40951E-03  8.05759E-05  20.802400  12.114100
3  2019.000000   59.719000     960.000000    154.933000    1120.000000   126.923000    8.00303E-03  9.61684E-05  23.902100  9.576910
3  2019.000000   59.719000     1000.000000   139.164000    1160.000000   133.280000    1.09125E-02  1.28249E-04  31.694800  8.720690
3  2019.000000   59.719000     1040.000000   135.603000    1200.000000   143.288000    1.36196E-02  1.54141E-04  24.938400  6.920490
3  2019.000000   59.719000     1080.000000   116.772000    1240.000000   143.282000    1.66222E-02  1.81800E-04  23.109000  6.336110
3  2019.000000   59.719000     1120.000000   126.923000    1280.000000   155.645000    2.05663E-02  2.18961E-04  20.699400  6.070230
3  2019.000000   59.719000     1160.000000   133.280000    1320.000000   173.060000    2.11415E-02  2.25066E-04  15.027100  6.039860
3  2019.000000   59.719000     1200.000000   143.288000    1360.000000   187.371000    2.11177E-02  2.24817E-04  16.434700  6.039540
3  2019.000000   59.719000     160.000000    97.335000     480.000000    117.202000    5.56251E-03  7.11339E-05  5.317830  12.638600
3  2019.000000   59.719000     200.000000    92.851000     520.000000    118.621000    5.56046E-03  7.11361E-05  6.351740  12.638700
3  2019.000000   59.719000     240.000000    92.290000     560.000000    114.524000    5.88177E-03  7.52308E-05  7.472300  12.639200
3  2019.000000   59.719000     280.000000    93.398000     600.000000    110.348000    6.01975E-03  7.69107E-05  8.971750  12.639600
3  2019.000000   59.719000     320.000000    95.039000     640.000000    121.240000    6.15466E-03  7.86104E-05  10.030100  12.639300
3  2019.000000   59.719000     360.000000    95.756000     680.000000    117.505000    6.30015E-03  8.04699E-05  11.987400  12.639100
3  2019.000000   59.719000     400.000000    101.442000    720.000000    113.178000    7.05703E-03  8.87153E-05  16.122800  12.114400
3  2100.000000   58.057000     1640.000000   112.857000    1680.000000   114.145000    1.52668E-02  3.16266E-04  14.957800  19.779400
3  2100.000000   58.057000     1880.000000   68.179000     1920.000000   68.761000     6.14729E-02  2.40211E-03  20.680400  38.649800
3  2100.000000   58.057000     1400.000000   194.951000    1480.000000   191.689000    5.04231E-03  1.27959E-04  12.893500  28.431100
3  2100.000000   58.057000     1440.000000   204.976000    1520.000000   175.987000    5.24744E-03  6.78961E-05  13.041100  12.863700
3  2100.000000   58.057000     1480.000000   191.689000    1560.000000   155.051000    1.01722E-02  1.27276E-04  14.582500  9.810330
3  2100.000000   58.057000     1520.000000   175.987000    1600.000000   131.871000    1.53886E-02  1.68401E-04  13.361400  6.560660
3  2100.000000   58.057000     1560.000000   155.051000    1640.000000   112.857000    2.73550E-02  1.16762E-03  13.132700  42.701000
3  2100.000000   58.057000     1640.000000   112.857000    1720.000000   106.756000    2.41393E-02  2.52567E-04  15.403600  5.238130
3  2100.000000   58.057000     1680.000000   114.145000    1760.000000   101.140000    3.18625E-02  3.34856E-04  15.414400  5.102480
3  2100.000000   58.057000     840.000000    121.214000    1000.000000   139.164000    4.97212E-03  7.98040E-05  6.046840  18.562500
3  2100.000000   58.057000     880.000000    124.368000    1040.000000   135.603000    5.01305E-03  8.04574E-05  10.966700  18.563200
3  2100.000000   58.057000     920.000000    140.952000    1080.000000   116.772000    4.55569E-03  7.31202E-05  16.836000  18.562800
3  2100.000000   58.057000     960.000000    154.933000    1120.000000   126.923000    5.59323E-03  7.15626E-05  18.915100  12.676500
3  2100.000000   58.057000     1000.000000   139.164000    1160.000000   133.280000    7.32178E-03  9.24221E-05  41.190200  12.412200
3  2100.000000   58.057000     1040.000000   135.603000    1200.000000   143.288000    9.19346E-03  1.11345E-04  20.960900  9.798970
3  2100.000000   58.057000     1080.000000   116.772000    1240.000000   143.282000    1.10985E-02  1.34364E-04  19.674200  9.309470
3  2100.000000   58.057000     1120.000000   126.923000    1280.000000   155.645000    1.35427E-02  1.55347E-04  18.863700  7.287200
3  2100.000000   58.057000     1160.000000   133.280000    1320.000000   173.060000    1.39889E-02  1.60321E-04  6.269180  7.142440
3  2100.000000   58.057000     1200.000000   143.288000    1360.000000   187.371000    1.37541E-02  1.58070E-04  14.841900  7.141370
3  2100.000000   58.057000     1240.000000   143.282000    1400.000000   194.951000    1.39335E-02  1.58147E-04  13.571700  7.006940
3  2100.000000   58.057000     1280.000000   155.645000    1440.000000   204.976000    1.20967E-02  1.93389E-04  12.740600  14.429600
3  2180.000000   60.726000     2360.000000   47.641000     2400.000000   52.837000     7.56230E-02  7.59867E-04  50.772200  2.813350
3  2180.000000   60.726000     1480.000000   191.689000    1560.000000   155.051000    6.44040E-03  8.09642E-05  10.859900  12.122200
3  2180.000000   60.726000     1520.000000   175.987000    1600.000000   131.871000    9.38515E-03  1.12777E-04  9.482260  9.587100
3  2180.000000   60.726000     1560.000000   155.051000    1640.000000   112.857000    1.66072E-02  1.81626E-04  9.494760  6.342540
3  2180.000000   60.726000     1600.000000   131.871000    1680.000000   114.145000    2.02166E-02  2.16483E-04  11.632400  6.049960
3  2180.000000   60.726000     1640.000000   112.857000    1720.000000   106.756000    1.32840E-02  1.50335E-04  13.166000  6.901750
3  2180.000000   60.726000     1680.000000   114.145000    1760.000000   101.140000    1.56829E-02  1.71514E-04  13.132700  6.303050
3  2180.000000   60.726000     1720.000000   106.756000    1800.000000   104.339000    1.50515E-02  1.70336E-04  13.605600  6.900780
3  2180.000000   60.726000     1760.000000   101.140000    1840.000000   80.146000     1.59552E-02  1.74491E-04  16.608600  6.296230
3  2180.000000   60.726000     960.000000    154.933000    1120.000000   126.923000    4.40275E-03  7.06637E-05  14.756400  18.570800
3  2180.000000   60.726000     1000.000000   139.164000    1160.000000   133.280000    5.51566E-03  7.10070E-05  52.276300  13.792700
3  2180.000000   60.726000     1040.000000   135.603000    1200.000000   143.288000    6.99071E-03  8.79061E-05  16.758300  12.201800
3  2180.000000   60.726000     1080.000000   116.772000    1240.000000   143.282000    8.32899E-03  1.00126E-04  17.015200  9.767280
3  2180.000000   60.726000     1120.000000   126.923000    1280.000000   155.645000    1.00158E-02  1.17686E-04  15.510800  8.719140
3  2180.000000   60.726000     1200.000000   143.288000    1360.000000   187.371000    9.92162E-03  1.16546E-04  11.513300  8.592250
3  2180.000000   60.726000     1240.000000   143.282000    1400.000000   194.951000    9.91184E-03  1.16432E-04  10.191300  8.591990
3  2180.000000   60.726000     1280.000000   155.645000    1440.000000   204.976000    8.38004E-03  1.00698E-04  8.910980  9.580440
3  2180.000000   60.726000     1320.000000   173.060000    1480.000000   191.689000    7.55563E-03  9.49833E-05  9.013120  12.115200
3  2180.000000   60.726000     1360.000000   187.371000    1520.000000   175.987000    7.50404E-03  9.43348E-05  9.855760  12.119200
3  2260.000000   42.980000     2120.000000   64.714000     2160.000000   69.496000     9.70982E-02  9.74371E-04  15.413400  2.340610
3  2260.000000   42.980000     2160.000000   69.496000     2200.000000   52.831000     3.08631E-01  3.09239E-03  12.840300  1.549950
3  2260.000000   42.980000     1560.000000   155.051000    1640.000000   112.857000    9.95371E-03  1.16986E-04  3.152580  9.092650
3  2260.000000   42.980000     1600.000000   131.871000    1680.000000   114.145000    1.19710E-02  1.39429E-04  5.678940  8.719780
3  2260.000000   42.980000     1640.000000   112.857000    1720.000000   106.756000    7.67752E-03  9.65210E-05  6.093760  12.120900
3  2260.000000   42.980000     1680.000000   114.145000    1760.000000   101.140000    8.82817E-03  1.06090E-04  6.606110  9.584560
3  2260.000000   42.980000     1720.000000   106.756000    1800.000000   104.339000    8.37942E-03  1.00696E-04  7.163340  9.582290
3  2260.000000   42.980000     1760.000000   101.140000    1840.000000   80.146000     8.46829E-03  1.01762E-04  10.734200  9.580040
3  2260.000000   42.980000     1800.000000   104.339000    1880.000000   68.179000     1.29689E-02  1.50977E-04  12.358400  8.343190
3  2260.000000   42.980000     1360.000000   187.371000    1520.000000   175.987000    4.66984E-03  7.49495E-05  -0.040425  18.574000
3  2260.000000   42.980000     1400.000000   194.951000    1560.000000   155.051000    6.03251E-03  7.70539E-05  1.940680  12.658000
3  2260.000000   42.980000     1440.000000   204.976000    1600.000000   131.871000    7.84357E-03  9.86078E-05  1.104500  12.133700
3  2340.000000   46.659000     2040.000000   57.680000     2080.000000   61.209000     1.72136E-02  1.88250E-04  16.068100  6.286890
3  2340.000000   46.659000     2120.000000   64.714000     2160.000000   69.496000     2.23648E-02  2.38089E-04  18.564400  6.038200
3  2340.000000   46.659000     2160.000000   69.496000     2200.000000   52.831000     5.36753E-02  5.40800E-04  15.353600  3.397770
3  2340.000000   46.659000     2200.000000   52.831000     2240.000000   43.386000     1.83422E-01  1.83899E-03  10.748100  1.815710
3  2340.000000   46.659000     1760.000000   101.140000    1840.000000   80.146000     4.87912E-03  7.83069E-05  1.940870  18.562800
3  2340.000000   46.659000     1800.000000   104.339000    1880.000000   68.179000     7.40299E-03  9.30704E-05  4.523080  12.122100
3  2420.000000   52.025000     2120.000000   64.714000     2160.000000   69.496000     6.45279E-03  8.11193E-05  18.252800  12.114900
3  2420.000000   52.025000     2160.000000   69.496000     2200.000000   52.831000     1.39422E-02  1.57781E-04  16.286900  6.888190
3  2420.000000   52.025000     2200.000000   52.831000     2240.000000   43.386000     4.62500E-02  4.67652E-04  11.252500  3.850130
3  2420.000000   52.025000     2280.000000   43.553000     2320.000000   45.377000     8.65851E-02  8.69314E-04  5.198850  2.592460
3  2420.000000   52.025000     2000.000000   61.720000     2080.000000   61.209000     8.51714E-03  1.02345E-04  11.868300  9.575470
3  2580.000000   52.581000     2280.000000   43.553000     2320.000000   45.377000     1.43308E-02  1.62177E-04  5.782830  6.887890
3  2580.000000   52.581000     2360.000000   47.641000     2400.000000   52.837000     3.13170E-02  3.20940E-04  22.785900  4.512980
3  2580.000000   52.581000     2040.000000   57.680000     2120.000000   64.714000     5.18675E-03  6.62789E-05  6.265190  12.839000
3  2580.000000   52.581000     2080.000000   61.209000     2160.000000   69.496000     3.13056E-03  5.66112E-05  13.618300  22.810200
3  2740.000000   86.111000     2040.000000   57.680000     2120.000000   64.714000     4.06960E-03  6.54961E-05  5.475030  19.144100
3  2740.000000   86.111000     2080.000000   61.209000     2160.000000   69.496000     2.20947E-03  5.92496E-05  12.319800  29.851100
