L26 SSIP denoised F3 0.65625 Hz
10.000000
11
0
Type of measurement (0=app. resistivity,1=resistance)
1
2178                
1
1
Phase Angle
mrad
0,0.65625
Error estimate for data present
Type of error estimate (0=same unit as data)
0
3  -20.000000    105.902000    240.000000    92.290000     280.000000    93.398000     1.28816E-02  1.49961E-04  8.302150  8.322190
3  -20.000000    105.902000    280.000000    93.398000     320.000000    95.039000     1.08574E-02  1.27539E-04  9.590700  8.576600
3  -20.000000    105.902000    1880.000000   68.179000     1920.000000   68.761000     1.24610E-03  4.96436E-05  12.159500  48.651900
3  -20.000000    105.902000    2280.000000   43.553000     2320.000000   45.377000     2.12859E-04  8.48013E-06  12.722800  48.651900
3  -20.000000    105.902000    2360.000000   47.641000     2400.000000   52.837000     2.64840E-04  1.05510E-05  37.930800  48.651900
3  -20.000000    105.902000    320.000000    95.039000     400.000000    101.442000    1.27767E-02  1.48730E-04  11.404500  8.322320
3  -20.000000    105.902000    360.000000    95.756000     440.000000    109.091000    9.73398E-03  1.14341E-04  7.509430  8.576460
3  -20.000000    105.902000    400.000000    101.442000    480.000000    117.202000    7.97707E-03  9.58557E-05  4.808240  9.598190
3  -20.000000    105.902000    440.000000    109.091000    520.000000    118.621000    6.45141E-03  8.11968E-05  13.068300  12.114800
3  -20.000000    105.902000    480.000000    117.202000    560.000000    114.524000    6.94831E-03  8.74473E-05  11.839400  12.114500
3  -20.000000    105.902000    520.000000    118.621000    600.000000    110.348000    6.57226E-03  8.26212E-05  11.064200  12.114300
3  -20.000000    105.902000    560.000000    114.524000    640.000000    121.240000    5.46647E-03  6.98205E-05  10.966500  12.670000
3  -20.000000    105.902000    600.000000    110.348000    680.000000    117.505000    4.48097E-03  7.19169E-05  11.992100  18.585400
3  -20.000000    105.902000    1800.000000   104.339000    1880.000000   68.179000     2.43940E-03  6.54154E-05  13.205600  29.851100
3  -20.000000    105.902000    1840.000000   80.146000     1920.000000   68.761000     2.49691E-03  4.51526E-05  12.452900  22.810200
3  -20.000000    105.902000    2200.000000   52.831000     2280.000000   43.553000     8.75277E-04  3.48703E-05  25.484000  48.662100
3  -20.000000    105.902000    2240.000000   43.386000     2320.000000   45.377000     6.87571E-04  2.73923E-05  20.658000  48.651900
3  -20.000000    105.902000    640.000000    121.240000    800.000000    108.602000    1.17415E-02  1.36679E-04  13.649900  8.322250
3  -20.000000    105.902000    680.000000    117.505000    840.000000    121.214000    1.19183E-02  1.38737E-04  13.215600  8.322350
3  -20.000000    105.902000    720.000000    113.178000    880.000000    124.368000    1.11290E-02  1.30729E-04  12.613600  8.576900
3  -20.000000    105.902000    760.000000    100.356000    920.000000    140.952000    8.82141E-03  1.06002E-04  12.146100  9.575450
3  -20.000000    105.902000    800.000000    108.602000    960.000000    154.933000    7.56083E-03  9.50487E-05  12.207900  12.114200
3  -20.000000    105.902000    840.000000    121.214000    1000.000000   139.164000    6.22409E-03  7.94972E-05  12.161200  12.638600
3  -20.000000    105.902000    880.000000    124.368000    1040.000000   135.603000    5.57697E-03  7.12318E-05  13.024000  12.638700
3  -20.000000    105.902000    920.000000    140.952000    1080.000000   116.772000    4.49905E-03  7.22071E-05  15.443400  18.562400
3  -20.000000    105.902000    960.000000    154.933000    1120.000000   126.923000    4.44912E-03  7.14057E-05  19.330500  18.562400
3  -20.000000    105.902000    1000.000000   139.164000    1160.000000   133.280000    5.31743E-03  6.79174E-05  12.947400  12.638800
3  -20.000000    105.902000    1040.000000   135.603000    1200.000000   143.288000    5.34665E-03  6.82901E-05  23.947500  12.638900
3  -20.000000    105.902000    1080.000000   116.772000    1240.000000   143.282000    5.79894E-03  7.40670E-05  22.622200  12.638700
3  -20.000000    105.902000    1120.000000   126.923000    1280.000000   155.645000    5.92356E-03  7.56587E-05  21.786200  12.638700
3  -20.000000    105.902000    1160.000000   133.280000    1320.000000   173.060000    5.16403E-03  6.59586E-05  30.227800  12.638700
3  -20.000000    105.902000    1200.000000   143.288000    1360.000000   187.371000    4.63038E-03  7.43148E-05  20.115800  18.562400
3  -20.000000    105.902000    1240.000000   143.282000    1400.000000   194.951000    4.25565E-03  6.83006E-05  20.691600  18.562400
3  -20.000000    105.902000    1640.000000   112.857000    1800.000000   104.339000    4.66865E-03  7.49290E-05  13.290400  18.562400
3  -20.000000    105.902000    1680.000000   114.145000    1840.000000   80.146000     4.20899E-03  6.75518E-05  12.725500  18.562400
3  -20.000000    105.902000    1720.000000   106.756000    1880.000000   68.179000     4.56291E-03  7.32320E-05  12.813100  18.562400
3  -20.000000    105.902000    1760.000000   101.140000    1920.000000   68.761000     4.23461E-03  6.79629E-05  12.635300  18.562400
3  -20.000000    105.902000    2040.000000   57.680000     2200.000000   52.831000     1.95324E-03  5.34428E-05  20.884600  29.851300
3  -20.000000    105.902000    2080.000000   61.209000     2240.000000   43.386000     1.34954E-03  3.62088E-05  26.047500  29.851600
3  -20.000000    105.902000    2120.000000   64.714000     2280.000000   43.553000     1.50104E-03  4.08699E-05  25.307400  29.854100
3  -20.000000    105.902000    2160.000000   69.496000     2320.000000   45.377000     1.49050E-03  4.11084E-05  22.627700  29.857400
3  -20.000000    105.902000    1280.000000   155.645000    1600.000000   131.871000    6.39114E-03  8.03443E-05  17.787800  12.114100
3  -20.000000    105.902000    1320.000000   173.060000    1640.000000   112.857000    7.78103E-03  9.78169E-05  16.206900  12.114100
3  -20.000000    105.902000    1360.000000   187.371000    1680.000000   114.145000    8.56896E-03  1.02968E-04  15.541800  9.575450
3  -20.000000    105.902000    1400.000000   194.951000    1720.000000   106.756000    8.70459E-03  1.04598E-04  14.728500  9.575450
3  -20.000000    105.902000    1440.000000   204.976000    1760.000000   101.140000    9.65308E-03  1.13391E-04  14.252000  8.576430
3  -20.000000    105.902000    1480.000000   191.689000    1800.000000   104.339000    9.79363E-03  1.15042E-04  14.028600  8.576440
3  -20.000000    105.902000    1520.000000   175.987000    1840.000000   80.146000     1.03939E-02  1.22093E-04  13.874100  8.576440
3  -20.000000    105.902000    1560.000000   155.051000    1880.000000   68.179000     1.05530E-02  1.23962E-04  13.321500  8.576430
3  -20.000000    105.902000    1600.000000   131.871000    1920.000000   68.761000     1.07015E-02  1.25707E-04  13.269200  8.576550
3  -20.000000    105.902000    2000.000000   61.720000     2320.000000   45.377000     3.17620E-03  5.84192E-05  21.556900  22.813200
3  -320.000000   88.258000     1880.000000   68.179000     1920.000000   68.761000     8.07363E-04  3.21647E-05  11.097000  48.651900
3  -320.000000   88.258000     2280.000000   43.553000     2320.000000   45.377000     1.42779E-04  5.68820E-06  3.393930  48.652000
3  -320.000000   88.258000     2360.000000   47.641000     2400.000000   52.837000     1.74640E-04  6.95752E-06  43.568800  48.651900
3  -320.000000   88.258000     120.000000    102.908000    200.000000    92.851000     3.59116E-03  6.49404E-05  8.786270  22.810900
3  -320.000000   88.258000     160.000000    97.335000     240.000000    92.290000     3.01112E-03  5.44513E-05  8.924150  22.810700
3  -320.000000   88.258000     200.000000    92.851000     280.000000    93.398000     2.72301E-03  4.92413E-05  11.582600  22.810700
3  -320.000000   88.258000     240.000000    92.290000     320.000000    95.039000     2.86476E-03  5.18046E-05  17.652800  22.810700
3  -320.000000   88.258000     280.000000    93.398000     360.000000    95.756000     2.58377E-03  4.67233E-05  17.410700  22.811900
3  -320.000000   88.258000     320.000000    95.039000     400.000000    101.442000    1.75923E-03  4.71987E-05  87.197500  30.014400
3  -320.000000   88.258000     1800.000000   104.339000    1880.000000   68.179000     1.56305E-03  4.19151E-05  12.515700  29.851100
3  -320.000000   88.258000     1840.000000   80.146000     1920.000000   68.761000     1.61158E-03  4.32165E-05  11.517500  29.851100
3  -320.000000   88.258000     2200.000000   52.831000     2280.000000   43.553000     5.81974E-04  2.31854E-05  24.238600  48.654100
3  -320.000000   88.258000     2240.000000   43.386000     2320.000000   45.377000     4.51117E-04  1.79721E-05  13.896000  48.652200
3  -320.000000   88.258000     360.000000    95.756000     520.000000    118.621000    3.20109E-03  5.78866E-05  20.661300  22.810600
3  -320.000000   88.258000     400.000000    101.442000    560.000000    114.524000    3.54325E-03  6.42179E-05  -13.608700  24.105600
3  -320.000000   88.258000     440.000000    109.091000    600.000000    110.348000    3.21416E-03  5.81229E-05  28.649900  22.861200
3  -320.000000   88.258000     480.000000    117.202000    640.000000    121.240000    3.28600E-03  5.94280E-05  22.791600  23.523900
3  -320.000000   88.258000     520.000000    118.621000    680.000000    117.505000    3.12876E-03  5.65871E-05  21.860500  23.768700
3  -320.000000   88.258000     560.000000    114.524000    720.000000    113.178000    3.12121E-03  5.64458E-05  21.813800  23.400700
3  -320.000000   88.258000     600.000000    110.348000    760.000000    100.356000    3.71711E-03  5.96615E-05  19.431000  18.838000
3  -320.000000   88.258000     640.000000    121.240000    800.000000    108.602000    4.05750E-03  6.51204E-05  19.728200  18.563400
3  -320.000000   88.258000     680.000000    117.505000    840.000000    121.214000    4.27933E-03  6.86807E-05  18.717800  18.564800
3  -320.000000   88.258000     720.000000    113.178000    880.000000    124.368000    4.17052E-03  6.69343E-05  16.685800  18.563700
3  -320.000000   88.258000     760.000000    100.356000    920.000000    140.952000    3.49066E-03  6.31230E-05  15.671600  22.810300
3  -320.000000   88.258000     800.000000    108.602000    960.000000    154.933000    3.09781E-03  5.60189E-05  15.599600  22.810300
3  -320.000000   88.258000     840.000000    121.214000    1000.000000   139.164000    2.60485E-03  4.71045E-05  16.321500  22.810600
3  -320.000000   88.258000     880.000000    124.368000    1040.000000   135.603000    2.40773E-03  6.45662E-05  16.871200  29.851200
3  -320.000000   88.258000     920.000000    140.952000    1080.000000   116.772000    1.99252E-03  5.34318E-05  19.130200  29.851200
3  -320.000000   88.258000     960.000000    154.933000    1120.000000   126.923000    2.07472E-03  5.56361E-05  22.889100  29.851100
3  -320.000000   88.258000     1640.000000   112.857000    1800.000000   104.339000    2.93044E-03  5.29923E-05  12.703600  22.810200
3  -320.000000   88.258000     1680.000000   114.145000    1840.000000   80.146000     2.66374E-03  4.81695E-05  12.130600  22.810200
3  -320.000000   88.258000     1720.000000   106.756000    1880.000000   68.179000     2.90694E-03  5.25674E-05  12.187300  22.810200
3  -320.000000   88.258000     1760.000000   101.140000    1920.000000   68.761000     2.71924E-03  4.91731E-05  11.869500  22.810200
3  -320.000000   88.258000     2040.000000   57.680000     2200.000000   52.831000     1.33007E-03  3.56674E-05  22.716000  29.851500
3  -320.000000   88.258000     2080.000000   61.209000     2240.000000   43.386000     9.35199E-04  3.72576E-05  27.953000  48.652300
3  -320.000000   88.258000     2120.000000   64.714000     2280.000000   43.553000     1.02735E-03  4.09288E-05  26.486500  48.652800
3  -320.000000   88.258000     2160.000000   69.496000     2320.000000   45.377000     1.01445E-03  4.04149E-05  22.244000  48.652000
3  -320.000000   88.258000     1000.000000   139.164000    1320.000000   173.060000    5.38556E-03  6.87876E-05  22.770700  12.639400
3  -320.000000   88.258000     1040.000000   135.603000    1360.000000   187.371000    5.25377E-03  6.71038E-05  23.235300  12.639000
3  -320.000000   88.258000     1080.000000   116.772000    1400.000000   194.951000    5.36836E-03  6.85674E-05  22.708600  12.639000
3  -320.000000   88.258000     1120.000000   126.923000    1440.000000   204.976000    4.96611E-03  6.34296E-05  21.779500  12.638900
3  -320.000000   88.258000     1160.000000   133.280000    1480.000000   191.689000    4.32995E-03  6.94931E-05  26.308300  18.562400
3  -320.000000   88.258000     1200.000000   143.288000    1520.000000   175.987000    3.95109E-03  6.34126E-05  19.389700  18.562500
3  -320.000000   88.258000     1240.000000   143.282000    1560.000000   155.051000    3.99910E-03  6.41832E-05  18.893900  18.562400
3  -320.000000   88.258000     1280.000000   155.645000    1600.000000   131.871000    3.74977E-03  6.01816E-05  17.331900  18.562400
3  -320.000000   88.258000     1320.000000   173.060000    1640.000000   112.857000    4.66389E-03  7.48526E-05  15.636800  18.562400
3  -320.000000   88.258000     1360.000000   187.371000    1680.000000   114.145000    5.20272E-03  6.64517E-05  14.912500  12.638700
3  -320.000000   88.258000     1400.000000   194.951000    1720.000000   106.756000    5.32764E-03  6.80473E-05  14.146100  12.638700
3  -320.000000   88.258000     1440.000000   204.976000    1760.000000   101.140000    5.95441E-03  7.60527E-05  13.609900  12.638700
3  -320.000000   88.258000     1480.000000   191.689000    1800.000000   104.339000    6.06093E-03  7.74132E-05  13.405100  12.638700
3  -320.000000   88.258000     1520.000000   175.987000    1840.000000   80.146000     6.46919E-03  8.13255E-05  13.240700  12.114100
3  -320.000000   88.258000     1560.000000   155.051000    1880.000000   68.179000     6.61439E-03  8.31508E-05  12.799800  12.114100
3  -320.000000   88.258000     1600.000000   131.871000    1920.000000   68.761000     6.74963E-03  8.48509E-05  12.578300  12.114100
3  -320.000000   88.258000     2000.000000   61.720000     2320.000000   45.377000     2.14404E-03  5.74950E-05  20.891400  29.851900
3  -480.000000   91.643000     1880.000000   68.179000     1920.000000   68.761000     7.94923E-04  3.16691E-05  15.388000  48.651900
3  -480.000000   91.643000     2280.000000   43.553000     2320.000000   45.377000     1.39262E-04  5.54809E-06  25.026100  48.652100
3  -480.000000   91.643000     2360.000000   47.641000     2400.000000   52.837000     1.72510E-04  6.87266E-06  46.480600  48.651900
3  -480.000000   91.643000     1800.000000   104.339000    1880.000000   68.179000     1.52684E-03  4.09440E-05  18.026500  29.851100
3  -480.000000   91.643000     1840.000000   80.146000     1920.000000   68.761000     1.58281E-03  4.24449E-05  16.187800  29.851200
3  -480.000000   91.643000     2200.000000   52.831000     2280.000000   43.553000     5.59722E-04  2.22989E-05  44.046000  48.654100
3  -480.000000   91.643000     2240.000000   43.386000     2320.000000   45.377000     4.34154E-04  1.72963E-05  37.735400  48.652000
3  -480.000000   91.643000     320.000000    95.039000     480.000000    117.202000    2.30438E-03  6.17959E-05  22.562500  29.916300
3  -480.000000   91.643000     360.000000    95.756000     520.000000    118.621000    2.19814E-03  5.89458E-05  32.138900  29.853800
3  -480.000000   91.643000     440.000000    109.091000    600.000000    110.348000    2.43101E-03  4.39609E-05  39.625100  22.813400
3  -480.000000   91.643000     480.000000    117.202000    640.000000    121.240000    2.53388E-03  4.58240E-05  32.396700  24.222500
3  -480.000000   91.643000     520.000000    118.621000    680.000000    117.505000    2.45709E-03  4.44392E-05  26.899600  24.534900
3  -480.000000   91.643000     560.000000    114.524000    720.000000    113.178000    2.49734E-03  4.51609E-05  26.564000  23.613100
3  -480.000000   91.643000     600.000000    110.348000    760.000000    100.356000    3.02517E-03  5.47096E-05  24.421000  23.614500
3  -480.000000   91.643000     640.000000    121.240000    800.000000    108.602000    3.34479E-03  6.04872E-05  23.996300  22.832500
3  -480.000000   91.643000     680.000000    117.505000    840.000000    121.214000    3.55706E-03  6.43262E-05  23.281900  22.840800
3  -480.000000   91.643000     720.000000    113.178000    880.000000    124.368000    3.49332E-03  6.31732E-05  21.680200  22.839700
3  -480.000000   91.643000     760.000000    100.356000    920.000000    140.952000    2.95631E-03  5.34601E-05  20.426300  22.812800
3  -480.000000   91.643000     800.000000    108.602000    960.000000    154.933000    2.65019E-03  4.79247E-05  20.841900  22.814200
3  -480.000000   91.643000     1640.000000   112.857000    1800.000000   104.339000    2.85220E-03  5.15775E-05  17.947100  22.810300
3  -480.000000   91.643000     1680.000000   114.145000    1840.000000   80.146000     2.59539E-03  4.69335E-05  17.565000  22.810200
3  -480.000000   91.643000     1720.000000   106.756000    1880.000000   68.179000     2.83447E-03  5.12569E-05  17.722500  22.810200
3  -480.000000   91.643000     1760.000000   101.140000    1920.000000   68.761000     2.66237E-03  4.81447E-05  16.914400  22.810200
3  -480.000000   91.643000     2080.000000   61.209000     2240.000000   43.386000     9.22336E-04  3.67451E-05  34.856600  48.653000
3  -480.000000   91.643000     2120.000000   64.714000     2280.000000   43.553000     1.00355E-03  3.99806E-05  37.659200  48.652700
3  -480.000000   91.643000     2160.000000   69.496000     2320.000000   45.377000     9.88198E-04  3.93690E-05  36.031300  48.652300
3  -480.000000   91.643000     840.000000    121.214000    1160.000000   133.280000    4.59959E-03  7.38207E-05  20.216300  18.565200
3  -480.000000   91.643000     880.000000    124.368000    1200.000000   143.288000    4.57897E-03  7.34897E-05  26.811600  18.564100
3  -480.000000   91.643000     920.000000    140.952000    1240.000000   143.282000    4.51089E-03  7.23971E-05  27.410300  18.563800
3  -480.000000   91.643000     960.000000    154.933000    1280.000000   155.645000    4.78032E-03  7.67213E-05  27.944200  18.563400
3  -480.000000   91.643000     1000.000000   139.164000    1320.000000   173.060000    4.94410E-03  6.31490E-05  28.198100  12.643100
3  -480.000000   91.643000     1040.000000   135.603000    1360.000000   187.371000    4.86775E-03  7.81245E-05  28.337400  18.564300
3  -480.000000   91.643000     1080.000000   116.772000    1400.000000   194.951000    4.98924E-03  6.37256E-05  27.216000  12.641300
3  -480.000000   91.643000     1120.000000   126.923000    1440.000000   204.976000    4.64254E-03  7.45100E-05  26.809800  18.563300
3  -480.000000   91.643000     1160.000000   133.280000    1480.000000   191.689000    4.07078E-03  6.53336E-05  31.133500  18.562700
3  -480.000000   91.643000     1200.000000   143.288000    1520.000000   175.987000    3.73547E-03  5.99521E-05  24.417800  18.563000
3  -480.000000   91.643000     1240.000000   143.282000    1560.000000   155.051000    3.80234E-03  6.10253E-05  24.420200  18.562800
3  -480.000000   91.643000     1280.000000   155.645000    1600.000000   131.871000    3.58408E-03  6.48124E-05  22.192200  22.810300
3  -480.000000   91.643000     1320.000000   173.060000    1640.000000   112.857000    4.48135E-03  7.19230E-05  20.653000  18.562700
3  -480.000000   91.643000     1360.000000   187.371000    1680.000000   114.145000    5.01825E-03  6.40956E-05  20.197900  12.639000
3  -480.000000   91.643000     1400.000000   194.951000    1720.000000   106.756000    5.15385E-03  6.58275E-05  19.243500  12.639000
3  -480.000000   91.643000     1440.000000   204.976000    1760.000000   101.140000    5.76526E-03  7.36368E-05  18.960300  12.639000
3  -480.000000   91.643000     1480.000000   191.689000    1800.000000   104.339000    5.87233E-03  7.50043E-05  18.734500  12.638900
3  -480.000000   91.643000     1520.000000   175.987000    1840.000000   80.146000     6.27444E-03  8.01403E-05  18.698200  12.639000
3  -480.000000   91.643000     1560.000000   155.051000    1880.000000   68.179000     6.42719E-03  8.07975E-05  17.814300  12.114400
3  -480.000000   91.643000     1600.000000   131.871000    1920.000000   68.761000     6.57456E-03  8.26501E-05  17.862400  12.114300
3  -480.000000   91.643000     2000.000000   61.720000     2320.000000   45.377000     2.09765E-03  5.62512E-05  31.547000  29.852400
3  -640.000000   99.369000     1880.000000   68.179000     1920.000000   68.761000     7.40112E-04  2.94855E-05  7.531870  48.652000
3  -640.000000   99.369000     2280.000000   43.553000     2320.000000   45.377000     1.28538E-04  5.12085E-06  16.963300  48.652200
3  -640.000000   99.369000     2360.000000   47.641000     2400.000000   52.837000     1.61460E-04  6.43244E-06  46.624500  48.651900
3  -640.000000   99.369000     1800.000000   104.339000    1880.000000   68.179000     1.41327E-03  3.78985E-05  11.075100  29.851300
3  -640.000000   99.369000     1840.000000   80.146000     1920.000000   68.761000     1.47098E-03  3.94461E-05  8.739050  29.851200
3  -640.000000   99.369000     2200.000000   52.831000     2280.000000   43.553000     5.11411E-04  2.03743E-05  38.691100  48.656600
3  -640.000000   99.369000     2240.000000   43.386000     2320.000000   45.377000     3.96314E-04  1.57888E-05  29.760600  48.652100
3  -640.000000   99.369000     440.000000    109.091000    600.000000    110.348000    1.92092E-03  5.15120E-05  41.940900  29.854900
3  -640.000000   99.369000     480.000000    117.202000    640.000000    121.240000    2.02251E-03  5.42437E-05  33.149400  32.603900
3  -640.000000   99.369000     520.000000    118.621000    680.000000    117.505000    1.98531E-03  5.32565E-05  28.481000  33.424600
3  -640.000000   99.369000     560.000000    114.524000    720.000000    113.178000    2.03595E-03  5.45997E-05  27.249700  31.340400
3  -640.000000   99.369000     600.000000    110.348000    760.000000    100.356000    2.49450E-03  4.51170E-05  24.512900  24.153700
3  -640.000000   99.369000     640.000000    121.240000    800.000000    108.602000    2.77669E-03  5.02123E-05  22.790100  22.810900
3  -640.000000   99.369000     1640.000000   112.857000    1800.000000   104.339000    2.63235E-03  4.76018E-05  11.287200  22.810400
3  -640.000000   99.369000     1680.000000   114.145000    1840.000000   80.146000     2.39740E-03  6.42892E-05  10.838700  29.851200
3  -640.000000   99.369000     1720.000000   106.756000    1880.000000   68.179000     2.61991E-03  4.73769E-05  10.954800  22.810300
3  -640.000000   99.369000     1760.000000   101.140000    1920.000000   68.761000     2.46852E-03  4.46392E-05  9.761190  22.810200
3  -640.000000   99.369000     2080.000000   61.209000     2240.000000   43.386000     8.61246E-04  3.43114E-05  28.805200  48.654000
3  -640.000000   99.369000     2120.000000   64.714000     2280.000000   43.553000     9.29991E-04  3.70501E-05  32.503800  48.653200
3  -640.000000   99.369000     2160.000000   69.496000     2320.000000   45.377000     9.13365E-04  3.63877E-05  30.744600  48.652600
3  -640.000000   99.369000     680.000000    117.505000    1000.000000   139.164000    4.89843E-03  7.86178E-05  20.506700  18.568500
3  -640.000000   99.369000     720.000000    113.178000    1040.000000   135.603000    4.73018E-03  7.59170E-05  20.011500  18.565900
3  -640.000000   99.369000     760.000000    100.356000    1080.000000   116.772000    4.00661E-03  6.43041E-05  20.020700  18.566100
3  -640.000000   99.369000     800.000000    108.602000    1120.000000   126.923000    3.87313E-03  6.21614E-05  21.092700  18.568100
3  -640.000000   99.369000     840.000000    121.214000    1160.000000   133.280000    3.97565E-03  6.38068E-05  17.287100  18.570700
3  -640.000000   99.369000     880.000000    124.368000    1200.000000   143.288000    3.98791E-03  6.40036E-05  23.526800  18.568400
3  -640.000000   99.369000     920.000000    140.952000    1240.000000   143.282000    3.95357E-03  6.34524E-05  23.767000  18.568100
3  -640.000000   99.369000     960.000000    154.933000    1280.000000   155.645000    4.22353E-03  6.77851E-05  23.885400  18.567700
3  -640.000000   99.369000     1000.000000   139.164000    1320.000000   173.060000    4.37249E-03  7.01758E-05  23.834600  18.571600
3  -640.000000   99.369000     1040.000000   135.603000    1360.000000   187.371000    4.33090E-03  6.95083E-05  23.804400  18.568700
3  -640.000000   99.369000     1080.000000   116.772000    1400.000000   194.951000    4.44929E-03  7.14084E-05  22.916200  18.568400
3  -640.000000   99.369000     1120.000000   126.923000    1440.000000   204.976000    4.15708E-03  6.67186E-05  21.910400  18.566300
3  -640.000000   99.369000     1160.000000   133.280000    1480.000000   191.689000    3.66067E-03  5.87516E-05  25.965700  18.564200
3  -640.000000   99.369000     1200.000000   143.288000    1520.000000   175.987000    3.37324E-03  6.09996E-05  18.969100  22.811500
3  -640.000000   99.369000     1240.000000   143.282000    1560.000000   155.051000    3.44788E-03  6.23494E-05  18.634100  22.811300
3  -640.000000   99.369000     1280.000000   155.645000    1600.000000   131.871000    3.26393E-03  5.90230E-05  16.356500  22.810700
3  -640.000000   99.369000     1320.000000   173.060000    1640.000000   112.857000    4.09734E-03  6.57598E-05  14.674100  18.563100
3  -640.000000   99.369000     1360.000000   187.371000    1680.000000   114.145000    4.60082E-03  7.38404E-05  13.917700  18.563200
3  -640.000000   99.369000     1400.000000   194.951000    1720.000000   106.756000    4.73560E-03  7.60035E-05  12.881600  18.563000
3  -640.000000   99.369000     1440.000000   204.976000    1760.000000   101.140000    5.30084E-03  6.77050E-05  12.520100  12.639500
3  -640.000000   99.369000     1480.000000   191.689000    1800.000000   104.339000    5.40203E-03  6.89974E-05  12.293800  12.639500
3  -640.000000   99.369000     1520.000000   175.987000    1840.000000   80.146000     5.77645E-03  7.37797E-05  12.183300  12.639500
3  -640.000000   99.369000     1560.000000   155.051000    1880.000000   68.179000     5.92596E-03  7.56893E-05  11.287300  12.639300
3  -640.000000   99.369000     1600.000000   131.871000    1920.000000   68.761000     6.07205E-03  7.75553E-05  11.044400  12.639100
3  -640.000000   99.369000     2000.000000   61.720000     2320.000000   45.377000     1.94550E-03  5.21711E-05  26.158100  29.853500
3  60.000000     109.549000    240.000000    92.290000     280.000000    93.398000     2.42448E-02  2.51394E-04  7.974160  5.072320
3  60.000000     109.549000    280.000000    93.398000     320.000000    95.039000     1.94693E-02  2.08469E-04  9.433540  5.990460
3  60.000000     109.549000    320.000000    95.039000     360.000000    95.756000     1.37148E-02  1.55206E-04  9.118210  6.887940
3  60.000000     109.549000    360.000000    95.756000     400.000000    101.442000    8.05054E-03  9.67562E-05  8.226040  9.576160
3  60.000000     109.549000    1880.000000   68.179000     1920.000000   68.761000     1.61729E-03  4.33696E-05  18.273300  29.851100
3  60.000000     109.549000    2280.000000   43.553000     2320.000000   45.377000     2.71932E-04  1.08336E-05  16.574300  48.651900
3  60.000000     109.549000    2360.000000   47.641000     2400.000000   52.837000     3.35760E-04  1.33764E-05  39.686200  48.651900
3  60.000000     109.549000    400.000000    101.442000    480.000000    117.202000    1.27171E-02  1.48036E-04  9.020150  8.329490
3  60.000000     109.549000    440.000000    109.091000    520.000000    118.621000    1.01958E-02  1.19766E-04  11.052300  8.576630
3  60.000000     109.549000    480.000000    117.202000    560.000000    114.524000    1.08016E-02  1.26882E-04  10.921600  8.576610
3  60.000000     109.549000    520.000000    118.621000    600.000000    110.348000    1.00846E-02  1.18461E-04  11.003500  8.576550
3  60.000000     109.549000    560.000000    114.524000    640.000000    121.240000    8.25575E-03  9.92044E-05  10.731600  9.580830
3  60.000000     109.549000    600.000000    110.348000    680.000000    117.505000    6.65954E-03  8.37184E-05  12.763100  12.120000
3  60.000000     109.549000    640.000000    121.240000    720.000000    113.178000    7.07842E-03  8.89842E-05  16.166200  12.114200
3  60.000000     109.549000    680.000000    117.505000    760.000000    100.356000    1.00247E-02  1.17757E-04  14.979400  8.576480
3  60.000000     109.549000    1800.000000   104.339000    1880.000000   68.179000     3.16770E-03  5.72828E-05  18.945300  22.810200
3  60.000000     109.549000    1840.000000   80.146000     1920.000000   68.761000     3.24161E-03  5.86193E-05  18.455200  22.810200
3  60.000000     109.549000    2200.000000   52.831000     2280.000000   43.553000     1.11693E-03  4.44976E-05  24.364600  48.652000
3  60.000000     109.549000    2240.000000   43.386000     2320.000000   45.377000     8.80508E-04  3.50787E-05  20.393400  48.652000
3  60.000000     109.549000    720.000000    113.178000    880.000000    124.368000    1.58855E-02  1.73725E-04  13.617500  6.286990
3  60.000000     109.549000    760.000000    100.356000    920.000000    140.952000    1.24271E-02  1.44660E-04  13.227100  8.379440
3  60.000000     109.549000    800.000000    108.602000    960.000000    154.933000    1.05910E-02  1.24409E-04  13.285700  8.645380
3  60.000000     109.549000    840.000000    121.214000    1000.000000   139.164000    8.72621E-03  1.04858E-04  13.447200  9.575580
3  60.000000     109.549000    880.000000    124.368000    1040.000000   135.603000    7.77000E-03  9.76782E-05  14.288700  12.114200
3  60.000000     109.549000    920.000000    140.952000    1080.000000   116.772000    6.24868E-03  7.98113E-05  16.434800  12.638700
3  60.000000     109.549000    960.000000    154.933000    1120.000000   126.923000    6.14093E-03  7.84350E-05  21.025700  12.638600
3  60.000000     109.549000    1000.000000   139.164000    1160.000000   133.280000    7.24871E-03  9.11257E-05  14.956300  12.114300
3  60.000000     109.549000    1040.000000   135.603000    1200.000000   143.288000    7.26728E-03  9.13584E-05  26.095500  12.114200
3  60.000000     109.549000    1080.000000   116.772000    1240.000000   143.282000    7.85078E-03  9.43381E-05  25.264900  9.575510
3  60.000000     109.549000    1120.000000   126.923000    1280.000000   155.645000    7.98023E-03  9.58936E-05  24.446200  9.575480
3  60.000000     109.549000    1160.000000   133.280000    1320.000000   173.060000    6.93058E-03  8.71264E-05  33.233400  12.114200
3  60.000000     109.549000    1200.000000   143.288000    1360.000000   187.371000    6.19518E-03  7.91279E-05  23.408100  12.638600
3  60.000000     109.549000    1240.000000   143.282000    1400.000000   194.951000    5.68041E-03  7.25530E-05  24.227000  12.638600
3  60.000000     109.549000    1280.000000   155.645000    1440.000000   204.976000    4.26470E-03  6.84459E-05  24.138600  18.562400
3  60.000000     109.549000    1320.000000   173.060000    1480.000000   191.689000    3.52714E-03  6.37827E-05  23.412400  22.810200
3  60.000000     109.549000    1640.000000   112.857000    1800.000000   104.339000    6.09358E-03  7.78303E-05  18.720100  12.638600
3  60.000000     109.549000    1680.000000   114.145000    1840.000000   80.146000     5.48176E-03  7.00158E-05  18.227200  12.638600
3  60.000000     109.549000    1720.000000   106.756000    1880.000000   68.179000     5.93179E-03  7.57638E-05  18.417400  12.638600
3  60.000000     109.549000    1760.000000   101.140000    1920.000000   68.761000     5.49994E-03  7.02480E-05  18.470200  12.638600
3  60.000000     109.549000    2040.000000   57.680000     2200.000000   52.831000     2.49353E-03  4.50915E-05  21.592200  22.810400
3  60.000000     109.549000    2080.000000   61.209000     2240.000000   43.386000     1.71364E-03  4.59821E-05  27.229800  29.864700
3  60.000000     109.549000    2120.000000   64.714000     2280.000000   43.553000     1.90696E-03  5.11620E-05  24.924100  29.862800
3  60.000000     109.549000    2160.000000   69.496000     2320.000000   45.377000     1.89500E-03  5.08167E-05  22.030500  29.851100
3  60.000000     109.549000    1360.000000   187.371000    1680.000000   114.145000    1.12585E-02  1.31057E-04  20.402400  8.322270
3  60.000000     109.549000    1400.000000   194.951000    1720.000000   106.756000    1.14223E-02  1.32964E-04  19.783600  8.322180
3  60.000000     109.549000    1440.000000   204.976000    1760.000000   101.140000    1.26403E-02  1.47142E-04  19.364600  8.322190
3  60.000000     109.549000    1480.000000   191.689000    1800.000000   104.339000    1.28148E-02  1.49173E-04  19.190300  8.322150
3  60.000000     109.549000    1520.000000   175.987000    1840.000000   80.146000     1.35821E-02  1.53706E-04  19.117200  6.887860
3  60.000000     109.549000    1560.000000   155.051000    1880.000000   68.179000     1.37720E-02  1.55855E-04  18.863700  6.887860
3  60.000000     109.549000    1600.000000   131.871000    1920.000000   68.761000     1.39498E-02  1.57866E-04  18.755800  6.887880
3  60.000000     109.549000    2000.000000   61.720000     2320.000000   45.377000     4.05387E-03  6.51246E-05  21.856000  18.576000
3  140.000000    101.518000    240.000000    92.290000     280.000000    93.398000     5.34764E-02  5.38796E-04  10.933700  3.398240
3  140.000000    101.518000    280.000000    93.398000     320.000000    95.039000     3.82448E-02  3.88724E-04  13.905800  4.114600
3  140.000000    101.518000    320.000000    95.039000     360.000000    95.756000     2.53638E-02  2.63000E-04  9.701060  5.072370
3  140.000000    101.518000    360.000000    95.756000     400.000000    101.442000    1.42634E-02  1.61436E-04  -1.075680  6.887960
3  140.000000    101.518000    400.000000    101.442000    440.000000    109.091000    1.22423E-02  1.42518E-04  20.329900  8.322230
3  140.000000    101.518000    440.000000    109.091000    480.000000    117.202000    7.38228E-03  9.28056E-05  9.157890  12.114100
3  140.000000    101.518000    1880.000000   68.179000     1920.000000   68.761000     2.15837E-03  5.82065E-05  86.445200  29.927000
3  140.000000    101.518000    2280.000000   43.553000     2320.000000   45.377000     3.19435E-04  1.27260E-05  32.078000  48.651900
3  140.000000    101.518000    2360.000000   47.641000     2400.000000   52.837000     3.93020E-04  1.56576E-05  54.508200  48.651900
3  140.000000    101.518000    480.000000    117.202000    560.000000    114.524000    1.54853E-02  1.69353E-04  9.784670  6.287050
3  140.000000    101.518000    520.000000    118.621000    600.000000    110.348000    1.41583E-02  1.60227E-04  9.862020  6.888100
3  140.000000    101.518000    560.000000    114.524000    640.000000    121.240000    1.14326E-02  1.33083E-04  10.352000  8.323120
3  140.000000    101.518000    600.000000    110.348000    680.000000    117.505000    9.10456E-03  1.09404E-04  12.843000  9.575740
3  140.000000    101.518000    640.000000    121.240000    720.000000    113.178000    9.52184E-03  1.11850E-04  16.536400  8.576500
3  140.000000    101.518000    680.000000    117.505000    760.000000    100.356000    1.33297E-02  1.50852E-04  15.360200  6.889070
3  140.000000    101.518000    720.000000    113.178000    800.000000    108.602000    1.31823E-02  1.49185E-04  13.999000  6.889710
3  140.000000    101.518000    760.000000    100.356000    840.000000    121.214000    9.38164E-03  1.12734E-04  13.540400  9.575570
3  140.000000    101.518000    1840.000000   80.146000     1920.000000   68.761000     3.82282E-03  6.13540E-05  19.661000  18.562400
3  140.000000    101.518000    2200.000000   52.831000     2280.000000   43.553000     1.31686E-03  5.24788E-05  41.610300  48.654400
3  140.000000    101.518000    2240.000000   43.386000     2320.000000   45.377000     1.03959E-03  4.14164E-05  38.356100  48.651900
3  140.000000    101.518000    800.000000    108.602000    960.000000    154.933000    1.37323E-02  1.55408E-04  13.845000  6.888190
3  140.000000    101.518000    840.000000    121.214000    1000.000000   139.164000    1.12095E-02  1.31674E-04  13.843800  8.576720
3  140.000000    101.518000    880.000000    124.368000    1040.000000   135.603000    9.92977E-03  1.16643E-04  14.818900  8.576590
3  140.000000    101.518000    920.000000    140.952000    1080.000000   116.772000    7.93365E-03  9.53347E-05  16.937400  9.575510
3  140.000000    101.518000    960.000000    154.933000    1120.000000   126.923000    7.71458E-03  9.69831E-05  21.613400  12.114100
3  140.000000    101.518000    1000.000000   139.164000    1160.000000   133.280000    9.09163E-03  1.09250E-04  16.013900  9.575800
3  140.000000    101.518000    1040.000000   135.603000    1200.000000   143.288000    9.04001E-03  1.08638E-04  27.099900  9.575750
3  140.000000    101.518000    1080.000000   116.772000    1240.000000   143.282000    9.73729E-03  1.14388E-04  26.391600  8.576610
3  140.000000    101.518000    1120.000000   126.923000    1280.000000   155.645000    9.84202E-03  1.15618E-04  25.670800  8.576590
3  140.000000    101.518000    1160.000000   133.280000    1320.000000   173.060000    8.51631E-03  1.02376E-04  34.635300  9.575660
3  140.000000    101.518000    1200.000000   143.288000    1360.000000   187.371000    7.57366E-03  9.52123E-05  24.804400  12.114200
3  140.000000    101.518000    1240.000000   143.282000    1400.000000   194.951000    6.92289E-03  8.70311E-05  25.696400  12.114200
3  140.000000    101.518000    1280.000000   155.645000    1440.000000   204.976000    5.17266E-03  6.60683E-05  25.612200  12.638600
3  140.000000    101.518000    1320.000000   173.060000    1480.000000   191.689000    4.26161E-03  6.83963E-05  24.917600  18.562400
3  140.000000    101.518000    1360.000000   187.371000    1520.000000   175.987000    3.79906E-03  6.09726E-05  23.672100  18.562400
3  140.000000    101.518000    1400.000000   194.951000    1560.000000   155.051000    4.29016E-03  6.88875E-05  22.689300  18.562400
3  140.000000    101.518000    1640.000000   112.857000    1800.000000   104.339000    7.23135E-03  9.09067E-05  20.459200  12.114100
3  140.000000    101.518000    1680.000000   114.145000    1840.000000   80.146000     6.49765E-03  8.16833E-05  20.124300  12.114100
3  140.000000    101.518000    1720.000000   106.756000    1880.000000   68.179000     6.77758E-03  8.52057E-05  -1.054340  12.114100
3  140.000000    101.518000    1760.000000   101.140000    1920.000000   68.761000     6.49742E-03  8.16804E-05  20.008100  12.114100
3  140.000000    101.518000    2040.000000   57.680000     2200.000000   52.831000     2.92005E-03  5.28044E-05  29.538400  22.810200
3  140.000000    101.518000    2080.000000   61.209000     2240.000000   43.386000     2.00125E-03  5.36659E-05  34.572700  29.851100
3  140.000000    101.518000    2120.000000   64.714000     2280.000000   43.553000     2.23553E-03  5.99529E-05  37.883800  29.851200
3  140.000000    101.518000    2160.000000   69.496000     2320.000000   45.377000     2.22425E-03  5.96462E-05  36.872800  29.851200
3  140.000000    101.518000    1440.000000   204.976000    1760.000000   101.140000    1.50604E-02  1.74399E-04  21.219700  6.887920
3  140.000000    101.518000    1480.000000   191.689000    1800.000000   104.339000    1.52588E-02  1.69501E-04  21.019900  6.286860
3  140.000000    101.518000    1520.000000   175.987000    1840.000000   80.146000     1.61567E-02  1.77754E-04  21.012800  6.286870
3  140.000000    101.518000    1560.000000   155.051000    1880.000000   68.179000     1.61096E-02  1.76183E-04  11.723400  6.286890
3  140.000000    101.518000    1600.000000   131.871000    1920.000000   68.761000     1.65439E-02  1.80926E-04  20.495000  6.286830
3  140.000000    101.518000    2000.000000   61.720000     2320.000000   45.377000     4.75791E-03  7.63859E-05  33.433300  18.562900
3  225.000000    93.157000     0.000000      105.852000    40.000000     108.172000    3.64618E-02  3.70601E-04  10.534000  4.112050
3  225.000000    93.157000     40.000000     108.172000    80.000000     108.382000    3.42267E-02  3.47884E-04  9.658200  4.112180
3  225.000000    93.157000     80.000000     108.382000    120.000000    102.908000    6.34226E-02  6.38177E-04  9.714070  3.197490
3  225.000000    93.157000     320.000000    95.039000     360.000000    95.756000     7.19893E-02  7.23370E-04  10.850900  2.813400
3  225.000000    93.157000     360.000000    95.756000     400.000000    101.442000    3.46175E-02  3.51870E-04  -0.914924  4.112200
3  225.000000    93.157000     400.000000    101.442000    440.000000    109.091000    2.47100E-02  2.56223E-04  27.376700  5.072440
3  225.000000    93.157000     440.000000    109.091000    480.000000    117.202000    1.35275E-02  1.53088E-04  9.761540  6.887990
3  225.000000    93.157000     480.000000    117.202000    520.000000    118.621000    1.32327E-02  1.49752E-04  9.870220  6.887940
3  225.000000    93.157000     520.000000    118.621000    560.000000    114.524000    1.27426E-02  1.48335E-04  9.644860  8.322240
3  225.000000    93.157000     1880.000000   68.179000     1920.000000   68.761000     2.38514E-03  6.39609E-05  31.395000  29.851200
3  225.000000    93.157000     2280.000000   43.553000     2320.000000   45.377000     3.76504E-04  1.49996E-05  21.799200  48.651900
3  225.000000    93.157000     560.000000    114.524000    640.000000    121.240000    1.77938E-02  1.90538E-04  10.227200  5.990770
3  225.000000    93.157000     600.000000    110.348000    680.000000    117.505000    1.37960E-02  1.56128E-04  12.381800  6.888240
3  225.000000    93.157000     640.000000    121.240000    720.000000    113.178000    1.40269E-02  1.58747E-04  15.621700  6.888320
3  225.000000    93.157000     680.000000    117.505000    760.000000    100.356000    1.92170E-02  2.05795E-04  14.683700  5.991220
3  225.000000    93.157000     720.000000    113.178000    800.000000    108.602000    1.87142E-02  2.00408E-04  13.116900  5.991140
3  225.000000    93.157000     760.000000    100.356000    840.000000    121.214000    1.31343E-02  1.48655E-04  12.229200  6.888050
3  225.000000    93.157000     800.000000    108.602000    880.000000    124.368000    1.06562E-02  1.25190E-04  12.368600  8.576790
3  225.000000    93.157000     840.000000    121.214000    920.000000    140.952000    9.37502E-03  1.12665E-04  12.174700  9.575650
3  225.000000    93.157000     1800.000000   104.339000    1880.000000   68.179000     4.40856E-03  7.07547E-05  5.513450  18.562400
3  225.000000    93.157000     1840.000000   80.146000     1920.000000   68.761000     4.58561E-03  7.35967E-05  14.404600  18.562600
3  225.000000    93.157000     2240.000000   43.386000     2320.000000   45.377000     1.22752E-03  4.89038E-05  23.802400  48.652000
3  225.000000    93.157000     880.000000    124.368000    1040.000000   135.603000    1.33399E-02  1.50986E-04  12.699700  6.888360
3  225.000000    93.157000     920.000000    140.952000    1080.000000   116.772000    1.05589E-02  1.24042E-04  14.450100  8.576440
3  225.000000    93.157000     960.000000    154.933000    1120.000000   126.923000    1.01079E-02  1.18744E-04  18.927800  8.576450
3  225.000000    93.157000     1000.000000   139.164000    1160.000000   133.280000    1.18863E-02  1.38378E-04  14.084400  8.322380
3  225.000000    93.157000     1040.000000   135.603000    1200.000000   143.288000    1.16528E-02  1.35734E-04  23.426800  8.322800
3  225.000000    93.157000     1080.000000   116.772000    1240.000000   143.282000    1.24981E-02  1.45565E-04  22.561900  8.322560
3  225.000000    93.157000     1120.000000   126.923000    1280.000000   155.645000    1.25349E-02  1.46055E-04  21.367000  8.322790
3  225.000000    93.157000     1160.000000   133.280000    1320.000000   173.060000    1.07673E-02  1.26528E-04  28.786200  8.576590
3  225.000000    93.157000     1200.000000   143.288000    1360.000000   187.371000    9.53673E-03  1.12067E-04  20.061200  8.576570
3  225.000000    93.157000     1240.000000   143.282000    1400.000000   194.951000    8.68186E-03  1.04374E-04  20.926400  9.575590
3  225.000000    93.157000     1280.000000   155.645000    1440.000000   204.976000    6.44858E-03  8.10722E-05  20.761200  12.114200
3  225.000000    93.157000     1320.000000   173.060000    1480.000000   191.689000    5.28452E-03  6.74997E-05  20.038000  12.638700
3  225.000000    93.157000     1360.000000   187.371000    1520.000000   175.987000    4.68238E-03  7.51513E-05  18.621400  18.562400
3  225.000000    93.157000     1400.000000   194.951000    1560.000000   155.051000    5.25621E-03  6.71397E-05  17.039100  12.638700
3  225.000000    93.157000     1440.000000   204.976000    1600.000000   131.871000    6.13971E-03  7.84250E-05  16.388500  12.638700
3  225.000000    93.157000     1480.000000   191.689000    1640.000000   112.857000    9.80021E-03  1.15131E-04  15.577800  8.576750
3  225.000000    93.157000     1640.000000   112.857000    1800.000000   104.339000    8.76443E-03  1.05319E-04  14.469600  9.575560
3  225.000000    93.157000     1680.000000   114.145000    1840.000000   80.146000     7.85538E-03  9.43942E-05  13.952300  9.575490
3  225.000000    93.157000     1720.000000   106.756000    1880.000000   68.179000     8.37601E-03  1.00649E-04  9.259960  9.575540
3  225.000000    93.157000     1760.000000   101.140000    1920.000000   68.761000     7.81699E-03  9.39321E-05  14.284700  9.575580
3  225.000000    93.157000     2040.000000   57.680000     2200.000000   52.831000     3.47176E-03  6.27843E-05  23.749500  22.810200
3  225.000000    93.157000     2080.000000   61.209000     2240.000000   43.386000     2.37338E-03  6.36510E-05  26.655300  29.852400
3  225.000000    93.157000     2120.000000   64.714000     2280.000000   43.553000     2.64694E-03  4.80115E-05  26.763200  22.810400
3  225.000000    93.157000     2160.000000   69.496000     2320.000000   45.377000     2.63126E-03  4.75840E-05  24.961500  22.810500
3  225.000000    93.157000     1520.000000   175.987000    1840.000000   80.146000     1.96294E-02  2.10192E-04  14.934000  5.990520
3  225.000000    93.157000     1560.000000   155.051000    1880.000000   68.179000     1.97281E-02  2.11252E-04  12.673200  5.990470
3  225.000000    93.157000     1600.000000   131.871000    1920.000000   68.761000     2.00108E-02  2.14270E-04  14.552800  5.990500
3  225.000000    93.157000     2000.000000   61.720000     2320.000000   45.377000     5.65288E-03  7.35994E-05  24.018100  12.647700
3  300.000000    93.390000     40.000000     108.172000    80.000000     108.382000    2.11190E-02  2.24827E-04  12.006000  6.038190
3  300.000000    93.390000     80.000000     108.382000    120.000000    102.908000    3.38910E-02  3.44472E-04  11.599300  4.112040
3  300.000000    93.390000     120.000000    102.908000    160.000000    97.335000     4.63621E-02  4.68786E-04  11.490500  3.850070
3  300.000000    93.390000     160.000000    97.335000     200.000000    92.851000     7.41473E-02  7.45039E-04  11.564500  2.813360
3  300.000000    93.390000     200.000000    92.851000     240.000000    92.290000     1.28310E-01  1.28750E-03  12.126400  2.039730
3  300.000000    93.390000     360.000000    95.756000     400.000000    101.442000    1.00514E-01  1.00871E-03  -0.923657  2.341030
3  300.000000    93.390000     400.000000    101.442000    440.000000    109.091000    5.66020E-02  5.69592E-04  31.189700  3.197680
3  300.000000    93.390000     440.000000    109.091000    480.000000    117.202000    2.65184E-02  2.74972E-04  10.368200  5.072330
3  300.000000    93.390000     480.000000    117.202000    520.000000    118.621000    2.33538E-02  2.48622E-04  8.887560  6.038220
3  300.000000    93.390000     520.000000    118.621000    560.000000    114.524000    2.09322E-02  2.22844E-04  9.719180  6.038330
3  300.000000    93.390000     560.000000    114.524000    600.000000    110.348000    1.55844E-02  1.70436E-04  9.854600  6.286950
3  300.000000    93.390000     600.000000    110.348000    640.000000    121.240000    1.17126E-02  1.36345E-04  10.873900  8.322210
3  300.000000    93.390000     1880.000000   68.179000     1920.000000   68.761000     2.69428E-03  4.87226E-05  38.032500  22.810200
3  300.000000    93.390000     2280.000000   43.553000     2320.000000   45.377000     4.22363E-04  1.68266E-05  37.301700  48.651900
3  300.000000    93.390000     640.000000    121.240000    720.000000    113.178000    1.99614E-02  2.13745E-04  15.841200  5.990450
3  300.000000    93.390000     680.000000    117.505000    760.000000    100.356000    2.66479E-02  2.76339E-04  14.854600  5.072660
3  300.000000    93.390000     720.000000    113.178000    800.000000    108.602000    2.53717E-02  2.63102E-04  13.274600  5.072570
3  300.000000    93.390000     760.000000    100.356000    840.000000    121.214000    1.73950E-02  1.90244E-04  12.329800  6.287000
3  300.000000    93.390000     800.000000    108.602000    880.000000    124.368000    1.39139E-02  1.57473E-04  12.470800  6.888010
3  300.000000    93.390000     840.000000    121.214000    920.000000    140.952000    1.21034E-02  1.40903E-04  12.360500  8.322410
3  300.000000    93.390000     880.000000    124.368000    960.000000    154.933000    1.04577E-02  1.22854E-04  11.881000  8.576570
3  300.000000    93.390000     920.000000    140.952000    1000.000000   139.164000    7.34530E-03  9.23436E-05  11.946900  12.114200
3  300.000000    93.390000     1800.000000   104.339000    1880.000000   68.179000     5.01950E-03  8.05600E-05  16.188100  18.562400
3  300.000000    93.390000     1840.000000   80.146000     1920.000000   68.761000     5.20037E-03  6.64222E-05  23.743900  12.638600
3  300.000000    93.390000     2200.000000   52.831000     2280.000000   43.553000     1.75753E-03  4.72194E-05  42.480900  29.902500
3  300.000000    93.390000     2240.000000   43.386000     2320.000000   45.377000     1.38257E-03  3.70757E-05  40.511500  29.851200
3  300.000000    93.390000     960.000000    154.933000    1120.000000   126.923000    1.25038E-02  1.45555E-04  19.423500  8.322290
3  300.000000    93.390000     1000.000000   139.164000    1160.000000   133.280000    1.45819E-02  1.65020E-04  15.454400  6.887920
3  300.000000    93.390000     1040.000000   135.603000    1200.000000   143.288000    1.41250E-02  1.59877E-04  24.638100  6.889530
3  300.000000    93.390000     1080.000000   116.772000    1240.000000   143.282000    1.50737E-02  1.70610E-04  24.059600  6.889430
3  300.000000    93.390000     1120.000000   126.923000    1280.000000   155.645000    1.50066E-02  1.69863E-04  23.326900  6.889740
3  300.000000    93.390000     1160.000000   133.280000    1320.000000   173.060000    1.28124E-02  1.49154E-04  30.835600  8.322940
3  300.000000    93.390000     1200.000000   143.288000    1360.000000   187.371000    1.12932E-02  1.32674E-04  22.968900  8.576820
3  300.000000    93.390000     1240.000000   143.282000    1400.000000   194.951000    1.02423E-02  1.20324E-04  24.212900  8.576890
3  300.000000    93.390000     1280.000000   155.645000    1440.000000   204.976000    7.56503E-03  9.51053E-05  24.694300  12.114200
3  300.000000    93.390000     1320.000000   173.060000    1480.000000   191.689000    6.17229E-03  7.88380E-05  24.473400  12.638700
3  300.000000    93.390000     1360.000000   187.371000    1520.000000   175.987000    5.44141E-03  6.95015E-05  23.714900  12.638700
3  300.000000    93.390000     1400.000000   194.951000    1560.000000   155.051000    6.07556E-03  7.76025E-05  22.953400  12.638700
3  300.000000    93.390000     1440.000000   204.976000    1600.000000   131.871000    7.08415E-03  8.90598E-05  22.893800  12.114200
3  300.000000    93.390000     1480.000000   191.689000    1640.000000   112.857000    1.12796E-02  1.32512E-04  22.695000  8.576670
3  300.000000    93.390000     1520.000000   175.987000    1680.000000   114.145000    1.35244E-02  1.53073E-04  23.025700  6.888110
3  300.000000    93.390000     1560.000000   155.051000    1720.000000   106.756000    1.30145E-02  1.51508E-04  22.863400  8.322340
3  300.000000    93.390000     1640.000000   112.857000    1800.000000   104.339000    1.00104E-02  1.17590E-04  22.830600  8.576560
3  300.000000    93.390000     1680.000000   114.145000    1840.000000   80.146000     8.95585E-03  1.07617E-04  22.682400  9.575460
3  300.000000    93.390000     1720.000000   106.756000    1880.000000   68.179000     9.54601E-03  1.14710E-04  19.126600  9.575470
3  300.000000    93.390000     1760.000000   101.140000    1920.000000   68.761000     8.87945E-03  1.06699E-04  23.510600  9.575450
3  300.000000    93.390000     2040.000000   57.680000     2200.000000   52.831000     3.89487E-03  6.25138E-05  33.938500  18.562700
3  300.000000    93.390000     2080.000000   61.209000     2240.000000   43.386000     2.65377E-03  4.79900E-05  37.249700  22.812800
3  300.000000    93.390000     2120.000000   64.714000     2280.000000   43.553000     2.96503E-03  5.36866E-05  39.685600  22.812500
3  300.000000    93.390000     2160.000000   69.496000     2320.000000   45.377000     2.94931E-03  5.33784E-05  38.934100  22.810400
3  300.000000    93.390000     1600.000000   131.871000    1920.000000   68.761000     2.28360E-02  2.43110E-04  23.054300  6.038250
3  300.000000    93.390000     2000.000000   61.720000     2320.000000   45.377000     6.34840E-03  8.11903E-05  36.712300  12.670800
3  380.000000    98.820000     0.000000      105.852000    40.000000     108.172000    1.84940E-02  1.98026E-04  13.487300  5.990330
3  380.000000    98.820000     40.000000     108.172000    80.000000     108.382000    1.39249E-02  1.57584E-04  12.254300  6.887860
3  380.000000    98.820000     80.000000     108.382000    120.000000    102.908000    1.99877E-02  2.14020E-04  11.262300  5.990350
3  380.000000    98.820000     120.000000    102.908000    160.000000    97.335000     2.46578E-02  2.55677E-04  11.390300  5.072290
3  380.000000    98.820000     160.000000    97.335000     200.000000    92.851000     3.19969E-02  3.27907E-04  11.795700  4.512980
3  380.000000    98.820000     200.000000    92.851000     240.000000    92.290000     3.91609E-02  3.95972E-04  13.559100  3.850070
3  380.000000    98.820000     240.000000    92.290000     280.000000    93.398000     6.85751E-02  6.89049E-04  13.017400  2.813360
3  380.000000    98.820000     280.000000    93.398000     320.000000    95.039000     1.34661E-01  1.35123E-03  10.916200  2.039750
3  380.000000    98.820000     440.000000    109.091000    480.000000    117.202000    8.46627E-02  8.50030E-04  9.933220  2.592470
3  380.000000    98.820000     480.000000    117.202000    520.000000    118.621000    5.48450E-02  5.52602E-04  12.171600  3.397820
3  380.000000    98.820000     520.000000    118.621000    560.000000    114.524000    4.22102E-02  4.26817E-04  11.100600  3.850200
3  380.000000    98.820000     560.000000    114.524000    600.000000    110.348000    2.86501E-02  2.93621E-04  11.265900  4.513250
3  380.000000    98.820000     600.000000    110.348000    640.000000    121.240000    2.00955E-02  2.15179E-04  12.470300  5.990410
3  380.000000    98.820000     640.000000    121.240000    680.000000    117.505000    1.39410E-02  1.57769E-04  16.387500  6.887860
3  380.000000    98.820000     680.000000    117.505000    720.000000    113.178000    1.75701E-02  1.88139E-04  17.410700  5.990330
3  380.000000    98.820000     1880.000000   68.179000     1920.000000   68.761000     3.35173E-03  6.07152E-05  47.248300  22.819300
3  380.000000    98.820000     2280.000000   43.553000     2320.000000   45.377000     4.73956E-04  1.88820E-05  52.222500  48.651900
3  380.000000    98.820000     720.000000    113.178000    800.000000    108.602000    3.70116E-02  3.76219E-04  14.999700  4.112070
3  380.000000    98.820000     760.000000    100.356000    840.000000    121.214000    2.42703E-02  2.51673E-04  14.128900  5.072310
3  380.000000    98.820000     800.000000    108.602000    880.000000    124.368000    1.90107E-02  2.03568E-04  14.453200  5.990360
3  380.000000    98.820000     840.000000    121.214000    920.000000    140.952000    1.62826E-02  1.78078E-04  14.438100  6.286900
3  380.000000    98.820000     880.000000    124.368000    960.000000    154.933000    1.38899E-02  1.57198E-04  13.926900  6.887900
3  380.000000    98.820000     920.000000    140.952000    1000.000000   139.164000    9.75030E-03  1.14537E-04  14.307500  8.576490
3  380.000000    98.820000     960.000000    154.933000    1040.000000   135.603000    8.42723E-03  1.01267E-04  16.996700  9.575470
3  380.000000    98.820000     1000.000000   139.164000    1080.000000   116.772000    7.58161E-03  9.53130E-05  20.097100  12.114100
3  380.000000    98.820000     1800.000000   104.339000    1880.000000   68.179000     5.52675E-03  7.05921E-05  13.520800  12.640200
3  380.000000    98.820000     1840.000000   80.146000     1920.000000   68.761000     5.97822E-03  7.63574E-05  25.895700  12.638600
3  380.000000    98.820000     2200.000000   52.831000     2280.000000   43.553000     1.97078E-03  5.32168E-05  51.021200  29.854700
3  380.000000    98.820000     2240.000000   43.386000     2320.000000   45.377000     1.55444E-03  4.16850E-05  51.860100  29.851100
3  380.000000    98.820000     1040.000000   135.603000    1200.000000   143.288000    1.75739E-02  1.88208E-04  27.983800  5.990330
3  380.000000    98.820000     1080.000000   116.772000    1240.000000   143.282000    1.86201E-02  1.99406E-04  27.712400  5.990330
3  380.000000    98.820000     1120.000000   126.923000    1280.000000   155.645000    1.83731E-02  1.96770E-04  27.034900  5.990330
3  380.000000    98.820000     1160.000000   133.280000    1320.000000   173.060000    1.55749E-02  1.70375E-04  34.620100  6.287110
3  380.000000    98.820000     1200.000000   143.288000    1360.000000   187.371000    1.36522E-02  1.54517E-04  26.816400  6.887870
3  380.000000    98.820000     1240.000000   143.282000    1400.000000   194.951000    1.23290E-02  1.43532E-04  28.151400  8.322150
3  380.000000    98.820000     1280.000000   155.645000    1440.000000   204.976000    9.05044E-03  1.08757E-04  28.749500  9.575460
3  380.000000    98.820000     1320.000000   173.060000    1480.000000   191.689000    7.35079E-03  9.24105E-05  28.626900  12.114200
3  380.000000    98.820000     1360.000000   187.371000    1520.000000   175.987000    6.44638E-03  8.10400E-05  27.688500  12.114100
3  380.000000    98.820000     1400.000000   194.951000    1560.000000   155.051000    7.15341E-03  8.99298E-05  26.712100  12.114100
3  380.000000    98.820000     1440.000000   204.976000    1600.000000   131.871000    8.31327E-03  9.98989E-05  26.554700  9.575470
3  380.000000    98.820000     1480.000000   191.689000    1640.000000   112.857000    1.31906E-02  1.49286E-04  26.141400  6.888010
3  380.000000    98.820000     1520.000000   175.987000    1680.000000   114.145000    1.57789E-02  1.72571E-04  26.371700  6.287050
3  380.000000    98.820000     1560.000000   155.051000    1720.000000   106.756000    1.51536E-02  1.65730E-04  26.177400  6.286940
3  380.000000    98.820000     1600.000000   131.871000    1760.000000   101.140000    1.62161E-02  1.77347E-04  25.896300  6.286820
3  380.000000    98.820000     1640.000000   112.857000    1800.000000   104.339000    1.16038E-02  1.35079E-04  25.733000  8.322160
3  380.000000    98.820000     1680.000000   114.145000    1840.000000   80.146000     1.03560E-02  1.21650E-04  25.525000  8.576430
3  380.000000    98.820000     1720.000000   106.756000    1880.000000   68.179000     1.07613E-02  1.26410E-04  19.114500  8.576520
3  380.000000    98.820000     1760.000000   101.140000    1920.000000   68.761000     1.02235E-02  1.20091E-04  25.851200  8.576560
3  380.000000    98.820000     2040.000000   57.680000     2200.000000   52.831000     4.40514E-03  7.07051E-05  38.360600  18.562500
3  380.000000    98.820000     2080.000000   61.209000     2240.000000   43.386000     2.98006E-03  5.40333E-05  43.881100  22.810500
3  380.000000    98.820000     2120.000000   64.714000     2280.000000   43.553000     3.32373E-03  6.02104E-05  48.262100  22.814800
3  380.000000    98.820000     2160.000000   69.496000     2320.000000   45.377000     3.30488E-03  5.97635E-05  48.956500  22.811900
3  380.000000    98.820000     2000.000000   61.720000     2320.000000   45.377000     7.15896E-03  9.15996E-05  42.220800  12.116700
3  460.000000    114.109000    0.000000      105.852000    40.000000     108.172000    1.53190E-02  1.67530E-04  15.186400  6.286820
3  460.000000    114.109000    120.000000    102.908000    160.000000    97.335000     1.76822E-02  1.89336E-04  12.391000  5.990340
3  460.000000    114.109000    160.000000    97.335000     200.000000    92.851000     2.13732E-02  2.27533E-04  12.728200  6.038200
3  460.000000    114.109000    200.000000    92.851000     240.000000    92.290000     2.26590E-02  2.41221E-04  14.567700  6.038190
3  460.000000    114.109000    240.000000    92.290000     280.000000    93.398000     3.47337E-02  3.53037E-04  13.848700  4.112050
3  460.000000    114.109000    280.000000    93.398000     320.000000    95.039000     5.10500E-02  5.14349E-04  13.529700  3.397760
3  460.000000    114.109000    320.000000    95.039000     360.000000    95.756000     6.54657E-02  6.58736E-04  13.885700  3.197490
3  460.000000    114.109000    360.000000    95.756000     400.000000    101.442000    1.13089E-01  1.13492E-03  -2.634090  2.340920
3  460.000000    114.109000    520.000000    118.621000    560.000000    114.524000    1.21890E-01  1.22308E-03  9.265660  2.039730
3  460.000000    114.109000    600.000000    110.348000    640.000000    121.240000    3.87251E-02  3.93614E-04  14.469500  4.112170
3  460.000000    114.109000    640.000000    121.240000    680.000000    117.505000    2.39175E-02  2.48003E-04  15.831500  5.072330
3  460.000000    114.109000    680.000000    117.505000    720.000000    113.178000    2.82759E-02  2.89788E-04  19.295100  4.513170
3  460.000000    114.109000    720.000000    113.178000    760.000000    100.356000    3.41419E-02  3.47066E-04  15.123400  4.112170
3  460.000000    114.109000    760.000000    100.356000    800.000000    108.602000    2.04744E-02  2.17983E-04  14.154600  6.038270
3  460.000000    114.109000    1880.000000   68.179000     1920.000000   68.761000     3.46302E-03  6.26239E-05  43.263600  22.810200
3  460.000000    114.109000    2280.000000   43.553000     2320.000000   45.377000     5.26912E-04  2.09918E-05  54.803600  48.651900
3  460.000000    114.109000    0.000000      105.852000    80.000000     108.382000    2.63700E-02  2.73431E-04  14.508400  5.072280
3  460.000000    114.109000    40.000000     108.172000    120.000000    102.908000    2.60940E-02  2.70569E-04  12.837500  5.072280
3  460.000000    114.109000    800.000000    108.602000    880.000000    124.368000    2.63077E-02  2.72811E-04  14.478900  5.072300
3  460.000000    114.109000    840.000000    121.214000    920.000000    140.952000    2.20935E-02  2.35229E-04  14.401000  6.038240
3  460.000000    114.109000    880.000000    124.368000    960.000000    154.933000    1.84923E-02  1.98034E-04  13.797700  5.990450
3  460.000000    114.109000    920.000000    140.952000    1000.000000   139.164000    1.26885E-02  1.47717E-04  13.927000  8.322250
3  460.000000    114.109000    960.000000    154.933000    1040.000000   135.603000    1.08392E-02  1.27331E-04  16.543000  8.576460
3  460.000000    114.109000    1000.000000   139.164000    1080.000000   116.772000    9.76614E-03  1.14730E-04  19.710800  8.576510
3  460.000000    114.109000    1040.000000   135.603000    1120.000000   126.923000    9.44525E-03  1.10956E-04  27.552900  8.576430
3  460.000000    114.109000    1080.000000   116.772000    1160.000000   133.280000    1.32297E-02  1.49739E-04  17.564900  6.887920
3  460.000000    114.109000    1800.000000   104.339000    1880.000000   68.179000     6.54838E-03  8.23210E-05  21.045600  12.114100
3  460.000000    114.109000    1840.000000   80.146000     1920.000000   68.761000     6.72884E-03  8.45923E-05  28.538600  12.114300
3  460.000000    114.109000    2200.000000   52.831000     2280.000000   43.553000     2.19512E-03  5.90037E-05  62.474900  29.867400
3  460.000000    114.109000    2240.000000   43.386000     2320.000000   45.377000     1.73040E-03  4.64031E-05  63.032400  29.851500
3  460.000000    114.109000    1120.000000   126.923000    1280.000000   155.645000    2.21870E-02  2.36305E-04  26.990500  6.038770
3  460.000000    114.109000    1160.000000   133.280000    1320.000000   173.060000    1.86642E-02  1.99894E-04  34.816100  5.990570
3  460.000000    114.109000    1200.000000   143.288000    1360.000000   187.371000    1.62458E-02  1.77698E-04  26.939600  6.287000
3  460.000000    114.109000    1240.000000   143.282000    1400.000000   194.951000    1.45980E-02  1.65230E-04  28.407200  6.888060
3  460.000000    114.109000    1280.000000   155.645000    1440.000000   204.976000    1.06359E-02  1.24943E-04  29.215400  8.576510
3  460.000000    114.109000    1320.000000   173.060000    1480.000000   191.689000    8.58637E-03  1.03181E-04  29.351700  9.575480
3  460.000000    114.109000    1360.000000   187.371000    1520.000000   175.987000    7.47753E-03  9.40038E-05  28.637300  12.114200
3  460.000000    114.109000    1400.000000   194.951000    1560.000000   155.051000    8.23888E-03  9.90066E-05  27.901400  9.575510
3  460.000000    114.109000    1440.000000   204.976000    1600.000000   131.871000    9.56168E-03  1.12324E-04  27.755500  8.576510
3  460.000000    114.109000    1480.000000   191.689000    1640.000000   112.857000    1.51294E-02  1.65479E-04  27.415900  6.287100
3  460.000000    114.109000    1520.000000   175.987000    1680.000000   114.145000    1.80518E-02  1.93310E-04  27.728200  5.990550
3  460.000000    114.109000    1560.000000   155.051000    1720.000000   106.756000    1.72887E-02  1.89087E-04  27.690900  6.287020
3  460.000000    114.109000    1600.000000   131.871000    1760.000000   101.140000    1.84660E-02  1.97734E-04  27.486500  5.990460
3  460.000000    114.109000    1640.000000   112.857000    1800.000000   104.339000    1.31775E-02  1.49130E-04  27.567000  6.887990
3  460.000000    114.109000    1680.000000   114.145000    1840.000000   80.146000     1.17378E-02  1.36636E-04  27.545200  8.322170
3  460.000000    114.109000    1720.000000   106.756000    1880.000000   68.179000     1.24904E-02  1.45398E-04  23.804500  8.322230
3  460.000000    114.109000    1760.000000   101.140000    1920.000000   68.761000     1.15352E-02  1.34281E-04  28.372700  8.322240
3  460.000000    114.109000    2040.000000   57.680000     2200.000000   52.831000     4.90937E-03  6.27054E-05  39.932900  12.638700
3  460.000000    114.109000    2080.000000   61.209000     2240.000000   43.386000     3.31147E-03  5.98850E-05  45.190700  22.810300
3  460.000000    114.109000    2120.000000   64.714000     2280.000000   43.553000     3.69312E-03  5.93603E-05  53.747800  18.562800
3  460.000000    114.109000    2160.000000   69.496000     2320.000000   45.377000     3.67318E-03  5.89836E-05  54.765500  18.562800
3  460.000000    114.109000    2000.000000   61.720000     2320.000000   45.377000     7.97918E-03  9.59975E-05  46.904300  9.576760
3  540.000000    115.458000    0.000000      105.852000    40.000000     108.172000    1.32360E-02  1.49789E-04  15.539500  6.887860
3  540.000000    115.458000    200.000000    92.851000     240.000000    92.290000     1.67738E-02  1.83440E-04  15.720900  6.286830
3  540.000000    115.458000    240.000000    92.290000     280.000000    93.398000     2.47691E-02  2.56831E-04  15.208100  5.072280
3  540.000000    115.458000    280.000000    93.398000     320.000000    95.039000     3.30959E-02  3.36390E-04  15.439800  4.112050
3  540.000000    115.458000    320.000000    95.039000     360.000000    95.756000     3.73561E-02  3.79691E-04  15.476000  4.112050
3  540.000000    115.458000    360.000000    95.756000     400.000000    101.442000    4.87361E-02  4.91060E-04  0.570204  3.397790
3  540.000000    115.458000    400.000000    101.442000    440.000000    109.091000    7.70897E-02  7.74651E-04  20.335800  2.813660
3  540.000000    115.458000    440.000000    109.091000    480.000000    117.202000    1.02791E-01  1.03150E-03  10.189800  2.340620
3  540.000000    115.458000    600.000000    110.348000    640.000000    121.240000    1.02708E-01  1.03066E-03  9.061460  2.340970
3  540.000000    115.458000    640.000000    121.240000    680.000000    117.505000    4.82287E-02  4.85928E-04  14.015800  3.397830
3  540.000000    115.458000    680.000000    117.505000    720.000000    113.178000    5.17766E-02  5.21675E-04  15.738000  3.397900
3  540.000000    115.458000    720.000000    113.178000    760.000000    100.356000    5.52715E-02  5.56888E-04  14.052400  3.398060
3  540.000000    115.458000    760.000000    100.356000    800.000000    108.602000    3.11404E-02  3.19133E-04  13.334300  4.513210
3  540.000000    115.458000    800.000000    108.602000    840.000000    121.214000    2.04787E-02  2.18012E-04  13.353400  6.038350
3  540.000000    115.458000    840.000000    121.214000    880.000000    124.368000    1.73247E-02  1.89466E-04  14.294000  6.287030
3  540.000000    115.458000    1880.000000   68.179000     1920.000000   68.761000     3.85525E-03  6.18760E-05  33.338000  18.562500
3  540.000000    115.458000    2280.000000   43.553000     2320.000000   45.377000     5.80680E-04  2.31338E-05  23.837300  48.651900
3  540.000000    115.458000    0.000000      105.852000    80.000000     108.382000    2.26121E-02  2.40722E-04  14.971400  6.038190
3  540.000000    115.458000    40.000000     108.172000    120.000000    102.908000    2.19371E-02  2.33538E-04  13.554900  6.038190
3  540.000000    115.458000    80.000000     108.382000    160.000000    97.335000     2.69718E-02  2.79671E-04  13.201400  5.072290
3  540.000000    115.458000    120.000000    102.908000    200.000000    92.851000     3.11247E-02  3.18969E-04  13.476400  4.512990
3  540.000000    115.458000    880.000000    124.368000    960.000000    154.933000    2.52395E-02  2.61711E-04  13.016400  5.072800
3  540.000000    115.458000    920.000000    140.952000    1000.000000   139.164000    1.66900E-02  1.82525E-04  12.701600  6.287550
3  540.000000    115.458000    960.000000    154.933000    1040.000000   135.603000    1.41099E-02  1.59679E-04  15.102100  6.888010
3  540.000000    115.458000    1000.000000   139.164000    1080.000000   116.772000    1.28895E-02  1.50044E-04  18.499400  8.322460
3  540.000000    115.458000    1040.000000   135.603000    1120.000000   126.923000    1.18332E-02  1.37747E-04  26.154600  8.322270
3  540.000000    115.458000    1080.000000   116.772000    1160.000000   133.280000    1.63765E-02  1.79107E-04  15.911700  6.287330
3  540.000000    115.458000    1120.000000   126.923000    1200.000000   143.288000    1.49060E-02  1.68708E-04  26.381100  6.888330
3  540.000000    115.458000    1160.000000   133.280000    1240.000000   143.282000    1.15520E-02  1.34488E-04  39.944600  8.323530
3  540.000000    115.458000    1800.000000   104.339000    1880.000000   68.179000     7.34235E-03  9.23022E-05  10.069300  12.114100
3  540.000000    115.458000    1840.000000   80.146000     1920.000000   68.761000     7.50347E-03  9.43336E-05  17.826800  12.114200
3  540.000000    115.458000    2200.000000   52.831000     2280.000000   43.553000     2.42830E-03  4.41395E-05  22.942300  22.816400
3  540.000000    115.458000    2240.000000   43.386000     2320.000000   45.377000     1.91249E-03  5.12857E-05  23.657600  29.852400
3  540.000000    115.458000    1200.000000   143.288000    1360.000000   187.371000    1.93917E-02  2.07644E-04  23.891800  5.990470
3  540.000000    115.458000    1240.000000   143.282000    1400.000000   194.951000    1.73211E-02  1.89436E-04  25.160200  6.286960
3  540.000000    115.458000    1280.000000   155.645000    1440.000000   204.976000    1.25049E-02  1.45567E-04  25.511800  8.322210
3  540.000000    115.458000    1320.000000   173.060000    1480.000000   191.689000    1.00181E-02  1.17682E-04  25.283400  8.576470
3  540.000000    115.458000    1360.000000   187.371000    1520.000000   175.987000    8.64646E-03  1.03900E-04  24.027900  9.575470
3  540.000000    115.458000    1400.000000   194.951000    1560.000000   155.051000    9.44618E-03  1.10962E-04  22.363400  8.576470
3  540.000000    115.458000    1440.000000   204.976000    1600.000000   131.871000    1.09543E-02  1.28681E-04  21.605700  8.576510
3  540.000000    115.458000    1480.000000   191.689000    1640.000000   112.857000    1.72828E-02  1.89013E-04  20.535100  6.286960
3  540.000000    115.458000    1520.000000   175.987000    1680.000000   114.145000    2.05549E-02  2.18836E-04  20.394500  6.038350
3  540.000000    115.458000    1560.000000   155.051000    1720.000000   106.756000    1.96099E-02  2.09983E-04  19.972400  5.990490
3  540.000000    115.458000    1600.000000   131.871000    1760.000000   101.140000    2.09027E-02  2.22530E-04  19.231200  6.038410
3  540.000000    115.458000    1640.000000   112.857000    1800.000000   104.339000    1.48597E-02  1.68166E-04  18.797800  6.887930
3  540.000000    115.458000    1680.000000   114.145000    1840.000000   80.146000     1.32112E-02  1.49509E-04  17.988800  6.887900
3  540.000000    115.458000    1720.000000   106.756000    1880.000000   68.179000     1.40451E-02  1.58946E-04  13.556600  6.887870
3  540.000000    115.458000    1760.000000   101.140000    1920.000000   68.761000     1.29088E-02  1.50271E-04  17.847700  8.322170
3  540.000000    115.458000    2040.000000   57.680000     2200.000000   52.831000     5.42057E-03  6.92364E-05  22.621600  12.638800
3  540.000000    115.458000    2080.000000   61.209000     2240.000000   43.386000     3.64744E-03  5.85472E-05  23.282000  18.562400
3  540.000000    115.458000    2120.000000   64.714000     2280.000000   43.553000     4.07238E-03  6.53902E-05  23.457600  18.562400
3  540.000000    115.458000    2160.000000   69.496000     2320.000000   45.377000     4.05217E-03  6.50353E-05  22.359400  18.562400
3  540.000000    115.458000    2000.000000   61.720000     2320.000000   45.377000     8.81914E-03  1.06443E-04  22.607500  9.575630
3  620.000000    114.478000    0.000000      105.852000    40.000000     108.172000    1.12779E-02  1.31283E-04  18.168900  8.322150
3  620.000000    114.478000    280.000000    93.398000     320.000000    95.039000     2.27446E-02  2.48185E-04  19.661300  6.304290
3  620.000000    114.478000    320.000000    95.039000     360.000000    95.756000     2.37887E-02  2.46729E-04  17.710700  5.072370
3  620.000000    114.478000    360.000000    95.756000     400.000000    101.442000    2.70519E-02  2.80596E-04  3.636450  5.072430
3  620.000000    114.478000    400.000000    101.442000    440.000000    109.091000    3.74139E-02  3.80428E-04  25.633700  4.112220
3  620.000000    114.478000    440.000000    109.091000    480.000000    117.202000    3.92596E-02  3.97009E-04  15.639100  3.850140
3  620.000000    114.478000    480.000000    117.202000    520.000000    118.621000    6.93614E-02  6.97034E-04  13.871900  2.813560
3  620.000000    114.478000    520.000000    118.621000    560.000000    114.524000    1.37183E-01  1.37662E-03  12.848800  2.039990
3  620.000000    114.478000    680.000000    117.505000    720.000000    113.178000    1.86145E-01  1.86629E-03  12.335400  1.815950
3  620.000000    114.478000    720.000000    113.178000    760.000000    100.356000    1.40366E-01  1.40779E-03  12.083800  1.868650
3  620.000000    114.478000    760.000000    100.356000    800.000000    108.602000    6.18471E-02  6.22336E-04  12.176200  3.197600
3  620.000000    114.478000    800.000000    108.602000    840.000000    121.214000    3.52813E-02  3.58606E-04  12.632100  4.112140
3  620.000000    114.478000    840.000000    121.214000    880.000000    124.368000    2.82215E-02  2.89222E-04  13.992800  4.513060
3  620.000000    114.478000    880.000000    124.368000    920.000000    140.952000    2.12637E-02  2.26371E-04  12.782700  6.038240
3  620.000000    114.478000    920.000000    140.952000    960.000000    154.933000    1.75904E-02  1.92374E-04  13.254700  6.293150
3  620.000000    114.478000    1880.000000   68.179000     1920.000000   68.761000     4.44222E-03  7.12954E-05  37.782700  18.562400
3  620.000000    114.478000    2280.000000   43.553000     2320.000000   45.377000     6.58231E-04  2.62234E-05  30.556600  48.651900
3  620.000000    114.478000    0.000000      105.852000    80.000000     108.382000    1.91369E-02  2.04910E-04  17.443900  5.990330
3  620.000000    114.478000    40.000000     108.172000    120.000000    102.908000    1.82568E-02  1.95487E-04  15.669500  5.990340
3  620.000000    114.478000    80.000000     108.382000    160.000000    97.335000     2.20726E-02  2.34985E-04  15.151300  6.038260
3  620.000000    114.478000    120.000000    102.908000    200.000000    92.851000     2.47408E-02  2.56557E-04  15.195800  5.072330
3  620.000000    114.478000    160.000000    97.335000     240.000000    92.290000     2.56290E-02  2.65765E-04  16.258000  5.072310
3  620.000000    114.478000    200.000000    92.851000     280.000000    93.398000     3.04770E-02  3.12350E-04  17.120700  4.513000
3  620.000000    114.478000    960.000000    154.933000    1040.000000   135.603000    2.05098E-02  2.18345E-04  14.951800  6.038260
3  620.000000    114.478000    1000.000000   139.164000    1080.000000   116.772000    1.84260E-02  1.97302E-04  18.739500  5.990440
3  620.000000    114.478000    1040.000000   135.603000    1120.000000   126.923000    1.60580E-02  1.75613E-04  27.369500  6.286870
3  620.000000    114.478000    1080.000000   116.772000    1160.000000   133.280000    2.16931E-02  2.30973E-04  16.955200  6.039270
3  620.000000    114.478000    1120.000000   126.923000    1200.000000   143.288000    1.94868E-02  2.08684E-04  28.119900  5.990770
3  620.000000    114.478000    1160.000000   133.280000    1240.000000   143.282000    1.49525E-02  1.63567E-04  43.182000  6.287240
3  620.000000    114.478000    1200.000000   143.288000    1280.000000   155.645000    1.52843E-02  1.67155E-04  25.088200  6.286890
3  620.000000    114.478000    1240.000000   143.282000    1320.000000   173.060000    1.37499E-02  1.55610E-04  27.157200  6.887920
3  620.000000    114.478000    1800.000000   104.339000    1880.000000   68.179000     8.59618E-03  1.03295E-04  17.203300  9.575470
3  620.000000    114.478000    1840.000000   80.146000     1920.000000   68.761000     8.71184E-03  1.04686E-04  24.180200  9.575470
3  620.000000    114.478000    2200.000000   52.831000     2280.000000   43.553000     2.75486E-03  5.00426E-05  35.058600  22.812600
3  620.000000    114.478000    2240.000000   43.386000     2320.000000   45.377000     2.17145E-03  5.82300E-05  35.230100  29.851200
3  620.000000    114.478000    1280.000000   155.645000    1440.000000   204.976000    1.55043E-02  1.69560E-04  28.745200  6.286860
3  620.000000    114.478000    1320.000000   173.060000    1480.000000   191.689000    1.23154E-02  1.43362E-04  28.824000  8.322200
3  620.000000    114.478000    1360.000000   187.371000    1520.000000   175.987000    1.05233E-02  1.23614E-04  28.015300  8.576470
3  620.000000    114.478000    1400.000000   194.951000    1560.000000   155.051000    1.13756E-02  1.32420E-04  26.710500  8.322210
3  620.000000    114.478000    1440.000000   204.976000    1600.000000   131.871000    1.31537E-02  1.48858E-04  26.028100  6.887900
3  620.000000    114.478000    1480.000000   191.689000    1640.000000   112.857000    2.06579E-02  2.19926E-04  25.172900  6.038210
3  620.000000    114.478000    1520.000000   175.987000    1680.000000   114.145000    2.44721E-02  2.53754E-04  25.211200  5.072300
3  620.000000    114.478000    1560.000000   155.051000    1720.000000   106.756000    2.32488E-02  2.47507E-04  24.914600  6.038210
3  620.000000    114.478000    1600.000000   131.871000    1760.000000   101.140000    2.47082E-02  2.56202E-04  24.396000  5.072300
3  620.000000    114.478000    1640.000000   112.857000    1800.000000   104.339000    1.74893E-02  1.91265E-04  24.198000  6.286850
3  620.000000    114.478000    1680.000000   114.145000    1840.000000   80.146000     1.55010E-02  1.69522E-04  23.538500  6.286820
3  620.000000    114.478000    1720.000000   106.756000    1880.000000   68.179000     1.64751E-02  1.80173E-04  19.938600  6.286820
3  620.000000    114.478000    1760.000000   101.140000    1920.000000   68.761000     1.50417E-02  1.70224E-04  23.934100  6.887890
3  620.000000    114.478000    2040.000000   57.680000     2200.000000   52.831000     6.18666E-03  7.90204E-05  29.908900  12.638600
3  620.000000    114.478000    2080.000000   61.209000     2240.000000   43.386000     4.13571E-03  6.63761E-05  31.244000  18.562400
3  620.000000    114.478000    2120.000000   64.714000     2280.000000   43.553000     4.61214E-03  7.41830E-05  33.464100  18.562600
3  620.000000    114.478000    2160.000000   69.496000     2320.000000   45.377000     4.58915E-03  7.37146E-05  32.243800  18.562400
3  620.000000    114.478000    2000.000000   61.720000     2320.000000   45.377000     1.00464E-02  1.18429E-04  31.504700  8.577450
3  700.000000    113.449000    0.000000      105.852000    40.000000     108.172000    1.00596E-02  1.18167E-04  19.923400  8.576720
3  700.000000    113.449000    360.000000    95.756000     400.000000    101.442000    1.98390E-02  2.12442E-04  4.419350  5.990630
3  700.000000    113.449000    400.000000    101.442000    440.000000    109.091000    2.59524E-02  2.69111E-04  27.734100  5.072670
3  700.000000    113.449000    440.000000    109.091000    480.000000    117.202000    2.54100E-02  2.63476E-04  17.285100  5.072280
3  700.000000    113.449000    480.000000    117.202000    520.000000    118.621000    4.04023E-02  4.08524E-04  15.744400  3.850100
3  700.000000    113.449000    520.000000    118.621000    560.000000    114.524000    6.67008E-02  6.71163E-04  15.320200  3.197530
3  700.000000    113.449000    560.000000    114.524000    600.000000    110.348000    9.73455E-02  9.76852E-04  14.864200  2.340660
3  700.000000    113.449000    600.000000    110.348000    640.000000    121.240000    1.88196E-01  1.88702E-03  -2.660320  1.817480
3  700.000000    113.449000    760.000000    100.356000    800.000000    108.602000    2.01716E-01  2.02240E-03  9.254060  1.816230
3  700.000000    113.449000    800.000000    108.602000    840.000000    121.214000    7.69410E-02  7.73119E-04  10.260600  2.813710
3  700.000000    113.449000    840.000000    121.214000    880.000000    124.368000    5.38497E-02  5.42563E-04  12.942700  3.398130
3  700.000000    113.449000    880.000000    124.368000    920.000000    140.952000    3.61728E-02  3.67668E-04  11.208800  4.112480
3  700.000000    113.449000    920.000000    140.952000    960.000000    154.933000    2.81404E-02  2.88391E-04  11.507800  4.513940
3  700.000000    113.449000    960.000000    154.933000    1000.000000   139.164000    1.20826E-02  1.40650E-04  8.698080  8.322320
3  700.000000    113.449000    1000.000000   139.164000    1040.000000   135.603000    1.93161E-02  2.06831E-04  15.445600  5.991060
3  700.000000    113.449000    1880.000000   68.179000     1920.000000   68.761000     5.17925E-03  6.61540E-05  34.266600  12.641200
3  700.000000    113.449000    2280.000000   43.553000     2320.000000   45.377000     7.39676E-04  2.94681E-05  8.711820  48.651900
3  700.000000    113.449000    0.000000      105.852000    80.000000     108.382000    1.69902E-02  1.85807E-04  19.199900  6.286880
3  700.000000    113.449000    40.000000     108.172000    120.000000    102.908000    1.59909E-02  1.74878E-04  17.293500  6.286820
3  700.000000    113.449000    80.000000     108.382000    160.000000    97.335000     1.91092E-02  2.04614E-04  16.602500  5.990350
3  700.000000    113.449000    120.000000    102.908000    200.000000    92.851000     2.10969E-02  2.24591E-04  16.494400  6.038200
3  700.000000    113.449000    160.000000    97.335000     240.000000    92.290000     2.14169E-02  2.27998E-04  17.415400  6.038190
3  700.000000    113.449000    200.000000    92.851000     280.000000    93.398000     2.48937E-02  2.58125E-04  18.206600  5.072370
3  700.000000    113.449000    240.000000    92.290000     320.000000    95.039000     3.24200E-02  3.29520E-04  18.414900  4.112050
3  700.000000    113.449000    280.000000    93.398000     360.000000    95.756000     3.60873E-02  3.66795E-04  18.713100  4.112050
3  700.000000    113.449000    1040.000000   135.603000    1120.000000   126.923000    2.22501E-02  2.36870E-04  25.625500  6.038280
3  700.000000    113.449000    1080.000000   116.772000    1160.000000   133.280000    2.90773E-02  2.97993E-04  15.039300  4.513640
3  700.000000    113.449000    1120.000000   126.923000    1200.000000   143.288000    2.56171E-02  2.65670E-04  26.319700  5.072980
3  700.000000    113.449000    1160.000000   133.280000    1240.000000   143.282000    1.93811E-02  2.07527E-04  42.495400  5.991960
3  700.000000    113.449000    1200.000000   143.288000    1280.000000   155.645000    1.94599E-02  2.08371E-04  22.718600  5.990510
3  700.000000    113.449000    1240.000000   143.282000    1320.000000   173.060000    1.73541E-02  1.89790E-04  24.622400  6.287030
3  700.000000    113.449000    1280.000000   155.645000    1360.000000   187.371000    1.15083E-02  1.33966E-04  25.926100  8.322280
3  700.000000    113.449000    1320.000000   173.060000    1400.000000   194.951000    9.88806E-03  1.16153E-04  26.631700  8.576510
3  700.000000    113.449000    1800.000000   104.339000    1880.000000   68.179000     9.96914E-03  1.17104E-04  7.898930  8.576430
3  700.000000    113.449000    1840.000000   80.146000     1920.000000   68.761000     1.01017E-02  1.18666E-04  16.899800  8.576490
3  700.000000    113.449000    2200.000000   52.831000     2280.000000   43.553000     3.09090E-03  5.61913E-05  9.693750  22.811100
3  700.000000    113.449000    2240.000000   43.386000     2320.000000   45.377000     2.44384E-03  4.41929E-05  10.893800  22.810200
3  700.000000    113.449000    1360.000000   187.371000    1520.000000   175.987000    1.28363E-02  1.49424E-04  24.591800  8.322190
3  700.000000    113.449000    1400.000000   194.951000    1560.000000   155.051000    1.37314E-02  1.55396E-04  22.733300  6.887950
3  700.000000    113.449000    1440.000000   204.976000    1600.000000   131.871000    1.57891E-02  1.72674E-04  21.539400  6.286870
3  700.000000    113.449000    1480.000000   191.689000    1640.000000   112.857000    2.46542E-02  2.55642E-04  20.214400  5.072430
3  700.000000    113.449000    1520.000000   175.987000    1680.000000   114.145000    2.90858E-02  2.98080E-04  19.968500  4.513150
3  700.000000    113.449000    1560.000000   155.051000    1720.000000   106.756000    2.75206E-02  2.82042E-04  19.431500  4.513210
3  700.000000    113.449000    1600.000000   131.871000    1760.000000   101.140000    2.91543E-02  2.98779E-04  18.594000  4.513120
3  700.000000    113.449000    1640.000000   112.857000    1800.000000   104.339000    2.05520E-02  2.18792E-04  18.089100  6.038230
3  700.000000    113.449000    1680.000000   114.145000    1840.000000   80.146000     1.81446E-02  1.94285E-04  16.889200  5.990390
3  700.000000    113.449000    1720.000000   106.756000    1880.000000   68.179000     1.91997E-02  2.05583E-04  11.916200  5.990350
3  700.000000    113.449000    1760.000000   101.140000    1920.000000   68.761000     1.74883E-02  1.87261E-04  16.698800  5.990350
3  700.000000    113.449000    2040.000000   57.680000     2200.000000   52.831000     7.01676E-03  8.82680E-05  16.899400  12.114200
3  700.000000    113.449000    2080.000000   61.209000     2240.000000   43.386000     4.64947E-03  7.46240E-05  14.136700  18.563700
3  700.000000    113.449000    2120.000000   64.714000     2280.000000   43.553000     5.17285E-03  6.62570E-05  12.281200  12.638900
3  700.000000    113.449000    2160.000000   69.496000     2320.000000   45.377000     5.14547E-03  6.57812E-05  9.900410  12.638600
3  700.000000    113.449000    2000.000000   61.720000     2320.000000   45.377000     1.13557E-02  1.32539E-04  14.322200  8.329150
3  740.000000    100.177000    0.000000      105.852000    40.000000     108.172000    9.00814E-03  1.08245E-04  16.655000  9.575470
3  740.000000    100.177000    400.000000    101.442000    440.000000    109.091000    1.96886E-02  2.13235E-04  28.115600  5.990370
3  740.000000    100.177000    440.000000    109.091000    480.000000    117.202000    1.88130E-02  2.01442E-04  17.973700  5.990330
3  740.000000    100.177000    480.000000    117.202000    520.000000    118.621000    2.86466E-02  2.93573E-04  16.496000  4.513000
3  740.000000    100.177000    520.000000    118.621000    560.000000    114.524000    4.29120E-02  4.33900E-04  16.177600  3.850090
3  740.000000    100.177000    560.000000    114.524000    600.000000    110.348000    5.53113E-02  5.57283E-04  15.618900  3.397800
3  740.000000    100.177000    600.000000    110.348000    640.000000    121.240000    7.86035E-02  7.89871E-04  -1.807560  15.060300
3  740.000000    100.177000    640.000000    121.240000    680.000000    117.505000    1.51325E-01  1.51768E-03  18.263800  1.868780
3  740.000000    100.177000    800.000000    108.602000    840.000000    121.214000    1.78035E-01  1.81151E-03  8.039260  1.834460
3  740.000000    100.177000    840.000000    121.214000    880.000000    124.368000    1.06382E-01  2.19425E-03  8.867780  23.770800
3  740.000000    100.177000    880.000000    124.368000    920.000000    140.952000    6.16316E-02  1.36152E-03  9.432640  3.269060
3  740.000000    100.177000    920.000000    140.952000    960.000000    154.933000    4.50779E-02  1.54121E-03  9.798000  3.854040
3  740.000000    100.177000    1000.000000   139.164000    1040.000000   135.603000    2.90016E-02  3.41079E-04  14.017500  4.514710
3  740.000000    100.177000    1040.000000   135.603000    1080.000000   116.772000    1.07032E-02  1.25754E-04  17.992500  8.576460
3  740.000000    100.177000    1080.000000   116.772000    1120.000000   126.923000    1.96086E-02  7.45537E-04  28.277200  6.038260
3  740.000000    100.177000    1880.000000   68.179000     1920.000000   68.761000     5.92575E-03  2.11303E-04  44.366000  15.968600
3  740.000000    100.177000    2280.000000   43.553000     2320.000000   45.377000     8.25303E-04  3.28795E-05  29.989200  48.651900
3  740.000000    100.177000    0.000000      105.852000    80.000000     108.382000    1.51712E-02  1.65914E-04  16.241600  6.286850
3  740.000000    100.177000    40.000000     108.172000    120.000000    102.908000    1.41967E-02  1.60661E-04  15.267300  6.887910
3  740.000000    100.177000    80.000000     108.382000    160.000000    97.335000     1.68535E-02  1.84313E-04  15.120300  6.286920
3  740.000000    100.177000    120.000000    102.908000    200.000000    92.851000     1.83531E-02  1.96518E-04  15.343600  5.990390
3  740.000000    100.177000    160.000000    97.335000     240.000000    92.290000     1.83372E-02  1.96347E-04  16.584400  5.990430
3  740.000000    100.177000    200.000000    92.851000     280.000000    93.398000     2.09719E-02  2.23261E-04  17.668800  6.038290
3  740.000000    100.177000    240.000000    92.290000     320.000000    95.039000     2.68087E-02  2.77979E-04  18.049300  5.076110
3  740.000000    100.177000    280.000000    93.398000     360.000000    95.756000     2.91714E-02  2.98951E-04  18.538300  4.513000
3  740.000000    100.177000    320.000000    95.039000     400.000000    101.442000    2.95894E-02  3.03235E-04  11.243800  4.517440
3  740.000000    100.177000    1160.000000   133.280000    1240.000000   143.282000    2.49285E-02  2.58546E-04  43.333700  5.072930
3  740.000000    100.177000    1200.000000   143.288000    1280.000000   155.645000    2.44914E-02  2.54035E-04  22.524600  5.072350
3  740.000000    100.177000    1240.000000   143.282000    1320.000000   173.060000    2.16299E-02  2.30376E-04  24.565500  6.038280
3  740.000000    100.177000    1280.000000   155.645000    1360.000000   187.371000    1.42440E-02  1.61278E-04  26.201200  6.887980
3  740.000000    100.177000    1320.000000   173.060000    1400.000000   194.951000    1.21615E-02  1.41646E-04  27.145800  8.322430
3  740.000000    100.177000    1360.000000   187.371000    1440.000000   204.976000    9.34841E-03  1.09856E-04  26.512200  8.576610
3  740.000000    100.177000    1800.000000   104.339000    1880.000000   68.179000     1.14406E-02  1.34561E-04  7.696720  8.325670
3  740.000000    100.177000    1840.000000   80.146000     1920.000000   68.761000     1.15420E-02  1.34399E-04  20.303100  8.322550
3  740.000000    100.177000    2200.000000   52.831000     2280.000000   43.553000     3.45341E-03  6.25112E-05  31.606000  22.810200
3  740.000000    100.177000    2240.000000   43.386000     2320.000000   45.377000     2.73152E-03  4.94001E-05  33.683000  22.810200
3  740.000000    100.177000    1400.000000   194.951000    1560.000000   155.051000    1.62929E-02  1.78270E-04  23.947900  6.287020
3  740.000000    100.177000    1440.000000   204.976000    1600.000000   131.871000    1.86906E-02  2.00216E-04  23.069300  5.990560
3  740.000000    100.177000    1480.000000   191.689000    1640.000000   112.857000    2.90468E-02  2.97907E-04  21.934500  4.513790
3  740.000000    100.177000    1520.000000   175.987000    1680.000000   114.145000    3.41204E-02  3.47161E-04  21.834400  4.113330
3  740.000000    100.177000    1560.000000   155.051000    1720.000000   106.756000    3.21334E-02  3.29615E-04  21.468500  4.514350
3  740.000000    100.177000    1600.000000   131.871000    1760.000000   101.140000    3.39375E-02  3.45161E-04  20.756800  4.114910
3  740.000000    100.177000    1640.000000   112.857000    1800.000000   104.339000    2.38109E-02  2.48814E-04  20.457800  5.074870
3  740.000000    100.177000    1680.000000   114.145000    1840.000000   80.146000     2.09595E-02  2.24566E-04  19.546700  6.043750
3  740.000000    100.177000    1720.000000   106.756000    1880.000000   68.179000     2.21253E-02  2.43130E-04  13.100900  6.108330
3  740.000000    100.177000    1760.000000   101.140000    1920.000000   68.761000     2.00598E-02  2.15813E-04  19.921000  5.991200
3  740.000000    100.177000    2000.000000   61.720000     2160.000000   69.496000     7.00078E-03  8.80229E-05  26.498200  12.114100
3  740.000000    100.177000    2040.000000   57.680000     2200.000000   52.831000     7.88454E-03  9.47674E-05  25.519300  9.575470
3  740.000000    100.177000    2080.000000   61.209000     2240.000000   43.386000     5.19162E-03  6.63982E-05  26.254300  12.638900
3  740.000000    100.177000    2120.000000   64.714000     2280.000000   43.553000     5.76904E-03  7.37514E-05  29.254400  12.638700
3  740.000000    100.177000    2160.000000   69.496000     2320.000000   45.377000     5.73856E-03  7.33084E-05  28.696700  12.638900
3  780.000000    101.926000    0.000000      105.852000    40.000000     108.172000    8.31638E-03  9.99346E-05  18.222600  9.577840
3  780.000000    101.926000    440.000000    109.091000    480.000000    117.202000    1.49500E-02  1.69185E-04  19.179500  6.887860
3  780.000000    101.926000    480.000000    117.202000    520.000000    118.621000    2.23460E-02  2.37889E-04  17.821900  6.038190
3  780.000000    101.926000    520.000000    118.621000    560.000000    114.524000    3.18855E-02  3.26766E-04  17.714300  4.513000
3  780.000000    101.926000    560.000000    114.524000    600.000000    110.348000    3.78731E-02  3.84946E-04  17.395300  4.112040
3  780.000000    101.926000    600.000000    110.348000    640.000000    121.240000    4.69898E-02  4.75180E-04  -0.549381  3.852830
3  780.000000    101.926000    640.000000    121.240000    680.000000    117.505000    7.23444E-02  7.26931E-04  23.838600  2.814300
3  780.000000    101.926000    680.000000    117.505000    720.000000    113.178000    1.68341E-01  1.68779E-03  11.401500  1.815670
3  780.000000    101.926000    840.000000    121.214000    880.000000    124.368000    2.14476E-01  2.15012E-03  9.738590  1.879610
3  780.000000    101.926000    880.000000    124.368000    920.000000    140.952000    1.05321E-01  1.05689E-03  8.231840  2.340640
3  780.000000    101.926000    920.000000    140.952000    960.000000    154.933000    6.96501E-02  6.99858E-04  8.466280  2.813680
3  780.000000    101.926000    960.000000    154.933000    1000.000000   139.164000    3.30895E-02  3.36325E-04  7.622950  4.112080
3  780.000000    101.926000    1000.000000   139.164000    1040.000000   135.603000    3.75019E-02  3.81173E-04  12.162400  4.112050
3  780.000000    101.926000    1040.000000   135.603000    1080.000000   116.772000    1.49691E-02  1.69401E-04  17.131300  6.887860
3  780.000000    101.926000    1080.000000   116.772000    1120.000000   126.923000    2.46721E-02  2.55825E-04  28.433100  5.072290
3  780.000000    101.926000    1880.000000   68.179000     1920.000000   68.761000     6.58746E-03  8.28274E-05  41.541500  12.114200
3  780.000000    101.926000    2280.000000   43.553000     2320.000000   45.377000     9.01207E-04  3.59034E-05  33.658100  48.651900
3  780.000000    101.926000    0.000000      105.852000    80.000000     108.382000    1.39614E-02  1.57998E-04  17.621100  6.888660
3  780.000000    101.926000    40.000000     108.172000    120.000000    102.908000    1.29375E-02  1.50602E-04  16.163900  8.322230
3  780.000000    101.926000    80.000000     108.382000    160.000000    97.335000     1.52432E-02  1.66703E-04  15.826000  6.286840
3  780.000000    101.926000    120.000000    102.908000    200.000000    92.851000     1.64721E-02  1.80144E-04  15.902800  6.286830
3  780.000000    101.926000    160.000000    97.335000     240.000000    92.290000     1.62890E-02  1.78140E-04  17.073100  6.286820
3  780.000000    101.926000    200.000000    92.851000     280.000000    93.398000     1.84035E-02  1.97057E-04  18.219200  5.990380
3  780.000000    101.926000    240.000000    92.290000     320.000000    95.039000     2.31570E-02  2.46525E-04  18.598400  6.038190
3  780.000000    101.926000    280.000000    93.398000     360.000000    95.756000     2.50241E-02  2.59475E-04  19.084400  5.072290
3  780.000000    101.926000    320.000000    95.039000     400.000000    101.442000    2.51269E-02  2.60541E-04  12.679500  5.072290
3  780.000000    101.926000    360.000000    95.756000     440.000000    109.091000    2.86528E-02  2.93640E-04  18.634700  4.512990
3  780.000000    101.926000    1120.000000   126.923000    1200.000000   143.288000    4.06453E-02  4.10985E-04  26.030500  3.850270
3  780.000000    101.926000    1160.000000   133.280000    1240.000000   143.282000    2.94099E-02  3.01399E-04  27.985300  4.513350
3  780.000000    101.926000    1200.000000   143.288000    1280.000000   155.645000    2.92028E-02  2.99282E-04  23.410400  4.513160
3  780.000000    101.926000    1240.000000   143.282000    1320.000000   173.060000    2.56537E-02  2.66006E-04  25.643200  5.072520
3  780.000000    101.926000    1280.000000   155.645000    1360.000000   187.371000    1.67394E-02  1.83067E-04  27.607000  6.286980
3  780.000000    101.926000    1320.000000   173.060000    1400.000000   194.951000    1.42293E-02  1.61032E-04  28.738600  6.887980
3  780.000000    101.926000    1360.000000   187.371000    1440.000000   204.976000    1.09253E-02  1.28335E-04  28.622800  8.576510
3  780.000000    101.926000    1400.000000   194.951000    1480.000000   191.689000    7.30922E-03  9.18857E-05  27.816200  12.114100
3  780.000000    101.926000    1800.000000   104.339000    1880.000000   68.179000     1.29447E-02  1.50685E-04  15.765000  8.322170
3  780.000000    101.926000    1840.000000   80.146000     1920.000000   68.761000     1.29831E-02  1.46927E-04  24.545500  6.888110
3  780.000000    101.926000    2200.000000   52.831000     2280.000000   43.553000     3.73666E-03  6.01221E-05  39.875100  18.571700
3  780.000000    101.926000    2240.000000   43.386000     2320.000000   45.377000     2.98075E-03  5.39021E-05  41.021800  22.810200
3  780.000000    101.926000    1440.000000   204.976000    1600.000000   131.871000    2.15069E-02  2.28958E-04  25.916400  6.038230
3  780.000000    101.926000    1480.000000   191.689000    1640.000000   112.857000    3.32505E-02  3.37965E-04  25.077600  4.112190
3  780.000000    101.926000    1520.000000   175.987000    1680.000000   114.145000    3.89290E-02  3.93631E-04  25.161400  3.850200
3  780.000000    101.926000    1560.000000   155.051000    1720.000000   106.756000    3.65764E-02  3.71766E-04  24.938700  4.112180
3  780.000000    101.926000    1600.000000   131.871000    1760.000000   101.140000    3.85220E-02  3.89511E-04  24.505500  3.850150
3  780.000000    101.926000    1640.000000   112.857000    1800.000000   104.339000    2.69519E-02  2.79464E-04  24.411600  5.072300
3  780.000000    101.926000    1680.000000   114.145000    1840.000000   80.146000     2.36629E-02  2.45361E-04  23.670300  5.072280
3  780.000000    101.926000    1720.000000   106.756000    1880.000000   68.179000     2.50093E-02  2.59321E-04  19.301900  5.072310
3  780.000000    101.926000    1760.000000   101.140000    1920.000000   68.761000     2.25727E-02  2.40302E-04  24.157700  6.038270
3  780.000000    101.926000    2000.000000   61.720000     2160.000000   69.496000     7.72507E-03  9.28275E-05  32.838600  9.575450
3  780.000000    101.926000    2040.000000   57.680000     2200.000000   52.831000     8.67784E-03  1.04278E-04  30.050600  9.575700
3  780.000000    101.926000    2080.000000   61.209000     2240.000000   43.386000     5.64735E-03  7.22934E-05  30.404600  12.638800
3  780.000000    101.926000    2120.000000   64.714000     2280.000000   43.553000     6.25591E-03  7.89590E-05  34.499400  12.115300
3  780.000000    101.926000    2160.000000   69.496000     2320.000000   45.377000     6.21961E-03  7.95420E-05  33.644000  12.638700
3  820.000000    115.703000    0.000000      105.852000    40.000000     108.172000    7.73757E-03  9.72791E-05  18.376500  12.114200
3  820.000000    115.703000    480.000000    117.202000    520.000000    118.621000    1.82050E-02  1.94932E-04  18.844300  5.990330
3  820.000000    115.703000    520.000000    118.621000    560.000000    114.524000    2.53310E-02  2.62657E-04  18.885700  5.072280
3  820.000000    115.703000    560.000000    114.524000    600.000000    110.348000    2.89142E-02  2.96319E-04  18.636800  4.512990
3  820.000000    115.703000    600.000000    110.348000    640.000000    121.240000    3.38985E-02  3.44555E-04  3.401360  4.112730
3  820.000000    115.703000    640.000000    121.240000    680.000000    117.505000    4.68497E-02  4.72034E-04  25.689400  3.398360
3  820.000000    115.703000    680.000000    117.505000    720.000000    113.178000    9.54223E-02  9.58040E-04  13.999900  2.592460
3  820.000000    115.703000    720.000000    113.178000    760.000000    100.356000    2.66032E-01  4.79342E-03  8.122380  8.441170
3  820.000000    115.703000    880.000000    124.368000    920.000000    140.952000    2.25299E-01  2.38891E-03  8.786590  3.465480
3  820.000000    115.703000    920.000000    140.952000    960.000000    154.933000    1.19930E-01  3.31021E-03  24.799400  22.219900
3  820.000000    115.703000    960.000000    154.933000    1000.000000   139.164000    5.93582E-02  5.97280E-04  7.931900  3.197510
3  820.000000    115.703000    1000.000000   139.164000    1040.000000   135.603000    4.93153E-02  4.96876E-04  10.338600  3.397790
3  820.000000    115.703000    1040.000000   135.603000    1080.000000   116.772000    2.08850E-02  2.22338E-04  15.353500  6.038190
3  820.000000    115.703000    1080.000000   116.772000    1120.000000   126.923000    3.09465E-02  1.21004E-03  -1.941870  26.215700
3  820.000000    115.703000    1120.000000   126.923000    1160.000000   133.280000    2.85791E-02  2.92884E-04  20.343000  4.512980
3  820.000000    115.703000    1880.000000   68.179000     1920.000000   68.761000     7.28043E-03  9.15245E-05  39.141200  12.114200
3  820.000000    115.703000    2280.000000   43.553000     2320.000000   45.377000     9.79865E-04  3.90370E-05  28.143200  48.651900
3  820.000000    115.703000    0.000000      105.852000    80.000000     108.382000    1.29580E-02  1.50840E-04  17.716100  8.322160
3  820.000000    115.703000    40.000000     108.172000    120.000000    102.908000    1.19107E-02  1.38650E-04  16.167300  8.322190
3  820.000000    115.703000    120.000000    102.908000    200.000000    92.851000     1.49726E-02  1.69442E-04  15.788500  6.887930
3  820.000000    115.703000    160.000000    97.335000     240.000000    92.290000     1.46790E-02  1.66119E-04  16.945600  6.887870
3  820.000000    115.703000    200.000000    92.851000     280.000000    93.398000     1.64197E-02  1.79567E-04  18.165500  6.286860
3  820.000000    115.703000    240.000000    92.290000     320.000000    95.039000     2.04824E-02  2.18052E-04  18.637900  6.038270
3  820.000000    115.703000    280.000000    93.398000     360.000000    95.756000     2.19199E-02  2.33355E-04  19.217800  6.038190
3  820.000000    115.703000    320.000000    95.039000     400.000000    101.442000    2.17524E-02  2.31572E-04  13.142900  6.038220
3  820.000000    115.703000    360.000000    95.756000     440.000000    109.091000    2.43797E-02  2.52793E-04  19.044600  5.072340
3  820.000000    115.703000    400.000000    101.442000    480.000000    117.202000    2.59250E-02  2.68816E-04  24.582000  5.072280
3  820.000000    115.703000    1160.000000   133.280000    1240.000000   143.282000    3.50293E-02  3.56048E-04  28.175700  4.112100
3  820.000000    115.703000    1200.000000   143.288000    1280.000000   155.645000    3.44037E-02  3.49693E-04  23.422100  4.112050
3  820.000000    115.703000    1240.000000   143.282000    1320.000000   173.060000    3.00481E-02  3.07948E-04  25.725200  4.512980
3  820.000000    115.703000    1280.000000   155.645000    1360.000000   187.371000    1.94567E-02  2.08340E-04  27.696200  5.990350
3  820.000000    115.703000    1320.000000   173.060000    1400.000000   194.951000    1.64594E-02  1.80007E-04  28.994400  6.286860
3  820.000000    115.703000    1360.000000   187.371000    1440.000000   204.976000    1.25858E-02  1.46509E-04  29.163600  8.322160
3  820.000000    115.703000    1400.000000   194.951000    1480.000000   191.689000    8.38685E-03  1.00780E-04  28.340100  9.575450
3  820.000000    115.703000    1440.000000   204.976000    1520.000000   175.987000    8.02738E-03  9.64602E-05  27.177300  9.575450
3  820.000000    115.703000    1800.000000   104.339000    1880.000000   68.179000     1.44432E-02  1.63451E-04  17.296000  6.887870
3  820.000000    115.703000    1840.000000   80.146000     1920.000000   68.761000     1.44309E-02  1.63316E-04  24.636300  6.887910
3  820.000000    115.703000    2200.000000   52.831000     2280.000000   43.553000     4.04919E-03  6.50523E-05  30.669600  18.567200
3  820.000000    115.703000    2240.000000   43.386000     2320.000000   45.377000     3.24025E-03  5.85947E-05  31.727200  22.810200
3  820.000000    115.703000    0.000000      105.852000    160.000000    97.335000     2.69012E-02  2.78944E-04  16.717200  5.072290
3  820.000000    115.703000    1480.000000   191.689000    1640.000000   112.857000    3.75934E-02  3.82111E-04  25.538600  4.112060
3  820.000000    115.703000    1520.000000   175.987000    1680.000000   114.145000    4.38992E-02  4.43896E-04  25.603700  3.850070
3  820.000000    115.703000    1560.000000   155.051000    1720.000000   106.756000    4.11685E-02  4.16284E-04  25.353900  3.850090
3  820.000000    115.703000    1600.000000   131.871000    1760.000000   101.140000    4.32558E-02  4.37385E-04  24.831100  3.850070
3  820.000000    115.703000    1640.000000   112.857000    1800.000000   104.339000    3.01961E-02  3.09459E-04  24.673300  4.512980
3  820.000000    115.703000    1680.000000   114.145000    1840.000000   80.146000     2.64375E-02  2.74130E-04  23.898900  5.072320
3  820.000000    115.703000    1720.000000   106.756000    1880.000000   68.179000     2.79189E-02  2.86118E-04  20.154700  4.512980
3  820.000000    115.703000    1760.000000   101.140000    1920.000000   68.761000     2.51180E-02  2.60454E-04  24.317500  5.072290
3  820.000000    115.703000    2000.000000   61.720000     2160.000000   69.496000     8.47408E-03  1.01829E-04  30.990600  9.575450
3  820.000000    115.703000    2040.000000   57.680000     2200.000000   52.831000     9.49632E-03  1.11553E-04  28.817700  8.576450
3  820.000000    115.703000    2080.000000   61.209000     2240.000000   43.386000     6.13539E-03  7.83759E-05  28.236900  12.638600
3  820.000000    115.703000    2120.000000   64.714000     2280.000000   43.553000     6.77939E-03  8.52325E-05  29.166300  12.114400
3  820.000000    115.703000    2160.000000   69.496000     2320.000000   45.377000     6.73830E-03  8.47132E-05  27.506700  12.114200
3  860.000000    123.097000    0.000000      105.852000    40.000000     108.172000    7.23413E-03  9.09431E-05  28.583800  12.114900
3  860.000000    123.097000    520.000000    118.621000    560.000000    114.524000    2.04371E-02  2.17567E-04  20.889700  6.038190
3  860.000000    123.097000    560.000000    114.524000    600.000000    110.348000    2.28062E-02  2.42788E-04  20.651200  6.038200
3  860.000000    123.097000    600.000000    110.348000    640.000000    121.240000    2.62548E-02  2.72249E-04  6.455540  5.072760
3  860.000000    123.097000    640.000000    121.240000    680.000000    117.505000    3.31116E-02  3.36550E-04  28.511600  4.112570
3  860.000000    123.097000    680.000000    117.505000    720.000000    113.178000    6.35312E-02  6.39270E-04  16.731100  3.197500
3  860.000000    123.097000    760.000000    100.356000    800.000000    108.602000    2.79170E-01  2.79717E-03  10.195500  1.549950
3  860.000000    123.097000    920.000000    140.952000    960.000000    154.933000    2.43953E-01  2.44563E-03  6.846810  1.884750
3  860.000000    123.097000    1040.000000   135.603000    1080.000000   116.772000    3.19579E-02  3.27511E-04  13.745300  4.513030
3  860.000000    123.097000    1080.000000   116.772000    1120.000000   126.923000    3.91107E-02  3.95468E-04  28.216800  3.850100
3  860.000000    123.097000    1120.000000   126.923000    1160.000000   133.280000    3.48480E-02  3.54202E-04  19.626300  4.112040
3  860.000000    123.097000    1160.000000   133.280000    1200.000000   143.288000    2.40978E-02  2.49872E-04  31.643800  5.072810
3  860.000000    123.097000    1880.000000   68.179000     1920.000000   68.761000     8.10363E-03  9.73765E-05  35.036800  9.576090
3  860.000000    123.097000    2280.000000   43.553000     2320.000000   45.377000     1.06570E-03  4.24566E-05  27.011100  48.651900
3  860.000000    123.097000    0.000000      105.852000    80.000000     108.382000    1.20802E-02  1.40622E-04  27.541600  8.322300
3  860.000000    123.097000    40.000000     108.172000    120.000000    102.908000    1.09848E-02  1.29041E-04  24.710900  8.576670
3  860.000000    123.097000    160.000000    97.335000     240.000000    92.290000     1.32534E-02  1.49986E-04  22.311300  6.887920
3  860.000000    123.097000    200.000000    92.851000     280.000000    93.398000     1.46793E-02  1.66123E-04  22.571700  6.887910
3  860.000000    123.097000    240.000000    92.290000     320.000000    95.039000     1.81718E-02  1.94576E-04  22.423500  5.990350
3  860.000000    123.097000    280.000000    93.398000     360.000000    95.756000     1.93070E-02  2.06732E-04  22.492500  5.990340
3  860.000000    123.097000    320.000000    95.039000     400.000000    101.442000    1.90507E-02  2.03987E-04  16.105200  5.990360
3  860.000000    123.097000    360.000000    95.756000     440.000000    109.091000    2.09633E-02  2.23169E-04  21.472900  6.038220
3  860.000000    123.097000    400.000000    101.442000    480.000000    117.202000    2.17873E-02  2.31941E-04  26.850700  6.038220
3  860.000000    123.097000    440.000000    109.091000    520.000000    118.621000    2.51976E-02  2.61274E-04  21.358600  5.072330
3  860.000000    123.097000    1200.000000   143.288000    1280.000000   155.645000    4.04132E-02  4.08634E-04  22.000100  3.850070
3  860.000000    123.097000    1240.000000   143.282000    1320.000000   173.060000    3.51045E-02  3.56806E-04  24.182000  4.112070
3  860.000000    123.097000    1280.000000   155.645000    1360.000000   187.371000    2.24899E-02  2.39423E-04  26.002400  6.038190
3  860.000000    123.097000    1320.000000   173.060000    1400.000000   194.951000    1.89220E-02  2.02609E-04  27.147100  5.990330
3  860.000000    123.097000    1360.000000   187.371000    1440.000000   204.976000    1.44959E-02  1.64046E-04  27.054700  6.887860
3  860.000000    123.097000    1400.000000   194.951000    1480.000000   191.689000    9.68402E-03  1.13754E-04  25.983200  8.576430
3  860.000000    123.097000    1440.000000   204.976000    1520.000000   175.987000    9.17970E-03  1.10307E-04  24.881600  9.575450
3  860.000000    123.097000    1480.000000   191.689000    1560.000000   155.051000    1.49339E-02  1.69004E-04  24.109900  6.887860
3  860.000000    123.097000    1800.000000   104.339000    1880.000000   68.179000     1.60922E-02  1.75986E-04  15.290300  6.286840
3  860.000000    123.097000    1840.000000   80.146000     1920.000000   68.761000     1.60810E-02  1.75865E-04  21.847000  6.286820
3  860.000000    123.097000    2200.000000   52.831000     2280.000000   43.553000     4.37909E-03  7.05366E-05  30.164400  18.566900
3  860.000000    123.097000    2240.000000   43.386000     2320.000000   45.377000     3.52206E-03  6.36908E-05  28.614900  22.811100
3  860.000000    123.097000    0.000000      105.852000    160.000000    97.335000     2.48370E-02  2.57542E-04  25.302100  5.072570
3  860.000000    123.097000    40.000000     108.172000    200.000000    92.851000     2.46110E-02  2.55191E-04  23.297000  5.072290
3  860.000000    123.097000    1520.000000   175.987000    1680.000000   114.145000    4.94784E-02  4.98515E-04  23.175600  3.397780
3  860.000000    123.097000    1560.000000   155.051000    1720.000000   106.756000    4.63571E-02  4.68735E-04  22.902900  3.850070
3  860.000000    123.097000    1600.000000   131.871000    1760.000000   101.140000    4.85877E-02  4.89541E-04  22.331100  3.397770
3  860.000000    123.097000    1640.000000   112.857000    1800.000000   104.339000    3.38691E-02  3.44249E-04  22.124100  4.112040
3  860.000000    123.097000    1680.000000   114.145000    1840.000000   80.146000     2.95589E-02  3.02923E-04  21.349500  4.512980
3  860.000000    123.097000    1720.000000   106.756000    1880.000000   68.179000     3.11342E-02  3.19070E-04  17.915200  4.512990
3  860.000000    123.097000    1760.000000   101.140000    1920.000000   68.761000     2.79891E-02  2.86838E-04  21.624600  4.512980
3  860.000000    123.097000    2000.000000   61.720000     2160.000000   69.496000     9.30572E-03  1.11821E-04  28.739300  9.575450
3  860.000000    123.097000    2040.000000   57.680000     2200.000000   52.831000     1.04025E-02  1.22195E-04  27.642900  8.576600
3  860.000000    123.097000    2080.000000   61.209000     2240.000000   43.386000     6.66266E-03  8.37710E-05  29.545800  12.114500
3  860.000000    123.097000    2120.000000   64.714000     2280.000000   43.553000     7.33804E-03  9.24065E-05  29.705600  12.122400
3  860.000000    123.097000    2160.000000   69.496000     2320.000000   45.377000     7.29090E-03  9.16947E-05  27.953000  12.121000
3  900.000000    129.785000    0.000000      105.852000    40.000000     108.172000    6.84351E-03  8.60332E-05  16.701100  12.114100
3  900.000000    129.785000    560.000000    114.524000    600.000000    110.348000    1.91151E-02  2.04677E-04  21.828900  5.990330
3  900.000000    129.785000    600.000000    110.348000    640.000000    121.240000    2.15114E-02  2.29010E-04  8.855580  6.038410
3  900.000000    129.785000    640.000000    121.240000    680.000000    117.505000    2.61808E-02  2.71477E-04  30.246200  5.072770
3  900.000000    129.785000    680.000000    117.505000    720.000000    113.178000    4.77893E-02  4.81496E-04  18.805300  3.397770
3  900.000000    129.785000    720.000000    113.178000    760.000000    100.356000    1.04542E-01  1.04907E-03  13.916000  2.340700
3  900.000000    129.785000    760.000000    100.356000    800.000000    108.602000    1.43927E-01  1.44347E-03  10.751600  1.868430
3  900.000000    129.785000    800.000000    108.602000    840.000000    121.214000    2.56541E-01  2.57182E-03  9.241800  1.879490
3  900.000000    129.785000    960.000000    154.933000    1000.000000   139.164000    2.56416E-01  2.57057E-03  9.271950  1.879560
3  900.000000    129.785000    1040.000000   135.603000    1080.000000   116.772000    4.63009E-02  4.68167E-04  12.358500  3.850110
3  900.000000    129.785000    1080.000000   116.772000    1120.000000   126.923000    4.91086E-02  4.94794E-04  28.655800  3.397780
3  900.000000    129.785000    1120.000000   126.923000    1160.000000   133.280000    4.15622E-02  4.20252E-04  19.538400  3.850090
3  900.000000    129.785000    1160.000000   133.280000    1200.000000   143.288000    2.81884E-02  2.88880E-04  29.993600  4.513030
3  900.000000    129.785000    1200.000000   143.288000    1240.000000   143.282000    2.01220E-02  2.15458E-04  19.132000  5.990330
3  900.000000    129.785000    1880.000000   68.179000     1920.000000   68.761000     8.75281E-03  1.05190E-04  34.087500  9.575470
3  900.000000    129.785000    2280.000000   43.553000     2320.000000   45.377000     1.12679E-03  4.48904E-05  20.384600  48.651900
3  900.000000    129.785000    0.000000      105.852000    80.000000     108.382000    1.14093E-02  1.32812E-04  16.391300  8.322190
3  900.000000    129.785000    40.000000     108.172000    120.000000    102.908000    1.03142E-02  1.21157E-04  15.637000  8.576460
3  900.000000    129.785000    200.000000    92.851000     280.000000    93.398000     1.34882E-02  1.52642E-04  19.423300  6.887880
3  900.000000    129.785000    240.000000    92.290000     320.000000    95.039000     1.65987E-02  1.81527E-04  20.183200  6.286850
3  900.000000    129.785000    280.000000    93.398000     360.000000    95.756000     1.75245E-02  1.91650E-04  21.015000  6.286880
3  900.000000    129.785000    320.000000    95.039000     400.000000    101.442000    1.71717E-02  1.87791E-04  15.376900  6.286840
3  900.000000    129.785000    360.000000    95.756000     440.000000    109.091000    1.86771E-02  1.99987E-04  21.276300  5.990350
3  900.000000    129.785000    400.000000    101.442000    480.000000    117.202000    1.91752E-02  2.05320E-04  27.127400  5.990350
3  900.000000    129.785000    440.000000    109.091000    520.000000    118.621000    2.18933E-02  2.33070E-04  22.002700  6.038200
3  900.000000    129.785000    480.000000    117.202000    560.000000    114.524000    3.03459E-02  3.10988E-04  21.770700  4.512980
3  900.000000    129.785000    1240.000000   143.282000    1320.000000   173.060000    3.99659E-02  4.04111E-04  23.107300  3.850130
3  900.000000    129.785000    1280.000000   155.645000    1360.000000   187.371000    2.54065E-02  2.63440E-04  24.927900  5.072360
3  900.000000    129.785000    1320.000000   173.060000    1400.000000   194.951000    2.12737E-02  2.26473E-04  26.080000  6.038230
3  900.000000    129.785000    1360.000000   187.371000    1440.000000   204.976000    1.62061E-02  1.77232E-04  26.054200  6.286830
3  900.000000    129.785000    1400.000000   194.951000    1480.000000   191.689000    1.07641E-02  1.26442E-04  25.122300  8.576450
3  900.000000    129.785000    1440.000000   204.976000    1520.000000   175.987000    1.01759E-02  1.19533E-04  23.892000  8.576440
3  900.000000    129.785000    1480.000000   191.689000    1560.000000   155.051000    1.65020E-02  1.80468E-04  23.002300  6.286830
3  900.000000    129.785000    1520.000000   175.987000    1600.000000   131.871000    2.04082E-02  2.17260E-04  22.456700  6.038210
3  900.000000    129.785000    1800.000000   104.339000    1880.000000   68.179000     1.74377E-02  1.90702E-04  13.970200  6.286840
3  900.000000    129.785000    1840.000000   80.146000     1920.000000   68.761000     1.73929E-02  1.90210E-04  20.804900  6.286870
3  900.000000    129.785000    2200.000000   52.831000     2280.000000   43.553000     4.61263E-03  7.40406E-05  19.981400  18.562400
3  900.000000    129.785000    2240.000000   43.386000     2320.000000   45.377000     3.71794E-03  5.96707E-05  22.080100  18.562400
3  900.000000    129.785000    0.000000      105.852000    160.000000    97.335000     2.33315E-02  2.48380E-04  16.042100  6.038230
3  900.000000    129.785000    40.000000     108.172000    200.000000    92.851000     2.29966E-02  2.44815E-04  15.954300  6.038220
3  900.000000    129.785000    80.000000     108.382000    240.000000    92.290000     2.41855E-02  2.50779E-04  16.775500  5.072330
3  900.000000    129.785000    1560.000000   155.051000    1720.000000   106.756000    5.07207E-02  5.11031E-04  21.668700  3.397790
3  900.000000    129.785000    1600.000000   131.871000    1760.000000   101.140000    5.30514E-02  5.34514E-04  21.046200  3.397790
3  900.000000    129.785000    1640.000000   112.857000    1800.000000   104.339000    3.68973E-02  3.75028E-04  20.869500  4.112060
3  900.000000    129.785000    1680.000000   114.145000    1840.000000   80.146000     3.21258E-02  3.29232E-04  20.000000  4.512980
3  900.000000    129.785000    1720.000000   106.756000    1880.000000   68.179000     3.37873E-02  3.43417E-04  16.548100  4.112050
3  900.000000    129.785000    1760.000000   101.140000    1920.000000   68.761000     3.03090E-02  3.10610E-04  20.403800  4.513000
3  900.000000    129.785000    2000.000000   61.720000     2160.000000   69.496000     9.95226E-03  1.16905E-04  26.190800  8.576430
3  900.000000    129.785000    2040.000000   57.680000     2200.000000   52.831000     1.11062E-02  1.29284E-04  24.288900  8.322160
3  900.000000    129.785000    2080.000000   61.209000     2240.000000   43.386000     7.06700E-03  8.89495E-05  21.972700  12.117800
3  900.000000    129.785000    2120.000000   64.714000     2280.000000   43.553000     7.75164E-03  9.31592E-05  21.033600  9.575560
3  900.000000    129.785000    2160.000000   69.496000     2320.000000   45.377000     7.69485E-03  9.24644E-05  18.848400  9.575520
3  945.000000    146.199000    0.000000      105.852000    40.000000     108.172000    6.41833E-03  8.07073E-05  27.085500  12.114200
3  945.000000    146.199000    600.000000    110.348000    640.000000    121.240000    1.73303E-02  1.89531E-04  12.159800  14.460500
3  945.000000    146.199000    640.000000    121.240000    680.000000    117.505000    2.00156E-02  2.14321E-04  31.858200  5.990410
3  945.000000    146.199000    680.000000    117.505000    720.000000    113.178000    3.56629E-02  3.62481E-04  21.619800  4.112060
3  945.000000    146.199000    720.000000    113.178000    760.000000    100.356000    7.29452E-02  7.32961E-04  16.063400  2.813370
3  945.000000    146.199000    760.000000    100.356000    800.000000    108.602000    8.89618E-02  8.93176E-04  13.125700  2.592490
3  945.000000    146.199000    800.000000    108.602000    840.000000    121.214000    1.28213E-01  1.28653E-03  12.672500  2.039870
3  945.000000    146.199000    840.000000    121.214000    880.000000    124.368000    2.20515E-01  3.65495E-03  24.487200  20.665500
3  945.000000    146.199000    1040.000000   135.603000    1080.000000   116.772000    9.90072E-02  9.93616E-04  8.633970  2.342470
3  945.000000    146.199000    1080.000000   116.772000    1120.000000   126.923000    7.30641E-02  7.34163E-04  32.690000  2.813420
3  945.000000    146.199000    1120.000000   126.923000    1160.000000   133.280000    5.37406E-02  5.41463E-04  18.475900  3.397900
3  945.000000    146.199000    1160.000000   133.280000    1200.000000   143.288000    3.47856E-02  3.53568E-04  34.219200  33.172000
3  945.000000    146.199000    1200.000000   143.288000    1240.000000   143.282000    2.43947E-02  2.52949E-04  20.559200  5.072300
3  945.000000    146.199000    1240.000000   143.282000    1280.000000   155.645000    3.13385E-02  3.21163E-04  24.200700  4.513010
3  945.000000    146.199000    1880.000000   68.179000     1920.000000   68.761000     9.64810E-03  1.13333E-04  37.517200  8.576480
3  945.000000    146.199000    2080.000000   61.209000     2120.000000   64.714000     2.08690E-03  5.59627E-05  34.947600  29.851100
3  945.000000    146.199000    2280.000000   43.553000     2320.000000   45.377000     1.21890E-03  4.85600E-05  36.520700  48.651900
3  945.000000    146.199000    0.000000      105.852000    80.000000     108.382000    1.06753E-02  1.25414E-04  26.007800  8.576490
3  945.000000    146.199000    40.000000     108.172000    120.000000    102.908000    9.56732E-03  1.12383E-04  23.119600  8.576510
3  945.000000    146.199000    240.000000    92.290000     320.000000    95.039000     1.48856E-02  1.68457E-04  22.207900  6.887950
3  945.000000    146.199000    280.000000    93.398000     360.000000    95.756000     1.56111E-02  1.70725E-04  22.558200  6.286860
3  945.000000    146.199000    320.000000    95.039000     400.000000    101.442000    1.52068E-02  1.66305E-04  16.461600  6.286860
3  945.000000    146.199000    360.000000    95.756000     440.000000    109.091000    1.63057E-02  1.78321E-04  22.201500  6.286850
3  945.000000    146.199000    400.000000    101.442000    480.000000    117.202000    1.64538E-02  1.79940E-04  28.302900  6.286860
3  945.000000    146.199000    440.000000    109.091000    520.000000    118.621000    1.84902E-02  1.97986E-04  23.089600  5.990340
3  945.000000    146.199000    480.000000    117.202000    560.000000    114.524000    2.53439E-02  2.62791E-04  22.952700  5.072290
3  945.000000    146.199000    520.000000    118.621000    600.000000    110.348000    3.00849E-02  3.08313E-04  23.222200  4.512980
3  945.000000    146.199000    1280.000000   155.645000    1360.000000   187.371000    2.97812E-02  3.05201E-04  26.822300  4.512990
3  945.000000    146.199000    1320.000000   173.060000    1400.000000   194.951000    2.47417E-02  2.56547E-04  28.294400  5.072300
3  945.000000    146.199000    1360.000000   187.371000    1440.000000   204.976000    1.87510E-02  2.00778E-04  28.681800  5.990330
3  945.000000    146.199000    1400.000000   194.951000    1480.000000   191.689000    1.23941E-02  1.44276E-04  28.163300  8.322150
3  945.000000    146.199000    1440.000000   204.976000    1520.000000   175.987000    1.16379E-02  1.35473E-04  27.284500  8.322150
3  945.000000    146.199000    1480.000000   191.689000    1560.000000   155.051000    1.87628E-02  2.00905E-04  26.851800  5.990340
3  945.000000    146.199000    1520.000000   175.987000    1600.000000   131.871000    2.30898E-02  2.45807E-04  26.553600  6.038190
3  945.000000    146.199000    1560.000000   155.051000    1640.000000   112.857000    3.39542E-02  3.45114E-04  25.838200  4.112050
3  945.000000    146.199000    1800.000000   104.339000    1880.000000   68.179000     1.93793E-02  2.07506E-04  21.006900  5.990350
3  945.000000    146.199000    1840.000000   80.146000     1920.000000   68.761000     1.92645E-02  2.06278E-04  26.555000  5.990390
3  945.000000    146.199000    2040.000000   57.680000     2120.000000   64.714000     8.71930E-03  1.04775E-04  33.550600  9.575450
3  945.000000    146.199000    2200.000000   52.831000     2280.000000   43.553000     4.97180E-03  6.35227E-05  39.685300  12.638700
3  945.000000    146.199000    2240.000000   43.386000     2320.000000   45.377000     4.02169E-03  6.45457E-05  39.465300  18.562400
3  945.000000    146.199000    0.000000      105.852000    160.000000    97.335000     2.16611E-02  2.30598E-04  23.835000  6.038270
3  945.000000    146.199000    40.000000     108.172000    200.000000    92.851000     2.11971E-02  2.25660E-04  21.911500  6.038190
3  945.000000    146.199000    80.000000     108.382000    240.000000    92.290000     2.21535E-02  2.35840E-04  21.549300  6.038250
3  945.000000    146.199000    120.000000    102.908000    280.000000    93.398000     2.38087E-02  2.46872E-04  21.486900  5.072300
3  945.000000    146.199000    1600.000000   131.871000    1760.000000   101.140000    5.94322E-02  5.98025E-04  25.631100  3.197510
3  945.000000    146.199000    1640.000000   112.857000    1800.000000   104.339000    4.12297E-02  4.16890E-04  25.519100  3.850080
3  945.000000    146.199000    1680.000000   114.145000    1840.000000   80.146000     3.57821E-02  3.63693E-04  25.451900  4.112040
3  945.000000    146.199000    1720.000000   106.756000    1880.000000   68.179000     3.75801E-02  3.81968E-04  22.833400  4.112040
3  945.000000    146.199000    1760.000000   101.140000    1920.000000   68.761000     3.36093E-02  3.41608E-04  26.159700  4.112060
3  945.000000    146.199000    2000.000000   61.720000     2160.000000   69.496000     1.08308E-02  1.27226E-04  1.121570  35.516600
3  945.000000    146.199000    2120.000000   64.714000     2280.000000   43.553000     8.31317E-03  9.99035E-05  -6.762160  45.879800
3  945.000000    146.199000    2160.000000   69.496000     2320.000000   45.377000     8.29626E-03  9.96912E-05  36.426000  9.575450
3  973.000000    156.389000    0.000000      105.852000    40.000000     108.172000    6.21802E-03  7.94221E-05  22.537600  12.639200
3  973.000000    156.389000    640.000000    121.240000    680.000000    117.505000    1.74965E-02  1.87349E-04  33.361400  5.990770
3  973.000000    156.389000    680.000000    117.505000    720.000000    113.178000    3.07040E-02  3.14658E-04  23.303700  4.512980
3  973.000000    156.389000    720.000000    113.178000    760.000000    100.356000    6.10449E-02  6.14252E-04  18.971500  3.197500
3  973.000000    156.389000    760.000000    100.356000    800.000000    108.602000    7.11826E-02  7.15250E-04  15.851700  2.813390
3  973.000000    156.389000    800.000000    108.602000    840.000000    121.214000    9.34454E-02  9.38192E-04  15.273700  2.592480
3  973.000000    156.389000    840.000000    121.214000    880.000000    124.368000    1.38967E-01  1.39373E-03  13.084700  1.868380
3  973.000000    156.389000    1040.000000   135.603000    1080.000000   116.772000    1.65927E-01  1.66428E-03  8.287790  1.871740
3  973.000000    156.389000    1080.000000   116.772000    1120.000000   126.923000    9.23064E-02  9.26756E-04  32.734100  2.592490
3  973.000000    156.389000    1120.000000   126.923000    1160.000000   133.280000    6.28223E-02  6.32143E-04  19.081700  3.197480
3  973.000000    156.389000    1160.000000   133.280000    1200.000000   143.288000    3.93451E-02  3.97834E-04  34.623300  3.850490
3  973.000000    156.389000    1200.000000   143.288000    1240.000000   143.282000    2.69807E-02  2.79763E-04  21.256700  5.072300
3  973.000000    156.389000    1240.000000   143.282000    1280.000000   155.645000    3.41036E-02  3.46632E-04  24.537700  4.112060
3  973.000000    156.389000    1280.000000   155.645000    1320.000000   173.060000    1.75757E-02  1.88194E-04  26.182500  5.990350
3  973.000000    156.389000    1880.000000   68.179000     1920.000000   68.761000     1.01193E-02  1.18868E-04  37.551200  8.576470
3  973.000000    156.389000    2280.000000   43.553000     2320.000000   45.377000     1.26670E-03  5.04643E-05  46.177900  48.651900
3  973.000000    156.389000    0.000000      105.852000    80.000000     108.382000    1.03290E-02  1.21335E-04  22.107000  8.576440
3  973.000000    156.389000    40.000000     108.172000    120.000000    102.908000    9.21090E-03  1.10682E-04  21.047500  9.576020
3  973.000000    156.389000    280.000000    93.398000     360.000000    95.756000     1.47277E-02  1.66669E-04  22.140600  6.887910
3  973.000000    156.389000    320.000000    95.039000     400.000000    101.442000    1.43209E-02  1.62067E-04  15.951100  6.887900
3  973.000000    156.389000    360.000000    95.756000     440.000000    109.091000    1.52351E-02  1.66613E-04  21.956600  6.286830
3  973.000000    156.389000    400.000000    101.442000    480.000000    117.202000    1.52089E-02  1.66328E-04  28.655300  6.286860
3  973.000000    156.389000    440.000000    109.091000    520.000000    118.621000    1.69390E-02  1.85247E-04  23.677600  6.286830
3  973.000000    156.389000    480.000000    117.202000    560.000000    114.524000    2.31008E-02  2.45924E-04  23.660200  6.038200
3  973.000000    156.389000    520.000000    118.621000    600.000000    110.348000    2.72231E-02  2.78985E-04  24.059600  4.512990
3  973.000000    156.389000    560.000000    114.524000    640.000000    121.240000    2.95827E-02  3.03169E-04  18.494600  4.512990
3  973.000000    156.389000    1320.000000   173.060000    1400.000000   194.951000    2.66355E-02  2.76183E-04  28.672400  5.072320
3  973.000000    156.389000    1360.000000   187.371000    1440.000000   204.976000    2.01769E-02  2.14797E-04  29.060100  6.038190
3  973.000000    156.389000    1400.000000   194.951000    1480.000000   191.689000    1.33402E-02  1.50968E-04  28.662700  6.887870
3  973.000000    156.389000    1440.000000   204.976000    1520.000000   175.987000    1.24451E-02  1.44870E-04  27.933400  8.322150
3  973.000000    156.389000    1480.000000   191.689000    1560.000000   155.051000    1.99859E-02  2.14001E-04  27.532200  5.990330
3  973.000000    156.389000    1520.000000   175.987000    1600.000000   131.871000    2.45269E-02  2.54319E-04  27.460600  5.072280
3  973.000000    156.389000    1560.000000   155.051000    1640.000000   112.857000    3.59702E-02  3.65605E-04  26.968700  4.112050
3  973.000000    156.389000    1600.000000   131.871000    1680.000000   114.145000    4.02145E-02  4.06625E-04  27.457200  3.850090
3  973.000000    156.389000    1800.000000   104.339000    1880.000000   68.179000     2.04329E-02  2.17523E-04  23.647300  6.038190
3  973.000000    156.389000    1840.000000   80.146000     1920.000000   68.761000     2.02786E-02  2.15880E-04  28.308800  6.038240
3  973.000000    156.389000    2200.000000   52.831000     2280.000000   43.553000     5.14893E-03  6.59727E-05  51.738900  12.641800
3  973.000000    156.389000    2240.000000   43.386000     2320.000000   45.377000     4.17619E-03  6.70253E-05  51.129500  18.562400
3  973.000000    156.389000    0.000000      105.852000    160.000000    97.335000     2.08658E-02  2.22131E-04  21.388100  6.038200
3  973.000000    156.389000    40.000000     108.172000    200.000000    92.851000     2.03396E-02  2.17788E-04  20.563400  5.990820
3  973.000000    156.389000    80.000000     108.382000    240.000000    92.290000     2.11868E-02  2.25550E-04  20.646300  6.039170
3  973.000000    156.389000    120.000000    102.908000    280.000000    93.398000     2.26928E-02  2.41581E-04  20.778900  6.038560
3  973.000000    156.389000    160.000000    97.335000     320.000000    95.039000     2.47358E-02  2.56486E-04  21.235000  5.072300
3  973.000000    156.389000    1640.000000   112.857000    1800.000000   104.339000    4.35637E-02  4.40490E-04  27.338000  3.850070
3  973.000000    156.389000    1680.000000   114.145000    1840.000000   80.146000     3.77484E-02  3.83679E-04  26.985300  4.112060
3  973.000000    156.389000    1720.000000   106.756000    1880.000000   68.179000     3.96179E-02  4.00592E-04  24.954700  3.850070
3  973.000000    156.389000    1760.000000   101.140000    1920.000000   68.761000     3.53838E-02  3.59644E-04  27.894900  4.112050
3  973.000000    156.389000    2000.000000   61.720000     2160.000000   69.496000     1.13652E-02  1.32299E-04  39.019300  8.322160
3  973.000000    156.389000    2040.000000   57.680000     2200.000000   52.831000     1.26417E-02  1.47160E-04  37.540000  8.322170
3  973.000000    156.389000    2080.000000   61.209000     2240.000000   43.386000     7.94522E-03  9.54793E-05  41.416100  9.575450
3  973.000000    156.389000    2120.000000   64.714000     2280.000000   43.553000     8.66995E-03  1.04241E-04  46.244800  9.575570
3  973.000000    156.389000    2160.000000   69.496000     2320.000000   45.377000     8.59946E-03  1.03342E-04  45.825300  9.575490
3  1020.000000   128.241000    0.000000      105.852000    40.000000     108.172000    5.93583E-03  7.46276E-05  12.955000  12.115100
3  1020.000000   128.241000    200.000000    92.851000     240.000000    92.290000     4.66999E-03  7.49529E-05  19.118300  18.562400
3  1020.000000   128.241000    680.000000    117.505000    720.000000    113.178000    2.54765E-02  3.51599E-04  28.695700  5.371100
3  1020.000000   128.241000    720.000000    113.178000    760.000000    100.356000    4.86877E-02  4.98616E-04  22.888200  3.415140
3  1020.000000   128.241000    760.000000    100.356000    800.000000    108.602000    4.76755E-02  4.81451E-04  19.943800  3.399730
3  1020.000000   128.241000    800.000000    108.602000    840.000000    121.214000    5.12972E-02  5.17707E-04  19.437900  3.399510
3  1020.000000   128.241000    840.000000    121.214000    880.000000    124.368000    6.33451E-02  6.38215E-04  18.731800  3.198700
3  1020.000000   128.241000    880.000000    124.368000    920.000000    140.952000    1.03161E-01  1.03612E-03  17.043200  2.341600
3  1020.000000   128.241000    920.000000    140.952000    960.000000    154.933000    1.94258E-01  1.94850E-03  15.188800  1.816100
3  1020.000000   128.241000    1120.000000   126.923000    1160.000000   133.280000    9.29519E-02  9.33237E-04  20.447400  2.592460
3  1020.000000   128.241000    1160.000000   133.280000    1200.000000   143.288000    5.23998E-02  5.27949E-04  31.926100  25.295400
3  1020.000000   128.241000    1200.000000   143.288000    1240.000000   143.282000    3.41312E-02  3.46913E-04  20.540800  4.112060
3  1020.000000   128.241000    1240.000000   143.282000    1280.000000   155.645000    4.17689E-02  4.22342E-04  23.896100  3.850090
3  1020.000000   128.241000    1280.000000   155.645000    1320.000000   173.060000    2.13079E-02  2.26838E-04  25.345400  6.038190
3  1020.000000   128.241000    1320.000000   173.060000    1360.000000   187.371000    1.76390E-02  1.88871E-04  27.919100  5.990330
3  1020.000000   128.241000    1880.000000   68.179000     1920.000000   68.761000     1.10372E-02  1.28481E-04  36.061700  8.322170
3  1020.000000   128.241000    2280.000000   43.553000     2320.000000   45.377000     1.36639E-03  3.66414E-05  25.370100  29.851100
3  1020.000000   128.241000    0.000000      105.852000    80.000000     108.382000    9.85386E-03  2.48031E-04  13.516000  8.576620
3  1020.000000   128.241000    40.000000     108.172000    120.000000    102.908000    8.78143E-03  1.05540E-04  14.696000  9.575590
3  1020.000000   128.241000    200.000000    92.851000     280.000000    93.398000     1.08662E-02  1.27654E-04  19.193800  8.576450
3  1020.000000   128.241000    320.000000    95.039000     400.000000    101.442000    1.31516E-02  1.49156E-04  15.499800  6.888020
3  1020.000000   128.241000    360.000000    95.756000     440.000000    109.091000    1.39224E-02  1.86283E-04  21.887000  6.887920
3  1020.000000   128.241000    400.000000    101.442000    480.000000    117.202000    1.39160E-02  1.65254E-04  28.999100  6.888040
3  1020.000000   128.241000    440.000000    109.091000    520.000000    118.621000    1.54223E-02  1.68794E-04  24.474000  6.286970
3  1020.000000   128.241000    480.000000    117.202000    560.000000    114.524000    2.08170E-02  2.21643E-04  24.704700  6.038330
3  1020.000000   128.241000    520.000000    118.621000    600.000000    110.348000    2.42906E-02  2.51869E-04  25.432000  5.072480
3  1020.000000   128.241000    560.000000    114.524000    640.000000    121.240000    2.57661E-02  2.67169E-04  20.379500  5.072400
3  1020.000000   128.241000    600.000000    110.348000    680.000000    117.505000    2.84051E-02  2.91104E-04  26.355000  4.513620
3  1020.000000   128.241000    1360.000000   187.371000    1440.000000   204.976000    2.35130E-02  2.43806E-04  28.930500  5.072280
3  1020.000000   128.241000    1400.000000   194.951000    1480.000000   191.689000    1.50577E-02  1.64673E-04  28.885500  6.286860
3  1020.000000   128.241000    1440.000000   204.976000    1520.000000   175.987000    1.42218E-02  1.60945E-04  27.854300  6.887870
3  1020.000000   128.241000    1480.000000   191.689000    1560.000000   155.051000    2.28741E-02  2.43511E-04  27.070300  6.038190
3  1020.000000   128.241000    1520.000000   175.987000    1600.000000   131.871000    2.79140E-02  2.86065E-04  26.907800  4.512980
3  1020.000000   128.241000    1560.000000   155.051000    1640.000000   112.857000    4.03769E-02  4.08267E-04  26.288000  3.850080
3  1020.000000   128.241000    1600.000000   131.871000    1680.000000   114.145000    4.49129E-02  4.54132E-04  26.686600  3.850080
3  1020.000000   128.241000    1640.000000   112.857000    1720.000000   106.756000    2.70451E-02  2.80431E-04  27.459000  5.072290
3  1020.000000   128.241000    1800.000000   104.339000    1880.000000   68.179000     2.25881E-02  2.40466E-04  22.656000  6.038190
3  1020.000000   128.241000    1840.000000   80.146000     1920.000000   68.761000     2.22165E-02  2.36512E-04  27.181500  6.038230
3  1020.000000   128.241000    2200.000000   52.831000     2280.000000   43.553000     5.58187E-03  7.12944E-05  25.525900  12.638600
3  1020.000000   128.241000    2240.000000   43.386000     2320.000000   45.377000     4.51716E-03  7.24977E-05  26.223100  18.562400
3  1020.000000   128.241000    0.000000      105.852000    160.000000    97.335000     1.98876E-02  7.30310E-04  14.429300  6.040530
3  1020.000000   128.241000    40.000000     108.172000    200.000000    92.851000     1.93345E-02  2.07032E-04  15.583400  5.991550
3  1020.000000   128.241000    160.000000    97.335000     320.000000    95.039000     2.32216E-02  2.47238E-04  19.189400  6.039510
3  1020.000000   128.241000    200.000000    92.851000     360.000000    95.756000     2.45435E-02  2.54523E-04  20.286600  5.072330
3  1020.000000   128.241000    1680.000000   114.145000    1840.000000   80.146000     4.18655E-02  4.23319E-04  25.922800  3.850090
3  1020.000000   128.241000    1720.000000   106.756000    1880.000000   68.179000     4.39612E-02  4.44509E-04  23.879000  3.850110
3  1020.000000   128.241000    1760.000000   101.140000    1920.000000   68.761000     3.89687E-02  3.94028E-04  26.709300  3.850080
3  1020.000000   128.241000    2000.000000   61.720000     2160.000000   69.496000     1.23267E-02  1.46975E-04  37.317400  8.729080
3  1020.000000   128.241000    2040.000000   57.680000     2200.000000   52.831000     1.37016E-02  1.76497E-04  33.794900  6.887920
3  1020.000000   128.241000    2080.000000   61.209000     2240.000000   43.386000     8.59026E-03  1.10905E-04  30.709100  10.039800
3  1020.000000   128.241000    2120.000000   64.714000     2280.000000   43.553000     9.37813E-03  1.10163E-04  28.541500  10.758700
3  1020.000000   128.241000    2160.000000   69.496000     2320.000000   45.377000     9.30282E-03  1.09277E-04  25.693900  8.679860
3  1060.000000   126.139000    0.000000      105.852000    40.000000     108.172000    5.74507E-03  7.34915E-05  17.576300  12.638600
3  1060.000000   126.139000    720.000000    113.178000    760.000000    100.356000    4.26892E-02  4.31648E-04  25.406600  3.850080
3  1060.000000   126.139000    760.000000    100.356000    800.000000    108.602000    4.03952E-02  4.08452E-04  22.750900  3.850120
3  1060.000000   126.139000    800.000000    108.602000    840.000000    121.214000    4.08179E-02  4.12726E-04  22.510700  3.850070
3  1060.000000   126.139000    840.000000    121.214000    880.000000    124.368000    4.66308E-02  4.69824E-04  22.518900  3.397770
3  1060.000000   126.139000    880.000000    124.368000    920.000000    140.952000    6.29607E-02  6.33529E-04  22.899400  3.197480
3  1060.000000   126.139000    920.000000    140.952000    960.000000    154.933000    9.15467E-02  9.19129E-04  23.238600  2.592500
3  1060.000000   126.139000    1200.000000   143.288000    1240.000000   143.282000    4.03902E-02  1.12208E-03  10.923300  10.358000
3  1060.000000   126.139000    1280.000000   155.645000    1320.000000   173.060000    2.35999E-02  2.44707E-04  23.458300  5.072280
3  1060.000000   126.139000    1320.000000   173.060000    1360.000000   187.371000    1.92939E-02  2.06591E-04  25.572700  5.990330
3  1060.000000   126.139000    1360.000000   187.371000    1400.000000   194.951000    1.55030E-02  1.69542E-04  26.188600  6.286820
3  1060.000000   126.139000    1880.000000   68.179000     1920.000000   68.761000     1.15591E-02  1.34556E-04  31.714000  8.322160
3  1060.000000   126.139000    2280.000000   43.553000     2320.000000   45.377000     1.40340E-03  3.76339E-05  10.270300  29.851100
3  1060.000000   126.139000    0.000000      105.852000    80.000000     108.382000    9.52536E-03  1.11935E-04  18.039700  8.577270
3  1060.000000   126.139000    40.000000     108.172000    120.000000    102.908000    8.44989E-03  1.01537E-04  19.370200  9.575450
3  1060.000000   126.139000    360.000000    95.756000     440.000000    109.091000    1.30550E-02  1.47742E-04  25.688300  6.887870
3  1060.000000   126.139000    400.000000    101.442000    480.000000    117.202000    1.29391E-02  1.46432E-04  32.565900  6.887880
3  1060.000000   126.139000    440.000000    109.091000    520.000000    118.621000    1.42398E-02  1.61149E-04  27.573500  6.887870
3  1060.000000   126.139000    480.000000    117.202000    560.000000    114.524000    1.91586E-02  2.05143E-04  27.594400  5.990360
3  1060.000000   126.139000    520.000000    118.621000    600.000000    110.348000    2.22437E-02  2.36802E-04  28.224300  6.038210
3  1060.000000   126.139000    560.000000    114.524000    640.000000    121.240000    2.34932E-02  2.43601E-04  23.829400  5.072300
3  1060.000000   126.139000    600.000000    110.348000    680.000000    117.505000    2.56236E-02  2.65691E-04  29.232600  5.072330
3  1060.000000   126.139000    640.000000    121.240000    720.000000    113.178000    3.62566E-02  3.68516E-04  32.725800  4.112070
3  1060.000000   126.139000    1400.000000   194.951000    1480.000000   191.689000    1.62177E-02  1.77358E-04  25.643200  6.286840
3  1060.000000   126.139000    1440.000000   204.976000    1520.000000   175.987000    1.52080E-02  1.66316E-04  24.307000  6.286820
3  1060.000000   126.139000    1480.000000   191.689000    1560.000000   155.051000    2.43352E-02  2.52332E-04  23.226900  5.072290
3  1060.000000   126.139000    1520.000000   175.987000    1600.000000   131.871000    2.95787E-02  3.03128E-04  22.532800  4.512990
3  1060.000000   126.139000    1560.000000   155.051000    1640.000000   112.857000    4.28770E-02  4.33546E-04  21.346900  3.850070
3  1060.000000   126.139000    1600.000000   131.871000    1680.000000   114.145000    4.75710E-02  4.79302E-04  21.562900  3.397760
3  1060.000000   126.139000    1640.000000   112.857000    1720.000000   106.756000    2.84337E-02  2.91394E-04  22.081600  4.512990
3  1060.000000   126.139000    1680.000000   114.145000    1760.000000   101.140000    2.63277E-02  2.72992E-04  19.920800  5.072300
3  1060.000000   126.139000    1800.000000   104.339000    1880.000000   68.179000     2.35298E-02  2.43980E-04  14.616700  5.072290
3  1060.000000   126.139000    1840.000000   80.146000     1920.000000   68.761000     2.31717E-02  2.46681E-04  20.333300  6.038200
3  1060.000000   126.139000    2200.000000   52.831000     2280.000000   43.553000     5.71356E-03  7.62817E-05  5.547450  12.712400
3  1060.000000   126.139000    2240.000000   43.386000     2320.000000   45.377000     4.63321E-03  7.43602E-05  7.954210  18.562400
3  1060.000000   126.139000    0.000000      105.852000    160.000000    97.335000     1.91470E-02  2.05022E-04  19.524600  6.001720
3  1060.000000   126.139000    40.000000     108.172000    200.000000    92.851000     1.85459E-02  1.98806E-04  20.855500  5.992030
3  1060.000000   126.139000    80.000000     108.382000    240.000000    92.290000     1.92105E-02  2.06025E-04  22.074100  5.991310
3  1060.000000   126.139000    120.000000    102.908000    280.000000    93.398000     2.04241E-02  2.17817E-04  23.215400  6.039890
3  1060.000000   126.139000    160.000000    97.335000     320.000000    95.039000     2.20681E-02  2.35036E-04  24.151400  6.038190
3  1060.000000   126.139000    200.000000    92.851000     360.000000    95.756000     2.32539E-02  2.47554E-04  24.993400  6.038190
3  1060.000000   126.139000    240.000000    92.290000     400.000000    101.442000    2.48866E-02  2.58049E-04  22.274300  5.072330
3  1060.000000   126.139000    1720.000000   106.756000    1880.000000   68.179000     4.59022E-02  4.64136E-04  16.766000  3.850070
3  1060.000000   126.139000    1760.000000   101.140000    1920.000000   68.761000     4.06774E-02  4.11305E-04  19.974500  3.850100
3  1060.000000   126.139000    2000.000000   61.720000     2160.000000   69.496000     1.27717E-02  1.48672E-04  24.383100  8.322190
3  1060.000000   126.139000    2040.000000   57.680000     2200.000000   52.831000     1.41603E-02  1.60252E-04  22.253100  6.888090
3  1060.000000   126.139000    2080.000000   61.209000     2240.000000   43.386000     8.83403E-03  1.06381E-04  16.751600  9.593840
3  1060.000000   126.139000    2120.000000   64.714000     2280.000000   43.553000     9.61755E-03  1.13412E-04  11.215700  8.588860
3  1060.000000   126.139000    2160.000000   69.496000     2320.000000   45.377000     9.53555E-03  1.12011E-04  7.730660  8.576430
3  1100.000000   120.312000    0.000000      105.852000    40.000000     108.172000    5.43378E-03  6.98023E-05  17.913700  12.648000
3  1100.000000   120.312000    760.000000    100.356000    800.000000    108.602000    3.43381E-02  8.97457E-04  30.044000  14.314000
3  1100.000000   120.312000    800.000000    108.602000    840.000000    121.214000    3.31009E-02  6.81687E-04  21.460300  4.436400
3  1100.000000   120.312000    840.000000    121.214000    880.000000    124.368000    3.69200E-02  8.77474E-04  22.322900  13.322800
3  1100.000000   120.312000    880.000000    124.368000    920.000000    140.952000    4.50789E-02  1.12927E-03  21.338400  13.938800
3  1100.000000   120.312000    920.000000    140.952000    960.000000    154.933000    5.60416E-02  1.12429E-03  22.960100  13.699100
3  1100.000000   120.312000    1160.000000   133.280000    1200.000000   143.288000    2.07603E-01  2.08145E-03  22.884900  1.887460
3  1100.000000   120.312000    1200.000000   143.288000    1240.000000   143.282000    7.88542E-02  7.92374E-04  22.577900  2.816190
3  1100.000000   120.312000    1240.000000   143.282000    1280.000000   155.645000    7.88798E-02  7.92632E-04  23.224900  2.820090
3  1100.000000   120.312000    1280.000000   155.645000    1320.000000   173.060000    3.46779E-02  3.52480E-04  24.195800  4.113890
3  1100.000000   120.312000    1320.000000   173.060000    1360.000000   187.371000    2.66967E-02  2.76818E-04  26.992100  5.073360
3  1100.000000   120.312000    1360.000000   187.371000    1400.000000   194.951000    2.06453E-02  2.19784E-04  27.661700  6.040110
3  1100.000000   120.312000    1400.000000   194.951000    1440.000000   204.976000    1.31136E-02  1.48404E-04  28.261000  6.888360
3  1100.000000   120.312000    1880.000000   68.179000     1920.000000   68.761000     1.31728E-02  1.49074E-04  39.538200  6.891710
3  1100.000000   120.312000    2280.000000   43.553000     2320.000000   45.377000     1.53510E-03  4.11655E-05  38.104100  29.851100
3  1100.000000   120.312000    0.000000      105.852000    80.000000     108.382000    8.99855E-03  1.08132E-04  16.712600  9.576220
3  1100.000000   120.312000    40.000000     108.172000    120.000000    102.908000    7.94802E-03  9.55670E-05  14.593800  9.575620
3  1100.000000   120.312000    400.000000    101.442000    480.000000    117.202000    1.17336E-02  1.36591E-04  29.065800  8.322230
3  1100.000000   120.312000    440.000000    109.091000    520.000000    118.621000    1.28196E-02  1.49232E-04  24.405800  8.322220
3  1100.000000   120.312000    480.000000    117.202000    560.000000    114.524000    1.71773E-02  1.87865E-04  24.796300  6.286850
3  1100.000000   120.312000    520.000000    118.621000    600.000000    110.348000    1.98411E-02  2.12476E-04  25.668500  5.990370
3  1100.000000   120.312000    560.000000    114.524000    640.000000    121.240000    2.07682E-02  2.21136E-04  20.228500  6.038880
3  1100.000000   120.312000    600.000000    110.348000    680.000000    117.505000    2.25458E-02  2.40083E-04  27.097500  6.038540
3  1100.000000   120.312000    640.000000    121.240000    720.000000    113.178000    3.15998E-02  3.23996E-04  31.833500  4.512980
3  1100.000000   120.312000    680.000000    117.505000    760.000000    100.356000    5.59042E-02  5.66410E-04  26.823300  3.280540
3  1100.000000   120.312000    1440.000000   204.976000    1520.000000   175.987000    1.91600E-02  2.05158E-04  27.030400  5.990440
3  1100.000000   120.312000    1480.000000   191.689000    1560.000000   155.051000    2.99935E-02  3.07379E-04  26.353800  4.514530
3  1100.000000   120.312000    1520.000000   175.987000    1600.000000   131.871000    3.58191E-02  3.64069E-04  26.152800  4.119880
3  1100.000000   120.312000    1560.000000   155.051000    1640.000000   112.857000    5.08806E-02  1.22099E-03  16.048100  7.222600
3  1100.000000   120.312000    1600.000000   131.871000    1680.000000   114.145000    5.60166E-02  1.14201E-03  17.491100  6.078640
3  1100.000000   120.312000    1640.000000   112.857000    1720.000000   106.756000    3.33379E-02  3.38856E-04  26.989600  4.130370
3  1100.000000   120.312000    1680.000000   114.145000    1760.000000   101.140000    3.05588E-02  3.13176E-04  24.925700  4.522920
3  1100.000000   120.312000    1720.000000   106.756000    1800.000000   104.339000    2.58051E-02  2.67581E-04  24.246400  5.081610
3  1100.000000   120.312000    1800.000000   104.339000    1880.000000   68.179000     2.68789E-02  2.78710E-04  19.830700  5.081690
3  1100.000000   120.312000    1840.000000   80.146000     1920.000000   68.761000     2.64001E-02  2.73751E-04  26.593700  5.074560
3  1100.000000   120.312000    2200.000000   52.831000     2280.000000   43.553000     6.21034E-03  7.93576E-05  42.357100  12.641800
3  1100.000000   120.312000    2240.000000   43.386000     2320.000000   45.377000     5.06137E-03  6.46494E-05  41.869500  12.639100
3  1100.000000   120.312000    0.000000      105.852000    160.000000    97.335000     1.80208E-02  1.93358E-04  15.550500  6.001430
3  1100.000000   120.312000    40.000000     108.172000    200.000000    92.851000     1.73933E-02  1.90276E-04  14.558000  6.286900
3  1100.000000   120.312000    80.000000     108.382000    240.000000    92.290000     1.79618E-02  1.92353E-04  15.240900  5.990350
3  1100.000000   120.312000    120.000000    102.908000    280.000000    93.398000     1.90340E-02  2.03827E-04  16.194800  5.990360
3  1100.000000   120.312000    160.000000    97.335000     320.000000    95.039000     2.04871E-02  2.18110E-04  17.669700  6.038350
3  1100.000000   120.312000    200.000000    92.851000     360.000000    95.756000     2.15117E-02  2.29018E-04  19.074400  6.038440
3  1100.000000   120.312000    240.000000    92.290000     400.000000    101.442000    2.29630E-02  2.44466E-04  16.619500  6.038380
3  1100.000000   120.312000    280.000000    93.398000     440.000000    109.091000    2.38584E-02  2.47393E-04  20.672300  5.072660
3  1100.000000   120.312000    1760.000000   101.140000    1920.000000   68.761000     4.64833E-02  4.68347E-04  25.952200  3.404660
3  1100.000000   120.312000    2000.000000   61.720000     2160.000000   69.496000     1.42365E-02  1.61124E-04  35.062800  6.888420
3  1100.000000   120.312000    2040.000000   57.680000     2200.000000   52.831000     1.57247E-02  1.72001E-04  33.898400  6.289070
3  1100.000000   120.312000    2080.000000   61.209000     2240.000000   43.386000     9.68976E-03  1.13883E-04  36.792700  8.578900
3  1100.000000   120.312000    2120.000000   64.714000     2280.000000   43.553000     1.04841E-02  1.23178E-04  39.570700  8.578210
3  1100.000000   120.312000    2160.000000   69.496000     2320.000000   45.377000     1.03839E-02  1.21981E-04  38.184200  8.576500
3  1140.000000   125.850000    0.000000      105.852000    40.000000     108.172000    5.22389E-03  6.67221E-05  24.402800  12.638600
3  1140.000000   125.850000    800.000000    108.602000    840.000000    121.214000    2.92919E-02  3.00189E-04  21.751600  4.512980
3  1140.000000   125.850000    840.000000    121.214000    880.000000    124.368000    3.18680E-02  3.26586E-04  21.613200  4.512980
3  1140.000000   125.850000    880.000000    124.368000    920.000000    140.952000    3.77836E-02  3.84036E-04  21.400600  4.112060
3  1140.000000   125.850000    920.000000    140.952000    960.000000    154.933000    4.44212E-02  4.49161E-04  22.663500  3.850110
3  1140.000000   125.850000    960.000000    154.933000    1000.000000   139.164000    3.30213E-02  3.35632E-04  21.703700  4.112090
3  1140.000000   125.850000    1000.000000   139.164000    1040.000000   135.603000    8.36377E-02  8.39723E-04  26.363700  2.592620
3  1140.000000   125.850000    1040.000000   135.603000    1080.000000   116.772000    1.27153E-01  1.27589E-03  29.547400  18.855700
3  1140.000000   125.850000    1240.000000   143.282000    1280.000000   155.645000    1.25089E-01  1.25583E-03  21.668100  2.048780
3  1140.000000   125.850000    1280.000000   155.645000    1320.000000   173.060000    4.78679E-02  4.82484E-04  21.636800  3.402730
3  1140.000000   125.850000    1320.000000   173.060000    1360.000000   187.371000    3.47827E-02  3.53750E-04  25.003000  4.120680
3  1140.000000   125.850000    1360.000000   187.371000    1400.000000   194.951000    2.61752E-02  2.71824E-04  25.402200  5.087780
3  1140.000000   125.850000    1400.000000   194.951000    1440.000000   204.976000    1.64467E-02  1.80557E-04  25.871000  6.320230
3  1140.000000   125.850000    1440.000000   204.976000    1480.000000   191.689000    9.72764E-03  1.14951E-04  26.125200  8.596310
3  1140.000000   125.850000    1880.000000   68.179000     1920.000000   68.761000     1.45233E-02  1.64456E-04  35.638300  6.890180
3  1140.000000   125.850000    2280.000000   43.553000     2320.000000   45.377000     1.64239E-03  4.40427E-05  27.793800  29.851100
3  1140.000000   125.850000    0.000000      105.852000    80.000000     108.382000    8.64448E-03  1.03876E-04  23.809600  9.575450
3  1140.000000   125.850000    40.000000     108.172000    120.000000    102.908000    7.78555E-03  9.42114E-05  52.753700  17.837200
3  1140.000000   125.850000    440.000000    109.091000    520.000000    118.621000    1.19379E-02  1.38966E-04  26.578300  8.322150
3  1140.000000   125.850000    480.000000    117.202000    560.000000    114.524000    1.59566E-02  1.74505E-04  26.819700  6.286870
3  1140.000000   125.850000    520.000000    118.621000    600.000000    110.348000    1.83789E-02  1.96794E-04  27.527500  5.990330
3  1140.000000   125.850000    560.000000    114.524000    640.000000    121.240000    1.92392E-02  2.06006E-04  22.512900  5.990340
3  1140.000000   125.850000    600.000000    110.348000    680.000000    117.505000    2.07330E-02  2.20719E-04  28.767600  6.038210
3  1140.000000   125.850000    640.000000    121.240000    720.000000    113.178000    2.88337E-02  2.95491E-04  33.118500  4.513020
3  1140.000000   125.850000    680.000000    117.505000    760.000000    100.356000    5.07685E-02  5.11513E-04  26.980800  3.397780
3  1140.000000   125.850000    720.000000    113.178000    800.000000    108.602000    6.29184E-02  6.33104E-04  24.135900  3.197480
3  1140.000000   125.850000    1480.000000   191.689000    1560.000000   155.051000    3.54777E-02  3.63001E-04  24.948600  4.141650
3  1140.000000   125.850000    1520.000000   175.987000    1600.000000   131.871000    4.17459E-02  4.23099E-04  24.225100  4.009980
3  1140.000000   125.850000    1560.000000   155.051000    1640.000000   112.857000    5.81539E-02  5.88093E-04  23.740900  3.448220
3  1140.000000   125.850000    1600.000000   131.871000    1680.000000   114.145000    6.36637E-02  6.53209E-04  24.572200  3.659910
3  1140.000000   125.850000    1640.000000   112.857000    1720.000000   106.756000    3.75726E-02  4.16383E-04  26.945000  4.555680
3  1140.000000   125.850000    1680.000000   114.145000    1760.000000   101.140000    3.40499E-02  3.61004E-04  24.261400  4.194480
3  1140.000000   125.850000    1720.000000   106.756000    1800.000000   104.339000    2.88381E-02  2.95703E-04  21.223900  4.525530
3  1140.000000   125.850000    1760.000000   101.140000    1840.000000   80.146000     2.23414E-02  2.38034E-04  21.872300  6.047410
3  1140.000000   125.850000    1800.000000   104.339000    1880.000000   68.179000     2.98322E-02  3.06138E-04  16.388100  4.525710
3  1140.000000   125.850000    1840.000000   80.146000     1920.000000   68.761000     2.91930E-02  2.99371E-04  22.733400  4.517510
3  1140.000000   125.850000    2200.000000   52.831000     2280.000000   43.553000     6.61233E-03  8.31302E-05  28.349400  12.114400
3  1140.000000   125.850000    2240.000000   43.386000     2320.000000   45.377000     5.41057E-03  6.91070E-05  29.578700  12.638600
3  1140.000000   125.850000    0.000000      105.852000    160.000000    97.335000     1.72522E-02  1.89574E-04  26.389200  6.303900
3  1140.000000   125.850000    40.000000     108.172000    200.000000    92.851000     1.66071E-02  1.82042E-04  25.492200  6.310660
3  1140.000000   125.850000    80.000000     108.382000    240.000000    92.290000     1.71122E-02  1.87219E-04  25.421000  6.309580
3  1140.000000   125.850000    120.000000    102.908000    280.000000    93.398000     1.79234E-02  1.93298E-04  12.254800  8.395330
3  1140.000000   125.850000    160.000000    97.335000     320.000000    95.039000     1.94357E-02  2.08110E-04  22.684700  5.990350
3  1140.000000   125.850000    200.000000    92.851000     360.000000    95.756000     2.03593E-02  2.16739E-04  23.493200  6.038200
3  1140.000000   125.850000    240.000000    92.290000     400.000000    101.442000    2.16929E-02  2.30936E-04  20.631600  6.038200
3  1140.000000   125.850000    280.000000    93.398000     440.000000    109.091000    2.24713E-02  2.39225E-04  24.174200  6.038210
3  1140.000000   125.850000    320.000000    95.039000     480.000000    117.202000    2.17317E-02  2.31351E-04  24.809700  6.038220
3  1140.000000   125.850000    2000.000000   61.720000     2160.000000   69.496000     1.54590E-02  1.69063E-04  28.825500  6.286870
3  1140.000000   125.850000    2040.000000   57.680000     2200.000000   52.831000     1.70279E-02  1.86222E-04  27.485000  6.286890
3  1140.000000   125.850000    2080.000000   61.209000     2240.000000   43.386000     1.03899E-02  1.22050E-04  27.280600  8.576620
3  1140.000000   125.850000    2120.000000   64.714000     2280.000000   43.553000     1.11877E-02  1.30237E-04  27.861100  8.322460
3  1140.000000   125.850000    2160.000000   69.496000     2320.000000   45.377000     1.10713E-02  1.28879E-04  26.118200  8.322200
3  1180.000000   136.572000    0.000000      105.852000    40.000000     108.172000    4.87376E-03  7.82209E-05  18.762200  18.562500
3  1180.000000   136.572000    840.000000    121.214000    880.000000    124.368000    2.59812E-02  2.69399E-04  21.757800  5.072290
3  1180.000000   136.572000    880.000000    124.368000    920.000000    140.952000    2.96588E-02  3.03946E-04  21.447800  4.512990
3  1180.000000   136.572000    920.000000    140.952000    960.000000    154.933000    3.23665E-02  3.28976E-04  22.634400  4.112080
3  1180.000000   136.572000    960.000000    154.933000    1000.000000   139.164000    2.61097E-02  2.70731E-04  24.246100  5.072300
3  1180.000000   136.572000    1000.000000   139.164000    1040.000000   135.603000    4.74757E-02  4.78337E-04  25.655200  3.397880
3  1180.000000   136.572000    1040.000000   135.603000    1080.000000   116.772000    5.32238E-02  5.36256E-04  34.552600  3.398820
3  1180.000000   136.572000    1080.000000   116.772000    1120.000000   126.923000    2.45118E-01  2.45731E-03  20.270100  1.879490
3  1180.000000   136.572000    1240.000000   143.282000    1280.000000   155.645000    3.19066E-01  3.19742E-03  25.419600  1.550420
3  1180.000000   136.572000    1280.000000   155.645000    1320.000000   173.060000    9.12929E-02  9.16635E-04  22.388400  2.592540
3  1180.000000   136.572000    1320.000000   173.060000    1360.000000   187.371000    5.90573E-02  5.94276E-04  25.551700  3.197530
3  1180.000000   136.572000    1360.000000   187.371000    1400.000000   194.951000    4.04573E-02  4.09080E-04  24.695800  3.850080
3  1180.000000   136.572000    1400.000000   194.951000    1440.000000   204.976000    2.46741E-02  2.55846E-04  25.133100  5.072280
3  1180.000000   136.572000    1440.000000   204.976000    1480.000000   191.689000    1.39670E-02  1.58062E-04  23.805900  6.887860
3  1180.000000   136.572000    1480.000000   191.689000    1520.000000   175.987000    1.86960E-02  2.00189E-04  23.747700  5.990330
3  1180.000000   136.572000    1880.000000   68.179000     1920.000000   68.761000     1.73182E-02  1.89399E-04  34.620600  6.286870
3  1180.000000   136.572000    2280.000000   43.553000     2320.000000   45.377000     1.85361E-03  4.97068E-05  25.583700  29.851100
3  1180.000000   136.572000    0.000000      105.852000    80.000000     108.382000    8.05386E-03  9.67784E-05  18.373000  9.575450
3  1180.000000   136.572000    40.000000     108.172000    120.000000    102.908000    7.05344E-03  8.86871E-05  17.264300  12.114300
3  1180.000000   136.572000    480.000000    117.202000    560.000000    114.524000    1.40088E-02  1.58535E-04  26.664400  6.887880
3  1180.000000   136.572000    520.000000    118.621000    600.000000    110.348000    1.60607E-02  1.75641E-04  27.481300  6.286850
3  1180.000000   136.572000    560.000000    114.524000    640.000000    121.240000    1.67462E-02  1.83138E-04  22.812500  6.286830
3  1180.000000   136.572000    600.000000    110.348000    680.000000    117.505000    1.79218E-02  1.91899E-04  28.966000  5.990420
3  1180.000000   136.572000    640.000000    121.240000    720.000000    113.178000    2.46746E-02  2.55851E-04  33.376000  5.072320
3  1180.000000   136.572000    680.000000    117.505000    760.000000    100.356000    4.32658E-02  4.37478E-04  27.452700  3.850070
3  1180.000000   136.572000    720.000000    113.178000    800.000000    108.602000    5.34143E-02  5.38170E-04  24.596000  3.397790
3  1180.000000   136.572000    760.000000    100.356000    840.000000    121.214000    4.95661E-02  4.99398E-04  22.506100  3.397810
3  1180.000000   136.572000    1520.000000   175.987000    1600.000000   131.871000    5.52329E-02  5.56499E-04  22.749700  3.397780
3  1180.000000   136.572000    1560.000000   155.051000    1640.000000   112.857000    7.46307E-02  7.52240E-04  22.056200  2.813380
3  1180.000000   136.572000    1600.000000   131.871000    1680.000000   114.145000    8.05693E-02  1.20840E-03  17.677300  3.678890
3  1180.000000   136.572000    1640.000000   112.857000    1720.000000   106.756000    4.73909E-02  1.19020E-03  15.121600  6.657780
3  1180.000000   136.572000    1680.000000   114.145000    1760.000000   101.140000    4.23070E-02  4.27796E-04  21.147800  3.850090
3  1180.000000   136.572000    1720.000000   106.756000    1800.000000   104.339000    3.51554E-02  3.57334E-04  20.360400  4.112110
3  1180.000000   136.572000    1760.000000   101.140000    1840.000000   80.146000     2.70211E-02  2.80182E-04  20.945800  5.072280
3  1180.000000   136.572000    1800.000000   104.339000    1880.000000   68.179000     3.59171E-02  3.65065E-04  15.777200  4.112040
3  1180.000000   136.572000    1840.000000   80.146000     1920.000000   68.761000     3.49325E-02  3.55057E-04  22.090500  4.112200
3  1180.000000   136.572000    2200.000000   52.831000     2280.000000   43.553000     7.39827E-03  9.30177E-05  24.763200  12.114200
3  1180.000000   136.572000    2240.000000   43.386000     2320.000000   45.377000     6.09442E-03  7.78434E-05  26.274100  12.638600
3  1180.000000   136.572000    0.000000      105.852000    160.000000    97.335000     1.60064E-02  1.75065E-04  17.687300  6.286940
3  1180.000000   136.572000    40.000000     108.172000    200.000000    92.851000     1.53404E-02  1.67769E-04  17.388900  6.287000
3  1180.000000   136.572000    80.000000     108.382000    240.000000    92.290000     1.57449E-02  1.72199E-04  18.054800  6.287100
3  1180.000000   136.572000    120.000000    102.908000    280.000000    93.398000     1.65793E-02  1.81318E-04  19.112700  6.286970
3  1180.000000   136.572000    160.000000    97.335000     320.000000    95.039000     1.77197E-02  1.89735E-04  20.583800  5.990350
3  1180.000000   136.572000    200.000000    92.851000     360.000000    95.756000     1.84836E-02  1.97915E-04  21.892700  5.990380
3  1180.000000   136.572000    240.000000    92.290000     400.000000    101.442000    1.96424E-02  2.10323E-04  19.408600  5.990410
3  1180.000000   136.572000    280.000000    93.398000     440.000000    109.091000    2.02372E-02  2.15439E-04  23.236700  6.038240
3  1180.000000   136.572000    320.000000    95.039000     480.000000    117.202000    1.94548E-02  2.08314E-04  24.149400  5.990370
3  1180.000000   136.572000    360.000000    95.756000     520.000000    118.621000    2.05686E-02  2.18967E-04  25.012800  6.038260
3  1180.000000   136.572000    2000.000000   61.720000     2160.000000   69.496000     1.79088E-02  1.91766E-04  27.854500  5.990380
3  1180.000000   136.572000    2040.000000   57.680000     2200.000000   52.831000     1.96393E-02  2.10302E-04  26.762000  5.990470
3  1180.000000   136.572000    2080.000000   61.209000     2240.000000   43.386000     1.17835E-02  1.37198E-04  26.210700  8.322480
3  1180.000000   136.572000    2120.000000   64.714000     2280.000000   43.553000     1.25744E-02  1.46392E-04  25.779300  8.322210
3  1180.000000   136.572000    2160.000000   69.496000     2320.000000   45.377000     1.24213E-02  1.44593E-04  23.693600  8.322200
3  1220.000000   142.414000    0.000000      105.852000    40.000000     108.172000    4.61973E-03  7.41439E-05  10.741400  18.562400
3  1220.000000   142.414000    880.000000    124.368000    920.000000    140.952000    2.53107E-02  2.62447E-04  20.669100  5.072300
3  1220.000000   142.414000    920.000000    140.952000    960.000000    154.933000    2.75344E-02  2.82178E-04  21.185600  4.513040
3  1220.000000   142.414000    960.000000    154.933000    1000.000000   139.164000    2.04835E-02  2.18061E-04  24.118800  6.038250
3  1220.000000   142.414000    1000.000000   139.164000    1040.000000   135.603000    3.72022E-02  3.78127E-04  24.266100  4.112130
3  1220.000000   142.414000    1040.000000   135.603000    1080.000000   116.772000    3.55245E-02  3.61114E-04  39.650300  4.112210
3  1220.000000   142.414000    1080.000000   116.772000    1120.000000   126.923000    1.31024E-01  1.31475E-03  18.203000  2.040030
3  1220.000000   142.414000    1120.000000   126.923000    1160.000000   133.280000    3.42559E-01  3.43145E-03  23.007500  1.299470
3  1220.000000   142.414000    1280.000000   155.645000    1320.000000   173.060000    1.88186E-01  1.88675E-03  17.675400  1.815820
3  1220.000000   142.414000    1320.000000   173.060000    1360.000000   187.371000    9.86595E-02  9.90038E-04  22.579500  2.340610
3  1220.000000   142.414000    1360.000000   187.371000    1400.000000   194.951000    6.14895E-02  6.18726E-04  22.713300  3.197490
3  1220.000000   142.414000    1400.000000   194.951000    1440.000000   204.976000    3.59241E-02  3.65136E-04  23.334500  4.112050
3  1220.000000   142.414000    1440.000000   204.976000    1480.000000   191.689000    1.91160E-02  2.04686E-04  22.390800  5.990330
3  1220.000000   142.414000    1480.000000   191.689000    1520.000000   175.987000    2.51080E-02  2.60345E-04  22.814200  5.072280
3  1220.000000   142.414000    1520.000000   175.987000    1560.000000   155.051000    3.79929E-02  3.86164E-04  21.959700  4.112050
3  1220.000000   142.414000    1880.000000   68.179000     1920.000000   68.761000     2.00453E-02  2.13428E-04  35.734100  6.038330
3  1220.000000   142.414000    2280.000000   43.553000     2320.000000   45.377000     2.03468E-03  5.45624E-05  32.058100  29.851100
3  1220.000000   142.414000    0.000000      105.852000    80.000000     108.382000    7.62324E-03  9.83954E-05  10.675100  12.114200
3  1220.000000   142.414000    40.000000     108.172000    120.000000    102.908000    6.63937E-03  9.16147E-05  10.835200  12.114100
3  1220.000000   142.414000    160.000000    97.335000     240.000000    92.290000     7.27412E-03  9.16037E-05  15.415100  12.116600
3  1220.000000   142.414000    520.000000    118.621000    600.000000    110.348000    1.45000E-02  1.64094E-04  26.246200  6.887870
3  1220.000000   142.414000    560.000000    114.524000    640.000000    121.240000    1.50929E-02  1.65057E-04  21.436600  6.286830
3  1220.000000   142.414000    600.000000    110.348000    680.000000    117.505000    1.60948E-02  1.76014E-04  28.006800  6.286850
3  1220.000000   142.414000    640.000000    121.240000    720.000000    113.178000    2.19956E-02  2.34161E-04  32.770300  6.038270
3  1220.000000   142.414000    680.000000    117.505000    760.000000    100.356000    3.83123E-02  3.89410E-04  26.713800  4.112070
3  1220.000000   142.414000    720.000000    113.178000    800.000000    108.602000    4.72595E-02  4.76158E-04  23.905600  3.397800
3  1220.000000   142.414000    760.000000    100.356000    840.000000    121.214000    4.37391E-02  4.42264E-04  21.819400  3.850140
3  1220.000000   142.414000    800.000000    108.602000    880.000000    124.368000    4.38226E-02  4.43108E-04  21.232000  3.850090
3  1220.000000   142.414000    1560.000000   155.051000    1640.000000   112.857000    9.23536E-02  9.27230E-04  21.933000  2.592470
3  1220.000000   142.414000    1600.000000   131.871000    1680.000000   114.145000    9.81728E-02  9.85154E-04  22.307200  2.340630
3  1220.000000   142.414000    1640.000000   112.857000    1720.000000   106.756000    5.70724E-02  5.74280E-04  23.040900  3.197480
3  1220.000000   142.414000    1680.000000   114.145000    1760.000000   101.140000    5.03661E-02  5.07459E-04  21.438400  3.397760
3  1220.000000   142.414000    1720.000000   106.756000    1800.000000   104.339000    4.14410E-02  4.19027E-04  20.844200  3.850070
3  1220.000000   142.414000    1760.000000   101.140000    1840.000000   80.146000     3.16120E-02  3.23963E-04  21.495900  4.512980
3  1220.000000   142.414000    1800.000000   104.339000    1880.000000   68.179000     4.17930E-02  4.22586E-04  16.298200  3.850070
3  1220.000000   142.414000    1840.000000   80.146000     1920.000000   68.761000     4.04747E-02  4.09256E-04  22.833200  3.850130
3  1220.000000   142.414000    2200.000000   52.831000     2280.000000   43.553000     8.05946E-03  9.68594E-05  34.948200  9.575450
3  1220.000000   142.414000    2240.000000   43.386000     2320.000000   45.377000     6.68238E-03  8.40055E-05  34.828000  12.114100
3  1220.000000   142.414000    0.000000      105.852000    160.000000    97.335000     1.50796E-02  1.70680E-04  11.238900  6.288680
3  1220.000000   142.414000    40.000000     108.172000    200.000000    92.851000     1.43942E-02  1.70226E-04  12.113100  6.888520
3  1220.000000   142.414000    120.000000    102.908000    280.000000    93.398000     1.54720E-02  1.69833E-04  15.389100  6.287180
3  1220.000000   142.414000    160.000000    97.335000     320.000000    95.039000     1.64922E-02  1.80423E-04  17.368900  6.287090
3  1220.000000   142.414000    200.000000    92.851000     360.000000    95.756000     1.71636E-02  1.87703E-04  19.038500  6.286860
3  1220.000000   142.414000    240.000000    92.290000     400.000000    101.442000    1.82248E-02  1.95144E-04  16.887900  5.990370
3  1220.000000   142.414000    280.000000    93.398000     440.000000    109.091000    1.87053E-02  2.00289E-04  20.921900  5.990350
3  1220.000000   142.414000    320.000000    95.039000     480.000000    117.202000    1.78997E-02  1.91663E-04  22.120500  5.990350
3  1220.000000   142.414000    360.000000    95.756000     520.000000    118.621000    1.88079E-02  2.01387E-04  23.270100  5.990330
3  1220.000000   142.414000    400.000000    101.442000    560.000000    114.524000    2.15780E-02  2.29715E-04  27.033500  6.038210
3  1220.000000   142.414000    2000.000000   61.720000     2160.000000   69.496000     2.01368E-02  2.14370E-04  30.543800  6.038200
3  1220.000000   142.414000    2040.000000   57.680000     2200.000000   52.831000     2.20048E-02  2.34256E-04  29.228200  6.038200
3  1220.000000   142.414000    2080.000000   61.209000     2240.000000   43.386000     1.30026E-02  1.47150E-04  31.238700  6.888360
3  1220.000000   142.414000    2120.000000   64.714000     2280.000000   43.553000     1.37614E-02  1.55735E-04  33.100100  6.888980
3  1220.000000   142.414000    2160.000000   69.496000     2320.000000   45.377000     1.35674E-02  1.53540E-04  31.538000  6.889110
3  1260.000000   144.814000    0.000000      105.852000    40.000000     108.172000    4.33629E-03  6.96152E-05  22.333800  18.562400
3  1260.000000   144.814000    920.000000    140.952000    960.000000    154.933000    2.31500E-02  2.46448E-04  21.074300  6.038340
3  1260.000000   144.814000    960.000000    154.933000    1000.000000   139.164000    1.73213E-02  1.89427E-04  25.721700  6.286970
3  1260.000000   144.814000    1000.000000   139.164000    1040.000000   135.603000    2.97529E-02  3.04914E-04  23.425900  4.513140
3  1260.000000   144.814000    1040.000000   135.603000    1080.000000   116.772000    2.54982E-02  2.64391E-04  35.050100  5.072420
3  1260.000000   144.814000    1080.000000   116.772000    1120.000000   126.923000    8.71251E-02  8.74736E-04  21.404800  2.592550
3  1260.000000   144.814000    1120.000000   126.923000    1160.000000   133.280000    1.77203E-01  1.77664E-03  21.626900  3.700570
3  1260.000000   144.814000    1160.000000   133.280000    1200.000000   143.288000    2.84175E-01  2.84732E-03  25.937500  3.067800
3  1260.000000   144.814000    1320.000000   173.060000    1360.000000   187.371000    1.86303E-01  1.86791E-03  15.083600  1.815950
3  1260.000000   144.814000    1360.000000   187.371000    1400.000000   194.951000    1.03693E-01  1.04057E-03  17.407800  2.340910
3  1260.000000   144.814000    1400.000000   194.951000    1440.000000   204.976000    5.53837E-02  5.58024E-04  17.869700  3.397790
3  1260.000000   144.814000    1440.000000   204.976000    1480.000000   191.689000    2.84059E-02  2.91109E-04  18.127600  4.512980
3  1260.000000   144.814000    1480.000000   191.689000    1520.000000   175.987000    3.61540E-02  3.67473E-04  19.129400  4.112050
3  1260.000000   144.814000    1520.000000   175.987000    1560.000000   155.051000    5.23141E-02  5.27091E-04  18.735700  3.397770
3  1260.000000   144.814000    1560.000000   155.051000    1600.000000   131.871000    4.24426E-02  4.42103E-04  18.581100  4.084910
3  1260.000000   144.814000    1880.000000   68.179000     1920.000000   68.761000     2.36357E-02  2.45081E-04  33.127300  19.801000
3  1260.000000   144.814000    2280.000000   43.553000     2320.000000   45.377000     2.28752E-03  6.13426E-05  33.851700  29.851100
3  1260.000000   144.814000    0.000000      105.852000    80.000000     108.382000    7.15158E-03  8.99089E-05  21.167400  12.114100
3  1260.000000   144.814000    40.000000     108.172000    120.000000    102.908000    6.21270E-03  7.95157E-05  18.187800  12.638600
3  1260.000000   144.814000    560.000000    114.524000    640.000000    121.240000    1.36631E-02  1.54623E-04  22.784300  6.887860
3  1260.000000   144.814000    600.000000    110.348000    680.000000    117.505000    1.44000E-02  1.62962E-04  27.642200  6.887910
3  1260.000000   144.814000    640.000000    121.240000    720.000000    113.178000    1.94518E-02  2.08282E-04  31.426200  5.990340
3  1260.000000   144.814000    680.000000    117.505000    760.000000    100.356000    3.38777E-02  3.44336E-04  26.563200  4.112060
3  1260.000000   144.814000    720.000000    113.178000    800.000000    108.602000    4.16785E-02  4.21428E-04  23.702900  3.850100
3  1260.000000   144.814000    760.000000    100.356000    840.000000    121.214000    3.83937E-02  3.90237E-04  21.624100  4.112050
3  1260.000000   144.814000    800.000000    108.602000    880.000000    124.368000    3.81788E-02  3.88053E-04  21.063300  4.112050
3  1260.000000   144.814000    840.000000    121.214000    920.000000    140.952000    4.13356E-02  4.17961E-04  20.794400  3.850080
3  1260.000000   144.814000    1600.000000   131.871000    1680.000000   114.145000    1.25437E-01  1.29405E-03  19.883800  2.084080
3  1260.000000   144.814000    1640.000000   112.857000    1720.000000   106.756000    7.15404E-02  7.18852E-04  21.170100  2.813450
3  1260.000000   144.814000    1680.000000   114.145000    1760.000000   101.140000    6.20539E-02  6.24424E-04  19.969400  3.197600
3  1260.000000   144.814000    1720.000000   106.756000    1800.000000   104.339000    5.07229E-02  5.11069E-04  19.662400  3.397830
3  1260.000000   144.814000    1760.000000   101.140000    1840.000000   80.146000     3.82885E-02  3.89168E-04  20.496600  4.112060
3  1260.000000   144.814000    1800.000000   104.339000    1880.000000   68.179000     5.03698E-02  5.07501E-04  16.490100  3.397770
3  1260.000000   144.814000    1840.000000   80.146000     1920.000000   68.761000     4.81647E-02  4.85283E-04  22.106800  3.397800
3  1260.000000   144.814000    2200.000000   52.831000     2280.000000   43.553000     9.02487E-03  1.08452E-04  37.103900  9.575490
3  1260.000000   144.814000    2240.000000   43.386000     2320.000000   45.377000     7.51144E-03  9.44278E-05  36.871200  12.114100
3  1260.000000   144.814000    0.000000      105.852000    160.000000    97.335000     1.41134E-02  1.59721E-04  19.071700  6.888240
3  1260.000000   144.814000    40.000000     108.172000    200.000000    92.851000     1.34437E-02  1.52148E-04  17.152600  6.888430
3  1260.000000   144.814000    80.000000     108.382000    240.000000    92.290000     1.37265E-02  1.55380E-04  16.882700  6.888700
3  1260.000000   144.814000    120.000000    102.908000    280.000000    93.398000     1.43804E-02  1.62740E-04  17.149600  6.889690
3  1260.000000   144.814000    160.000000    97.335000     320.000000    95.039000     1.52833E-02  1.67140E-04  18.066600  6.288730
3  1260.000000   144.814000    200.000000    92.851000     360.000000    95.756000     1.58585E-02  1.73430E-04  19.146900  6.287020
3  1260.000000   144.814000    240.000000    92.290000     400.000000    101.442000    1.68091E-02  1.83828E-04  16.774400  6.286940
3  1260.000000   144.814000    280.000000    93.398000     440.000000    109.091000    1.71897E-02  1.87990E-04  20.633400  6.286890
3  1260.000000   144.814000    320.000000    95.039000     480.000000    117.202000    1.63851E-02  1.79189E-04  21.725800  6.286860
3  1260.000000   144.814000    360.000000    95.756000     520.000000    118.621000    1.71292E-02  1.87327E-04  22.750100  6.286910
3  1260.000000   144.814000    400.000000    101.442000    560.000000    114.524000    1.95490E-02  2.09323E-04  26.643400  5.990330
3  1260.000000   144.814000    440.000000    109.091000    600.000000    110.348000    2.17023E-02  2.31038E-04  25.258600  6.038200
3  1260.000000   144.814000    2000.000000   61.720000     2160.000000   69.496000     2.32221E-02  2.40795E-04  31.050800  5.072300
3  1260.000000   144.814000    2040.000000   57.680000     2200.000000   52.831000     2.52564E-02  2.61889E-04  29.928200  5.072350
3  1260.000000   144.814000    2080.000000   61.209000     2240.000000   43.386000     1.47034E-02  1.66403E-04  32.548000  6.887920
3  1260.000000   144.814000    2120.000000   64.714000     2280.000000   43.553000     1.54484E-02  1.68953E-04  34.933400  6.286950
3  1260.000000   144.814000    2160.000000   69.496000     2320.000000   45.377000     1.52058E-02  1.66292E-04  33.419700  6.286850
3  1300.000000   164.990000    0.000000      105.852000    40.000000     108.172000    4.07256E-03  6.53776E-05  23.753000  18.562400
3  1300.000000   164.990000    960.000000    154.933000    1000.000000   139.164000    1.43584E-02  1.62491E-04  27.433900  6.890930
3  1300.000000   164.990000    1000.000000   139.164000    1040.000000   135.603000    2.40716E-02  2.49598E-04  23.507100  5.072310
3  1300.000000   164.990000    1040.000000   135.603000    1080.000000   116.772000    1.91397E-02  2.04940E-04  33.659900  5.991900
3  1300.000000   164.990000    1080.000000   116.772000    1120.000000   126.923000    6.17230E-02  6.21075E-04  23.567600  3.197520
3  1300.000000   164.990000    1120.000000   126.923000    1160.000000   133.280000    1.06617E-01  1.06989E-03  21.238400  2.340830
3  1300.000000   164.990000    1160.000000   133.280000    1200.000000   143.288000    1.31166E-01  1.31616E-03  27.294700  20.026100
3  1300.000000   164.990000    1200.000000   143.288000    1240.000000   143.282000    2.02057E-01  2.02584E-03  9.561280  1.816330
3  1300.000000   164.990000    1360.000000   187.371000    1400.000000   194.951000    1.92850E-01  1.93349E-03  13.581600  1.815670
3  1300.000000   164.990000    1400.000000   194.951000    1440.000000   204.976000    8.99811E-02  9.03410E-04  14.183600  2.592460
3  1300.000000   164.990000    1440.000000   204.976000    1480.000000   191.689000    4.16000E-02  4.20634E-04  14.929300  3.850070
3  1300.000000   164.990000    1480.000000   191.689000    1520.000000   175.987000    5.09661E-02  5.13504E-04  16.384300  3.397760
3  1300.000000   164.990000    1520.000000   175.987000    1560.000000   155.051000    7.08537E-02  7.11945E-04  15.995600  2.813360
3  1300.000000   164.990000    1560.000000   155.051000    1600.000000   131.871000    5.46607E-02  5.50728E-04  17.968100  3.397770
3  1300.000000   164.990000    1600.000000   131.871000    1640.000000   112.857000    9.84235E-02  9.87670E-04  17.012000  2.340610
3  1300.000000   164.990000    1880.000000   68.179000     1920.000000   68.761000     2.76870E-02  2.83764E-04  30.004900  4.512990
3  1300.000000   164.990000    2280.000000   43.553000     2320.000000   45.377000     2.55209E-03  4.61505E-05  28.291300  22.810200
3  1300.000000   164.990000    0.000000      105.852000    80.000000     108.382000    6.71066E-03  8.43610E-05  22.844900  12.114100
3  1300.000000   164.990000    40.000000     108.172000    120.000000    102.908000    5.80910E-03  7.41973E-05  20.616300  12.638600
3  1300.000000   164.990000    600.000000    110.348000    680.000000    117.505000    1.28847E-02  1.49987E-04  28.760400  8.322170
3  1300.000000   164.990000    640.000000    121.240000    720.000000    113.178000    1.73548E-02  1.85828E-04  33.269000  5.990390
3  1300.000000   164.990000    680.000000    117.505000    760.000000    100.356000    2.99645E-02  3.07082E-04  27.572500  4.513010
3  1300.000000   164.990000    720.000000    113.178000    800.000000    108.602000    3.67902E-02  3.73939E-04  24.593900  4.112050
3  1300.000000   164.990000    760.000000    100.356000    840.000000    121.214000    3.37707E-02  3.43249E-04  22.387100  4.112050
3  1300.000000   164.990000    800.000000    108.602000    880.000000    124.368000    3.33647E-02  3.39122E-04  21.762000  4.112050
3  1300.000000   164.990000    840.000000    121.214000    920.000000    140.952000    3.57496E-02  3.63363E-04  21.437400  4.112050
3  1300.000000   164.990000    880.000000    124.368000    960.000000    154.933000    3.81948E-02  3.88216E-04  21.608800  4.112050
3  1300.000000   164.990000    1640.000000   112.857000    1720.000000   106.756000    8.83858E-02  8.87393E-04  18.713300  2.592460
3  1300.000000   164.990000    1680.000000   114.145000    1760.000000   101.140000    7.49772E-02  7.53378E-04  17.554100  2.813360
3  1300.000000   164.990000    1720.000000   106.756000    1800.000000   104.339000    6.07882E-02  6.11669E-04  17.307000  3.197470
3  1300.000000   164.990000    1760.000000   101.140000    1840.000000   80.146000     4.58010E-02  4.63112E-04  18.040300  3.850070
3  1300.000000   164.990000    1800.000000   104.339000    1880.000000   68.179000     5.99104E-02  6.02836E-04  14.361200  3.197480
3  1300.000000   164.990000    1840.000000   80.146000     1920.000000   68.761000     5.67240E-02  5.70774E-04  19.592600  3.197610
3  1300.000000   164.990000    2200.000000   52.831000     2280.000000   43.553000     1.00253E-02  1.17784E-04  30.692300  8.577330
3  1300.000000   164.990000    2240.000000   43.386000     2320.000000   45.377000     8.37545E-03  1.00643E-04  30.988100  9.575450
3  1300.000000   164.990000    0.000000      105.852000    160.000000    97.335000     1.32024E-02  1.49553E-04  21.375700  6.888110
3  1300.000000   164.990000    40.000000     108.172000    200.000000    92.851000     1.25410E-02  1.46024E-04  20.057500  8.322150
3  1300.000000   164.990000    80.000000     108.382000    240.000000    92.290000     1.27732E-02  1.48692E-04  20.209700  8.322160
3  1300.000000   164.990000    120.000000    102.908000    280.000000    93.398000     1.33482E-02  1.51070E-04  20.656200  6.887880
3  1300.000000   164.990000    160.000000    97.335000     320.000000    95.039000     1.41466E-02  1.60113E-04  21.517900  6.887900
3  1300.000000   164.990000    200.000000    92.851000     360.000000    95.756000     1.46396E-02  1.65675E-04  22.405200  6.887910
3  1300.000000   164.990000    240.000000    92.290000     400.000000    101.442000    1.54922E-02  1.69429E-04  19.648700  6.286860
3  1300.000000   164.990000    280.000000    93.398000     440.000000    109.091000    1.57878E-02  1.72657E-04  23.069900  6.286830
3  1300.000000   164.990000    320.000000    95.039000     480.000000    117.202000    1.49888E-02  1.69625E-04  23.788100  6.887870
3  1300.000000   164.990000    360.000000    95.756000     520.000000    118.621000    1.55901E-02  1.70496E-04  24.615800  6.286830
3  1300.000000   164.990000    400.000000    101.442000    560.000000    114.524000    1.76987E-02  1.89512E-04  28.238900  5.990410
3  1300.000000   164.990000    440.000000    109.091000    600.000000    110.348000    1.95728E-02  2.09578E-04  26.742300  5.990340
3  1300.000000   164.990000    480.000000    117.202000    640.000000    121.240000    2.25509E-02  2.40070E-04  24.509200  6.038190
3  1300.000000   164.990000    2000.000000   61.720000     2160.000000   69.496000     2.65779E-02  2.75586E-04  29.931200  5.689140
3  1300.000000   164.990000    2040.000000   57.680000     2200.000000   52.831000     2.87797E-02  2.94940E-04  26.210800  4.514740
3  1300.000000   164.990000    2080.000000   61.209000     2240.000000   43.386000     1.65167E-02  1.80653E-04  27.806700  6.287150
3  1300.000000   164.990000    2120.000000   64.714000     2280.000000   43.553000     1.72187E-02  1.88319E-04  29.370900  6.286990
3  1300.000000   164.990000    2160.000000   69.496000     2320.000000   45.377000     1.69196E-02  1.85034E-04  27.630500  6.286910
3  1340.000000   180.575000    0.000000      105.852000    40.000000     108.172000    3.91335E-03  6.28108E-05  32.564900  18.562500
3  1340.000000   180.575000    1000.000000   139.164000    1040.000000   135.603000    2.13971E-02  2.27789E-04  24.088300  6.038350
3  1340.000000   180.575000    1040.000000   135.603000    1080.000000   116.772000    1.63033E-02  1.78296E-04  34.048300  6.286990
3  1340.000000   180.575000    1080.000000   116.772000    1120.000000   126.923000    5.14567E-02  5.18452E-04  24.950500  3.397870
3  1340.000000   180.575000    1120.000000   126.923000    1160.000000   133.280000    8.40514E-02  8.43876E-04  21.449700  2.592500
3  1340.000000   180.575000    1160.000000   133.280000    1200.000000   143.288000    9.57467E-02  9.60818E-04  28.827800  2.340680
3  1340.000000   180.575000    1200.000000   143.288000    1240.000000   143.282000    1.28901E-01  1.29346E-03  10.680600  2.039830
3  1340.000000   180.575000    1240.000000   143.282000    1280.000000   155.645000    2.99493E-01  3.00083E-03  10.217800  1.549990
3  1340.000000   180.575000    1400.000000   194.951000    1440.000000   204.976000    1.67907E-01  1.68397E-03  11.679200  1.868360
3  1340.000000   180.575000    1440.000000   204.976000    1480.000000   191.689000    6.05678E-02  6.09451E-04  12.471200  3.197480
3  1340.000000   180.575000    1480.000000   191.689000    1520.000000   175.987000    6.78623E-02  6.81887E-04  14.483000  2.813360
3  1340.000000   180.575000    1520.000000   175.987000    1560.000000   155.051000    8.86664E-02  8.90211E-04  14.225900  2.592470
3  1340.000000   180.575000    1560.000000   155.051000    1600.000000   131.871000    6.57048E-02  6.61141E-04  16.496200  3.197480
3  1340.000000   180.575000    1600.000000   131.871000    1640.000000   112.857000    1.15400E-01  1.15796E-03  15.453100  2.039730
3  1340.000000   180.575000    1640.000000   112.857000    1680.000000   114.145000    6.84815E-02  6.88109E-04  17.722100  2.813360
3  1340.000000   180.575000    1880.000000   68.179000     1920.000000   68.761000     3.07912E-02  3.15576E-04  28.369000  4.513010
3  1340.000000   180.575000    2280.000000   43.553000     2320.000000   45.377000     2.74580E-03  4.96534E-05  23.309700  22.810200
3  1340.000000   180.575000    0.000000      105.852000    80.000000     108.382000    6.44397E-03  8.10091E-05  30.893200  12.114100
3  1340.000000   180.575000    40.000000     108.172000    120.000000    102.908000    5.56268E-03  7.10504E-05  26.387800  12.638600
3  1340.000000   180.575000    640.000000    121.240000    720.000000    113.178000    1.60532E-02  1.75561E-04  34.583500  6.286830
3  1340.000000   180.575000    680.000000    117.505000    760.000000    100.356000    2.75924E-02  2.82775E-04  28.457600  4.513040
3  1340.000000   180.575000    720.000000    113.178000    800.000000    108.602000    3.38756E-02  3.44318E-04  25.526700  4.112100
3  1340.000000   180.575000    760.000000    100.356000    840.000000    121.214000    3.10765E-02  3.18478E-04  23.311500  4.513020
3  1340.000000   180.575000    800.000000    108.602000    880.000000    124.368000    3.06049E-02  3.13645E-04  22.643000  4.512990
3  1340.000000   180.575000    840.000000    121.214000    920.000000    140.952000    3.25862E-02  3.31209E-04  22.280800  4.112120
3  1340.000000   180.575000    880.000000    124.368000    960.000000    154.933000    3.45786E-02  3.51464E-04  22.401000  4.112260
3  1340.000000   180.575000    920.000000    140.952000    1000.000000   139.164000    3.01793E-02  3.09284E-04  25.027100  4.513030
3  1340.000000   180.575000    1680.000000   114.145000    1760.000000   101.140000    8.54006E-02  8.57422E-04  15.925100  2.592470
3  1340.000000   180.575000    1720.000000   106.756000    1800.000000   104.339000    6.86583E-02  6.89885E-04  15.661800  2.813360
3  1340.000000   180.575000    1760.000000   101.140000    1840.000000   80.146000     5.14581E-02  5.18461E-04  16.299200  3.397760
3  1340.000000   180.575000    1800.000000   104.339000    1880.000000   68.179000     6.70726E-02  6.73952E-04  12.587800  2.813370
3  1340.000000   180.575000    1840.000000   80.146000     1920.000000   68.761000     6.32280E-02  6.36219E-04  17.850700  3.197520
3  1340.000000   180.575000    2200.000000   52.831000     2280.000000   43.553000     1.07451E-02  1.26228E-04  24.213500  8.576440
3  1340.000000   180.575000    2240.000000   43.386000     2320.000000   45.377000     9.00516E-03  1.08210E-04  24.944200  9.575450
3  1340.000000   180.575000    0.000000      105.852000    160.000000    97.335000     1.26464E-02  1.47233E-04  27.514000  8.322740
3  1340.000000   180.575000    40.000000     108.172000    200.000000    92.851000     1.19861E-02  1.39529E-04  24.270400  8.322190
3  1340.000000   180.575000    80.000000     108.382000    240.000000    92.290000     1.21838E-02  1.41828E-04  23.219800  8.322160
3  1340.000000   180.575000    120.000000    102.908000    280.000000    93.398000     1.27071E-02  1.47920E-04  22.643300  8.322150
3  1340.000000   180.575000    160.000000    97.335000     320.000000    95.039000     1.34383E-02  1.52087E-04  22.685400  6.888200
3  1340.000000   180.575000    200.000000    92.851000     360.000000    95.756000     1.38790E-02  1.57080E-04  23.157900  6.888190
3  1340.000000   180.575000    240.000000    92.290000     400.000000    101.442000    1.46737E-02  1.66081E-04  20.289900  6.888090
3  1340.000000   180.575000    280.000000    93.398000     440.000000    109.091000    1.49157E-02  1.68814E-04  23.625800  6.888490
3  1340.000000   180.575000    320.000000    95.039000     480.000000    117.202000    1.41182E-02  1.59773E-04  24.401600  6.887980
3  1340.000000   180.575000    360.000000    95.756000     520.000000    118.621000    1.46272E-02  1.65533E-04  25.245600  6.888080
3  1340.000000   180.575000    400.000000    101.442000    560.000000    114.524000    1.65390E-02  1.80874E-04  28.919700  6.286820
3  1340.000000   180.575000    440.000000    109.091000    600.000000    110.348000    1.82401E-02  1.95310E-04  27.426600  5.990350
3  1340.000000   180.575000    480.000000    117.202000    640.000000    121.240000    2.09798E-02  2.23349E-04  24.977000  6.038210
3  1340.000000   180.575000    520.000000    118.621000    680.000000    117.505000    2.28903E-02  2.43686E-04  28.856900  6.038290
3  1340.000000   180.575000    2000.000000   61.720000     2160.000000   69.496000     2.90965E-02  2.98187E-04  24.902800  4.513010
3  1340.000000   180.575000    2040.000000   57.680000     2200.000000   52.831000     3.13986E-02  3.21776E-04  23.796000  4.512990
3  1340.000000   180.575000    2080.000000   61.209000     2240.000000   43.386000     1.78448E-02  1.91082E-04  24.376500  5.990340
3  1340.000000   180.575000    2120.000000   64.714000     2280.000000   43.553000     1.85018E-02  1.98112E-04  24.572300  5.990350
3  1340.000000   180.575000    2160.000000   69.496000     2320.000000   45.377000     1.81583E-02  1.94432E-04  22.370400  5.990360
3  1380.000000   191.595000    0.000000      105.852000    40.000000     108.172000    3.76692E-03  6.04572E-05  6.512610  18.562400
3  1380.000000   191.595000    280.000000    93.398000     320.000000    95.039000     3.71341E-03  5.98260E-05  10.663800  18.570400
3  1380.000000   191.595000    1040.000000   135.603000    1080.000000   116.772000    1.43369E-02  1.62249E-04  31.523100  6.887860
3  1380.000000   191.595000    1080.000000   116.772000    1120.000000   126.923000    4.49981E-02  4.55025E-04  20.332600  3.850300
3  1380.000000   191.595000    1120.000000   126.923000    1160.000000   133.280000    7.09412E-02  7.12881E-04  20.982100  2.813640
3  1380.000000   191.595000    1160.000000   133.280000    1200.000000   143.288000    7.78034E-02  7.81823E-04  25.784000  2.814220
3  1380.000000   191.595000    1200.000000   143.288000    1240.000000   143.282000    9.68918E-02  9.72348E-04  10.173500  2.340940
3  1380.000000   191.595000    1240.000000   143.282000    1280.000000   155.645000    2.03472E-01  2.04009E-03  10.056100  1.815680
3  1380.000000   191.595000    1280.000000   155.645000    1320.000000   173.060000    2.08749E-01  2.09273E-03  9.670510  1.879490
3  1380.000000   191.595000    1480.000000   191.689000    1520.000000   175.987000    9.50832E-02  9.54635E-04  13.420900  3.103570
3  1380.000000   191.595000    1520.000000   175.987000    1560.000000   155.051000    1.12656E-01  1.13049E-03  14.384300  3.499480
3  1380.000000   191.595000    1560.000000   155.051000    1600.000000   131.871000    7.95526E-02  7.99360E-04  18.050100  3.105550
3  1380.000000   191.595000    1600.000000   131.871000    1640.000000   112.857000    1.35889E-01  2.90266E-03  35.279200  25.007400
3  1380.000000   191.595000    1680.000000   114.145000    1720.000000   106.756000    3.82861E-02  3.89144E-04  18.271900  4.132240
3  1380.000000   191.595000    1880.000000   68.179000     1920.000000   68.761000     3.40065E-02  3.45649E-04  35.906100  4.121680
3  1380.000000   191.595000    2280.000000   43.553000     2320.000000   45.377000     2.93008E-03  5.29858E-05  39.645100  22.810200
3  1380.000000   191.595000    0.000000      105.852000    80.000000     108.382000    6.19872E-03  7.79340E-05  7.247540  12.114100
3  1380.000000   191.595000    40.000000     108.172000    120.000000    102.908000    5.33692E-03  6.81663E-05  9.012730  12.638600
3  1380.000000   191.595000    280.000000    93.398000     360.000000    95.756000     7.22761E-03  9.10187E-05  10.749100  12.120800
3  1380.000000   191.595000    680.000000    117.505000    760.000000    100.356000    2.56963E-02  2.66465E-04  22.271300  5.072500
3  1380.000000   191.595000    720.000000    113.178000    800.000000    108.602000    3.15587E-02  3.23445E-04  19.199900  4.513100
3  1380.000000   191.595000    760.000000    100.356000    840.000000    121.214000    2.89551E-02  2.96752E-04  16.822800  4.513130
3  1380.000000   191.595000    800.000000    108.602000    880.000000    124.368000    2.84483E-02  2.91555E-04  16.454300  4.513060
3  1380.000000   191.595000    840.000000    121.214000    920.000000    140.952000    3.01358E-02  3.08847E-04  16.680800  4.513160
3  1380.000000   191.595000    880.000000    124.368000    960.000000    154.933000    3.18136E-02  3.26045E-04  17.446800  4.513230
3  1380.000000   191.595000    920.000000    140.952000    1000.000000   139.164000    2.72398E-02  2.79162E-04  21.003000  4.513110
3  1380.000000   191.595000    960.000000    154.933000    1040.000000   135.603000    3.04021E-02  3.11573E-04  21.596500  4.513120
3  1380.000000   191.595000    1720.000000   106.756000    1800.000000   104.339000    7.68684E-02  7.72381E-04  19.324300  2.898120
3  1380.000000   191.595000    1760.000000   101.140000    1840.000000   80.146000     5.69419E-02  5.72966E-04  20.600400  3.285490
3  1380.000000   191.595000    1800.000000   104.339000    1880.000000   68.179000     7.37942E-02  7.41492E-04  15.852000  2.924430
3  1380.000000   191.595000    1840.000000   80.146000     1920.000000   68.761000     6.95396E-02  6.98755E-04  22.429800  2.841900
3  1380.000000   191.595000    2000.000000   61.720000     2080.000000   61.209000     2.20869E-02  2.35148E-04  32.036300  6.038810
3  1380.000000   191.595000    2200.000000   52.831000     2280.000000   43.553000     1.14219E-02  1.32986E-04  40.880900  8.323440
3  1380.000000   191.595000    2240.000000   43.386000     2320.000000   45.377000     9.60151E-03  1.12792E-04  41.040400  8.576670
3  1380.000000   191.595000    0.000000      105.852000    160.000000    97.335000     1.21357E-02  1.41443E-04  9.190530  8.344200
3  1380.000000   191.595000    40.000000     108.172000    200.000000    92.851000     1.14797E-02  1.34215E-04  10.199700  8.383050
3  1380.000000   191.595000    80.000000     108.382000    240.000000    92.290000     1.16513E-02  1.36706E-04  10.678500  8.381130
3  1380.000000   191.595000    120.000000    102.908000    280.000000    93.398000     1.21353E-02  1.46594E-04  10.582300  8.355970
3  1380.000000   191.595000    240.000000    92.290000     400.000000    101.442000    1.39721E-02  1.59862E-04  7.339530  6.893350
3  1380.000000   191.595000    280.000000    93.398000     440.000000    109.091000    1.41762E-02  1.60523E-04  11.211900  6.892850
3  1380.000000   191.595000    320.000000    95.039000     480.000000    117.202000    1.33887E-02  1.51517E-04  12.749100  6.888200
3  1380.000000   191.595000    360.000000    95.756000     520.000000    118.621000    1.38287E-02  1.56495E-04  14.797600  6.887910
3  1380.000000   191.595000    400.000000    101.442000    560.000000    114.524000    1.55842E-02  1.70432E-04  19.808300  6.286850
3  1380.000000   191.595000    440.000000    109.091000    600.000000    110.348000    1.71500E-02  1.87556E-04  19.173200  6.286850
3  1380.000000   191.595000    480.000000    117.202000    640.000000    121.240000    1.97009E-02  2.10951E-04  16.389200  5.990390
3  1380.000000   191.595000    520.000000    118.621000    680.000000    117.505000    2.14795E-02  2.28666E-04  20.813900  6.038290
3  1380.000000   191.595000    560.000000    114.524000    720.000000    113.178000    2.56454E-02  2.65922E-04  22.342900  5.072400
3  1380.000000   191.595000    2040.000000   57.680000     2200.000000   52.831000     3.38960E-02  3.44536E-04  33.443500  4.112610
3  1380.000000   191.595000    2080.000000   61.209000     2240.000000   43.386000     1.91087E-02  2.04668E-04  36.564800  5.995040
3  1380.000000   191.595000    2120.000000   64.714000     2280.000000   43.553000     1.97164E-02  2.11173E-04  39.737600  5.990890
3  1380.000000   191.595000    2160.000000   69.496000     2320.000000   45.377000     1.93297E-02  2.07006E-04  38.363800  5.990350
3  1424.000000   199.133000    0.000000      105.852000    40.000000     108.172000    3.62288E-03  6.55212E-05  26.436000  22.810200
3  1424.000000   199.133000    1080.000000   116.772000    1120.000000   126.923000    3.88738E-02  3.93069E-04  24.073600  3.850520
3  1424.000000   199.133000    1120.000000   126.923000    1160.000000   133.280000    5.98212E-02  6.01939E-04  20.564800  3.197510
3  1424.000000   199.133000    1160.000000   133.280000    1200.000000   143.288000    6.22351E-02  6.26228E-04  28.359400  3.197580
3  1424.000000   199.133000    1200.000000   143.288000    1240.000000   143.282000    7.53002E-02  7.56631E-04  11.425300  2.813470
3  1424.000000   199.133000    1240.000000   143.282000    1280.000000   155.645000    1.49530E-01  1.49968E-03  10.957400  1.868320
3  1424.000000   199.133000    1280.000000   155.645000    1320.000000   173.060000    1.18897E-01  1.19305E-03  10.592100  2.039920
3  1424.000000   199.133000    1320.000000   173.060000    1360.000000   187.371000    1.69907E-01  1.70349E-03  7.358140  1.815740
3  1424.000000   199.133000    1560.000000   155.051000    1600.000000   131.871000    1.04490E-01  1.04855E-03  14.941500  2.340610
3  1424.000000   199.133000    1600.000000   131.871000    1640.000000   112.857000    1.64359E-01  1.64841E-03  13.452100  1.868290
3  1424.000000   199.133000    1640.000000   112.857000    1680.000000   114.145000    9.26111E-02  9.29815E-04  16.032500  2.592470
3  1424.000000   199.133000    1680.000000   114.145000    1720.000000   106.756000    4.40628E-02  4.45537E-04  14.089700  3.850070
3  1424.000000   199.133000    1720.000000   106.756000    1760.000000   101.140000    6.63574E-02  6.67708E-04  14.707100  3.197480
3  1424.000000   199.133000    1880.000000   68.179000     1920.000000   68.761000     3.79567E-02  3.85837E-04  31.334500  4.113890
3  1424.000000   199.133000    2280.000000   43.553000     2320.000000   45.377000     3.14690E-03  5.69067E-05  25.127600  22.810200
3  1424.000000   199.133000    0.000000      105.852000    80.000000     108.382000    5.95839E-03  7.61035E-05  25.767900  12.638600
3  1424.000000   199.133000    40.000000     108.172000    120.000000    102.908000    5.12065E-03  8.22090E-05  24.084800  18.563000
3  1424.000000   199.133000    720.000000    113.178000    800.000000    108.602000    2.93906E-02  3.01201E-04  24.254900  4.513000
3  1424.000000   199.133000    760.000000    100.356000    840.000000    121.214000    2.68986E-02  2.78912E-04  21.796300  5.072310
3  1424.000000   199.133000    800.000000    108.602000    880.000000    124.368000    2.63510E-02  2.73234E-04  21.207800  5.072290
3  1424.000000   199.133000    840.000000    121.214000    920.000000    140.952000    2.78098E-02  2.85000E-04  21.042400  4.512990
3  1424.000000   199.133000    880.000000    124.368000    960.000000    154.933000    2.92193E-02  2.99445E-04  21.250500  4.513040
3  1424.000000   199.133000    920.000000    140.952000    1000.000000   139.164000    2.49106E-02  2.58298E-04  24.143100  5.072310
3  1424.000000   199.133000    960.000000    154.933000    1040.000000   135.603000    2.75627E-02  2.82468E-04  24.728300  4.513960
3  1424.000000   199.133000    1000.000000   139.164000    1080.000000   116.772000    3.03062E-02  3.10581E-04  27.091800  4.512990
3  1424.000000   199.133000    1760.000000   101.140000    1840.000000   80.146000     6.43650E-02  6.47660E-04  15.165100  3.197470
3  1424.000000   199.133000    1800.000000   104.339000    1880.000000   68.179000     8.25907E-02  8.29211E-04  9.858290  2.592460
3  1424.000000   199.133000    1840.000000   80.146000     1920.000000   68.761000     7.74655E-02  7.78381E-04  16.989400  2.813540
3  1424.000000   199.133000    2000.000000   61.720000     2080.000000   61.209000     2.42401E-02  2.51346E-04  23.306400  5.072280
3  1424.000000   199.133000    2040.000000   57.680000     2120.000000   64.714000     2.80569E-02  2.87530E-04  23.420600  4.512980
3  1424.000000   199.133000    2200.000000   52.831000     2280.000000   43.553000     1.22539E-02  1.42649E-04  27.035600  8.322150
3  1424.000000   199.133000    2240.000000   43.386000     2320.000000   45.377000     1.03116E-02  1.21126E-04  27.403900  8.576540
3  1424.000000   199.133000    0.000000      105.852000    160.000000    97.335000     1.16484E-02  1.35596E-04  24.464600  8.322420
3  1424.000000   199.133000    40.000000     108.172000    200.000000    92.851000     1.10005E-02  1.29354E-04  22.993200  8.576580
3  1424.000000   199.133000    80.000000     108.382000    240.000000    92.290000     1.11502E-02  1.31180E-04  22.646400  8.576850
3  1424.000000   199.133000    120.000000    102.908000    280.000000    93.398000     1.15967E-02  1.35122E-04  22.362000  8.322200
3  1424.000000   199.133000    160.000000    97.335000     320.000000    95.039000     1.22278E-02  1.42374E-04  22.523600  8.322160
3  1424.000000   199.133000    200.000000    92.851000     360.000000    95.756000     1.25943E-02  1.46606E-04  22.906000  8.322310
3  1424.000000   199.133000    240.000000    92.290000     400.000000    101.442000    1.32939E-02  1.50446E-04  19.836700  6.888420
3  1424.000000   199.133000    280.000000    93.398000     440.000000    109.091000    1.34648E-02  1.52377E-04  22.969200  6.887880
3  1424.000000   199.133000    320.000000    95.039000     480.000000    117.202000    1.26927E-02  1.47752E-04  23.648000  8.322170
3  1424.000000   199.133000    360.000000    95.756000     520.000000    118.621000    1.30806E-02  1.48031E-04  24.559400  6.887920
3  1424.000000   199.133000    400.000000    101.442000    560.000000    114.524000    1.47091E-02  1.66460E-04  28.393700  6.887870
3  1424.000000   199.133000    440.000000    109.091000    600.000000    110.348000    1.61568E-02  1.76692E-04  26.894700  6.286840
3  1424.000000   199.133000    480.000000    117.202000    640.000000    121.240000    1.85132E-02  1.98232E-04  23.615800  5.990340
3  1424.000000   199.133000    520.000000    118.621000    680.000000    117.505000    2.01731E-02  2.14757E-04  27.931500  6.038190
3  1424.000000   199.133000    560.000000    114.524000    720.000000    113.178000    2.40281E-02  2.49147E-04  28.826200  5.072290
3  1424.000000   199.133000    600.000000    110.348000    760.000000    100.356000    3.44825E-02  3.50484E-04  27.785300  4.112070
3  1424.000000   199.133000    2080.000000   61.209000     2240.000000   43.386000     2.06588E-02  2.19934E-04  25.266100  6.038200
3  1424.000000   199.133000    2120.000000   64.714000     2280.000000   43.553000     2.11997E-02  2.25688E-04  26.405500  6.038280
3  1424.000000   199.133000    2160.000000   69.496000     2320.000000   45.377000     2.07565E-02  2.20970E-04  24.419200  6.038240
3  1460.000000   200.061000    0.000000      105.852000    40.000000     108.172000    3.54644E-03  6.41569E-05  -8.489650  22.810200
3  1460.000000   200.061000    1120.000000   126.923000    1160.000000   133.280000    5.61983E-02  5.65484E-04  20.909000  3.197660
3  1460.000000   200.061000    1160.000000   133.280000    1200.000000   143.288000    5.80234E-02  5.83855E-04  29.670100  3.197500
3  1460.000000   200.061000    1200.000000   143.288000    1240.000000   143.282000    6.95733E-02  6.99086E-04  10.977200  2.813370
3  1460.000000   200.061000    1240.000000   143.282000    1280.000000   155.645000    1.37002E-01  1.37472E-03  10.675000  2.039790
3  1460.000000   200.061000    1280.000000   155.645000    1320.000000   173.060000    1.02310E-01  1.02667E-03  10.335900  2.340610
3  1460.000000   200.061000    1320.000000   173.060000    1360.000000   187.371000    1.26702E-01  1.27137E-03  7.964270  2.039780
3  1460.000000   200.061000    1520.000000   175.987000    1560.000000   155.051000    2.33380E-01  2.33963E-03  8.694810  1.879480
3  1460.000000   200.061000    1560.000000   155.051000    1600.000000   131.871000    1.24901E-01  1.25329E-03  14.623000  2.039740
3  1460.000000   200.061000    1600.000000   131.871000    1640.000000   112.857000    1.85257E-01  1.85739E-03  13.498100  1.815750
3  1460.000000   200.061000    1640.000000   112.857000    1680.000000   114.145000    1.01600E-01  1.01955E-03  16.382400  2.340610
3  1460.000000   200.061000    1680.000000   114.145000    1720.000000   106.756000    4.73572E-02  4.77143E-04  14.626000  3.397770
3  1460.000000   200.061000    1720.000000   106.756000    1760.000000   101.140000    7.15737E-02  7.19180E-04  15.609600  2.813360
3  1460.000000   200.061000    1760.000000   101.140000    1800.000000   104.339000    2.27581E-02  2.42276E-04  14.578900  6.038190
3  1460.000000   200.061000    1880.000000   68.179000     1920.000000   68.761000     4.00770E-02  4.05331E-04  33.944100  3.853280
3  1460.000000   200.061000    2280.000000   43.553000     2320.000000   45.377000     3.25772E-03  5.89107E-05  32.667400  22.810200
3  1460.000000   200.061000    0.000000      105.852000    80.000000     108.382000    5.83251E-03  7.44957E-05  -7.679120  12.638700
3  1460.000000   200.061000    40.000000     108.172000    120.000000    102.908000    5.01375E-03  6.40381E-05  -4.822330  12.638700
3  1460.000000   200.061000    760.000000    100.356000    840.000000    121.214000    2.61319E-02  2.70962E-04  17.780400  5.072310
3  1460.000000   200.061000    800.000000    108.602000    880.000000    124.368000    2.55671E-02  2.65105E-04  17.531000  5.072410
3  1460.000000   200.061000    840.000000    121.214000    920.000000    140.952000    2.69687E-02  2.79638E-04  17.566900  5.072300
3  1460.000000   200.061000    880.000000    124.368000    960.000000    154.933000    2.82946E-02  2.89969E-04  18.056300  4.513020
3  1460.000000   200.061000    920.000000    140.952000    1000.000000   139.164000    2.43113E-02  2.52084E-04  21.648000  5.072380
3  1460.000000   200.061000    960.000000    154.933000    1040.000000   135.603000    2.67400E-02  2.77267E-04  22.345600  5.073010
3  1460.000000   200.061000    1000.000000   139.164000    1080.000000   116.772000    2.91000E-02  2.98220E-04  24.621200  4.512980
3  1460.000000   200.061000    1040.000000   135.603000    1120.000000   126.923000    4.95283E-02  4.99017E-04  23.685600  3.397820
3  1460.000000   200.061000    1800.000000   104.339000    1880.000000   68.179000     8.79011E-02  8.82527E-04  10.809600  2.592470
3  1460.000000   200.061000    1840.000000   80.146000     1920.000000   68.761000     8.19017E-02  8.22293E-04  18.524300  2.592460
3  1460.000000   200.061000    2000.000000   61.720000     2080.000000   61.209000     2.53869E-02  2.63237E-04  26.881900  5.072280
3  1460.000000   200.061000    2040.000000   57.680000     2120.000000   64.714000     2.93321E-02  3.00601E-04  26.843400  4.512980
3  1460.000000   200.061000    2080.000000   61.209000     2160.000000   69.496000     1.06321E-02  1.24891E-04  33.029400  8.576440
3  1460.000000   200.061000    2200.000000   52.831000     2280.000000   43.553000     1.27082E-02  1.47982E-04  36.270200  8.322370
3  1460.000000   200.061000    2240.000000   43.386000     2320.000000   45.377000     1.06848E-02  1.25510E-04  35.660800  8.576460
3  1460.000000   200.061000    0.000000      105.852000    160.000000    97.335000     1.14058E-02  1.33992E-04  -4.863670  8.323660
3  1460.000000   200.061000    40.000000     108.172000    200.000000    92.851000     1.07727E-02  1.26872E-04  -1.802310  8.576950
3  1460.000000   200.061000    80.000000     108.382000    240.000000    92.290000     1.09204E-02  1.28364E-04  1.189960  8.576900
3  1460.000000   200.061000    120.000000    102.908000    280.000000    93.398000     1.13565E-02  1.32454E-04  4.601670  8.323190
3  1460.000000   200.061000    160.000000    97.335000     320.000000    95.039000     1.19722E-02  1.39840E-04  7.938120  8.331990
3  1460.000000   200.061000    200.000000    92.851000     360.000000    95.756000     1.23281E-02  1.43649E-04  10.405900  8.334510
3  1460.000000   200.061000    240.000000    92.290000     400.000000    101.442000    1.30062E-02  1.51539E-04  8.465150  8.335480
3  1460.000000   200.061000    280.000000    93.398000     440.000000    109.091000    1.31717E-02  1.49081E-04  12.778900  6.891940
3  1460.000000   200.061000    320.000000    95.039000     480.000000    117.202000    1.24160E-02  1.44531E-04  14.385800  8.322150
3  1460.000000   200.061000    360.000000    95.756000     520.000000    118.621000    1.27970E-02  1.48966E-04  16.521700  8.322140
3  1460.000000   200.061000    400.000000    101.442000    560.000000    114.524000    1.43928E-02  1.62880E-04  21.459900  6.887890
3  1460.000000   200.061000    440.000000    109.091000    600.000000    110.348000    1.58056E-02  1.72853E-04  20.594000  6.286890
3  1460.000000   200.061000    480.000000    117.202000    640.000000    121.240000    1.80830E-02  1.93626E-04  17.397600  5.990330
3  1460.000000   200.061000    520.000000    118.621000    680.000000    117.505000    1.97075E-02  2.11020E-04  22.286500  5.990390
3  1460.000000   200.061000    560.000000    114.524000    720.000000    113.178000    2.34582E-02  2.43238E-04  23.630800  5.072300
3  1460.000000   200.061000    600.000000    110.348000    760.000000    100.356000    3.36418E-02  3.41942E-04  22.910900  4.112070
3  1460.000000   200.061000    640.000000    121.240000    800.000000    108.602000    4.23504E-02  4.28222E-04  23.044300  3.850130
3  1460.000000   200.061000    2120.000000   64.714000     2280.000000   43.553000     2.19860E-02  2.34065E-04  34.288000  6.038190
3  1460.000000   200.061000    2160.000000   69.496000     2320.000000   45.377000     2.15168E-02  2.29061E-04  32.745900  6.038200
3  1500.000000   183.230000    1160.000000   133.280000    1200.000000   143.288000    5.38802E-02  5.42870E-04  28.896700  3.399810
3  1500.000000   183.230000    1200.000000   143.288000    1240.000000   143.282000    6.23387E-02  6.27271E-04  12.639200  3.197490
3  1500.000000   183.230000    1240.000000   143.282000    1280.000000   155.645000    1.20616E-01  1.21031E-03  11.944900  2.039940
3  1500.000000   183.230000    1280.000000   155.645000    1320.000000   173.060000    8.68777E-02  8.72252E-04  11.336000  2.592500
3  1500.000000   183.230000    1320.000000   173.060000    1360.000000   187.371000    1.01148E-01  1.01501E-03  9.386900  2.340720
3  1500.000000   183.230000    1360.000000   187.371000    1400.000000   194.951000    1.26988E-01  1.27424E-03  8.350980  2.039790
3  1500.000000   183.230000    1400.000000   194.951000    1440.000000   204.976000    1.97444E-01  1.97957E-03  7.593760  1.815790
3  1500.000000   183.230000    1560.000000   155.051000    1600.000000   131.871000    1.77098E-01  1.77557E-03  11.071800  1.815700
3  1500.000000   183.230000    1600.000000   131.871000    1640.000000   112.857000    2.29108E-01  2.29681E-03  10.868600  1.879510
3  1500.000000   183.230000    1640.000000   112.857000    1680.000000   114.145000    1.19551E-01  1.19961E-03  13.705700  2.039740
3  1500.000000   183.230000    1680.000000   114.145000    1720.000000   106.756000    5.55918E-02  5.60110E-04  11.484200  3.397760
3  1500.000000   183.230000    1720.000000   106.756000    1760.000000   101.140000    7.92269E-02  7.96080E-04  12.071900  2.813390
3  1500.000000   183.230000    1760.000000   101.140000    1800.000000   104.339000    2.52040E-02  2.61340E-04  10.834300  5.072280
3  1500.000000   183.230000    1800.000000   104.339000    1840.000000   80.146000     5.09911E-02  5.13756E-04  12.995400  3.397760
3  1500.000000   183.230000    1880.000000   68.179000     1920.000000   68.761000     4.37208E-02  4.42078E-04  31.308400  3.904660
3  1500.000000   183.230000    2280.000000   43.553000     2320.000000   45.377000     3.43337E-03  6.20870E-05  15.613400  22.810200
3  1500.000000   183.230000    800.000000    108.602000    880.000000    124.368000    2.44218E-02  2.53235E-04  24.256400  5.072310
3  1500.000000   183.230000    840.000000    121.214000    920.000000    140.952000    2.57058E-02  2.66546E-04  23.808600  5.072300
3  1500.000000   183.230000    880.000000    124.368000    960.000000    154.933000    2.69144E-02  2.79075E-04  23.631500  5.072330
3  1500.000000   183.230000    920.000000    140.952000    1000.000000   139.164000    2.29942E-02  2.44794E-04  25.703100  6.038220
3  1500.000000   183.230000    960.000000    154.933000    1040.000000   135.603000    2.52414E-02  2.61728E-04  26.442000  5.072690
3  1500.000000   183.230000    1000.000000   139.164000    1080.000000   116.772000    2.74382E-02  2.81192E-04  28.624200  4.512990
3  1500.000000   183.230000    1040.000000   135.603000    1120.000000   126.923000    4.61419E-02  4.64903E-04  26.501300  3.397840
3  1500.000000   183.230000    1080.000000   116.772000    1160.000000   133.280000    8.63588E-02  8.67051E-04  24.193000  2.592790
3  1500.000000   183.230000    1840.000000   80.146000     1920.000000   68.761000     8.97859E-02  9.06254E-04  15.661400  2.647440
3  1500.000000   183.230000    2000.000000   61.720000     2080.000000   61.209000     2.72041E-02  2.82079E-04  18.455300  5.072290
3  1500.000000   183.230000    2040.000000   57.680000     2120.000000   64.714000     3.14194E-02  3.21992E-04  18.693100  4.513020
3  1500.000000   183.230000    2080.000000   61.209000     2160.000000   69.496000     1.13432E-02  1.32043E-04  24.146400  8.322160
3  1500.000000   183.230000    2120.000000   64.714000     2200.000000   52.831000     9.81626E-03  1.15309E-04  19.650600  8.576700
3  1500.000000   183.230000    2200.000000   52.831000     2280.000000   43.553000     1.33504E-02  1.51093E-04  14.845400  6.888050
3  1500.000000   183.230000    2240.000000   43.386000     2320.000000   45.377000     1.12503E-02  1.30961E-04  16.371500  8.322190
3  1500.000000   183.230000    80.000000     108.382000    240.000000    92.290000     1.06350E-02  1.24962E-04  25.664800  8.576510
3  1500.000000   183.230000    120.000000    102.908000    280.000000    93.398000     1.10477E-02  1.28686E-04  26.607600  8.322930
3  1500.000000   183.230000    160.000000    97.335000     320.000000    95.039000     1.16314E-02  1.35480E-04  27.686300  8.322300
3  1500.000000   183.230000    200.000000    92.851000     360.000000    95.756000     1.19628E-02  1.39267E-04  28.625400  8.322270
3  1500.000000   183.230000    240.000000    92.290000     400.000000    101.442000    1.26092E-02  1.46781E-04  25.742600  8.322270
3  1500.000000   183.230000    280.000000    93.398000     440.000000    109.091000    1.27546E-02  1.48474E-04  28.769800  8.322240
3  1500.000000   183.230000    320.000000    95.039000     480.000000    117.202000    1.20072E-02  1.39772E-04  29.106200  8.322160
3  1500.000000   183.230000    360.000000    95.756000     520.000000    118.621000    1.23565E-02  1.43841E-04  29.502000  8.322240
3  1500.000000   183.230000    400.000000    101.442000    560.000000    114.524000    1.38769E-02  1.57045E-04  32.855100  6.887860
3  1500.000000   183.230000    440.000000    109.091000    600.000000    110.348000    1.52204E-02  1.66456E-04  30.968500  6.286930
3  1500.000000   183.230000    480.000000    117.202000    640.000000    121.240000    1.73804E-02  1.86106E-04  26.989900  5.990430
3  1500.000000   183.230000    520.000000    118.621000    680.000000    117.505000    1.89492E-02  2.02906E-04  31.795500  5.990390
3  1500.000000   183.230000    560.000000    114.524000    720.000000    113.178000    2.25261E-02  2.39813E-04  32.501900  6.038240
3  1500.000000   183.230000    600.000000    110.348000    760.000000    100.356000    3.22528E-02  3.27834E-04  31.030100  4.112130
3  1500.000000   183.230000    640.000000    121.240000    800.000000    108.602000    4.05891E-02  4.10425E-04  30.999600  3.850170
3  1500.000000   183.230000    680.000000    117.505000    840.000000    121.214000    4.73921E-02  4.77509E-04  27.608200  3.397880
3  1500.000000   183.230000    2160.000000   69.496000     2320.000000   45.377000     2.26436E-02  2.41057E-04  14.205800  6.038250
3  1540.000000   165.623000    1200.000000   143.288000    1240.000000   143.282000    5.44151E-02  5.48297E-04  12.808500  3.397990
3  1540.000000   165.623000    1240.000000   143.282000    1280.000000   155.645000    1.03716E-01  3.24561E-03  14.855000  5.107940
3  1540.000000   165.623000    1280.000000   155.645000    1320.000000   173.060000    7.22722E-02  7.27846E-04  11.748800  2.814350
3  1540.000000   165.623000    1320.000000   173.060000    1360.000000   187.371000    7.99399E-02  8.04891E-04  10.166000  2.814710
3  1540.000000   165.623000    1360.000000   187.371000    1400.000000   194.951000    9.18044E-02  9.23185E-04  9.179680  2.594490
3  1540.000000   165.623000    1600.000000   131.871000    1640.000000   112.857000    4.34177E-01  4.34919E-03  9.448570  1.299490
3  1540.000000   165.623000    1640.000000   112.857000    1680.000000   114.145000    1.76108E-01  1.76566E-03  12.982800  1.815700
3  1540.000000   165.623000    1680.000000   114.145000    1720.000000   106.756000    7.66259E-02  7.69945E-04  10.086000  2.813360
3  1540.000000   165.623000    1720.000000   106.756000    1760.000000   101.140000    9.73172E-02  9.76568E-04  11.375600  2.340690
3  1540.000000   165.623000    1760.000000   101.140000    1800.000000   104.339000    3.04657E-02  3.12216E-04  10.039300  4.512990
3  1540.000000   165.623000    1800.000000   104.339000    1840.000000   80.146000     6.01704E-02  6.05453E-04  12.301800  3.197510
3  1540.000000   165.623000    1840.000000   80.146000     1880.000000   68.179000     5.33709E-02  5.37739E-04  -6.117650  3.397870
3  1540.000000   165.623000    1880.000000   68.179000     1920.000000   68.761000     5.12980E-02  5.17253E-04  33.333200  3.411290
3  1540.000000   165.623000    2280.000000   43.553000     2320.000000   45.377000     3.75359E-03  6.02429E-05  14.232900  18.562400
3  1540.000000   165.623000    840.000000    121.214000    920.000000    140.952000    2.38529E-02  2.47801E-04  24.461200  5.072630
3  1540.000000   165.623000    880.000000    124.368000    960.000000    154.933000    2.49013E-02  2.58598E-04  23.920900  5.073040
3  1540.000000   165.623000    920.000000    140.952000    1000.000000   139.164000    2.11629E-02  2.25470E-04  25.148500  6.038340
3  1540.000000   165.623000    960.000000    154.933000    1040.000000   135.603000    2.31769E-02  2.46876E-04  26.319000  6.038410
3  1540.000000   165.623000    1000.000000   139.164000    1080.000000   116.772000    2.50023E-02  2.59371E-04  28.767600  5.072430
3  1540.000000   165.623000    1040.000000   135.603000    1120.000000   126.923000    4.15893E-02  4.20863E-04  27.128500  3.850300
3  1540.000000   165.623000    1080.000000   116.772000    1160.000000   133.280000    7.59554E-02  7.63808E-04  17.239700  2.813870
3  1540.000000   165.623000    1120.000000   126.923000    1200.000000   143.288000    9.37087E-02  9.41548E-04  24.633600  2.592590
3  1540.000000   165.623000    2000.000000   61.720000     2080.000000   61.209000     3.07068E-02  3.14689E-04  17.492400  4.512990
3  1540.000000   165.623000    2040.000000   57.680000     2120.000000   64.714000     3.54088E-02  3.59899E-04  17.685500  4.112080
3  1540.000000   165.623000    2080.000000   61.209000     2160.000000   69.496000     1.26889E-02  1.47709E-04  22.829100  8.322210
3  1540.000000   165.623000    2120.000000   64.714000     2200.000000   52.831000     1.08422E-02  1.27364E-04  20.480500  8.576490
3  1540.000000   165.623000    2160.000000   69.496000     2240.000000   43.386000     1.25014E-02  1.45574E-04  11.535100  8.322400
3  1540.000000   165.623000    2200.000000   52.831000     2280.000000   43.553000     1.45854E-02  1.65657E-04  12.966200  6.930150
3  1540.000000   165.623000    2240.000000   43.386000     2320.000000   45.377000     1.22922E-02  1.43091E-04  15.212500  8.322190
3  1540.000000   165.623000    0.000000      105.852000    160.000000    97.335000     1.04856E-02  2.54805E-04  25.136500  11.469100
3  1540.000000   165.623000    80.000000     108.382000    240.000000    92.290000     1.00514E-02  1.18326E-04  25.660900  12.466200
3  1540.000000   165.623000    120.000000    102.908000    280.000000    93.398000     1.04546E-02  1.23164E-04  23.803900  9.426880
3  1540.000000   165.623000    160.000000    97.335000     320.000000    95.039000     1.10403E-02  1.28904E-04  24.910100  8.464550
3  1540.000000   165.623000    200.000000    92.851000     360.000000    95.756000     1.13213E-02  1.32551E-04  25.564500  8.322430
3  1540.000000   165.623000    240.000000    92.290000     400.000000    101.442000    1.19239E-02  1.39638E-04  23.368600  8.322430
3  1540.000000   165.623000    280.000000    93.398000     440.000000    109.091000    1.20540E-02  1.40741E-04  27.276500  8.322640
3  1540.000000   165.623000    320.000000    95.039000     480.000000    117.202000    1.13032E-02  1.31829E-04  28.001600  8.323050
3  1540.000000   165.623000    360.000000    95.756000     520.000000    118.621000    1.16441E-02  1.35826E-04  28.754600  8.323320
3  1540.000000   165.623000    400.000000    101.442000    560.000000    114.524000    1.30649E-02  1.48236E-04  32.523600  6.890060
3  1540.000000   165.623000    440.000000    109.091000    600.000000    110.348000    1.43049E-02  1.62319E-04  30.570200  6.890220
3  1540.000000   165.623000    480.000000    117.202000    640.000000    121.240000    1.63514E-02  1.79318E-04  27.391600  6.289140
3  1540.000000   165.623000    520.000000    118.621000    680.000000    117.505000    1.77826E-02  1.90900E-04  31.822400  5.991840
3  1540.000000   165.623000    560.000000    114.524000    720.000000    113.178000    2.11019E-02  2.25263E-04  32.815500  6.039340
3  1540.000000   165.623000    600.000000    110.348000    760.000000    100.356000    3.01551E-02  3.10474E-04  31.988100  4.514650
3  1540.000000   165.623000    640.000000    121.240000    800.000000    108.602000    3.78792E-02  3.86883E-04  31.791000  4.113910
3  1540.000000   165.623000    680.000000    117.505000    840.000000    121.214000    4.41975E-02  4.48967E-04  28.677100  3.852100
3  1540.000000   165.623000    720.000000    113.178000    880.000000    124.368000    4.82626E-02  4.88311E-04  26.879000  3.399330
3  1580.000000   144.941000    0.000000      105.852000    40.000000     108.172000    3.14564E-03  5.68927E-05  19.464800  22.810200
3  1580.000000   144.941000    1240.000000   143.282000    1280.000000   155.645000    8.96693E-02  9.00280E-04  11.258400  2.592500
3  1580.000000   144.941000    1280.000000   155.645000    1320.000000   173.060000    6.16415E-02  6.20255E-04  10.681000  3.197480
3  1580.000000   144.941000    1320.000000   173.060000    1360.000000   187.371000    6.62729E-02  6.66858E-04  9.445580  3.197470
3  1580.000000   144.941000    1360.000000   187.371000    1400.000000   194.951000    7.27444E-02  7.30943E-04  8.585410  2.813420
3  1580.000000   144.941000    1400.000000   194.951000    1440.000000   204.976000    8.81049E-02  8.84573E-04  8.057080  2.592460
3  1580.000000   144.941000    1440.000000   204.976000    1480.000000   191.689000    8.04980E-02  8.08852E-04  7.180760  2.813350
3  1580.000000   144.941000    1480.000000   191.689000    1520.000000   175.987000    1.71181E-01  1.71626E-03  8.386140  1.815680
3  1580.000000   144.941000    1640.000000   112.857000    1680.000000   114.145000    2.91231E-01  2.91802E-03  13.077300  1.549950
3  1580.000000   144.941000    1680.000000   114.145000    1720.000000   106.756000    1.02730E-01  1.03089E-03  10.657700  2.340610
3  1580.000000   144.941000    1720.000000   106.756000    1760.000000   101.140000    1.18762E-01  1.19169E-03  12.755700  2.039820
3  1580.000000   144.941000    1760.000000   101.140000    1800.000000   104.339000    3.67362E-02  3.73390E-04  11.474300  4.112050
3  1580.000000   144.941000    1800.000000   104.339000    1840.000000   80.146000     6.99755E-02  7.03121E-04  13.999000  2.813380
3  1580.000000   144.941000    1840.000000   80.146000     1880.000000   68.179000     6.16502E-02  6.20349E-04  -1.963130  3.197510
3  1580.000000   144.941000    1880.000000   68.179000     1920.000000   68.761000     5.79067E-02  5.82900E-04  33.619300  3.207740
3  1580.000000   144.941000    2280.000000   43.553000     2320.000000   45.377000     4.07719E-03  6.54365E-05  26.298400  18.562400
3  1580.000000   144.941000    0.000000      105.852000    80.000000     108.382000    5.17040E-03  6.60389E-05  19.251100  12.638700
3  1580.000000   144.941000    40.000000     108.172000    120.000000    102.908000    4.43162E-03  7.11248E-05  19.101300  18.572500
3  1580.000000   144.941000    880.000000    124.368000    960.000000    154.933000    2.31646E-02  2.46606E-04  18.676800  6.038210
3  1580.000000   144.941000    920.000000    140.952000    1000.000000   139.164000    1.96352E-02  2.10246E-04  21.241200  5.990470
3  1580.000000   144.941000    960.000000    154.933000    1040.000000   135.603000    2.14451E-02  2.28300E-04  22.397000  6.038880
3  1580.000000   144.941000    1000.000000   139.164000    1080.000000   116.772000    2.30699E-02  2.45595E-04  24.440900  6.038190
3  1580.000000   144.941000    1040.000000   135.603000    1120.000000   126.923000    3.79903E-02  3.86137E-04  23.950100  4.112090
3  1580.000000   144.941000    1080.000000   116.772000    1160.000000   133.280000    6.90697E-02  6.94033E-04  12.692600  2.813570
3  1580.000000   144.941000    1120.000000   126.923000    1200.000000   143.288000    8.38205E-02  8.41566E-04  23.654400  2.592670
3  1580.000000   144.941000    1160.000000   133.280000    1240.000000   143.282000    9.10057E-02  9.13706E-04  25.167600  2.592540
3  1580.000000   144.941000    2000.000000   61.720000     2080.000000   61.209000     3.42479E-02  3.48099E-04  22.725900  4.112050
3  1580.000000   144.941000    2040.000000   57.680000     2120.000000   64.714000     3.94424E-02  3.98818E-04  22.598600  3.850110
3  1580.000000   144.941000    2080.000000   61.209000     2160.000000   69.496000     1.40318E-02  1.58795E-04  28.595800  6.887880
3  1580.000000   144.941000    2120.000000   64.714000     2200.000000   52.831000     1.18323E-02  1.37736E-04  29.490500  8.322450
3  1580.000000   144.941000    2160.000000   69.496000     2240.000000   43.386000     1.35388E-02  1.53216E-04  25.345200  6.887880
3  1580.000000   144.941000    2200.000000   52.831000     2280.000000   43.553000     1.57947E-02  1.72734E-04  28.507400  6.286890
3  1580.000000   144.941000    2240.000000   43.386000     2320.000000   45.377000     1.33498E-02  1.51077E-04  28.444800  6.887870
3  1580.000000   144.941000    0.000000      105.852000    160.000000    97.335000     1.00834E-02  1.18532E-04  18.811700  8.578010
3  1580.000000   144.941000    40.000000     108.172000    200.000000    92.851000     9.49887E-03  1.11900E-04  17.698600  8.577020
3  1580.000000   144.941000    80.000000     108.382000    240.000000    92.290000     9.60428E-03  1.13019E-04  17.170100  8.576720
3  1580.000000   144.941000    120.000000    102.908000    280.000000    93.398000     9.96168E-03  1.17455E-04  16.227700  8.577100
3  1580.000000   144.941000    160.000000    97.335000     320.000000    95.039000     1.05028E-02  1.24012E-04  16.060400  8.576490
3  1580.000000   144.941000    200.000000    92.851000     360.000000    95.756000     1.07490E-02  1.26327E-04  16.375100  8.576440
3  1580.000000   144.941000    240.000000    92.290000     400.000000    101.442000    1.13112E-02  1.31713E-04  13.239200  8.322500
3  1580.000000   144.941000    280.000000    93.398000     440.000000    109.091000    1.14216E-02  1.32957E-04  17.024000  8.322210
3  1580.000000   144.941000    320.000000    95.039000     480.000000    117.202000    1.06936E-02  1.25613E-04  18.005500  8.576530
3  1580.000000   144.941000    360.000000    95.756000     520.000000    118.621000    1.10053E-02  1.29275E-04  19.209400  8.576490
3  1580.000000   144.941000    400.000000    101.442000    560.000000    114.524000    1.23316E-02  1.43548E-04  23.614700  8.322210
3  1580.000000   144.941000    440.000000    109.091000    600.000000    110.348000    1.34871E-02  1.52631E-04  21.825900  6.887870
3  1580.000000   144.941000    480.000000    117.202000    640.000000    121.240000    1.54357E-02  1.68808E-04  18.517600  6.286860
3  1580.000000   144.941000    520.000000    118.621000    680.000000    117.505000    1.67346E-02  1.83013E-04  23.671700  6.286870
3  1580.000000   144.941000    560.000000    114.524000    720.000000    113.178000    1.98316E-02  2.12349E-04  24.927200  5.990370
3  1580.000000   144.941000    600.000000    110.348000    760.000000    100.356000    2.82992E-02  2.90016E-04  24.214200  4.513080
3  1580.000000   144.941000    640.000000    121.240000    800.000000    108.602000    3.54751E-02  3.60576E-04  24.482300  4.112090
3  1580.000000   144.941000    680.000000    117.505000    840.000000    121.214000    4.13859E-02  4.18474E-04  21.415800  3.850070
3  1580.000000   144.941000    720.000000    113.178000    880.000000    124.368000    4.51414E-02  4.56443E-04  19.947500  3.850090
3  1580.000000   144.941000    760.000000    100.356000    920.000000    140.952000    4.40072E-02  4.44974E-04  18.817600  3.850070
3  1620.000000   120.635000    1280.000000   155.645000    1320.000000   173.060000    5.04044E-02  5.07870E-04  10.592800  3.397800
3  1620.000000   120.635000    1320.000000   173.060000    1360.000000   187.371000    5.26174E-02  5.30157E-04  16.031100  3.403090
3  1620.000000   120.635000    1360.000000   187.371000    1400.000000   194.951000    5.61656E-02  5.65166E-04  15.900200  3.197760
3  1620.000000   120.635000    1400.000000   194.951000    1440.000000   204.976000    6.45454E-02  6.49488E-04  13.455500  3.197630
3  1620.000000   120.635000    1440.000000   204.976000    1480.000000   191.689000    5.43183E-02  5.47284E-04  7.057530  3.397810
3  1620.000000   120.635000    1480.000000   191.689000    1520.000000   175.987000    1.02233E-01  1.02591E-03  7.972010  2.340830
3  1620.000000   120.635000    1520.000000   175.987000    1560.000000   155.051000    4.29489E-01  4.30228E-03  10.487800  1.299610
3  1620.000000   120.635000    1680.000000   114.145000    1720.000000   106.756000    2.80851E-01  2.81401E-03  7.716160  1.549950
3  1620.000000   120.635000    1720.000000   106.756000    1760.000000   101.140000    1.98412E-01  1.98928E-03  11.415700  1.815690
3  1620.000000   120.635000    1760.000000   101.140000    1800.000000   104.339000    5.59451E-02  5.62936E-04  10.016700  3.197470
3  1620.000000   120.635000    1800.000000   104.339000    1840.000000   80.146000     9.66136E-02  9.69508E-04  12.949800  2.340630
3  1620.000000   120.635000    1840.000000   80.146000     1880.000000   68.179000     8.38778E-02  8.42133E-04  -1.627400  2.592500
3  1620.000000   120.635000    1880.000000   68.179000     1920.000000   68.761000     7.60817E-02  7.64887E-04  31.593200  2.821140
3  1620.000000   120.635000    2280.000000   43.553000     2320.000000   45.377000     4.79518E-03  7.69598E-05  25.842300  18.562400
3  1620.000000   120.635000    920.000000    140.952000    1000.000000   139.164000    1.71208E-02  1.87238E-04  20.241500  6.286830
3  1620.000000   120.635000    960.000000    154.933000    1040.000000   135.603000    1.86889E-02  2.00121E-04  21.516000  5.990690
3  1620.000000   120.635000    1000.000000   139.164000    1080.000000   116.772000    2.01381E-02  2.15637E-04  23.429900  5.990330
3  1620.000000   120.635000    1040.000000   135.603000    1120.000000   126.923000    3.26302E-02  3.31689E-04  23.318000  4.112160
3  1620.000000   120.635000    1080.000000   116.772000    1160.000000   133.280000    5.92695E-02  5.96506E-04  12.684900  3.197760
3  1620.000000   120.635000    1120.000000   126.923000    1200.000000   143.288000    7.13253E-02  7.16862E-04  22.233100  2.815220
3  1620.000000   120.635000    1160.000000   133.280000    1240.000000   143.282000    7.65267E-02  7.69040E-04  23.664800  2.813410
3  1620.000000   120.635000    1200.000000   143.288000    1280.000000   155.645000    1.13381E-01  1.13791E-03  14.365600  2.342650
3  1620.000000   120.635000    2000.000000   61.720000     2080.000000   61.209000     4.22469E-02  4.27175E-04  21.845900  3.850100
3  1620.000000   120.635000    2040.000000   57.680000     2120.000000   64.714000     4.87078E-02  4.90751E-04  21.727400  3.397820
3  1620.000000   120.635000    2080.000000   61.209000     2160.000000   69.496000     1.71462E-02  1.87513E-04  27.775200  6.286830
3  1620.000000   120.635000    2120.000000   64.714000     2200.000000   52.831000     1.40478E-02  1.58976E-04  28.679100  6.887880
3  1620.000000   120.635000    2160.000000   69.496000     2240.000000   43.386000     1.57162E-02  1.71874E-04  24.594200  6.286840
3  1620.000000   120.635000    2200.000000   52.831000     2280.000000   43.553000     1.83227E-02  1.96251E-04  28.582100  5.990360
3  1620.000000   120.635000    2240.000000   43.386000     2320.000000   45.377000     1.56541E-02  1.71195E-04  28.448000  6.286830
3  1620.000000   120.635000    80.000000     108.382000    240.000000    92.290000     8.80883E-03  1.05979E-04  9.326300  9.577510
3  1620.000000   120.635000    120.000000    102.908000    280.000000    93.398000     9.11564E-03  1.09568E-04  6.298420  9.591400
3  1620.000000   120.635000    200.000000    92.851000     360.000000    95.756000     9.79698E-03  1.15082E-04  5.434310  8.607520
3  1620.000000   120.635000    240.000000    92.290000     400.000000    101.442000    1.03008E-02  1.21006E-04  2.951800  8.605990
3  1620.000000   120.635000    280.000000    93.398000     440.000000    109.091000    1.03790E-02  1.21928E-04  8.009700  8.578480
3  1620.000000   120.635000    320.000000    95.039000     480.000000    117.202000    9.69096E-03  1.13837E-04  10.038100  8.576440
3  1620.000000   120.635000    360.000000    95.756000     520.000000    118.621000    9.94478E-03  1.16821E-04  12.379600  8.576500
3  1620.000000   120.635000    400.000000    101.442000    560.000000    114.524000    1.11051E-02  1.30448E-04  17.814500  8.576440
3  1620.000000   120.635000    440.000000    109.091000    600.000000    110.348000    1.21196E-02  1.41081E-04  16.875300  8.322200
3  1620.000000   120.635000    480.000000    117.202000    640.000000    121.240000    1.39912E-02  1.58334E-04  17.614200  6.887870
3  1620.000000   120.635000    520.000000    118.621000    680.000000    117.505000    1.50010E-02  1.69763E-04  19.590400  6.887860
3  1620.000000   120.635000    560.000000    114.524000    720.000000    113.178000    1.77386E-02  1.89938E-04  21.321200  5.990380
3  1620.000000   120.635000    600.000000    110.348000    760.000000    100.356000    2.52422E-02  2.61741E-04  21.441400  5.072380
3  1620.000000   120.635000    640.000000    121.240000    800.000000    108.602000    3.14697E-02  3.22514E-04  20.537700  4.512990
3  1620.000000   120.635000    680.000000    117.505000    840.000000    121.214000    3.68287E-02  3.74342E-04  19.257100  4.112050
3  1620.000000   120.635000    720.000000    113.178000    880.000000    124.368000    4.01229E-02  4.05711E-04  18.031400  3.850170
3  1620.000000   120.635000    760.000000    100.356000    920.000000    140.952000    3.90305E-02  3.94669E-04  17.014600  3.850110
3  1620.000000   120.635000    800.000000    108.602000    960.000000    154.933000    3.92422E-02  3.96809E-04  17.137700  3.850140
3  1660.000000   115.433000    1320.000000   173.060000    1360.000000   187.371000    3.49302E-02  3.55038E-04  9.745160  4.112050
3  1660.000000   115.433000    1360.000000   187.371000    1400.000000   194.951000    3.61197E-02  3.67128E-04  9.396430  4.112110
3  1660.000000   115.433000    1400.000000   194.951000    1440.000000   204.976000    3.77455E-02  3.83653E-04  12.902500  4.113150
3  1660.000000   115.433000    1440.000000   204.976000    1480.000000   191.689000    2.99261E-02  3.06689E-04  6.563960  4.513040
3  1660.000000   115.433000    1480.000000   191.689000    1520.000000   175.987000    5.11939E-02  5.15804E-04  7.747430  3.397760
3  1660.000000   115.433000    1520.000000   175.987000    1560.000000   155.051000    1.54649E-01  1.55104E-03  14.815700  4.289220
3  1660.000000   115.433000    1560.000000   155.051000    1600.000000   131.871000    3.06484E-01  3.07088E-03  6.262950  1.550090
3  1660.000000   115.433000    1720.000000   106.756000    1760.000000   101.140000    6.98650E-01  7.04344E-03  9.018870  2.711700
3  1660.000000   115.433000    1760.000000   101.140000    1800.000000   104.339000    1.36200E-01  1.36667E-03  7.301730  2.039730
3  1660.000000   115.433000    1800.000000   104.339000    1840.000000   80.146000     1.95051E-01  1.95558E-03  12.565600  1.815670
3  1660.000000   115.433000    1840.000000   80.146000     1880.000000   68.179000     1.47860E-01  1.48296E-03  -2.204090  1.868290
3  1660.000000   115.433000    1880.000000   68.179000     1920.000000   68.761000     1.21150E-01  1.21568E-03  26.351000  2.039730
3  1660.000000   115.433000    2280.000000   43.553000     2320.000000   45.377000     6.21027E-03  7.93207E-05  23.440900  12.638600
3  1660.000000   115.433000    960.000000    154.933000    1040.000000   135.603000    1.40699E-02  1.59233E-04  20.823700  6.887960
3  1660.000000   115.433000    1000.000000   139.164000    1080.000000   116.772000    1.52569E-02  1.66863E-04  23.539700  6.287270
3  1660.000000   115.433000    1040.000000   135.603000    1120.000000   126.923000    2.40155E-02  2.49046E-04  23.377600  5.072900
3  1660.000000   115.433000    1080.000000   116.772000    1160.000000   133.280000    4.30380E-02  4.35252E-04  14.935800  3.851790
3  1660.000000   115.433000    1120.000000   126.923000    1200.000000   143.288000    5.12443E-02  5.16414E-04  22.289400  3.398700
3  1660.000000   115.433000    1160.000000   133.280000    1240.000000   143.282000    5.39244E-02  5.43342E-04  22.090700  3.398610
3  1660.000000   115.433000    1200.000000   143.288000    1280.000000   155.645000    7.79813E-02  7.83618E-04  11.082800  2.813700
3  1660.000000   115.433000    1240.000000   143.282000    1320.000000   173.060000    8.38903E-02  8.42301E-04  10.941100  2.592710
3  1660.000000   115.433000    2000.000000   61.720000     2080.000000   61.209000     5.97173E-02  6.02082E-04  14.575400  3.451470
3  1660.000000   115.433000    2080.000000   61.209000     2160.000000   69.496000     2.34975E-02  2.43646E-04  26.050500  5.072330
3  1660.000000   115.433000    2120.000000   64.714000     2200.000000   52.831000     1.84779E-02  1.97854E-04  27.766200  5.990330
3  1660.000000   115.433000    2160.000000   69.496000     2240.000000   43.386000     2.01072E-02  2.15300E-04  22.765100  5.990350
3  1660.000000   115.433000    2200.000000   52.831000     2280.000000   43.553000     2.34160E-02  2.42801E-04  25.387300  5.072300
3  1660.000000   115.433000    2240.000000   43.386000     2320.000000   45.377000     2.02431E-02  2.15502E-04  25.288500  6.038190
3  1660.000000   115.433000    40.000000     108.172000    200.000000    92.851000     7.27669E-03  9.67494E-05  15.670900  12.114500
3  1660.000000   115.433000    80.000000     108.382000    240.000000    92.290000     7.32374E-03  1.02488E-04  13.495300  12.114400
3  1660.000000   115.433000    120.000000    102.908000    280.000000    93.398000     7.55974E-03  1.11203E-04  11.967700  12.149400
3  1660.000000   115.433000    240.000000    92.290000     400.000000    101.442000    8.46779E-03  1.03914E-04  10.143300  9.580700
3  1660.000000   115.433000    280.000000    93.398000     440.000000    109.091000    8.49327E-03  1.02770E-04  14.414600  9.575490
3  1660.000000   115.433000    320.000000    95.039000     480.000000    117.202000    7.88844E-03  9.48001E-05  15.343800  9.577260
3  1660.000000   115.433000    360.000000    95.756000     520.000000    118.621000    8.04548E-03  9.66777E-05  16.830700  9.575720
3  1660.000000   115.433000    400.000000    101.442000    560.000000    114.524000    8.92438E-03  1.07256E-04  21.102200  9.575730
3  1660.000000   115.433000    440.000000    109.091000    600.000000    110.348000    9.69627E-03  1.13916E-04  19.278900  8.577020
3  1660.000000   115.433000    480.000000    117.202000    640.000000    121.240000    1.11763E-02  1.31314E-04  19.451300  8.576930
3  1660.000000   115.433000    520.000000    118.621000    680.000000    117.505000    1.19449E-02  1.39070E-04  20.867600  8.322690
3  1660.000000   115.433000    560.000000    114.524000    720.000000    113.178000    1.40640E-02  1.59199E-04  22.277900  6.888530
3  1660.000000   115.433000    600.000000    110.348000    760.000000    100.356000    1.99062E-02  2.13229E-04  22.091300  5.991370
3  1660.000000   115.433000    640.000000    121.240000    800.000000    108.602000    2.47575E-02  2.56807E-04  20.851600  5.073650
3  1660.000000   115.433000    680.000000    117.505000    840.000000    121.214000    2.89189E-02  2.96471E-04  19.439400  4.514290
3  1660.000000   115.433000    720.000000    113.178000    880.000000    124.368000    3.14403E-02  3.22291E-04  18.073300  4.514110
3  1660.000000   115.433000    760.000000    100.356000    920.000000    140.952000    3.04629E-02  3.12257E-04  16.866000  4.513580
3  1660.000000   115.433000    800.000000    108.602000    960.000000    154.933000    3.04758E-02  3.12371E-04  16.971900  4.513430
3  1660.000000   115.433000    840.000000    121.214000    1000.000000   139.164000    2.81650E-02  2.88657E-04  17.941300  4.513760
3  1660.000000   115.433000    0.000000      105.852000    320.000000    95.039000     1.56890E-02  2.18179E-04  17.743900  6.369110
3  1660.000000   115.433000    40.000000     108.172000    360.000000    95.756000     1.53462E-02  1.82089E-04  14.307100  6.288690
3  1700.000000   114.563000    0.000000      105.852000    40.000000     108.172000    2.21695E-03  5.94515E-05  14.096200  29.887000
3  1700.000000   114.563000    1360.000000   187.371000    1400.000000   194.951000    2.84106E-02  2.91166E-04  10.052500  4.513000
3  1700.000000   114.563000    1400.000000   194.951000    1440.000000   204.976000    2.99607E-02  3.07049E-04  8.179930  4.512990
3  1700.000000   114.563000    1440.000000   204.976000    1480.000000   191.689000    2.24557E-02  2.39059E-04  7.268950  6.038200
3  1700.000000   114.563000    1480.000000   191.689000    1520.000000   175.987000    3.67148E-02  3.73177E-04  8.471020  4.112050
3  1700.000000   114.563000    1520.000000   175.987000    1560.000000   155.051000    9.54361E-02  9.58226E-04  13.468500  2.592470
3  1700.000000   114.563000    1560.000000   155.051000    1600.000000   131.871000    1.39917E-01  1.40331E-03  7.103790  1.868440
3  1700.000000   114.563000    1600.000000   131.871000    1640.000000   112.857000    6.45189E-01  7.75330E-03  27.419100  16.805100
3  1700.000000   114.563000    1760.000000   101.140000    1800.000000   104.339000    3.05260E-01  3.05858E-03  6.317050  1.549950
3  1700.000000   114.563000    1800.000000   104.339000    1840.000000   80.146000     3.40050E-01  3.40631E-03  10.622100  1.299490
3  1700.000000   114.563000    1840.000000   80.146000     1880.000000   68.179000     2.16190E-01  2.16737E-03  -0.871334  1.879490
3  1700.000000   114.563000    1880.000000   68.179000     1920.000000   68.761000     1.56790E-01  1.57248E-03  6.240180  1.868280
3  1700.000000   114.563000    2280.000000   43.553000     2320.000000   45.377000     6.81959E-03  8.57304E-05  21.238100  12.114100
3  1700.000000   114.563000    0.000000      105.852000    80.000000     108.382000    3.63481E-03  5.83380E-05  11.525500  18.569800
3  1700.000000   114.563000    40.000000     108.172000    120.000000    102.908000    3.08838E-03  5.58500E-05  5.543350  22.810200
3  1700.000000   114.563000    440.000000    109.091000    520.000000    118.621000    3.50864E-03  6.34495E-05  15.606300  22.810200
3  1700.000000   114.563000    1000.000000   139.164000    1080.000000   116.772000    1.31019E-02  1.48282E-04  24.162000  6.887870
3  1700.000000   114.563000    1040.000000   135.603000    1120.000000   126.923000    2.03947E-02  2.17155E-04  24.660200  6.038560
3  1700.000000   114.563000    1080.000000   116.772000    1160.000000   133.280000    3.62115E-02  3.68173E-04  16.042100  4.113960
3  1700.000000   114.563000    1120.000000   126.923000    1200.000000   143.288000    4.27133E-02  4.31985E-04  23.332300  3.852040
3  1700.000000   114.563000    1160.000000   133.280000    1240.000000   143.282000    4.45308E-02  4.50322E-04  23.453000  3.850410
3  1700.000000   114.563000    1200.000000   143.288000    1280.000000   155.645000    6.39141E-02  6.43270E-04  12.113400  3.197510
3  1700.000000   114.563000    1240.000000   143.282000    1320.000000   173.060000    6.83301E-02  6.86711E-04  11.831500  2.813380
3  1700.000000   114.563000    1280.000000   155.645000    1360.000000   187.371000    5.51395E-02  5.55586E-04  11.079200  3.397780
3  1700.000000   114.563000    2040.000000   57.680000     2120.000000   64.714000     7.95792E-02  7.99620E-04  18.633300  2.813380
3  1700.000000   114.563000    2080.000000   61.209000     2160.000000   69.496000     2.66763E-02  2.76607E-04  24.647800  5.072300
3  1700.000000   114.563000    2120.000000   64.714000     2200.000000   52.831000     2.05628E-02  2.18907E-04  26.149500  6.038200
3  1700.000000   114.563000    2160.000000   69.496000     2240.000000   43.386000     2.24279E-02  2.38763E-04  20.614900  6.038190
3  1700.000000   114.563000    2200.000000   52.831000     2280.000000   43.553000     2.60098E-02  2.69696E-04  22.770100  5.072300
3  1700.000000   114.563000    2240.000000   43.386000     2320.000000   45.377000     2.23143E-02  2.37554E-04  22.940300  6.038210
3  1700.000000   114.563000    0.000000      105.852000    160.000000    97.335000     7.03567E-03  8.84806E-05  7.057640  12.133300
3  1700.000000   114.563000    40.000000     108.172000    200.000000    92.851000     6.57960E-03  8.27187E-05  2.326200  12.123300
3  1700.000000   114.563000    80.000000     108.382000    240.000000    92.290000     6.61217E-03  8.31401E-05  0.745877  12.115600
3  1700.000000   114.563000    120.000000    102.908000    280.000000    93.398000     6.81471E-03  8.56813E-05  -0.523854  12.117900
3  1700.000000   114.563000    280.000000    93.398000     440.000000    109.091000    7.61635E-03  9.57703E-05  5.814710  12.114300
3  1700.000000   114.563000    320.000000    95.039000     480.000000    117.202000    7.06244E-03  8.87918E-05  8.723260  12.114400
3  1700.000000   114.563000    400.000000    101.442000    560.000000    114.524000    7.96527E-03  9.57258E-05  19.286800  9.576900
3  1700.000000   114.563000    440.000000    109.091000    600.000000    110.348000    8.63876E-03  1.03816E-04  17.519200  9.575520
3  1700.000000   114.563000    480.000000    117.202000    640.000000    121.240000    9.93573E-03  1.16725E-04  18.432500  8.576510
3  1700.000000   114.563000    520.000000    118.621000    680.000000    117.505000    1.05983E-02  1.24508E-04  20.542000  8.576520
3  1700.000000   114.563000    560.000000    114.524000    720.000000    113.178000    1.24460E-02  1.44899E-04  22.360000  8.322200
3  1700.000000   114.563000    600.000000    110.348000    760.000000    100.356000    1.75682E-02  1.88169E-04  22.252100  5.990650
3  1700.000000   114.563000    640.000000    121.240000    800.000000    108.602000    2.17890E-02  2.32040E-04  21.427300  6.038280
3  1700.000000   114.563000    680.000000    117.505000    840.000000    121.214000    2.53943E-02  2.63405E-04  20.196700  5.072480
3  1700.000000   114.563000    720.000000    113.178000    880.000000    124.368000    2.75373E-02  2.82304E-04  19.055300  4.513200
3  1700.000000   114.563000    760.000000    100.356000    920.000000    140.952000    2.65926E-02  2.75805E-04  18.174100  5.072420
3  1700.000000   114.563000    800.000000    108.602000    960.000000    154.933000    2.65291E-02  2.75136E-04  18.346700  5.072540
3  1700.000000   114.563000    840.000000    121.214000    1000.000000   139.164000    2.45273E-02  2.54355E-04  19.270200  5.072380
3  1700.000000   114.563000    880.000000    124.368000    1040.000000   135.603000    2.58735E-02  2.68311E-04  19.941800  5.072330
3  1700.000000   114.563000    0.000000      105.852000    320.000000    95.039000     1.41763E-02  1.61041E-04  3.502170  7.080200
3  1700.000000   114.563000    40.000000     108.172000    360.000000    95.756000     1.38351E-02  1.57250E-04  1.968250  6.907800
3  1700.000000   114.563000    80.000000     108.382000    400.000000    101.442000    1.42166E-02  1.61061E-04  -0.388282  6.938670
3  1780.000000   103.229000    0.000000      105.852000    40.000000     108.172000    1.82849E-03  4.90992E-05  1.310560  29.853400
3  1780.000000   103.229000    1280.000000   155.645000    1320.000000   173.060000    1.84165E-02  5.07712E-04  48.347500  37.372300
3  1780.000000   103.229000    1440.000000   204.976000    1480.000000   191.689000    1.40226E-02  1.58729E-04  6.284060  6.888000
3  1780.000000   103.229000    1480.000000   191.689000    1520.000000   175.987000    2.24512E-02  2.39404E-04  7.914320  6.038430
3  1780.000000   103.229000    1560.000000   155.051000    1600.000000   131.871000    7.12351E-02  7.26698E-04  27.236400  12.090300
3  1780.000000   103.229000    1600.000000   131.871000    1640.000000   112.857000    2.09090E-01  3.60877E-03  14.847800  5.507670
3  1780.000000   103.229000    1640.000000   112.857000    1680.000000   114.145000    2.92784E-01  3.47049E-03  12.092200  3.280280
3  1780.000000   103.229000    1680.000000   114.145000    1720.000000   106.756000    3.67336E-01  3.68126E-03  8.428680  1.304920
3  1780.000000   103.229000    1880.000000   68.179000     1920.000000   68.761000     3.71880E-01  3.72516E-03  60.932400  1.299460
3  1780.000000   103.229000    2080.000000   61.209000     2120.000000   64.714000     2.48638E-02  2.57813E-04  19.548400  5.072320
3  1780.000000   103.229000    2280.000000   43.553000     2320.000000   45.377000     8.34019E-03  1.00219E-04  21.107700  9.575450
3  1780.000000   103.229000    0.000000      105.852000    80.000000     108.382000    2.99744E-03  5.42630E-05  -0.104603  22.811000
3  1780.000000   103.229000    40.000000     108.172000    120.000000    102.908000    2.54249E-03  4.60145E-05  -2.525190  22.811100
3  1780.000000   103.229000    1080.000000   116.772000    1160.000000   133.280000    2.59050E-02  2.68643E-04  16.278300  5.078010
3  1780.000000   103.229000    1120.000000   126.923000    1200.000000   143.288000    3.02766E-02  3.10281E-04  22.987500  4.519040
3  1780.000000   103.229000    1160.000000   133.280000    1240.000000   143.282000    3.11318E-02  3.19048E-04  22.554700  4.514550
3  1780.000000   103.229000    1280.000000   155.645000    1360.000000   187.371000    3.70673E-02  1.08973E-03  29.618600  18.769400
3  1780.000000   103.229000    1320.000000   173.060000    1400.000000   194.951000    3.73872E-02  7.40928E-04  10.745800  4.112220
3  1780.000000   103.229000    1360.000000   187.371000    1440.000000   204.976000    3.78003E-02  3.93138E-04  9.507470  4.112500
3  1780.000000   103.229000    2120.000000   64.714000     2200.000000   52.831000     2.59800E-02  2.69387E-04  26.039900  5.072290
3  1780.000000   103.229000    2160.000000   69.496000     2240.000000   43.386000     2.79560E-02  2.86496E-04  20.827500  4.512980
3  1780.000000   103.229000    2200.000000   52.831000     2280.000000   43.553000     3.20760E-02  3.28718E-04  22.883000  4.512980
3  1780.000000   103.229000    2240.000000   43.386000     2320.000000   45.377000     2.73869E-02  2.80664E-04  22.858800  4.512980
3  1780.000000   103.229000    0.000000      105.852000    160.000000    97.335000     5.79130E-03  7.39810E-05  -1.456010  12.638700
3  1780.000000   103.229000    40.000000     108.172000    200.000000    92.851000     5.40510E-03  6.91783E-05  -2.940900  12.639900
3  1780.000000   103.229000    80.000000     108.382000    240.000000    92.290000     5.41826E-03  6.93835E-05  -2.357390  12.639700
3  1780.000000   103.229000    120.000000    102.908000    280.000000    93.398000     5.56705E-03  7.12382E-05  -1.380930  12.639600
3  1780.000000   103.229000    360.000000    95.756000     520.000000    118.621000    5.72216E-03  7.32591E-05  10.271200  12.640000
3  1780.000000   103.229000    400.000000    101.442000    560.000000    114.524000    6.29824E-03  7.93276E-05  16.762300  12.114500
3  1780.000000   103.229000    440.000000    109.091000    600.000000    110.348000    6.79930E-03  8.55930E-05  15.592400  12.114500
3  1780.000000   103.229000    480.000000    117.202000    640.000000    121.240000    7.79768E-03  9.38248E-05  15.978400  9.575940
3  1780.000000   103.229000    520.000000    118.621000    680.000000    117.505000    8.28681E-03  9.96804E-05  17.829400  9.575900
3  1780.000000   103.229000    560.000000    114.524000    720.000000    113.178000    9.68274E-03  1.13839E-04  19.585600  8.576990
3  1780.000000   103.229000    600.000000    110.348000    760.000000    100.356000    1.35885E-02  1.53947E-04  19.272700  6.888980
3  1780.000000   103.229000    640.000000    121.240000    800.000000    108.602000    1.67916E-02  1.83833E-04  18.328200  6.288150
3  1780.000000   103.229000    680.000000    117.505000    840.000000    121.214000    1.95125E-02  2.09149E-04  17.093000  5.991750
3  1780.000000   103.229000    720.000000    113.178000    880.000000    124.368000    2.10910E-02  2.24731E-04  15.902000  6.039710
3  1780.000000   103.229000    760.000000    100.356000    920.000000    140.952000    2.02688E-02  2.17156E-04  15.138800  5.991740
3  1780.000000   103.229000    800.000000    108.602000    960.000000    154.933000    2.01140E-02  2.15467E-04  15.766200  5.992590
3  1780.000000   103.229000    840.000000    121.214000    1000.000000   139.164000    1.84307E-02  1.97395E-04  17.020500  5.990570
3  1780.000000   103.229000    880.000000    124.368000    1040.000000   135.603000    1.93411E-02  2.07126E-04  18.066300  5.990720
3  1780.000000   103.229000    920.000000    140.952000    1080.000000   116.772000    1.80488E-02  1.93277E-04  20.677300  5.990640
3  1780.000000   103.229000    960.000000    154.933000    1120.000000   126.923000    2.37948E-02  2.46740E-04  22.031100  5.074210
3  1780.000000   103.229000    0.000000      105.852000    320.000000    95.039000     1.16206E-02  1.36213E-04  -0.516487  8.326070
3  1780.000000   103.229000    40.000000     108.172000    360.000000    95.756000     1.12850E-02  1.31424E-04  -0.526180  8.342400
3  1780.000000   103.229000    80.000000     108.382000    400.000000    101.442000    1.15624E-02  1.34637E-04  -1.578910  8.331980
3  1780.000000   103.229000    120.000000    102.908000    440.000000    109.091000    1.16917E-02  1.36262E-04  1.715720  8.327870
3  1780.000000   103.229000    160.000000    97.335000     480.000000    117.202000    1.14616E-02  1.33536E-04  3.551940  8.323480
3  1860.000000   72.265000     1640.000000   112.857000    1680.000000   114.145000    1.28803E-01  3.14228E-03  8.909050  10.487700
3  1860.000000   72.265000     1680.000000   114.145000    1720.000000   106.756000    1.19327E-01  1.20136E-03  7.269440  7.727750
3  1860.000000   72.265000     1720.000000   106.756000    1760.000000   101.140000    3.72057E-01  4.33673E-03  8.296040  1.641050
3  1860.000000   72.265000     1760.000000   101.140000    1800.000000   104.339000    3.00105E-01  3.02194E-03  7.497040  1.551700
3  1860.000000   72.265000     2080.000000   61.209000     2120.000000   64.714000     3.53413E-02  3.59213E-04  18.698000  4.112170
3  1860.000000   72.265000     2160.000000   69.496000     2200.000000   52.831000     1.85848E-02  1.98999E-04  19.570200  5.990340
3  1860.000000   72.265000     2280.000000   43.553000     2320.000000   45.377000     9.94388E-03  1.16807E-04  20.948800  8.576430
3  1860.000000   72.265000     1160.000000   133.280000    1240.000000   143.282000    2.27830E-02  2.42680E-04  17.808500  6.038200
3  1860.000000   72.265000     1200.000000   143.288000    1280.000000   155.645000    3.09778E-02  3.17684E-04  13.988400  4.515970
3  1860.000000   72.265000     1240.000000   143.282000    1320.000000   173.060000    3.26132E-02  3.31657E-04  13.711200  4.113940
3  1860.000000   72.265000     1280.000000   155.645000    1360.000000   187.371000    2.59276E-02  2.68887E-04  13.282500  5.072980
3  1860.000000   72.265000     1320.000000   173.060000    1400.000000   194.951000    2.59895E-02  2.69514E-04  12.576800  5.072600
3  1860.000000   72.265000     1360.000000   187.371000    1440.000000   204.976000    2.56845E-02  2.66338E-04  11.068400  5.072520
3  1860.000000   72.265000     1400.000000   194.951000    1480.000000   191.689000    2.21421E-02  2.35727E-04  9.739540  6.038400
3  1860.000000   72.265000     1440.000000   204.976000    1520.000000   175.987000    2.44989E-02  2.54034E-04  9.514460  5.072370
3  1860.000000   72.265000     2200.000000   52.831000     2280.000000   43.553000     3.89343E-02  3.93680E-04  21.608400  3.850110
3  1860.000000   72.265000     2240.000000   43.386000     2320.000000   45.377000     3.28430E-02  3.33820E-04  21.992300  4.112040
3  1860.000000   72.265000     80.000000     108.382000    240.000000    92.290000     4.53415E-03  7.29690E-05  21.299300  18.563400
3  1860.000000   72.265000     120.000000    102.908000    280.000000    93.398000     4.63940E-03  7.48024E-05  19.092600  18.562700
3  1860.000000   72.265000     440.000000    109.091000    600.000000    110.348000    5.45214E-03  6.99989E-05  15.989800  12.639500
3  1860.000000   72.265000     480.000000    117.202000    640.000000    121.240000    6.23495E-03  7.99632E-05  16.276900  12.639500
3  1860.000000   72.265000     520.000000    118.621000    680.000000    117.505000    6.60218E-03  8.33591E-05  17.703700  12.115100
3  1860.000000   72.265000     560.000000    114.524000    720.000000    113.178000    7.67665E-03  9.66659E-05  19.691600  12.115000
3  1860.000000   72.265000     600.000000    110.348000    760.000000    100.356000    1.07093E-02  1.26177E-04  19.671400  8.577670
3  1860.000000   72.265000     640.000000    121.240000    800.000000    108.602000    1.31864E-02  1.49750E-04  18.839900  6.889740
3  1860.000000   72.265000     680.000000    117.505000    840.000000    121.214000    1.52793E-02  1.67683E-04  18.020500  6.288430
3  1860.000000   72.265000     720.000000    113.178000    880.000000    124.368000    1.64641E-02  1.80621E-04  16.723600  6.288210
3  1860.000000   72.265000     760.000000    100.356000    920.000000    140.952000    1.57511E-02  1.72597E-04  16.249900  6.288010
3  1860.000000   72.265000     800.000000    108.602000    960.000000    154.933000    1.55529E-02  1.70335E-04  17.383700  6.290390
3  1860.000000   72.265000     840.000000    121.214000    1000.000000   139.164000    1.41271E-02  1.59961E-04  18.269500  6.888040
3  1860.000000   72.265000     880.000000    124.368000    1040.000000   135.603000    1.47515E-02  1.67021E-04  19.886800  6.887970
3  1860.000000   72.265000     920.000000    140.952000    1080.000000   116.772000    1.36623E-02  1.54667E-04  22.913700  6.888070
3  1860.000000   72.265000     960.000000    154.933000    1120.000000   126.923000    1.77767E-02  1.90465E-04  23.871900  5.992650
3  1860.000000   72.265000     1000.000000   139.164000    1160.000000   133.280000    2.60479E-02  2.70304E-04  26.560200  5.110890
3  1860.000000   72.265000     1040.000000   135.603000    1200.000000   143.288000    3.30628E-02  3.36414E-04  25.461000  4.121850
3  1860.000000   72.265000     40.000000     108.172000    360.000000    95.756000     9.39919E-03  1.12552E-04  19.241800  8.670540
3  1860.000000   72.265000     80.000000     108.382000    400.000000    101.442000    9.59474E-03  1.12759E-04  15.302400  8.657740
3  1860.000000   72.265000     120.000000    102.908000    440.000000    109.091000    9.66019E-03  1.13669E-04  15.447000  8.637950
3  1860.000000   72.265000     160.000000    97.335000     480.000000    117.202000    9.43020E-03  1.13617E-04  14.713200  9.584250
3  1860.000000   72.265000     200.000000    92.851000     520.000000    118.621000    9.49691E-03  1.11701E-04  14.115200  8.576600
3  1860.000000   72.265000     240.000000    92.290000     560.000000    114.524000    1.01349E-02  1.19090E-04  13.849900  8.579040
3  1937.000000   69.020000     1600.000000   131.871000    1640.000000   112.857000    5.03775E-02  5.08551E-04  16.139200  3.400210
3  1937.000000   69.020000     1640.000000   112.857000    1680.000000   114.145000    4.09983E-02  4.14874E-04  20.627700  3.851910
3  1937.000000   69.020000     1720.000000   106.756000    1760.000000   101.140000    7.98068E-02  8.02402E-04  11.878800  2.821890
3  1937.000000   69.020000     1760.000000   101.140000    1800.000000   104.339000    3.80982E-02  3.87257E-04  11.572300  4.112520
3  1937.000000   69.020000     1800.000000   104.339000    1840.000000   80.146000     1.53119E-01  1.53595E-03  12.180500  1.875980
3  1937.000000   69.020000     2080.000000   61.209000     2120.000000   64.714000     6.89804E-02  6.93122E-04  18.748300  2.813380
3  1937.000000   69.020000     2240.000000   43.386000     2280.000000   43.553000     2.86250E-02  2.93352E-04  23.902700  4.512980
3  1937.000000   69.020000     2280.000000   43.553000     2320.000000   45.377000     1.21120E-02  1.40992E-04  21.502400  8.322140
3  1937.000000   69.020000     1240.000000   143.282000    1320.000000   173.060000    1.75170E-02  1.92207E-04  11.445900  6.287980
3  1937.000000   69.020000     1280.000000   155.645000    1360.000000   187.371000    1.37561E-02  1.55866E-04  12.043400  6.888200
3  1937.000000   69.020000     1320.000000   173.060000    1400.000000   194.951000    1.36253E-02  1.54334E-04  11.807600  6.888020
3  1937.000000   69.020000     1360.000000   187.371000    1440.000000   204.976000    1.31293E-02  1.52925E-04  10.071600  8.322300
3  1937.000000   69.020000     1400.000000   194.951000    1480.000000   191.689000    1.10543E-02  1.29891E-04  8.706180  8.576690
3  1937.000000   69.020000     1440.000000   204.976000    1520.000000   175.987000    1.20985E-02  1.40871E-04  8.190510  8.322260
3  1937.000000   69.020000     1480.000000   191.689000    1560.000000   155.051000    2.40649E-02  2.49765E-04  11.405500  5.073070
3  1937.000000   69.020000     1520.000000   175.987000    1600.000000   131.871000    3.76920E-02  3.83591E-04  12.094000  4.113510
3  1937.000000   69.020000     520.000000    118.621000    680.000000    117.505000    4.49623E-03  7.21784E-05  8.882270  18.562400
3  1937.000000   69.020000     560.000000    114.524000    720.000000    113.178000    5.17391E-03  6.61303E-05  10.698100  12.638900
3  1937.000000   69.020000     600.000000    110.348000    760.000000    100.356000    7.13175E-03  9.00569E-05  10.636900  12.114700
3  1937.000000   69.020000     640.000000    121.240000    800.000000    108.602000    8.69388E-03  1.04823E-04  9.723500  9.575810
3  1937.000000   69.020000     680.000000    117.505000    840.000000    121.214000    9.99092E-03  1.17593E-04  8.713790  8.577150
3  1937.000000   69.020000     720.000000    113.178000    880.000000    124.368000    1.06653E-02  1.27034E-04  7.861080  8.578490
3  1937.000000   69.020000     760.000000    100.356000    920.000000    140.952000    1.00863E-02  1.19001E-04  7.569780  8.578130
3  1937.000000   69.020000     800.000000    108.602000    960.000000    154.933000    9.85858E-03  1.16153E-04  9.117470  8.577670
3  1937.000000   69.020000     840.000000    121.214000    1000.000000   139.164000    8.92672E-03  1.07453E-04  10.695300  9.575670
3  1937.000000   69.020000     880.000000    124.368000    1040.000000   135.603000    9.19825E-03  1.10701E-04  12.279000  9.575680
3  1937.000000   69.020000     920.000000    140.952000    1080.000000   116.772000    8.42928E-03  1.01414E-04  15.242800  9.575900
3  1937.000000   69.020000     960.000000    154.933000    1120.000000   126.923000    1.06921E-02  1.25799E-04  18.211600  8.581520
3  1937.000000   69.020000     1000.000000   139.164000    1160.000000   133.280000    1.50398E-02  1.65235E-04  29.422400  6.488580
3  1937.000000   69.020000     1040.000000   135.603000    1200.000000   143.288000    1.90053E-02  2.04448E-04  22.198900  6.060510
3  1937.000000   69.020000     1080.000000   116.772000    1240.000000   143.282000    2.34773E-02  2.44692E-04  19.469300  5.161560
3  1937.000000   69.020000     1120.000000   126.923000    1280.000000   155.645000    2.93403E-02  3.02402E-04  16.344300  4.575960
3  1937.000000   69.020000     160.000000    97.335000     480.000000    117.202000    6.75893E-03  8.50104E-05  -1.277390  12.120300
3  1937.000000   69.020000     200.000000    92.851000     520.000000    118.621000    6.76252E-03  8.61281E-05  0.124885  12.116100
3  1937.000000   69.020000     240.000000    92.290000     560.000000    114.524000    7.16669E-03  9.03060E-05  1.244970  12.114300
3  1937.000000   69.020000     280.000000    93.398000     600.000000    110.348000    7.34990E-03  9.25962E-05  2.658360  12.114100
3  1937.000000   69.020000     320.000000    95.039000     640.000000    121.240000    7.55461E-03  9.50279E-05  3.758810  12.114100
3  2019.000000   59.719000     1680.000000   114.145000    1720.000000   106.756000    1.57509E-02  1.72255E-04  13.543500  6.330400
3  2019.000000   59.719000     1720.000000   106.756000    1760.000000   101.140000    4.02439E-02  4.06930E-04  16.625600  4.022810
3  2019.000000   59.719000     1760.000000   101.140000    1800.000000   104.339000    1.81754E-02  1.94615E-04  16.089100  6.002400
3  2019.000000   59.719000     1800.000000   104.339000    1840.000000   80.146000     6.23322E-02  6.27212E-04  18.071300  3.321780
3  2019.000000   59.719000     1840.000000   80.146000     1880.000000   68.179000     9.89737E-02  9.93191E-04  14.971600  2.388210
3  2019.000000   59.719000     1880.000000   68.179000     1920.000000   68.761000     1.88402E-01  1.88892E-03  14.825200  1.837740
3  2019.000000   59.719000     2360.000000   47.641000     2400.000000   52.837000     1.41390E-02  1.60007E-04  49.796600  6.887860
3  2019.000000   59.719000     1320.000000   173.060000    1400.000000   194.951000    9.21807E-03  1.10768E-04  12.927900  9.584170
3  2019.000000   59.719000     1360.000000   187.371000    1440.000000   204.976000    8.98530E-03  1.07971E-04  12.353700  9.578110
3  2019.000000   59.719000     1400.000000   194.951000    1480.000000   191.689000    7.59775E-03  9.55128E-05  10.716200  12.115600
3  2019.000000   59.719000     1440.000000   204.976000    1520.000000   175.987000    8.05811E-03  9.68295E-05  9.278040  9.581160
3  2019.000000   59.719000     1480.000000   191.689000    1560.000000   155.051000    1.55006E-02  1.69518E-04  13.190800  6.321780
3  2019.000000   59.719000     1520.000000   175.987000    1600.000000   131.871000    2.34366E-02  2.49501E-04  14.051500  6.105460
3  2019.000000   59.719000     1560.000000   155.051000    1640.000000   112.857000    4.32205E-02  4.37024E-04  18.838300  4.208540
3  2019.000000   59.719000     1600.000000   131.871000    1680.000000   114.145000    5.50730E-02  5.54894E-04  23.928800  3.764280
3  2019.000000   59.719000     600.000000    110.348000    760.000000    100.356000    5.71210E-03  7.29618E-05  4.488550  12.691100
3  2019.000000   59.719000     640.000000    121.240000    800.000000    108.602000    6.89555E-03  8.66888E-05  4.021530  12.256600
3  2019.000000   59.719000     680.000000    117.505000    840.000000    121.214000    7.85655E-03  9.87702E-05  1.360300  12.118200
3  2019.000000   59.719000     720.000000    113.178000    880.000000    124.368000    8.30798E-03  9.98362E-05  -1.207490  11.231400
3  2019.000000   59.719000     760.000000    100.356000    920.000000    140.952000    7.77080E-03  9.76906E-05  -3.764250  12.889900
3  2019.000000   59.719000     800.000000    108.602000    960.000000    154.933000    7.54814E-03  9.48914E-05  -5.436550  12.203800
3  2019.000000   59.719000     840.000000    121.214000    1000.000000   139.164000    6.93506E-03  8.71827E-05  -0.304730  12.128900
3  2019.000000   59.719000     880.000000    124.368000    1040.000000   135.603000    7.06958E-03  8.88738E-05  -0.702329  12.114300
3  2019.000000   59.719000     920.000000    140.952000    1080.000000   116.772000    6.46495E-03  8.12728E-05  1.918460  12.118200
3  2019.000000   59.719000     960.000000    154.933000    1120.000000   126.923000    8.06427E-03  9.69043E-05  6.824420  9.612670
3  2019.000000   59.719000     1000.000000   139.164000    1160.000000   133.280000    1.13145E-02  1.32974E-04  1.874250  8.621770
3  2019.000000   59.719000     1040.000000   135.603000    1200.000000   143.288000    1.37028E-02  1.55083E-04  11.524000  6.960470
3  2019.000000   59.719000     1080.000000   116.772000    1240.000000   143.282000    1.66993E-02  1.82644E-04  12.207400  11.386800
3  2019.000000   59.719000     1120.000000   126.923000    1280.000000   155.645000    2.06192E-02  2.19524E-04  12.246500  8.356630
3  2019.000000   59.719000     1160.000000   133.280000    1320.000000   173.060000    2.08539E-02  2.22004E-04  15.248100  20.228800
3  2019.000000   59.719000     1200.000000   143.288000    1360.000000   187.371000    2.11114E-02  2.24750E-04  12.014500  6.093710
3  2019.000000   59.719000     160.000000    97.335000     480.000000    117.202000    5.66150E-03  7.23998E-05  -19.340800  12.644500
3  2019.000000   59.719000     200.000000    92.851000     520.000000    118.621000    5.64839E-03  7.22610E-05  -15.034100  12.642300
3  2019.000000   59.719000     240.000000    92.290000     560.000000    114.524000    5.96492E-03  7.62943E-05  -11.642800  12.641600
3  2019.000000   59.719000     280.000000    93.398000     600.000000    110.348000    6.09430E-03  7.78632E-05  -8.081090  12.642600
3  2019.000000   59.719000     320.000000    95.039000     640.000000    121.240000    6.22397E-03  7.94957E-05  -5.573910  12.647300
3  2019.000000   59.719000     360.000000    95.756000     680.000000    117.505000    6.36152E-03  8.12538E-05  -2.257920  12.652300
3  2019.000000   59.719000     400.000000    101.442000    720.000000    113.178000    7.11270E-03  8.94152E-05  2.854810  12.153400
3  2100.000000   58.057000     1640.000000   112.857000    1680.000000   114.145000    1.52188E-02  3.15271E-04  8.179720  22.079000
3  2100.000000   58.057000     1880.000000   68.179000     1920.000000   68.761000     6.10067E-02  2.38389E-03  18.503500  40.480500
3  2100.000000   58.057000     1400.000000   194.951000    1480.000000   191.689000    5.05928E-03  1.28389E-04  9.469570  29.940300
3  2100.000000   58.057000     1440.000000   204.976000    1520.000000   175.987000    5.26246E-03  6.80904E-05  5.065770  12.924500
3  2100.000000   58.057000     1480.000000   191.689000    1560.000000   155.051000    1.02072E-02  1.27714E-04  5.088830  10.390400
3  2100.000000   58.057000     1520.000000   175.987000    1600.000000   131.871000    1.53856E-02  1.68368E-04  7.813180  7.138260
3  2100.000000   58.057000     1560.000000   155.051000    1640.000000   112.857000    2.73398E-02  1.16697E-03  10.031800  43.305400
3  2100.000000   58.057000     1640.000000   112.857000    1720.000000   106.756000    2.41289E-02  2.52458E-04  9.940250  5.272170
3  2100.000000   58.057000     1680.000000   114.145000    1760.000000   101.140000    3.17610E-02  3.33789E-04  11.284100  4.583150
3  2100.000000   58.057000     840.000000    121.214000    1000.000000   139.164000    5.05739E-03  8.11726E-05  -14.546800  18.563900
3  2100.000000   58.057000     880.000000    124.368000    1040.000000   135.603000    5.09767E-03  8.18156E-05  -14.648400  18.566000
3  2100.000000   58.057000     920.000000    140.952000    1080.000000   116.772000    4.63670E-03  7.44204E-05  -16.916700  18.573600
3  2100.000000   58.057000     960.000000    154.933000    1120.000000   126.923000    5.66212E-03  7.24440E-05  -3.264040  12.657200
3  2100.000000   58.057000     1000.000000   139.164000    1160.000000   133.280000    7.23877E-03  9.13743E-05  30.064600  12.479300
3  2100.000000   58.057000     1040.000000   135.603000    1200.000000   143.288000    9.26560E-03  1.12218E-04  5.361580  9.841410
3  2100.000000   58.057000     1080.000000   116.772000    1240.000000   143.282000    1.11585E-02  1.35090E-04  8.697460  9.626840
3  2100.000000   58.057000     1120.000000   126.923000    1280.000000   155.645000    1.36123E-02  1.56145E-04  5.840970  7.407520
3  2100.000000   58.057000     1160.000000   133.280000    1320.000000   173.060000    1.42287E-02  1.63069E-04  -11.855400  7.063930
3  2100.000000   58.057000     1200.000000   143.288000    1360.000000   187.371000    1.38283E-02  1.58923E-04  3.020950  7.132460
3  2100.000000   58.057000     1240.000000   143.282000    1400.000000   194.951000    1.39951E-02  1.58846E-04  3.241160  7.210140
3  2100.000000   58.057000     1280.000000   155.645000    1440.000000   204.976000    1.21481E-02  1.94210E-04  4.905230  14.296000
3  2180.000000   60.726000     2360.000000   47.641000     2400.000000   52.837000     7.47140E-02  7.50734E-04  44.808700  2.813350
3  2180.000000   60.726000     1480.000000   191.689000    1560.000000   155.051000    6.47804E-03  8.14374E-05  -0.332545  12.155100
3  2180.000000   60.726000     1520.000000   175.987000    1600.000000   131.871000    9.42834E-03  1.13296E-04  2.539010  9.636830
3  2180.000000   60.726000     1560.000000   155.051000    1640.000000   112.857000    1.66463E-02  1.82054E-04  5.264090  6.686460
3  2180.000000   60.726000     1600.000000   131.871000    1680.000000   114.145000    2.02481E-02  2.16821E-04  6.187640  6.386400
3  2180.000000   60.726000     1640.000000   112.857000    1720.000000   106.756000    1.33062E-02  1.50586E-04  5.797290  6.961980
3  2180.000000   60.726000     1680.000000   114.145000    1760.000000   101.140000    1.56907E-02  1.71600E-04  7.535010  6.374020
3  2180.000000   60.726000     1720.000000   106.756000    1800.000000   104.339000    1.50553E-02  1.70379E-04  8.520750  6.955500
3  2180.000000   60.726000     1760.000000   101.140000    1840.000000   80.146000     1.59253E-02  1.74164E-04  13.251300  6.330890
3  2180.000000   60.726000     960.000000    154.933000    1120.000000   126.923000    4.48890E-03  7.20464E-05  -11.958000  18.618600
3  2180.000000   60.726000     1000.000000   139.164000    1160.000000   133.280000    5.43412E-03  6.99572E-05  43.258700  13.817000
3  2180.000000   60.726000     1040.000000   135.603000    1200.000000   143.288000    7.09156E-03  8.91742E-05  -2.501280  12.240500
3  2180.000000   60.726000     1080.000000   116.772000    1240.000000   143.282000    8.41229E-03  1.01128E-04  3.395780  10.345600
3  2180.000000   60.726000     1120.000000   126.923000    1280.000000   155.645000    1.01058E-02  1.18743E-04  2.359290  9.366920
3  2180.000000   60.726000     1200.000000   143.288000    1360.000000   187.371000    1.00114E-02  1.17601E-04  -0.605027  8.932580
3  2180.000000   60.726000     1240.000000   143.282000    1400.000000   194.951000    1.00044E-02  1.17520E-04  -2.061460  8.708260
3  2180.000000   60.726000     1280.000000   155.645000    1440.000000   204.976000    8.45082E-03  1.01548E-04  -1.082390  9.586290
3  2180.000000   60.726000     1320.000000   173.060000    1480.000000   191.689000    7.60905E-03  9.56549E-05  0.754738  12.114900
3  2180.000000   60.726000     1360.000000   187.371000    1520.000000   175.987000    7.54849E-03  9.48936E-05  0.574222  12.140300
3  2260.000000   42.980000     2120.000000   64.714000     2160.000000   69.496000     9.66743E-02  9.70117E-04  15.669600  2.406380
3  2260.000000   42.980000     2160.000000   69.496000     2200.000000   52.831000     3.07376E-01  3.07982E-03  13.083400  1.550880
3  2260.000000   42.980000     1560.000000   155.051000    1640.000000   112.857000    1.00557E-02  1.18185E-04  -2.717610  12.066100
3  2260.000000   42.980000     1600.000000   131.871000    1680.000000   114.145000    1.20808E-02  1.40707E-04  -1.938920  10.863200
3  2260.000000   42.980000     1640.000000   112.857000    1720.000000   106.756000    7.76264E-03  9.75911E-05  -7.061560  12.119700
3  2260.000000   42.980000     1680.000000   114.145000    1760.000000   101.140000    8.90418E-03  1.07003E-04  -3.726030  9.589700
3  2260.000000   42.980000     1720.000000   106.756000    1800.000000   104.339000    8.45189E-03  1.01567E-04  -3.307910  9.582350
3  2260.000000   42.980000     1760.000000   101.140000    1840.000000   80.146000     8.51286E-03  1.02297E-04  3.281160  9.579290
3  2260.000000   42.980000     1800.000000   104.339000    1880.000000   68.179000     1.30083E-02  1.51436E-04  7.129680  8.369950
3  2260.000000   42.980000     1360.000000   187.371000    1520.000000   175.987000    4.75989E-03  7.63948E-05  -17.488400  18.602500
3  2260.000000   42.980000     1400.000000   194.951000    1560.000000   155.051000    6.14386E-03  7.84761E-05  -15.951200  12.732500
3  2260.000000   42.980000     1440.000000   204.976000    1600.000000   131.871000    7.98294E-03  1.00360E-04  -15.315800  12.205900
3  2340.000000   46.659000     2040.000000   57.680000     2080.000000   61.209000     1.71537E-02  1.87595E-04  16.543500  6.287380
3  2340.000000   46.659000     2120.000000   64.714000     2160.000000   69.496000     2.22555E-02  2.36925E-04  15.412300  6.038240
3  2340.000000   46.659000     2160.000000   69.496000     2200.000000   52.831000     5.34190E-02  5.38218E-04  15.288600  3.397970
3  2340.000000   46.659000     2200.000000   52.831000     2240.000000   43.386000     1.82824E-01  1.83299E-03  10.699500  1.815810
3  2340.000000   46.659000     1760.000000   101.140000    1840.000000   80.146000     4.96445E-03  7.96764E-05  -16.771800  18.567600
3  2340.000000   46.659000     1800.000000   104.339000    1880.000000   68.179000     7.49479E-03  9.42245E-05  -7.999320  12.134000
3  2420.000000   52.025000     2120.000000   64.714000     2160.000000   69.496000     6.41690E-03  8.06681E-05  20.288000  12.118300
3  2420.000000   52.025000     2160.000000   69.496000     2200.000000   52.831000     1.38816E-02  1.57095E-04  14.783700  6.889350
3  2420.000000   52.025000     2200.000000   52.831000     2240.000000   43.386000     4.61041E-02  4.66177E-04  11.174600  3.850830
3  2420.000000   52.025000     2280.000000   43.553000     2320.000000   45.377000     8.64367E-02  8.67824E-04  5.412690  2.592500
3  2420.000000   52.025000     2000.000000   61.720000     2080.000000   61.209000     8.54381E-03  1.02666E-04  8.049350  9.575830
3  2580.000000   52.581000     2280.000000   43.553000     2320.000000   45.377000     1.43148E-02  1.61996E-04  5.395750  6.888840
3  2580.000000   52.581000     2360.000000   47.641000     2400.000000   52.837000     3.12630E-02  3.20386E-04  20.347400  4.512980
3  2580.000000   52.581000     2040.000000   57.680000     2120.000000   64.714000     5.24402E-03  6.70107E-05  -4.334050  13.528600
3  2580.000000   52.581000     2080.000000   61.209000     2160.000000   69.496000     3.13429E-03  5.66786E-05  13.638500  22.810600
3  2740.000000   86.111000     2040.000000   57.680000     2120.000000   64.714000     4.14838E-03  6.67640E-05  -13.399800  20.251000
3  2740.000000   86.111000     2080.000000   61.209000     2160.000000   69.496000     2.22913E-03  5.97768E-05  3.249790  29.851200
