L26 SSIP denoised F1 0.15625 Hz
10.000000
11
0
Type of measurement (0=app. resistivity,1=resistance)
1
2302                
1
1
Phase Angle
mrad
0,0.15625
Error estimate for data present
Type of error estimate (0=same unit as data)
0
3  -20.000000    105.902000    40.000000     108.172000    80.000000     108.382000    6.12429E-02  6.16300E-04  4.229680  3.200350
3  -20.000000    105.902000    80.000000     108.382000    120.000000    102.908000    4.10663E-02  4.15238E-04  3.480640  3.850080
3  -20.000000    105.902000    120.000000    102.908000    160.000000    97.335000     2.98003E-02  3.06144E-04  5.882490  4.569670
3  -20.000000    105.902000    160.000000    97.335000     200.000000    92.851000     2.25447E-02  2.40009E-04  4.985930  6.038470
3  -20.000000    105.902000    200.000000    92.851000     240.000000    92.290000     1.29038E-02  1.50214E-04  8.100230  8.322720
3  -20.000000    105.902000    240.000000    92.290000     280.000000    93.398000     1.29843E-02  1.51157E-04  7.824450  8.323380
3  -20.000000    105.902000    280.000000    93.398000     320.000000    95.039000     1.09548E-02  1.28683E-04  8.261010  8.576460
3  -20.000000    105.902000    1880.000000   68.179000     1920.000000   68.761000     1.25648E-03  5.00572E-05  16.878100  48.651900
3  -20.000000    105.902000    2280.000000   43.553000     2320.000000   45.377000     2.15160E-04  8.57180E-06  11.636000  48.651900
3  -20.000000    105.902000    2360.000000   47.641000     2400.000000   52.837000     2.73890E-04  1.09116E-05  53.596500  48.651900
3  -20.000000    105.902000    320.000000    95.039000     400.000000    101.442000    1.29202E-02  1.50400E-04  0.534808  8.322180
3  -20.000000    105.902000    360.000000    95.756000     440.000000    109.091000    9.80417E-03  1.15166E-04  8.388850  8.576440
3  -20.000000    105.902000    400.000000    101.442000    480.000000    117.202000    8.00544E-03  9.61966E-05  20.811900  9.575480
3  -20.000000    105.902000    440.000000    109.091000    520.000000    118.621000    6.53084E-03  8.21965E-05  11.418200  12.129400
3  -20.000000    105.902000    480.000000    117.202000    560.000000    114.524000    7.02233E-03  8.83788E-05  10.179100  12.128800
3  -20.000000    105.902000    520.000000    118.621000    600.000000    110.348000    6.63194E-03  8.33714E-05  8.970710  12.114100
3  -20.000000    105.902000    560.000000    114.524000    640.000000    121.240000    5.52085E-03  7.05151E-05  10.446500  12.638700
3  -20.000000    105.902000    600.000000    110.348000    680.000000    117.505000    4.53386E-03  7.27657E-05  12.142400  18.562400
3  -20.000000    105.902000    1800.000000   104.339000    1880.000000   68.179000     2.46206E-03  6.60231E-05  16.536500  29.851100
3  -20.000000    105.902000    1840.000000   80.146000     1920.000000   68.761000     2.51836E-03  4.55405E-05  16.691200  22.810200
3  -20.000000    105.902000    2200.000000   52.831000     2280.000000   43.553000     8.91132E-04  3.55020E-05  26.085200  48.651900
3  -20.000000    105.902000    2240.000000   43.386000     2320.000000   45.377000     6.97552E-04  2.77899E-05  22.003500  48.651900
3  -20.000000    105.902000    640.000000    121.240000    800.000000    108.602000    1.18867E-02  1.38370E-04  13.361000  8.322190
3  -20.000000    105.902000    680.000000    117.505000    840.000000    121.214000    1.20571E-02  1.40353E-04  13.033100  8.322150
3  -20.000000    105.902000    720.000000    113.178000    880.000000    124.368000    1.12506E-02  1.32157E-04  12.180400  8.576520
3  -20.000000    105.902000    760.000000    100.356000    920.000000    140.952000    8.91124E-03  1.07081E-04  11.764500  9.575450
3  -20.000000    105.902000    800.000000    108.602000    960.000000    154.933000    7.63660E-03  9.60012E-05  12.145600  12.114100
3  -20.000000    105.902000    840.000000    121.214000    1000.000000   139.164000    6.28659E-03  8.02955E-05  12.544600  12.638600
3  -20.000000    105.902000    880.000000    124.368000    1040.000000   135.603000    5.63670E-03  7.19948E-05  13.545200  12.638600
3  -20.000000    105.902000    920.000000    140.952000    1080.000000   116.772000    4.55556E-03  7.31140E-05  16.887000  18.562400
3  -20.000000    105.902000    960.000000    154.933000    1120.000000   126.923000    4.52426E-03  7.26117E-05  19.686400  18.562400
3  -20.000000    105.902000    1000.000000   139.164000    1160.000000   133.280000    5.37225E-03  6.86176E-05  7.076440  12.638700
3  -20.000000    105.902000    1040.000000   135.603000    1200.000000   143.288000    5.45917E-03  6.97272E-05  24.469500  12.638600
3  -20.000000    105.902000    1080.000000   116.772000    1240.000000   143.282000    5.91482E-03  7.55470E-05  22.931400  12.638600
3  -20.000000    105.902000    1120.000000   126.923000    1280.000000   155.645000    6.03391E-03  7.70681E-05  22.924500  12.638600
3  -20.000000    105.902000    1160.000000   133.280000    1320.000000   173.060000    5.30389E-03  6.77450E-05  37.485300  12.638800
3  -20.000000    105.902000    1200.000000   143.288000    1360.000000   187.371000    4.70862E-03  7.55705E-05  21.492500  18.562400
3  -20.000000    105.902000    1240.000000   143.282000    1400.000000   194.951000    4.32986E-03  6.94917E-05  21.944900  18.562400
3  -20.000000    105.902000    1640.000000   112.857000    1800.000000   104.339000    4.71318E-03  7.56437E-05  16.561000  18.562400
3  -20.000000    105.902000    1680.000000   114.145000    1840.000000   80.146000     4.24625E-03  6.81498E-05  15.859600  18.562400
3  -20.000000    105.902000    1720.000000   106.756000    1880.000000   68.179000     4.60351E-03  7.38836E-05  16.014200  18.562400
3  -20.000000    105.902000    1760.000000   101.140000    1920.000000   68.761000     4.27165E-03  6.85574E-05  16.438200  18.562400
3  -20.000000    105.902000    2040.000000   57.680000     2200.000000   52.831000     1.98407E-03  5.42863E-05  23.807000  30.341600
3  -20.000000    105.902000    2080.000000   61.209000     2240.000000   43.386000     1.37413E-03  3.68686E-05  29.877000  29.864000
3  -20.000000    105.902000    2120.000000   64.714000     2280.000000   43.553000     1.52791E-03  4.16015E-05  27.002800  30.221300
3  -20.000000    105.902000    2160.000000   69.496000     2320.000000   45.377000     1.51377E-03  4.17502E-05  22.283300  30.539400
3  -20.000000    105.902000    1280.000000   155.645000    1600.000000   131.871000    6.48315E-03  8.15010E-05  19.676700  12.114100
3  -20.000000    105.902000    1320.000000   173.060000    1640.000000   112.857000    7.87951E-03  9.90549E-05  18.377700  12.114100
3  -20.000000    105.902000    1360.000000   187.371000    1680.000000   114.145000    8.67068E-03  1.04190E-04  17.998500  9.575450
3  -20.000000    105.902000    1400.000000   194.951000    1720.000000   106.756000    8.80118E-03  1.05758E-04  17.372400  9.575450
3  -20.000000    105.902000    1440.000000   204.976000    1760.000000   101.140000    9.75476E-03  1.14585E-04  16.950000  8.576430
3  -20.000000    105.902000    1480.000000   191.689000    1800.000000   104.339000    9.89445E-03  1.16226E-04  16.781700  8.576430
3  -20.000000    105.902000    1520.000000   175.987000    1840.000000   80.146000     1.04988E-02  1.23325E-04  16.661600  8.576460
3  -20.000000    105.902000    1560.000000   155.051000    1880.000000   68.179000     1.06559E-02  1.25171E-04  15.912100  8.576440
3  -20.000000    105.902000    1600.000000   131.871000    1920.000000   68.761000     1.08025E-02  1.26894E-04  16.518500  8.576560
3  -20.000000    105.902000    2000.000000   61.720000     2320.000000   45.377000     3.22740E-03  5.93609E-05  23.249400  23.056300
3  -320.000000   88.258000     1880.000000   68.179000     1920.000000   68.761000     8.15934E-04  3.25062E-05  22.564100  48.651900
3  -320.000000   88.258000     2280.000000   43.553000     2320.000000   45.377000     1.45500E-04  5.79660E-06  13.726100  48.651900
3  -320.000000   88.258000     2360.000000   47.641000     2400.000000   52.837000     1.83360E-04  7.30492E-06  71.059100  48.651900
3  -320.000000   88.258000     40.000000     108.172000    120.000000    102.908000    2.57154E-03  4.65022E-05  10.040500  22.810200
3  -320.000000   88.258000     80.000000     108.382000    160.000000    97.335000     3.53140E-03  6.38601E-05  13.003300  22.810300
3  -320.000000   88.258000     120.000000    102.908000    200.000000    92.851000     3.60940E-03  6.52702E-05  13.956600  22.810200
3  -320.000000   88.258000     160.000000    97.335000     240.000000    92.290000     3.03051E-03  5.48019E-05  15.234100  22.810200
3  -320.000000   88.258000     200.000000    92.851000     280.000000    93.398000     2.74633E-03  4.96630E-05  16.995200  22.810200
3  -320.000000   88.258000     240.000000    92.290000     320.000000    95.039000     2.90267E-03  5.24901E-05  16.916700  22.810200
3  -320.000000   88.258000     280.000000    93.398000     360.000000    95.756000     2.61020E-03  4.72013E-05  15.393400  22.810200
3  -320.000000   88.258000     320.000000    95.039000     400.000000    101.442000    1.89405E-03  5.08158E-05  36.409600  29.862800
3  -320.000000   88.258000     1800.000000   104.339000    1880.000000   68.179000     1.58313E-03  4.24535E-05  22.830400  29.851100
3  -320.000000   88.258000     1840.000000   80.146000     1920.000000   68.761000     1.62978E-03  4.37045E-05  22.548700  29.851100
3  -320.000000   88.258000     2200.000000   52.831000     2280.000000   43.553000     6.00413E-04  2.39200E-05  39.406000  48.652000
3  -320.000000   88.258000     2240.000000   43.386000     2320.000000   45.377000     4.63283E-04  1.84568E-05  31.436600  48.651900
3  -320.000000   88.258000     360.000000    95.756000     520.000000    118.621000    3.24886E-03  5.87504E-05  21.922200  22.810200
3  -320.000000   88.258000     400.000000    101.442000    560.000000    114.524000    3.46806E-03  6.28551E-05  9.534710  22.842400
3  -320.000000   88.258000     440.000000    109.091000    600.000000    110.348000    3.28179E-03  5.93459E-05  22.513600  22.810200
3  -320.000000   88.258000     480.000000    117.202000    640.000000    121.240000    3.34443E-03  6.04847E-05  21.157900  22.811700
3  -320.000000   88.258000     520.000000    118.621000    680.000000    117.505000    3.17822E-03  5.74816E-05  18.808400  22.812400
3  -320.000000   88.258000     560.000000    114.524000    720.000000    113.178000    3.17693E-03  5.74535E-05  20.673900  22.811100
3  -320.000000   88.258000     600.000000    110.348000    760.000000    100.356000    3.77948E-03  6.06625E-05  19.870500  18.563400
3  -320.000000   88.258000     640.000000    121.240000    800.000000    108.602000    4.12452E-03  6.61961E-05  19.894500  18.562400
3  -320.000000   88.258000     680.000000    117.505000    840.000000    121.214000    4.34918E-03  6.98017E-05  19.624200  18.562400
3  -320.000000   88.258000     720.000000    113.178000    880.000000    124.368000    4.23409E-03  6.79546E-05  19.132000  18.562400
3  -320.000000   88.258000     760.000000    100.356000    920.000000    140.952000    3.54154E-03  6.40431E-05  18.652200  22.810200
3  -320.000000   88.258000     800.000000    108.602000    960.000000    154.933000    3.14290E-03  5.68343E-05  19.162200  22.810200
3  -320.000000   88.258000     840.000000    121.214000    1000.000000   139.164000    2.64335E-03  4.78008E-05  19.765800  22.810200
3  -320.000000   88.258000     880.000000    124.368000    1040.000000   135.603000    2.44523E-03  6.55718E-05  20.885000  29.851100
3  -320.000000   88.258000     920.000000    140.952000    1080.000000   116.772000    2.02765E-03  5.43739E-05  23.948300  29.851100
3  -320.000000   88.258000     960.000000    154.933000    1120.000000   126.923000    2.11973E-03  5.68431E-05  26.672000  29.851100
3  -320.000000   88.258000     1640.000000   112.857000    1800.000000   104.339000    2.96787E-03  5.36692E-05  22.624900  22.810200
3  -320.000000   88.258000     1680.000000   114.145000    1840.000000   80.146000     2.69659E-03  4.87635E-05  22.083100  22.810200
3  -320.000000   88.258000     1720.000000   106.756000    1880.000000   68.179000     2.94319E-03  5.32229E-05  22.320800  22.810200
3  -320.000000   88.258000     1760.000000   101.140000    1920.000000   68.761000     2.75151E-03  4.97567E-05  22.553700  22.810200
3  -320.000000   88.258000     2040.000000   57.680000     2200.000000   52.831000     1.35902E-03  3.64438E-05  29.312200  29.851100
3  -320.000000   88.258000     2080.000000   61.209000     2240.000000   43.386000     9.59639E-04  3.82313E-05  32.883400  48.651900
3  -320.000000   88.258000     2120.000000   64.714000     2280.000000   43.553000     1.05674E-03  4.20997E-05  34.163000  48.651900
3  -320.000000   88.258000     2160.000000   69.496000     2320.000000   45.377000     1.04189E-03  4.15081E-05  31.106500  48.651900
3  -320.000000   88.258000     1000.000000   139.164000    1320.000000   173.060000    5.50655E-03  7.03330E-05  28.519100  12.638700
3  -320.000000   88.258000     1040.000000   135.603000    1360.000000   187.371000    5.37396E-03  6.86389E-05  29.154900  12.638700
3  -320.000000   88.258000     1080.000000   116.772000    1400.000000   194.951000    5.48909E-03  7.01094E-05  28.697300  12.638600
3  -320.000000   88.258000     1120.000000   126.923000    1440.000000   204.976000    5.07300E-03  6.47949E-05  28.437800  12.638600
3  -320.000000   88.258000     1160.000000   133.280000    1480.000000   191.689000    4.44301E-03  7.13076E-05  37.180600  18.562400
3  -320.000000   88.258000     1200.000000   143.288000    1520.000000   175.987000    4.02653E-03  6.46234E-05  26.635000  18.562400
3  -320.000000   88.258000     1240.000000   143.282000    1560.000000   155.051000    4.07338E-03  6.53753E-05  26.964500  18.562400
3  -320.000000   88.258000     1280.000000   155.645000    1600.000000   131.871000    3.81466E-03  6.12230E-05  25.312700  18.562400
3  -320.000000   88.258000     1320.000000   173.060000    1640.000000   112.857000    4.73714E-03  7.60283E-05  24.099300  18.562400
3  -320.000000   88.258000     1360.000000   187.371000    1680.000000   114.145000    5.28068E-03  6.74475E-05  23.737800  12.638600
3  -320.000000   88.258000     1400.000000   194.951000    1720.000000   106.756000    5.40313E-03  6.90115E-05  23.191800  12.638600
3  -320.000000   88.258000     1440.000000   204.976000    1760.000000   101.140000    6.03641E-03  7.71000E-05  22.836100  12.638600
3  -320.000000   88.258000     1480.000000   191.689000    1800.000000   104.339000    6.14293E-03  7.84606E-05  22.752900  12.638600
3  -320.000000   88.258000     1520.000000   175.987000    1840.000000   80.146000     6.55638E-03  8.24216E-05  22.715500  12.114100
3  -320.000000   88.258000     1560.000000   155.051000    1880.000000   68.179000     6.70104E-03  8.42401E-05  22.125700  12.114100
3  -320.000000   88.258000     1600.000000   131.871000    1920.000000   68.761000     6.83524E-03  8.59272E-05  22.572800  12.114100
3  -320.000000   88.258000     2000.000000   61.720000     2320.000000   45.377000     2.19631E-03  5.88967E-05  28.995200  29.851100
3  -480.000000   91.643000     1880.000000   68.179000     1920.000000   68.761000     8.03425E-04  3.20078E-05  17.536300  48.651900
3  -480.000000   91.643000     2280.000000   43.553000     2320.000000   45.377000     1.42567E-04  5.67976E-06  25.526800  48.651900
3  -480.000000   91.643000     2360.000000   47.641000     2400.000000   52.837000     1.80820E-04  7.20372E-06  47.935500  48.651900
3  -480.000000   91.643000     120.000000    102.908000    200.000000    92.851000     1.42504E-03  3.82143E-05  14.828100  29.851200
3  -480.000000   91.643000     160.000000    97.335000     240.000000    92.290000     1.36290E-03  3.65479E-05  16.552000  29.851200
3  -480.000000   91.643000     1800.000000   104.339000    1880.000000   68.179000     1.54780E-03  4.15061E-05  17.721900  29.851100
3  -480.000000   91.643000     1840.000000   80.146000     1920.000000   68.761000     1.60126E-03  4.29397E-05  17.451100  29.851100
3  -480.000000   91.643000     2200.000000   52.831000     2280.000000   43.553000     5.81851E-04  2.31805E-05  37.413600  48.652000
3  -480.000000   91.643000     2240.000000   43.386000     2320.000000   45.377000     4.49086E-04  1.78912E-05  35.750500  48.651900
3  -480.000000   91.643000     200.000000    92.851000     360.000000    95.756000     2.89552E-03  5.23608E-05  17.711000  22.810200
3  -480.000000   91.643000     240.000000    92.290000     400.000000    101.442000    2.67775E-03  4.84386E-05  36.063600  22.814900
3  -480.000000   91.643000     280.000000    93.398000     440.000000    109.091000    2.64396E-03  4.78147E-05  17.137400  22.811100
3  -480.000000   91.643000     320.000000    95.039000     480.000000    117.202000    2.32585E-03  6.23716E-05  18.995300  29.851600
3  -480.000000   91.643000     360.000000    95.756000     520.000000    118.621000    2.24026E-03  6.00753E-05  25.080500  29.851100
3  -480.000000   91.643000     440.000000    109.091000    600.000000    110.348000    2.48945E-03  4.50177E-05  25.172200  22.810200
3  -480.000000   91.643000     480.000000    117.202000    640.000000    121.240000    2.58588E-03  4.67643E-05  23.500400  22.811100
3  -480.000000   91.643000     520.000000    118.621000    680.000000    117.505000    2.49956E-03  4.52073E-05  18.374400  22.812300
3  -480.000000   91.643000     560.000000    114.524000    720.000000    113.178000    2.54605E-03  4.60417E-05  20.638900  22.810400
3  -480.000000   91.643000     600.000000    110.348000    760.000000    100.356000    3.08819E-03  5.58493E-05  19.366400  22.811300
3  -480.000000   91.643000     640.000000    121.240000    800.000000    108.602000    3.41050E-03  6.16755E-05  18.248500  22.810700
3  -480.000000   91.643000     680.000000    117.505000    840.000000    121.214000    3.62601E-03  6.55731E-05  19.317300  22.810800
3  -480.000000   91.643000     720.000000    113.178000    880.000000    124.368000    3.55885E-03  6.43582E-05  16.754500  22.810700
3  -480.000000   91.643000     760.000000    100.356000    920.000000    140.952000    3.00746E-03  5.43851E-05  16.474800  22.810200
3  -480.000000   91.643000     800.000000    108.602000    960.000000    154.933000    2.69603E-03  4.87537E-05  17.894900  22.810300
3  -480.000000   91.643000     1640.000000   112.857000    1800.000000   104.339000    2.89100E-03  5.22791E-05  17.673700  22.810200
3  -480.000000   91.643000     1680.000000   114.145000    1840.000000   80.146000     2.62977E-03  4.75552E-05  17.124600  22.810200
3  -480.000000   91.643000     1720.000000   106.756000    1880.000000   68.179000     2.87259E-03  5.19462E-05  17.394300  22.810200
3  -480.000000   91.643000     1760.000000   101.140000    1920.000000   68.761000     2.69572E-03  4.87478E-05  17.441500  22.810200
3  -480.000000   91.643000     2040.000000   57.680000     2200.000000   52.831000     1.34282E-03  5.34970E-05  23.907400  48.652000
3  -480.000000   91.643000     2080.000000   61.209000     2240.000000   43.386000     9.48762E-04  3.77979E-05  32.422900  48.651900
3  -480.000000   91.643000     2120.000000   64.714000     2280.000000   43.553000     1.03680E-03  4.13053E-05  31.523200  48.651900
3  -480.000000   91.643000     2160.000000   69.496000     2320.000000   45.377000     1.01992E-03  4.06328E-05  29.898800  48.651900
3  -480.000000   91.643000     840.000000    121.214000    1160.000000   133.280000    4.67619E-03  7.50500E-05  13.838100  18.562400
3  -480.000000   91.643000     880.000000    124.368000    1200.000000   143.288000    4.68374E-03  7.51712E-05  24.496900  18.562400
3  -480.000000   91.643000     920.000000    140.952000    1240.000000   143.282000    4.61635E-03  7.40896E-05  25.354800  18.562400
3  -480.000000   91.643000     960.000000    154.933000    1280.000000   155.645000    4.89445E-03  7.85530E-05  25.839300  18.562400
3  -480.000000   91.643000     1000.000000   139.164000    1320.000000   173.060000    5.06382E-03  6.46781E-05  26.242600  12.638800
3  -480.000000   91.643000     1040.000000   135.603000    1360.000000   187.371000    4.98633E-03  8.00276E-05  26.277200  18.562400
3  -480.000000   91.643000     1080.000000   116.772000    1400.000000   194.951000    5.10836E-03  6.52470E-05  24.142500  12.638700
3  -480.000000   91.643000     1120.000000   126.923000    1440.000000   204.976000    4.74855E-03  7.62114E-05  24.986900  18.562400
3  -480.000000   91.643000     1160.000000   133.280000    1480.000000   191.689000    4.18137E-03  6.71085E-05  33.150000  18.562400
3  -480.000000   91.643000     1200.000000   143.288000    1520.000000   175.987000    3.81098E-03  6.11639E-05  22.989900  18.562400
3  -480.000000   91.643000     1240.000000   143.282000    1560.000000   155.051000    3.87676E-03  6.22197E-05  24.037500  18.562400
3  -480.000000   91.643000     1280.000000   155.645000    1600.000000   131.871000    3.64937E-03  6.59930E-05  20.394300  22.810200
3  -480.000000   91.643000     1320.000000   173.060000    1640.000000   112.857000    4.55600E-03  7.31211E-05  19.030000  18.562400
3  -480.000000   91.643000     1360.000000   187.371000    1680.000000   114.145000    5.09820E-03  6.51168E-05  19.124500  12.638600
3  -480.000000   91.643000     1400.000000   194.951000    1720.000000   106.756000    5.23133E-03  6.68172E-05  18.173200  12.638600
3  -480.000000   91.643000     1440.000000   204.976000    1760.000000   101.140000    5.85002E-03  7.47194E-05  18.047300  12.638600
3  -480.000000   91.643000     1480.000000   191.689000    1800.000000   104.339000    5.95745E-03  7.60915E-05  17.907200  12.638600
3  -480.000000   91.643000     1520.000000   175.987000    1840.000000   80.146000     6.36506E-03  8.12977E-05  17.845200  12.638600
3  -480.000000   91.643000     1560.000000   155.051000    1880.000000   68.179000     6.51735E-03  8.19309E-05  16.369700  12.114100
3  -480.000000   91.643000     1600.000000   131.871000    1920.000000   68.761000     6.66337E-03  8.37666E-05  17.701400  12.114100
3  -480.000000   91.643000     2000.000000   61.720000     2320.000000   45.377000     2.15749E-03  5.78559E-05  28.452600  29.851200
3  -640.000000   99.369000     1880.000000   68.179000     1920.000000   68.761000     7.48459E-04  2.98180E-05  12.035900  48.651900
3  -640.000000   99.369000     2280.000000   43.553000     2320.000000   45.377000     1.32168E-04  5.26547E-06  16.848300  48.651900
3  -640.000000   99.369000     2360.000000   47.641000     2400.000000   52.837000     1.69680E-04  6.75992E-06  62.191300  48.651900
3  -640.000000   99.369000     1800.000000   104.339000    1880.000000   68.179000     1.43446E-03  3.84668E-05  12.907200  29.851100
3  -640.000000   99.369000     1840.000000   80.146000     1920.000000   68.761000     1.48933E-03  3.99382E-05  12.250400  29.851100
3  -640.000000   99.369000     2200.000000   52.831000     2280.000000   43.553000     5.34570E-04  2.12969E-05  28.033800  48.652100
3  -640.000000   99.369000     2240.000000   43.386000     2320.000000   45.377000     4.12416E-04  1.64303E-05  24.382900  48.651900
3  -640.000000   99.369000     120.000000    102.908000    280.000000    93.398000     1.53906E-03  4.35037E-05  26.384600  31.160400
3  -640.000000   99.369000     160.000000    97.335000     320.000000    95.039000     1.78576E-03  4.78873E-05  19.317200  29.851200
3  -640.000000   99.369000     200.000000    92.851000     360.000000    95.756000     1.87956E-03  5.04102E-05  17.883800  29.854700
3  -640.000000   99.369000     240.000000    92.290000     400.000000    101.442000    1.75574E-03  4.71225E-05  51.560800  29.871700
3  -640.000000   99.369000     280.000000    93.398000     440.000000    109.091000    1.85160E-03  4.96808E-05  18.242800  29.864700
3  -640.000000   99.369000     320.000000    95.039000     480.000000    117.202000    1.69104E-03  4.53664E-05  20.592700  29.861300
3  -640.000000   99.369000     360.000000    95.756000     520.000000    118.621000    1.69189E-03  4.53702E-05  28.471400  29.851200
3  -640.000000   99.369000     440.000000    109.091000    600.000000    110.348000    1.97661E-03  5.30054E-05  26.212900  29.851200
3  -640.000000   99.369000     480.000000    117.202000    640.000000    121.240000    2.07208E-03  5.55732E-05  24.429700  29.854500
3  -640.000000   99.369000     520.000000    118.621000    680.000000    117.505000    2.02216E-03  5.42450E-05  18.305900  29.859300
3  -640.000000   99.369000     560.000000    114.524000    720.000000    113.178000    2.08009E-03  5.57834E-05  20.155600  29.852600
3  -640.000000   99.369000     600.000000    110.348000    760.000000    100.356000    2.55123E-03  4.61431E-05  18.564700  22.812700
3  -640.000000   99.369000     640.000000    121.240000    800.000000    108.602000    2.83512E-03  5.12689E-05  17.100600  22.810300
3  -640.000000   99.369000     1640.000000   112.857000    1800.000000   104.339000    2.67144E-03  4.83087E-05  12.687600  22.810200
3  -640.000000   99.369000     1680.000000   114.145000    1840.000000   80.146000     2.43222E-03  6.52229E-05  12.184500  29.851100
3  -640.000000   99.369000     1720.000000   106.756000    1880.000000   68.179000     2.65854E-03  4.80754E-05  12.372600  22.810200
3  -640.000000   99.369000     1760.000000   101.140000    1920.000000   68.761000     2.50196E-03  4.52439E-05  12.342000  22.810200
3  -640.000000   99.369000     2040.000000   57.680000     2200.000000   52.831000     1.25571E-03  5.00265E-05  19.859000  48.651900
3  -640.000000   99.369000     2080.000000   61.209000     2240.000000   43.386000     8.87108E-04  3.53417E-05  24.715100  48.651900
3  -640.000000   99.369000     2120.000000   64.714000     2280.000000   43.553000     9.63676E-04  3.83921E-05  25.002900  48.652000
3  -640.000000   99.369000     2160.000000   69.496000     2320.000000   45.377000     9.46094E-04  3.76916E-05  23.292700  48.652000
3  -640.000000   99.369000     680.000000    117.505000    1000.000000   139.164000    4.99964E-03  8.02422E-05  16.602700  18.562600
3  -640.000000   99.369000     720.000000    113.178000    1040.000000   135.603000    4.82791E-03  7.74855E-05  15.944900  18.562500
3  -640.000000   99.369000     760.000000    100.356000    1080.000000   116.772000    4.09025E-03  6.56465E-05  17.260700  18.562500
3  -640.000000   99.369000     800.000000    108.602000    1120.000000   126.923000    3.95981E-03  6.35526E-05  18.114200  18.562400
3  -640.000000   99.369000     840.000000    121.214000    1160.000000   133.280000    4.05126E-03  6.50203E-05  11.162900  18.562400
3  -640.000000   99.369000     880.000000    124.368000    1200.000000   143.288000    4.08850E-03  6.56180E-05  21.468800  18.562400
3  -640.000000   99.369000     920.000000    140.952000    1240.000000   143.282000    4.05489E-03  6.50786E-05  22.092300  18.562400
3  -640.000000   99.369000     960.000000    154.933000    1280.000000   155.645000    4.33311E-03  6.95438E-05  22.391400  18.562400
3  -640.000000   99.369000     1000.000000   139.164000    1320.000000   173.060000    4.48747E-03  7.20212E-05  22.395300  18.562400
3  -640.000000   99.369000     1040.000000   135.603000    1360.000000   187.371000    4.44483E-03  7.13369E-05  22.661300  18.562400
3  -640.000000   99.369000     1080.000000   116.772000    1400.000000   194.951000    4.56400E-03  7.32495E-05  21.333000  18.562400
3  -640.000000   99.369000     1120.000000   126.923000    1440.000000   204.976000    4.25943E-03  6.83613E-05  21.207000  18.562400
3  -640.000000   99.369000     1160.000000   133.280000    1480.000000   191.689000    3.76561E-03  6.04358E-05  29.244600  18.562400
3  -640.000000   99.369000     1200.000000   143.288000    1520.000000   175.987000    3.44648E-03  6.23241E-05  18.765500  22.810200
3  -640.000000   99.369000     1240.000000   143.282000    1560.000000   155.051000    3.52016E-03  6.36565E-05  19.617900  22.810200
3  -640.000000   99.369000     1280.000000   155.645000    1600.000000   131.871000    3.32792E-03  6.01801E-05  16.224700  22.810200
3  -640.000000   99.369000     1320.000000   173.060000    1640.000000   112.857000    4.17128E-03  6.69465E-05  14.734500  18.562400
3  -640.000000   99.369000     1360.000000   187.371000    1680.000000   114.145000    4.68025E-03  7.51152E-05  14.382600  18.562400
3  -640.000000   99.369000     1400.000000   194.951000    1720.000000   106.756000    4.81291E-03  7.72443E-05  13.579600  18.562400
3  -640.000000   99.369000     1440.000000   204.976000    1760.000000   101.140000    5.38593E-03  6.87918E-05  13.259200  12.638600
3  -640.000000   99.369000     1480.000000   191.689000    1800.000000   104.339000    5.48766E-03  7.00911E-05  13.061100  12.638600
3  -640.000000   99.369000     1520.000000   175.987000    1840.000000   80.146000     5.86785E-03  7.49471E-05  13.036300  12.638600
3  -640.000000   99.369000     1560.000000   155.051000    1880.000000   68.179000     6.01706E-03  7.68529E-05  11.649300  12.638600
3  -640.000000   99.369000     1600.000000   131.871000    1920.000000   68.761000     6.16139E-03  7.86964E-05  12.690200  12.638600
3  -640.000000   99.369000     2000.000000   61.720000     2320.000000   45.377000     2.00520E-03  5.37720E-05  22.161400  29.851200
3  60.000000     109.549000    120.000000    102.908000    160.000000    97.335000     8.73578E-02  8.77072E-04  5.698560  2.592470
3  60.000000     109.549000    160.000000    97.335000     200.000000    92.851000     5.29193E-02  5.33183E-04  4.476690  3.397770
3  60.000000     109.549000    200.000000    92.851000     240.000000    92.290000     2.61696E-02  2.71353E-04  7.847350  5.072300
3  60.000000     109.549000    240.000000    92.290000     280.000000    93.398000     2.44270E-02  2.53284E-04  6.858760  5.072280
3  60.000000     109.549000    280.000000    93.398000     320.000000    95.039000     1.96470E-02  2.10372E-04  7.728660  5.990330
3  60.000000     109.549000    320.000000    95.039000     360.000000    95.756000     1.38349E-02  1.56565E-04  6.664590  6.887860
3  60.000000     109.549000    360.000000    95.756000     400.000000    101.442000    8.11928E-03  9.75824E-05  -14.991300  9.578230
3  60.000000     109.549000    1880.000000   68.179000     1920.000000   68.761000     1.63910E-03  4.39544E-05  11.333200  29.851100
3  60.000000     109.549000    2280.000000   43.553000     2320.000000   45.377000     2.78458E-04  1.10935E-05  18.774900  48.651900
3  60.000000     109.549000    2360.000000   47.641000     2400.000000   52.837000     3.51530E-04  1.40047E-05  44.197400  48.651900
3  60.000000     109.549000    400.000000    101.442000    480.000000    117.202000    1.28261E-02  1.49305E-04  22.357900  8.322160
3  60.000000     109.549000    440.000000    109.091000    520.000000    118.621000    1.02969E-02  1.20954E-04  8.582960  8.576440
3  60.000000     109.549000    480.000000    117.202000    560.000000    114.524000    1.09012E-02  1.28052E-04  7.353190  8.576450
3  60.000000     109.549000    520.000000    118.621000    600.000000    110.348000    1.01795E-02  1.19576E-04  7.422290  8.576590
3  60.000000     109.549000    560.000000    114.524000    640.000000    121.240000    8.33842E-03  1.00198E-04  8.833130  9.575460
3  60.000000     109.549000    600.000000    110.348000    680.000000    117.505000    6.74093E-03  8.47416E-05  10.689800  12.114100
3  60.000000     109.549000    640.000000    121.240000    720.000000    113.178000    7.18471E-03  9.03204E-05  12.981500  12.114100
3  60.000000     109.549000    680.000000    117.505000    760.000000    100.356000    1.01628E-02  1.19379E-04  12.208600  8.576460
3  60.000000     109.549000    1800.000000   104.339000    1880.000000   68.179000     3.21320E-03  5.81056E-05  11.104800  22.810200
3  60.000000     109.549000    1840.000000   80.146000     1920.000000   68.761000     3.28610E-03  5.94239E-05  11.148700  22.810200
3  60.000000     109.549000    2200.000000   52.831000     2280.000000   43.553000     1.15118E-03  4.58621E-05  20.435900  48.651900
3  60.000000     109.549000    2240.000000   43.386000     2320.000000   45.377000     9.06107E-04  3.60986E-05  19.026700  48.651900
3  60.000000     109.549000    720.000000    113.178000    880.000000    124.368000    1.60787E-02  1.75838E-04  10.460500  6.286860
3  60.000000     109.549000    760.000000    100.356000    920.000000    140.952000    1.25715E-02  1.46341E-04  9.830600  8.322240
3  60.000000     109.549000    800.000000    108.602000    960.000000    154.933000    1.07134E-02  1.25847E-04  9.903920  8.576530
3  60.000000     109.549000    840.000000    121.214000    1000.000000   139.164000    8.82701E-03  1.06069E-04  10.313500  9.575450
3  60.000000     109.549000    880.000000    124.368000    1040.000000   135.603000    7.86607E-03  9.88859E-05  10.969800  12.114100
3  60.000000     109.549000    920.000000    140.952000    1080.000000   116.772000    6.33808E-03  8.09531E-05  13.451600  12.638600
3  60.000000     109.549000    960.000000    154.933000    1120.000000   126.923000    6.25631E-03  7.99087E-05  16.752000  12.638600
3  60.000000     109.549000    1000.000000   139.164000    1160.000000   133.280000    7.34057E-03  9.22805E-05  4.230680  12.114300
3  60.000000     109.549000    1040.000000   135.603000    1200.000000   143.288000    7.43768E-03  9.35006E-05  21.253000  12.114100
3  60.000000     109.549000    1080.000000   116.772000    1240.000000   143.282000    8.02812E-03  9.64691E-05  20.132900  9.575460
3  60.000000     109.549000    1120.000000   126.923000    1280.000000   155.645000    8.15211E-03  9.79590E-05  19.432200  9.575450
3  60.000000     109.549000    1160.000000   133.280000    1320.000000   173.060000    7.14019E-03  8.97615E-05  33.911000  12.114300
3  60.000000     109.549000    1200.000000   143.288000    1360.000000   187.371000    6.32079E-03  8.07323E-05  17.745800  12.638600
3  60.000000     109.549000    1240.000000   143.282000    1400.000000   194.951000    5.79961E-03  7.40755E-05  18.221800  12.638600
3  60.000000     109.549000    1280.000000   155.645000    1440.000000   204.976000    4.35306E-03  6.98640E-05  17.961700  18.562400
3  60.000000     109.549000    1320.000000   173.060000    1480.000000   191.689000    3.59720E-03  6.50496E-05  17.327400  22.810200
3  60.000000     109.549000    1640.000000   112.857000    1800.000000   104.339000    6.18120E-03  7.89494E-05  11.482200  12.638600
3  60.000000     109.549000    1680.000000   114.145000    1840.000000   80.146000     5.55750E-03  7.09832E-05  10.661100  12.638600
3  60.000000     109.549000    1720.000000   106.756000    1880.000000   68.179000     6.01451E-03  7.68203E-05  10.728900  12.638600
3  60.000000     109.549000    1760.000000   101.140000    1920.000000   68.761000     5.57610E-03  7.12207E-05  11.013200  12.638600
3  60.000000     109.549000    2040.000000   57.680000     2200.000000   52.831000     2.55038E-03  4.61195E-05  16.261300  22.810200
3  60.000000     109.549000    2080.000000   61.209000     2240.000000   43.386000     1.75714E-03  4.71493E-05  24.604200  29.866200
3  60.000000     109.549000    2120.000000   64.714000     2280.000000   43.553000     1.95954E-03  5.25727E-05  19.439500  29.862700
3  60.000000     109.549000    2160.000000   69.496000     2320.000000   45.377000     1.94592E-03  5.21822E-05  17.420500  29.851100
3  60.000000     109.549000    1360.000000   187.371000    1680.000000   114.145000    1.14433E-02  1.33208E-04  13.369100  8.322180
3  60.000000     109.549000    1400.000000   194.951000    1720.000000   106.756000    1.16017E-02  1.35052E-04  12.661400  8.322190
3  60.000000     109.549000    1440.000000   204.976000    1760.000000   101.140000    1.28329E-02  1.49384E-04  12.097800  8.322150
3  60.000000     109.549000    1480.000000   191.689000    1800.000000   104.339000    1.30075E-02  1.51416E-04  11.905200  8.322230
3  60.000000     109.549000    1520.000000   175.987000    1840.000000   80.146000     1.37844E-02  1.55995E-04  11.700000  6.887910
3  60.000000     109.549000    1560.000000   155.051000    1880.000000   68.179000     1.39733E-02  1.58133E-04  11.173400  6.887890
3  60.000000     109.549000    1600.000000   131.871000    1920.000000   68.761000     1.41501E-02  1.60132E-04  11.364400  6.887860
3  60.000000     109.549000    2000.000000   61.720000     2320.000000   45.377000     4.15554E-03  6.67579E-05  16.826400  18.575700
3  140.000000    101.518000    0.000000      105.852000    40.000000     108.172000    7.64480E-02  7.68157E-04  8.714150  2.813410
3  140.000000    101.518000    40.000000     108.172000    80.000000     108.382000    1.02168E-01  1.02525E-03  4.832260  2.340720
3  140.000000    101.518000    200.000000    92.851000     240.000000    92.290000     7.03378E-02  7.06768E-04  7.151170  2.813470
3  140.000000    101.518000    240.000000    92.290000     280.000000    93.398000     5.39258E-02  5.43324E-04  6.096610  3.397790
3  140.000000    101.518000    280.000000    93.398000     320.000000    95.039000     3.86536E-02  3.92879E-04  7.094430  4.112080
3  140.000000    101.518000    320.000000    95.039000     360.000000    95.756000     2.56022E-02  2.65472E-04  7.129230  5.072500
3  140.000000    101.518000    360.000000    95.756000     400.000000    101.442000    1.42593E-02  1.61390E-04  -18.730700  6.890180
3  140.000000    101.518000    400.000000    101.442000    440.000000    109.091000    1.24816E-02  1.45303E-04  39.271100  8.323220
3  140.000000    101.518000    440.000000    109.091000    480.000000    117.202000    7.45133E-03  9.36736E-05  9.338740  12.114400
3  140.000000    101.518000    1880.000000   68.179000     1920.000000   68.761000     2.30448E-03  6.21468E-05  89.695500  29.987300
3  140.000000    101.518000    2280.000000   43.553000     2320.000000   45.377000     3.23667E-04  1.28946E-05  32.609100  48.651900
3  140.000000    101.518000    2360.000000   47.641000     2400.000000   52.837000     4.06620E-04  1.61994E-05  58.294600  48.651900
3  140.000000    101.518000    480.000000    117.202000    560.000000    114.524000    1.56151E-02  1.70773E-04  7.452840  6.287300
3  140.000000    101.518000    520.000000    118.621000    600.000000    110.348000    1.42872E-02  1.61685E-04  7.796920  6.887880
3  140.000000    101.518000    560.000000    114.524000    640.000000    121.240000    1.15452E-02  1.34394E-04  9.262190  8.322210
3  140.000000    101.518000    600.000000    110.348000    680.000000    117.505000    9.21658E-03  1.10750E-04  11.614400  9.575520
3  140.000000    101.518000    640.000000    121.240000    720.000000    113.178000    9.66921E-03  1.13581E-04  14.188600  8.576550
3  140.000000    101.518000    680.000000    117.505000    760.000000    100.356000    1.35214E-02  1.53022E-04  13.719700  6.888230
3  140.000000    101.518000    720.000000    113.178000    800.000000    108.602000    1.33539E-02  1.51127E-04  12.873800  6.888520
3  140.000000    101.518000    760.000000    100.356000    840.000000    121.214000    9.49728E-03  1.14124E-04  12.663700  9.575640
3  140.000000    101.518000    1840.000000   80.146000     1920.000000   68.761000     3.84285E-03  6.16754E-05  19.169800  18.562400
3  140.000000    101.518000    2200.000000   52.831000     2280.000000   43.553000     1.34222E-03  5.34895E-05  39.523300  48.662000
3  140.000000    101.518000    2240.000000   43.386000     2320.000000   45.377000     1.05812E-03  4.21547E-05  37.673200  48.652000
3  140.000000    101.518000    800.000000    108.602000    960.000000    154.933000    1.39040E-02  1.57352E-04  13.661500  6.888220
3  140.000000    101.518000    840.000000    121.214000    1000.000000   139.164000    1.13508E-02  1.33333E-04  14.053700  8.576460
3  140.000000    101.518000    880.000000    124.368000    1040.000000   135.603000    1.00634E-02  1.18213E-04  15.550100  8.576660
3  140.000000    101.518000    920.000000    140.952000    1080.000000   116.772000    8.05605E-03  9.68055E-05  18.591200  9.575630
3  140.000000    101.518000    960.000000    154.933000    1120.000000   126.923000    7.86788E-03  9.89103E-05  23.100500  12.114300
3  140.000000    101.518000    1000.000000   139.164000    1160.000000   133.280000    9.22305E-03  1.10829E-04  13.205600  9.575560
3  140.000000    101.518000    1040.000000   135.603000    1200.000000   143.288000    9.25841E-03  1.11263E-04  29.796700  9.576860
3  140.000000    101.518000    1080.000000   116.772000    1240.000000   143.282000    9.96536E-03  1.17067E-04  29.177800  8.577530
3  140.000000    101.518000    1120.000000   126.923000    1280.000000   155.645000    1.00638E-02  1.18223E-04  29.233300  8.577500
3  140.000000    101.518000    1160.000000   133.280000    1320.000000   173.060000    8.77800E-03  1.05522E-04  43.383500  9.581440
3  140.000000    101.518000    1200.000000   143.288000    1360.000000   187.371000    7.73946E-03  9.72966E-05  28.675800  12.114400
3  140.000000    101.518000    1240.000000   143.282000    1400.000000   194.951000    7.07978E-03  8.90035E-05  29.563200  12.114400
3  140.000000    101.518000    1280.000000   155.645000    1440.000000   204.976000    5.28984E-03  6.75650E-05  29.709600  12.638700
3  140.000000    101.518000    1320.000000   173.060000    1480.000000   191.689000    4.35568E-03  6.99061E-05  29.385000  18.562400
3  140.000000    101.518000    1360.000000   187.371000    1520.000000   175.987000    3.87896E-03  6.22550E-05  28.289500  18.562400
3  140.000000    101.518000    1400.000000   194.951000    1560.000000   155.051000    4.37456E-03  7.02427E-05  28.552000  18.569100
3  140.000000    101.518000    1640.000000   112.857000    1800.000000   104.339000    7.28142E-03  9.15362E-05  19.955000  12.114100
3  140.000000    101.518000    1680.000000   114.145000    1840.000000   80.146000     6.53885E-03  8.22012E-05  19.482800  12.114100
3  140.000000    101.518000    1720.000000   106.756000    1880.000000   68.179000     6.68548E-03  8.40478E-05  -4.706080  12.114600
3  140.000000    101.518000    1760.000000   101.140000    1920.000000   68.761000     6.53467E-03  8.21486E-05  19.475100  12.114100
3  140.000000    101.518000    2040.000000   57.680000     2200.000000   52.831000     2.95854E-03  5.35005E-05  27.847000  22.810200
3  140.000000    101.518000    2080.000000   61.209000     2240.000000   43.386000     2.03327E-03  5.45246E-05  32.977400  29.851100
3  140.000000    101.518000    2120.000000   64.714000     2280.000000   43.553000     2.27540E-03  6.10221E-05  35.845800  29.852900
3  140.000000    101.518000    2160.000000   69.496000     2320.000000   45.377000     2.26115E-03  6.06357E-05  35.024700  29.851200
3  140.000000    101.518000    1440.000000   204.976000    1760.000000   101.140000    1.52124E-02  1.76160E-04  21.807200  7.312290
3  140.000000    101.518000    1480.000000   191.689000    1800.000000   104.339000    1.54020E-02  1.71092E-04  21.366300  6.581890
3  140.000000    101.518000    1520.000000   175.987000    1840.000000   80.146000     1.62950E-02  1.79276E-04  20.975100  6.400560
3  140.000000    101.518000    1560.000000   155.051000    1880.000000   68.179000     1.60906E-02  1.75975E-04  9.664230  6.287490
3  140.000000    101.518000    1600.000000   131.871000    1920.000000   68.761000     1.66550E-02  1.82141E-04  19.888500  6.286820
3  140.000000    101.518000    2000.000000   61.720000     2320.000000   45.377000     4.82950E-03  7.75352E-05  32.163100  18.566800
3  225.000000    93.157000     0.000000      105.852000    40.000000     108.172000    3.68439E-02  3.74485E-04  8.910320  4.112050
3  225.000000    93.157000     40.000000     108.172000    80.000000     108.382000    3.45629E-02  3.51301E-04  6.993350  4.112040
3  225.000000    93.157000     80.000000     108.382000    120.000000    102.908000    6.40376E-02  6.44366E-04  8.990210  3.197480
3  225.000000    93.157000     120.000000    102.908000    160.000000    97.335000     1.04963E-01  1.05649E-03  5.392250  2.468100
3  225.000000    93.157000     320.000000    95.039000     360.000000    95.756000     7.27544E-02  7.31058E-04  8.398400  2.814100
3  225.000000    93.157000     360.000000    95.756000     400.000000    101.442000    3.46128E-02  3.51822E-04  -10.699600  4.112940
3  225.000000    93.157000     400.000000    101.442000    440.000000    109.091000    2.53505E-02  2.62864E-04  40.228200  5.072790
3  225.000000    93.157000     440.000000    109.091000    480.000000    117.202000    1.36526E-02  1.54504E-04  10.022700  6.887930
3  225.000000    93.157000     480.000000    117.202000    520.000000    118.621000    1.33465E-02  1.51040E-04  8.490670  6.887960
3  225.000000    93.157000     520.000000    118.621000    560.000000    114.524000    1.28551E-02  1.49645E-04  8.474550  8.322470
3  225.000000    93.157000     1880.000000   68.179000     1920.000000   68.761000     2.47406E-03  6.63454E-05  64.671900  29.851300
3  225.000000    93.157000     2280.000000   43.553000     2320.000000   45.377000     3.86809E-04  1.54102E-05  81.593900  48.651900
3  225.000000    93.157000     560.000000    114.524000    640.000000    121.240000    1.79663E-02  1.92385E-04  10.341600  5.991190
3  225.000000    93.157000     600.000000    110.348000    680.000000    117.505000    1.39632E-02  1.58020E-04  13.209700  6.888180
3  225.000000    93.157000     640.000000    121.240000    720.000000    113.178000    1.42376E-02  1.61131E-04  16.018600  6.888700
3  225.000000    93.157000     680.000000    117.505000    760.000000    100.356000    1.94840E-02  2.08654E-04  15.543000  5.992820
3  225.000000    93.157000     720.000000    113.178000    800.000000    108.602000    1.89453E-02  2.02883E-04  14.800500  5.992670
3  225.000000    93.157000     760.000000    100.356000    840.000000    121.214000    1.32850E-02  1.50361E-04  14.586700  6.890010
3  225.000000    93.157000     800.000000    108.602000    880.000000    124.368000    1.07802E-02  1.26647E-04  15.195200  8.578390
3  225.000000    93.157000     840.000000    121.214000    920.000000    140.952000    9.48300E-03  1.13963E-04  15.854300  9.576980
3  225.000000    93.157000     1800.000000   104.339000    1880.000000   68.179000     4.48420E-03  7.19687E-05  29.643100  18.562400
3  225.000000    93.157000     1840.000000   80.146000     1920.000000   68.761000     4.69503E-03  7.53529E-05  41.061400  18.562500
3  225.000000    93.157000     2240.000000   43.386000     2320.000000   45.377000     1.26497E-03  5.03958E-05  80.620400  48.652100
3  225.000000    93.157000     880.000000    124.368000    1040.000000   135.603000    1.35016E-02  1.52817E-04  17.903200  6.890530
3  225.000000    93.157000     920.000000    140.952000    1080.000000   116.772000    1.07056E-02  1.25765E-04  20.614100  8.577770
3  225.000000    93.157000     960.000000    154.933000    1120.000000   126.923000    1.02935E-02  1.20924E-04  25.910300  8.577710
3  225.000000    93.157000     1000.000000   139.164000    1160.000000   133.280000    1.20571E-02  1.40366E-04  18.267100  8.323720
3  225.000000    93.157000     1040.000000   135.603000    1200.000000   143.288000    1.19183E-02  1.38827E-04  33.283400  8.332740
3  225.000000    93.157000     1080.000000   116.772000    1240.000000   143.282000    1.27765E-02  1.48808E-04  33.309900  8.330970
3  225.000000    93.157000     1120.000000   126.923000    1280.000000   155.645000    1.28048E-02  1.49200E-04  33.857700  8.337840
3  225.000000    93.157000     1160.000000   133.280000    1320.000000   173.060000    1.10774E-02  1.30172E-04  46.741200  8.582590
3  225.000000    93.157000     1200.000000   143.288000    1360.000000   187.371000    9.74304E-03  1.14491E-04  34.761900  8.582560
3  225.000000    93.157000     1240.000000   143.282000    1400.000000   194.951000    8.87970E-03  1.06753E-04  36.462800  9.582670
3  225.000000    93.157000     1280.000000   155.645000    1440.000000   204.976000    6.60054E-03  8.29826E-05  37.500800  12.115000
3  225.000000    93.157000     1320.000000   173.060000    1480.000000   191.689000    5.40878E-03  6.90869E-05  37.891000  12.639200
3  225.000000    93.157000     1360.000000   187.371000    1520.000000   175.987000    4.79045E-03  7.68858E-05  37.469900  18.562700
3  225.000000    93.157000     1400.000000   194.951000    1560.000000   155.051000    5.37568E-03  6.86657E-05  37.858600  12.639600
3  225.000000    93.157000     1440.000000   204.976000    1600.000000   131.871000    6.27976E-03  8.02139E-05  38.405600  12.639500
3  225.000000    93.157000     1480.000000   191.689000    1640.000000   112.857000    1.00233E-02  1.17752E-04  38.948800  8.578070
3  225.000000    93.157000     1640.000000   112.857000    1800.000000   104.339000    8.96805E-03  1.07765E-04  40.101600  9.575740
3  225.000000    93.157000     1680.000000   114.145000    1840.000000   80.146000     8.03824E-03  9.65915E-05  40.807600  9.575620
3  225.000000    93.157000     1720.000000   106.756000    1880.000000   68.179000     8.54233E-03  1.02648E-04  34.841800  9.575510
3  225.000000    93.157000     1760.000000   101.140000    1920.000000   68.761000     8.00357E-03  9.61741E-05  41.665300  9.575450
3  225.000000    93.157000     2040.000000   57.680000     2200.000000   52.831000     3.57566E-03  6.46633E-05  65.070500  22.810900
3  225.000000    93.157000     2080.000000   61.209000     2240.000000   43.386000     2.44193E-03  6.54894E-05  82.353300  29.853300
3  225.000000    93.157000     2120.000000   64.714000     2280.000000   43.553000     2.72488E-03  4.94252E-05  86.881400  22.853900
3  225.000000    93.157000     2160.000000   69.496000     2320.000000   45.377000     2.70550E-03  4.89265E-05  87.170600  22.810800
3  225.000000    93.157000     1520.000000   175.987000    1840.000000   80.146000     2.00850E-02  2.15070E-04  40.142000  5.991130
3  225.000000    93.157000     1560.000000   155.051000    1880.000000   68.179000     2.01567E-02  2.15842E-04  37.432900  5.991530
3  225.000000    93.157000     1600.000000   131.871000    1920.000000   68.761000     2.04791E-02  2.19284E-04  40.596700  5.990530
3  225.000000    93.157000     2000.000000   61.720000     2320.000000   45.377000     5.82251E-03  7.58079E-05  75.013500  12.888500
3  300.000000    93.390000     40.000000     108.172000    80.000000     108.382000    2.13430E-02  2.27211E-04  7.998050  6.038190
3  300.000000    93.390000     80.000000     108.382000    120.000000    102.908000    3.42540E-02  3.48161E-04  9.791050  4.112040
3  300.000000    93.390000     120.000000    102.908000    160.000000    97.335000     4.68759E-02  4.73981E-04  9.096080  3.850070
3  300.000000    93.390000     160.000000    97.335000     200.000000    92.851000     7.49881E-02  7.53488E-04  9.707130  2.813350
3  300.000000    93.390000     200.000000    92.851000     240.000000    92.290000     1.29860E-01  1.30305E-03  10.632300  2.039730
3  300.000000    93.390000     360.000000    95.756000     400.000000    101.442000    1.00484E-01  1.00841E-03  -12.920500  2.343530
3  300.000000    93.390000     400.000000    101.442000    440.000000    109.091000    5.83150E-02  5.86830E-04  48.754300  3.199990
3  300.000000    93.390000     440.000000    109.091000    480.000000    117.202000    2.67790E-02  2.77674E-04  10.785600  5.072410
3  300.000000    93.390000     480.000000    117.202000    520.000000    118.621000    2.35458E-02  2.50666E-04  8.012310  6.038420
3  300.000000    93.390000     520.000000    118.621000    560.000000    114.524000    2.11127E-02  2.24766E-04  8.113670  6.038610
3  300.000000    93.390000     560.000000    114.524000    600.000000    110.348000    1.57190E-02  1.71908E-04  8.568890  6.287230
3  300.000000    93.390000     600.000000    110.348000    640.000000    121.240000    1.18223E-02  1.37622E-04  10.926600  8.322420
3  300.000000    93.390000     1880.000000   68.179000     1920.000000   68.761000     2.71126E-03  4.90296E-05  50.166100  22.810500
3  300.000000    93.390000     2280.000000   43.553000     2320.000000   45.377000     4.20255E-04  1.67426E-05  38.352900  48.651900
3  300.000000    93.390000     2360.000000   47.641000     2400.000000   52.837000     9.86960E-04  3.93197E-05  45.314600  48.651900
3  300.000000    93.390000     640.000000    121.240000    720.000000    113.178000    2.02317E-02  2.16639E-04  14.955500  5.990880
3  300.000000    93.390000     680.000000    117.505000    760.000000    100.356000    2.69669E-02  2.79647E-04  14.357600  5.074320
3  300.000000    93.390000     720.000000    113.178000    800.000000    108.602000    2.56172E-02  2.65648E-04  13.281100  5.074240
3  300.000000    93.390000     760.000000    100.356000    840.000000    121.214000    1.75284E-02  1.91703E-04  12.629300  6.287930
3  300.000000    93.390000     800.000000    108.602000    880.000000    124.368000    1.40132E-02  1.58597E-04  12.991300  6.889490
3  300.000000    93.390000     840.000000    121.214000    920.000000    140.952000    1.21804E-02  1.41799E-04  13.398500  8.323480
3  300.000000    93.390000     880.000000    124.368000    960.000000    154.933000    1.05125E-02  1.23498E-04  13.576100  8.577910
3  300.000000    93.390000     920.000000    140.952000    1000.000000   139.164000    7.38479E-03  9.28401E-05  14.496600  12.114800
3  300.000000    93.390000     1800.000000   104.339000    1880.000000   68.179000     4.95706E-03  7.95578E-05  17.894800  18.562400
3  300.000000    93.390000     1840.000000   80.146000     1920.000000   68.761000     5.16754E-03  6.60029E-05  28.749200  12.638700
3  300.000000    93.390000     2200.000000   52.831000     2280.000000   43.553000     1.75754E-03  4.72197E-05  43.421300  29.896700
3  300.000000    93.390000     2240.000000   43.386000     2320.000000   45.377000     1.38146E-03  3.70459E-05  37.908600  29.851400
3  300.000000    93.390000     960.000000    154.933000    1120.000000   126.923000    1.26281E-02  1.47002E-04  22.177000  8.322450
3  300.000000    93.390000     1000.000000   139.164000    1160.000000   133.280000    1.46445E-02  1.65729E-04  14.569300  6.887960
3  300.000000    93.390000     1040.000000   135.603000    1200.000000   143.288000    1.42911E-02  1.61757E-04  28.845700  6.891100
3  300.000000    93.390000     1080.000000   116.772000    1240.000000   143.282000    1.52282E-02  1.72359E-04  28.606000  6.890510
3  300.000000    93.390000     1120.000000   126.923000    1280.000000   155.645000    1.51275E-02  1.71231E-04  28.596600  6.891850
3  300.000000    93.390000     1160.000000   133.280000    1320.000000   173.060000    1.29955E-02  1.51286E-04  40.970200  8.323130
3  300.000000    93.390000     1200.000000   143.288000    1360.000000   187.371000    1.13550E-02  1.33400E-04  28.598400  8.578410
3  300.000000    93.390000     1240.000000   143.282000    1400.000000   194.951000    1.03013E-02  1.21018E-04  29.997100  8.578080
3  300.000000    93.390000     1280.000000   155.645000    1440.000000   204.976000    7.60265E-03  9.55782E-05  30.683400  12.114700
3  300.000000    93.390000     1320.000000   173.060000    1480.000000   191.689000    6.19584E-03  7.91388E-05  30.874100  12.639000
3  300.000000    93.390000     1360.000000   187.371000    1520.000000   175.987000    5.45210E-03  6.96380E-05  30.085600  12.638900
3  300.000000    93.390000     1400.000000   194.951000    1560.000000   155.051000    6.07375E-03  7.75794E-05  29.694700  12.639000
3  300.000000    93.390000     1440.000000   204.976000    1600.000000   131.871000    7.07397E-03  8.89318E-05  29.407300  12.114600
3  300.000000    93.390000     1480.000000   191.689000    1640.000000   112.857000    1.12492E-02  1.32154E-04  29.187800  8.578200
3  300.000000    93.390000     1520.000000   175.987000    1680.000000   114.145000    1.34837E-02  1.52613E-04  29.556800  6.890420
3  300.000000    93.390000     1560.000000   155.051000    1720.000000   106.756000    1.29675E-02  1.50961E-04  29.179300  8.323340
3  300.000000    93.390000     1640.000000   112.857000    1800.000000   104.339000    9.96245E-03  1.17027E-04  29.059400  8.576690
3  300.000000    93.390000     1680.000000   114.145000    1840.000000   80.146000     8.90539E-03  1.07011E-04  28.807100  9.575530
3  300.000000    93.390000     1720.000000   106.756000    1880.000000   68.179000     9.45615E-03  1.13630E-04  22.871900  9.575550
3  300.000000    93.390000     1760.000000   101.140000    1920.000000   68.761000     8.82519E-03  1.06047E-04  29.014500  9.575450
3  300.000000    93.390000     2040.000000   57.680000     2200.000000   52.831000     3.88243E-03  6.23142E-05  37.581500  18.563200
3  300.000000    93.390000     2080.000000   61.209000     2240.000000   43.386000     2.64587E-03  4.78471E-05  41.793600  22.810400
3  300.000000    93.390000     2120.000000   64.714000     2280.000000   43.553000     2.95966E-03  5.35894E-05  41.499700  22.828600
3  300.000000    93.390000     2160.000000   69.496000     2320.000000   45.377000     2.94085E-03  5.32253E-05  40.373400  22.822300
3  300.000000    93.390000     1600.000000   131.871000    1920.000000   68.761000     2.27215E-02  2.41891E-04  29.101600  6.038540
3  300.000000    93.390000     2000.000000   61.720000     2320.000000   45.377000     6.33415E-03  8.10081E-05  39.675000  12.655300
3  380.000000    98.820000     0.000000      105.852000    40.000000     108.172000    1.87700E-02  2.00982E-04  12.369200  5.990330
3  380.000000    98.820000     40.000000     108.172000    80.000000     108.382000    1.41080E-02  1.59656E-04  9.736730  6.887860
3  380.000000    98.820000     80.000000     108.382000    120.000000    102.908000    2.02230E-02  2.16540E-04  10.107100  5.990330
3  380.000000    98.820000     120.000000    102.908000    160.000000    97.335000     2.49500E-02  2.58707E-04  9.848260  5.072280
3  380.000000    98.820000     160.000000    97.335000     200.000000    92.851000     3.23810E-02  3.31844E-04  10.283700  4.512980
3  380.000000    98.820000     200.000000    92.851000     240.000000    92.290000     3.96940E-02  4.01362E-04  12.007500  3.850070
3  380.000000    98.820000     240.000000    92.290000     280.000000    93.398000     6.94655E-02  6.97996E-04  12.141900  2.813360
3  380.000000    98.820000     280.000000    93.398000     320.000000    95.039000     1.36120E-01  1.36587E-03  9.491510  2.039730
3  380.000000    98.820000     440.000000    109.091000    480.000000    117.202000    8.54916E-02  8.58353E-04  9.958320  2.593200
3  380.000000    98.820000     480.000000    117.202000    520.000000    118.621000    5.53954E-02  5.58147E-04  7.438440  3.398490
3  380.000000    98.820000     520.000000    118.621000    560.000000    114.524000    4.26459E-02  4.31223E-04  8.218620  3.850950
3  380.000000    98.820000     560.000000    114.524000    600.000000    110.348000    2.89519E-02  2.96714E-04  8.394880  4.513780
3  380.000000    98.820000     600.000000    110.348000    640.000000    121.240000    2.03504E-02  2.17908E-04  11.178300  5.990780
3  380.000000    98.820000     640.000000    121.240000    680.000000    117.505000    1.41750E-02  1.60417E-04  14.261800  6.888100
3  380.000000    98.820000     680.000000    117.505000    720.000000    113.178000    1.78841E-02  1.91501E-04  15.762000  5.990970
3  380.000000    98.820000     1880.000000   68.179000     1920.000000   68.761000     3.52206E-03  6.38007E-05  44.084000  22.834900
3  380.000000    98.820000     2280.000000   43.553000     2320.000000   45.377000     4.95106E-04  1.97246E-05  14.642100  48.651900
3  380.000000    98.820000     2360.000000   47.641000     2400.000000   52.837000     1.16380E-03  4.63649E-05  25.379400  48.651900
3  380.000000    98.820000     720.000000    113.178000    800.000000    108.602000    3.75889E-02  3.82087E-04  13.385400  4.114070
3  380.000000    98.820000     760.000000    100.356000    840.000000    121.214000    2.46346E-02  2.55451E-04  12.409000  5.073520
3  380.000000    98.820000     800.000000    108.602000    880.000000    124.368000    1.93054E-02  2.06724E-04  12.572800  5.991290
3  380.000000    98.820000     840.000000    121.214000    920.000000    140.952000    1.65383E-02  1.80874E-04  12.811600  6.287830
3  380.000000    98.820000     880.000000    124.368000    960.000000    154.933000    1.41054E-02  1.59636E-04  12.805300  6.888900
3  380.000000    98.820000     920.000000    140.952000    1000.000000   139.164000    9.90413E-03  1.16344E-04  13.896500  8.576980
3  380.000000    98.820000     960.000000    154.933000    1040.000000   135.603000    8.58502E-03  1.03164E-04  15.843500  9.575860
3  380.000000    98.820000     1000.000000   139.164000    1080.000000   116.772000    7.75323E-03  9.74705E-05  18.866000  12.114500
3  380.000000    98.820000     1800.000000   104.339000    1880.000000   68.179000     5.64643E-03  7.21207E-05  -3.601980  12.638900
3  380.000000    98.820000     1840.000000   80.146000     1920.000000   68.761000     6.17022E-03  7.88098E-05  14.612600  12.638700
3  380.000000    98.820000     2200.000000   52.831000     2280.000000   43.553000     2.07791E-03  5.61096E-05  25.628100  30.018900
3  380.000000    98.820000     2240.000000   43.386000     2320.000000   45.377000     1.63464E-03  4.38357E-05  25.852000  29.851500
3  380.000000    98.820000     1040.000000   135.603000    1200.000000   143.288000    1.81175E-02  1.94029E-04  26.203500  5.993710
3  380.000000    98.820000     1080.000000   116.772000    1240.000000   143.282000    1.91947E-02  2.05560E-04  25.626000  5.993220
3  380.000000    98.820000     1120.000000   126.923000    1280.000000   155.645000    1.89361E-02  2.02800E-04  24.971400  5.994170
3  380.000000    98.820000     1160.000000   133.280000    1320.000000   173.060000    1.61714E-02  1.76901E-04  36.611100  6.291960
3  380.000000    98.820000     1200.000000   143.288000    1360.000000   187.371000    1.40775E-02  1.59331E-04  23.700100  6.890140
3  380.000000    98.820000     1240.000000   143.282000    1400.000000   194.951000    1.27313E-02  1.48215E-04  24.592300  8.323770
3  380.000000    98.820000     1280.000000   155.645000    1440.000000   204.976000    9.35323E-03  1.12396E-04  24.443800  9.576020
3  380.000000    98.820000     1320.000000   173.060000    1480.000000   191.689000    7.59704E-03  9.55062E-05  24.039100  12.114400
3  380.000000    98.820000     1360.000000   187.371000    1520.000000   175.987000    6.65930E-03  8.37167E-05  22.489900  12.114300
3  380.000000    98.820000     1400.000000   194.951000    1560.000000   155.051000    7.38593E-03  9.28530E-05  20.770000  12.114500
3  380.000000    98.820000     1440.000000   204.976000    1600.000000   131.871000    8.58319E-03  1.03142E-04  19.465500  9.575950
3  380.000000    98.820000     1480.000000   191.689000    1640.000000   112.857000    1.36159E-02  1.54099E-04  18.174800  6.889280
3  380.000000    98.820000     1520.000000   175.987000    1680.000000   114.145000    1.62921E-02  1.78183E-04  17.986600  6.288050
3  380.000000    98.820000     1560.000000   155.051000    1720.000000   106.756000    1.56441E-02  1.71095E-04  17.315300  6.287910
3  380.000000    98.820000     1600.000000   131.871000    1760.000000   101.140000    1.67386E-02  1.83062E-04  16.585600  6.287480
3  380.000000    98.820000     1640.000000   112.857000    1800.000000   104.339000    1.19774E-02  1.39428E-04  16.096900  8.322470
3  380.000000    98.820000     1680.000000   114.145000    1840.000000   80.146000     1.06880E-02  1.25550E-04  14.853500  8.576670
3  380.000000    98.820000     1720.000000   106.756000    1880.000000   68.179000     1.10464E-02  1.29759E-04  5.156300  8.576600
3  380.000000    98.820000     1760.000000   101.140000    1920.000000   68.761000     1.05531E-02  1.23963E-04  14.587100  8.576440
3  380.000000    98.820000     2040.000000   57.680000     2200.000000   52.831000     4.58136E-03  7.35336E-05  15.604200  18.563500
3  380.000000    98.820000     2080.000000   61.209000     2240.000000   43.386000     3.11240E-03  5.64328E-05  17.626300  22.848500
3  380.000000    98.820000     2120.000000   64.714000     2280.000000   43.553000     3.48588E-03  6.31478E-05  22.070900  22.835500
3  380.000000    98.820000     2160.000000   69.496000     2320.000000   45.377000     3.46517E-03  6.26621E-05  20.664800  22.810200
3  380.000000    98.820000     2000.000000   61.720000     2320.000000   45.377000     7.47778E-03  9.56789E-05  18.824300  12.346400
3  460.000000    114.109000    0.000000      105.852000    40.000000     108.172000    1.55048E-02  1.69562E-04  14.482000  6.286840
3  460.000000    114.109000    120.000000    102.908000    160.000000    97.335000     1.78860E-02  1.91518E-04  12.361500  5.990580
3  460.000000    114.109000    160.000000    97.335000     200.000000    92.851000     2.16329E-02  2.30297E-04  12.575700  6.038190
3  460.000000    114.109000    200.000000    92.851000     240.000000    92.290000     2.29830E-02  2.44670E-04  14.123700  6.038190
3  460.000000    114.109000    240.000000    92.290000     280.000000    93.398000     3.52092E-02  3.57870E-04  13.375200  4.112050
3  460.000000    114.109000    280.000000    93.398000     320.000000    95.039000     5.17337E-02  5.21238E-04  12.637800  3.397770
3  460.000000    114.109000    320.000000    95.039000     360.000000    95.756000     6.63705E-02  6.67840E-04  14.579900  3.197480
3  460.000000    114.109000    360.000000    95.756000     400.000000    101.442000    1.12899E-01  1.13301E-03  -15.213600  2.343810
3  460.000000    114.109000    520.000000    118.621000    560.000000    114.524000    1.22920E-01  1.23342E-03  6.405830  2.039730
3  460.000000    114.109000    600.000000    110.348000    640.000000    121.240000    3.92130E-02  3.98573E-04  9.646440  4.112650
3  460.000000    114.109000    640.000000    121.240000    680.000000    117.505000    2.42863E-02  2.51827E-04  12.161300  5.072570
3  460.000000    114.109000    680.000000    117.505000    720.000000    113.178000    2.87625E-02  2.94775E-04  12.705000  4.513960
3  460.000000    114.109000    720.000000    113.178000    760.000000    100.356000    3.46324E-02  3.52052E-04  10.554000  4.115250
3  460.000000    114.109000    760.000000    100.356000    800.000000    108.602000    2.07383E-02  2.20792E-04  8.651530  6.039740
3  460.000000    114.109000    1880.000000   68.179000     1920.000000   68.761000     3.58263E-03  6.47868E-05  12.522500  22.810400
3  460.000000    114.109000    2280.000000   43.553000     2320.000000   45.377000     5.46244E-04  2.17619E-05  -11.784000  48.651900
3  460.000000    114.109000    2360.000000   47.641000     2400.000000   52.837000     1.27900E-03  5.09543E-05  -5.949740  48.651900
3  460.000000    114.109000    0.000000      105.852000    80.000000     108.382000    2.66838E-02  2.76684E-04  13.601400  5.072290
3  460.000000    114.109000    40.000000     108.172000    120.000000    102.908000    2.63858E-02  2.73594E-04  12.438300  5.072290
3  460.000000    114.109000    800.000000    108.602000    880.000000    124.368000    2.66474E-02  2.76334E-04  7.254550  5.074440
3  460.000000    114.109000    840.000000    121.214000    920.000000    140.952000    2.23715E-02  2.38189E-04  6.638100  6.040420
3  460.000000    114.109000    880.000000    124.368000    960.000000    154.933000    1.87117E-02  2.00384E-04  5.638430  5.992940
3  460.000000    114.109000    920.000000    140.952000    1000.000000   139.164000    1.28405E-02  1.49487E-04  6.032300  8.323790
3  460.000000    114.109000    960.000000    154.933000    1040.000000   135.603000    1.09931E-02  1.29139E-04  6.728320  8.577320
3  460.000000    114.109000    1000.000000   139.164000    1080.000000   116.772000    9.93329E-03  1.16693E-04  8.528280  8.577850
3  460.000000    114.109000    1040.000000   135.603000    1120.000000   126.923000    9.67243E-03  1.13625E-04  13.280900  8.577310
3  460.000000    114.109000    1080.000000   116.772000    1160.000000   133.280000    1.34107E-02  1.51788E-04  -4.898450  6.890540
3  460.000000    114.109000    1800.000000   104.339000    1880.000000   68.179000     6.64938E-03  8.35907E-05  -18.345200  12.114200
3  460.000000    114.109000    1840.000000   80.146000     1920.000000   68.761000     6.87599E-03  8.64422E-05  -7.770170  12.114600
3  460.000000    114.109000    2200.000000   52.831000     2280.000000   43.553000     2.28852E-03  6.15143E-05  -3.917760  29.908000
3  460.000000    114.109000    2240.000000   43.386000     2320.000000   45.377000     1.80822E-03  4.84900E-05  -5.290440  29.851300
3  460.000000    114.109000    1120.000000   126.923000    1280.000000   155.645000    2.26808E-02  2.41564E-04  8.752560  6.046770
3  460.000000    114.109000    1160.000000   133.280000    1320.000000   173.060000    1.92175E-02  2.05819E-04  19.468500  5.994590
3  460.000000    114.109000    1200.000000   143.288000    1360.000000   187.371000    1.65990E-02  1.81562E-04  5.467410  6.290220
3  460.000000    114.109000    1240.000000   143.282000    1400.000000   194.951000    1.49333E-02  1.69026E-04  5.768160  6.891150
3  460.000000    114.109000    1280.000000   155.645000    1440.000000   204.976000    1.08859E-02  1.27880E-04  4.835360  8.577360
3  460.000000    114.109000    1320.000000   173.060000    1480.000000   191.689000    8.78734E-03  1.05596E-04  3.814190  9.575920
3  460.000000    114.109000    1360.000000   187.371000    1520.000000   175.987000    7.64690E-03  9.61330E-05  1.584000  12.114400
3  460.000000    114.109000    1400.000000   194.951000    1560.000000   155.051000    8.41798E-03  1.01159E-04  -0.992949  9.576180
3  460.000000    114.109000    1440.000000   204.976000    1600.000000   131.871000    9.76671E-03  1.14732E-04  -2.395700  8.577290
3  460.000000    114.109000    1480.000000   191.689000    1640.000000   112.857000    1.54476E-02  1.68960E-04  -3.880140  6.289360
3  460.000000    114.109000    1520.000000   175.987000    1680.000000   114.145000    1.84358E-02  1.97422E-04  -4.148820  5.992120
3  460.000000    114.109000    1560.000000   155.051000    1720.000000   106.756000    1.76550E-02  1.93093E-04  -4.894870  6.288390
3  460.000000    114.109000    1600.000000   131.871000    1760.000000   101.140000    1.88536E-02  2.01884E-04  -5.644750  5.991170
3  460.000000    114.109000    1640.000000   112.857000    1800.000000   104.339000    1.34551E-02  1.52271E-04  -6.131880  6.888320
3  460.000000    114.109000    1680.000000   114.145000    1840.000000   80.146000     1.19836E-02  1.39497E-04  -7.340730  8.322250
3  460.000000    114.109000    1720.000000   106.756000    1880.000000   68.179000     1.27123E-02  1.47981E-04  -13.336200  8.322370
3  460.000000    114.109000    1760.000000   101.140000    1920.000000   68.761000     1.17852E-02  1.37192E-04  -7.680120  8.322650
3  460.000000    114.109000    2040.000000   57.680000     2200.000000   52.831000     5.05518E-03  6.45678E-05  -5.134980  12.638700
3  460.000000    114.109000    2080.000000   61.209000     2240.000000   43.386000     3.41465E-03  6.17509E-05  -4.759140  22.810800
3  460.000000    114.109000    2120.000000   64.714000     2280.000000   43.553000     3.83005E-03  6.15612E-05  -4.411510  18.583000
3  460.000000    114.109000    2160.000000   69.496000     2320.000000   45.377000     3.80950E-03  6.11726E-05  -6.919010  18.569800
3  460.000000    114.109000    2000.000000   61.720000     2320.000000   45.377000     8.25019E-03  9.92580E-05  -4.448480  9.593770
3  540.000000    115.458000    0.000000      105.852000    40.000000     108.172000    1.34396E-02  1.52093E-04  12.206900  6.887930
3  540.000000    115.458000    200.000000    92.851000     240.000000    92.290000     1.70419E-02  1.86372E-04  14.109600  6.286820
3  540.000000    115.458000    240.000000    92.290000     280.000000    93.398000     2.51509E-02  2.60790E-04  13.820100  5.072280
3  540.000000    115.458000    280.000000    93.398000     320.000000    95.039000     3.36099E-02  3.41614E-04  13.755300  4.112040
3  540.000000    115.458000    320.000000    95.039000     360.000000    95.756000     3.79381E-02  3.85607E-04  14.556900  4.112040
3  540.000000    115.458000    360.000000    95.756000     400.000000    101.442000    4.88126E-02  4.91831E-04  -12.138800  3.399050
3  540.000000    115.458000    400.000000    101.442000    440.000000    109.091000    7.86292E-02  7.90121E-04  25.466800  2.815260
3  540.000000    115.458000    440.000000    109.091000    480.000000    117.202000    1.03830E-01  1.04192E-03  9.375970  2.340610
3  540.000000    115.458000    600.000000    110.348000    640.000000    121.240000    1.03617E-01  1.03979E-03  8.028540  2.340870
3  540.000000    115.458000    640.000000    121.240000    680.000000    117.505000    4.88916E-02  4.92607E-04  12.006200  3.397890
3  540.000000    115.458000    680.000000    117.505000    720.000000    113.178000    5.25776E-02  5.29746E-04  13.893100  3.398110
3  540.000000    115.458000    720.000000    113.178000    760.000000    100.356000    5.60274E-02  5.64504E-04  12.270100  3.397950
3  540.000000    115.458000    760.000000    100.356000    800.000000    108.602000    3.15381E-02  3.23209E-04  11.908300  4.513130
3  540.000000    115.458000    800.000000    108.602000    840.000000    121.214000    2.07393E-02  2.20786E-04  10.914700  6.038310
3  540.000000    115.458000    840.000000    121.214000    880.000000    124.368000    1.75583E-02  1.92021E-04  12.701700  6.286990
3  540.000000    115.458000    1880.000000   68.179000     1920.000000   68.761000     3.99290E-03  6.40852E-05  36.767800  18.562800
3  540.000000    115.458000    2280.000000   43.553000     2320.000000   45.377000     6.05389E-04  2.41182E-05  36.253700  48.651900
3  540.000000    115.458000    2360.000000   47.641000     2400.000000   52.837000     1.41620E-03  3.79771E-05  39.339100  29.851100
3  540.000000    115.458000    0.000000      105.852000    80.000000     108.382000    2.29500E-02  2.44319E-04  11.546700  6.038190
3  540.000000    115.458000    40.000000     108.172000    120.000000    102.908000    2.22375E-02  2.36736E-04  10.949800  6.038240
3  540.000000    115.458000    80.000000     108.382000    160.000000    97.335000     2.73339E-02  2.83425E-04  11.354700  5.072280
3  540.000000    115.458000    120.000000    102.908000    200.000000    92.851000     3.15510E-02  3.23338E-04  11.777500  4.512980
3  540.000000    115.458000    880.000000    124.368000    960.000000    154.933000    2.55469E-02  2.64898E-04  11.561000  5.072580
3  540.000000    115.458000    920.000000    140.952000    1000.000000   139.164000    1.68888E-02  1.84699E-04  11.939900  6.286900
3  540.000000    115.458000    960.000000    154.933000    1040.000000   135.603000    1.43098E-02  1.61941E-04  13.675700  6.887950
3  540.000000    115.458000    1000.000000   139.164000    1080.000000   116.772000    1.31143E-02  1.52661E-04  16.593700  8.322390
3  540.000000    115.458000    1040.000000   135.603000    1120.000000   126.923000    1.21275E-02  1.41173E-04  23.671900  8.322270
3  540.000000    115.458000    1080.000000   116.772000    1160.000000   133.280000    1.66170E-02  1.81737E-04  6.947230  6.288070
3  540.000000    115.458000    1120.000000   126.923000    1200.000000   143.288000    1.52735E-02  1.72867E-04  24.739700  6.890090
3  540.000000    115.458000    1160.000000   133.280000    1240.000000   143.282000    1.19928E-02  1.39620E-04  47.283100  8.323980
3  540.000000    115.458000    1800.000000   104.339000    1880.000000   68.179000     7.45293E-03  9.36923E-05  3.846720  12.114200
3  540.000000    115.458000    1840.000000   80.146000     1920.000000   68.761000     7.66864E-03  9.64101E-05  15.143100  12.114900
3  540.000000    115.458000    2200.000000   52.831000     2280.000000   43.553000     2.54374E-03  4.62378E-05  44.924900  22.884500
3  540.000000    115.458000    2240.000000   43.386000     2320.000000   45.377000     2.00174E-03  5.36791E-05  46.443100  29.851100
3  540.000000    115.458000    1200.000000   143.288000    1360.000000   187.371000    1.98284E-02  2.12321E-04  21.490900  5.990920
3  540.000000    115.458000    1240.000000   143.282000    1400.000000   194.951000    1.77341E-02  1.93953E-04  22.575600  6.287870
3  540.000000    115.458000    1280.000000   155.645000    1440.000000   204.976000    1.28102E-02  1.49121E-04  22.681000  8.322400
3  540.000000    115.458000    1320.000000   173.060000    1480.000000   191.689000    1.02622E-02  1.20549E-04  22.503000  8.576790
3  540.000000    115.458000    1360.000000   187.371000    1520.000000   175.987000    8.85042E-03  1.06351E-04  21.028900  9.575540
3  540.000000    115.458000    1400.000000   194.951000    1560.000000   155.051000    9.65881E-03  1.13460E-04  19.392000  8.576650
3  540.000000    115.458000    1440.000000   204.976000    1600.000000   131.871000    1.11958E-02  1.31518E-04  18.305300  8.577100
3  540.000000    115.458000    1480.000000   191.689000    1640.000000   112.857000    1.76535E-02  1.93068E-04  17.153300  6.287420
3  540.000000    115.458000    1520.000000   175.987000    1680.000000   114.145000    2.09995E-02  2.23569E-04  17.138700  6.039390
3  540.000000    115.458000    1560.000000   155.051000    1720.000000   106.756000    2.00312E-02  2.14494E-04  16.572700  5.991030
3  540.000000    115.458000    1600.000000   131.871000    1760.000000   101.140000    2.13464E-02  2.27254E-04  16.058600  6.038680
3  540.000000    115.458000    1640.000000   112.857000    1800.000000   104.339000    1.51762E-02  1.71748E-04  15.840300  6.888040
3  540.000000    115.458000    1680.000000   114.145000    1840.000000   80.146000     1.34897E-02  1.52660E-04  14.980500  6.887890
3  540.000000    115.458000    1720.000000   106.756000    1880.000000   68.179000     1.42929E-02  1.61750E-04  8.891110  6.887890
3  540.000000    115.458000    1760.000000   101.140000    1920.000000   68.761000     1.31902E-02  1.53547E-04  15.139600  8.322610
3  540.000000    115.458000    2040.000000   57.680000     2200.000000   52.831000     5.59255E-03  7.14331E-05  24.231300  12.639000
3  540.000000    115.458000    2080.000000   61.209000     2240.000000   43.386000     3.78141E-03  6.06977E-05  29.894000  18.564300
3  540.000000    115.458000    2120.000000   64.714000     2280.000000   43.553000     4.24305E-03  6.81307E-05  38.378900  18.569000
3  540.000000    115.458000    2160.000000   69.496000     2320.000000   45.377000     4.22324E-03  6.77809E-05  38.489700  18.562500
3  540.000000    115.458000    2000.000000   61.720000     2320.000000   45.377000     9.14443E-03  1.10369E-04  31.379800  9.642010
3  620.000000    114.478000    0.000000      105.852000    40.000000     108.172000    1.14820E-02  1.33659E-04  13.727100  8.322160
3  620.000000    114.478000    280.000000    93.398000     320.000000    95.039000     2.32077E-02  2.53238E-04  16.719900  6.495850
3  620.000000    114.478000    320.000000    95.039000     360.000000    95.756000     2.42225E-02  2.51229E-04  16.711200  5.077790
3  620.000000    114.478000    360.000000    95.756000     400.000000    101.442000    2.71854E-02  2.81981E-04  -9.181580  5.079400
3  620.000000    114.478000    400.000000    101.442000    440.000000    109.091000    3.83740E-02  3.90191E-04  31.968800  4.121850
3  620.000000    114.478000    440.000000    109.091000    480.000000    117.202000    3.98793E-02  4.03275E-04  14.918100  3.852780
3  620.000000    114.478000    480.000000    117.202000    520.000000    118.621000    7.03133E-02  7.06599E-04  13.239600  2.817460
3  620.000000    114.478000    520.000000    118.621000    560.000000    114.524000    1.38959E-01  1.39444E-03  11.325300  2.042650
3  620.000000    114.478000    680.000000    117.505000    720.000000    113.178000    1.88407E-01  1.88897E-03  10.747400  1.816160
3  620.000000    114.478000    720.000000    113.178000    760.000000    100.356000    1.42017E-01  1.42435E-03  10.581800  1.869140
3  620.000000    114.478000    760.000000    100.356000    800.000000    108.602000    6.25640E-02  6.29550E-04  10.962200  3.198000
3  620.000000    114.478000    800.000000    108.602000    840.000000    121.214000    3.57040E-02  3.62903E-04  9.974370  4.112310
3  620.000000    114.478000    840.000000    121.214000    880.000000    124.368000    2.85895E-02  2.92994E-04  12.763900  4.513340
3  620.000000    114.478000    880.000000    124.368000    920.000000    140.952000    2.15113E-02  2.29007E-04  10.648200  6.038560
3  620.000000    114.478000    920.000000    140.952000    960.000000    154.933000    1.77996E-02  1.94662E-04  12.047700  6.287210
3  620.000000    114.478000    1880.000000   68.179000     1920.000000   68.761000     4.57272E-03  7.33899E-05  32.176800  18.562500
3  620.000000    114.478000    2280.000000   43.553000     2320.000000   45.377000     6.78031E-04  2.70122E-05  19.989400  48.651900
3  620.000000    114.478000    2360.000000   47.641000     2400.000000   52.837000     1.58560E-03  4.25198E-05  21.470100  29.851100
3  620.000000    114.478000    0.000000      105.852000    80.000000     108.382000    1.94729E-02  2.08508E-04  13.081100  5.990330
3  620.000000    114.478000    40.000000     108.172000    120.000000    102.908000    1.85494E-02  1.98620E-04  12.520700  5.990370
3  620.000000    114.478000    80.000000     108.382000    160.000000    97.335000     2.24166E-02  2.38647E-04  12.925000  6.038690
3  620.000000    114.478000    120.000000    102.908000    200.000000    92.851000     2.51309E-02  2.60602E-04  13.322000  5.073860
3  620.000000    114.478000    160.000000    97.335000     240.000000    92.290000     2.60620E-02  2.70255E-04  14.589500  5.073810
3  620.000000    114.478000    200.000000    92.851000     280.000000    93.398000     3.10182E-02  3.17896E-04  15.663700  4.514270
3  620.000000    114.478000    960.000000    154.933000    1040.000000   135.603000    2.07858E-02  2.21284E-04  13.237400  6.038470
3  620.000000    114.478000    1000.000000   139.164000    1080.000000   116.772000    1.87384E-02  2.00647E-04  16.197700  5.990700
3  620.000000    114.478000    1040.000000   135.603000    1120.000000   126.923000    1.64585E-02  1.79993E-04  24.041300  6.287050
3  620.000000    114.478000    1080.000000   116.772000    1160.000000   133.280000    2.20038E-02  2.34281E-04  6.625460  6.040960
3  620.000000    114.478000    1120.000000   126.923000    1200.000000   143.288000    1.99712E-02  2.13872E-04  25.309700  5.992910
3  620.000000    114.478000    1160.000000   133.280000    1240.000000   143.282000    1.55459E-02  1.70058E-04  49.910800  6.291980
3  620.000000    114.478000    1200.000000   143.288000    1280.000000   155.645000    1.56076E-02  1.70691E-04  21.144800  6.287300
3  620.000000    114.478000    1240.000000   143.282000    1320.000000   173.060000    1.40653E-02  1.59180E-04  22.507400  6.888550
3  620.000000    114.478000    1800.000000   104.339000    1880.000000   68.179000     8.69434E-03  1.04475E-04  4.264890  9.575460
3  620.000000    114.478000    1840.000000   80.146000     1920.000000   68.761000     8.86282E-03  1.06500E-04  13.747500  9.575580
3  620.000000    114.478000    2200.000000   52.831000     2280.000000   43.553000     2.85338E-03  5.18322E-05  21.866800  22.875200
3  620.000000    114.478000    2240.000000   43.386000     2320.000000   45.377000     2.24947E-03  6.03222E-05  23.646200  29.851100
3  620.000000    114.478000    1280.000000   155.645000    1440.000000   204.976000    1.58764E-02  1.73629E-04  23.527600  6.287060
3  620.000000    114.478000    1320.000000   173.060000    1480.000000   191.689000    1.26082E-02  1.46771E-04  23.458700  8.322430
3  620.000000    114.478000    1360.000000   187.371000    1520.000000   175.987000    1.07620E-02  1.26418E-04  21.978900  8.576460
3  620.000000    114.478000    1400.000000   194.951000    1560.000000   155.051000    1.16147E-02  1.35203E-04  20.110700  8.322250
3  620.000000    114.478000    1440.000000   204.976000    1600.000000   131.871000    1.34189E-02  1.51859E-04  18.665600  6.887960
3  620.000000    114.478000    1480.000000   191.689000    1640.000000   112.857000    2.10535E-02  2.24138E-04  17.253500  6.038780
3  620.000000    114.478000    1520.000000   175.987000    1680.000000   114.145000    2.49380E-02  2.58585E-04  17.104400  5.072600
3  620.000000    114.478000    1560.000000   155.051000    1720.000000   106.756000    2.36823E-02  2.52122E-04  16.448500  6.038720
3  620.000000    114.478000    1600.000000   131.871000    1760.000000   101.140000    2.51548E-02  2.60833E-04  15.715900  5.072600
3  620.000000    114.478000    1640.000000   112.857000    1800.000000   104.339000    1.78007E-02  1.94670E-04  15.302600  6.286860
3  620.000000    114.478000    1680.000000   114.145000    1840.000000   80.146000     1.57665E-02  1.72426E-04  13.998400  6.286930
3  620.000000    114.478000    1720.000000   106.756000    1880.000000   68.179000     1.67037E-02  1.82673E-04  8.635890  6.286840
3  620.000000    114.478000    1760.000000   101.140000    1920.000000   68.761000     1.53012E-02  1.73161E-04  13.758600  6.887900
3  620.000000    114.478000    2040.000000   57.680000     2200.000000   52.831000     6.33271E-03  8.08858E-05  17.576500  12.638800
3  620.000000    114.478000    2080.000000   61.209000     2240.000000   43.386000     4.24590E-03  6.81446E-05  19.228800  18.562500
3  620.000000    114.478000    2120.000000   64.714000     2280.000000   43.553000     4.75611E-03  7.64987E-05  21.454400  18.592600
3  620.000000    114.478000    2160.000000   69.496000     2320.000000   45.377000     4.73145E-03  7.60003E-05  20.238000  18.574000
3  620.000000    114.478000    2000.000000   61.720000     2320.000000   45.377000     1.03240E-02  1.21701E-04  19.198900  8.633290
3  700.000000    113.449000    0.000000      105.852000    40.000000     108.172000    1.01718E-02  1.19485E-04  22.819200  8.576480
3  700.000000    113.449000    360.000000    95.756000     400.000000    101.442000    1.99256E-02  2.13369E-04  -8.707230  5.991660
3  700.000000    113.449000    400.000000    101.442000    440.000000    109.091000    2.66492E-02  2.76336E-04  35.097200  5.073100
3  700.000000    113.449000    440.000000    109.091000    480.000000    117.202000    2.58388E-02  2.67923E-04  16.763900  5.072290
3  700.000000    113.449000    480.000000    117.202000    520.000000    118.621000    4.10150E-02  4.14719E-04  15.065200  3.850070
3  700.000000    113.449000    520.000000    118.621000    560.000000    114.524000    6.77139E-02  6.81358E-04  13.797100  3.197480
3  700.000000    113.449000    560.000000    114.524000    600.000000    110.348000    9.87671E-02  9.91118E-04  13.982800  2.340610
3  700.000000    113.449000    600.000000    110.348000    640.000000    121.240000    1.87753E-01  1.88258E-03  -15.168200  1.820710
3  700.000000    113.449000    760.000000    100.356000    800.000000    108.602000    2.03566E-01  2.04095E-03  8.204620  1.816020
3  700.000000    113.449000    800.000000    108.602000    840.000000    121.214000    7.77424E-02  7.81171E-04  7.211730  2.813560
3  700.000000    113.449000    840.000000    121.214000    880.000000    124.368000    5.45431E-02  5.49549E-04  13.046400  3.398140
3  700.000000    113.449000    880.000000    124.368000    920.000000    140.952000    3.65820E-02  3.71827E-04  9.502220  4.112280
3  700.000000    113.449000    920.000000    140.952000    960.000000    154.933000    2.84667E-02  2.91735E-04  10.975300  4.513360
3  700.000000    113.449000    960.000000    154.933000    1000.000000   139.164000    1.21887E-02  1.41885E-04  8.159310  8.322210
3  700.000000    113.449000    1000.000000   139.164000    1040.000000   135.603000    1.96196E-02  2.10081E-04  13.883200  5.990500
3  700.000000    113.449000    1880.000000   68.179000     1920.000000   68.761000     5.38938E-03  6.88380E-05  45.777200  12.639000
3  700.000000    113.449000    2280.000000   43.553000     2320.000000   45.377000     7.67406E-04  3.05728E-05  57.421700  48.651900
3  700.000000    113.449000    2360.000000   47.641000     2400.000000   52.837000     1.78970E-03  4.79930E-05  55.787600  29.851100
3  700.000000    113.449000    0.000000      105.852000    80.000000     108.382000    1.71789E-02  1.87870E-04  21.266400  6.286820
3  700.000000    113.449000    40.000000     108.172000    120.000000    102.908000    1.61677E-02  1.76812E-04  18.412000  6.286850
3  700.000000    113.449000    80.000000     108.382000    160.000000    97.335000     1.93304E-02  2.06982E-04  17.597500  5.990420
3  700.000000    113.449000    120.000000    102.908000    200.000000    92.851000     2.13596E-02  2.27388E-04  17.098400  6.038220
3  700.000000    113.449000    160.000000    97.335000     240.000000    92.290000     2.17237E-02  2.31264E-04  17.551400  6.038210
3  700.000000    113.449000    200.000000    92.851000     280.000000    93.398000     2.52908E-02  2.62243E-04  18.014000  5.072490
3  700.000000    113.449000    240.000000    92.290000     320.000000    95.039000     3.29597E-02  3.35006E-04  17.783300  4.112060
3  700.000000    113.449000    280.000000    93.398000     360.000000    95.756000     3.67137E-02  3.73162E-04  17.831300  4.112050
3  700.000000    113.449000    1040.000000   135.603000    1120.000000   126.923000    2.28316E-02  2.43061E-04  23.857800  6.038250
3  700.000000    113.449000    1080.000000   116.772000    1160.000000   133.280000    2.95363E-02  3.02697E-04  6.203430  4.513330
3  700.000000    113.449000    1120.000000   126.923000    1200.000000   143.288000    2.63056E-02  2.72810E-04  25.787300  5.075930
3  700.000000    113.449000    1160.000000   133.280000    1240.000000   143.282000    2.02232E-02  2.16544E-04  53.014100  5.990530
3  700.000000    113.449000    1200.000000   143.288000    1280.000000   155.645000    1.99261E-02  2.13363E-04  22.489300  5.990640
3  700.000000    113.449000    1240.000000   143.282000    1320.000000   173.060000    1.78061E-02  1.94733E-04  24.166700  6.287170
3  700.000000    113.449000    1280.000000   155.645000    1360.000000   187.371000    1.18264E-02  1.37669E-04  26.007600  8.322380
3  700.000000    113.449000    1320.000000   173.060000    1400.000000   194.951000    1.01705E-02  1.19471E-04  27.369100  8.576680
3  700.000000    113.449000    1800.000000   104.339000    1880.000000   68.179000     1.01485E-02  1.19211E-04  12.196400  8.576590
3  700.000000    113.449000    1840.000000   80.146000     1920.000000   68.761000     1.03606E-02  1.21707E-04  23.663600  8.577070
3  700.000000    113.449000    2200.000000   52.831000     2280.000000   43.553000     3.21617E-03  5.84687E-05  67.952700  22.886500
3  700.000000    113.449000    2240.000000   43.386000     2320.000000   45.377000     2.54410E-03  4.60060E-05  68.923600  22.810200
3  700.000000    113.449000    1360.000000   187.371000    1520.000000   175.987000    1.31896E-02  1.53536E-04  25.852400  8.322210
3  700.000000    113.449000    1400.000000   194.951000    1560.000000   155.051000    1.40946E-02  1.59506E-04  25.065700  6.887930
3  700.000000    113.449000    1440.000000   204.976000    1600.000000   131.871000    1.61971E-02  1.77136E-04  24.171600  6.287090
3  700.000000    113.449000    1480.000000   191.689000    1640.000000   112.857000    2.52750E-02  2.62079E-04  23.498100  5.072540
3  700.000000    113.449000    1520.000000   175.987000    1680.000000   114.145000    2.98223E-02  3.05628E-04  23.855600  4.513410
3  700.000000    113.449000    1560.000000   155.051000    1720.000000   106.756000    2.82131E-02  2.89139E-04  23.481800  4.513540
3  700.000000    113.449000    1600.000000   131.871000    1760.000000   101.140000    2.98797E-02  3.06213E-04  23.389600  4.513220
3  700.000000    113.449000    1640.000000   112.857000    1800.000000   104.339000    2.10643E-02  2.24246E-04  23.500800  6.038270
3  700.000000    113.449000    1680.000000   114.145000    1840.000000   80.146000     1.85909E-02  1.99064E-04  22.954200  5.990330
3  700.000000    113.449000    1720.000000   106.756000    1880.000000   68.179000     1.96000E-02  2.09869E-04  17.079200  5.990330
3  700.000000    113.449000    1760.000000   101.140000    1920.000000   68.761000     1.79312E-02  1.92004E-04  23.592300  5.990670
3  700.000000    113.449000    2040.000000   57.680000     2200.000000   52.831000     7.25868E-03  9.13113E-05  33.839800  12.122800
3  700.000000    113.449000    2080.000000   61.209000     2240.000000   43.386000     4.81863E-03  7.73390E-05  42.083500  18.562900
3  700.000000    113.449000    2120.000000   64.714000     2280.000000   43.553000     5.37409E-03  6.88346E-05  54.392500  12.675100
3  700.000000    113.449000    2160.000000   69.496000     2320.000000   45.377000     5.34120E-03  6.82835E-05  56.377200  12.650500
3  700.000000    113.449000    2000.000000   61.720000     2320.000000   45.377000     1.17681E-02  1.37353E-04  45.385500  8.365360
3  740.000000    100.177000    0.000000      105.852000    40.000000     108.172000    9.17407E-03  1.10239E-04  13.611600  9.575470
3  740.000000    100.177000    400.000000    101.442000    440.000000    109.091000    2.02312E-02  2.19112E-04  34.786600  6.207190
3  740.000000    100.177000    440.000000    109.091000    480.000000    117.202000    1.91450E-02  2.04997E-04  16.915000  5.990330
3  740.000000    100.177000    480.000000    117.202000    520.000000    118.621000    2.91042E-02  2.98263E-04  15.369100  4.512990
3  740.000000    100.177000    520.000000    118.621000    560.000000    114.524000    4.35978E-02  4.40835E-04  14.443700  3.850070
3  740.000000    100.177000    560.000000    114.524000    600.000000    110.348000    5.61463E-02  5.65696E-04  14.219200  3.397760
3  740.000000    100.177000    600.000000    110.348000    640.000000    121.240000    7.85660E-02  7.89494E-04  -12.595900  2.815610
3  740.000000    100.177000    640.000000    121.240000    680.000000    117.505000    1.53966E-01  1.54417E-03  21.509300  1.868780
3  740.000000    100.177000    800.000000    108.602000    840.000000    121.214000    1.79696E-01  1.82841E-03  5.654990  2.511290
3  740.000000    100.177000    840.000000    121.214000    880.000000    124.368000    1.06897E-01  2.20487E-03  6.835900  18.171900
3  740.000000    100.177000    880.000000    124.368000    920.000000    140.952000    6.33576E-02  1.39965E-03  4.353540  19.924800
3  740.000000    100.177000    920.000000    140.952000    960.000000    154.933000    4.69570E-02  1.60546E-03  4.159370  32.886600
3  740.000000    100.177000    960.000000    154.933000    1000.000000   139.164000    1.68645E-02  1.84904E-04  5.911140  6.335320
3  740.000000    100.177000    1000.000000   139.164000    1040.000000   135.603000    2.95656E-02  3.47712E-04  14.152400  7.325100
3  740.000000    100.177000    1040.000000   135.603000    1080.000000   116.772000    1.08957E-02  1.28016E-04  18.649900  8.579910
3  740.000000    100.177000    1080.000000   116.772000    1120.000000   126.923000    2.08221E-02  7.91675E-04  14.764600  36.996100
3  740.000000    100.177000    1880.000000   68.179000     1920.000000   68.761000     5.99956E-03  2.13935E-04  73.582300  35.610700
3  740.000000    100.177000    2280.000000   43.553000     2320.000000   45.377000     8.44407E-04  3.36406E-05  57.090700  48.652000
3  740.000000    100.177000    2360.000000   47.641000     2400.000000   52.837000     1.93850E-03  5.19832E-05  56.724300  29.851100
3  740.000000    100.177000    0.000000      105.852000    80.000000     108.382000    1.54407E-02  1.68861E-04  12.627900  6.286860
3  740.000000    100.177000    40.000000     108.172000    120.000000    102.908000    1.44252E-02  1.63247E-04  11.389700  6.887920
3  740.000000    100.177000    80.000000     108.382000    160.000000    97.335000     1.71159E-02  1.87183E-04  11.729400  6.286920
3  740.000000    100.177000    120.000000    102.908000    200.000000    92.851000     1.86364E-02  1.99551E-04  12.147800  5.990400
3  740.000000    100.177000    160.000000    97.335000     240.000000    92.290000     1.86376E-02  1.99564E-04  13.555600  5.990380
3  740.000000    100.177000    200.000000    92.851000     280.000000    93.398000     2.13353E-02  2.27129E-04  14.973600  6.038220
3  740.000000    100.177000    240.000000    92.290000     320.000000    95.039000     2.72836E-02  2.82904E-04  15.417100  5.072310
3  740.000000    100.177000    280.000000    93.398000     360.000000    95.756000     2.96968E-02  3.04336E-04  15.981100  4.512990
3  740.000000    100.177000    320.000000    95.039000     400.000000    101.442000    2.99164E-02  3.06586E-04  3.074910  4.512990
3  740.000000    100.177000    1160.000000   133.280000    1240.000000   143.282000    2.60105E-02  2.69768E-04  58.497800  5.077360
3  740.000000    100.177000    1200.000000   143.288000    1280.000000   155.645000    2.50325E-02  2.59647E-04  27.691500  5.079330
3  740.000000    100.177000    1240.000000   143.282000    1320.000000   173.060000    2.21510E-02  2.35926E-04  29.902000  6.047210
3  740.000000    100.177000    1280.000000   155.645000    1360.000000   187.371000    1.46080E-02  1.65399E-04  32.166400  6.897270
3  740.000000    100.177000    1320.000000   173.060000    1400.000000   194.951000    1.24822E-02  1.45381E-04  34.058700  8.331110
3  740.000000    100.177000    1360.000000   187.371000    1440.000000   204.976000    9.58652E-03  1.12654E-04  34.696600  8.582810
3  740.000000    100.177000    1800.000000   104.339000    1880.000000   68.179000     1.16509E-02  1.37034E-04  15.759600  8.490570
3  740.000000    100.177000    1840.000000   80.146000     1920.000000   68.761000     1.17230E-02  1.36506E-04  35.746800  8.327260
3  740.000000    100.177000    2200.000000   52.831000     2280.000000   43.553000     3.53419E-03  6.39734E-05  66.157100  22.824400
3  740.000000    100.177000    2240.000000   43.386000     2320.000000   45.377000     2.79859E-03  5.06131E-05  65.942200  22.811600
3  740.000000    100.177000    1400.000000   194.951000    1560.000000   155.051000    1.66583E-02  1.82268E-04  34.413100  6.296330
3  740.000000    100.177000    1440.000000   204.976000    1600.000000   131.871000    1.90905E-02  2.04499E-04  33.581000  5.998500
3  740.000000    100.177000    1480.000000   191.689000    1640.000000   112.857000    2.96345E-02  3.03934E-04  33.004700  4.531040
3  740.000000    100.177000    1520.000000   175.987000    1680.000000   114.145000    3.48025E-02  3.54102E-04  33.579700  4.137880
3  740.000000    100.177000    1560.000000   155.051000    1720.000000   106.756000    3.27581E-02  3.36023E-04  33.593800  4.534670
3  740.000000    100.177000    1600.000000   131.871000    1760.000000   101.140000    3.45670E-02  3.51564E-04  33.594900  4.127960
3  740.000000    100.177000    1640.000000   112.857000    1800.000000   104.339000    2.42599E-02  2.53506E-04  33.541700  5.235110
3  740.000000    100.177000    1680.000000   114.145000    1840.000000   80.146000     2.13322E-02  2.28560E-04  33.059900  6.158360
3  740.000000    100.177000    1720.000000   106.756000    1880.000000   68.179000     2.25296E-02  2.47573E-04  23.388800  6.624290
3  740.000000    100.177000    1760.000000   101.140000    1920.000000   68.761000     2.04028E-02  2.19504E-04  34.442200  6.080810
3  740.000000    100.177000    2000.000000   61.720000     2160.000000   69.496000     7.20536E-03  9.05952E-05  42.153800  12.116300
3  740.000000    100.177000    2040.000000   57.680000     2200.000000   52.831000     8.10563E-03  9.74248E-05  40.479200  9.579230
3  740.000000    100.177000    2080.000000   61.209000     2240.000000   43.386000     5.32726E-03  6.81330E-05  48.025900  12.655800
3  740.000000    100.177000    2120.000000   64.714000     2280.000000   43.553000     5.91378E-03  7.56018E-05  56.859300  12.650300
3  740.000000    100.177000    2160.000000   69.496000     2320.000000   45.377000     5.87181E-03  7.50106E-05  57.502400  12.640900
3  780.000000    101.926000    0.000000      105.852000    40.000000     108.172000    8.46074E-03  1.01669E-04  11.433900  9.575710
3  780.000000    101.926000    440.000000    109.091000    480.000000    117.202000    1.52359E-02  1.72420E-04  18.804600  6.887860
3  780.000000    101.926000    480.000000    117.202000    520.000000    118.621000    2.27400E-02  2.42083E-04  17.075900  6.038190
3  780.000000    101.926000    520.000000    118.621000    560.000000    114.524000    3.24492E-02  3.32543E-04  16.620100  4.512980
3  780.000000    101.926000    560.000000    114.524000    600.000000    110.348000    3.85300E-02  3.91623E-04  17.096200  4.112040
3  780.000000    101.926000    600.000000    110.348000    640.000000    121.240000    4.70087E-02  4.75371E-04  -8.950120  3.852660
3  780.000000    101.926000    640.000000    121.240000    680.000000    117.505000    7.40268E-02  7.43836E-04  26.260100  2.813550
3  780.000000    101.926000    680.000000    117.505000    720.000000    113.178000    1.70246E-01  1.70689E-03  10.041300  1.815850
3  780.000000    101.926000    840.000000    121.214000    880.000000    124.368000    2.16539E-01  2.17080E-03  8.742000  1.879510
3  780.000000    101.926000    880.000000    124.368000    920.000000    140.952000    1.06179E-01  1.06550E-03  6.519160  2.340630
3  780.000000    101.926000    920.000000    140.952000    960.000000    154.933000    7.02228E-02  7.05613E-04  7.945160  2.813530
3  780.000000    101.926000    960.000000    154.933000    1000.000000   139.164000    3.33363E-02  3.38833E-04  7.129910  4.112100
3  780.000000    101.926000    1000.000000   139.164000    1040.000000   135.603000    3.79503E-02  3.85731E-04  10.577200  4.112090
3  780.000000    101.926000    1040.000000   135.603000    1080.000000   116.772000    1.52230E-02  1.72274E-04  14.739000  6.887860
3  780.000000    101.926000    1080.000000   116.772000    1120.000000   126.923000    2.53675E-02  2.63036E-04  25.882900  5.072310
3  780.000000    101.926000    1880.000000   68.179000     1920.000000   68.761000     6.83562E-03  8.59477E-05  40.712000  12.116500
3  780.000000    101.926000    2280.000000   43.553000     2320.000000   45.377000     9.22977E-04  3.67707E-05  33.078700  48.651900
3  780.000000    101.926000    2360.000000   47.641000     2400.000000   52.837000     2.13710E-03  5.73089E-05  37.161800  29.851100
3  780.000000    101.926000    0.000000      105.852000    80.000000     108.382000    1.41987E-02  1.60684E-04  11.134400  6.887930
3  780.000000    101.926000    40.000000     108.172000    120.000000    102.908000    1.31428E-02  1.52991E-04  11.366100  8.322150
3  780.000000    101.926000    80.000000     108.382000    160.000000    97.335000     1.54797E-02  1.69289E-04  12.294200  6.286910
3  780.000000    101.926000    120.000000    102.908000    200.000000    92.851000     1.67290E-02  1.82953E-04  12.956300  6.287130
3  780.000000    101.926000    160.000000    97.335000     240.000000    92.290000     1.65624E-02  1.81130E-04  14.718900  6.286920
3  780.000000    101.926000    200.000000    92.851000     280.000000    93.398000     1.87338E-02  2.00594E-04  16.455200  5.990340
3  780.000000    101.926000    240.000000    92.290000     320.000000    95.039000     2.35835E-02  2.51065E-04  16.838300  6.038240
3  780.000000    101.926000    280.000000    93.398000     360.000000    95.756000     2.54978E-02  2.64387E-04  17.424900  5.072290
3  780.000000    101.926000    320.000000    95.039000     400.000000    101.442000    2.54500E-02  2.63891E-04  6.279090  5.072290
3  780.000000    101.926000    360.000000    95.756000     440.000000    109.091000    2.91864E-02  2.99108E-04  17.282000  4.513070
3  780.000000    101.926000    1120.000000   126.923000    1200.000000   143.288000    4.16862E-02  4.21510E-04  23.996600  3.850320
3  780.000000    101.926000    1160.000000   133.280000    1240.000000   143.282000    3.02145E-02  3.09644E-04  25.416400  4.513040
3  780.000000    101.926000    1200.000000   143.288000    1280.000000   155.645000    2.98709E-02  3.06129E-04  20.844900  4.513510
3  780.000000    101.926000    1240.000000   143.282000    1320.000000   173.060000    2.62957E-02  2.72663E-04  22.400600  5.072540
3  780.000000    101.926000    1280.000000   155.645000    1360.000000   187.371000    1.71870E-02  1.87962E-04  24.200700  6.287090
3  780.000000    101.926000    1320.000000   173.060000    1400.000000   194.951000    1.46252E-02  1.65512E-04  25.556500  6.888070
3  780.000000    101.926000    1360.000000   187.371000    1440.000000   204.976000    1.12290E-02  1.31903E-04  24.998000  8.576430
3  780.000000    101.926000    1400.000000   194.951000    1480.000000   191.689000    7.50498E-03  9.43466E-05  24.037600  12.114200
3  780.000000    101.926000    1800.000000   104.339000    1880.000000   68.179000     1.31521E-02  1.53100E-04  8.547440  8.322160
3  780.000000    101.926000    1840.000000   80.146000     1920.000000   68.761000     1.32860E-02  1.50355E-04  19.644300  6.887890
3  780.000000    101.926000    2200.000000   52.831000     2280.000000   43.553000     3.83660E-03  6.17301E-05  38.657800  18.597400
3  780.000000    101.926000    2240.000000   43.386000     2320.000000   45.377000     3.06382E-03  5.54043E-05  37.111100  22.810200
3  780.000000    101.926000    1440.000000   204.976000    1600.000000   131.871000    2.20419E-02  2.34654E-04  21.529500  6.038400
3  780.000000    101.926000    1480.000000   191.689000    1640.000000   112.857000    3.40485E-02  3.46076E-04  20.438300  4.112290
3  780.000000    101.926000    1520.000000   175.987000    1680.000000   114.145000    3.98653E-02  4.03098E-04  20.509200  3.850330
3  780.000000    101.926000    1560.000000   155.051000    1720.000000   106.756000    3.74489E-02  3.80634E-04  20.027400  4.112160
3  780.000000    101.926000    1600.000000   131.871000    1760.000000   101.140000    3.94218E-02  3.98610E-04  19.745400  3.850190
3  780.000000    101.926000    1640.000000   112.857000    1800.000000   104.339000    2.75794E-02  2.85971E-04  19.692900  5.072330
3  780.000000    101.926000    1680.000000   114.145000    1840.000000   80.146000     2.41972E-02  2.50901E-04  18.774700  5.072400
3  780.000000    101.926000    1720.000000   106.756000    1880.000000   68.179000     2.54814E-02  2.64217E-04  13.142200  5.072310
3  780.000000    101.926000    1760.000000   101.140000    1920.000000   68.761000     2.30921E-02  2.45832E-04  19.287800  6.038200
3  780.000000    101.926000    2000.000000   61.720000     2160.000000   69.496000     7.93920E-03  9.54006E-05  27.237500  9.575520
3  780.000000    101.926000    2040.000000   57.680000     2200.000000   52.831000     8.90238E-03  1.06976E-04  26.197300  9.575760
3  780.000000    101.926000    2080.000000   61.209000     2240.000000   43.386000     5.78642E-03  7.40737E-05  31.756000  12.667700
3  780.000000    101.926000    2120.000000   64.714000     2280.000000   43.553000     6.41464E-03  8.09624E-05  34.969300  12.166300
3  780.000000    101.926000    2160.000000   69.496000     2320.000000   45.377000     6.36902E-03  8.14528E-05  34.101700  12.655200
3  820.000000    115.703000    0.000000      105.852000    40.000000     108.172000    7.84848E-03  9.86734E-05  18.024600  12.115300
3  820.000000    115.703000    480.000000    117.202000    520.000000    118.621000    1.85442E-02  1.98564E-04  18.610900  5.990350
3  820.000000    115.703000    520.000000    118.621000    560.000000    114.524000    2.58088E-02  2.67611E-04  18.272100  5.072300
3  820.000000    115.703000    560.000000    114.524000    600.000000    110.348000    2.94519E-02  3.01829E-04  18.475100  4.513030
3  820.000000    115.703000    600.000000    110.348000    640.000000    121.240000    3.40443E-02  3.46036E-04  -4.368140  4.112440
3  820.000000    115.703000    640.000000    121.240000    680.000000    117.505000    4.80277E-02  4.83903E-04  28.811900  3.398130
3  820.000000    115.703000    680.000000    117.505000    720.000000    113.178000    9.67525E-02  9.71395E-04  12.779900  2.592500
3  820.000000    115.703000    720.000000    113.178000    760.000000    100.356000    2.68545E-01  4.83870E-03  -7.200830  15.055400
3  820.000000    115.703000    880.000000    124.368000    920.000000    140.952000    2.26767E-01  2.40448E-03  9.392750  3.932230
3  820.000000    115.703000    920.000000    140.952000    960.000000    154.933000    1.18746E-01  3.27753E-03  37.798400  25.793400
3  820.000000    115.703000    960.000000    154.933000    1000.000000   139.164000    5.98265E-02  6.01992E-04  7.447890  3.197590
3  820.000000    115.703000    1000.000000   139.164000    1040.000000   135.603000    4.98157E-02  5.01918E-04  8.761590  3.398000
3  820.000000    115.703000    1040.000000   135.603000    1080.000000   116.772000    2.12044E-02  2.25738E-04  12.414100  6.038230
3  820.000000    115.703000    1080.000000   116.772000    1120.000000   126.923000    3.31741E-02  1.29714E-03  14.918400  37.980000
3  820.000000    115.703000    1120.000000   126.923000    1160.000000   133.280000    2.91549E-02  2.98785E-04  18.540200  4.513200
3  820.000000    115.703000    1880.000000   68.179000     1920.000000   68.761000     7.54983E-03  9.49112E-05  38.201600  12.114200
3  820.000000    115.703000    2280.000000   43.553000     2320.000000   45.377000     1.01979E-03  4.06276E-05  38.652200  48.651900
3  820.000000    115.703000    2360.000000   47.641000     2400.000000   52.837000     2.35750E-03  6.32192E-05  39.267300  29.851100
3  820.000000    115.703000    0.000000      105.852000    80.000000     108.382000    1.31407E-02  1.52967E-04  17.448300  8.322270
3  820.000000    115.703000    40.000000     108.172000    120.000000    102.908000    1.20714E-02  1.40521E-04  16.757300  8.322360
3  820.000000    115.703000    120.000000    102.908000    200.000000    92.851000     1.51858E-02  1.71855E-04  17.001400  6.887940
3  820.000000    115.703000    160.000000    97.335000     240.000000    92.290000     1.49118E-02  1.68754E-04  18.108700  6.887920
3  820.000000    115.703000    200.000000    92.851000     280.000000    93.398000     1.67061E-02  1.82700E-04  19.252100  6.286870
3  820.000000    115.703000    240.000000    92.290000     320.000000    95.039000     2.08541E-02  2.22009E-04  19.268600  6.038240
3  820.000000    115.703000    280.000000    93.398000     360.000000    95.756000     2.23344E-02  2.37768E-04  19.537800  6.038270
3  820.000000    115.703000    320.000000    95.039000     400.000000    101.442000    2.20414E-02  2.34648E-04  8.732620  6.038230
3  820.000000    115.703000    360.000000    95.756000     440.000000    109.091000    2.48428E-02  2.57595E-04  18.970800  5.072320
3  820.000000    115.703000    400.000000    101.442000    480.000000    117.202000    2.65558E-02  2.75357E-04  28.437300  5.072350
3  820.000000    115.703000    1160.000000   133.280000    1240.000000   143.282000    3.59886E-02  3.65799E-04  25.121800  4.112470
3  820.000000    115.703000    1200.000000   143.288000    1280.000000   155.645000    3.51867E-02  3.57652E-04  20.244700  4.112840
3  820.000000    115.703000    1240.000000   143.282000    1320.000000   173.060000    3.07970E-02  3.15623E-04  21.777200  4.513780
3  820.000000    115.703000    1280.000000   155.645000    1360.000000   187.371000    1.99788E-02  2.13931E-04  23.598800  5.990840
3  820.000000    115.703000    1320.000000   173.060000    1400.000000   194.951000    1.69199E-02  1.85043E-04  24.996100  6.287370
3  820.000000    115.703000    1360.000000   187.371000    1440.000000   204.976000    1.29373E-02  1.50601E-04  24.516000  8.322380
3  820.000000    115.703000    1400.000000   194.951000    1480.000000   191.689000    8.61330E-03  1.03501E-04  23.609700  9.575510
3  820.000000    115.703000    1440.000000   204.976000    1520.000000   175.987000    8.23685E-03  9.89773E-05  22.513800  9.575490
3  820.000000    115.703000    1800.000000   104.339000    1880.000000   68.179000     1.47126E-02  1.66500E-04  9.815050  6.887940
3  820.000000    115.703000    1840.000000   80.146000     1920.000000   68.761000     1.47883E-02  1.67361E-04  19.533200  6.888450
3  820.000000    115.703000    2200.000000   52.831000     2280.000000   43.553000     4.23431E-03  6.80263E-05  43.485800  18.576300
3  820.000000    115.703000    2240.000000   43.386000     2320.000000   45.377000     3.38779E-03  6.12628E-05  43.985900  22.810200
3  820.000000    115.703000    0.000000      105.852000    160.000000    97.335000     2.72745E-02  2.82815E-04  17.194800  5.072750
3  820.000000    115.703000    1480.000000   191.689000    1640.000000   112.857000    3.85211E-02  3.91540E-04  20.047000  4.112630
3  820.000000    115.703000    1520.000000   175.987000    1680.000000   114.145000    4.49874E-02  4.54899E-04  20.138000  3.850870
3  820.000000    115.703000    1560.000000   155.051000    1720.000000   106.756000    4.21823E-02  4.26535E-04  19.695300  3.851070
3  820.000000    115.703000    1600.000000   131.871000    1760.000000   101.140000    4.43047E-02  4.47991E-04  19.443100  3.850730
3  820.000000    115.703000    1640.000000   112.857000    1800.000000   104.339000    3.09288E-02  3.16968E-04  19.449800  4.513260
3  820.000000    115.703000    1680.000000   114.145000    1840.000000   80.146000     2.70665E-02  2.80653E-04  18.598600  5.072350
3  820.000000    115.703000    1720.000000   106.756000    1880.000000   68.179000     2.85003E-02  2.92077E-04  13.704800  4.513100
3  820.000000    115.703000    1760.000000   101.140000    1920.000000   68.761000     2.57321E-02  2.66821E-04  19.175300  5.072630
3  820.000000    115.703000    2000.000000   61.720000     2160.000000   69.496000     8.76353E-03  1.05307E-04  28.670600  9.575600
3  820.000000    115.703000    2040.000000   57.680000     2200.000000   52.831000     9.80575E-03  1.15188E-04  25.683400  8.576930
3  820.000000    115.703000    2080.000000   61.209000     2240.000000   43.386000     6.35507E-03  8.11822E-05  29.838600  12.640500
3  820.000000    115.703000    2120.000000   64.714000     2280.000000   43.553000     7.05283E-03  8.86703E-05  35.448800  12.115300
3  820.000000    115.703000    2160.000000   69.496000     2320.000000   45.377000     7.00850E-03  8.81102E-05  35.653100  12.114900
3  860.000000    123.097000    0.000000      105.852000    40.000000     108.172000    7.37243E-03  9.26818E-05  7.545160  12.114300
3  860.000000    123.097000    520.000000    118.621000    560.000000    114.524000    2.08758E-02  2.22238E-04  20.680200  6.038200
3  860.000000    123.097000    560.000000    114.524000    600.000000    110.348000    2.32885E-02  2.47922E-04  20.821900  6.038220
3  860.000000    123.097000    600.000000    110.348000    640.000000    121.240000    2.64592E-02  2.74369E-04  -0.493806  5.073350
3  860.000000    123.097000    640.000000    121.240000    680.000000    117.505000    3.40478E-02  3.46065E-04  32.440200  4.112140
3  860.000000    123.097000    680.000000    117.505000    720.000000    113.178000    6.46102E-02  6.50127E-04  15.961600  3.197490
3  860.000000    123.097000    760.000000    100.356000    800.000000    108.602000    2.82030E-01  2.82583E-03  9.579900  1.549950
3  860.000000    123.097000    920.000000    140.952000    960.000000    154.933000    2.45577E-01  2.46191E-03  6.424750  1.879640
3  860.000000    123.097000    960.000000    154.933000    1000.000000   139.164000    1.35590E-01  1.36055E-03  8.517190  2.039870
3  860.000000    123.097000    1000.000000   139.164000    1040.000000   135.603000    6.32068E-02  6.36012E-04  6.047550  3.197690
3  860.000000    123.097000    1040.000000   135.603000    1080.000000   116.772000    3.23876E-02  3.31915E-04  9.757360  4.513060
3  860.000000    123.097000    1080.000000   116.772000    1120.000000   126.923000    4.01717E-02  4.06196E-04  25.508100  3.850320
3  860.000000    123.097000    1120.000000   126.923000    1160.000000   133.280000    3.54936E-02  3.60764E-04  16.186300  4.112270
3  860.000000    123.097000    1160.000000   133.280000    1200.000000   143.288000    2.48102E-02  2.57259E-04  26.520700  5.072460
3  860.000000    123.097000    1880.000000   68.179000     1920.000000   68.761000     8.32286E-03  1.00011E-04  22.972600  9.575520
3  860.000000    123.097000    2280.000000   43.553000     2320.000000   45.377000     1.08580E-03  4.32574E-05  -1.181910  48.651900
3  860.000000    123.097000    2360.000000   47.641000     2400.000000   52.837000     2.50720E-03  4.53387E-05  -2.626620  22.810200
3  860.000000    123.097000    0.000000      105.852000    80.000000     108.382000    1.23079E-02  1.43273E-04  7.682230  8.322240
3  860.000000    123.097000    40.000000     108.172000    120.000000    102.908000    1.11835E-02  1.31375E-04  9.174720  8.577240
3  860.000000    123.097000    160.000000    97.335000     240.000000    92.290000     1.35149E-02  1.52945E-04  15.690300  6.887870
3  860.000000    123.097000    200.000000    92.851000     280.000000    93.398000     1.49876E-02  1.69612E-04  18.233100  6.887930
3  860.000000    123.097000    240.000000    92.290000     320.000000    95.039000     1.85621E-02  1.98756E-04  19.147600  5.990330
3  860.000000    123.097000    280.000000    93.398000     360.000000    95.756000     1.97325E-02  2.11288E-04  20.126900  5.990380
3  860.000000    123.097000    320.000000    95.039000     400.000000    101.442000    1.93602E-02  2.07301E-04  10.119900  5.990340
3  860.000000    123.097000    360.000000    95.756000     440.000000    109.091000    2.14190E-02  2.28020E-04  20.696700  6.038200
3  860.000000    123.097000    400.000000    101.442000    480.000000    117.202000    2.23789E-02  2.38239E-04  30.585800  6.038220
3  860.000000    123.097000    440.000000    109.091000    520.000000    118.621000    2.57470E-02  2.66971E-04  21.500500  5.072280
3  860.000000    123.097000    1200.000000   143.288000    1280.000000   155.645000    4.12149E-02  4.16740E-04  16.251500  3.850170
3  860.000000    123.097000    1240.000000   143.282000    1320.000000   173.060000    3.58612E-02  3.64497E-04  17.268500  4.112110
3  860.000000    123.097000    1280.000000   155.645000    1360.000000   187.371000    2.30105E-02  2.44965E-04  18.457200  6.038230
3  860.000000    123.097000    1320.000000   173.060000    1400.000000   194.951000    1.93764E-02  2.07475E-04  19.342800  5.990410
3  860.000000    123.097000    1360.000000   187.371000    1440.000000   204.976000    1.48331E-02  1.67862E-04  18.124500  6.887860
3  860.000000    123.097000    1400.000000   194.951000    1480.000000   191.689000    9.89270E-03  1.16206E-04  16.342200  8.576460
3  860.000000    123.097000    1440.000000   204.976000    1520.000000   175.987000    9.36733E-03  1.12562E-04  14.706400  9.575450
3  860.000000    123.097000    1480.000000   191.689000    1560.000000   155.051000    1.52257E-02  1.72306E-04  13.359700  6.887900
3  860.000000    123.097000    1800.000000   104.339000    1880.000000   68.179000     1.62396E-02  1.77598E-04  -4.098540  6.286870
3  860.000000    123.097000    1840.000000   80.146000     1920.000000   68.761000     1.63218E-02  1.78498E-04  5.155480  6.286990
3  860.000000    123.097000    2200.000000   52.831000     2280.000000   43.553000     4.46355E-03  7.18971E-05  -1.882610  18.612800
3  860.000000    123.097000    2240.000000   43.386000     2320.000000   45.377000     3.58790E-03  6.48814E-05  1.833880  22.810200
3  860.000000    123.097000    0.000000      105.852000    160.000000    97.335000     2.52958E-02  2.62300E-04  9.511680  5.072910
3  860.000000    123.097000    40.000000     108.172000    200.000000    92.851000     2.50612E-02  2.59860E-04  11.305900  5.072290
3  860.000000    123.097000    1520.000000   175.987000    1680.000000   114.145000    5.03563E-02  5.07360E-04  9.814450  3.397810
3  860.000000    123.097000    1560.000000   155.051000    1720.000000   106.756000    4.71549E-02  4.76802E-04  8.971000  3.850170
3  860.000000    123.097000    1600.000000   131.871000    1760.000000   101.140000    4.93870E-02  4.97594E-04  8.028030  3.397840
3  860.000000    123.097000    1640.000000   112.857000    1800.000000   104.339000    3.44120E-02  3.49767E-04  7.416260  4.112050
3  860.000000    123.097000    1680.000000   114.145000    1840.000000   80.146000     3.00021E-02  3.07465E-04  5.605850  4.512980
3  860.000000    123.097000    1720.000000   106.756000    1880.000000   68.179000     3.14986E-02  3.22804E-04  0.254296  4.513000
3  860.000000    123.097000    1760.000000   101.140000    1920.000000   68.761000     2.84058E-02  2.91108E-04  4.981210  4.513050
3  860.000000    123.097000    2000.000000   61.720000     2160.000000   69.496000     9.49713E-03  1.14121E-04  3.974980  9.575450
3  860.000000    123.097000    2040.000000   57.680000     2200.000000   52.831000     1.06112E-02  1.24647E-04  0.614679  8.576490
3  860.000000    123.097000    2080.000000   61.209000     2240.000000   43.386000     6.80560E-03  8.55682E-05  -2.718140  12.116200
3  860.000000    123.097000    2120.000000   64.714000     2280.000000   43.553000     7.49049E-03  9.43262E-05  -3.167550  12.136500
3  860.000000    123.097000    2160.000000   69.496000     2320.000000   45.377000     7.42890E-03  9.34303E-05  -4.840820  12.119700
3  900.000000    129.785000    0.000000      105.852000    40.000000     108.172000    6.92309E-03  8.70336E-05  24.812600  12.114500
3  900.000000    129.785000    560.000000    114.524000    600.000000    110.348000    1.95208E-02  2.09021E-04  21.701200  5.990340
3  900.000000    129.785000    600.000000    110.348000    640.000000    121.240000    2.17078E-02  2.31101E-04  1.520980  6.038680
3  900.000000    129.785000    640.000000    121.240000    680.000000    117.505000    2.69448E-02  2.79399E-04  34.070000  5.072830
3  900.000000    129.785000    680.000000    117.505000    720.000000    113.178000    4.86689E-02  4.90359E-04  17.743900  3.397810
3  900.000000    129.785000    720.000000    113.178000    760.000000    100.356000    1.05962E-01  1.06332E-03  13.211200  2.340730
3  900.000000    129.785000    760.000000    100.356000    800.000000    108.602000    1.45429E-01  1.45854E-03  10.138000  1.868330
3  900.000000    129.785000    800.000000    108.602000    840.000000    121.214000    2.58871E-01  2.59518E-03  8.565990  1.879500
3  900.000000    129.785000    960.000000    154.933000    1000.000000   139.164000    2.58786E-01  2.59433E-03  8.448130  1.879610
3  900.000000    129.785000    1000.000000   139.164000    1040.000000   135.603000    9.30092E-02  9.33831E-04  5.898010  2.593490
3  900.000000    129.785000    1040.000000   135.603000    1080.000000   116.772000    4.69011E-02  4.74236E-04  8.632050  3.850180
3  900.000000    129.785000    1080.000000   116.772000    1120.000000   126.923000    5.05291E-02  5.09106E-04  28.537600  3.397870
3  900.000000    129.785000    1120.000000   126.923000    1160.000000   133.280000    4.24119E-02  4.28844E-04  18.736700  3.850110
3  900.000000    129.785000    1160.000000   133.280000    1200.000000   143.288000    2.90560E-02  2.97772E-04  28.691800  4.513220
3  900.000000    129.785000    1200.000000   143.288000    1240.000000   143.282000    2.05348E-02  2.19878E-04  18.449500  5.990340
3  900.000000    129.785000    1880.000000   68.179000     1920.000000   68.761000     9.07221E-03  1.09028E-04  35.608600  9.577280
3  900.000000    129.785000    2280.000000   43.553000     2320.000000   45.377000     1.16790E-03  4.65282E-05  27.625200  48.651900
3  900.000000    129.785000    2360.000000   47.641000     2400.000000   52.837000     2.68920E-03  4.86299E-05  29.510200  22.810200
3  900.000000    129.785000    0.000000      105.852000    80.000000     108.382000    1.15439E-02  1.34379E-04  23.665600  8.322150
3  900.000000    129.785000    40.000000     108.172000    120.000000    102.908000    1.04401E-02  1.22636E-04  21.585700  8.576440
3  900.000000    129.785000    200.000000    92.851000     280.000000    93.398000     1.37260E-02  1.55333E-04  21.968300  6.887860
3  900.000000    129.785000    240.000000    92.290000     320.000000    95.039000     1.69065E-02  1.84893E-04  21.840500  6.286890
3  900.000000    129.785000    280.000000    93.398000     360.000000    95.756000     1.78661E-02  1.95385E-04  21.971400  6.286830
3  900.000000    129.785000    320.000000    95.039000     400.000000    101.442000    1.74160E-02  1.90463E-04  11.272000  6.286840
3  900.000000    129.785000    360.000000    95.756000     440.000000    109.091000    1.90529E-02  2.04011E-04  21.402600  5.990330
3  900.000000    129.785000    400.000000    101.442000    480.000000    117.202000    1.96741E-02  2.10662E-04  31.515000  5.990450
3  900.000000    129.785000    440.000000    109.091000    520.000000    118.621000    2.23560E-02  2.37995E-04  22.376300  6.038190
3  900.000000    129.785000    480.000000    117.202000    560.000000    114.524000    3.09828E-02  3.17515E-04  21.646600  4.512990
3  900.000000    129.785000    1240.000000   143.282000    1320.000000   173.060000    4.09502E-02  4.14064E-04  21.355100  3.850130
3  900.000000    129.785000    1280.000000   155.645000    1360.000000   187.371000    2.60824E-02  2.70448E-04  23.241900  5.072340
3  900.000000    129.785000    1320.000000   173.060000    1400.000000   194.951000    2.18677E-02  2.32797E-04  24.736200  6.038210
3  900.000000    129.785000    1360.000000   187.371000    1440.000000   204.976000    1.66607E-02  1.82203E-04  24.099100  6.286850
3  900.000000    129.785000    1400.000000   194.951000    1480.000000   191.689000    1.10572E-02  1.29885E-04  23.062900  8.576440
3  900.000000    129.785000    1440.000000   204.976000    1520.000000   175.987000    1.04437E-02  1.22679E-04  22.116000  8.576480
3  900.000000    129.785000    1480.000000   191.689000    1560.000000   155.051000    1.69287E-02  1.85134E-04  21.451300  6.286850
3  900.000000    129.785000    1520.000000   175.987000    1600.000000   131.871000    2.09259E-02  2.22771E-04  20.010600  6.038190
3  900.000000    129.785000    1800.000000   104.339000    1880.000000   68.179000     1.77605E-02  1.94232E-04  8.819500  6.286900
3  900.000000    129.785000    1840.000000   80.146000     1920.000000   68.761000     1.78189E-02  1.94869E-04  17.900200  6.286830
3  900.000000    129.785000    2200.000000   52.831000     2280.000000   43.553000     4.80194E-03  7.70793E-05  27.099800  18.564400
3  900.000000    129.785000    2240.000000   43.386000     2320.000000   45.377000     3.86760E-03  6.20727E-05  27.166700  18.562400
3  900.000000    129.785000    0.000000      105.852000    160.000000    97.335000     2.36203E-02  2.51455E-04  22.341200  6.038200
3  900.000000    129.785000    40.000000     108.172000    200.000000    92.851000     2.32981E-02  2.48025E-04  21.000000  6.038190
3  900.000000    129.785000    80.000000     108.382000    240.000000    92.290000     2.45326E-02  2.54379E-04  21.118600  5.072310
3  900.000000    129.785000    1560.000000   155.051000    1720.000000   106.756000    5.19763E-02  5.23682E-04  19.095100  3.397790
3  900.000000    129.785000    1600.000000   131.871000    1760.000000   101.140000    5.43431E-02  5.47528E-04  18.672900  3.397800
3  900.000000    129.785000    1640.000000   112.857000    1800.000000   104.339000    3.77937E-02  3.84139E-04  18.510900  4.112050
3  900.000000    129.785000    1680.000000   114.145000    1840.000000   80.146000     3.28856E-02  3.37018E-04  17.447400  4.513000
3  900.000000    129.785000    1720.000000   106.756000    1880.000000   68.179000     3.44862E-02  3.50521E-04  12.688500  4.112050
3  900.000000    129.785000    1760.000000   101.140000    1920.000000   68.761000     3.10418E-02  3.18119E-04  17.658400  4.512980
3  900.000000    129.785000    2000.000000   61.720000     2160.000000   69.496000     1.02751E-02  1.20697E-04  24.083400  8.576440
3  900.000000    129.785000    2040.000000   57.680000     2200.000000   52.831000     1.14492E-02  1.33277E-04  22.470600  8.322190
3  900.000000    129.785000    2080.000000   61.209000     2240.000000   43.386000     7.30550E-03  9.19514E-05  25.394000  12.130100
3  900.000000    129.785000    2120.000000   64.714000     2280.000000   43.553000     8.03782E-03  9.65985E-05  25.858700  9.577470
3  900.000000    129.785000    2160.000000   69.496000     2320.000000   45.377000     7.97359E-03  9.58138E-05  24.697600  9.575460
3  945.000000    146.199000    0.000000      105.852000    40.000000     108.172000    6.54595E-03  8.23120E-05  21.410900  12.117500
3  945.000000    146.199000    600.000000    110.348000    640.000000    121.240000    1.75521E-02  1.91957E-04  5.140180  6.287270
3  945.000000    146.199000    640.000000    121.240000    680.000000    117.505000    2.06418E-02  2.21026E-04  35.894000  5.990600
3  945.000000    146.199000    680.000000    117.505000    720.000000    113.178000    3.64311E-02  3.70289E-04  20.710000  4.112040
3  945.000000    146.199000    720.000000    113.178000    760.000000    100.356000    7.41591E-02  7.45158E-04  16.519400  2.813400
3  945.000000    146.199000    760.000000    100.356000    800.000000    108.602000    9.01555E-02  9.05161E-04  13.407900  2.592520
3  945.000000    146.199000    800.000000    108.602000    840.000000    121.214000    1.29851E-01  1.30296E-03  13.849700  2.039740
3  945.000000    146.199000    840.000000    121.214000    880.000000    124.368000    2.21463E-01  3.67066E-03  15.699000  13.332300
3  945.000000    146.199000    1040.000000   135.603000    1080.000000   116.772000    9.99331E-02  1.00291E-03  1.918890  2.344820
3  945.000000    146.199000    1080.000000   116.772000    1120.000000   126.923000    7.53947E-02  7.57581E-04  37.194600  2.813510
3  945.000000    146.199000    1120.000000   126.923000    1160.000000   133.280000    5.48123E-02  5.52261E-04  17.832200  3.397880
3  945.000000    146.199000    1160.000000   133.280000    1200.000000   143.288000    3.58972E-02  3.64866E-04  31.579000  4.112200
3  945.000000    146.199000    1200.000000   143.288000    1240.000000   143.282000    2.49019E-02  2.58208E-04  19.408500  5.072300
3  945.000000    146.199000    1240.000000   143.282000    1280.000000   155.645000    3.20976E-02  3.28943E-04  22.070200  4.513000
3  945.000000    146.199000    1880.000000   68.179000     1920.000000   68.761000     1.00092E-02  1.17575E-04  37.797800  8.576510
3  945.000000    146.199000    2080.000000   61.209000     2120.000000   64.714000     2.16208E-03  5.79788E-05  31.315600  29.851100
3  945.000000    146.199000    2280.000000   43.553000     2320.000000   45.377000     1.26950E-03  5.05759E-05  33.143900  48.651900
3  945.000000    146.199000    2360.000000   47.641000     2400.000000   52.837000     2.91790E-03  5.27656E-05  33.875400  22.810200
3  945.000000    146.199000    0.000000      105.852000    80.000000     108.382000    1.08824E-02  1.27848E-04  20.547300  8.578430
3  945.000000    146.199000    40.000000     108.172000    120.000000    102.908000    9.73976E-03  1.14409E-04  19.116500  8.576430
3  945.000000    146.199000    240.000000    92.290000     320.000000    95.039000     1.51908E-02  1.71911E-04  20.932900  6.887870
3  945.000000    146.199000    280.000000    93.398000     360.000000    95.756000     1.59418E-02  1.74341E-04  21.328300  6.286840
3  945.000000    146.199000    320.000000    95.039000     400.000000    101.442000    1.54444E-02  1.68903E-04  10.852300  6.286890
3  945.000000    146.199000    360.000000    95.756000     440.000000    109.091000    1.66552E-02  1.82143E-04  21.354800  6.286880
3  945.000000    146.199000    400.000000    101.442000    480.000000    117.202000    1.69094E-02  1.84923E-04  32.139300  6.286860
3  945.000000    146.199000    440.000000    109.091000    520.000000    118.621000    1.89118E-02  2.02500E-04  23.061100  5.990340
3  945.000000    146.199000    480.000000    117.202000    560.000000    114.524000    2.59212E-02  2.68777E-04  22.569400  5.072290
3  945.000000    146.199000    520.000000    118.621000    600.000000    110.348000    3.07803E-02  3.15440E-04  22.885200  4.512990
3  945.000000    146.199000    1280.000000   155.645000    1360.000000   187.371000    3.05831E-02  3.13419E-04  24.344300  4.512980
3  945.000000    146.199000    1320.000000   173.060000    1400.000000   194.951000    2.54426E-02  2.63814E-04  26.035000  5.072310
3  945.000000    146.199000    1360.000000   187.371000    1440.000000   204.976000    1.92890E-02  2.06539E-04  25.887300  5.990330
3  945.000000    146.199000    1400.000000   194.951000    1480.000000   191.689000    1.27442E-02  1.48351E-04  25.478200  8.322170
3  945.000000    146.199000    1440.000000   204.976000    1520.000000   175.987000    1.19561E-02  1.39177E-04  24.542500  8.322150
3  945.000000    146.199000    1480.000000   191.689000    1560.000000   155.051000    1.92687E-02  2.06322E-04  24.245900  5.990350
3  945.000000    146.199000    1520.000000   175.987000    1600.000000   131.871000    2.37076E-02  2.52384E-04  22.795100  6.038210
3  945.000000    146.199000    1560.000000   155.051000    1640.000000   112.857000    3.48402E-02  3.54119E-04  21.514900  4.112110
3  945.000000    146.199000    1800.000000   104.339000    1880.000000   68.179000     1.98087E-02  2.12104E-04  14.486900  5.990350
3  945.000000    146.199000    1840.000000   80.146000     1920.000000   68.761000     1.97903E-02  2.11909E-04  22.479200  5.990550
3  945.000000    146.199000    2040.000000   57.680000     2120.000000   64.714000     9.02723E-03  1.08475E-04  27.714900  9.575450
3  945.000000    146.199000    2200.000000   52.831000     2280.000000   43.553000     5.20411E-03  6.64908E-05  34.212900  12.642800
3  945.000000    146.199000    2240.000000   43.386000     2320.000000   45.377000     4.20793E-03  6.75348E-05  34.972200  18.562400
3  945.000000    146.199000    0.000000      105.852000    160.000000    97.335000     2.20613E-02  2.34858E-04  19.739000  6.038230
3  945.000000    146.199000    40.000000     108.172000    200.000000    92.851000     2.15740E-02  2.29672E-04  18.911400  6.038240
3  945.000000    146.199000    80.000000     108.382000    240.000000    92.290000     2.25549E-02  2.40113E-04  19.300000  6.038190
3  945.000000    146.199000    120.000000    102.908000    280.000000    93.398000     2.42558E-02  2.51508E-04  19.746000  5.072290
3  945.000000    146.199000    1600.000000   131.871000    1760.000000   101.140000    6.09899E-02  6.13699E-04  22.034500  3.197520
3  945.000000    146.199000    1640.000000   112.857000    1800.000000   104.339000    4.23132E-02  4.27846E-04  22.069500  3.850120
3  945.000000    146.199000    1680.000000   114.145000    1840.000000   80.146000     3.67112E-02  3.73136E-04  21.413700  4.112100
3  945.000000    146.199000    1720.000000   106.756000    1880.000000   68.179000     3.84702E-02  3.91015E-04  17.498200  4.112090
3  945.000000    146.199000    1760.000000   101.140000    1920.000000   68.761000     3.45117E-02  3.50780E-04  22.050400  4.112110
3  945.000000    146.199000    2000.000000   61.720000     2160.000000   69.496000     1.12794E-02  1.32496E-04  29.635700  8.576500
3  945.000000    146.199000    2120.000000   64.714000     2280.000000   43.553000     8.71252E-03  1.04703E-04  30.955800  9.576890
3  945.000000    146.199000    2160.000000   69.496000     2320.000000   45.377000     8.64019E-03  1.03824E-04  30.055500  9.575480
3  973.000000    156.389000    0.000000      105.852000    40.000000     108.172000    6.29141E-03  8.03596E-05  10.869200  12.639000
3  973.000000    156.389000    640.000000    121.240000    680.000000    117.505000    1.80690E-02  1.93479E-04  37.752300  5.990790
3  973.000000    156.389000    680.000000    117.505000    720.000000    113.178000    3.14199E-02  3.21994E-04  22.626500  4.512980
3  973.000000    156.389000    720.000000    113.178000    760.000000    100.356000    6.22029E-02  6.25904E-04  18.487900  3.197480
3  973.000000    156.389000    760.000000    100.356000    800.000000    108.602000    7.23132E-02  7.26610E-04  15.637300  2.813360
3  973.000000    156.389000    800.000000    108.602000    840.000000    121.214000    9.48744E-02  9.52539E-04  16.147500  2.592470
3  973.000000    156.389000    840.000000    121.214000    880.000000    124.368000    1.40789E-01  1.41200E-03  11.449400  1.868320
3  973.000000    156.389000    1040.000000   135.603000    1080.000000   116.772000    1.67351E-01  1.67856E-03  3.214090  1.873470
3  973.000000    156.389000    1080.000000   116.772000    1120.000000   126.923000    9.52646E-02  9.56457E-04  36.551200  2.592710
3  973.000000    156.389000    1120.000000   126.923000    1160.000000   133.280000    6.40799E-02  6.44798E-04  18.123300  3.197700
3  973.000000    156.389000    1160.000000   133.280000    1200.000000   143.288000    4.06076E-02  4.10600E-04  31.515200  3.850270
3  973.000000    156.389000    1200.000000   143.288000    1240.000000   143.282000    2.75390E-02  2.85552E-04  19.443200  5.072340
3  973.000000    156.389000    1240.000000   143.282000    1280.000000   155.645000    3.49221E-02  3.54952E-04  21.774000  4.112140
3  973.000000    156.389000    1280.000000   155.645000    1320.000000   173.060000    1.80246E-02  1.93000E-04  22.379700  5.990390
3  973.000000    156.389000    1880.000000   68.179000     1920.000000   68.761000     1.04760E-02  1.23058E-04  34.367500  8.576480
3  973.000000    156.389000    2280.000000   43.553000     2320.000000   45.377000     1.31340E-03  5.23248E-05  22.358700  48.651900
3  973.000000    156.389000    2360.000000   47.641000     2400.000000   52.837000     3.01290E-03  5.44835E-05  21.504700  22.810200
3  973.000000    156.389000    0.000000      105.852000    80.000000     108.382000    1.04511E-02  1.22769E-04  10.794600  8.576880
3  973.000000    156.389000    40.000000     108.172000    120.000000    102.908000    9.31976E-03  1.11990E-04  11.547400  9.575450
3  973.000000    156.389000    280.000000    93.398000     360.000000    95.756000     1.50180E-02  1.69954E-04  20.283100  6.887860
3  973.000000    156.389000    320.000000    95.039000     400.000000    101.442000    1.45302E-02  1.64435E-04  10.228500  6.887890
3  973.000000    156.389000    360.000000    95.756000     440.000000    109.091000    1.55539E-02  1.70099E-04  21.262100  6.286820
3  973.000000    156.389000    400.000000    101.442000    480.000000    117.202000    1.56289E-02  1.70921E-04  32.562600  6.286980
3  973.000000    156.389000    440.000000    109.091000    520.000000    118.621000    1.73279E-02  1.89500E-04  23.601000  6.286820
3  973.000000    156.389000    480.000000    117.202000    560.000000    114.524000    2.36359E-02  2.51621E-04  23.324400  6.038190
3  973.000000    156.389000    520.000000    118.621000    600.000000    110.348000    2.78698E-02  2.85612E-04  23.804300  4.512990
3  973.000000    156.389000    560.000000    114.524000    640.000000    121.240000    3.01395E-02  3.08876E-04  15.013500  4.513010
3  973.000000    156.389000    1320.000000   173.060000    1400.000000   194.951000    2.73779E-02  2.83881E-04  25.449100  5.072310
3  973.000000    156.389000    1360.000000   187.371000    1440.000000   204.976000    2.07490E-02  2.20888E-04  25.297500  6.038200
3  973.000000    156.389000    1400.000000   194.951000    1480.000000   191.689000    1.37134E-02  1.55192E-04  24.870900  6.887920
3  973.000000    156.389000    1440.000000   204.976000    1520.000000   175.987000    1.27800E-02  1.48768E-04  23.784000  8.322150
3  973.000000    156.389000    1480.000000   191.689000    1560.000000   155.051000    2.05164E-02  2.19681E-04  23.226800  5.990370
3  973.000000    156.389000    1520.000000   175.987000    1600.000000   131.871000    2.51690E-02  2.60977E-04  21.824900  5.072300
3  973.000000    156.389000    1560.000000   155.051000    1640.000000   112.857000    3.68842E-02  3.74895E-04  20.484300  4.112090
3  973.000000    156.389000    1600.000000   131.871000    1680.000000   114.145000    4.12571E-02  4.17167E-04  21.442600  3.850110
3  973.000000    156.389000    1800.000000   104.339000    1880.000000   68.179000     2.08807E-02  2.22290E-04  13.651600  6.038210
3  973.000000    156.389000    1840.000000   80.146000     1920.000000   68.761000     2.08151E-02  2.21591E-04  20.788500  6.038220
3  973.000000    156.389000    2200.000000   52.831000     2280.000000   43.553000     5.35355E-03  6.85945E-05  20.527800  12.679400
3  973.000000    156.389000    2240.000000   43.386000     2320.000000   45.377000     4.34468E-03  6.97295E-05  22.809400  18.562400
3  973.000000    156.389000    0.000000      105.852000    160.000000    97.335000     2.11181E-02  2.24817E-04  11.857600  6.038210
3  973.000000    156.389000    40.000000     108.172000    200.000000    92.851000     2.05956E-02  2.20529E-04  12.905800  5.990370
3  973.000000    156.389000    80.000000     108.382000    240.000000    92.290000     2.14792E-02  2.28663E-04  14.537500  6.038320
3  973.000000    156.389000    120.000000    102.908000    280.000000    93.398000     2.30407E-02  2.45284E-04  16.201300  6.038210
3  973.000000    156.389000    160.000000    97.335000     320.000000    95.039000     2.51583E-02  2.60866E-04  17.936600  5.072360
3  973.000000    156.389000    1640.000000   112.857000    1800.000000   104.339000    4.46821E-02  4.51799E-04  20.918500  3.850080
3  973.000000    156.389000    1680.000000   114.145000    1840.000000   80.146000     3.86972E-02  3.93322E-04  19.876900  4.112050
3  973.000000    156.389000    1720.000000   106.756000    1880.000000   68.179000     4.05347E-02  4.09863E-04  16.311600  3.850090
3  973.000000    156.389000    1760.000000   101.140000    1920.000000   68.761000     3.63027E-02  3.68984E-04  20.338100  4.112060
3  973.000000    156.389000    2000.000000   61.720000     2160.000000   69.496000     1.17582E-02  1.36874E-04  25.456300  8.322170
3  973.000000    156.389000    2040.000000   57.680000     2200.000000   52.831000     1.30596E-02  1.52024E-04  23.016700  8.322290
3  973.000000    156.389000    2080.000000   61.209000     2240.000000   43.386000     8.21922E-03  9.87720E-05  21.855000  9.576480
3  973.000000    156.389000    2120.000000   64.714000     2280.000000   43.553000     8.99087E-03  1.08099E-04  20.714500  9.583990
3  973.000000    156.389000    2160.000000   69.496000     2320.000000   45.377000     8.90911E-03  1.07063E-04  18.833400  9.576560
3  1020.000000   128.241000    0.000000      105.852000    40.000000     108.172000    6.49292E-03  8.16316E-05  9.357600  12.115300
3  1020.000000   128.241000    200.000000    92.851000     240.000000    92.290000     4.76645E-03  7.65010E-05  24.135600  18.562900
3  1020.000000   128.241000    680.000000    117.505000    720.000000    113.178000    2.60272E-02  3.59199E-04  17.770200  10.424900
3  1020.000000   128.241000    720.000000    113.178000    760.000000    100.356000    4.97931E-02  5.09936E-04  22.146000  3.861420
3  1020.000000   128.241000    760.000000    100.356000    800.000000    108.602000    4.86393E-02  4.91184E-04  20.353100  3.465590
3  1020.000000   128.241000    800.000000    108.602000    840.000000    121.214000    5.22978E-02  5.27805E-04  19.888600  3.447470
3  1020.000000   128.241000    840.000000    121.214000    880.000000    124.368000    6.45376E-02  6.50229E-04  17.927400  3.237930
3  1020.000000   128.241000    880.000000    124.368000    920.000000    140.952000    1.04909E-01  1.05367E-03  15.903300  2.378280
3  1020.000000   128.241000    920.000000    140.952000    960.000000    154.933000    1.97178E-01  1.97779E-03  14.335000  1.840640
3  1020.000000   128.241000    1080.000000   116.772000    1120.000000   126.923000    1.87519E-01  1.88007E-03  25.546800  1.815700
3  1020.000000   128.241000    1120.000000   126.923000    1160.000000   133.280000    9.48443E-02  9.52237E-04  19.175600  2.592480
3  1020.000000   128.241000    1160.000000   133.280000    1200.000000   143.288000    5.40123E-02  5.44196E-04  27.862300  3.397770
3  1020.000000   128.241000    1200.000000   143.288000    1240.000000   143.282000    3.48092E-02  3.53804E-04  17.503200  4.112050
3  1020.000000   128.241000    1240.000000   143.282000    1280.000000   155.645000    4.27282E-02  4.32042E-04  19.511200  3.850210
3  1020.000000   128.241000    1280.000000   155.645000    1320.000000   173.060000    2.18272E-02  2.32366E-04  19.757000  6.038210
3  1020.000000   128.241000    1320.000000   173.060000    1360.000000   187.371000    1.81070E-02  1.93883E-04  22.935100  5.990340
3  1020.000000   128.241000    1880.000000   68.179000     1920.000000   68.761000     1.13911E-02  1.32600E-04  27.386100  8.322170
3  1020.000000   128.241000    2280.000000   43.553000     2320.000000   45.377000     1.43621E-03  3.85137E-05  44.750400  29.851100
3  1020.000000   128.241000    2360.000000   47.641000     2400.000000   52.837000     3.29220E-03  5.95342E-05  43.985000  22.810200
3  1020.000000   128.241000    0.000000      105.852000    80.000000     108.382000    1.04936E-02  2.64133E-04  16.564400  23.856800
3  1020.000000   128.241000    40.000000     108.172000    120.000000    102.908000    8.95800E-03  1.07662E-04  26.956300  9.578150
3  1020.000000   128.241000    200.000000    92.851000     280.000000    93.398000     1.10889E-02  1.30270E-04  23.643100  8.578080
3  1020.000000   128.241000    320.000000    95.039000     400.000000    101.442000    1.33623E-02  1.51546E-04  12.316400  6.928060
3  1020.000000   128.241000    360.000000    95.756000     440.000000    109.091000    1.42297E-02  1.90395E-04  22.727000  9.919720
3  1020.000000   128.241000    400.000000    101.442000    480.000000    117.202000    1.43371E-02  1.70254E-04  36.030700  7.771290
3  1020.000000   128.241000    440.000000    109.091000    520.000000    118.621000    1.58363E-02  1.73325E-04  28.979100  6.301880
3  1020.000000   128.241000    480.000000    117.202000    560.000000    114.524000    2.13771E-02  2.27606E-04  28.603100  6.040770
3  1020.000000   128.241000    520.000000    118.621000    600.000000    110.348000    2.49556E-02  2.58765E-04  28.880300  5.072390
3  1020.000000   128.241000    560.000000    114.524000    640.000000    121.240000    2.63479E-02  2.73201E-04  20.034400  5.072290
3  1020.000000   128.241000    600.000000    110.348000    680.000000    117.505000    2.91974E-02  2.99224E-04  28.418400  4.513310
3  1020.000000   128.241000    1360.000000   187.371000    1440.000000   204.976000    2.41581E-02  2.50495E-04  22.376500  5.072290
3  1020.000000   128.241000    1400.000000   194.951000    1480.000000   191.689000    1.54619E-02  1.69093E-04  21.319400  6.286820
3  1020.000000   128.241000    1440.000000   204.976000    1520.000000   175.987000    1.45882E-02  1.65092E-04  20.160800  6.887880
3  1020.000000   128.241000    1480.000000   191.689000    1560.000000   155.051000    2.34486E-02  2.49627E-04  18.909000  6.038220
3  1020.000000   128.241000    1520.000000   175.987000    1600.000000   131.871000    2.86002E-02  2.93098E-04  17.343000  4.513000
3  1020.000000   128.241000    1560.000000   155.051000    1640.000000   112.857000    4.13297E-02  4.17901E-04  15.659200  3.850140
3  1020.000000   128.241000    1600.000000   131.871000    1680.000000   114.145000    4.59896E-02  4.65019E-04  16.200600  3.850130
3  1020.000000   128.241000    1640.000000   112.857000    1720.000000   106.756000    2.77072E-02  2.87296E-04  16.713000  5.072300
3  1020.000000   128.241000    1800.000000   104.339000    1880.000000   68.179000     2.30224E-02  2.45090E-04  7.091000  6.038220
3  1020.000000   128.241000    1840.000000   80.146000     1920.000000   68.761000     2.27370E-02  2.42054E-04  13.812600  6.038250
3  1020.000000   128.241000    2200.000000   52.831000     2280.000000   43.553000     5.91001E-03  7.54856E-05  46.727700  12.638600
3  1020.000000   128.241000    2240.000000   43.386000     2320.000000   45.377000     4.77664E-03  7.66622E-05  47.566700  18.562400
3  1020.000000   128.241000    0.000000      105.852000    160.000000    97.335000     2.07177E-02  7.60793E-04  20.797900  35.659800
3  1020.000000   128.241000    40.000000     108.172000    200.000000    92.851000     1.97066E-02  2.11016E-04  25.200400  5.990970
3  1020.000000   128.241000    160.000000    97.335000     320.000000    95.039000     2.36947E-02  2.52275E-04  23.550400  6.040290
3  1020.000000   128.241000    200.000000    92.851000     360.000000    95.756000     2.50654E-02  2.59936E-04  23.654600  5.075040
3  1020.000000   128.241000    1680.000000   114.145000    1840.000000   80.146000     4.28136E-02  4.32905E-04  13.745500  3.850080
3  1020.000000   128.241000    1720.000000   106.756000    1880.000000   68.179000     4.48655E-02  4.53653E-04  9.984580  3.850080
3  1020.000000   128.241000    1760.000000   101.140000    1920.000000   68.761000     3.98691E-02  4.03132E-04  13.625600  3.850160
3  1020.000000   128.241000    2000.000000   61.720000     2160.000000   69.496000     1.27383E-02  1.51883E-04  20.233400  8.713130
3  1020.000000   128.241000    2040.000000   57.680000     2200.000000   52.831000     1.41356E-02  1.82088E-04  20.493500  9.236170
3  1020.000000   128.241000    2080.000000   61.209000     2240.000000   43.386000     8.95025E-03  1.15553E-04  32.171500  10.676100
3  1020.000000   128.241000    2120.000000   64.714000     2280.000000   43.553000     9.85346E-03  1.15747E-04  40.680600  8.576730
3  1020.000000   128.241000    2160.000000   69.496000     2320.000000   45.377000     9.77578E-03  1.14833E-04  40.514200  8.576480
3  1060.000000   126.139000    0.000000      105.852000    40.000000     108.172000    5.92774E-03  7.58282E-05  22.867800  12.658500
3  1060.000000   126.139000    720.000000    113.178000    760.000000    100.356000    4.37440E-02  4.42313E-04  23.069700  3.850170
3  1060.000000   126.139000    760.000000    100.356000    800.000000    108.602000    4.12835E-02  4.17434E-04  20.613600  3.850130
3  1060.000000   126.139000    800.000000    108.602000    840.000000    121.214000    4.17075E-02  4.21721E-04  20.614400  3.850110
3  1060.000000   126.139000    840.000000    121.214000    880.000000    124.368000    4.76474E-02  4.80067E-04  19.793000  3.397790
3  1060.000000   126.139000    880.000000    124.368000    920.000000    140.952000    6.43428E-02  6.47437E-04  19.807000  3.197490
3  1060.000000   126.139000    920.000000    140.952000    960.000000    154.933000    9.36088E-02  9.39832E-04  21.044100  2.592470
3  1060.000000   126.139000    960.000000    154.933000    1000.000000   139.164000    6.20693E-02  6.24560E-04  20.465100  3.197480
3  1060.000000   126.139000    1120.000000   126.923000    1160.000000   133.280000    1.35931E-01  4.52251E-03  28.267200  31.786900
3  1060.000000   126.139000    1200.000000   143.288000    1240.000000   143.282000    4.20110E-02  1.16711E-03  33.626000  26.160400
3  1060.000000   126.139000    1280.000000   155.645000    1320.000000   173.060000    2.41849E-02  2.50773E-04  24.449700  5.072300
3  1060.000000   126.139000    1320.000000   173.060000    1360.000000   187.371000    1.98150E-02  2.12171E-04  28.360800  5.990350
3  1060.000000   126.139000    1360.000000   187.371000    1400.000000   194.951000    1.59319E-02  1.74233E-04  28.731600  6.286840
3  1060.000000   126.139000    1880.000000   68.179000     1920.000000   68.761000     1.19631E-02  1.39259E-04  45.558400  8.322230
3  1060.000000   126.139000    2280.000000   43.553000     2320.000000   45.377000     1.45899E-03  3.91246E-05  36.016400  29.851100
3  1060.000000   126.139000    2360.000000   47.641000     2400.000000   52.837000     3.35060E-03  6.05902E-05  37.015200  22.810200
3  1060.000000   126.139000    0.000000      105.852000    80.000000     108.382000    9.81414E-03  1.15329E-04  23.680400  8.582830
3  1060.000000   126.139000    40.000000     108.172000    120.000000    102.908000    8.66955E-03  1.04177E-04  26.186300  9.575500
3  1060.000000   126.139000    360.000000    95.756000     440.000000    109.091000    1.33687E-02  1.51292E-04  23.803400  6.888040
3  1060.000000   126.139000    400.000000    101.442000    480.000000    117.202000    1.33382E-02  1.50948E-04  35.253700  6.888200
3  1060.000000   126.139000    440.000000    109.091000    520.000000    118.621000    1.46104E-02  1.65343E-04  25.853700  6.888000
3  1060.000000   126.139000    480.000000    117.202000    560.000000    114.524000    1.96631E-02  2.10545E-04  25.399000  5.990450
3  1060.000000   126.139000    520.000000    118.621000    600.000000    110.348000    2.28456E-02  2.43210E-04  25.912400  6.038330
3  1060.000000   126.139000    560.000000    114.524000    640.000000    121.240000    2.40295E-02  2.49162E-04  17.928900  5.072390
3  1060.000000   126.139000    600.000000    110.348000    680.000000    117.505000    2.63461E-02  2.73183E-04  26.115800  5.072290
3  1060.000000   126.139000    640.000000    121.240000    720.000000    113.178000    3.74071E-02  3.80210E-04  31.761100  4.112120
3  1060.000000   126.139000    1400.000000   194.951000    1480.000000   191.689000    1.66648E-02  1.82248E-04  29.464700  6.286840
3  1060.000000   126.139000    1440.000000   204.976000    1520.000000   175.987000    1.56099E-02  1.70711E-04  28.701600  6.286830
3  1060.000000   126.139000    1480.000000   191.689000    1560.000000   155.051000    2.49602E-02  2.58812E-04  28.271400  5.072380
3  1060.000000   126.139000    1520.000000   175.987000    1600.000000   131.871000    3.03271E-02  3.10798E-04  27.606200  4.513100
3  1060.000000   126.139000    1560.000000   155.051000    1640.000000   112.857000    4.39263E-02  4.44156E-04  27.051500  3.850160
3  1060.000000   126.139000    1600.000000   131.871000    1680.000000   114.145000    4.87522E-02  4.91203E-04  28.176600  3.397870
3  1060.000000   126.139000    1640.000000   112.857000    1720.000000   106.756000    2.91584E-02  2.98821E-04  29.281300  4.513050
3  1060.000000   126.139000    1680.000000   114.145000    1760.000000   101.140000    2.69539E-02  2.79485E-04  27.494200  5.072300
3  1060.000000   126.139000    1800.000000   104.339000    1880.000000   68.179000     2.39988E-02  2.48844E-04  20.831500  5.072300
3  1060.000000   126.139000    1840.000000   80.146000     1920.000000   68.761000     2.37497E-02  2.52835E-04  29.181800  6.038240
3  1060.000000   126.139000    2200.000000   52.831000     2280.000000   43.553000     5.96139E-03  7.95905E-05  32.626800  13.223000
3  1060.000000   126.139000    2240.000000   43.386000     2320.000000   45.377000     4.83889E-03  7.76613E-05  32.204400  18.562400
3  1060.000000   126.139000    0.000000      105.852000    160.000000    97.335000     1.96587E-02  2.10501E-04  25.829400  5.990670
3  1060.000000   126.139000    40.000000     108.172000    200.000000    92.851000     1.89808E-02  2.03468E-04  27.335200  6.011970
3  1060.000000   126.139000    80.000000     108.382000    240.000000    92.290000     1.96436E-02  2.10670E-04  27.791900  6.020750
3  1060.000000   126.139000    120.000000    102.908000    280.000000    93.398000     2.08770E-02  2.22647E-04  27.414200  6.071560
3  1060.000000   126.139000    160.000000    97.335000     320.000000    95.039000     2.25691E-02  2.40372E-04  26.643800  6.046610
3  1060.000000   126.139000    200.000000    92.851000     360.000000    95.756000     2.38000E-02  2.53368E-04  25.884000  6.038190
3  1060.000000   126.139000    240.000000    92.290000     400.000000    101.442000    2.54000E-02  2.63373E-04  19.799800  5.072310
3  1060.000000   126.139000    1720.000000   106.756000    1880.000000   68.179000     4.68892E-02  4.74115E-04  23.835900  3.850080
3  1060.000000   126.139000    1760.000000   101.140000    1920.000000   68.761000     4.16747E-02  4.21390E-04  28.725900  3.850090
3  1060.000000   126.139000    2000.000000   61.720000     2160.000000   69.496000     1.31899E-02  1.53540E-04  38.843200  8.322170
3  1060.000000   126.139000    2040.000000   57.680000     2200.000000   52.831000     1.46077E-02  1.65315E-04  36.261800  6.888270
3  1060.000000   126.139000    2080.000000   61.209000     2240.000000   43.386000     9.13694E-03  1.10029E-04  36.620700  9.607850
3  1060.000000   126.139000    2120.000000   64.714000     2280.000000   43.553000     9.99198E-03  1.17827E-04  33.704400  8.638780
3  1060.000000   126.139000    2160.000000   69.496000     2320.000000   45.377000     9.90421E-03  1.16342E-04  31.671400  8.576510
3  1100.000000   120.312000    0.000000      105.852000    40.000000     108.172000    5.57881E-03  7.16654E-05  34.288900  12.712900
3  1100.000000   120.312000    760.000000    100.356000    800.000000    108.602000    3.44104E-02  8.99347E-04  -18.239000  24.427100
3  1100.000000   120.312000    800.000000    108.602000    840.000000    121.214000    3.38068E-02  6.96224E-04  3.937990  18.377200
3  1100.000000   120.312000    840.000000    121.214000    880.000000    124.368000    3.76410E-02  8.94610E-04  2.594620  21.873800
3  1100.000000   120.312000    880.000000    124.368000    920.000000    140.952000    4.60029E-02  1.15242E-03  1.450690  23.240800
3  1100.000000   120.312000    920.000000    140.952000    960.000000    154.933000    5.71142E-02  1.14581E-03  8.237100  17.647800
3  1100.000000   120.312000    960.000000    154.933000    1000.000000   139.164000    3.85157E-02  3.91578E-04  21.790400  4.118390
3  1100.000000   120.312000    1000.000000   139.164000    1040.000000   135.603000    1.32490E-01  2.84969E-03  12.082700  19.133700
3  1100.000000   120.312000    1160.000000   133.280000    1200.000000   143.288000    2.12298E-01  2.12852E-03  21.064200  1.885160
3  1100.000000   120.312000    1200.000000   143.288000    1240.000000   143.282000    8.06134E-02  8.10052E-04  21.435200  2.815050
3  1100.000000   120.312000    1240.000000   143.282000    1280.000000   155.645000    8.06769E-02  8.10690E-04  21.113800  2.815030
3  1100.000000   120.312000    1280.000000   155.645000    1320.000000   173.060000    3.54913E-02  3.60748E-04  20.689000  4.112720
3  1100.000000   120.312000    1320.000000   173.060000    1360.000000   187.371000    2.73879E-02  2.83985E-04  25.040800  5.072380
3  1100.000000   120.312000    1360.000000   187.371000    1400.000000   194.951000    2.11899E-02  2.25581E-04  24.739400  6.038190
3  1100.000000   120.312000    1400.000000   194.951000    1440.000000   204.976000    1.34601E-02  1.52325E-04  24.430300  6.887870
3  1100.000000   120.312000    1880.000000   68.179000     1920.000000   68.761000     1.36164E-02  1.54094E-04  39.140300  6.888020
3  1100.000000   120.312000    2280.000000   43.553000     2320.000000   45.377000     1.56860E-03  4.20639E-05  34.447200  29.851100
3  1100.000000   120.312000    2360.000000   47.641000     2400.000000   52.837000     3.59080E-03  6.49339E-05  34.272200  22.810200
3  1100.000000   120.312000    0.000000      105.852000    80.000000     108.382000    9.22709E-03  1.10878E-04  31.891700  9.575750
3  1100.000000   120.312000    40.000000     108.172000    120.000000    102.908000    8.13396E-03  9.78027E-05  27.589500  9.584960
3  1100.000000   120.312000    400.000000    101.442000    480.000000    117.202000    1.21123E-02  1.40999E-04  38.221800  8.322650
3  1100.000000   120.312000    440.000000    109.091000    520.000000    118.621000    1.31669E-02  1.53275E-04  28.358000  8.322540
3  1100.000000   120.312000    480.000000    117.202000    560.000000    114.524000    1.76435E-02  1.92963E-04  27.985600  6.288010
3  1100.000000   120.312000    520.000000    118.621000    600.000000    110.348000    2.03908E-02  2.18363E-04  28.416600  5.992780
3  1100.000000   120.312000    560.000000    114.524000    640.000000    121.240000    2.12336E-02  2.26091E-04  19.018000  6.041820
3  1100.000000   120.312000    600.000000    110.348000    680.000000    117.505000    2.31954E-02  2.47001E-04  28.548500  6.043400
3  1100.000000   120.312000    640.000000    121.240000    720.000000    113.178000    3.26501E-02  3.34765E-04  34.778800  4.524330
3  1100.000000   120.312000    680.000000    117.505000    760.000000    100.356000    5.74815E-02  5.82391E-04  25.044600  3.409910
3  1100.000000   120.312000    1440.000000   204.976000    1520.000000   175.987000    1.96349E-02  2.10243E-04  23.407800  5.990380
3  1100.000000   120.312000    1480.000000   191.689000    1560.000000   155.051000    3.07092E-02  3.14714E-04  22.529300  4.513010
3  1100.000000   120.312000    1520.000000   175.987000    1600.000000   131.871000    3.66659E-02  3.72676E-04  21.419900  4.112060
3  1100.000000   120.312000    1560.000000   155.051000    1640.000000   112.857000    5.23859E-02  1.25711E-03  -13.450500  22.043100
3  1100.000000   120.312000    1600.000000   131.871000    1680.000000   114.145000    5.77042E-02  1.17642E-03  -9.359490  18.016700
3  1100.000000   120.312000    1640.000000   112.857000    1720.000000   106.756000    3.41769E-02  3.47384E-04  22.265100  4.112480
3  1100.000000   120.312000    1680.000000   114.145000    1760.000000   101.140000    3.12072E-02  3.19821E-04  19.587100  4.513440
3  1100.000000   120.312000    1720.000000   106.756000    1800.000000   104.339000    2.63336E-02  2.73061E-04  18.755100  5.072840
3  1100.000000   120.312000    1800.000000   104.339000    1880.000000   68.179000     2.73049E-02  2.83127E-04  11.019800  5.072460
3  1100.000000   120.312000    1840.000000   80.146000     1920.000000   68.761000     2.69713E-02  2.79674E-04  20.553700  5.072900
3  1100.000000   120.312000    2200.000000   52.831000     2280.000000   43.553000     6.34347E-03  8.10588E-05  36.718600  12.644500
3  1100.000000   120.312000    2240.000000   43.386000     2320.000000   45.377000     5.17319E-03  6.60777E-05  36.976400  12.639200
3  1100.000000   120.312000    0.000000      105.852000    160.000000    97.335000     1.84610E-02  1.98081E-04  29.312200  6.029790
3  1100.000000   120.312000    40.000000     108.172000    200.000000    92.851000     1.77996E-02  1.94721E-04  26.724200  6.292860
3  1100.000000   120.312000    80.000000     108.382000    240.000000    92.290000     1.83894E-02  1.96932E-04  26.589700  5.992860
3  1100.000000   120.312000    120.000000    102.908000    280.000000    93.398000     1.94945E-02  2.08759E-04  26.516800  5.992090
3  1100.000000   120.312000    160.000000    97.335000     320.000000    95.039000     2.09946E-02  2.23513E-04  26.778200  6.039040
3  1100.000000   120.312000    200.000000    92.851000     360.000000    95.756000     2.20574E-02  2.34827E-04  27.113800  6.039070
3  1100.000000   120.312000    240.000000    92.290000     400.000000    101.442000    2.34773E-02  2.49942E-04  21.503200  6.038900
3  1100.000000   120.312000    280.000000    93.398000     440.000000    109.091000    2.44678E-02  2.53712E-04  26.878300  5.072780
3  1100.000000   120.312000    1760.000000   101.140000    1920.000000   68.761000     4.74763E-02  4.78352E-04  20.102500  3.398250
3  1100.000000   120.312000    2000.000000   61.720000     2160.000000   69.496000     1.46150E-02  1.65408E-04  28.348800  6.889370
3  1100.000000   120.312000    2040.000000   57.680000     2200.000000   52.831000     1.61129E-02  1.76248E-04  25.691300  6.290620
3  1100.000000   120.312000    2080.000000   61.209000     2240.000000   43.386000     9.91634E-03  1.16546E-04  29.144300  8.584990
3  1100.000000   120.312000    2120.000000   64.714000     2280.000000   43.553000     1.07166E-02  1.25909E-04  31.993800  8.579740
3  1100.000000   120.312000    2160.000000   69.496000     2320.000000   45.377000     1.05929E-02  1.24436E-04  31.102900  8.577050
3  1140.000000   125.850000    0.000000      105.852000    40.000000     108.172000    5.36895E-03  6.85749E-05  12.965200  12.638700
3  1140.000000   125.850000    800.000000    108.602000    840.000000    121.214000    2.99286E-02  3.06714E-04  20.504900  4.513000
3  1140.000000   125.850000    840.000000    121.214000    880.000000    124.368000    3.25617E-02  3.33696E-04  20.230500  4.512990
3  1140.000000   125.850000    880.000000    124.368000    920.000000    140.952000    3.85909E-02  3.92242E-04  19.917600  4.112050
3  1140.000000   125.850000    920.000000    140.952000    960.000000    154.933000    4.54272E-02  4.59333E-04  22.070300  3.850070
3  1140.000000   125.850000    960.000000    154.933000    1000.000000   139.164000    3.37428E-02  3.42965E-04  21.291400  4.112050
3  1140.000000   125.850000    1000.000000   139.164000    1040.000000   135.603000    8.58499E-02  8.61933E-04  25.818800  2.592460
3  1140.000000   125.850000    1040.000000   135.603000    1080.000000   116.772000    1.30812E-01  1.31261E-03  35.528400  2.039800
3  1140.000000   125.850000    1200.000000   143.288000    1240.000000   143.282000    1.61402E-01  1.61912E-03  22.390200  1.880870
3  1140.000000   125.850000    1240.000000   143.282000    1280.000000   155.645000    1.27778E-01  1.28283E-03  21.175100  2.065160
3  1140.000000   125.850000    1280.000000   155.645000    1320.000000   173.060000    4.88985E-02  4.92872E-04  19.837200  3.409800
3  1140.000000   125.850000    1320.000000   173.060000    1360.000000   187.371000    3.56402E-02  3.62472E-04  25.578800  4.127380
3  1140.000000   125.850000    1360.000000   187.371000    1400.000000   194.951000    2.68422E-02  2.78751E-04  25.294200  5.104520
3  1140.000000   125.850000    1400.000000   194.951000    1440.000000   204.976000    1.68714E-02  1.85219E-04  25.195800  6.359880
3  1140.000000   125.850000    1440.000000   204.976000    1480.000000   191.689000    9.98503E-03  1.17992E-04  26.288000  8.672410
3  1140.000000   125.850000    1880.000000   68.179000     1920.000000   68.761000     1.50315E-02  1.70211E-04  43.956700  6.899150
3  1140.000000   125.850000    2280.000000   43.553000     2320.000000   45.377000     1.68871E-03  4.52848E-05  35.200600  29.851100
3  1140.000000   125.850000    2360.000000   47.641000     2400.000000   52.837000     3.85920E-03  6.19378E-05  33.030800  18.562400
3  1140.000000   125.850000    0.000000      105.852000    80.000000     108.382000    8.87670E-03  1.06666E-04  11.576000  9.575510
3  1140.000000   125.850000    40.000000     108.172000    120.000000    102.908000    7.92767E-03  9.59311E-05  4.970490  9.681240
3  1140.000000   125.850000    440.000000    109.091000    520.000000    118.621000    1.22582E-02  1.42694E-04  23.321100  8.322160
3  1140.000000   125.850000    480.000000    117.202000    560.000000    114.524000    1.63876E-02  1.79218E-04  23.628400  6.286920
3  1140.000000   125.850000    520.000000    118.621000    600.000000    110.348000    1.88889E-02  2.02255E-04  24.595700  5.990330
3  1140.000000   125.850000    560.000000    114.524000    640.000000    121.240000    1.96864E-02  2.10794E-04  16.628200  5.990370
3  1140.000000   125.850000    600.000000    110.348000    680.000000    117.505000    2.13360E-02  2.27139E-04  26.020300  6.038250
3  1140.000000   125.850000    640.000000    121.240000    720.000000    113.178000    2.97851E-02  3.05241E-04  32.502200  4.512990
3  1140.000000   125.850000    680.000000    117.505000    760.000000    100.356000    5.21441E-02  5.25373E-04  24.733500  3.397770
3  1140.000000   125.850000    720.000000    113.178000    800.000000    108.602000    6.44420E-02  6.48435E-04  22.418300  3.197480
3  1140.000000   125.850000    1480.000000   191.689000    1560.000000   155.051000    3.63454E-02  3.71879E-04  24.656400  4.276680
3  1140.000000   125.850000    1520.000000   175.987000    1600.000000   131.871000    4.27440E-02  4.33215E-04  24.078900  3.912020
3  1140.000000   125.850000    1560.000000   155.051000    1640.000000   112.857000    5.94842E-02  6.01546E-04  23.765600  3.352790
3  1140.000000   125.850000    1600.000000   131.871000    1680.000000   114.145000    6.51469E-02  6.68427E-04  25.752400  3.774540
3  1140.000000   125.850000    1640.000000   112.857000    1720.000000   106.756000    3.85212E-02  4.26896E-04  30.657600  6.034350
3  1140.000000   125.850000    1680.000000   114.145000    1760.000000   101.140000    3.48458E-02  3.69442E-04  27.200700  5.099750
3  1140.000000   125.850000    1720.000000   106.756000    1800.000000   104.339000    2.94450E-02  3.01926E-04  22.708400  4.526030
3  1140.000000   125.850000    1760.000000   101.140000    1840.000000   80.146000     2.28242E-02  2.43178E-04  23.695800  6.053520
3  1140.000000   125.850000    1800.000000   104.339000    1880.000000   68.179000     3.03224E-02  3.11168E-04  15.642700  4.544390
3  1140.000000   125.850000    1840.000000   80.146000     1920.000000   68.761000     2.98519E-02  3.06128E-04  25.412900  4.528330
3  1140.000000   125.850000    2200.000000   52.831000     2280.000000   43.553000     6.81625E-03  8.56939E-05  34.398800  12.114900
3  1140.000000   125.850000    2240.000000   43.386000     2320.000000   45.377000     5.57848E-03  7.12517E-05  35.986600  12.638700
3  1140.000000   125.850000    0.000000      105.852000    160.000000    97.335000     1.77077E-02  1.94579E-04  10.361100  6.377410
3  1140.000000   125.850000    40.000000     108.172000    200.000000    92.851000     1.70194E-02  1.86562E-04  9.429330  6.331160
3  1140.000000   125.850000    80.000000     108.382000    240.000000    92.290000     1.75328E-02  1.91821E-04  10.458000  6.294850
3  1140.000000   125.850000    120.000000    102.908000    280.000000    93.398000     1.84079E-02  1.98524E-04  13.780400  6.127210
3  1140.000000   125.850000    160.000000    97.335000     320.000000    95.039000     1.98989E-02  2.13069E-04  14.001700  5.990360
3  1140.000000   125.850000    200.000000    92.851000     360.000000    95.756000     2.08571E-02  2.22038E-04  15.939900  6.038190
3  1140.000000   125.850000    240.000000    92.290000     400.000000    101.442000    2.21604E-02  2.35913E-04  11.556300  6.038230
3  1140.000000   125.850000    280.000000    93.398000     440.000000    109.091000    2.30289E-02  2.45161E-04  18.425700  6.038270
3  1140.000000   125.850000    320.000000    95.039000     480.000000    117.202000    2.22831E-02  2.37221E-04  20.034400  6.038270
3  1140.000000   125.850000    2000.000000   61.720000     2160.000000   69.496000     1.59086E-02  1.73980E-04  32.645900  6.286960
3  1140.000000   125.850000    2040.000000   57.680000     2200.000000   52.831000     1.74861E-02  1.91233E-04  30.153000  6.287070
3  1140.000000   125.850000    2080.000000   61.209000     2240.000000   43.386000     1.06734E-02  1.25380E-04  31.541400  8.576910
3  1140.000000   125.850000    2120.000000   64.714000     2280.000000   43.553000     1.15081E-02  1.33967E-04  32.310500  8.322700
3  1140.000000   125.850000    2160.000000   69.496000     2320.000000   45.377000     1.13705E-02  1.32362E-04  30.944500  8.322360
3  1180.000000   136.572000    0.000000      105.852000    40.000000     108.172000    4.97093E-03  7.97804E-05  16.219500  18.562400
3  1180.000000   136.572000    840.000000    121.214000    880.000000    124.368000    2.65811E-02  2.75619E-04  21.489400  5.072280
3  1180.000000   136.572000    880.000000    124.368000    920.000000    140.952000    3.03212E-02  3.10735E-04  20.816500  4.512980
3  1180.000000   136.572000    920.000000    140.952000    960.000000    154.933000    3.31139E-02  3.36573E-04  22.231100  4.112040
3  1180.000000   136.572000    960.000000    154.933000    1000.000000   139.164000    2.67571E-02  2.77444E-04  24.078900  5.072280
3  1180.000000   136.572000    1000.000000   139.164000    1040.000000   135.603000    4.87133E-02  4.90806E-04  25.114800  3.397800
3  1180.000000   136.572000    1040.000000   135.603000    1080.000000   116.772000    5.50822E-02  5.54981E-04  38.407700  3.397930
3  1180.000000   136.572000    1080.000000   116.772000    1120.000000   126.923000    2.50135E-01  2.50760E-03  18.148300  1.879600
3  1180.000000   136.572000    1240.000000   143.282000    1280.000000   155.645000    3.27140E-01  3.27834E-03  25.085100  1.560010
3  1180.000000   136.572000    1280.000000   155.645000    1320.000000   173.060000    9.33083E-02  9.36871E-04  19.613000  2.595020
3  1180.000000   136.572000    1320.000000   173.060000    1360.000000   187.371000    6.05272E-02  6.09067E-04  26.921300  3.198750
3  1180.000000   136.572000    1360.000000   187.371000    1400.000000   194.951000    4.14222E-02  4.18836E-04  23.438900  3.850190
3  1180.000000   136.572000    1400.000000   194.951000    1440.000000   204.976000    2.52649E-02  2.61972E-04  23.306300  5.072290
3  1180.000000   136.572000    1440.000000   204.976000    1480.000000   191.689000    1.42790E-02  1.61593E-04  22.861900  6.887870
3  1180.000000   136.572000    1480.000000   191.689000    1520.000000   175.987000    1.91121E-02  2.04645E-04  22.336200  5.990460
3  1180.000000   136.572000    1880.000000   68.179000     1920.000000   68.761000     1.78445E-02  1.95155E-04  37.940500  6.287240
3  1180.000000   136.572000    2280.000000   43.553000     2320.000000   45.377000     1.88937E-03  5.06657E-05  21.124100  29.851100
3  1180.000000   136.572000    2360.000000   47.641000     2400.000000   52.837000     4.30190E-03  6.90429E-05  19.671700  18.562400
3  1180.000000   136.572000    0.000000      105.852000    80.000000     108.382000    8.20941E-03  9.86476E-05  14.998100  9.575510
3  1180.000000   136.572000    40.000000     108.172000    120.000000    102.908000    7.17889E-03  9.02645E-05  13.350100  12.116700
3  1180.000000   136.572000    480.000000    117.202000    560.000000    114.524000    1.44105E-02  1.63081E-04  26.582800  6.887950
3  1180.000000   136.572000    520.000000    118.621000    600.000000    110.348000    1.65340E-02  1.80817E-04  27.340600  6.286830
3  1180.000000   136.572000    560.000000    114.524000    640.000000    121.240000    1.71662E-02  1.87731E-04  19.250300  6.286840
3  1180.000000   136.572000    600.000000    110.348000    680.000000    117.505000    1.84767E-02  1.97841E-04  28.399600  5.990370
3  1180.000000   136.572000    640.000000    121.240000    720.000000    113.178000    2.55367E-02  2.64790E-04  34.801000  5.072370
3  1180.000000   136.572000    680.000000    117.505000    760.000000    100.356000    4.45199E-02  4.50159E-04  26.856300  3.850070
3  1180.000000   136.572000    720.000000    113.178000    800.000000    108.602000    5.48055E-02  5.52187E-04  24.332000  3.397770
3  1180.000000   136.572000    760.000000    100.356000    840.000000    121.214000    5.07457E-02  5.11283E-04  22.425700  3.397770
3  1180.000000   136.572000    1520.000000   175.987000    1600.000000   131.871000    5.63833E-02  5.68090E-04  20.814700  3.398050
3  1180.000000   136.572000    1560.000000   155.051000    1640.000000   112.857000    7.61121E-02  7.67172E-04  20.601700  2.923560
3  1180.000000   136.572000    1600.000000   131.871000    1680.000000   114.145000    8.24742E-02  1.23697E-03  40.224200  11.439800
3  1180.000000   136.572000    1640.000000   112.857000    1720.000000   106.756000    4.86583E-02  1.22203E-03  53.696600  23.254400
3  1180.000000   136.572000    1680.000000   114.145000    1760.000000   101.140000    4.30726E-02  4.35537E-04  19.238400  3.850950
3  1180.000000   136.572000    1720.000000   106.756000    1800.000000   104.339000    3.57612E-02  3.63491E-04  18.281800  4.112860
3  1180.000000   136.572000    1760.000000   101.140000    1840.000000   80.146000     2.74939E-02  2.85084E-04  18.791800  5.072380
3  1180.000000   136.572000    1800.000000   104.339000    1880.000000   68.179000     3.63642E-02  3.69609E-04  10.783400  4.112170
3  1180.000000   136.572000    1840.000000   80.146000     1920.000000   68.761000     3.55730E-02  3.61568E-04  19.973700  4.112180
3  1180.000000   136.572000    2200.000000   52.831000     2280.000000   43.553000     7.56134E-03  9.50680E-05  17.825600  12.115900
3  1180.000000   136.572000    2240.000000   43.386000     2320.000000   45.377000     6.23054E-03  7.95821E-05  19.827100  12.639000
3  1180.000000   136.572000    0.000000      105.852000    160.000000    97.335000     1.63026E-02  1.78305E-04  14.611800  6.288640
3  1180.000000   136.572000    40.000000     108.172000    200.000000    92.851000     1.56179E-02  1.70804E-04  14.357600  6.287290
3  1180.000000   136.572000    80.000000     108.382000    240.000000    92.290000     1.60440E-02  1.75470E-04  15.726000  6.288070
3  1180.000000   136.572000    120.000000    102.908000    280.000000    93.398000     1.69178E-02  1.85020E-04  17.363900  6.287310
3  1180.000000   136.572000    160.000000    97.335000     320.000000    95.039000     1.81130E-02  1.93947E-04  19.195200  5.990330
3  1180.000000   136.572000    200.000000    92.851000     360.000000    95.756000     1.89232E-02  2.02622E-04  20.828900  5.990340
3  1180.000000   136.572000    240.000000    92.290000     400.000000    101.442000    2.00667E-02  2.14866E-04  16.215800  5.990380
3  1180.000000   136.572000    280.000000    93.398000     440.000000    109.091000    2.07519E-02  2.20919E-04  22.598400  6.038190
3  1180.000000   136.572000    320.000000    95.039000     480.000000    117.202000    1.99682E-02  2.13811E-04  23.840800  5.990330
3  1180.000000   136.572000    360.000000    95.756000     520.000000    118.621000    2.11284E-02  2.24927E-04  24.949900  6.038230
3  1180.000000   136.572000    2000.000000   61.720000     2160.000000   69.496000     1.83167E-02  1.96133E-04  24.696700  5.990840
3  1180.000000   136.572000    2040.000000   57.680000     2200.000000   52.831000     2.00427E-02  2.14621E-04  22.185400  5.991520
3  1180.000000   136.572000    2080.000000   61.209000     2240.000000   43.386000     1.20197E-02  1.39948E-04  21.233100  8.325690
3  1180.000000   136.572000    2120.000000   64.714000     2280.000000   43.553000     1.28332E-02  1.49405E-04  18.963000  8.324170
3  1180.000000   136.572000    2160.000000   69.496000     2320.000000   45.377000     1.26523E-02  1.47282E-04  16.655800  8.322240
3  1220.000000   142.414000    0.000000      105.852000    40.000000     108.172000    4.78320E-03  7.67675E-05  -6.969010  18.562400
3  1220.000000   142.414000    880.000000    124.368000    920.000000    140.952000    2.58007E-02  2.67527E-04  19.385900  5.072290
3  1220.000000   142.414000    920.000000    140.952000    960.000000    154.933000    2.80834E-02  2.87804E-04  20.797000  4.513030
3  1220.000000   142.414000    960.000000    154.933000    1000.000000   139.164000    2.09638E-02  2.23174E-04  23.342900  6.038200
3  1220.000000   142.414000    1000.000000   139.164000    1040.000000   135.603000    3.80609E-02  3.86855E-04  23.137300  4.112040
3  1220.000000   142.414000    1040.000000   135.603000    1080.000000   116.772000    3.68371E-02  3.74456E-04  56.466100  4.114730
3  1220.000000   142.414000    1080.000000   116.772000    1120.000000   126.923000    1.33465E-01  1.33924E-03  11.954600  2.040050
3  1220.000000   142.414000    1120.000000   126.923000    1160.000000   133.280000    3.50256E-01  3.50855E-03  22.554800  1.299530
3  1220.000000   142.414000    1280.000000   155.645000    1320.000000   173.060000    1.91560E-01  1.92058E-03  15.160400  1.815730
3  1220.000000   142.414000    1320.000000   173.060000    1360.000000   187.371000    1.00921E-01  1.01273E-03  24.312000  2.340650
3  1220.000000   142.414000    1360.000000   187.371000    1400.000000   194.951000    6.29104E-02  6.33023E-04  21.681800  3.197500
3  1220.000000   142.414000    1400.000000   194.951000    1440.000000   204.976000    3.67791E-02  3.73826E-04  22.078800  4.112050
3  1220.000000   142.414000    1440.000000   204.976000    1480.000000   191.689000    1.95612E-02  2.09454E-04  22.070400  5.990330
3  1220.000000   142.414000    1480.000000   191.689000    1520.000000   175.987000    2.57111E-02  2.66598E-04  22.059500  5.072290
3  1220.000000   142.414000    1520.000000   175.987000    1560.000000   155.051000    3.88878E-02  3.95259E-04  21.368800  4.112060
3  1220.000000   142.414000    1880.000000   68.179000     1920.000000   68.761000     2.08353E-02  2.21840E-04  40.893900  6.040880
3  1220.000000   142.414000    2280.000000   43.553000     2320.000000   45.377000     2.11740E-03  5.67806E-05  23.682100  29.851100
3  1220.000000   142.414000    2360.000000   47.641000     2400.000000   52.837000     4.79330E-03  7.69296E-05  22.029800  18.562400
3  1220.000000   142.414000    0.000000      105.852000    80.000000     108.382000    7.85227E-03  1.01352E-04  -8.551600  12.462500
3  1220.000000   142.414000    40.000000     108.172000    120.000000    102.908000    6.77603E-03  9.35004E-05  -7.984760  13.383600
3  1220.000000   142.414000    160.000000    97.335000     240.000000    92.290000     7.41403E-03  9.33656E-05  4.426650  12.136800
3  1220.000000   142.414000    520.000000    118.621000    600.000000    110.348000    1.48576E-02  1.68140E-04  24.151000  6.887910
3  1220.000000   142.414000    560.000000    114.524000    640.000000    121.240000    1.53951E-02  1.68362E-04  16.156800  6.286830
3  1220.000000   142.414000    600.000000    110.348000    680.000000    117.505000    1.65179E-02  1.80641E-04  25.890100  6.286830
3  1220.000000   142.414000    640.000000    121.240000    720.000000    113.178000    2.26766E-02  2.41411E-04  32.869400  6.038270
3  1220.000000   142.414000    680.000000    117.505000    760.000000    100.356000    3.92769E-02  3.99214E-04  24.980600  4.112040
3  1220.000000   142.414000    720.000000    113.178000    800.000000    108.602000    4.83128E-02  4.86771E-04  22.562000  3.397760
3  1220.000000   142.414000    760.000000    100.356000    840.000000    121.214000    4.46191E-02  4.51162E-04  20.771000  3.850120
3  1220.000000   142.414000    800.000000    108.602000    880.000000    124.368000    4.46842E-02  4.51820E-04  20.143700  3.850110
3  1220.000000   142.414000    1560.000000   155.051000    1640.000000   112.857000    9.45822E-02  9.49605E-04  20.762700  2.592490
3  1220.000000   142.414000    1600.000000   131.871000    1680.000000   114.145000    1.00599E-01  1.00950E-03  21.657900  2.340690
3  1220.000000   142.414000    1640.000000   112.857000    1720.000000   106.756000    5.85362E-02  5.89009E-04  22.807300  3.197490
3  1220.000000   142.414000    1680.000000   114.145000    1760.000000   101.140000    5.15947E-02  5.19837E-04  20.696200  3.397770
3  1220.000000   142.414000    1720.000000   106.756000    1800.000000   104.339000    4.24378E-02  4.29106E-04  19.906400  3.850080
3  1220.000000   142.414000    1760.000000   101.140000    1840.000000   80.146000     3.24040E-02  3.32079E-04  20.581600  4.512990
3  1220.000000   142.414000    1800.000000   104.339000    1880.000000   68.179000     4.26372E-02  4.31122E-04  12.371300  3.850070
3  1220.000000   142.414000    1840.000000   80.146000     1920.000000   68.761000     4.15537E-02  4.20166E-04  22.079100  3.850070
3  1220.000000   142.414000    2200.000000   52.831000     2280.000000   43.553000     8.41684E-03  1.01154E-04  19.472200  9.577560
3  1220.000000   142.414000    2240.000000   43.386000     2320.000000   45.377000     6.97538E-03  8.76889E-05  22.199700  12.114100
3  1220.000000   142.414000    0.000000      105.852000    160.000000    97.335000     1.54509E-02  1.74883E-04  -6.045140  6.930780
3  1220.000000   142.414000    40.000000     108.172000    200.000000    92.851000     1.46735E-02  1.73529E-04  -3.630710  7.696050
3  1220.000000   142.414000    120.000000    102.908000    280.000000    93.398000     1.57679E-02  1.73081E-04  4.460520  6.357260
3  1220.000000   142.414000    160.000000    97.335000     320.000000    95.039000     1.68156E-02  1.83961E-04  8.409390  6.293420
3  1220.000000   142.414000    200.000000    92.851000     360.000000    95.756000     1.75091E-02  1.91481E-04  11.682000  6.286830
3  1220.000000   142.414000    240.000000    92.290000     400.000000    101.442000    1.85380E-02  1.98497E-04  8.419760  5.990360
3  1220.000000   142.414000    280.000000    93.398000     440.000000    109.091000    1.90873E-02  2.04379E-04  15.857600  5.990350
3  1220.000000   142.414000    320.000000    95.039000     480.000000    117.202000    1.82776E-02  1.95709E-04  18.115200  5.990370
3  1220.000000   142.414000    360.000000    95.756000     520.000000    118.621000    1.92205E-02  2.05805E-04  20.176000  5.990390
3  1220.000000   142.414000    400.000000    101.442000    560.000000    114.524000    2.21284E-02  2.35575E-04  26.317000  6.038280
3  1220.000000   142.414000    2000.000000   61.720000     2160.000000   69.496000     2.08789E-02  2.22271E-04  27.304900  6.038200
3  1220.000000   142.414000    2040.000000   57.680000     2200.000000   52.831000     2.27862E-02  2.42575E-04  24.671400  6.038200
3  1220.000000   142.414000    2080.000000   61.209000     2240.000000   43.386000     1.35007E-02  1.52787E-04  23.236800  6.888290
3  1220.000000   142.414000    2120.000000   64.714000     2280.000000   43.553000     1.43301E-02  1.62171E-04  20.813900  6.887990
3  1220.000000   142.414000    2160.000000   69.496000     2320.000000   45.377000     1.41103E-02  1.59683E-04  18.487300  6.887910
3  1260.000000   144.814000    0.000000      105.852000    40.000000     108.172000    4.44587E-03  7.13744E-05  9.274930  18.566500
3  1260.000000   144.814000    920.000000    140.952000    960.000000    154.933000    2.36371E-02  2.51633E-04  22.522300  6.038200
3  1260.000000   144.814000    960.000000    154.933000    1000.000000   139.164000    1.77761E-02  1.94401E-04  26.883500  6.286830
3  1260.000000   144.814000    1000.000000   139.164000    1040.000000   135.603000    3.04532E-02  3.12090E-04  24.234100  4.513020
3  1260.000000   144.814000    1040.000000   135.603000    1080.000000   116.772000    2.63544E-02  2.73269E-04  46.043800  5.072380
3  1260.000000   144.814000    1080.000000   116.772000    1120.000000   126.923000    8.89554E-02  8.93112E-04  15.691600  2.592600
3  1260.000000   144.814000    1120.000000   126.923000    1160.000000   133.280000    1.80881E-01  1.81351E-03  20.278400  1.815680
3  1260.000000   144.814000    1160.000000   133.280000    1200.000000   143.288000    2.91519E-01  2.92090E-03  25.178200  1.549960
3  1260.000000   144.814000    1320.000000   173.060000    1360.000000   187.371000    1.89120E-01  1.89615E-03  14.410100  1.817040
3  1260.000000   144.814000    1360.000000   187.371000    1400.000000   194.951000    1.05495E-01  1.05865E-03  15.869200  2.341420
3  1260.000000   144.814000    1400.000000   194.951000    1440.000000   204.976000    5.63751E-02  5.68013E-04  15.990100  3.398150
3  1260.000000   144.814000    1440.000000   204.976000    1480.000000   191.689000    2.89168E-02  2.96345E-04  16.823200  4.513110
3  1260.000000   144.814000    1480.000000   191.689000    1520.000000   175.987000    3.68446E-02  3.74492E-04  17.249700  4.112090
3  1260.000000   144.814000    1520.000000   175.987000    1560.000000   155.051000    5.32968E-02  5.36992E-04  16.686400  3.397940
3  1260.000000   144.814000    1560.000000   155.051000    1600.000000   131.871000    4.33961E-02  4.52035E-04  20.191500  4.591950
3  1260.000000   144.814000    1880.000000   68.179000     1920.000000   68.761000     2.43995E-02  2.53001E-04  34.594600  5.072440
3  1260.000000   144.814000    2280.000000   43.553000     2320.000000   45.377000     2.35585E-03  6.31749E-05  29.662000  29.851100
3  1260.000000   144.814000    2360.000000   47.641000     2400.000000   52.837000     5.31290E-03  6.78590E-05  28.963100  12.638600
3  1260.000000   144.814000    0.000000      105.852000    80.000000     108.382000    7.32654E-03  9.21085E-05  10.709600  12.114900
3  1260.000000   144.814000    40.000000     108.172000    120.000000    102.908000    6.34671E-03  8.12309E-05  15.722400  12.665300
3  1260.000000   144.814000    560.000000    114.524000    640.000000    121.240000    1.39925E-02  1.58350E-04  22.971800  6.887970
3  1260.000000   144.814000    600.000000    110.348000    680.000000    117.505000    1.48109E-02  1.67612E-04  29.841800  6.887870
3  1260.000000   144.814000    640.000000    121.240000    720.000000    113.178000    2.00747E-02  2.14952E-04  35.094500  5.990460
3  1260.000000   144.814000    680.000000    117.505000    760.000000    100.356000    3.47996E-02  3.53707E-04  28.480200  4.112110
3  1260.000000   144.814000    720.000000    113.178000    800.000000    108.602000    4.26838E-02  4.31593E-04  25.645800  3.850130
3  1260.000000   144.814000    760.000000    100.356000    840.000000    121.214000    3.92276E-02  3.98713E-04  23.402100  4.112090
3  1260.000000   144.814000    800.000000    108.602000    880.000000    124.368000    3.89854E-02  3.96252E-04  22.560500  4.112060
3  1260.000000   144.814000    840.000000    121.214000    920.000000    140.952000    4.21972E-02  4.26673E-04  21.856700  3.850080
3  1260.000000   144.814000    1600.000000   131.871000    1680.000000   114.145000    1.28158E-01  1.32212E-03  19.540600  3.146480
3  1260.000000   144.814000    1640.000000   112.857000    1720.000000   106.756000    7.30538E-02  7.34059E-04  18.770800  2.813620
3  1260.000000   144.814000    1680.000000   114.145000    1760.000000   101.140000    6.32911E-02  6.36873E-04  16.873900  3.198290
3  1260.000000   144.814000    1720.000000   106.756000    1800.000000   104.339000    5.17196E-02  5.21111E-04  16.289700  3.398540
3  1260.000000   144.814000    1760.000000   101.140000    1840.000000   80.146000     3.90694E-02  3.97105E-04  16.950300  4.112100
3  1260.000000   144.814000    1800.000000   104.339000    1880.000000   68.179000     5.12051E-02  5.15917E-04  10.189700  3.397840
3  1260.000000   144.814000    1840.000000   80.146000     1920.000000   68.761000     4.92143E-02  4.95859E-04  18.352800  3.397960
3  1260.000000   144.814000    2200.000000   52.831000     2280.000000   43.553000     9.31382E-03  1.11924E-04  30.547000  9.576210
3  1260.000000   144.814000    2240.000000   43.386000     2320.000000   45.377000     7.75512E-03  9.74912E-05  31.400700  12.114200
3  1260.000000   144.814000    0.000000      105.852000    160.000000    97.335000     1.44320E-02  1.63327E-04  14.678500  6.888250
3  1260.000000   144.814000    40.000000     108.172000    200.000000    92.851000     1.37290E-02  1.55377E-04  17.913900  6.888870
3  1260.000000   144.814000    80.000000     108.382000    240.000000    92.290000     1.40199E-02  1.58701E-04  20.149400  6.892750
3  1260.000000   144.814000    120.000000    102.908000    280.000000    93.398000     1.46985E-02  1.66340E-04  21.562200  6.887940
3  1260.000000   144.814000    160.000000    97.335000     320.000000    95.039000     1.56343E-02  1.70978E-04  23.039300  6.286880
3  1260.000000   144.814000    200.000000    92.851000     360.000000    95.756000     1.62352E-02  1.77550E-04  24.232300  6.286870
3  1260.000000   144.814000    240.000000    92.290000     400.000000    101.442000    1.71596E-02  1.87661E-04  19.537300  6.287040
3  1260.000000   144.814000    280.000000    93.398000     440.000000    109.091000    1.76009E-02  1.92487E-04  25.275400  6.287050
3  1260.000000   144.814000    320.000000    95.039000     480.000000    117.202000    1.67844E-02  1.83556E-04  26.189800  6.286880
3  1260.000000   144.814000    360.000000    95.756000     520.000000    118.621000    1.75584E-02  1.92020E-04  27.032100  6.286850
3  1260.000000   144.814000    400.000000    101.442000    560.000000    114.524000    2.01036E-02  2.15261E-04  32.201100  5.990420
3  1260.000000   144.814000    440.000000    109.091000    600.000000    110.348000    2.22855E-02  2.37247E-04  28.784500  6.038250
3  1260.000000   144.814000    2000.000000   61.720000     2160.000000   69.496000     2.39158E-02  2.47988E-04  25.576400  5.072690
3  1260.000000   144.814000    2040.000000   57.680000     2200.000000   52.831000     2.59714E-02  2.69303E-04  23.061100  5.072740
3  1260.000000   144.814000    2080.000000   61.209000     2240.000000   43.386000     1.51314E-02  1.71247E-04  25.313500  6.888820
3  1260.000000   144.814000    2120.000000   64.714000     2280.000000   43.553000     1.59196E-02  1.74106E-04  27.042500  6.287660
3  1260.000000   144.814000    2160.000000   69.496000     2320.000000   45.377000     1.56437E-02  1.71081E-04  25.799400  6.286860
3  1300.000000   164.990000    0.000000      105.852000    40.000000     108.172000    4.14021E-03  6.64636E-05  23.949700  18.565700
3  1300.000000   164.990000    960.000000    154.933000    1000.000000   139.164000    1.47469E-02  1.66888E-04  27.631800  6.887870
3  1300.000000   164.990000    1000.000000   139.164000    1040.000000   135.603000    2.46120E-02  2.55202E-04  22.561600  5.072310
3  1300.000000   164.990000    1040.000000   135.603000    1080.000000   116.772000    1.97469E-02  2.11442E-04  39.592900  5.990370
3  1300.000000   164.990000    1080.000000   116.772000    1120.000000   126.923000    6.30846E-02  6.34776E-04  17.378400  3.197550
3  1300.000000   164.990000    1120.000000   126.923000    1160.000000   133.280000    1.08657E-01  1.09036E-03  18.024100  2.340770
3  1300.000000   164.990000    1160.000000   133.280000    1200.000000   143.288000    1.34680E-01  1.35142E-03  25.845500  2.039860
3  1300.000000   164.990000    1200.000000   143.288000    1240.000000   143.282000    2.03941E-01  2.04473E-03  8.849910  1.816240
3  1300.000000   164.990000    1360.000000   187.371000    1400.000000   194.951000    1.95480E-01  1.95986E-03  12.725800  1.815670
3  1300.000000   164.990000    1400.000000   194.951000    1440.000000   204.976000    9.12788E-02  9.16439E-04  12.585000  2.592470
3  1300.000000   164.990000    1440.000000   204.976000    1480.000000   191.689000    4.22301E-02  4.27005E-04  14.388100  3.850070
3  1300.000000   164.990000    1480.000000   191.689000    1520.000000   175.987000    5.18209E-02  5.22116E-04  15.414800  3.397760
3  1300.000000   164.990000    1520.000000   175.987000    1560.000000   155.051000    7.20307E-02  7.23772E-04  15.159000  2.813360
3  1300.000000   164.990000    1560.000000   155.051000    1600.000000   131.871000    5.56892E-02  5.61091E-04  16.578400  3.397760
3  1300.000000   164.990000    1600.000000   131.871000    1640.000000   112.857000    1.00190E-01  1.00540E-03  16.293200  2.340610
3  1300.000000   164.990000    1880.000000   68.179000     1920.000000   68.761000     2.85640E-02  2.92752E-04  35.355000  4.514840
3  1300.000000   164.990000    2280.000000   43.553000     2320.000000   45.377000     2.63759E-03  4.76966E-05  31.883600  22.810200
3  1300.000000   164.990000    2360.000000   47.641000     2400.000000   52.837000     5.93770E-03  7.58393E-05  30.880500  12.638600
3  1300.000000   164.990000    0.000000      105.852000    80.000000     108.382000    6.81927E-03  8.57264E-05  23.527800  12.114100
3  1300.000000   164.990000    40.000000     108.172000    120.000000    102.908000    5.89681E-03  7.53176E-05  23.430400  12.638700
3  1300.000000   164.990000    600.000000    110.348000    680.000000    117.505000    1.32257E-02  1.53956E-04  27.618000  8.322190
3  1300.000000   164.990000    640.000000    121.240000    720.000000    113.178000    1.78940E-02  1.91602E-04  34.172200  5.990360
3  1300.000000   164.990000    680.000000    117.505000    760.000000    100.356000    3.07353E-02  3.14982E-04  26.650300  4.513060
3  1300.000000   164.990000    720.000000    113.178000    800.000000    108.602000    3.76269E-02  3.82444E-04  23.736000  4.112060
3  1300.000000   164.990000    760.000000    100.356000    840.000000    121.214000    3.44603E-02  3.50258E-04  21.335800  4.112070
3  1300.000000   164.990000    800.000000    108.602000    880.000000    124.368000    3.40305E-02  3.45889E-04  20.587000  4.112080
3  1300.000000   164.990000    840.000000    121.214000    920.000000    140.952000    3.64590E-02  3.70573E-04  20.148400  4.112050
3  1300.000000   164.990000    880.000000    124.368000    960.000000    154.933000    3.89573E-02  3.95966E-04  20.416600  4.112100
3  1300.000000   164.990000    1640.000000   112.857000    1720.000000   106.756000    9.01441E-02  9.05047E-04  18.750200  2.592460
3  1300.000000   164.990000    1680.000000   114.145000    1760.000000   101.140000    7.63959E-02  7.67634E-04  17.296300  2.813360
3  1300.000000   164.990000    1720.000000   106.756000    1800.000000   104.339000    6.19320E-02  6.23178E-04  16.996800  3.197470
3  1300.000000   164.990000    1760.000000   101.140000    1840.000000   80.146000     4.67040E-02  4.72243E-04  17.938400  3.850070
3  1300.000000   164.990000    1800.000000   104.339000    1880.000000   68.179000     6.08886E-02  6.12679E-04  11.822300  3.197480
3  1300.000000   164.990000    1840.000000   80.146000     1920.000000   68.761000     5.79432E-02  5.83042E-04  19.720900  3.197480
3  1300.000000   164.990000    2200.000000   52.831000     2280.000000   43.553000     1.03948E-02  1.22125E-04  31.410900  8.579290
3  1300.000000   164.990000    2240.000000   43.386000     2320.000000   45.377000     8.67962E-03  1.04298E-04  32.493000  9.575450
3  1300.000000   164.990000    0.000000      105.852000    160.000000    97.335000     1.34079E-02  1.51881E-04  23.903800  6.905790
3  1300.000000   164.990000    40.000000     108.172000    200.000000    92.851000     1.27300E-02  1.48224E-04  24.252000  8.326380
3  1300.000000   164.990000    80.000000     108.382000    240.000000    92.290000     1.29722E-02  1.51008E-04  24.973100  8.322440
3  1300.000000   164.990000    120.000000    102.908000    280.000000    93.398000     1.35671E-02  1.53547E-04  25.418200  6.889250
3  1300.000000   164.990000    160.000000    97.335000     320.000000    95.039000     1.43944E-02  1.62917E-04  25.617900  6.890040
3  1300.000000   164.990000    200.000000    92.851000     360.000000    95.756000     1.49117E-02  1.68754E-04  25.461600  6.888050
3  1300.000000   164.990000    240.000000    92.290000     400.000000    101.442000    1.57423E-02  1.72164E-04  19.781700  6.287330
3  1300.000000   164.990000    280.000000    93.398000     440.000000    109.091000    1.60967E-02  1.76035E-04  24.548000  6.286850
3  1300.000000   164.990000    320.000000    95.039000     480.000000    117.202000    1.52964E-02  1.73106E-04  24.918700  6.887900
3  1300.000000   164.990000    360.000000    95.756000     520.000000    118.621000    1.59265E-02  1.74175E-04  25.389700  6.286900
3  1300.000000   164.990000    400.000000    101.442000    560.000000    114.524000    1.81472E-02  1.94315E-04  30.558000  5.990500
3  1300.000000   164.990000    440.000000    109.091000    600.000000    110.348000    2.00450E-02  2.14634E-04  26.933800  5.990350
3  1300.000000   164.990000    480.000000    117.202000    640.000000    121.240000    2.30477E-02  2.45359E-04  22.484800  6.038210
3  1300.000000   164.990000    2000.000000   61.720000     2160.000000   69.496000     2.74163E-02  2.84280E-04  28.174900  5.072360
3  1300.000000   164.990000    2040.000000   57.680000     2200.000000   52.831000     2.96404E-02  3.03761E-04  26.073200  4.513000
3  1300.000000   164.990000    2080.000000   61.209000     2240.000000   43.386000     1.70549E-02  1.86540E-04  28.178300  6.289380
3  1300.000000   164.990000    2120.000000   64.714000     2280.000000   43.553000     1.78203E-02  1.94899E-04  29.214400  6.288230
3  1300.000000   164.990000    2160.000000   69.496000     2320.000000   45.377000     1.74842E-02  1.91209E-04  27.804700  6.286830
3  1340.000000   180.575000    0.000000      105.852000    40.000000     108.172000    3.97569E-03  6.38114E-05  -0.361438  18.563200
3  1340.000000   180.575000    1000.000000   139.164000    1040.000000   135.603000    2.18919E-02  2.33057E-04  24.345000  6.038300
3  1340.000000   180.575000    1040.000000   135.603000    1080.000000   116.772000    1.68340E-02  1.84100E-04  41.256500  6.286900
3  1340.000000   180.575000    1080.000000   116.772000    1120.000000   126.923000    5.26358E-02  5.30332E-04  18.525400  3.398080
3  1340.000000   180.575000    1120.000000   126.923000    1160.000000   133.280000    8.56503E-02  8.59929E-04  18.220900  2.592780
3  1340.000000   180.575000    1160.000000   133.280000    1200.000000   143.288000    9.84055E-02  9.87499E-04  27.026400  2.341020
3  1340.000000   180.575000    1200.000000   143.288000    1240.000000   143.282000    1.30223E-01  1.30672E-03  9.634830  2.040640
3  1340.000000   180.575000    1240.000000   143.282000    1280.000000   155.645000    3.02479E-01  3.03075E-03  9.088360  1.550480
3  1340.000000   180.575000    1400.000000   194.951000    1440.000000   204.976000    1.69877E-01  1.70373E-03  10.104000  1.868350
3  1340.000000   180.575000    1440.000000   204.976000    1480.000000   191.689000    6.13253E-02  6.17074E-04  11.519000  3.197490
3  1340.000000   180.575000    1480.000000   191.689000    1520.000000   175.987000    6.88573E-02  6.91885E-04  13.041900  2.813370
3  1340.000000   180.575000    1520.000000   175.987000    1560.000000   155.051000    8.99637E-02  9.03236E-04  12.681100  2.592470
3  1340.000000   180.575000    1560.000000   155.051000    1600.000000   131.871000    6.68250E-02  6.72413E-04  14.431300  3.197470
3  1340.000000   180.575000    1600.000000   131.871000    1640.000000   112.857000    1.17259E-01  1.17661E-03  13.828500  2.039760
3  1340.000000   180.575000    1640.000000   112.857000    1680.000000   114.145000    6.97529E-02  7.00884E-04  16.778000  2.813360
3  1340.000000   180.575000    1880.000000   68.179000     1920.000000   68.761000     3.17013E-02  3.24903E-04  32.038800  4.514610
3  1340.000000   180.575000    2280.000000   43.553000     2320.000000   45.377000     2.82299E-03  5.10493E-05  24.706600  22.810200
3  1340.000000   180.575000    2360.000000   47.641000     2400.000000   52.837000     6.33890E-03  8.09636E-05  23.821600  12.638600
3  1340.000000   180.575000    0.000000      105.852000    80.000000     108.382000    6.54586E-03  8.22900E-05  0.753636  12.114200
3  1340.000000   180.575000    40.000000     108.172000    120.000000    102.908000    5.64847E-03  7.21462E-05  4.604030  12.638800
3  1340.000000   180.575000    640.000000    121.240000    720.000000    113.178000    1.65788E-02  1.81309E-04  36.655500  6.287050
3  1340.000000   180.575000    680.000000    117.505000    760.000000    100.356000    2.83390E-02  2.90427E-04  28.814500  4.513390
3  1340.000000   180.575000    720.000000    113.178000    800.000000    108.602000    3.46879E-02  3.52575E-04  25.975400  4.112420
3  1340.000000   180.575000    760.000000    100.356000    840.000000    121.214000    3.17481E-02  3.25361E-04  23.647500  4.513180
3  1340.000000   180.575000    800.000000    108.602000    880.000000    124.368000    3.12500E-02  3.20256E-04  22.843400  4.513120
3  1340.000000   180.575000    840.000000    121.214000    920.000000    140.952000    3.32658E-02  3.38117E-04  22.233800  4.112180
3  1340.000000   180.575000    880.000000    124.368000    960.000000    154.933000    3.53017E-02  3.58814E-04  22.353400  4.112200
3  1340.000000   180.575000    920.000000    140.952000    1000.000000   139.164000    3.09007E-02  3.16677E-04  25.421600  4.513030
3  1340.000000   180.575000    1680.000000   114.145000    1760.000000   101.140000    8.68451E-02  8.71925E-04  14.465400  2.592460
3  1340.000000   180.575000    1720.000000   106.756000    1800.000000   104.339000    6.98110E-02  7.01468E-04  14.053200  2.813360
3  1340.000000   180.575000    1760.000000   101.140000    1840.000000   80.146000     5.23623E-02  5.27571E-04  14.776800  3.397770
3  1340.000000   180.575000    1800.000000   104.339000    1880.000000   68.179000     6.80207E-02  6.83479E-04  8.637090  2.813360
3  1340.000000   180.575000    1840.000000   80.146000     1920.000000   68.761000     6.44478E-02  6.48493E-04  16.441600  3.197480
3  1340.000000   180.575000    2200.000000   52.831000     2280.000000   43.553000     1.10662E-02  1.30000E-04  23.442800  8.577580
3  1340.000000   180.575000    2240.000000   43.386000     2320.000000   45.377000     9.27696E-03  1.11476E-04  24.894900  9.575450
3  1340.000000   180.575000    0.000000      105.852000    160.000000    97.335000     1.28454E-02  1.49550E-04  4.323480  8.324400
3  1340.000000   180.575000    40.000000     108.172000    200.000000    92.851000     1.21762E-02  1.41742E-04  8.048240  8.322430
3  1340.000000   180.575000    80.000000     108.382000    240.000000    92.290000     1.23862E-02  1.44184E-04  11.357200  8.322200
3  1340.000000   180.575000    120.000000    102.908000    280.000000    93.398000     1.29320E-02  1.50538E-04  14.713100  8.322160
3  1340.000000   180.575000    160.000000    97.335000     320.000000    95.039000     1.36933E-02  1.54973E-04  18.015000  6.888990
3  1340.000000   180.575000    200.000000    92.851000     360.000000    95.756000     1.41593E-02  1.60252E-04  20.500900  6.889660
3  1340.000000   180.575000    240.000000    92.290000     400.000000    101.442000    1.49371E-02  1.69063E-04  16.673900  6.890410
3  1340.000000   180.575000    280.000000    93.398000     440.000000    109.091000    1.52350E-02  1.72428E-04  23.014400  6.889760
3  1340.000000   180.575000    320.000000    95.039000     480.000000    117.202000    1.44342E-02  1.63349E-04  24.406900  6.887980
3  1340.000000   180.575000    360.000000    95.756000     520.000000    118.621000    1.49693E-02  1.69405E-04  25.767300  6.888000
3  1340.000000   180.575000    400.000000    101.442000    560.000000    114.524000    1.69870E-02  1.85773E-04  31.430000  6.286900
3  1340.000000   180.575000    440.000000    109.091000    600.000000    110.348000    1.87108E-02  2.00350E-04  28.214000  5.990560
3  1340.000000   180.575000    480.000000    117.202000    640.000000    121.240000    2.14724E-02  2.28593E-04  23.859600  6.038430
3  1340.000000   180.575000    520.000000    118.621000    680.000000    117.505000    2.35128E-02  2.50313E-04  29.190200  6.038260
3  1340.000000   180.575000    2000.000000   61.720000     2160.000000   69.496000     2.98995E-02  3.06416E-04  23.399200  4.513010
3  1340.000000   180.575000    2040.000000   57.680000     2200.000000   52.831000     3.22309E-02  3.30305E-04  21.304300  4.512990
3  1340.000000   180.575000    2080.000000   61.209000     2240.000000   43.386000     1.83419E-02  1.96405E-04  22.543700  5.991140
3  1340.000000   180.575000    2120.000000   64.714000     2280.000000   43.553000     1.90403E-02  2.03878E-04  22.530000  5.990600
3  1340.000000   180.575000    2160.000000   69.496000     2320.000000   45.377000     1.86529E-02  1.99728E-04  20.665900  5.990330
3  1380.000000   191.595000    0.000000      105.852000    40.000000     108.172000    3.96050E-03  6.35640E-05  48.003100  18.562500
3  1380.000000   191.595000    280.000000    93.398000     320.000000    95.039000     3.78207E-03  6.09322E-05  29.996600  18.615500
3  1380.000000   191.595000    1040.000000   135.603000    1080.000000   116.772000    1.47609E-02  1.67048E-04  39.082600  6.888050
3  1380.000000   191.595000    1080.000000   116.772000    1120.000000   126.923000    4.60123E-02  4.65281E-04  22.918800  3.851880
3  1380.000000   191.595000    1120.000000   126.923000    1160.000000   133.280000    7.24064E-02  7.27605E-04  20.804400  2.815960
3  1380.000000   191.595000    1160.000000   133.280000    1200.000000   143.288000    7.98054E-02  8.01941E-04  28.141000  2.815400
3  1380.000000   191.595000    1200.000000   143.288000    1240.000000   143.282000    9.79192E-02  9.82658E-04  11.501000  2.342930
3  1380.000000   191.595000    1240.000000   143.282000    1280.000000   155.645000    2.05591E-01  2.06134E-03  10.377900  1.818300
3  1380.000000   191.595000    1280.000000   155.645000    1320.000000   173.060000    2.10800E-01  2.11329E-03  9.463790  1.880210
3  1380.000000   191.595000    1440.000000   204.976000    1480.000000   191.689000    1.03363E-01  1.03724E-03  7.921240  2.340780
3  1380.000000   191.595000    1480.000000   191.689000    1520.000000   175.987000    9.61073E-02  9.64917E-04  10.150700  2.592570
3  1380.000000   191.595000    1520.000000   175.987000    1560.000000   155.051000    1.13844E-01  1.14241E-03  9.816620  2.340820
3  1380.000000   191.595000    1560.000000   155.051000    1600.000000   131.871000    8.07505E-02  8.11397E-04  12.249600  2.813460
3  1380.000000   191.595000    1600.000000   131.871000    1640.000000   112.857000    1.36432E-01  2.91426E-03  29.199400  18.966900
3  1380.000000   191.595000    1680.000000   114.145000    1720.000000   106.756000    3.89151E-02  3.95537E-04  11.599500  4.112040
3  1380.000000   191.595000    1880.000000   68.179000     1920.000000   68.761000     3.51195E-02  3.56962E-04  31.160100  4.112330
3  1380.000000   191.595000    2280.000000   43.553000     2320.000000   45.377000     3.02780E-03  5.47529E-05  18.942800  22.810200
3  1380.000000   191.595000    2360.000000   47.641000     2400.000000   52.837000     6.78920E-03  8.53484E-05  20.033600  12.114100
3  1380.000000   191.595000    0.000000      105.852000    80.000000     108.382000    6.48779E-03  8.15684E-05  44.287400  12.115600
3  1380.000000   191.595000    40.000000     108.172000    120.000000    102.908000    5.51965E-03  7.05003E-05  35.002000  12.638800
3  1380.000000   191.595000    280.000000    93.398000     360.000000    95.756000     7.36292E-03  9.27227E-05  29.938600  12.137000
3  1380.000000   191.595000    680.000000    117.505000    760.000000    100.356000    2.63354E-02  2.73093E-04  34.249500  5.073930
3  1380.000000   191.595000    720.000000    113.178000    800.000000    108.602000    3.22543E-02  3.30574E-04  31.131800  4.514860
3  1380.000000   191.595000    760.000000    100.356000    840.000000    121.214000    2.95256E-02  3.02599E-04  28.414600  4.514210
3  1380.000000   191.595000    800.000000    108.602000    880.000000    124.368000    2.90005E-02  2.97215E-04  27.290300  4.514000
3  1380.000000   191.595000    840.000000    121.214000    920.000000    140.952000    3.07216E-02  3.14850E-04  26.450000  4.513900
3  1380.000000   191.595000    880.000000    124.368000    960.000000    154.933000    3.24324E-02  3.32387E-04  26.191900  4.514040
3  1380.000000   191.595000    920.000000    140.952000    1000.000000   139.164000    2.78582E-02  2.85499E-04  28.797800  4.513290
3  1380.000000   191.595000    960.000000    154.933000    1040.000000   135.603000    3.11317E-02  3.19050E-04  29.423100  4.513580
3  1380.000000   191.595000    1720.000000   106.756000    1800.000000   104.339000    7.81718E-02  7.85478E-04  10.541900  2.813430
3  1380.000000   191.595000    1760.000000   101.140000    1840.000000   80.146000     5.79509E-02  5.83119E-04  10.994800  3.197510
3  1380.000000   191.595000    1800.000000   104.339000    1880.000000   68.179000     7.47613E-02  7.51209E-04  3.039890  2.813380
3  1380.000000   191.595000    1840.000000   80.146000     1920.000000   68.761000     7.09054E-02  7.12479E-04  12.263600  2.813920
3  1380.000000   191.595000    2000.000000   61.720000     2080.000000   61.209000     2.26981E-02  2.41655E-04  15.814000  6.039530
3  1380.000000   191.595000    2200.000000   52.831000     2280.000000   43.553000     1.18495E-02  1.37965E-04  18.084400  8.325590
3  1380.000000   191.595000    2240.000000   43.386000     2320.000000   45.377000     9.95484E-03  1.16942E-04  18.865100  8.577330
3  1380.000000   191.595000    0.000000      105.852000    160.000000    97.335000     1.25890E-02  1.46726E-04  37.511700  8.342370
3  1380.000000   191.595000    40.000000     108.172000    200.000000    92.851000     1.18048E-02  1.38016E-04  31.296400  8.393110
3  1380.000000   191.595000    80.000000     108.382000    240.000000    92.290000     1.19125E-02  1.39771E-04  27.831500  8.450910
3  1380.000000   191.595000    120.000000    102.908000    280.000000    93.398000     1.23543E-02  1.49240E-04  26.560100  8.926320
3  1380.000000   191.595000    240.000000    92.290000     400.000000    101.442000    1.41781E-02  1.62219E-04  24.564200  7.091030
3  1380.000000   191.595000    280.000000    93.398000     440.000000    109.091000    1.44419E-02  1.63531E-04  30.460500  6.898800
3  1380.000000   191.595000    320.000000    95.039000     480.000000    117.202000    1.36499E-02  1.54473E-04  31.643800  6.888000
3  1380.000000   191.595000    360.000000    95.756000     520.000000    118.621000    1.41091E-02  1.59668E-04  32.976000  6.887860
3  1380.000000   191.595000    400.000000    101.442000    560.000000    114.524000    1.59555E-02  1.74493E-04  38.447400  6.286940
3  1380.000000   191.595000    440.000000    109.091000    600.000000    110.348000    1.75387E-02  1.91807E-04  35.281900  6.287060
3  1380.000000   191.595000    480.000000    117.202000    640.000000    121.240000    2.01016E-02  2.15242E-04  30.486900  5.990610
3  1380.000000   191.595000    520.000000    118.621000    680.000000    117.505000    2.20024E-02  2.34233E-04  35.757200  6.038360
3  1380.000000   191.595000    560.000000    114.524000    720.000000    113.178000    2.62994E-02  2.72704E-04  36.169000  5.072630
3  1380.000000   191.595000    2040.000000   57.680000     2200.000000   52.831000     3.48678E-02  3.54414E-04  16.927300  4.113120
3  1380.000000   191.595000    2080.000000   61.209000     2240.000000   43.386000     1.97248E-02  2.11266E-04  19.020400  5.995980
3  1380.000000   191.595000    2120.000000   64.714000     2280.000000   43.553000     2.04067E-02  2.18566E-04  18.593400  5.995490
3  1380.000000   191.595000    2160.000000   69.496000     2320.000000   45.377000     1.99795E-02  2.13964E-04  16.439300  5.993250
3  1424.000000   199.133000    0.000000      105.852000    40.000000     108.172000    3.53109E-03  6.38612E-05  23.647100  22.811800
3  1424.000000   199.133000    1080.000000   116.772000    1120.000000   126.923000    3.98212E-02  4.02648E-04  21.271300  3.850080
3  1424.000000   199.133000    1120.000000   126.923000    1160.000000   133.280000    6.10345E-02  6.14147E-04  20.158400  3.197490
3  1424.000000   199.133000    1160.000000   133.280000    1200.000000   143.288000    6.39850E-02  6.43836E-04  27.855600  3.197560
3  1424.000000   199.133000    1200.000000   143.288000    1240.000000   143.282000    7.61760E-02  7.65432E-04  11.608300  2.813570
3  1424.000000   199.133000    1240.000000   143.282000    1280.000000   155.645000    1.51223E-01  1.51666E-03  10.738400  1.868540
3  1424.000000   199.133000    1280.000000   155.645000    1320.000000   173.060000    1.20190E-01  1.20602E-03  10.779500  2.039760
3  1424.000000   199.133000    1320.000000   173.060000    1360.000000   187.371000    1.71190E-01  1.71635E-03  5.959370  1.815740
3  1424.000000   199.133000    1560.000000   155.051000    1600.000000   131.871000    1.05972E-01  1.06342E-03  13.231600  2.340720
3  1424.000000   199.133000    1600.000000   131.871000    1640.000000   112.857000    1.66433E-01  1.66921E-03  10.765600  1.868400
3  1424.000000   199.133000    1640.000000   112.857000    1680.000000   114.145000    9.40084E-02  9.43844E-04  13.632200  2.592500
3  1424.000000   199.133000    1680.000000   114.145000    1720.000000   106.756000    4.46400E-02  4.51373E-04  11.462000  3.850070
3  1424.000000   199.133000    1720.000000   106.756000    1760.000000   101.140000    6.72416E-02  6.76605E-04  10.991900  3.197480
3  1424.000000   199.133000    1880.000000   68.179000     1920.000000   68.761000     3.90644E-02  3.97097E-04  32.983900  4.114900
3  1424.000000   199.133000    2280.000000   43.553000     2320.000000   45.377000     3.20050E-03  5.78759E-05  12.850500  22.810200
3  1424.000000   199.133000    2360.000000   47.641000     2400.000000   52.837000     7.15210E-03  8.99105E-05  10.862300  12.114100
3  1424.000000   199.133000    0.000000      105.852000    80.000000     108.382000    5.81548E-03  7.42782E-05  22.179400  12.638700
3  1424.000000   199.133000    40.000000     108.172000    120.000000    102.908000    5.01798E-03  8.05607E-05  19.295400  18.566700
3  1424.000000   199.133000    720.000000    113.178000    800.000000    108.602000    3.01367E-02  3.08847E-04  29.283900  4.513000
3  1424.000000   199.133000    760.000000    100.356000    840.000000    121.214000    2.75261E-02  2.85418E-04  26.711400  5.072390
3  1424.000000   199.133000    800.000000    108.602000    880.000000    124.368000    2.69530E-02  2.79476E-04  25.644600  5.072280
3  1424.000000   199.133000    840.000000    121.214000    920.000000    140.952000    2.84372E-02  2.91430E-04  24.922700  4.513070
3  1424.000000   199.133000    880.000000    124.368000    960.000000    154.933000    2.98753E-02  3.06168E-04  24.655800  4.513040
3  1424.000000   199.133000    920.000000    140.952000    1000.000000   139.164000    2.55269E-02  2.64688E-04  27.143600  5.072280
3  1424.000000   199.133000    960.000000    154.933000    1040.000000   135.603000    2.82785E-02  2.89804E-04  27.919900  4.513020
3  1424.000000   199.133000    1000.000000   139.164000    1080.000000   116.772000    3.11589E-02  3.19320E-04  32.249600  4.512980
3  1424.000000   199.133000    1760.000000   101.140000    1840.000000   80.146000     6.52397E-02  6.56461E-04  11.263600  3.197490
3  1424.000000   199.133000    1800.000000   104.339000    1880.000000   68.179000     8.32892E-02  8.36224E-04  2.955570  2.592500
3  1424.000000   199.133000    1840.000000   80.146000     1920.000000   68.761000     7.86500E-02  7.90283E-04  12.893800  2.813400
3  1424.000000   199.133000    2000.000000   61.720000     2080.000000   61.209000     2.47131E-02  2.56250E-04  15.419500  5.072280
3  1424.000000   199.133000    2040.000000   57.680000     2120.000000   64.714000     2.86119E-02  2.93218E-04  15.786100  4.512980
3  1424.000000   199.133000    2200.000000   52.831000     2280.000000   43.553000     1.24680E-02  1.45141E-04  8.930340  8.322800
3  1424.000000   199.133000    2240.000000   43.386000     2320.000000   45.377000     1.05040E-02  1.23386E-04  11.183100  8.576430
3  1424.000000   199.133000    0.000000      105.852000    160.000000    97.335000     1.14140E-02  1.32867E-04  20.542000  8.322150
3  1424.000000   199.133000    40.000000     108.172000    200.000000    92.851000     1.08317E-02  1.27369E-04  19.545600  8.593270
3  1424.000000   199.133000    80.000000     108.382000    240.000000    92.290000     1.10347E-02  1.29821E-04  20.630100  8.601340
3  1424.000000   199.133000    120.000000    102.908000    280.000000    93.398000     1.15466E-02  1.34539E-04  22.457800  8.337720
3  1424.000000   199.133000    160.000000    97.335000     320.000000    95.039000     1.22518E-02  1.42654E-04  24.663800  8.326120
3  1424.000000   199.133000    200.000000    92.851000     360.000000    95.756000     1.26869E-02  1.47684E-04  26.538500  8.322170
3  1424.000000   199.133000    240.000000    92.290000     400.000000    101.442000    1.33995E-02  1.51641E-04  22.413600  6.888030
3  1424.000000   199.133000    280.000000    93.398000     440.000000    109.091000    1.36540E-02  1.54518E-04  28.428300  6.887860
3  1424.000000   199.133000    320.000000    95.039000     480.000000    117.202000    1.29092E-02  1.50272E-04  29.702300  8.322160
3  1424.000000   199.133000    360.000000    95.756000     520.000000    118.621000    1.33407E-02  1.50974E-04  30.744300  6.887890
3  1424.000000   199.133000    400.000000    101.442000    560.000000    114.524000    1.50740E-02  1.70589E-04  36.128000  6.887880
3  1424.000000   199.133000    440.000000    109.091000    600.000000    110.348000    1.65517E-02  1.81011E-04  32.589600  6.286860
3  1424.000000   199.133000    480.000000    117.202000    640.000000    121.240000    1.89278E-02  2.02671E-04  27.463500  5.990340
3  1424.000000   199.133000    520.000000    118.621000    680.000000    117.505000    2.07210E-02  2.20590E-04  33.250900  6.038190
3  1424.000000   199.133000    560.000000    114.524000    720.000000    113.178000    2.47179E-02  2.56300E-04  33.824600  5.072290
3  1424.000000   199.133000    600.000000    110.348000    760.000000    100.356000    3.54561E-02  3.60379E-04  32.636700  4.112120
3  1424.000000   199.133000    2080.000000   61.209000     2240.000000   43.386000     2.10474E-02  2.24071E-04  14.868500  6.038620
3  1424.000000   199.133000    2120.000000   64.714000     2280.000000   43.553000     2.15856E-02  2.29796E-04  11.802300  6.038260
3  1424.000000   199.133000    2160.000000   69.496000     2320.000000   45.377000     2.10840E-02  2.24456E-04  8.826130  6.038240
3  1460.000000   200.061000    0.000000      105.852000    40.000000     108.172000    3.62957E-03  6.56607E-05  -2.083870  22.815800
3  1460.000000   200.061000    1120.000000   126.923000    1160.000000   133.280000    5.72178E-02  5.75743E-04  17.077800  3.197580
3  1460.000000   200.061000    1160.000000   133.280000    1200.000000   143.288000    5.95912E-02  5.99630E-04  25.774700  3.197600
3  1460.000000   200.061000    1200.000000   143.288000    1240.000000   143.282000    7.03105E-02  7.06494E-04  10.587000  2.813480
3  1460.000000   200.061000    1240.000000   143.282000    1280.000000   155.645000    1.38429E-01  1.38904E-03  9.814540  2.039810
3  1460.000000   200.061000    1280.000000   155.645000    1320.000000   173.060000    1.03349E-01  1.03710E-03  9.700320  2.340630
3  1460.000000   200.061000    1320.000000   173.060000    1360.000000   187.371000    1.27690E-01  1.28128E-03  6.327320  2.039750
3  1460.000000   200.061000    1360.000000   187.371000    1400.000000   194.951000    1.85659E-01  1.86142E-03  5.858300  1.815700
3  1460.000000   200.061000    1520.000000   175.987000    1560.000000   155.051000    2.35450E-01  2.36039E-03  6.347710  1.879480
3  1460.000000   200.061000    1560.000000   155.051000    1600.000000   131.871000    1.26729E-01  1.27164E-03  14.358900  2.039750
3  1460.000000   200.061000    1600.000000   131.871000    1640.000000   112.857000    1.87788E-01  1.88276E-03  11.938400  1.815700
3  1460.000000   200.061000    1640.000000   112.857000    1680.000000   114.145000    1.03301E-01  1.03662E-03  15.420800  2.340620
3  1460.000000   200.061000    1680.000000   114.145000    1720.000000   106.756000    4.80673E-02  4.84297E-04  13.576300  3.397770
3  1460.000000   200.061000    1720.000000   106.756000    1760.000000   101.140000    7.27230E-02  7.30728E-04  13.899000  2.813350
3  1460.000000   200.061000    1760.000000   101.140000    1800.000000   104.339000    2.31011E-02  2.45927E-04  13.139300  6.038190
3  1460.000000   200.061000    1880.000000   68.179000     1920.000000   68.761000     4.14543E-02  4.19260E-04  38.682200  3.856450
3  1460.000000   200.061000    2280.000000   43.553000     2320.000000   45.377000     3.36700E-03  6.08868E-05  33.366600  22.810200
3  1460.000000   200.061000    2360.000000   47.641000     2400.000000   52.837000     7.52930E-03  9.46523E-05  33.621700  12.114100
3  1460.000000   200.061000    0.000000      105.852000    80.000000     108.382000    5.95967E-03  7.61199E-05  -1.449030  12.638600
3  1460.000000   200.061000    40.000000     108.172000    120.000000    102.908000    5.10283E-03  6.51759E-05  2.973380  12.638600
3  1460.000000   200.061000    760.000000    100.356000    840.000000    121.214000    2.65734E-02  2.75540E-04  19.632100  5.072330
3  1460.000000   200.061000    800.000000    108.602000    880.000000    124.368000    2.59916E-02  2.69507E-04  18.949600  5.072310
3  1460.000000   200.061000    840.000000    121.214000    920.000000    140.952000    2.74206E-02  2.84324E-04  18.669100  5.072300
3  1460.000000   200.061000    880.000000    124.368000    960.000000    154.933000    2.87774E-02  2.94917E-04  18.928600  4.513050
3  1460.000000   200.061000    920.000000    140.952000    1000.000000   139.164000    2.48081E-02  2.57235E-04  22.337400  5.072280
3  1460.000000   200.061000    960.000000    154.933000    1040.000000   135.603000    2.73233E-02  2.83315E-04  23.391600  5.072360
3  1460.000000   200.061000    1000.000000   139.164000    1080.000000   116.772000    2.97918E-02  3.05309E-04  27.926300  4.512990
3  1460.000000   200.061000    1040.000000   135.603000    1120.000000   126.923000    5.06683E-02  5.10503E-04  23.088800  3.397800
3  1460.000000   200.061000    1800.000000   104.339000    1880.000000   68.179000     8.89262E-02  8.92819E-04  6.384820  2.592490
3  1460.000000   200.061000    1840.000000   80.146000     1920.000000   68.761000     8.34785E-02  8.38124E-04  17.237800  2.592470
3  1460.000000   200.061000    2000.000000   61.720000     2080.000000   61.209000     2.60965E-02  2.70595E-04  24.487300  5.072320
3  1460.000000   200.061000    2040.000000   57.680000     2120.000000   64.714000     3.01514E-02  3.08998E-04  24.577700  4.513000
3  1460.000000   200.061000    2080.000000   61.209000     2160.000000   69.496000     1.09918E-02  1.29116E-04  33.096900  8.576450
3  1460.000000   200.061000    2200.000000   52.831000     2280.000000   43.553000     1.31781E-02  1.53454E-04  33.997700  8.327680
3  1460.000000   200.061000    2240.000000   43.386000     2320.000000   45.377000     1.10750E-02  1.30094E-04  34.092300  8.576440
3  1460.000000   200.061000    0.000000      105.852000    160.000000    97.335000     1.16201E-02  1.36509E-04  3.255600  8.471250
3  1460.000000   200.061000    40.000000     108.172000    200.000000    92.851000     1.09364E-02  1.28800E-04  8.414100  8.618260
3  1460.000000   200.061000    80.000000     108.382000    240.000000    92.290000     1.10735E-02  1.30163E-04  12.401500  8.587230
3  1460.000000   200.061000    120.000000    102.908000    280.000000    93.398000     1.15004E-02  1.34133E-04  15.834400  8.353810
3  1460.000000   200.061000    160.000000    97.335000     320.000000    95.039000     1.21175E-02  1.41537E-04  18.091800  8.377640
3  1460.000000   200.061000    200.000000    92.851000     360.000000    95.756000     1.24838E-02  1.45464E-04  18.910000  8.338210
3  1460.000000   200.061000    240.000000    92.290000     400.000000    101.442000    1.31327E-02  1.53013E-04  14.050100  8.337090
3  1460.000000   200.061000    280.000000    93.398000     440.000000    109.091000    1.33455E-02  1.51048E-04  19.217700  6.890410
3  1460.000000   200.061000    320.000000    95.039000     480.000000    117.202000    1.25944E-02  1.46608E-04  20.128100  8.322220
3  1460.000000   200.061000    360.000000    95.756000     520.000000    118.621000    1.29971E-02  1.51295E-04  21.092700  8.322170
3  1460.000000   200.061000    400.000000    101.442000    560.000000    114.524000    1.46776E-02  1.66103E-04  26.733000  6.887920
3  1460.000000   200.061000    440.000000    109.091000    600.000000    110.348000    1.61033E-02  1.76109E-04  23.441700  6.286980
3  1460.000000   200.061000    480.000000    117.202000    640.000000    121.240000    1.83736E-02  1.96737E-04  18.179500  5.990360
3  1460.000000   200.061000    520.000000    118.621000    680.000000    117.505000    2.01160E-02  2.15394E-04  24.396900  5.990360
3  1460.000000   200.061000    560.000000    114.524000    720.000000    113.178000    2.39783E-02  2.48631E-04  25.393400  5.072390
3  1460.000000   200.061000    600.000000    110.348000    760.000000    100.356000    3.43723E-02  3.49367E-04  24.755900  4.112350
3  1460.000000   200.061000    640.000000    121.240000    800.000000    108.602000    4.32751E-02  4.37572E-04  25.665000  3.850120
3  1460.000000   200.061000    2120.000000   64.714000     2280.000000   43.553000     2.27467E-02  2.42164E-04  32.097500  6.038780
3  1460.000000   200.061000    2160.000000   69.496000     2320.000000   45.377000     2.22289E-02  2.36642E-04  30.616000  6.038190
3  1500.000000   183.230000    1160.000000   133.280000    1200.000000   143.288000    5.53366E-02  5.57544E-04  27.124500  3.397900
3  1500.000000   183.230000    1200.000000   143.288000    1240.000000   143.282000    6.31321E-02  6.35254E-04  11.319300  3.197550
3  1500.000000   183.230000    1240.000000   143.282000    1280.000000   155.645000    1.22074E-01  1.22494E-03  10.159400  2.040200
3  1500.000000   183.230000    1280.000000   155.645000    1320.000000   173.060000    8.78719E-02  8.82234E-04  9.653240  2.592620
3  1500.000000   183.230000    1320.000000   173.060000    1360.000000   187.371000    1.02102E-01  1.02458E-03  7.464570  2.340760
3  1500.000000   183.230000    1360.000000   187.371000    1400.000000   194.951000    1.28051E-01  1.28490E-03  6.750310  2.039820
3  1500.000000   183.230000    1400.000000   194.951000    1440.000000   204.976000    1.98954E-01  1.99471E-03  6.076420  1.815840
3  1500.000000   183.230000    1560.000000   155.051000    1600.000000   131.871000    1.79030E-01  1.79494E-03  10.366700  1.815670
3  1500.000000   183.230000    1600.000000   131.871000    1640.000000   112.857000    2.31538E-01  2.32117E-03  10.267400  1.879490
3  1500.000000   183.230000    1640.000000   112.857000    1680.000000   114.145000    1.21170E-01  1.21586E-03  14.076500  2.039730
3  1500.000000   183.230000    1680.000000   114.145000    1720.000000   106.756000    5.62074E-02  5.66312E-04  11.959300  3.397770
3  1500.000000   183.230000    1720.000000   106.756000    1760.000000   101.140000    8.01621E-02  8.05477E-04  12.222800  2.813360
3  1500.000000   183.230000    1760.000000   101.140000    1800.000000   104.339000    2.54680E-02  2.64078E-04  11.428000  5.072290
3  1500.000000   183.230000    1800.000000   104.339000    1840.000000   80.146000     5.16429E-02  5.20323E-04  13.716100  3.397760
3  1500.000000   183.230000    1880.000000   68.179000     1920.000000   68.761000     4.50621E-02  4.55641E-04  38.666300  3.850110
3  1500.000000   183.230000    2280.000000   43.553000     2320.000000   45.377000     3.51088E-03  6.34886E-05  20.092800  22.810200
3  1500.000000   183.230000    2360.000000   47.641000     2400.000000   52.837000     7.85470E-03  9.87430E-05  17.993200  12.114100
3  1500.000000   183.230000    800.000000    108.602000    880.000000    124.368000    2.50286E-02  2.59527E-04  19.054900  5.072610
3  1500.000000   183.230000    840.000000    121.214000    920.000000    140.952000    2.63316E-02  2.73035E-04  18.917200  5.072530
3  1500.000000   183.230000    880.000000    124.368000    960.000000    154.933000    2.75593E-02  2.85762E-04  19.229700  5.072370
3  1500.000000   183.230000    920.000000    140.952000    1000.000000   139.164000    2.36078E-02  2.51326E-04  21.707000  6.038450
3  1500.000000   183.230000    960.000000    154.933000    1040.000000   135.603000    2.59391E-02  2.68963E-04  23.244900  5.072350
3  1500.000000   183.230000    1000.000000   139.164000    1080.000000   116.772000    2.82288E-02  2.89294E-04  28.448300  4.513120
3  1500.000000   183.230000    1040.000000   135.603000    1120.000000   126.923000    4.73878E-02  4.77456E-04  23.647900  3.398070
3  1500.000000   183.230000    1080.000000   116.772000    1160.000000   133.280000    8.84051E-02  8.87596E-04  18.026700  2.593120
3  1500.000000   183.230000    1840.000000   80.146000     1920.000000   68.761000     9.12923E-02  9.21459E-04  14.473700  2.792690
3  1500.000000   183.230000    2000.000000   61.720000     2080.000000   61.209000     2.77291E-02  2.87523E-04  20.000500  5.072400
3  1500.000000   183.230000    2040.000000   57.680000     2120.000000   64.714000     3.20255E-02  3.28204E-04  20.325300  4.513050
3  1500.000000   183.230000    2080.000000   61.209000     2160.000000   69.496000     1.16259E-02  1.35334E-04  27.349200  8.322160
3  1500.000000   183.230000    2120.000000   64.714000     2200.000000   52.831000     1.00387E-02  1.17922E-04  17.924000  8.576570
3  1500.000000   183.230000    2200.000000   52.831000     2280.000000   43.553000     1.36857E-02  1.54888E-04  18.527100  6.889020
3  1500.000000   183.230000    2240.000000   43.386000     2320.000000   45.377000     1.15291E-02  1.34207E-04  20.692900  8.322180
3  1500.000000   183.230000    80.000000     108.382000    240.000000    92.290000     1.09681E-02  1.28876E-04  -16.986100  8.581250
3  1500.000000   183.230000    120.000000    102.908000    280.000000    93.398000     1.14166E-02  1.32983E-04  -8.597300  8.332710
3  1500.000000   183.230000    160.000000    97.335000     320.000000    95.039000     1.20395E-02  1.40234E-04  -2.384510  8.332170
3  1500.000000   183.230000    200.000000    92.851000     360.000000    95.756000     1.23901E-02  1.44242E-04  1.724540  8.323570
3  1500.000000   183.230000    240.000000    92.290000     400.000000    101.442000    1.30192E-02  1.51554E-04  -0.551200  8.322350
3  1500.000000   183.230000    280.000000    93.398000     440.000000    109.091000    1.31975E-02  1.53629E-04  7.377110  8.322360
3  1500.000000   183.230000    320.000000    95.039000     480.000000    117.202000    1.24193E-02  1.44569E-04  10.457000  8.322210
3  1500.000000   183.230000    360.000000    95.756000     520.000000    118.621000    1.27766E-02  1.48731E-04  13.451300  8.322450
3  1500.000000   183.230000    400.000000    101.442000    560.000000    114.524000    1.43870E-02  1.62818E-04  20.575700  6.888270
3  1500.000000   183.230000    440.000000    109.091000    600.000000    110.348000    1.57456E-02  1.72200E-04  18.398500  6.287250
3  1500.000000   183.230000    480.000000    117.202000    640.000000    121.240000    1.79083E-02  1.91758E-04  13.843700  5.990770
3  1500.000000   183.230000    520.000000    118.621000    680.000000    117.505000    1.95997E-02  2.09872E-04  21.177600  5.990880
3  1500.000000   183.230000    560.000000    114.524000    720.000000    113.178000    2.33045E-02  2.48100E-04  22.964500  6.038630
3  1500.000000   183.230000    600.000000    110.348000    760.000000    100.356000    3.33156E-02  3.38636E-04  22.975400  4.112940
3  1500.000000   183.230000    640.000000    121.240000    800.000000    108.602000    4.19042E-02  4.23723E-04  24.585600  3.851010
3  1500.000000   183.230000    680.000000    117.505000    840.000000    121.214000    4.87622E-02  4.91313E-04  21.187800  3.398560
3  1500.000000   183.230000    2160.000000   69.496000     2320.000000   45.377000     2.31476E-02  2.46422E-04  15.950200  6.038210
3  1540.000000   165.623000    1200.000000   143.288000    1240.000000   143.282000    5.50051E-02  5.54242E-04  12.186500  3.400180
3  1540.000000   165.623000    1240.000000   143.282000    1280.000000   155.645000    1.02078E-01  3.19435E-03  36.780800  29.732900
3  1540.000000   165.623000    1280.000000   155.645000    1320.000000   173.060000    7.29979E-02  7.35155E-04  10.716600  2.893810
3  1540.000000   165.623000    1320.000000   173.060000    1360.000000   187.371000    8.06303E-02  8.11842E-04  9.213410  2.885960
3  1540.000000   165.623000    1360.000000   187.371000    1400.000000   194.951000    9.25226E-02  9.30407E-04  8.341520  2.653750
3  1540.000000   165.623000    1440.000000   204.976000    1480.000000   191.689000    1.23102E-01  1.23557E-03  6.835930  2.052880
3  1540.000000   165.623000    1600.000000   131.871000    1640.000000   112.857000    4.38535E-01  4.39285E-03  8.717880  1.299710
3  1540.000000   165.623000    1640.000000   112.857000    1680.000000   114.145000    1.78599E-01  1.79063E-03  13.574600  1.815770
3  1540.000000   165.623000    1680.000000   114.145000    1720.000000   106.756000    7.75161E-02  7.78890E-04  9.710400  2.813390
3  1540.000000   165.623000    1720.000000   106.756000    1760.000000   101.140000    9.86743E-02  9.90187E-04  10.592900  2.340670
3  1540.000000   165.623000    1760.000000   101.140000    1800.000000   104.339000    3.08549E-02  3.16204E-04  9.666950  4.512980
3  1540.000000   165.623000    1800.000000   104.339000    1840.000000   80.146000     6.11084E-02  6.14891E-04  11.918400  3.197560
3  1540.000000   165.623000    1840.000000   80.146000     1880.000000   68.179000     5.32975E-02  5.36999E-04  -13.579800  3.397880
3  1540.000000   165.623000    1880.000000   68.179000     1920.000000   68.761000     5.31589E-02  5.36017E-04  39.184300  3.421190
3  1540.000000   165.623000    2280.000000   43.553000     2320.000000   45.377000     3.87448E-03  6.21831E-05  6.469180  18.562400
3  1540.000000   165.623000    2360.000000   47.641000     2400.000000   52.837000     8.63300E-03  1.03738E-04  6.408450  9.575450
3  1540.000000   165.623000    840.000000    121.214000    920.000000    140.952000    2.42605E-02  2.52035E-04  23.141700  5.112540
3  1540.000000   165.623000    880.000000    124.368000    960.000000    154.933000    2.53295E-02  2.63044E-04  22.849600  5.104710
3  1540.000000   165.623000    920.000000    140.952000    1000.000000   139.164000    2.15960E-02  2.30084E-04  25.502100  6.052740
3  1540.000000   165.623000    960.000000    154.933000    1040.000000   135.603000    2.36796E-02  2.52230E-04  26.343200  6.048830
3  1540.000000   165.623000    1000.000000   139.164000    1080.000000   116.772000    2.55850E-02  2.65416E-04  28.012000  5.082330
3  1540.000000   165.623000    1040.000000   135.603000    1120.000000   126.923000    4.25469E-02  4.30553E-04  25.189700  3.871370
3  1540.000000   165.623000    1080.000000   116.772000    1160.000000   133.280000    7.72162E-02  7.76486E-04  5.167760  2.841450
3  1540.000000   165.623000    1120.000000   126.923000    1200.000000   143.288000    9.57038E-02  9.61594E-04  23.690900  2.621690
3  1540.000000   165.623000    2000.000000   61.720000     2080.000000   61.209000     3.15150E-02  3.22972E-04  15.957300  4.513000
3  1540.000000   165.623000    2040.000000   57.680000     2120.000000   64.714000     3.63308E-02  3.69270E-04  15.696900  4.112120
3  1540.000000   165.623000    2080.000000   61.209000     2160.000000   69.496000     1.30903E-02  1.52382E-04  21.645800  8.322320
3  1540.000000   165.623000    2120.000000   64.714000     2200.000000   52.831000     1.12015E-02  1.31585E-04  18.604900  8.577080
3  1540.000000   165.623000    2160.000000   69.496000     2240.000000   43.386000     1.28779E-02  1.49958E-04  3.829510  8.327660
3  1540.000000   165.623000    2200.000000   52.831000     2280.000000   43.553000     1.50930E-02  1.71422E-04  -0.293845  6.954930
3  1540.000000   165.623000    2240.000000   43.386000     2320.000000   45.377000     1.27222E-02  1.48097E-04  3.800850  8.322300
3  1540.000000   165.623000    0.000000      105.852000    160.000000    97.335000     1.07923E-02  2.62258E-04  25.912000  22.936500
3  1540.000000   165.623000    80.000000     108.382000    240.000000    92.290000     1.04618E-02  1.23157E-04  8.115360  8.611330
3  1540.000000   165.623000    120.000000    102.908000    280.000000    93.398000     1.08679E-02  1.28033E-04  12.361700  8.623140
3  1540.000000   165.623000    160.000000    97.335000     320.000000    95.039000     1.14512E-02  1.33702E-04  16.279300  8.371160
3  1540.000000   165.623000    200.000000    92.851000     360.000000    95.756000     1.17095E-02  1.37096E-04  18.721500  8.416220
3  1540.000000   165.623000    240.000000    92.290000     400.000000    101.442000    1.22637E-02  1.43618E-04  15.194600  8.420010
3  1540.000000   165.623000    280.000000    93.398000     440.000000    109.091000    1.23956E-02  1.44730E-04  22.789400  8.371420
3  1540.000000   165.623000    320.000000    95.039000     480.000000    117.202000    1.16030E-02  1.35326E-04  25.385700  8.353390
3  1540.000000   165.623000    360.000000    95.756000     520.000000    118.621000    1.19368E-02  1.39240E-04  27.888400  8.355890
3  1540.000000   165.623000    400.000000    101.442000    560.000000    114.524000    1.34213E-02  1.52279E-04  34.528000  6.935990
3  1540.000000   165.623000    440.000000    109.091000    600.000000    110.348000    1.46574E-02  1.66319E-04  30.938200  6.937610
3  1540.000000   165.623000    480.000000    117.202000    640.000000    121.240000    1.66914E-02  1.83046E-04  25.544300  6.339510
3  1540.000000   165.623000    520.000000    118.621000    680.000000    117.505000    1.82164E-02  1.95557E-04  31.834800  6.039640
3  1540.000000   165.623000    560.000000    114.524000    720.000000    113.178000    2.16242E-02  2.30838E-04  32.347500  6.089640
3  1540.000000   165.623000    600.000000    110.348000    760.000000    100.356000    3.08656E-02  3.17789E-04  30.998500  4.620390
3  1540.000000   165.623000    640.000000    121.240000    800.000000    108.602000    3.87561E-02  3.95839E-04  31.772800  4.232940
3  1540.000000   165.623000    680.000000    117.505000    840.000000    121.214000    4.50912E-02  4.58045E-04  27.632800  3.971450
3  1540.000000   165.623000    720.000000    113.178000    880.000000    124.368000    4.91626E-02  4.97417E-04  25.875300  3.521380
3  1580.000000   144.941000    0.000000      105.852000    40.000000     108.172000    3.24504E-03  5.86904E-05  2.011660  22.812400
3  1580.000000   144.941000    1240.000000   143.282000    1280.000000   155.645000    9.06737E-02  9.10364E-04  10.802200  2.592780
3  1580.000000   144.941000    1280.000000   155.645000    1320.000000   173.060000    6.22982E-02  6.26863E-04  9.908960  3.197560
3  1580.000000   144.941000    1320.000000   173.060000    1360.000000   187.371000    6.68953E-02  6.73121E-04  8.786710  3.197540
3  1580.000000   144.941000    1360.000000   187.371000    1400.000000   194.951000    7.33620E-02  7.37149E-04  7.931080  2.813420
3  1580.000000   144.941000    1400.000000   194.951000    1440.000000   204.976000    8.88141E-02  8.91694E-04  6.765720  2.592510
3  1580.000000   144.941000    1440.000000   204.976000    1480.000000   191.689000    8.10493E-02  8.14391E-04  8.554720  2.813380
3  1580.000000   144.941000    1480.000000   191.689000    1520.000000   175.987000    1.72621E-01  1.73070E-03  7.702770  1.815710
3  1580.000000   144.941000    1640.000000   112.857000    1680.000000   114.145000    2.94996E-01  2.95574E-03  12.312100  1.550010
3  1580.000000   144.941000    1680.000000   114.145000    1720.000000   106.756000    1.03808E-01  1.04170E-03  9.491760  2.340680
3  1580.000000   144.941000    1720.000000   106.756000    1760.000000   101.140000    1.20269E-01  1.20682E-03  10.901700  2.039760
3  1580.000000   144.941000    1760.000000   101.140000    1800.000000   104.339000    3.71520E-02  3.77617E-04  9.918450  4.112040
3  1580.000000   144.941000    1800.000000   104.339000    1840.000000   80.146000     7.09476E-02  7.12889E-04  12.413700  2.813380
3  1580.000000   144.941000    1840.000000   80.146000     1880.000000   68.179000     6.15901E-02  6.19744E-04  -10.463200  3.197900
3  1580.000000   144.941000    1880.000000   68.179000     1920.000000   68.761000     5.97870E-02  6.01828E-04  38.484600  3.209790
3  1580.000000   144.941000    2280.000000   43.553000     2320.000000   45.377000     4.18442E-03  6.71574E-05  23.613900  18.562400
3  1580.000000   144.941000    2360.000000   47.641000     2400.000000   52.837000     9.33630E-03  1.12189E-04  22.010100  9.575450
3  1580.000000   144.941000    0.000000      105.852000    80.000000     108.382000    5.32413E-03  6.80025E-05  2.063530  12.638600
3  1580.000000   144.941000    40.000000     108.172000    120.000000    102.908000    4.54039E-03  7.28705E-05  3.495710  18.562400
3  1580.000000   144.941000    880.000000    124.368000    960.000000    154.933000    2.35959E-02  2.51197E-04  19.929400  6.038250
3  1580.000000   144.941000    920.000000    140.952000    1000.000000   139.164000    2.00567E-02  2.14759E-04  22.793200  5.990360
3  1580.000000   144.941000    960.000000    154.933000    1040.000000   135.603000    2.19358E-02  2.33524E-04  23.751400  6.038230
3  1580.000000   144.941000    1000.000000   139.164000    1080.000000   116.772000    2.36330E-02  2.51590E-04  25.890500  6.038220
3  1580.000000   144.941000    1040.000000   135.603000    1120.000000   126.923000    3.89006E-02  3.95390E-04  23.936300  4.112140
3  1580.000000   144.941000    1080.000000   116.772000    1160.000000   133.280000    6.99599E-02  7.02978E-04  2.691310  2.814060
3  1580.000000   144.941000    1120.000000   126.923000    1200.000000   143.288000    8.57270E-02  8.60708E-04  22.974500  2.593010
3  1580.000000   144.941000    1160.000000   133.280000    1240.000000   143.282000    9.32230E-02  9.35968E-04  31.995000  2.592930
3  1580.000000   144.941000    2000.000000   61.720000     2080.000000   61.209000     3.50251E-02  3.55999E-04  20.198800  4.112050
3  1580.000000   144.941000    2040.000000   57.680000     2120.000000   64.714000     4.03317E-02  4.07810E-04  19.727600  3.850140
3  1580.000000   144.941000    2080.000000   61.209000     2160.000000   69.496000     1.44319E-02  1.63323E-04  26.827600  6.887870
3  1580.000000   144.941000    2120.000000   64.714000     2200.000000   52.831000     1.21815E-02  1.41801E-04  26.689500  8.322240
3  1580.000000   144.941000    2160.000000   69.496000     2240.000000   43.386000     1.38808E-02  1.57086E-04  20.235000  6.887880
3  1580.000000   144.941000    2200.000000   52.831000     2280.000000   43.553000     1.62435E-02  1.77642E-04  22.398000  6.286900
3  1580.000000   144.941000    2240.000000   43.386000     2320.000000   45.377000     1.37287E-02  1.55365E-04  23.751200  6.887890
3  1580.000000   144.941000    0.000000      105.852000    160.000000    97.335000     1.03399E-02  1.21548E-04  3.867160  8.588100
3  1580.000000   144.941000    40.000000     108.172000    200.000000    92.851000     9.68809E-03  1.14129E-04  6.120490  8.622430
3  1580.000000   144.941000    80.000000     108.382000    240.000000    92.290000     9.77586E-03  1.15038E-04  8.391550  8.605110
3  1580.000000   144.941000    120.000000    102.908000    280.000000    93.398000     1.01209E-02  1.19332E-04  10.727900  8.636700
3  1580.000000   144.941000    160.000000    97.335000     320.000000    95.039000     1.06664E-02  1.25944E-04  12.911700  8.659670
3  1580.000000   144.941000    200.000000    92.851000     360.000000    95.756000     1.09290E-02  1.28442E-04  14.372800  8.584270
3  1580.000000   144.941000    240.000000    92.290000     400.000000    101.442000    1.14666E-02  1.33523E-04  9.589500  8.327520
3  1580.000000   144.941000    280.000000    93.398000     440.000000    109.091000    1.16214E-02  1.35282E-04  16.368300  8.322330
3  1580.000000   144.941000    320.000000    95.039000     480.000000    117.202000    1.08908E-02  1.27930E-04  18.020200  8.576450
3  1580.000000   144.941000    360.000000    95.756000     520.000000    118.621000    1.12209E-02  1.31807E-04  19.732500  8.576440
3  1580.000000   144.941000    400.000000    101.442000    560.000000    114.524000    1.26265E-02  1.46981E-04  26.502800  8.322230
3  1580.000000   144.941000    440.000000    109.091000    600.000000    110.348000    1.37906E-02  1.56065E-04  23.040700  6.887930
3  1580.000000   144.941000    480.000000    117.202000    640.000000    121.240000    1.57408E-02  1.72145E-04  18.069700  6.286910
3  1580.000000   144.941000    520.000000    118.621000    680.000000    117.505000    1.71422E-02  1.87471E-04  25.095800  6.287000
3  1580.000000   144.941000    560.000000    114.524000    720.000000    113.178000    2.03368E-02  2.17758E-04  26.245200  5.990330
3  1580.000000   144.941000    600.000000    110.348000    760.000000    100.356000    2.89984E-02  2.97181E-04  25.458800  4.513040
3  1580.000000   144.941000    640.000000    121.240000    800.000000    108.602000    3.63468E-02  3.69436E-04  26.607600  4.112260
3  1580.000000   144.941000    680.000000    117.505000    840.000000    121.214000    4.22827E-02  4.27542E-04  22.731700  3.850290
3  1580.000000   144.941000    720.000000    113.178000    880.000000    124.368000    4.60517E-02  4.65647E-04  21.337600  3.850270
3  1580.000000   144.941000    760.000000    100.356000    920.000000    140.952000    4.48388E-02  4.53383E-04  20.128400  3.850220
3  1620.000000   120.635000    1280.000000   155.645000    1320.000000   173.060000    5.09175E-02  5.13040E-04  11.160700  3.399070
3  1620.000000   120.635000    1320.000000   173.060000    1360.000000   187.371000    5.32024E-02  5.36051E-04  8.620710  3.398730
3  1620.000000   120.635000    1360.000000   187.371000    1400.000000   194.951000    5.67576E-02  5.71123E-04  7.374580  3.198170
3  1620.000000   120.635000    1400.000000   194.951000    1440.000000   204.976000    6.51541E-02  6.55613E-04  6.004360  3.197950
3  1620.000000   120.635000    1440.000000   204.976000    1480.000000   191.689000    5.46827E-02  5.50956E-04  8.022730  3.397920
3  1620.000000   120.635000    1480.000000   191.689000    1520.000000   175.987000    1.03038E-01  1.03399E-03  7.691750  2.341020
3  1620.000000   120.635000    1520.000000   175.987000    1560.000000   155.051000    4.33921E-01  4.34667E-03  10.366100  1.300390
3  1620.000000   120.635000    1680.000000   114.145000    1720.000000   106.756000    2.83012E-01  2.83567E-03  6.516250  1.549960
3  1620.000000   120.635000    1720.000000   106.756000    1760.000000   101.140000    2.00707E-01  2.01229E-03  9.147690  1.815730
3  1620.000000   120.635000    1760.000000   101.140000    1800.000000   104.339000    5.65164E-02  5.68685E-04  7.418140  3.197480
3  1620.000000   120.635000    1800.000000   104.339000    1840.000000   80.146000     9.78909E-02  9.82325E-04  10.894500  2.340650
3  1620.000000   120.635000    1840.000000   80.146000     1880.000000   68.179000     8.38612E-02  8.41966E-04  -10.813700  2.592520
3  1620.000000   120.635000    1880.000000   68.179000     1920.000000   68.761000     7.84423E-02  7.88620E-04  35.687900  2.832430
3  1620.000000   120.635000    2280.000000   43.553000     2320.000000   45.377000     4.93591E-03  7.92184E-05  18.407200  18.562400
3  1620.000000   120.635000    2360.000000   47.641000     2400.000000   52.837000     1.09450E-02  1.28567E-04  17.233800  8.576430
3  1620.000000   120.635000    920.000000    140.952000    1000.000000   139.164000    1.74591E-02  1.90938E-04  24.918600  6.287160
3  1620.000000   120.635000    960.000000    154.933000    1040.000000   135.603000    1.90843E-02  2.04355E-04  26.294600  5.991080
3  1620.000000   120.635000    1000.000000   139.164000    1080.000000   116.772000    2.05926E-02  2.20504E-04  29.098000  5.990870
3  1620.000000   120.635000    1040.000000   135.603000    1120.000000   126.923000    3.33702E-02  3.39211E-04  26.391700  4.114410
3  1620.000000   120.635000    1080.000000   116.772000    1160.000000   133.280000    6.00851E-02  6.04714E-04  7.175510  3.203740
3  1620.000000   120.635000    1120.000000   126.923000    1200.000000   143.288000    7.28503E-02  7.32189E-04  25.194200  2.822280
3  1620.000000   120.635000    1160.000000   133.280000    1240.000000   143.282000    7.81937E-02  7.85792E-04  32.669700  2.817650
3  1620.000000   120.635000    1200.000000   143.288000    1280.000000   155.645000    1.14714E-01  1.15129E-03  12.028600  2.346290
3  1620.000000   120.635000    2000.000000   61.720000     2080.000000   61.209000     4.32170E-02  4.36984E-04  16.996400  3.850070
3  1620.000000   120.635000    2040.000000   57.680000     2120.000000   64.714000     4.98185E-02  5.01941E-04  16.619000  3.397800
3  1620.000000   120.635000    2080.000000   61.209000     2160.000000   69.496000     1.76448E-02  1.92965E-04  24.018500  6.286850
3  1620.000000   120.635000    2120.000000   64.714000     2200.000000   52.831000     1.44870E-02  1.63946E-04  24.408700  6.887880
3  1620.000000   120.635000    2160.000000   69.496000     2240.000000   43.386000     1.61627E-02  1.76757E-04  15.654000  6.286880
3  1620.000000   120.635000    2200.000000   52.831000     2280.000000   43.553000     1.89226E-02  2.02676E-04  15.647500  5.996060
3  1620.000000   120.635000    2240.000000   43.386000     2320.000000   45.377000     1.61559E-02  1.76683E-04  17.545400  6.286820
3  1620.000000   120.635000    80.000000     108.382000    240.000000    92.290000     8.92030E-03  1.07320E-04  -15.604100  9.593820
3  1620.000000   120.635000    120.000000    102.908000    280.000000    93.398000     9.24948E-03  1.11177E-04  -7.345970  9.579720
3  1620.000000   120.635000    200.000000    92.851000     360.000000    95.756000     9.95864E-03  1.16981E-04  2.898280  8.576490
3  1620.000000   120.635000    240.000000    92.290000     400.000000    101.442000    1.04354E-02  1.22587E-04  0.621115  8.577260
3  1620.000000   120.635000    280.000000    93.398000     440.000000    109.091000    1.05465E-02  1.23896E-04  9.591490  8.577780
3  1620.000000   120.635000    320.000000    95.039000     480.000000    117.202000    9.85424E-03  1.15755E-04  13.369700  8.576590
3  1620.000000   120.635000    360.000000    95.756000     520.000000    118.621000    1.01227E-02  1.18911E-04  16.888400  8.576970
3  1620.000000   120.635000    400.000000    101.442000    560.000000    114.524000    1.13528E-02  1.33358E-04  24.691700  8.576460
3  1620.000000   120.635000    440.000000    109.091000    600.000000    110.348000    1.23708E-02  1.44005E-04  22.298300  8.322160
3  1620.000000   120.635000    480.000000    117.202000    640.000000    121.240000    1.42769E-02  1.61567E-04  23.465000  6.887860
3  1620.000000   120.635000    520.000000    118.621000    680.000000    117.505000    1.53273E-02  1.73456E-04  25.575300  6.888010
3  1620.000000   120.635000    560.000000    114.524000    720.000000    113.178000    1.81436E-02  1.94274E-04  27.544100  5.990380
3  1620.000000   120.635000    600.000000    110.348000    760.000000    100.356000    2.58029E-02  2.67555E-04  27.424000  5.072620
3  1620.000000   120.635000    640.000000    121.240000    800.000000    108.602000    3.21248E-02  3.29228E-04  26.863600  4.513530
3  1620.000000   120.635000    680.000000    117.505000    840.000000    121.214000    3.75366E-02  3.81537E-04  25.740300  4.112740
3  1620.000000   120.635000    720.000000    113.178000    880.000000    124.368000    4.08324E-02  4.12885E-04  24.634200  3.851010
3  1620.000000   120.635000    760.000000    100.356000    920.000000    140.952000    3.96690E-02  4.01125E-04  23.681300  3.851160
3  1620.000000   120.635000    800.000000    108.602000    960.000000    154.933000    3.98819E-02  4.03278E-04  23.395700  3.851140
3  1660.000000   115.433000    1320.000000   173.060000    1360.000000   187.371000    3.52100E-02  3.57881E-04  10.481300  4.112340
3  1660.000000   115.433000    1360.000000   187.371000    1400.000000   194.951000    3.63899E-02  3.69874E-04  9.302790  4.112300
3  1660.000000   115.433000    1400.000000   194.951000    1440.000000   204.976000    3.80355E-02  3.86600E-04  5.740250  4.112330
3  1660.000000   115.433000    1440.000000   204.976000    1480.000000   191.689000    3.00924E-02  3.08393E-04  8.003170  4.513070
3  1660.000000   115.433000    1480.000000   191.689000    1520.000000   175.987000    5.15463E-02  5.19355E-04  7.857960  3.397880
3  1660.000000   115.433000    1520.000000   175.987000    1560.000000   155.051000    1.56885E-01  1.57346E-03  16.936100  1.869340
3  1660.000000   115.433000    1560.000000   155.051000    1600.000000   131.871000    3.08253E-01  3.08860E-03  4.009890  1.550720
3  1660.000000   115.433000    1720.000000   106.756000    1760.000000   101.140000    7.06038E-01  7.11792E-03  8.601210  2.726110
3  1660.000000   115.433000    1760.000000   101.140000    1800.000000   104.339000    1.37251E-01  1.37722E-03  4.515220  2.039740
3  1660.000000   115.433000    1800.000000   104.339000    1840.000000   80.146000     1.97583E-01  1.98097E-03  12.274700  1.815880
3  1660.000000   115.433000    1840.000000   80.146000     1880.000000   68.179000     1.45204E-01  1.45632E-03  -12.890500  1.869740
3  1660.000000   115.433000    1880.000000   68.179000     1920.000000   68.761000     1.25484E-01  1.25917E-03  38.931200  2.040870
3  1660.000000   115.433000    2280.000000   43.553000     2320.000000   45.377000     6.39108E-03  8.16301E-05  19.698200  12.638600
3  1660.000000   115.433000    2360.000000   47.641000     2400.000000   52.837000     1.40490E-02  1.58988E-04  19.200300  6.887860
3  1660.000000   115.433000    960.000000    154.933000    1040.000000   135.603000    1.42899E-02  1.61723E-04  26.367300  6.888710
3  1660.000000   115.433000    1000.000000   139.164000    1080.000000   116.772000    1.55314E-02  1.69865E-04  28.479500  6.288260
3  1660.000000   115.433000    1040.000000   135.603000    1120.000000   126.923000    2.44744E-02  2.53804E-04  26.296100  5.074780
3  1660.000000   115.433000    1080.000000   116.772000    1160.000000   133.280000    4.36570E-02  4.41512E-04  8.270310  3.854850
3  1660.000000   115.433000    1120.000000   126.923000    1200.000000   143.288000    5.22053E-02  5.26099E-04  25.095800  3.403960
3  1660.000000   115.433000    1160.000000   133.280000    1240.000000   143.282000    5.48377E-02  5.52545E-04  32.319500  3.399540
3  1660.000000   115.433000    1200.000000   143.288000    1280.000000   155.645000    7.86820E-02  7.90660E-04  12.848400  2.815910
3  1660.000000   115.433000    1240.000000   143.282000    1320.000000   173.060000    8.46390E-02  8.49818E-04  11.941600  2.594470
3  1660.000000   115.433000    2000.000000   61.720000     2080.000000   61.209000     6.11313E-02  6.16338E-04  17.521500  3.259580
3  1660.000000   115.433000    2040.000000   57.680000     2120.000000   64.714000     7.00900E-02  7.06192E-04  17.050200  2.909720
3  1660.000000   115.433000    2080.000000   61.209000     2160.000000   69.496000     2.41663E-02  2.50580E-04  24.239400  5.072360
3  1660.000000   115.433000    2120.000000   64.714000     2200.000000   52.831000     1.90538E-02  2.04020E-04  25.105800  5.990340
3  1660.000000   115.433000    2160.000000   69.496000     2240.000000   43.386000     2.06771E-02  2.21402E-04  17.038800  5.990330
3  1660.000000   115.433000    2200.000000   52.831000     2280.000000   43.553000     2.41844E-02  2.50768E-04  17.885600  5.072340
3  1660.000000   115.433000    2240.000000   43.386000     2320.000000   45.377000     2.08890E-02  2.22378E-04  19.348600  6.038190
3  1660.000000   115.433000    40.000000     108.172000    200.000000    92.851000     7.55541E-03  1.00455E-04  -2.919360  12.864500
3  1660.000000   115.433000    80.000000     108.382000    240.000000    92.290000     7.56206E-03  1.05823E-04  9.692840  13.584700
3  1660.000000   115.433000    120.000000    102.908000    280.000000    93.398000     7.75458E-03  1.14069E-04  17.248700  14.321300
3  1660.000000   115.433000    240.000000    92.290000     400.000000    101.442000    8.51825E-03  1.04533E-04  9.221210  9.894010
3  1660.000000   115.433000    280.000000    93.398000     440.000000    109.091000    8.55134E-03  1.03473E-04  14.348500  9.680410
3  1660.000000   115.433000    320.000000    95.039000     480.000000    117.202000    7.94382E-03  9.54657E-05  15.477300  9.577040
3  1660.000000   115.433000    360.000000    95.756000     520.000000    118.621000    8.10302E-03  9.73691E-05  17.872800  9.575450
3  1660.000000   115.433000    400.000000    101.442000    560.000000    114.524000    9.02252E-03  1.08435E-04  26.079600  9.577870
3  1660.000000   115.433000    440.000000    109.091000    600.000000    110.348000    9.78686E-03  1.14980E-04  23.608500  8.578920
3  1660.000000   115.433000    480.000000    117.202000    640.000000    121.240000    1.12814E-02  1.32549E-04  24.510600  8.580120
3  1660.000000   115.433000    520.000000    118.621000    680.000000    117.505000    1.20768E-02  1.40605E-04  26.499100  8.324800
3  1660.000000   115.433000    560.000000    114.524000    720.000000    113.178000    1.42419E-02  1.61213E-04  28.183900  6.892480
3  1660.000000   115.433000    600.000000    110.348000    760.000000    100.356000    2.01622E-02  2.15971E-04  27.838000  5.997630
3  1660.000000   115.433000    640.000000    121.240000    800.000000    108.602000    2.50574E-02  2.59918E-04  26.940600  5.080340
3  1660.000000   115.433000    680.000000    117.505000    840.000000    121.214000    2.92397E-02  2.99760E-04  25.585300  4.521330
3  1660.000000   115.433000    720.000000    113.178000    880.000000    124.368000    3.17592E-02  3.25560E-04  24.240400  4.519310
3  1660.000000   115.433000    760.000000    100.356000    920.000000    140.952000    3.07518E-02  3.15218E-04  23.035700  4.518180
3  1660.000000   115.433000    800.000000    108.602000    960.000000    154.933000    3.07788E-02  3.15477E-04  22.673700  4.516800
3  1660.000000   115.433000    840.000000    121.214000    1000.000000   139.164000    2.84888E-02  2.91976E-04  23.554100  4.514560
3  1660.000000   115.433000    0.000000      105.852000    320.000000    95.039000     1.61908E-02  2.25157E-04  -6.337790  10.645100
3  1660.000000   115.433000    40.000000     108.172000    360.000000    95.756000     1.57236E-02  1.86567E-04  7.015080  7.791890
3  1700.000000   114.563000    0.000000      105.852000    40.000000     108.172000    2.27707E-03  6.10637E-05  21.654000  29.851700
3  1700.000000   114.563000    1360.000000   187.371000    1400.000000   194.951000    2.86791E-02  2.93918E-04  10.316500  4.513840
3  1700.000000   114.563000    1400.000000   194.951000    1440.000000   204.976000    3.02019E-02  3.09521E-04  8.059810  4.513610
3  1700.000000   114.563000    1440.000000   204.976000    1480.000000   191.689000    2.26121E-02  2.40724E-04  8.280980  6.038390
3  1700.000000   114.563000    1480.000000   191.689000    1520.000000   175.987000    3.70188E-02  3.76266E-04  8.703380  4.112390
3  1700.000000   114.563000    1520.000000   175.987000    1560.000000   155.051000    9.67012E-02  9.70928E-04  16.187500  2.594500
3  1700.000000   114.563000    1560.000000   155.051000    1600.000000   131.871000    1.40903E-01  1.41320E-03  4.442510  1.870360
3  1700.000000   114.563000    1600.000000   131.871000    1640.000000   112.857000    6.43566E-01  7.73380E-03  15.457900  6.759610
3  1700.000000   114.563000    1760.000000   101.140000    1800.000000   104.339000    3.07229E-01  3.07831E-03  5.032550  1.549950
3  1700.000000   114.563000    1800.000000   104.339000    1840.000000   80.146000     3.43598E-01  3.44186E-03  9.651190  1.299500
3  1700.000000   114.563000    1840.000000   80.146000     1880.000000   68.179000     2.16167E-01  2.16714E-03  -9.261440  1.880890
3  1700.000000   114.563000    1880.000000   68.179000     1920.000000   68.761000     1.59560E-01  1.60026E-03  8.841780  1.868280
3  1700.000000   114.563000    2000.000000   61.720000     2040.000000   57.680000     9.05541E-03  1.08813E-04  23.851900  9.575450
3  1700.000000   114.563000    2280.000000   43.553000     2320.000000   45.377000     6.97387E-03  8.76699E-05  19.746000  12.114100
3  1700.000000   114.563000    2360.000000   47.641000     2400.000000   52.837000     1.53260E-02  1.73440E-04  19.055100  6.887860
3  1700.000000   114.563000    0.000000      105.852000    80.000000     108.382000    3.73384E-03  5.99274E-05  19.849900  18.562700
3  1700.000000   114.563000    40.000000     108.172000    120.000000    102.908000    3.17079E-03  5.73402E-05  16.482900  22.810600
3  1700.000000   114.563000    440.000000    109.091000    520.000000    118.621000    3.58815E-03  6.48874E-05  27.366300  22.810500
3  1700.000000   114.563000    1000.000000   139.164000    1080.000000   116.772000    1.34111E-02  1.51781E-04  29.830100  6.889280
3  1700.000000   114.563000    1040.000000   135.603000    1120.000000   126.923000    2.08866E-02  2.22392E-04  27.415900  6.041510
3  1700.000000   114.563000    1080.000000   116.772000    1160.000000   133.280000    3.68769E-02  3.74939E-04  8.755370  4.119900
3  1700.000000   114.563000    1120.000000   126.923000    1200.000000   143.288000    4.36765E-02  4.41727E-04  26.041500  3.855950
3  1700.000000   114.563000    1160.000000   133.280000    1240.000000   143.282000    4.54556E-02  4.59674E-04  34.009600  3.853260
3  1700.000000   114.563000    1200.000000   143.288000    1280.000000   155.645000    6.46762E-02  6.50940E-04  14.103500  3.204590
3  1700.000000   114.563000    1240.000000   143.282000    1320.000000   173.060000    6.91220E-02  6.94669E-04  13.133900  2.819590
3  1700.000000   114.563000    1280.000000   155.645000    1360.000000   187.371000    5.57332E-02  5.61568E-04  12.008600  3.399600
3  1700.000000   114.563000    2040.000000   57.680000     2120.000000   64.714000     8.10892E-02  8.14792E-04  16.316300  2.813360
3  1700.000000   114.563000    2080.000000   61.209000     2160.000000   69.496000     2.73426E-02  2.83515E-04  23.492800  5.072320
3  1700.000000   114.563000    2120.000000   64.714000     2200.000000   52.831000     2.11156E-02  2.24792E-04  25.121100  6.038310
3  1700.000000   114.563000    2160.000000   69.496000     2240.000000   43.386000     2.29233E-02  2.44037E-04  17.652400  6.038280
3  1700.000000   114.563000    2200.000000   52.831000     2280.000000   43.553000     2.66571E-02  2.76407E-04  18.054200  5.072290
3  1700.000000   114.563000    2240.000000   43.386000     2320.000000   45.377000     2.28648E-02  2.43414E-04  19.197700  6.038290
3  1700.000000   114.563000    0.000000      105.852000    160.000000    97.335000     7.22002E-03  9.07990E-05  17.935800  12.119100
3  1700.000000   114.563000    40.000000     108.172000    200.000000    92.851000     6.74223E-03  8.47633E-05  16.091500  12.115000
3  1700.000000   114.563000    80.000000     108.382000    240.000000    92.290000     6.76838E-03  8.51043E-05  16.627300  12.116800
3  1700.000000   114.563000    120.000000    102.908000    280.000000    93.398000     6.96700E-03  8.75961E-05  17.733400  12.116000
3  1700.000000   114.563000    280.000000    93.398000     440.000000    109.091000    7.77141E-03  9.77200E-05  22.467700  12.117400
3  1700.000000   114.563000    320.000000    95.039000     480.000000    117.202000    7.20839E-03  9.06268E-05  23.812800  12.115400
3  1700.000000   114.563000    400.000000    101.442000    560.000000    114.524000    8.16411E-03  9.81155E-05  32.020400  9.577410
3  1700.000000   114.563000    440.000000    109.091000    600.000000    110.348000    8.83860E-03  1.06218E-04  28.125200  9.576810
3  1700.000000   114.563000    480.000000    117.202000    640.000000    121.240000    1.01616E-02  1.19378E-04  28.193300  8.578350
3  1700.000000   114.563000    520.000000    118.621000    680.000000    117.505000    1.08519E-02  1.27487E-04  29.515300  8.578110
3  1700.000000   114.563000    560.000000    114.524000    720.000000    113.178000    1.27549E-02  1.48495E-04  30.702900  8.324280
3  1700.000000   114.563000    600.000000    110.348000    760.000000    100.356000    1.79902E-02  1.92689E-04  30.089900  5.996120
3  1700.000000   114.563000    640.000000    121.240000    800.000000    108.602000    2.22816E-02  2.37286E-04  28.964400  6.044630
3  1700.000000   114.563000    680.000000    117.505000    840.000000    121.214000    2.59267E-02  2.68927E-04  27.418400  5.079690
3  1700.000000   114.563000    720.000000    113.178000    880.000000    124.368000    2.80720E-02  2.87786E-04  25.872100  4.520950
3  1700.000000   114.563000    760.000000    100.356000    920.000000    140.952000    2.70728E-02  2.80786E-04  24.399500  5.077390
3  1700.000000   114.563000    800.000000    108.602000    960.000000    154.933000    2.70037E-02  2.80058E-04  23.941000  5.076570
3  1700.000000   114.563000    840.000000    121.214000    1000.000000   139.164000    2.49987E-02  2.59244E-04  24.810300  5.074930
3  1700.000000   114.563000    880.000000    124.368000    1040.000000   135.603000    2.63896E-02  2.73663E-04  25.519800  5.074600
3  1700.000000   114.563000    0.000000      105.852000    320.000000    95.039000     1.45148E-02  1.64887E-04  18.636300  6.958520
3  1700.000000   114.563000    40.000000     108.172000    360.000000    95.756000     1.41516E-02  1.60847E-04  18.636300  6.968410
3  1700.000000   114.563000    80.000000     108.382000    400.000000    101.442000    1.45072E-02  1.64354E-04  16.264000  6.908200
3  1780.000000   103.229000    0.000000      105.852000    40.000000     108.172000    1.86887E-03  5.01835E-05  -3.876270  29.883500
3  1780.000000   103.229000    1280.000000   155.645000    1320.000000   173.060000    1.86573E-02  5.14350E-04  -10.678600  26.100700
3  1780.000000   103.229000    1440.000000   204.976000    1480.000000   191.689000    1.41281E-02  1.59923E-04  9.925100  6.892400
3  1780.000000   103.229000    1480.000000   191.689000    1520.000000   175.987000    2.26536E-02  2.41562E-04  10.107300  6.069070
3  1780.000000   103.229000    1560.000000   155.051000    1600.000000   131.871000    7.17283E-02  7.31729E-04  -4.903030  3.319430
3  1780.000000   103.229000    1600.000000   131.871000    1640.000000   112.857000    2.10874E-01  3.63956E-03  -3.943130  14.174600
3  1780.000000   103.229000    1640.000000   112.857000    1680.000000   114.145000    2.95515E-01  3.50286E-03  3.648900  6.520130
3  1780.000000   103.229000    1680.000000   114.145000    1720.000000   106.756000    3.69917E-01  3.70712E-03  4.816080  1.333140
3  1780.000000   103.229000    1880.000000   68.179000     1920.000000   68.761000     3.94310E-01  3.94984E-03  82.453600  1.299460
3  1780.000000   103.229000    2000.000000   61.720000     2040.000000   57.680000     1.45990E-02  1.65213E-04  21.081400  6.887860
3  1780.000000   103.229000    2040.000000   57.680000     2080.000000   61.209000     9.22988E-02  9.26680E-04  14.622500  2.592470
3  1780.000000   103.229000    2080.000000   61.209000     2120.000000   64.714000     2.53320E-02  2.62668E-04  17.163300  5.072290
3  1780.000000   103.229000    2280.000000   43.553000     2320.000000   45.377000     8.50882E-03  1.02245E-04  18.340000  9.575450
3  1780.000000   103.229000    2360.000000   47.641000     2400.000000   52.837000     1.86160E-02  1.99333E-04  17.442500  5.990330
3  1780.000000   103.229000    0.000000      105.852000    80.000000     108.382000    3.05864E-03  5.53709E-05  -4.266590  22.825800
3  1780.000000   103.229000    40.000000     108.172000    120.000000    102.908000    2.58435E-03  4.67721E-05  -3.869650  22.821900
3  1780.000000   103.229000    1080.000000   116.772000    1160.000000   133.280000    2.64542E-02  2.74338E-04  11.389100  5.074940
3  1780.000000   103.229000    1120.000000   126.923000    1200.000000   143.288000    3.10036E-02  3.17731E-04  28.538600  4.513040
3  1780.000000   103.229000    1160.000000   133.280000    1240.000000   143.282000    3.17903E-02  3.25797E-04  36.784000  4.513440
3  1780.000000   103.229000    1280.000000   155.645000    1360.000000   187.371000    3.75782E-02  1.10475E-03  -13.233300  27.890500
3  1780.000000   103.229000    1320.000000   173.060000    1400.000000   194.951000    3.78585E-02  7.50268E-04  -3.769140  17.502600
3  1780.000000   103.229000    1360.000000   187.371000    1440.000000   204.976000    3.81819E-02  3.97107E-04  8.934600  4.665720
3  1780.000000   103.229000    2120.000000   64.714000     2200.000000   52.831000     2.66292E-02  2.76118E-04  24.015500  5.072300
3  1780.000000   103.229000    2160.000000   69.496000     2240.000000   43.386000     2.85072E-02  2.92145E-04  16.408400  4.512990
3  1780.000000   103.229000    2200.000000   52.831000     2280.000000   43.553000     3.27893E-02  3.36028E-04  16.545800  4.512990
3  1780.000000   103.229000    2240.000000   43.386000     2320.000000   45.377000     2.79948E-02  2.86894E-04  17.772900  4.512980
3  1780.000000   103.229000    0.000000      105.852000    160.000000    97.335000     5.89336E-03  7.52847E-05  -2.831720  12.640600
3  1780.000000   103.229000    40.000000     108.172000    200.000000    92.851000     5.48465E-03  7.01964E-05  -0.374478  12.665100
3  1780.000000   103.229000    80.000000     108.382000    240.000000    92.290000     5.49399E-03  7.03533E-05  3.655980  12.672000
3  1780.000000   103.229000    120.000000    102.908000    280.000000    93.398000     5.64327E-03  7.22135E-05  9.098120  12.662700
3  1780.000000   103.229000    360.000000    95.756000     520.000000    118.621000    5.82773E-03  7.46107E-05  28.922700  12.669200
3  1780.000000   103.229000    400.000000    101.442000    560.000000    114.524000    6.44323E-03  8.11538E-05  35.672000  12.139100
3  1780.000000   103.229000    440.000000    109.091000    600.000000    110.348000    6.94806E-03  8.74657E-05  32.166000  12.132000
3  1780.000000   103.229000    480.000000    117.202000    640.000000    121.240000    7.96809E-03  9.58752E-05  32.148100  9.595560
3  1780.000000   103.229000    520.000000    118.621000    680.000000    117.505000    8.48002E-03  1.02004E-04  33.246400  9.590990
3  1780.000000   103.229000    560.000000    114.524000    720.000000    113.178000    9.91979E-03  1.16626E-04  34.203200  8.590520
3  1780.000000   103.229000    600.000000    110.348000    760.000000    100.356000    1.39128E-02  1.57621E-04  33.584800  6.908350
3  1780.000000   103.229000    640.000000    121.240000    800.000000    108.602000    1.71709E-02  1.87985E-04  32.379300  6.307340
3  1780.000000   103.229000    680.000000    117.505000    840.000000    121.214000    1.99244E-02  2.13564E-04  30.790500  6.010200
3  1780.000000   103.229000    720.000000    113.178000    880.000000    124.368000    2.15074E-02  2.29168E-04  29.227400  6.055050
3  1780.000000   103.229000    760.000000    100.356000    920.000000    140.952000    2.06454E-02  2.21191E-04  27.617500  6.001380
3  1780.000000   103.229000    800.000000    108.602000    960.000000    154.933000    2.04899E-02  2.19494E-04  27.051500  5.998750
3  1780.000000   103.229000    840.000000    121.214000    1000.000000   139.164000    1.87947E-02  2.01293E-04  27.733700  5.994760
3  1780.000000   103.229000    880.000000    124.368000    1040.000000   135.603000    1.97428E-02  2.11428E-04  28.466600  5.993120
3  1780.000000   103.229000    920.000000    140.952000    1080.000000   116.772000    1.84633E-02  1.97716E-04  30.972400  5.992100
3  1780.000000   103.229000    960.000000    154.933000    1120.000000   126.923000    2.43735E-02  2.52741E-04  30.216600  5.073330
3  1780.000000   103.229000    0.000000      105.852000    320.000000    95.039000     1.18079E-02  1.38409E-04  6.089620  8.435190
3  1780.000000   103.229000    40.000000     108.172000    360.000000    95.756000     1.14567E-02  1.33424E-04  10.391100  8.329520
3  1780.000000   103.229000    80.000000     108.382000    400.000000    101.442000    1.17185E-02  1.36455E-04  11.084100  8.327380
3  1780.000000   103.229000    120.000000    102.908000    440.000000    109.091000    1.18691E-02  1.38330E-04  17.569500  8.341580
3  1780.000000   103.229000    160.000000    97.335000     480.000000    117.202000    1.16444E-02  1.35665E-04  21.146900  8.336150
3  1860.000000   72.265000     1640.000000   112.857000    1680.000000   114.145000    1.30124E-01  3.17451E-03  -10.135300  22.330200
3  1860.000000   72.265000     1680.000000   114.145000    1720.000000   106.756000    1.19543E-01  1.20354E-03  7.664260  2.198890
3  1860.000000   72.265000     1720.000000   106.756000    1760.000000   101.140000    3.75034E-01  4.37143E-03  2.049270  6.100110
3  1860.000000   72.265000     1760.000000   101.140000    1800.000000   104.339000    3.02217E-01  3.04320E-03  3.597890  1.845730
3  1860.000000   72.265000     2000.000000   61.720000     2040.000000   57.680000     2.60120E-02  2.69718E-04  18.314900  5.072280
3  1860.000000   72.265000     2040.000000   57.680000     2080.000000   61.209000     1.46957E-01  1.47386E-03  14.838900  1.868380
3  1860.000000   72.265000     2080.000000   61.209000     2120.000000   64.714000     3.60050E-02  3.65958E-04  17.613300  4.112070
3  1860.000000   72.265000     2120.000000   64.714000     2160.000000   69.496000     1.47852E-02  1.67321E-04  35.055500  6.887880
3  1860.000000   72.265000     2160.000000   69.496000     2200.000000   52.831000     1.89555E-02  2.02968E-04  20.034300  5.990400
3  1860.000000   72.265000     2280.000000   43.553000     2320.000000   45.377000     1.01640E-02  1.19392E-04  20.909100  8.576430
3  1860.000000   72.265000     2360.000000   47.641000     2400.000000   52.837000     2.21700E-02  2.36015E-04  20.330900  6.038190
3  1860.000000   72.265000     1160.000000   133.280000    1240.000000   143.282000    2.29661E-02  2.44630E-04  31.652700  6.048870
3  1860.000000   72.265000     1200.000000   143.288000    1280.000000   155.645000    3.13383E-02  3.21381E-04  14.976100  4.528880
3  1860.000000   72.265000     1240.000000   143.282000    1320.000000   173.060000    3.29846E-02  3.35434E-04  14.082500  4.125060
3  1860.000000   72.265000     1280.000000   155.645000    1360.000000   187.371000    2.62104E-02  2.71820E-04  13.089000  5.075710
3  1860.000000   72.265000     1320.000000   173.060000    1400.000000   194.951000    2.62567E-02  2.72285E-04  12.297800  5.074560
3  1860.000000   72.265000     1360.000000   187.371000    1440.000000   204.976000    2.59182E-02  2.68761E-04  10.378700  5.073610
3  1860.000000   72.265000     1400.000000   194.951000    1480.000000   191.689000    2.23223E-02  2.37645E-04  9.235970  6.038780
3  1860.000000   72.265000     1440.000000   204.976000    1520.000000   175.987000    2.47030E-02  2.56150E-04  10.039000  5.072640
3  1860.000000   72.265000     2200.000000   52.831000     2280.000000   43.553000     3.98781E-02  4.03223E-04  19.680500  3.850070
3  1860.000000   72.265000     2240.000000   43.386000     2320.000000   45.377000     3.36370E-02  3.41890E-04  20.736700  4.112040
3  1860.000000   72.265000     80.000000     108.382000    240.000000    92.290000     4.64747E-03  7.47927E-05  -17.393400  18.600300
3  1860.000000   72.265000     120.000000    102.908000    280.000000    93.398000     4.73625E-03  7.63640E-05  -10.814600  18.626400
3  1860.000000   72.265000     440.000000    109.091000    600.000000    110.348000    5.52258E-03  7.09033E-05  18.363400  12.705600
3  1860.000000   72.265000     480.000000    117.202000    640.000000    121.240000    6.31384E-03  8.09750E-05  18.893000  12.691600
3  1860.000000   72.265000     520.000000    118.621000    680.000000    117.505000    6.69467E-03  8.45269E-05  20.816600  12.170900
3  1860.000000   72.265000     560.000000    114.524000    720.000000    113.178000    7.79683E-03  9.81792E-05  22.051300  12.135900
3  1860.000000   72.265000     600.000000    110.348000    760.000000    100.356000    1.08750E-02  1.28129E-04  22.565800  8.624770
3  1860.000000   72.265000     640.000000    121.240000    800.000000    108.602000    1.33757E-02  1.51900E-04  21.687800  6.952840
3  1860.000000   72.265000     680.000000    117.505000    840.000000    121.214000    1.54787E-02  1.69871E-04  20.339500  6.353350
3  1860.000000   72.265000     720.000000    113.178000    880.000000    124.368000    1.66585E-02  1.82754E-04  19.329600  6.346670
3  1860.000000   72.265000     760.000000    100.356000    920.000000    140.952000    1.59225E-02  1.74476E-04  17.977400  6.324530
3  1860.000000   72.265000     800.000000    108.602000    960.000000    154.933000    1.57330E-02  1.72308E-04  17.998100  6.314440
3  1860.000000   72.265000     840.000000    121.214000    1000.000000   139.164000    1.43166E-02  1.62107E-04  19.216100  6.898120
3  1860.000000   72.265000     880.000000    124.368000    1040.000000   135.603000    1.49738E-02  1.69538E-04  20.885100  6.896980
3  1860.000000   72.265000     920.000000    140.952000    1080.000000   116.772000    1.39081E-02  1.57449E-04  23.773700  6.894430
3  1860.000000   72.265000     960.000000    154.933000    1120.000000   126.923000    1.81347E-02  1.94301E-04  25.120800  6.002380
3  1860.000000   72.265000     1000.000000   139.164000    1160.000000   133.280000    2.67798E-02  2.77899E-04  16.292300  5.089070
3  1860.000000   72.265000     1040.000000   135.603000    1200.000000   143.288000    3.37688E-02  3.43598E-04  25.882800  4.139030
3  1860.000000   72.265000     40.000000     108.172000    360.000000    95.756000     9.58796E-03  1.14812E-04  -13.556200  8.886140
3  1860.000000   72.265000     80.000000     108.382000    400.000000    101.442000    9.74366E-03  1.14509E-04  -10.140700  8.584070
3  1860.000000   72.265000     120.000000    102.908000    440.000000    109.091000    9.79477E-03  1.15252E-04  -2.469040  8.603870
3  1860.000000   72.265000     160.000000    97.335000     480.000000    117.202000    9.54382E-03  1.14986E-04  1.573550  9.615330
3  1860.000000   72.265000     200.000000    92.851000     520.000000    118.621000    9.59957E-03  1.12908E-04  5.581660  8.597130
3  1860.000000   72.265000     240.000000    92.290000     560.000000    114.524000    1.02374E-02  1.20295E-04  9.003280  8.581710
3  1937.000000   69.020000     1600.000000   131.871000    1640.000000   112.857000    5.10247E-02  5.15084E-04  14.780400  3.454890
3  1937.000000   69.020000     1640.000000   112.857000    1680.000000   114.145000    4.16333E-02  4.21300E-04  15.583000  3.870980
3  1937.000000   69.020000     1680.000000   114.145000    1720.000000   106.756000    2.52849E-02  2.62220E-04  13.469900  5.075530
3  1937.000000   69.020000     1720.000000   106.756000    1760.000000   101.140000    8.07544E-02  8.11929E-04  13.622700  2.835400
3  1937.000000   69.020000     1760.000000   101.140000    1800.000000   104.339000    3.85198E-02  3.91542E-04  13.105000  4.113570
3  1937.000000   69.020000     1800.000000   104.339000    1840.000000   80.146000     1.54995E-01  1.55477E-03  12.665700  1.878540
3  1937.000000   69.020000     2000.000000   61.720000     2040.000000   57.680000     1.09450E-01  1.09832E-03  12.380800  2.340610
3  1937.000000   69.020000     2080.000000   61.209000     2120.000000   64.714000     7.02319E-02  7.05697E-04  16.936100  2.813370
3  1937.000000   69.020000     2120.000000   64.714000     2160.000000   69.496000     2.15440E-02  2.29351E-04  33.194600  6.038190
3  1937.000000   69.020000     2160.000000   69.496000     2200.000000   52.831000     2.58570E-02  2.68111E-04  19.633000  5.072290
3  1937.000000   69.020000     2240.000000   43.386000     2280.000000   43.553000     2.93070E-02  3.00341E-04  19.244900  4.512980
3  1937.000000   69.020000     2280.000000   43.553000     2320.000000   45.377000     1.23700E-02  1.43995E-04  20.273700  8.322140
3  1937.000000   69.020000     2360.000000   47.641000     2400.000000   52.837000     2.68370E-02  2.78273E-04  18.875100  5.072280
3  1937.000000   69.020000     1240.000000   143.282000    1320.000000   173.060000    1.77227E-02  1.94464E-04  22.241000  6.350130
3  1937.000000   69.020000     1280.000000   155.645000    1360.000000   187.371000    1.39145E-02  1.57661E-04  20.552500  6.910710
3  1937.000000   69.020000     1320.000000   173.060000    1400.000000   194.951000    1.37774E-02  1.56057E-04  19.530600  6.904680
3  1937.000000   69.020000     1360.000000   187.371000    1440.000000   204.976000    1.32606E-02  1.54454E-04  17.377800  8.331810
3  1937.000000   69.020000     1400.000000   194.951000    1480.000000   191.689000    1.11541E-02  1.31064E-04  15.998300  8.581480
3  1937.000000   69.020000     1440.000000   204.976000    1520.000000   175.987000    1.22081E-02  1.42147E-04  16.500900  8.326380
3  1937.000000   69.020000     1480.000000   191.689000    1560.000000   155.051000    2.43484E-02  2.52707E-04  18.827500  5.092400
3  1937.000000   69.020000     1520.000000   175.987000    1600.000000   131.871000    3.81466E-02  3.88218E-04  16.804500  4.143760
3  1937.000000   69.020000     520.000000    118.621000    680.000000    117.505000    4.52387E-03  7.26221E-05  22.144700  18.565600
3  1937.000000   69.020000     560.000000    114.524000    720.000000    113.178000    5.21313E-03  6.66316E-05  24.593500  12.647700
3  1937.000000   69.020000     600.000000    110.348000    760.000000    100.356000    7.18994E-03  9.07917E-05  26.946100  12.172600
3  1937.000000   69.020000     640.000000    121.240000    800.000000    108.602000    8.75702E-03  1.05584E-04  26.611600  9.626530
3  1937.000000   69.020000     680.000000    117.505000    840.000000    121.214000    1.00527E-02  1.18320E-04  25.586000  8.608470
3  1937.000000   69.020000     720.000000    113.178000    880.000000    124.368000    1.07238E-02  1.27731E-04  24.924900  8.800220
3  1937.000000   69.020000     760.000000    100.356000    920.000000    140.952000    1.01345E-02  1.19570E-04  23.448700  8.647070
3  1937.000000   69.020000     800.000000    108.602000    960.000000    154.933000    9.91888E-03  1.16863E-04  24.039300  8.624700
3  1937.000000   69.020000     840.000000    121.214000    1000.000000   139.164000    9.00189E-03  1.08358E-04  25.611900  9.601550
3  1937.000000   69.020000     880.000000    124.368000    1040.000000   135.603000    9.29420E-03  1.11856E-04  27.998300  9.598860
3  1937.000000   69.020000     920.000000    140.952000    1080.000000   116.772000    8.53957E-03  1.02741E-04  31.187200  9.594060
3  1937.000000   69.020000     960.000000    154.933000    1120.000000   126.923000    1.08717E-02  1.27912E-04  32.988300  8.602390
3  1937.000000   69.020000     1000.000000   139.164000    1160.000000   133.280000    1.55901E-02  1.71281E-04  29.282100  6.374000
3  1937.000000   69.020000     1040.000000   135.603000    1200.000000   143.288000    1.94023E-02  2.08718E-04  34.786300  6.078920
3  1937.000000   69.020000     1080.000000   116.772000    1240.000000   143.282000    2.39213E-02  2.49320E-04  31.896300  5.180860
3  1937.000000   69.020000     1120.000000   126.923000    1280.000000   155.645000    2.98186E-02  3.07331E-04  28.618600  4.644380
3  1937.000000   69.020000     160.000000    97.335000     480.000000    117.202000    6.69127E-03  8.41594E-05  -12.029300  12.120700
3  1937.000000   69.020000     200.000000    92.851000     520.000000    118.621000    6.70736E-03  8.54256E-05  -2.276690  12.285200
3  1937.000000   69.020000     240.000000    92.290000     560.000000    114.524000    7.12527E-03  8.97841E-05  3.853860  12.144800
3  1937.000000   69.020000     280.000000    93.398000     600.000000    110.348000    7.32771E-03  9.23167E-05  9.635840  12.142300
3  1937.000000   69.020000     320.000000    95.039000     640.000000    121.240000    7.55090E-03  9.49813E-05  13.248700  12.122000
3  2019.000000   59.719000     1680.000000   114.145000    1720.000000   106.756000    1.59515E-02  1.74449E-04  15.425200  6.286940
3  2019.000000   59.719000     1720.000000   106.756000    1760.000000   101.140000    4.08592E-02  4.13152E-04  16.041600  3.850580
3  2019.000000   59.719000     1760.000000   101.140000    1800.000000   104.339000    1.84548E-02  1.97607E-04  20.129400  5.990360
3  2019.000000   59.719000     1800.000000   104.339000    1840.000000   80.146000     6.34111E-02  6.38068E-04  16.176000  3.197710
3  2019.000000   59.719000     1840.000000   80.146000     1880.000000   68.179000     1.00392E-01  1.00742E-03  14.023900  2.340800
3  2019.000000   59.719000     1880.000000   68.179000     1920.000000   68.761000     1.91131E-01  1.91628E-03  14.199800  1.815770
3  2019.000000   59.719000     2080.000000   61.209000     2120.000000   64.714000     1.53772E-01  1.54221E-03  20.354300  1.868350
3  2019.000000   59.719000     2120.000000   64.714000     2160.000000   69.496000     2.70611E-02  2.80597E-04  34.386600  5.072280
3  2019.000000   59.719000     2160.000000   69.496000     2200.000000   52.831000     3.10741E-02  4.56165E-04  17.697500  11.438700
3  2019.000000   59.719000     2200.000000   52.831000     2240.000000   43.386000     2.90585E-02  4.53115E-04  21.469500  12.589400
3  2019.000000   59.719000     2240.000000   43.386000     2280.000000   43.553000     3.18274E-02  3.28077E-04  23.067500  4.647350
3  2019.000000   59.719000     2280.000000   43.553000     2320.000000   45.377000     1.25958E-02  1.46625E-04  23.234200  8.322380
3  2019.000000   59.719000     2360.000000   47.641000     2400.000000   52.837000     1.46580E-02  1.65880E-04  52.753800  6.887860
3  2019.000000   59.719000     1320.000000   173.060000    1400.000000   194.951000    9.30305E-03  1.11789E-04  17.459500  9.575520
3  2019.000000   59.719000     1360.000000   187.371000    1440.000000   204.976000    9.06891E-03  1.08976E-04  15.881400  9.575500
3  2019.000000   59.719000     1400.000000   194.951000    1480.000000   191.689000    7.66479E-03  9.63556E-05  15.257400  12.114200
3  2019.000000   59.719000     1440.000000   204.976000    1520.000000   175.987000    8.12533E-03  9.76372E-05  15.642400  9.575470
3  2019.000000   59.719000     1480.000000   191.689000    1560.000000   155.051000    1.56783E-02  1.71461E-04  18.442300  6.286950
3  2019.000000   59.719000     1520.000000   175.987000    1600.000000   131.871000    2.37208E-02  2.52527E-04  16.093600  6.038370
3  2019.000000   59.719000     1560.000000   155.051000    1640.000000   112.857000    4.38200E-02  4.43086E-04  13.860700  3.850480
3  2019.000000   59.719000     1600.000000   131.871000    1680.000000   114.145000    5.59822E-02  5.64054E-04  14.711400  3.398240
3  2019.000000   59.719000     600.000000    110.348000    760.000000    100.356000    5.70571E-03  7.28802E-05  27.838200  12.639300
3  2019.000000   59.719000     640.000000    121.240000    800.000000    108.602000    6.87815E-03  8.64700E-05  27.125300  12.114600
3  2019.000000   59.719000     680.000000    117.505000    840.000000    121.214000    7.82589E-03  9.83847E-05  25.789200  12.114600
3  2019.000000   59.719000     720.000000    113.178000    880.000000    124.368000    8.26478E-03  9.93170E-05  24.594600  9.576150
3  2019.000000   59.719000     760.000000    100.356000    920.000000    140.952000    7.72149E-03  9.70707E-05  23.025200  12.114400
3  2019.000000   59.719000     800.000000    108.602000    960.000000    154.933000    7.50500E-03  9.43491E-05  22.901000  12.114500
3  2019.000000   59.719000     840.000000    121.214000    1000.000000   139.164000    6.92552E-03  8.70628E-05  23.793900  12.114200
3  2019.000000   59.719000     880.000000    124.368000    1040.000000   135.603000    7.05283E-03  8.86632E-05  25.475200  12.114200
3  2019.000000   59.719000     920.000000    140.952000    1080.000000   116.772000    6.46543E-03  8.12789E-05  29.097100  12.114200
3  2019.000000   59.719000     960.000000    154.933000    1120.000000   126.923000    8.09721E-03  9.73001E-05  29.860200  9.575650
3  2019.000000   59.719000     1000.000000   139.164000    1160.000000   133.280000    1.11584E-02  1.31139E-04  23.595600  8.584530
3  2019.000000   59.719000     1040.000000   135.603000    1200.000000   143.288000    1.38187E-02  1.56395E-04  30.792700  6.889200
3  2019.000000   59.719000     1080.000000   116.772000    1240.000000   143.282000    1.68509E-02  1.84302E-04  28.055800  6.288650
3  2019.000000   59.719000     1120.000000   126.923000    1280.000000   155.645000    2.08138E-02  2.21596E-04  25.314900  6.039660
3  2019.000000   59.719000     1160.000000   133.280000    1320.000000   173.060000    2.12619E-02  2.26348E-04  26.442600  6.038190
3  2019.000000   59.719000     1200.000000   143.288000    1360.000000   187.371000    2.13077E-02  2.26840E-04  20.049900  6.038510
3  2019.000000   59.719000     160.000000    97.335000     480.000000    117.202000    5.54046E-03  7.08520E-05  18.555300  12.654400
3  2019.000000   59.719000     200.000000    92.851000     520.000000    118.621000    5.54551E-03  7.09448E-05  20.628400  12.659500
3  2019.000000   59.719000     240.000000    92.290000     560.000000    114.524000    5.87290E-03  7.51173E-05  21.766700  12.656800
3  2019.000000   59.719000     280.000000    93.398000     600.000000    110.348000    6.01929E-03  7.69049E-05  22.600400  12.642600
3  2019.000000   59.719000     320.000000    95.039000     640.000000    121.240000    6.16000E-03  7.86786E-05  23.178700  12.638600
3  2019.000000   59.719000     360.000000    95.756000     680.000000    117.505000    6.31569E-03  8.06684E-05  24.397600  12.638800
3  2019.000000   59.719000     400.000000    101.442000    720.000000    113.178000    7.09441E-03  8.91852E-05  28.679600  12.114200
3  2100.000000   58.057000     1640.000000   112.857000    1680.000000   114.145000    1.54268E-02  3.19580E-04  17.757300  18.683500
3  2100.000000   58.057000     1880.000000   68.179000     1920.000000   68.761000     6.24602E-02  2.44069E-03  21.635000  37.893200
3  2100.000000   58.057000     2000.000000   61.720000     2040.000000   57.680000     1.34590E+00  1.34850E-02  21.724200  2.486480
3  2100.000000   58.057000     1400.000000   194.951000    1480.000000   191.689000    5.06004E-03  1.28409E-04  16.799400  25.309900
3  2100.000000   58.057000     1440.000000   204.976000    1520.000000   175.987000    5.28029E-03  6.83211E-05  16.431500  12.806700
3  2100.000000   58.057000     1480.000000   191.689000    1560.000000   155.051000    1.02369E-02  1.28085E-04  15.507200  9.598150
3  2100.000000   58.057000     1520.000000   175.987000    1600.000000   131.871000    1.55250E-02  1.69893E-04  15.980100  6.299200
3  2100.000000   58.057000     1560.000000   155.051000    1640.000000   112.857000    2.75932E-02  1.17778E-03  15.931800  41.714700
3  2100.000000   58.057000     1640.000000   112.857000    1720.000000   106.756000    2.43579E-02  2.54854E-04  17.905900  5.261610
3  2100.000000   58.057000     1680.000000   114.145000    1760.000000   101.140000    3.21657E-02  3.38042E-04  17.146400  5.078400
3  2100.000000   58.057000     840.000000    121.214000    1000.000000   139.164000    4.96865E-03  7.97483E-05  22.273500  18.563200
3  2100.000000   58.057000     880.000000    124.368000    1040.000000   135.603000    5.01667E-03  8.05155E-05  21.277400  18.562600
3  2100.000000   58.057000     920.000000    140.952000    1080.000000   116.772000    4.56512E-03  7.32715E-05  17.510800  18.563200
3  2100.000000   58.057000     960.000000    154.933000    1120.000000   126.923000    5.62791E-03  7.20063E-05  27.604500  12.660900
3  2100.000000   58.057000     1000.000000   139.164000    1160.000000   133.280000    7.53221E-03  9.50783E-05  26.748400  12.167800
3  2100.000000   58.057000     1040.000000   135.603000    1200.000000   143.288000    9.28972E-03  1.12511E-04  28.555300  9.694290
3  2100.000000   58.057000     1080.000000   116.772000    1240.000000   143.282000    1.12170E-02  1.35799E-04  29.492500  9.063020
3  2100.000000   58.057000     1120.000000   126.923000    1280.000000   155.645000    1.36693E-02  1.56799E-04  24.088900  7.138310
3  2100.000000   58.057000     1160.000000   133.280000    1320.000000   173.060000    1.39468E-02  1.59839E-04  22.183300  7.121690
3  2100.000000   58.057000     1200.000000   143.288000    1360.000000   187.371000    1.38433E-02  1.59096E-04  19.657200  7.173180
3  2100.000000   58.057000     1240.000000   143.282000    1400.000000   194.951000    1.40260E-02  1.59197E-04  18.581700  6.942580
3  2100.000000   58.057000     1280.000000   155.645000    1440.000000   204.976000    1.21597E-02  1.94396E-04  17.805700  13.759900
3  2180.000000   60.726000     1840.000000   80.146000     1880.000000   68.179000     1.37552E-02  1.55668E-04  18.650900  6.888310
3  2180.000000   60.726000     1880.000000   68.179000     1920.000000   68.761000     1.45641E-02  1.64822E-04  21.234400  6.888270
3  2180.000000   60.726000     2000.000000   61.720000     2040.000000   57.680000     2.11640E-02  2.25306E-04  36.541800  6.038190
3  2180.000000   60.726000     2040.000000   57.680000     2080.000000   61.209000     1.46299E-01  1.46726E-03  18.886100  1.868300
3  2180.000000   60.726000     2080.000000   61.209000     2120.000000   64.714000     1.64628E-01  1.65109E-03  21.568100  1.868310
3  2180.000000   60.726000     2240.000000   43.386000     2280.000000   43.553000     3.53490E-01  3.54094E-03  15.671800  1.299460
3  2180.000000   60.726000     2280.000000   43.553000     2320.000000   45.377000     9.13600E-02  9.17254E-04  20.366500  2.592460
3  2180.000000   60.726000     2360.000000   47.641000     2400.000000   52.837000     7.80410E-02  7.84164E-04  53.640300  2.813350
3  2180.000000   60.726000     1480.000000   191.689000    1560.000000   155.051000    6.45985E-03  8.12087E-05  13.577900  12.114200
3  2180.000000   60.726000     1520.000000   175.987000    1600.000000   131.871000    9.41741E-03  1.13164E-04  12.525600  9.575630
3  2180.000000   60.726000     1560.000000   155.051000    1640.000000   112.857000    1.66806E-02  1.82429E-04  12.143700  6.287700
3  2180.000000   60.726000     1600.000000   131.871000    1680.000000   114.145000    2.03290E-02  2.17687E-04  13.841100  5.991490
3  2180.000000   60.726000     1640.000000   112.857000    1720.000000   106.756000    1.33661E-02  1.51264E-04  15.295400  6.888350
3  2180.000000   60.726000     1680.000000   114.145000    1760.000000   101.140000    1.57890E-02  1.72675E-04  14.675700  6.287280
3  2180.000000   60.726000     1720.000000   106.756000    1800.000000   104.339000    1.51593E-02  1.71556E-04  15.498300  6.888160
3  2180.000000   60.726000     1760.000000   101.140000    1840.000000   80.146000     1.61122E-02  1.76208E-04  17.855600  6.287110
3  2180.000000   60.726000     960.000000    154.933000    1120.000000   126.923000    4.40563E-03  7.07099E-05  24.709800  18.562800
3  2180.000000   60.726000     1000.000000   139.164000    1160.000000   133.280000    5.70839E-03  7.34881E-05  32.479400  12.740900
3  2180.000000   60.726000     1040.000000   135.603000    1200.000000   143.288000    7.02504E-03  8.83378E-05  26.253300  12.117800
3  2180.000000   60.726000     1080.000000   116.772000    1240.000000   143.282000    8.38165E-03  1.00759E-04  24.777600  9.581800
3  2180.000000   60.726000     1120.000000   126.923000    1280.000000   155.645000    1.00691E-02  1.18312E-04  22.085400  8.581040
3  2180.000000   60.726000     1200.000000   143.288000    1360.000000   187.371000    9.94784E-03  1.16854E-04  17.148200  8.576580
3  2180.000000   60.726000     1240.000000   143.282000    1400.000000   194.951000    9.93226E-03  1.16672E-04  15.853900  8.576640
3  2180.000000   60.726000     1280.000000   155.645000    1440.000000   204.976000    8.39773E-03  1.00910E-04  14.670500  9.575510
3  2180.000000   60.726000     1320.000000   173.060000    1480.000000   191.689000    7.57658E-03  9.52467E-05  14.185400  12.114100
3  2180.000000   60.726000     1360.000000   187.371000    1520.000000   175.987000    7.52803E-03  9.46364E-05  13.838800  12.114200
3  2260.000000   42.980000     2000.000000   61.720000     2040.000000   57.680000     6.95632E-03  8.74493E-05  32.909200  12.114100
3  2260.000000   42.980000     2040.000000   57.680000     2080.000000   61.209000     4.26523E-02  4.71005E-04  16.106700  5.876100
3  2260.000000   42.980000     2080.000000   61.209000     2120.000000   64.714000     2.48700E-02  2.57880E-04  25.618800  5.072480
3  2260.000000   42.980000     2120.000000   64.714000     2160.000000   69.496000     9.81126E-02  9.84550E-04  14.866500  2.340910
3  2260.000000   42.980000     2160.000000   69.496000     2200.000000   52.831000     3.11341E-01  3.11954E-03  12.582200  1.550420
3  2260.000000   42.980000     1560.000000   155.051000    1640.000000   112.857000    9.94670E-03  1.16904E-04  9.919870  8.585160
3  2260.000000   42.980000     1600.000000   131.871000    1680.000000   114.145000    1.19796E-02  1.39529E-04  11.919500  8.331340
3  2260.000000   42.980000     1640.000000   112.857000    1720.000000   106.756000    7.68115E-03  9.65666E-05  13.294100  12.114900
3  2260.000000   42.980000     1680.000000   114.145000    1760.000000   101.140000    8.84179E-03  1.06254E-04  12.545500  9.576510
3  2260.000000   42.980000     1720.000000   106.756000    1800.000000   104.339000    8.39255E-03  1.00854E-04  13.260700  9.576320
3  2260.000000   42.980000     1760.000000   101.140000    1840.000000   80.146000     8.50913E-03  1.02253E-04  15.484700  9.575920
3  2260.000000   42.980000     1800.000000   104.339000    1880.000000   68.179000     1.30558E-02  1.51989E-04  16.085300  8.323300
3  2260.000000   42.980000     1840.000000   80.146000     1920.000000   68.761000     1.30778E-02  1.52243E-04  17.391200  8.323020
3  2260.000000   42.980000     1360.000000   187.371000    1520.000000   175.987000    4.64814E-03  7.46013E-05  11.474800  18.562600
3  2260.000000   42.980000     1400.000000   194.951000    1560.000000   155.051000    6.00744E-03  7.67336E-05  12.152800  12.639200
3  2260.000000   42.980000     1440.000000   204.976000    1600.000000   131.871000    7.81013E-03  9.81874E-05  11.025000  12.114700
3  2340.000000   46.659000     2000.000000   61.720000     2040.000000   57.680000     2.81520E-03  5.09084E-05  20.983800  22.810200
3  2340.000000   46.659000     2040.000000   57.680000     2080.000000   61.209000     1.74070E-02  1.90365E-04  19.023800  6.286820
3  2340.000000   46.659000     2080.000000   61.209000     2120.000000   64.714000     8.32974E-03  1.00093E-04  21.052500  9.575450
3  2340.000000   46.659000     2120.000000   64.714000     2160.000000   69.496000     2.26281E-02  2.40892E-04  18.019800  6.038190
3  2340.000000   46.659000     2160.000000   69.496000     2200.000000   52.831000     5.42383E-02  5.46473E-04  14.869000  3.397770
3  2340.000000   46.659000     2200.000000   52.831000     2240.000000   43.386000     1.84753E-01  1.85233E-03  11.370900  1.815740
3  2340.000000   46.659000     1760.000000   101.140000    1840.000000   80.146000     4.85991E-03  7.79986E-05  12.785500  18.562400
3  2340.000000   46.659000     1800.000000   104.339000    1880.000000   68.179000     7.40066E-03  9.30411E-05  14.303900  12.115000
3  2340.000000   46.659000     1840.000000   80.146000     1920.000000   68.761000     7.74479E-03  9.73652E-05  14.975600  12.114600
3  2420.000000   52.025000     2000.000000   61.720000     2040.000000   57.680000     1.12080E-03  4.46518E-05  18.520900  48.651900
3  2420.000000   52.025000     2080.000000   61.209000     2120.000000   64.714000     3.36043E-03  6.07680E-05  20.537200  22.810200
3  2420.000000   52.025000     2120.000000   64.714000     2160.000000   69.496000     6.53642E-03  8.21706E-05  18.739700  12.114200
3  2420.000000   52.025000     2160.000000   69.496000     2200.000000   52.831000     1.40897E-02  1.59450E-04  14.957200  6.887880
3  2420.000000   52.025000     2200.000000   52.831000     2240.000000   43.386000     4.65956E-02  4.71147E-04  11.764500  3.850080
3  2420.000000   52.025000     2240.000000   43.386000     2280.000000   43.553000     1.30632E-01  1.31080E-03  8.586430  2.039780
3  2420.000000   52.025000     2280.000000   43.553000     2320.000000   45.377000     8.68925E-02  8.72401E-04  4.785550  2.592460
3  2420.000000   52.025000     2000.000000   61.720000     2080.000000   61.209000     8.56663E-03  1.02940E-04  15.637600  9.575450
3  2580.000000   52.581000     2240.000000   43.386000     2280.000000   43.553000     2.32243E-02  2.47241E-04  9.118990  6.038280
3  2580.000000   52.581000     2280.000000   43.553000     2320.000000   45.377000     1.43859E-02  1.62801E-04  6.348260  6.887860
3  2580.000000   52.581000     2360.000000   47.641000     2400.000000   52.837000     3.17330E-02  3.25203E-04  26.045600  4.512980
3  2580.000000   52.581000     2040.000000   57.680000     2120.000000   64.714000     5.18952E-03  6.63143E-05  13.727900  12.644700
3  2580.000000   52.581000     2080.000000   61.209000     2160.000000   69.496000     3.16014E-03  5.71461E-05  18.954000  22.810200
3  2580.000000   52.581000     2120.000000   64.714000     2200.000000   52.831000     3.84862E-03  6.17680E-05  15.437900  18.562400
3  2580.000000   52.581000     2160.000000   69.496000     2240.000000   43.386000     9.65342E-03  1.13396E-04  10.071000  8.576460
3  2740.000000   86.111000     2360.000000   47.641000     2400.000000   52.837000     1.67480E-02  1.83158E-04  26.396300  6.286820
3  2740.000000   86.111000     2040.000000   57.680000     2120.000000   64.714000     4.05172E-03  6.52084E-05  14.499300  18.601000
3  2740.000000   86.111000     2080.000000   61.209000     2160.000000   69.496000     2.22086E-03  5.95550E-05  20.639700  29.851100
3  2740.000000   86.111000     2120.000000   64.714000     2200.000000   52.831000     2.06135E-03  5.52776E-05  9.232040  29.851100
3  2740.000000   86.111000     2160.000000   69.496000     2240.000000   43.386000     4.67609E-03  7.50484E-05  8.634250  18.562400
3  2740.000000   86.111000     2200.000000   52.831000     2280.000000   43.553000     1.64236E-02  1.79613E-04  12.146000  6.287210
3  2740.000000   86.111000     2240.000000   43.386000     2320.000000   45.377000     2.09439E-02  2.22973E-04  11.337000  6.038960
3  2900.000000   107.621000    2360.000000   47.641000     2400.000000   52.837000     1.27120E-02  1.47977E-04  27.234800  8.322140
3  2900.000000   107.621000    2200.000000   52.831000     2280.000000   43.553000     1.21345E-02  1.41515E-04  9.856300  8.352270
3  2900.000000   107.621000    2240.000000   43.386000     2320.000000   45.377000     1.60362E-02  1.75914E-04  12.207400  6.345260
3  2900.000000   107.621000    2080.000000   61.209000     2240.000000   43.386000     4.91631E-03  7.89053E-05  -0.468379  18.562600
3  3010.000000   76.587000     2120.000000   64.714000     2280.000000   43.553000     1.15976E-02  1.36006E-04  3.097670  8.442670
3  3010.000000   76.587000     2160.000000   69.496000     2320.000000   45.377000     1.64403E-02  1.80666E-04  8.095280  6.378780
