L26 SSIP denoised F4 0.90625 Hz
10.000000
11
0
Type of measurement (0=app. resistivity,1=resistance)
1
2178                
1
1
Phase Angle
mrad
0,0.90625
Error estimate for data present
Type of error estimate (0=same unit as data)
0
3  -20.000000    105.902000    240.000000    92.290000     280.000000    93.398000     1.28674E-02  1.49796E-04  7.687230  8.322220
3  -20.000000    105.902000    280.000000    93.398000     320.000000    95.039000     1.08409E-02  1.27345E-04  8.464560  8.576450
3  -20.000000    105.902000    1880.000000   68.179000     1920.000000   68.761000     1.24460E-03  4.95839E-05  15.540900  48.651900
3  -20.000000    105.902000    2280.000000   43.553000     2320.000000   45.377000     2.13107E-04  8.49001E-06  15.022100  48.651900
3  -20.000000    105.902000    2360.000000   47.641000     2400.000000   52.837000     2.64490E-04  1.05371E-05  51.474000  48.651900
3  -20.000000    105.902000    320.000000    95.039000     400.000000    101.442000    1.27258E-02  1.48137E-04  2.699600  8.323900
3  -20.000000    105.902000    360.000000    95.756000     440.000000    109.091000    9.71696E-03  1.14141E-04  8.400610  8.576520
3  -20.000000    105.902000    400.000000    101.442000    480.000000    117.202000    7.99037E-03  9.60155E-05  17.720600  9.575500
3  -20.000000    105.902000    440.000000    109.091000    520.000000    118.621000    6.43715E-03  8.10173E-05  11.369500  12.118900
3  -20.000000    105.902000    480.000000    117.202000    560.000000    114.524000    6.94403E-03  8.73934E-05  10.032000  12.119000
3  -20.000000    105.902000    520.000000    118.621000    600.000000    110.348000    6.56495E-03  8.25293E-05  9.182480  12.116000
3  -20.000000    105.902000    560.000000    114.524000    640.000000    121.240000    5.45587E-03  6.96851E-05  10.521900  12.730400
3  -20.000000    105.902000    600.000000    110.348000    680.000000    117.505000    4.46989E-03  7.17391E-05  12.187600  18.617600
3  -20.000000    105.902000    1800.000000   104.339000    1880.000000   68.179000     2.43621E-03  6.53299E-05  16.217600  29.851100
3  -20.000000    105.902000    1840.000000   80.146000     1920.000000   68.761000     2.49382E-03  4.50967E-05  15.696500  22.810200
3  -20.000000    105.902000    2200.000000   52.831000     2280.000000   43.553000     8.73383E-04  3.47949E-05  28.125500  48.667400
3  -20.000000    105.902000    2240.000000   43.386000     2320.000000   45.377000     6.87055E-04  2.73717E-05  23.617500  48.651900
3  -20.000000    105.902000    640.000000    121.240000    800.000000    108.602000    1.17106E-02  1.36320E-04  13.607700  8.322990
3  -20.000000    105.902000    680.000000    117.505000    840.000000    121.214000    1.18899E-02  1.38407E-04  13.342300  8.322710
3  -20.000000    105.902000    720.000000    113.178000    880.000000    124.368000    1.11082E-02  1.30485E-04  12.584400  8.576740
3  -20.000000    105.902000    760.000000    100.356000    920.000000    140.952000    8.80736E-03  1.05833E-04  12.257500  9.575470
3  -20.000000    105.902000    800.000000    108.602000    960.000000    154.933000    7.54888E-03  9.48985E-05  12.631200  12.114200
3  -20.000000    105.902000    840.000000    121.214000    1000.000000   139.164000    6.21432E-03  7.93724E-05  12.683400  12.638700
3  -20.000000    105.902000    880.000000    124.368000    1040.000000   135.603000    5.56733E-03  7.11087E-05  13.803900  12.638700
3  -20.000000    105.902000    920.000000    140.952000    1080.000000   116.772000    4.48853E-03  7.20382E-05  16.947300  18.562400
3  -20.000000    105.902000    960.000000    154.933000    1120.000000   126.923000    4.43519E-03  7.11821E-05  19.871000  18.562400
3  -20.000000    105.902000    1000.000000   139.164000    1160.000000   133.280000    5.30546E-03  6.77645E-05  9.016930  12.639400
3  -20.000000    105.902000    1040.000000   135.603000    1200.000000   143.288000    5.32531E-03  6.80175E-05  24.913000  12.639200
3  -20.000000    105.902000    1080.000000   116.772000    1240.000000   143.282000    5.77832E-03  7.38036E-05  23.422000  12.638900
3  -20.000000    105.902000    1120.000000   126.923000    1280.000000   155.645000    5.90349E-03  7.54023E-05  23.289400  12.638800
3  -20.000000    105.902000    1160.000000   133.280000    1320.000000   173.060000    5.14136E-03  6.56690E-05  36.720000  12.640600
3  -20.000000    105.902000    1200.000000   143.288000    1360.000000   187.371000    4.61674E-03  7.40959E-05  21.723600  18.562400
3  -20.000000    105.902000    1240.000000   143.282000    1400.000000   194.951000    4.24260E-03  6.80912E-05  22.256900  18.562400
3  -20.000000    105.902000    1640.000000   112.857000    1800.000000   104.339000    4.66231E-03  7.48273E-05  16.227000  18.562400
3  -20.000000    105.902000    1680.000000   114.145000    1840.000000   80.146000     4.20384E-03  6.74691E-05  15.639000  18.562400
3  -20.000000    105.902000    1720.000000   106.756000    1880.000000   68.179000     4.55742E-03  7.31439E-05  15.817000  18.562400
3  -20.000000    105.902000    1760.000000   101.140000    1920.000000   68.761000     4.22944E-03  6.78800E-05  15.803800  18.562400
3  -20.000000    105.902000    2040.000000   57.680000     2200.000000   52.831000     1.94677E-03  5.32658E-05  23.319800  29.862100
3  -20.000000    105.902000    2080.000000   61.209000     2240.000000   43.386000     1.34269E-03  3.60250E-05  28.585600  29.852800
3  -20.000000    105.902000    2120.000000   64.714000     2280.000000   43.553000     1.49527E-03  4.07128E-05  26.762800  29.965800
3  -20.000000    105.902000    2160.000000   69.496000     2320.000000   45.377000     1.48630E-03  4.09926E-05  24.168600  29.983500
3  -20.000000    105.902000    1280.000000   155.645000    1600.000000   131.871000    6.37579E-03  8.01513E-05  19.749400  12.114100
3  -20.000000    105.902000    1320.000000   173.060000    1640.000000   112.857000    7.76523E-03  9.76183E-05  18.420600  12.114100
3  -20.000000    105.902000    1360.000000   187.371000    1680.000000   114.145000    8.55265E-03  1.02772E-04  17.961300  9.575450
3  -20.000000    105.902000    1400.000000   194.951000    1720.000000   106.756000    8.68955E-03  1.04417E-04  17.196000  9.575450
3  -20.000000    105.902000    1440.000000   204.976000    1760.000000   101.140000    9.63775E-03  1.13211E-04  16.839400  8.576440
3  -20.000000    105.902000    1480.000000   191.689000    1800.000000   104.339000    9.77868E-03  1.14866E-04  16.659500  8.576430
3  -20.000000    105.902000    1520.000000   175.987000    1840.000000   80.146000     1.03785E-02  1.21912E-04  16.561900  8.576560
3  -20.000000    105.902000    1560.000000   155.051000    1880.000000   68.179000     1.05393E-02  1.23801E-04  15.864300  8.576480
3  -20.000000    105.902000    1600.000000   131.871000    1920.000000   68.761000     1.06870E-02  1.25537E-04  16.179700  8.576430
3  -20.000000    105.902000    2000.000000   61.720000     2320.000000   45.377000     3.16792E-03  5.82669E-05  23.876300  22.846100
3  -320.000000   88.258000     1880.000000   68.179000     1920.000000   68.761000     8.06451E-04  3.21284E-05  19.189500  48.651900
3  -320.000000   88.258000     2280.000000   43.553000     2320.000000   45.377000     1.43724E-04  5.72585E-06  16.884300  48.652100
3  -320.000000   88.258000     2360.000000   47.641000     2400.000000   52.837000     1.73490E-04  6.91170E-06  65.046500  48.651900
3  -320.000000   88.258000     120.000000    102.908000    200.000000    92.851000     3.59593E-03  6.50266E-05  13.249400  22.813000
3  -320.000000   88.258000     160.000000    97.335000     240.000000    92.290000     3.00705E-03  5.43777E-05  14.395800  22.812400
3  -320.000000   88.258000     200.000000    92.851000     280.000000    93.398000     2.72283E-03  4.92380E-05  16.027500  22.811600
3  -320.000000   88.258000     240.000000    92.290000     320.000000    95.039000     2.86973E-03  5.18945E-05  16.581800  22.813300
3  -320.000000   88.258000     280.000000    93.398000     360.000000    95.756000     2.59628E-03  4.69496E-05  15.313200  22.813500
3  -320.000000   88.258000     320.000000    95.039000     400.000000    101.442000    1.71078E-03  4.58989E-05  46.019300  29.935500
3  -320.000000   88.258000     1800.000000   104.339000    1880.000000   68.179000     1.56096E-03  4.18590E-05  20.046000  29.851100
3  -320.000000   88.258000     1840.000000   80.146000     1920.000000   68.761000     1.60965E-03  4.31647E-05  19.383500  29.851100
3  -320.000000   88.258000     2200.000000   52.831000     2280.000000   43.553000     5.82751E-04  2.32164E-05  38.588500  48.657500
3  -320.000000   88.258000     2240.000000   43.386000     2320.000000   45.377000     4.53419E-04  1.80639E-05  31.861200  48.652200
3  -320.000000   88.258000     360.000000    95.756000     520.000000    118.621000    3.19699E-03  5.78124E-05  21.738000  22.811900
3  -320.000000   88.258000     400.000000    101.442000    560.000000    114.524000    3.60110E-03  6.52663E-05  6.009190  24.007400
3  -320.000000   88.258000     440.000000    109.091000    600.000000    110.348000    3.21205E-03  5.80848E-05  22.921300  22.990300
3  -320.000000   88.258000     480.000000    117.202000    640.000000    121.240000    3.28549E-03  5.94187E-05  21.109000  25.043700
3  -320.000000   88.258000     520.000000    118.621000    680.000000    117.505000    3.13005E-03  5.66104E-05  18.967800  25.709200
3  -320.000000   88.258000     560.000000    114.524000    720.000000    113.178000    3.11270E-03  5.62919E-05  20.622800  24.801600
3  -320.000000   88.258000     600.000000    110.348000    760.000000    100.356000    3.70728E-03  5.95037E-05  19.587600  19.595400
3  -320.000000   88.258000     640.000000    121.240000    800.000000    108.602000    4.05025E-03  6.50041E-05  19.480200  18.568600
3  -320.000000   88.258000     680.000000    117.505000    840.000000    121.214000    4.27087E-03  6.85449E-05  19.067300  18.573400
3  -320.000000   88.258000     720.000000    113.178000    880.000000    124.368000    4.16030E-03  6.67703E-05  18.488300  18.568600
3  -320.000000   88.258000     760.000000    100.356000    920.000000    140.952000    3.48439E-03  6.30096E-05  17.900400  22.810300
3  -320.000000   88.258000     800.000000    108.602000    960.000000    154.933000    3.09222E-03  5.59179E-05  18.247100  22.810200
3  -320.000000   88.258000     840.000000    121.214000    1000.000000   139.164000    2.59920E-03  4.70024E-05  18.740600  22.811800
3  -320.000000   88.258000     880.000000    124.368000    1040.000000   135.603000    2.40256E-03  6.44275E-05  19.772100  29.851200
3  -320.000000   88.258000     920.000000    140.952000    1080.000000   116.772000    1.98724E-03  5.32902E-05  22.575400  29.851200
3  -320.000000   88.258000     960.000000    154.933000    1120.000000   126.923000    2.06718E-03  5.54339E-05  25.530100  29.851200
3  -320.000000   88.258000     1640.000000   112.857000    1800.000000   104.339000    2.92645E-03  5.29202E-05  19.910000  22.810200
3  -320.000000   88.258000     1680.000000   114.145000    1840.000000   80.146000     2.66046E-03  4.81102E-05  19.385400  22.810200
3  -320.000000   88.258000     1720.000000   106.756000    1880.000000   68.179000     2.90341E-03  5.25035E-05  19.597300  22.810200
3  -320.000000   88.258000     1760.000000   101.140000    1920.000000   68.761000     2.71594E-03  4.91134E-05  19.575500  22.810200
3  -320.000000   88.258000     2040.000000   57.680000     2200.000000   52.831000     1.32522E-03  3.55374E-05  27.129800  29.851400
3  -320.000000   88.258000     2080.000000   61.209000     2240.000000   43.386000     9.31105E-04  3.70945E-05  31.095800  48.652800
3  -320.000000   88.258000     2120.000000   64.714000     2280.000000   43.553000     1.02536E-03  4.08495E-05  33.235200  48.652200
3  -320.000000   88.258000     2160.000000   69.496000     2320.000000   45.377000     1.01435E-03  4.04109E-05  30.806100  48.652200
3  -320.000000   88.258000     1000.000000   139.164000    1320.000000   173.060000    5.36704E-03  6.85511E-05  26.999600  12.640200
3  -320.000000   88.258000     1040.000000   135.603000    1360.000000   187.371000    5.23473E-03  6.68606E-05  27.540600  12.639700
3  -320.000000   88.258000     1080.000000   116.772000    1400.000000   194.951000    5.34956E-03  6.83273E-05  27.085500  12.639900
3  -320.000000   88.258000     1120.000000   126.923000    1440.000000   204.976000    4.94978E-03  6.32211E-05  26.632500  12.639300
3  -320.000000   88.258000     1160.000000   133.280000    1480.000000   191.689000    4.31350E-03  6.92291E-05  34.487300  18.562400
3  -320.000000   88.258000     1200.000000   143.288000    1520.000000   175.987000    3.94015E-03  6.32370E-05  24.653500  18.562500
3  -320.000000   88.258000     1240.000000   143.282000    1560.000000   155.051000    3.98818E-03  6.40079E-05  24.719800  18.562500
3  -320.000000   88.258000     1280.000000   155.645000    1600.000000   131.871000    3.74092E-03  6.00395E-05  23.153300  18.562400
3  -320.000000   88.258000     1320.000000   173.060000    1640.000000   112.857000    4.65460E-03  7.47035E-05  21.818200  18.562400
3  -320.000000   88.258000     1360.000000   187.371000    1680.000000   114.145000    5.19304E-03  6.63281E-05  21.347800  12.638700
3  -320.000000   88.258000     1400.000000   194.951000    1720.000000   106.756000    5.31844E-03  6.79298E-05  20.713400  12.638700
3  -320.000000   88.258000     1440.000000   204.976000    1760.000000   101.140000    5.94509E-03  7.59337E-05  20.347500  12.638700
3  -320.000000   88.258000     1480.000000   191.689000    1800.000000   104.339000    6.05178E-03  7.72964E-05  20.223100  12.638700
3  -320.000000   88.258000     1520.000000   175.987000    1840.000000   80.146000     6.45966E-03  8.12057E-05  20.174100  12.114200
3  -320.000000   88.258000     1560.000000   155.051000    1880.000000   68.179000     6.60538E-03  8.30376E-05  19.641000  12.114200
3  -320.000000   88.258000     1600.000000   131.871000    1920.000000   68.761000     6.74054E-03  8.47367E-05  19.834600  12.114200
3  -320.000000   88.258000     2000.000000   61.720000     2320.000000   45.377000     2.14191E-03  5.74379E-05  28.257600  29.852100
3  -480.000000   91.643000     1880.000000   68.179000     1920.000000   68.761000     7.91366E-04  3.15274E-05  16.185100  48.652000
3  -480.000000   91.643000     2280.000000   43.553000     2320.000000   45.377000     1.38929E-04  5.53482E-06  26.338200  48.652400
3  -480.000000   91.643000     2360.000000   47.641000     2400.000000   52.837000     1.71520E-04  6.83322E-06  50.421100  48.651900
3  -480.000000   91.643000     1800.000000   104.339000    1880.000000   68.179000     1.51930E-03  4.07419E-05  17.126800  29.851200
3  -480.000000   91.643000     1840.000000   80.146000     1920.000000   68.761000     1.57549E-03  4.22487E-05  16.377800  29.851200
3  -480.000000   91.643000     2200.000000   52.831000     2280.000000   43.553000     5.56422E-04  2.21675E-05  39.119700  48.658600
3  -480.000000   91.643000     2240.000000   43.386000     2320.000000   45.377000     4.32476E-04  1.72295E-05  36.669700  48.652100
3  -480.000000   91.643000     320.000000    95.039000     480.000000    117.202000    2.31387E-03  6.20504E-05  19.732800  30.027000
3  -480.000000   91.643000     360.000000    95.756000     520.000000    118.621000    2.19812E-03  5.89452E-05  26.126600  29.855100
3  -480.000000   91.643000     440.000000    109.091000    600.000000    110.348000    2.43726E-03  4.40739E-05  26.543900  22.825600
3  -480.000000   91.643000     480.000000    117.202000    640.000000    121.240000    2.54803E-03  4.60798E-05  24.124300  24.585200
3  -480.000000   91.643000     520.000000    118.621000    680.000000    117.505000    2.46913E-03  4.46569E-05  19.529500  25.061000
3  -480.000000   91.643000     560.000000    114.524000    720.000000    113.178000    2.49597E-03  4.51361E-05  21.464700  23.718800
3  -480.000000   91.643000     600.000000    110.348000    760.000000    100.356000    3.00300E-03  5.43087E-05  20.052600  25.184900
3  -480.000000   91.643000     640.000000    121.240000    800.000000    108.602000    3.31621E-03  5.99703E-05  19.142700  23.334500
3  -480.000000   91.643000     680.000000    117.505000    840.000000    121.214000    3.52425E-03  6.37329E-05  19.606200  23.354600
3  -480.000000   91.643000     720.000000    113.178000    880.000000    124.368000    3.46296E-03  6.26242E-05  17.564800  23.379600
3  -480.000000   91.643000     760.000000    100.356000    920.000000    140.952000    2.94183E-03  5.31983E-05  17.012600  22.818100
3  -480.000000   91.643000     800.000000    108.602000    960.000000    154.933000    2.63647E-03  4.76766E-05  17.998800  22.823200
3  -480.000000   91.643000     1640.000000   112.857000    1800.000000   104.339000    2.83803E-03  5.13212E-05  17.051300  22.810500
3  -480.000000   91.643000     1680.000000   114.145000    1840.000000   80.146000     2.58279E-03  4.67056E-05  16.554000  22.810300
3  -480.000000   91.643000     1720.000000   106.756000    1880.000000   68.179000     2.82065E-03  5.10069E-05  16.800200  22.810300
3  -480.000000   91.643000     1760.000000   101.140000    1920.000000   68.761000     2.64981E-03  4.79176E-05  16.602400  22.810200
3  -480.000000   91.643000     2080.000000   61.209000     2240.000000   43.386000     9.14305E-04  3.64252E-05  31.693600  48.655200
3  -480.000000   91.643000     2120.000000   64.714000     2280.000000   43.553000     9.96438E-04  3.96973E-05  32.680200  48.653800
3  -480.000000   91.643000     2160.000000   69.496000     2320.000000   45.377000     9.82291E-04  3.91337E-05  31.357300  48.653000
3  -480.000000   91.643000     840.000000    121.214000    1160.000000   133.280000    4.57470E-03  7.34212E-05  14.788900  18.569600
3  -480.000000   91.643000     880.000000    124.368000    1200.000000   143.288000    4.54873E-03  7.30044E-05  24.211100  18.568900
3  -480.000000   91.643000     920.000000    140.952000    1240.000000   143.282000    4.48069E-03  7.19124E-05  25.044000  18.566900
3  -480.000000   91.643000     960.000000    154.933000    1280.000000   155.645000    4.74757E-03  7.61956E-05  25.570400  18.565600
3  -480.000000   91.643000     1000.000000   139.164000    1320.000000   173.060000    4.90985E-03  6.27116E-05  25.937200  12.652000
3  -480.000000   91.643000     1040.000000   135.603000    1360.000000   187.371000    4.83377E-03  7.75791E-05  26.017700  18.568700
3  -480.000000   91.643000     1080.000000   116.772000    1400.000000   194.951000    4.95659E-03  6.33085E-05  24.415400  12.647200
3  -480.000000   91.643000     1120.000000   126.923000    1440.000000   204.976000    4.61172E-03  7.40153E-05  24.679800  18.566100
3  -480.000000   91.643000     1160.000000   133.280000    1480.000000   191.689000    4.04192E-03  6.48704E-05  32.056200  18.563400
3  -480.000000   91.643000     1200.000000   143.288000    1520.000000   175.987000    3.71250E-03  5.95834E-05  22.721200  18.563700
3  -480.000000   91.643000     1240.000000   143.282000    1560.000000   155.051000    3.77805E-03  6.06354E-05  23.213900  18.563300
3  -480.000000   91.643000     1280.000000   155.645000    1600.000000   131.871000    3.56370E-03  6.44438E-05  20.249900  22.810600
3  -480.000000   91.643000     1320.000000   173.060000    1640.000000   112.857000    4.45709E-03  7.15336E-05  18.845800  18.563300
3  -480.000000   91.643000     1360.000000   187.371000    1680.000000   114.145000    4.99098E-03  6.37473E-05  18.698000  12.640000
3  -480.000000   91.643000     1400.000000   194.951000    1720.000000   106.756000    5.12695E-03  6.54840E-05  17.785500  12.639700
3  -480.000000   91.643000     1440.000000   204.976000    1760.000000   101.140000    5.73545E-03  7.32560E-05  17.600200  12.639700
3  -480.000000   91.643000     1480.000000   191.689000    1800.000000   104.339000    5.84228E-03  7.46205E-05  17.445500  12.639800
3  -480.000000   91.643000     1520.000000   175.987000    1840.000000   80.146000     6.24243E-03  7.97314E-05  17.388300  12.639600
3  -480.000000   91.643000     1560.000000   155.051000    1880.000000   68.179000     6.39644E-03  8.04109E-05  16.251600  12.115100
3  -480.000000   91.643000     1600.000000   131.871000    1920.000000   68.761000     6.54202E-03  8.22410E-05  17.040200  12.114700
3  -480.000000   91.643000     2000.000000   61.720000     2320.000000   45.377000     2.08418E-03  5.58900E-05  28.921300  29.854900
3  -640.000000   99.369000     1880.000000   68.179000     1920.000000   68.761000     7.34809E-04  2.92742E-05  11.471400  48.652200
3  -640.000000   99.369000     2280.000000   43.553000     2320.000000   45.377000     1.27069E-04  5.06233E-06  19.791300  48.653000
3  -640.000000   99.369000     2360.000000   47.641000     2400.000000   52.837000     1.58400E-04  6.31053E-06  58.653800  48.651900
3  -640.000000   99.369000     1800.000000   104.339000    1880.000000   68.179000     1.40141E-03  3.75805E-05  13.037900  29.851400
3  -640.000000   99.369000     1840.000000   80.146000     1920.000000   68.761000     1.45980E-03  3.91463E-05  11.920100  29.851400
3  -640.000000   99.369000     2200.000000   52.831000     2280.000000   43.553000     5.03312E-04  2.00516E-05  32.816100  48.666200
3  -640.000000   99.369000     2240.000000   43.386000     2320.000000   45.377000     3.90666E-04  1.55638E-05  28.829900  48.652100
3  -640.000000   99.369000     440.000000    109.091000    600.000000    110.348000    1.92848E-03  5.17147E-05  28.027300  29.869800
3  -640.000000   99.369000     480.000000    117.202000    640.000000    121.240000    2.02995E-03  5.44433E-05  25.279900  35.048700
3  -640.000000   99.369000     520.000000    118.621000    680.000000    117.505000    1.99173E-03  5.34288E-05  20.091200  36.611000
3  -640.000000   99.369000     560.000000    114.524000    720.000000    113.178000    2.02716E-03  5.43640E-05  21.652200  32.925000
3  -640.000000   99.369000     600.000000    110.348000    760.000000    100.356000    2.46662E-03  4.46128E-05  19.728800  27.326500
3  -640.000000   99.369000     640.000000    121.240000    800.000000    108.602000    2.74801E-03  4.96936E-05  18.408400  23.041800
3  -640.000000   99.369000     1640.000000   112.857000    1800.000000   104.339000    2.61051E-03  4.72069E-05  12.862300  22.811300
3  -640.000000   99.369000     1680.000000   114.145000    1840.000000   80.146000     2.37757E-03  6.37574E-05  12.399500  29.851400
3  -640.000000   99.369000     1720.000000   106.756000    1880.000000   68.179000     2.59812E-03  4.69828E-05  12.588500  22.810900
3  -640.000000   99.369000     1760.000000   101.140000    1920.000000   68.761000     2.44899E-03  4.42861E-05  12.268000  22.810300
3  -640.000000   99.369000     2080.000000   61.209000     2240.000000   43.386000     8.50666E-04  3.38899E-05  25.619500  48.657400
3  -640.000000   99.369000     2120.000000   64.714000     2280.000000   43.553000     9.17483E-04  3.65518E-05  27.730900  48.657700
3  -640.000000   99.369000     2160.000000   69.496000     2320.000000   45.377000     9.01115E-04  3.58997E-05  26.432300  48.655100
3  -640.000000   99.369000     680.000000    117.505000    1000.000000   139.164000    4.84940E-03  7.78309E-05  17.504800  18.728600
3  -640.000000   99.369000     720.000000    113.178000    1040.000000   135.603000    4.68368E-03  7.51707E-05  16.988400  18.710300
3  -640.000000   99.369000     760.000000    100.356000    1080.000000   116.772000    3.97305E-03  6.37655E-05  17.927000  18.574300
3  -640.000000   99.369000     800.000000    108.602000    1120.000000   126.923000    3.83907E-03  6.16148E-05  18.956600  18.580300
3  -640.000000   99.369000     840.000000    121.214000    1160.000000   133.280000    3.94159E-03  6.32602E-05  12.804300  18.587800
3  -640.000000   99.369000     880.000000    124.368000    1200.000000   143.288000    3.94905E-03  6.33799E-05  21.963100  18.588300
3  -640.000000   99.369000     920.000000    140.952000    1240.000000   143.282000    3.91467E-03  6.28281E-05  22.586000  18.584400
3  -640.000000   99.369000     960.000000    154.933000    1280.000000   155.645000    4.18121E-03  6.71059E-05  22.903400  18.582200
3  -640.000000   99.369000     1000.000000   139.164000    1320.000000   173.060000    4.32810E-03  6.94634E-05  22.986300  18.592700
3  -640.000000   99.369000     1040.000000   135.603000    1360.000000   187.371000    4.28644E-03  6.87948E-05  23.172100  18.587700
3  -640.000000   99.369000     1080.000000   116.772000    1400.000000   194.951000    4.40453E-03  7.06901E-05  22.083100  18.586500
3  -640.000000   99.369000     1120.000000   126.923000    1440.000000   204.976000    4.11570E-03  6.60545E-05  21.637600  18.578700
3  -640.000000   99.369000     1160.000000   133.280000    1480.000000   191.689000    3.62261E-03  5.81407E-05  28.835100  18.569800
3  -640.000000   99.369000     1200.000000   143.288000    1520.000000   175.987000    3.34158E-03  6.04271E-05  19.263000  22.815000
3  -640.000000   99.369000     1240.000000   143.282000    1560.000000   155.051000    3.41482E-03  6.17516E-05  19.577900  22.813800
3  -640.000000   99.369000     1280.000000   155.645000    1600.000000   131.871000    3.23449E-03  5.84906E-05  16.740500  22.811900
3  -640.000000   99.369000     1320.000000   173.060000    1640.000000   112.857000    4.06110E-03  6.51782E-05  15.217400  18.565600
3  -640.000000   99.369000     1360.000000   187.371000    1680.000000   114.145000    4.56033E-03  7.31906E-05  14.736400  18.565600
3  -640.000000   99.369000     1400.000000   194.951000    1720.000000   106.756000    4.69495E-03  7.53511E-05  13.902800  18.564900
3  -640.000000   99.369000     1440.000000   204.976000    1760.000000   101.140000    5.25542E-03  6.71249E-05  13.588300  12.642700
3  -640.000000   99.369000     1480.000000   191.689000    1800.000000   104.339000    5.35602E-03  6.84098E-05  13.385800  12.642500
3  -640.000000   99.369000     1520.000000   175.987000    1840.000000   80.146000     5.72711E-03  7.31495E-05  13.361300  12.642100
3  -640.000000   99.369000     1560.000000   155.051000    1880.000000   68.179000     5.87706E-03  7.50647E-05  12.261800  12.641700
3  -640.000000   99.369000     1600.000000   131.871000    1920.000000   68.761000     6.02184E-03  7.69140E-05  12.821600  12.640600
3  -640.000000   99.369000     2000.000000   61.720000     2320.000000   45.377000     1.92170E-03  5.15329E-05  24.099600  29.858900
3  60.000000     109.549000    240.000000    92.290000     280.000000    93.398000     2.42146E-02  2.51081E-04  6.993410  5.077180
3  60.000000     109.549000    280.000000    93.398000     320.000000    95.039000     1.94303E-02  2.08052E-04  8.107540  5.991650
3  60.000000     109.549000    320.000000    95.039000     360.000000    95.756000     1.36900E-02  1.54926E-04  7.198720  6.890060
3  60.000000     109.549000    360.000000    95.756000     400.000000    101.442000    8.00592E-03  9.62200E-05  -10.407400  9.576480
3  60.000000     109.549000    1880.000000   68.179000     1920.000000   68.761000     1.61210E-03  4.32304E-05  12.171700  29.851100
3  60.000000     109.549000    2280.000000   43.553000     2320.000000   45.377000     2.71187E-04  1.08039E-05  29.096700  48.651900
3  60.000000     109.549000    2360.000000   47.641000     2400.000000   52.837000     3.34000E-04  1.33063E-05  55.091600  48.651900
3  60.000000     109.549000    400.000000    101.442000    480.000000    117.202000    1.27182E-02  1.48049E-04  19.758500  8.326200
3  60.000000     109.549000    440.000000    109.091000    520.000000    118.621000    1.01741E-02  1.19511E-04  8.936750  8.576480
3  60.000000     109.549000    480.000000    117.202000    560.000000    114.524000    1.07929E-02  1.26780E-04  7.726510  8.576520
3  60.000000     109.549000    520.000000    118.621000    600.000000    110.348000    1.00710E-02  1.18301E-04  7.917370  8.576430
3  60.000000     109.549000    560.000000    114.524000    640.000000    121.240000    8.23344E-03  9.89363E-05  9.259960  9.595210
3  60.000000     109.549000    600.000000    110.348000    680.000000    117.505000    6.63774E-03  8.34444E-05  11.203600  12.133600
3  60.000000     109.549000    640.000000    121.240000    720.000000    113.178000    7.05406E-03  8.86780E-05  13.545700  12.114100
3  60.000000     109.549000    680.000000    117.505000    760.000000    100.356000    9.99140E-03  1.17366E-04  12.720100  8.580730
3  60.000000     109.549000    1800.000000   104.339000    1880.000000   68.179000     3.15734E-03  5.70954E-05  12.262600  22.810200
3  60.000000     109.549000    1840.000000   80.146000     1920.000000   68.761000     3.23117E-03  5.84305E-05  12.109300  22.810200
3  60.000000     109.549000    2200.000000   52.831000     2280.000000   43.553000     1.11301E-03  4.43414E-05  29.354100  48.802100
3  60.000000     109.549000    2240.000000   43.386000     2320.000000   45.377000     8.77878E-04  3.49740E-05  32.413100  48.652100
3  60.000000     109.549000    720.000000    113.178000    880.000000    124.368000    1.58424E-02  1.73254E-04  11.042500  6.288970
3  60.000000     109.549000    760.000000    100.356000    920.000000    140.952000    1.23973E-02  1.44313E-04  10.434300  8.322380
3  60.000000     109.549000    800.000000    108.602000    960.000000    154.933000    1.05657E-02  1.24112E-04  10.495100  8.576490
3  60.000000     109.549000    840.000000    121.214000    1000.000000   139.164000    8.70453E-03  1.04597E-04  10.825500  9.575620
3  60.000000     109.549000    880.000000    124.368000    1040.000000   135.603000    7.74978E-03  9.74240E-05  11.537900  12.114200
3  60.000000     109.549000    920.000000    140.952000    1080.000000   116.772000    6.22976E-03  7.95696E-05  13.910000  12.638700
3  60.000000     109.549000    960.000000    154.933000    1120.000000   126.923000    6.11573E-03  7.81132E-05  17.447300  12.638600
3  60.000000     109.549000    1000.000000   139.164000    1160.000000   133.280000    7.22425E-03  9.08182E-05  6.372360  12.114800
3  60.000000     109.549000    1040.000000   135.603000    1200.000000   143.288000    7.23018E-03  9.08920E-05  22.042600  12.114500
3  60.000000     109.549000    1080.000000   116.772000    1240.000000   143.282000    7.81243E-03  9.38773E-05  20.984000  9.575660
3  60.000000     109.549000    1120.000000   126.923000    1280.000000   155.645000    7.94322E-03  9.54489E-05  20.233500  9.575520
3  60.000000     109.549000    1160.000000   133.280000    1320.000000   173.060000    6.89129E-03  8.66325E-05  33.661200  12.116200
3  60.000000     109.549000    1200.000000   143.288000    1360.000000   187.371000    6.16815E-03  7.87827E-05  18.650600  12.638600
3  60.000000     109.549000    1240.000000   143.282000    1400.000000   194.951000    5.65454E-03  7.22226E-05  19.185100  12.638600
3  60.000000     109.549000    1280.000000   155.645000    1440.000000   204.976000    4.24536E-03  6.81355E-05  18.914000  18.562400
3  60.000000     109.549000    1320.000000   173.060000    1480.000000   191.689000    3.51172E-03  6.35038E-05  18.231800  22.810200
3  60.000000     109.549000    1640.000000   112.857000    1800.000000   104.339000    6.07360E-03  7.75751E-05  12.548100  12.638600
3  60.000000     109.549000    1680.000000   114.145000    1840.000000   80.146000     5.46443E-03  6.97944E-05  11.792200  12.638600
3  60.000000     109.549000    1720.000000   106.756000    1880.000000   68.179000     5.91302E-03  7.55240E-05  11.879600  12.638600
3  60.000000     109.549000    1760.000000   101.140000    1920.000000   68.761000     5.48237E-03  7.00236E-05  12.056300  12.638600
3  60.000000     109.549000    2040.000000   57.680000     2200.000000   52.831000     2.48486E-03  4.49347E-05  17.988400  22.810200
3  60.000000     109.549000    2080.000000   61.209000     2240.000000   43.386000     1.70457E-03  4.57387E-05  23.984900  29.853000
3  60.000000     109.549000    2120.000000   64.714000     2280.000000   43.553000     1.89930E-03  5.09565E-05  24.726100  30.068700
3  60.000000     109.549000    2160.000000   69.496000     2320.000000   45.377000     1.88868E-03  5.06472E-05  24.873600  30.250100
3  60.000000     109.549000    1360.000000   187.371000    1680.000000   114.145000    1.12171E-02  1.30575E-04  14.437200  8.322150
3  60.000000     109.549000    1400.000000   194.951000    1720.000000   106.756000    1.13817E-02  1.32491E-04  13.734700  8.322200
3  60.000000     109.549000    1440.000000   204.976000    1760.000000   101.140000    1.25969E-02  1.46637E-04  13.207100  8.322150
3  60.000000     109.549000    1480.000000   191.689000    1800.000000   104.339000    1.27714E-02  1.48668E-04  13.014800  8.322200
3  60.000000     109.549000    1520.000000   175.987000    1840.000000   80.146000     1.35364E-02  1.53189E-04  12.832000  6.887920
3  60.000000     109.549000    1560.000000   155.051000    1880.000000   68.179000     1.37265E-02  1.55340E-04  12.366600  6.887950
3  60.000000     109.549000    1600.000000   131.871000    1920.000000   68.761000     1.39040E-02  1.57347E-04  12.446500  6.887860
3  60.000000     109.549000    2000.000000   61.720000     2320.000000   45.377000     4.04077E-03  6.49142E-05  21.415100  18.771600
3  140.000000    101.518000    240.000000    92.290000     280.000000    93.398000     5.35432E-02  5.39469E-04  6.408670  3.398580
3  140.000000    101.518000    280.000000    93.398000     320.000000    95.039000     3.83047E-02  3.89333E-04  7.707620  4.113310
3  140.000000    101.518000    320.000000    95.039000     360.000000    95.756000     2.53095E-02  2.62437E-04  7.557150  5.072900
3  140.000000    101.518000    360.000000    95.756000     400.000000    101.442000    1.42412E-02  1.61185E-04  -14.779200  6.907930
3  140.000000    101.518000    400.000000    101.442000    440.000000    109.091000    1.22152E-02  1.42202E-04  35.459400  8.325710
3  140.000000    101.518000    440.000000    109.091000    480.000000    117.202000    7.35925E-03  9.25161E-05  9.174460  12.114400
3  140.000000    101.518000    1880.000000   68.179000     1920.000000   68.761000     2.12284E-03  5.72483E-05  94.424200  30.834100
3  140.000000    101.518000    2280.000000   43.553000     2320.000000   45.377000     3.16563E-04  1.26116E-05  32.941200  48.651900
3  140.000000    101.518000    2360.000000   47.641000     2400.000000   52.837000     3.88410E-04  1.54739E-05  58.125900  48.651900
3  140.000000    101.518000    480.000000    117.202000    560.000000    114.524000    1.54619E-02  1.69098E-04  7.629990  6.287210
3  140.000000    101.518000    520.000000    118.621000    600.000000    110.348000    1.41309E-02  1.59917E-04  7.946390  6.888460
3  140.000000    101.518000    560.000000    114.524000    640.000000    121.240000    1.14030E-02  1.32739E-04  9.289550  8.322780
3  140.000000    101.518000    600.000000    110.348000    680.000000    117.505000    9.07588E-03  1.09059E-04  11.605100  9.575690
3  140.000000    101.518000    640.000000    121.240000    720.000000    113.178000    9.48911E-03  1.11466E-04  14.198900  8.576890
3  140.000000    101.518000    680.000000    117.505000    760.000000    100.356000    1.32863E-02  1.50361E-04  13.560900  6.889290
3  140.000000    101.518000    720.000000    113.178000    800.000000    108.602000    1.31407E-02  1.48715E-04  12.537200  6.888820
3  140.000000    101.518000    760.000000    100.356000    840.000000    121.214000    9.35245E-03  1.12384E-04  12.066100  9.575770
3  140.000000    101.518000    1840.000000   80.146000     1920.000000   68.761000     3.80000E-03  6.09877E-05  19.288700  18.562400
3  140.000000    101.518000    2200.000000   52.831000     2280.000000   43.553000     1.30049E-03  5.18265E-05  40.017500  48.653200
3  140.000000    101.518000    2240.000000   43.386000     2320.000000   45.377000     1.02767E-03  4.09416E-05  38.410200  48.652000
3  140.000000    101.518000    800.000000    108.602000    960.000000    154.933000    1.36889E-02  1.54917E-04  12.720500  6.888420
3  140.000000    101.518000    840.000000    121.214000    1000.000000   139.164000    1.11744E-02  1.31261E-04  13.008900  8.576660
3  140.000000    101.518000    880.000000    124.368000    1040.000000   135.603000    9.89651E-03  1.16252E-04  14.253400  8.576580
3  140.000000    101.518000    920.000000    140.952000    1080.000000   116.772000    7.90347E-03  9.49720E-05  16.962500  9.575490
3  140.000000    101.518000    960.000000    154.933000    1120.000000   126.923000    7.67650E-03  9.65044E-05  21.307700  12.114300
3  140.000000    101.518000    1000.000000   139.164000    1160.000000   133.280000    9.04998E-03  1.08749E-04  11.844700  9.576110
3  140.000000    101.518000    1040.000000   135.603000    1200.000000   143.288000    8.98216E-03  1.07943E-04  27.239500  9.577210
3  140.000000    101.518000    1080.000000   116.772000    1240.000000   143.282000    9.67583E-03  1.13666E-04  26.219200  8.586130
3  140.000000    101.518000    1120.000000   126.923000    1280.000000   155.645000    9.78005E-03  1.14890E-04  25.488500  8.607160
3  140.000000    101.518000    1160.000000   133.280000    1320.000000   173.060000    8.45278E-03  1.01613E-04  38.449800  9.575640
3  140.000000    101.518000    1200.000000   143.288000    1360.000000   187.371000    7.52620E-03  9.46156E-05  23.891100  12.114200
3  140.000000    101.518000    1240.000000   143.282000    1400.000000   194.951000    6.87773E-03  8.64634E-05  24.665900  12.114200
3  140.000000    101.518000    1280.000000   155.645000    1440.000000   204.976000    5.13856E-03  6.56328E-05  24.643000  12.638600
3  140.000000    101.518000    1320.000000   173.060000    1480.000000   191.689000    4.23381E-03  6.79501E-05  24.206100  18.562400
3  140.000000    101.518000    1360.000000   187.371000    1520.000000   175.987000    3.77476E-03  6.05826E-05  22.910400  18.562400
3  140.000000    101.518000    1400.000000   194.951000    1560.000000   155.051000    4.26309E-03  6.84529E-05  22.520800  18.562400
3  140.000000    101.518000    1640.000000   112.857000    1800.000000   104.339000    7.18762E-03  9.03570E-05  19.920000  12.114100
3  140.000000    101.518000    1680.000000   114.145000    1840.000000   80.146000     6.45829E-03  8.11885E-05  19.475800  12.114100
3  140.000000    101.518000    1720.000000   106.756000    1880.000000   68.179000     6.76068E-03  8.49932E-05  -3.984740  12.115300
3  140.000000    101.518000    1760.000000   101.140000    1920.000000   68.761000     6.45812E-03  8.11863E-05  19.540500  12.114100
3  140.000000    101.518000    2040.000000   57.680000     2200.000000   52.831000     2.89505E-03  5.23523E-05  27.719300  22.810200
3  140.000000    101.518000    2080.000000   61.209000     2240.000000   43.386000     1.98139E-03  5.31334E-05  32.433100  29.851200
3  140.000000    101.518000    2120.000000   64.714000     2280.000000   43.553000     2.21056E-03  5.92832E-05  35.732600  29.851300
3  140.000000    101.518000    2160.000000   69.496000     2320.000000   45.377000     2.19984E-03  5.89916E-05  35.063600  29.851200
3  140.000000    101.518000    1440.000000   204.976000    1760.000000   101.140000    1.49681E-02  1.73331E-04  20.484400  6.887880
3  140.000000    101.518000    1480.000000   191.689000    1800.000000   104.339000    1.51658E-02  1.68468E-04  20.290400  6.286860
3  140.000000    101.518000    1520.000000   175.987000    1840.000000   80.146000     1.60577E-02  1.76665E-04  20.281200  6.286870
3  140.000000    101.518000    1560.000000   155.051000    1880.000000   68.179000     1.60357E-02  1.75374E-04  9.888230  6.287830
3  140.000000    101.518000    1600.000000   131.871000    1920.000000   68.761000     1.64434E-02  1.79827E-04  19.897400  6.286910
3  140.000000    101.518000    2000.000000   61.720000     2320.000000   45.377000     4.71159E-03  7.56422E-05  32.113000  18.562800
3  225.000000    93.157000     0.000000      105.852000    40.000000     108.172000    3.63512E-02  3.69477E-04  9.429010  4.112110
3  225.000000    93.157000     40.000000     108.172000    80.000000     108.382000    3.41361E-02  3.46963E-04  7.674080  4.112050
3  225.000000    93.157000     80.000000     108.382000    120.000000    102.908000    6.32768E-02  6.36710E-04  9.188010  3.198090
3  225.000000    93.157000     320.000000    95.039000     360.000000    95.756000     7.18069E-02  7.21537E-04  8.848830  2.813510
3  225.000000    93.157000     360.000000    95.756000     400.000000    101.442000    3.45847E-02  3.51536E-04  -8.199930  4.138580
3  225.000000    93.157000     400.000000    101.442000    440.000000    109.091000    2.46182E-02  2.55271E-04  37.436700  5.084550
3  225.000000    93.157000     440.000000    109.091000    480.000000    117.202000    1.34998E-02  1.52775E-04  9.830390  6.887880
3  225.000000    93.157000     480.000000    117.202000    520.000000    118.621000    1.32109E-02  1.49505E-04  8.446780  6.887860
3  225.000000    93.157000     520.000000    118.621000    560.000000    114.524000    1.27228E-02  1.48105E-04  8.485400  8.322160
3  225.000000    93.157000     1880.000000   68.179000     1920.000000   68.761000     2.36238E-03  6.33505E-05  58.250300  29.857000
3  225.000000    93.157000     2280.000000   43.553000     2320.000000   45.377000     3.72789E-04  1.48516E-05  69.777500  48.651900
3  225.000000    93.157000     560.000000    114.524000    640.000000    121.240000    1.77521E-02  1.90091E-04  10.191600  5.990570
3  225.000000    93.157000     600.000000    110.348000    680.000000    117.505000    1.37513E-02  1.55622E-04  12.968300  6.888090
3  225.000000    93.157000     640.000000    121.240000    720.000000    113.178000    1.39761E-02  1.58172E-04  15.765200  6.888190
3  225.000000    93.157000     680.000000    117.505000    760.000000    100.356000    1.91568E-02  2.05150E-04  15.152500  5.990860
3  225.000000    93.157000     720.000000    113.178000    800.000000    108.602000    1.86603E-02  1.99831E-04  14.270100  5.990670
3  225.000000    93.157000     760.000000    100.356000    840.000000    121.214000    1.30992E-02  1.48258E-04  13.934200  6.888260
3  225.000000    93.157000     800.000000    108.602000    880.000000    124.368000    1.06271E-02  1.24848E-04  14.450400  8.576560
3  225.000000    93.157000     840.000000    121.214000    920.000000    140.952000    9.34942E-03  1.12358E-04  14.949600  9.575610
3  225.000000    93.157000     1800.000000   104.339000    1880.000000   68.179000     4.38638E-03  7.03988E-05  24.598000  18.562400
3  225.000000    93.157000     1840.000000   80.146000     1920.000000   68.761000     4.55572E-03  7.31170E-05  35.563800  18.562400
3  225.000000    93.157000     2240.000000   43.386000     2320.000000   45.377000     1.21472E-03  4.83938E-05  70.158000  48.654000
3  225.000000    93.157000     880.000000    124.368000    1040.000000   135.603000    1.33017E-02  1.50554E-04  16.644800  6.888200
3  225.000000    93.157000     920.000000    140.952000    1080.000000   116.772000    1.05243E-02  1.23635E-04  19.132300  8.576640
3  225.000000    93.157000     960.000000    154.933000    1120.000000   126.923000    1.00626E-02  1.18211E-04  24.202900  8.576890
3  225.000000    93.157000     1000.000000   139.164000    1160.000000   133.280000    1.18387E-02  1.37824E-04  17.301500  8.322470
3  225.000000    93.157000     1040.000000   135.603000    1200.000000   143.288000    1.15854E-02  1.34949E-04  31.074200  8.323030
3  225.000000    93.157000     1080.000000   116.772000    1240.000000   143.282000    1.24272E-02  1.44740E-04  30.919500  8.323090
3  225.000000    93.157000     1120.000000   126.923000    1280.000000   155.645000    1.24648E-02  1.45239E-04  31.141400  8.323390
3  225.000000    93.157000     1160.000000   133.280000    1320.000000   173.060000    1.06941E-02  1.25667E-04  43.025100  8.577320
3  225.000000    93.157000     1200.000000   143.288000    1360.000000   187.371000    9.48246E-03  1.11429E-04  31.608900  8.576510
3  225.000000    93.157000     1240.000000   143.282000    1400.000000   194.951000    8.62937E-03  1.03743E-04  33.145500  9.575490
3  225.000000    93.157000     1280.000000   155.645000    1440.000000   204.976000    6.40829E-03  8.05657E-05  33.953100  12.114200
3  225.000000    93.157000     1320.000000   173.060000    1480.000000   191.689000    5.25143E-03  6.70770E-05  34.134500  12.638700
3  225.000000    93.157000     1360.000000   187.371000    1520.000000   175.987000    4.65341E-03  7.46863E-05  33.535700  18.562400
3  225.000000    93.157000     1400.000000   194.951000    1560.000000   155.051000    5.22398E-03  6.67280E-05  33.546600  12.638600
3  225.000000    93.157000     1440.000000   204.976000    1600.000000   131.871000    6.10162E-03  7.79384E-05  33.819900  12.638600
3  225.000000    93.157000     1480.000000   191.689000    1640.000000   112.857000    9.73913E-03  1.14413E-04  34.072500  8.576470
3  225.000000    93.157000     1640.000000   112.857000    1800.000000   104.339000    8.70877E-03  1.04650E-04  34.777400  9.575450
3  225.000000    93.157000     1680.000000   114.145000    1840.000000   80.146000     7.80481E-03  9.37865E-05  35.198900  9.575460
3  225.000000    93.157000     1720.000000   106.756000    1880.000000   68.179000     8.32870E-03  1.00081E-04  29.483900  9.575460
3  225.000000    93.157000     1760.000000   101.140000    1920.000000   68.761000     7.76558E-03  9.33143E-05  35.977500  9.575450
3  225.000000    93.157000     2040.000000   57.680000     2200.000000   52.831000     3.43885E-03  6.21892E-05  55.391000  22.810500
3  225.000000    93.157000     2080.000000   61.209000     2240.000000   43.386000     2.34548E-03  6.29027E-05  72.138600  30.017900
3  225.000000    93.157000     2120.000000   64.714000     2280.000000   43.553000     2.61526E-03  4.74369E-05  76.271300  22.837200
3  225.000000    93.157000     2160.000000   69.496000     2320.000000   45.377000     2.60029E-03  4.70239E-05  76.460300  22.899700
3  225.000000    93.157000     1520.000000   175.987000    1840.000000   80.146000     1.95042E-02  2.08851E-04  34.882600  5.990370
3  225.000000    93.157000     1560.000000   155.051000    1880.000000   68.179000     1.96091E-02  2.09978E-04  32.258300  5.990450
3  225.000000    93.157000     1600.000000   131.871000    1920.000000   68.761000     1.98821E-02  2.12892E-04  35.178200  5.990360
3  225.000000    93.157000     2000.000000   61.720000     2320.000000   45.377000     5.59190E-03  7.28054E-05  65.120200  12.659300
3  300.000000    93.390000     40.000000     108.172000    80.000000     108.382000    2.10561E-02  2.24157E-04  8.880860  6.038190
3  300.000000    93.390000     80.000000     108.382000    120.000000    102.908000    3.37992E-02  3.43538E-04  10.190200  4.112050
3  300.000000    93.390000     120.000000    102.908000    160.000000    97.335000     4.62357E-02  4.67508E-04  9.623560  3.850070
3  300.000000    93.390000     160.000000    97.335000     200.000000    92.851000     7.39463E-02  7.43020E-04  10.108500  2.813370
3  300.000000    93.390000     200.000000    92.851000     240.000000    92.290000     1.27959E-01  1.28398E-03  10.949400  2.039740
3  300.000000    93.390000     360.000000    95.756000     400.000000    101.442000    1.00418E-01  1.00774E-03  -10.045100  2.399810
3  300.000000    93.390000     400.000000    101.442000    440.000000    109.091000    5.63585E-02  5.67141E-04  45.443600  3.257290
3  300.000000    93.390000     440.000000    109.091000    480.000000    117.202000    2.64564E-02  2.74329E-04  10.615300  5.072350
3  300.000000    93.390000     480.000000    117.202000    520.000000    118.621000    2.33071E-02  2.48125E-04  8.114460  6.038310
3  300.000000    93.390000     520.000000    118.621000    560.000000    114.524000    2.08874E-02  2.22367E-04  8.317680  6.038290
3  300.000000    93.390000     560.000000    114.524000    600.000000    110.348000    1.55431E-02  1.69984E-04  8.747200  6.287090
3  300.000000    93.390000     600.000000    110.348000    640.000000    121.240000    1.16771E-02  1.35932E-04  10.846900  8.322490
3  300.000000    93.390000     1880.000000   68.179000     1920.000000   68.761000     2.66804E-03  4.82480E-05  44.668200  22.816800
3  300.000000    93.390000     2280.000000   43.553000     2320.000000   45.377000     4.18704E-04  1.66808E-05  32.435700  48.651900
3  300.000000    93.390000     640.000000    121.240000    720.000000    113.178000    1.98799E-02  2.12872E-04  14.971400  5.990660
3  300.000000    93.390000     680.000000    117.505000    760.000000    100.356000    2.65468E-02  2.75290E-04  14.238000  5.073470
3  300.000000    93.390000     720.000000    113.178000    800.000000    108.602000    2.52800E-02  2.62151E-04  13.031700  5.073440
3  300.000000    93.390000     760.000000    100.356000    840.000000    121.214000    1.73340E-02  1.89577E-04  12.271300  6.287280
3  300.000000    93.390000     800.000000    108.602000    880.000000    124.368000    1.38635E-02  1.56903E-04  12.555300  6.888090
3  300.000000    93.390000     840.000000    121.214000    920.000000    140.952000    1.20590E-02  1.40386E-04  12.817300  8.322650
3  300.000000    93.390000     880.000000    124.368000    960.000000    154.933000    1.04200E-02  1.22411E-04  12.825700  8.577010
3  300.000000    93.390000     920.000000    140.952000    1000.000000   139.164000    7.31891E-03  9.20119E-05  13.529400  12.114400
3  300.000000    93.390000     1800.000000   104.339000    1880.000000   68.179000     4.99401E-03  8.01509E-05  13.327600  18.562400
3  300.000000    93.390000     1840.000000   80.146000     1920.000000   68.761000     5.16499E-03  6.59704E-05  23.740100  12.638600
3  300.000000    93.390000     2200.000000   52.831000     2280.000000   43.553000     1.74108E-03  4.67774E-05  37.071900  29.871600
3  300.000000    93.390000     2240.000000   43.386000     2320.000000   45.377000     1.36996E-03  3.67375E-05  32.684200  29.851200
3  300.000000    93.390000     960.000000    154.933000    1120.000000   126.923000    1.24343E-02  1.44746E-04  20.915400  8.322190
3  300.000000    93.390000     1000.000000   139.164000    1160.000000   133.280000    1.45051E-02  1.64151E-04  13.913300  6.887960
3  300.000000    93.390000     1040.000000   135.603000    1200.000000   143.288000    1.40263E-02  1.58759E-04  27.100200  6.888050
3  300.000000    93.390000     1080.000000   116.772000    1240.000000   143.282000    1.49694E-02  1.69430E-04  26.676500  6.887960
3  300.000000    93.390000     1120.000000   126.923000    1280.000000   155.645000    1.49042E-02  1.68704E-04  26.339300  6.888070
3  300.000000    93.390000     1160.000000   133.280000    1320.000000   173.060000    1.27102E-02  1.47965E-04  37.738000  8.325020
3  300.000000    93.390000     1200.000000   143.288000    1360.000000   187.371000    1.12155E-02  1.31761E-04  25.877300  8.576590
3  300.000000    93.390000     1240.000000   143.282000    1400.000000   194.951000    1.01685E-02  1.19458E-04  27.109300  8.576600
3  300.000000    93.390000     1280.000000   155.645000    1440.000000   204.976000    7.50961E-03  9.44086E-05  27.532200  12.114200
3  300.000000    93.390000     1320.000000   173.060000    1480.000000   191.689000    6.12725E-03  7.82628E-05  27.456900  12.638600
3  300.000000    93.390000     1360.000000   187.371000    1520.000000   175.987000    5.40244E-03  6.90037E-05  26.445200  12.638600
3  300.000000    93.390000     1400.000000   194.951000    1560.000000   155.051000    6.03331E-03  7.70629E-05  25.682500  12.638700
3  300.000000    93.390000     1440.000000   204.976000    1600.000000   131.871000    7.03545E-03  8.84476E-05  25.220700  12.114200
3  300.000000    93.390000     1480.000000   191.689000    1640.000000   112.857000    1.12033E-02  1.31615E-04  24.787900  8.576630
3  300.000000    93.390000     1520.000000   175.987000    1680.000000   114.145000    1.34325E-02  1.52033E-04  25.027200  6.888220
3  300.000000    93.390000     1560.000000   155.051000    1720.000000   106.756000    1.29264E-02  1.50483E-04  24.590300  8.322460
3  300.000000    93.390000     1640.000000   112.857000    1800.000000   104.339000    9.94375E-03  1.16807E-04  24.232900  8.576520
3  300.000000    93.390000     1680.000000   114.145000    1840.000000   80.146000     8.89717E-03  1.06912E-04  23.842400  9.575480
3  300.000000    93.390000     1720.000000   106.756000    1880.000000   68.179000     9.49127E-03  1.14052E-04  18.092100  9.575460
3  300.000000    93.390000     1760.000000   101.140000    1920.000000   68.761000     8.82000E-03  1.05985E-04  23.962200  9.575470
3  300.000000    93.390000     2040.000000   57.680000     2200.000000   52.831000     3.86062E-03  6.19641E-05  31.854600  18.562500
3  300.000000    93.390000     2080.000000   61.209000     2240.000000   43.386000     2.62879E-03  4.75382E-05  35.491700  22.810300
3  300.000000    93.390000     2120.000000   64.714000     2280.000000   43.553000     2.93667E-03  5.31731E-05  35.493900  22.831400
3  300.000000    93.390000     2160.000000   69.496000     2320.000000   45.377000     2.92208E-03  5.28856E-05  34.328400  22.823400
3  300.000000    93.390000     1600.000000   131.871000    1920.000000   68.761000     2.26832E-02  2.41483E-04  24.242900  6.038230
3  300.000000    93.390000     2000.000000   61.720000     2320.000000   45.377000     6.29168E-03  8.04649E-05  33.711600  12.658100
3  380.000000    98.820000     0.000000      105.852000    40.000000     108.172000    1.84300E-02  1.97341E-04  12.643500  5.990330
3  380.000000    98.820000     40.000000     108.172000    80.000000     108.382000    1.38840E-02  1.57121E-04  10.284900  6.887860
3  380.000000    98.820000     80.000000     108.382000    120.000000    102.908000    1.99359E-02  2.13466E-04  10.367400  5.990330
3  380.000000    98.820000     120.000000    102.908000    160.000000    97.335000     2.45919E-02  2.54993E-04  10.211400  5.072290
3  380.000000    98.820000     160.000000    97.335000     200.000000    92.851000     3.19099E-02  3.27016E-04  10.621400  4.512980
3  380.000000    98.820000     200.000000    92.851000     240.000000    92.290000     3.90400E-02  3.94749E-04  12.343200  3.850070
3  380.000000    98.820000     240.000000    92.290000     280.000000    93.398000     6.83793E-02  6.87082E-04  12.330400  2.813360
3  380.000000    98.820000     280.000000    93.398000     320.000000    95.039000     1.34320E-01  1.34781E-03  9.776670  2.039730
3  380.000000    98.820000     440.000000    109.091000    480.000000    117.202000    8.44824E-02  8.48220E-04  9.922750  2.593250
3  380.000000    98.820000     480.000000    117.202000    520.000000    118.621000    5.48590E-02  5.52743E-04  7.858650  3.398680
3  380.000000    98.820000     520.000000    118.621000    560.000000    114.524000    4.21483E-02  4.26191E-04  8.584970  3.851220
3  380.000000    98.820000     560.000000    114.524000    600.000000    110.348000    2.86009E-02  2.93116E-04  8.766820  4.514410
3  380.000000    98.820000     600.000000    110.348000    640.000000    121.240000    2.00384E-02  2.14567E-04  11.382800  5.990870
3  380.000000    98.820000     640.000000    121.240000    680.000000    117.505000    1.38847E-02  1.57132E-04  14.641000  6.888130
3  380.000000    98.820000     680.000000    117.505000    720.000000    113.178000    1.74986E-02  1.87373E-04  16.017000  5.990990
3  380.000000    98.820000     1880.000000   68.179000     1920.000000   68.761000     3.32513E-03  6.02334E-05  44.307500  22.871600
3  380.000000    98.820000     2280.000000   43.553000     2320.000000   45.377000     4.73814E-04  1.88764E-05  15.761300  48.651900
3  380.000000    98.820000     720.000000    113.178000    800.000000    108.602000    3.68876E-02  3.74959E-04  13.564300  4.114000
3  380.000000    98.820000     760.000000    100.356000    840.000000    121.214000    2.41941E-02  2.50883E-04  12.562700  5.073410
3  380.000000    98.820000     800.000000    108.602000    880.000000    124.368000    1.89505E-02  2.02924E-04  12.719100  5.991320
3  380.000000    98.820000     840.000000    121.214000    920.000000    140.952000    1.62316E-02  1.77520E-04  12.879000  6.287880
3  380.000000    98.820000     880.000000    124.368000    960.000000    154.933000    1.38477E-02  1.56720E-04  12.778700  6.888960
3  380.000000    98.820000     920.000000    140.952000    1000.000000   139.164000    9.72064E-03  1.14188E-04  13.695700  8.577270
3  380.000000    98.820000     960.000000    154.933000    1040.000000   135.603000    8.39720E-03  1.00907E-04  15.728500  9.575990
3  380.000000    98.820000     1000.000000   139.164000    1080.000000   116.772000    7.54846E-03  9.48962E-05  18.808800  12.114600
3  380.000000    98.820000     1800.000000   104.339000    1880.000000   68.179000     5.51451E-03  7.04357E-05  -1.639950  12.639500
3  380.000000    98.820000     1840.000000   80.146000     1920.000000   68.761000     5.95150E-03  7.60161E-05  15.530200  12.638600
3  380.000000    98.820000     2200.000000   52.831000     2280.000000   43.553000     1.96580E-03  5.30823E-05  24.604200  29.976200
3  380.000000    98.820000     2240.000000   43.386000     2320.000000   45.377000     1.55034E-03  4.15750E-05  25.409200  29.851100
3  380.000000    98.820000     1040.000000   135.603000    1200.000000   143.288000    1.74705E-02  1.87100E-04  26.118200  5.995070
3  380.000000    98.820000     1080.000000   116.772000    1240.000000   143.282000    1.85137E-02  1.98267E-04  25.524300  5.994340
3  380.000000    98.820000     1120.000000   126.923000    1280.000000   155.645000    1.82711E-02  1.95678E-04  24.828900  5.994560
3  380.000000    98.820000     1160.000000   133.280000    1320.000000   173.060000    1.54713E-02  1.69242E-04  35.580100  6.291370
3  380.000000    98.820000     1200.000000   143.288000    1360.000000   187.371000    1.35778E-02  1.53675E-04  23.605500  6.888820
3  380.000000    98.820000     1240.000000   143.282000    1400.000000   194.951000    1.22584E-02  1.42710E-04  24.552100  8.323190
3  380.000000    98.820000     1280.000000   155.645000    1440.000000   204.976000    8.99820E-03  1.08130E-04  24.479400  9.575800
3  380.000000    98.820000     1320.000000   173.060000    1480.000000   191.689000    7.30896E-03  9.18846E-05  24.067800  12.114300
3  380.000000    98.820000     1360.000000   187.371000    1520.000000   175.987000    6.41073E-03  8.05919E-05  22.614400  12.114200
3  380.000000    98.820000     1400.000000   194.951000    1560.000000   155.051000    7.11596E-03  8.94590E-05  20.983400  12.114400
3  380.000000    98.820000     1440.000000   204.976000    1600.000000   131.871000    8.27119E-03  9.93932E-05  19.826700  9.575820
3  380.000000    98.820000     1480.000000   191.689000    1640.000000   112.857000    1.31262E-02  1.48557E-04  18.664200  6.888860
3  380.000000    98.820000     1520.000000   175.987000    1680.000000   114.145000    1.57021E-02  1.71731E-04  18.524500  6.287870
3  380.000000    98.820000     1560.000000   155.051000    1720.000000   106.756000    1.50811E-02  1.64937E-04  17.909000  6.287740
3  380.000000    98.820000     1600.000000   131.871000    1760.000000   101.140000    1.61404E-02  1.76519E-04  17.242400  6.287620
3  380.000000    98.820000     1640.000000   112.857000    1800.000000   104.339000    1.15506E-02  1.34459E-04  16.789200  8.322510
3  380.000000    98.820000     1680.000000   114.145000    1840.000000   80.146000     1.03102E-02  1.21112E-04  15.665800  8.576580
3  380.000000    98.820000     1720.000000   106.756000    1880.000000   68.179000     1.07264E-02  1.26000E-04  6.520730  8.576530
3  380.000000    98.820000     1760.000000   101.140000    1920.000000   68.761000     1.01781E-02  1.19558E-04  15.484400  8.576440
3  380.000000    98.820000     2040.000000   57.680000     2200.000000   52.831000     4.38474E-03  7.03777E-05  17.350100  18.562900
3  380.000000    98.820000     2080.000000   61.209000     2240.000000   43.386000     2.96964E-03  5.38443E-05  18.401100  22.814700
3  380.000000    98.820000     2120.000000   64.714000     2280.000000   43.553000     3.31311E-03  6.00180E-05  22.017800  22.819000
3  380.000000    98.820000     2160.000000   69.496000     2320.000000   45.377000     3.29718E-03  5.96242E-05  20.523600  22.810600
3  380.000000    98.820000     2000.000000   61.720000     2320.000000   45.377000     7.13112E-03  9.12434E-05  19.716500  12.194800
3  460.000000    114.109000    0.000000      105.852000    40.000000     108.172000    1.52630E-02  1.66918E-04  13.895100  6.286820
3  460.000000    114.109000    120.000000    102.908000    160.000000    97.335000     1.76298E-02  1.88775E-04  12.103300  5.990340
3  460.000000    114.109000    160.000000    97.335000     200.000000    92.851000     2.13098E-02  2.26858E-04  12.395800  6.038200
3  460.000000    114.109000    200.000000    92.851000     240.000000    92.290000     2.25831E-02  2.40413E-04  14.091200  6.038190
3  460.000000    114.109000    240.000000    92.290000     280.000000    93.398000     3.46240E-02  3.51922E-04  13.378100  4.112040
3  460.000000    114.109000    280.000000    93.398000     320.000000    95.039000     5.08907E-02  5.12744E-04  12.746800  3.397790
3  460.000000    114.109000    320.000000    95.039000     360.000000    95.756000     6.52692E-02  6.56758E-04  14.392000  3.197480
3  460.000000    114.109000    360.000000    95.756000     400.000000    101.442000    1.13028E-01  1.13430E-03  -12.238500  2.368780
3  460.000000    114.109000    520.000000    118.621000    560.000000    114.524000    1.21760E-01  1.22178E-03  6.813770  2.039730
3  460.000000    114.109000    600.000000    110.348000    640.000000    121.240000    3.86924E-02  3.93281E-04  10.262200  4.112320
3  460.000000    114.109000    640.000000    121.240000    680.000000    117.505000    2.38279E-02  2.47074E-04  12.953000  5.072350
3  460.000000    114.109000    680.000000    117.505000    720.000000    113.178000    2.82186E-02  2.89201E-04  13.692200  4.513440
3  460.000000    114.109000    720.000000    113.178000    760.000000    100.356000    3.40253E-02  3.45881E-04  11.557600  4.112980
3  460.000000    114.109000    760.000000    100.356000    800.000000    108.602000    2.04102E-02  2.17299E-04  9.809600  6.038670
3  460.000000    114.109000    1880.000000   68.179000     1920.000000   68.761000     3.43973E-03  6.22027E-05  17.239300  22.818200
3  460.000000    114.109000    2280.000000   43.553000     2320.000000   45.377000     5.27202E-04  2.10033E-05  -5.219810  48.651900
3  460.000000    114.109000    0.000000      105.852000    80.000000     108.382000    2.62771E-02  2.72467E-04  13.143700  5.072280
3  460.000000    114.109000    40.000000     108.172000    120.000000    102.908000    2.60122E-02  2.69721E-04  12.073400  5.072380
3  460.000000    114.109000    800.000000    108.602000    880.000000    124.368000    2.62229E-02  2.71931E-04  8.760490  5.072870
3  460.000000    114.109000    840.000000    121.214000    920.000000    140.952000    2.20238E-02  2.34487E-04  8.254810  6.038810
3  460.000000    114.109000    880.000000    124.368000    960.000000    154.933000    1.84357E-02  1.97428E-04  7.378540  5.991110
3  460.000000    114.109000    920.000000    140.952000    1000.000000   139.164000    1.26503E-02  1.47272E-04  7.770060  8.322540
3  460.000000    114.109000    960.000000    154.933000    1040.000000   135.603000    1.08009E-02  1.26881E-04  8.821350  8.576540
3  460.000000    114.109000    1000.000000   139.164000    1080.000000   116.772000    9.72351E-03  1.14229E-04  10.895900  8.576760
3  460.000000    114.109000    1040.000000   135.603000    1120.000000   126.923000    9.38871E-03  1.10292E-04  16.187800  8.576570
3  460.000000    114.109000    1080.000000   116.772000    1160.000000   133.280000    1.31715E-02  1.49080E-04  -0.384861  6.888040
3  460.000000    114.109000    1800.000000   104.339000    1880.000000   68.179000     6.52855E-03  8.20717E-05  -12.612200  12.114200
3  460.000000    114.109000    1840.000000   80.146000     1920.000000   68.761000     6.69956E-03  8.42242E-05  -2.495340  12.114300
3  460.000000    114.109000    2200.000000   52.831000     2280.000000   43.553000     2.19423E-03  5.89798E-05  1.806430  29.862600
3  460.000000    114.109000    2240.000000   43.386000     2320.000000   45.377000     1.73189E-03  4.64431E-05  0.574799  29.851400
3  460.000000    114.109000    1120.000000   126.923000    1280.000000   155.645000    2.20624E-02  2.34978E-04  12.246100  6.041810
3  460.000000    114.109000    1160.000000   133.280000    1320.000000   173.060000    1.85394E-02  1.98557E-04  22.406200  5.990520
3  460.000000    114.109000    1200.000000   143.288000    1360.000000   187.371000    1.61570E-02  1.76727E-04  9.500930  6.287130
3  460.000000    114.109000    1240.000000   143.282000    1400.000000   194.951000    1.45139E-02  1.64278E-04  9.986980  6.888130
3  460.000000    114.109000    1280.000000   155.645000    1440.000000   204.976000    1.05740E-02  1.24216E-04  9.270610  8.576540
3  460.000000    114.109000    1320.000000   173.060000    1480.000000   191.689000    8.53723E-03  1.02590E-04  8.361580  9.575520
3  460.000000    114.109000    1360.000000   187.371000    1520.000000   175.987000    7.43605E-03  9.34823E-05  6.333520  12.114200
3  460.000000    114.109000    1400.000000   194.951000    1560.000000   155.051000    8.19612E-03  9.84928E-05  3.916280  9.575550
3  460.000000    114.109000    1440.000000   204.976000    1600.000000   131.871000    9.51332E-03  1.11756E-04  2.571190  8.576550
3  460.000000    114.109000    1480.000000   191.689000    1640.000000   112.857000    1.50558E-02  1.64674E-04  1.138580  6.287170
3  460.000000    114.109000    1520.000000   175.987000    1680.000000   114.145000    1.79644E-02  1.92374E-04  0.880160  5.990740
3  460.000000    114.109000    1560.000000   155.051000    1720.000000   106.756000    1.72065E-02  1.88187E-04  0.197224  6.287190
3  460.000000    114.109000    1600.000000   131.871000    1760.000000   101.140000    1.83809E-02  1.96823E-04  -0.562314  5.990550
3  460.000000    114.109000    1640.000000   112.857000    1800.000000   104.339000    1.31179E-02  1.48455E-04  -1.038730  6.887930
3  460.000000    114.109000    1680.000000   114.145000    1840.000000   80.146000     1.16871E-02  1.36046E-04  -2.199730  8.322150
3  460.000000    114.109000    1720.000000   106.756000    1880.000000   68.179000     1.24454E-02  1.44874E-04  -7.920300  8.322440
3  460.000000    114.109000    1760.000000   101.140000    1920.000000   68.761000     1.14856E-02  1.33704E-04  -2.472560  8.322290
3  460.000000    114.109000    2040.000000   57.680000     2200.000000   52.831000     4.88644E-03  6.24125E-05  0.195715  12.638700
3  460.000000    114.109000    2080.000000   61.209000     2240.000000   43.386000     3.29758E-03  5.96338E-05  0.730471  22.811300
3  460.000000    114.109000    2120.000000   64.714000     2280.000000   43.553000     3.68461E-03  5.92235E-05  1.211990  18.562900
3  460.000000    114.109000    2160.000000   69.496000     2320.000000   45.377000     3.66859E-03  5.89099E-05  -1.050060  18.562800
3  460.000000    114.109000    2000.000000   61.720000     2320.000000   45.377000     7.95383E-03  9.56925E-05  0.910089  9.576020
3  540.000000    115.458000    0.000000      105.852000    40.000000     108.172000    1.31919E-02  1.49290E-04  13.076700  6.887860
3  540.000000    115.458000    200.000000    92.851000     240.000000    92.290000     1.67160E-02  1.82808E-04  14.492600  6.286820
3  540.000000    115.458000    240.000000    92.290000     280.000000    93.398000     2.46880E-02  2.55990E-04  14.134100  5.072280
3  540.000000    115.458000    280.000000    93.398000     320.000000    95.039000     3.29819E-02  3.35231E-04  14.106600  4.112040
3  540.000000    115.458000    320.000000    95.039000     360.000000    95.756000     3.72310E-02  3.78420E-04  14.746500  4.112040
3  540.000000    115.458000    360.000000    95.756000     400.000000    101.442000    4.86769E-02  4.90464E-04  -9.140520  3.415490
3  540.000000    115.458000    400.000000    101.442000    440.000000    109.091000    7.68001E-02  7.71741E-04  24.418700  2.817010
3  540.000000    115.458000    440.000000    109.091000    480.000000    117.202000    1.02560E-01  1.02918E-03  9.533260  2.340610
3  540.000000    115.458000    600.000000    110.348000    640.000000    121.240000    1.02490E-01  1.02848E-03  8.245390  2.340860
3  540.000000    115.458000    640.000000    121.240000    680.000000    117.505000    4.80695E-02  4.84324E-04  12.410300  3.397820
3  540.000000    115.458000    680.000000    117.505000    720.000000    113.178000    5.15891E-02  5.19786E-04  14.266000  3.397880
3  540.000000    115.458000    720.000000    113.178000    760.000000    100.356000    5.50879E-02  5.55038E-04  12.634800  3.398090
3  540.000000    115.458000    760.000000    100.356000    800.000000    108.602000    3.10422E-02  3.18127E-04  12.194900  4.513130
3  540.000000    115.458000    800.000000    108.602000    840.000000    121.214000    2.04105E-02  2.17286E-04  11.428200  6.038300
3  540.000000    115.458000    840.000000    121.214000    880.000000    124.368000    1.72667E-02  1.88832E-04  13.014300  6.286930
3  540.000000    115.458000    1880.000000   68.179000     1920.000000   68.761000     3.82338E-03  6.13645E-05  37.911600  18.575600
3  540.000000    115.458000    2280.000000   43.553000     2320.000000   45.377000     5.77090E-04  2.29908E-05  36.009900  48.651900
3  540.000000    115.458000    0.000000      105.852000    80.000000     108.382000    2.25391E-02  2.39944E-04  12.420300  6.038190
3  540.000000    115.458000    40.000000     108.172000    120.000000    102.908000    2.18722E-02  2.32847E-04  11.611600  6.038290
3  540.000000    115.458000    80.000000     108.382000    160.000000    97.335000     2.68940E-02  2.78864E-04  11.844000  5.072280
3  540.000000    115.458000    120.000000    102.908000    200.000000    92.851000     3.10340E-02  3.18040E-04  12.205200  4.512980
3  540.000000    115.458000    880.000000    124.368000    960.000000    154.933000    2.51567E-02  2.60852E-04  11.950700  5.074030
3  540.000000    115.458000    920.000000    140.952000    1000.000000   139.164000    1.66373E-02  1.81949E-04  12.210100  6.288980
3  540.000000    115.458000    960.000000    154.933000    1040.000000   135.603000    1.40573E-02  1.59084E-04  14.029500  6.888080
3  540.000000    115.458000    1000.000000   139.164000    1080.000000   116.772000    1.28304E-02  1.49356E-04  17.090500  8.322490
3  540.000000    115.458000    1040.000000   135.603000    1120.000000   126.923000    1.17579E-02  1.36870E-04  24.270300  8.322240
3  540.000000    115.458000    1080.000000   116.772000    1160.000000   133.280000    1.62972E-02  1.78239E-04  9.218550  6.302890
3  540.000000    115.458000    1120.000000   126.923000    1200.000000   143.288000    1.48103E-02  1.67624E-04  25.296700  6.889400
3  540.000000    115.458000    1160.000000   133.280000    1240.000000   143.282000    1.14575E-02  1.33388E-04  46.092700  8.328340
3  540.000000    115.458000    1800.000000   104.339000    1880.000000   68.179000     7.30948E-03  9.18889E-05  6.261610  12.114100
3  540.000000    115.458000    1840.000000   80.146000     1920.000000   68.761000     7.45988E-03  9.37856E-05  16.988300  12.114200
3  540.000000    115.458000    2200.000000   52.831000     2280.000000   43.553000     2.40850E-03  4.37795E-05  43.406600  22.847800
3  540.000000    115.458000    2240.000000   43.386000     2320.000000   45.377000     1.89840E-03  5.09079E-05  44.368800  29.851200
3  540.000000    115.458000    1200.000000   143.288000    1360.000000   187.371000    1.92725E-02  2.06368E-04  22.247000  5.990390
3  540.000000    115.458000    1240.000000   143.282000    1400.000000   194.951000    1.72083E-02  1.88202E-04  23.410600  6.286870
3  540.000000    115.458000    1280.000000   155.645000    1440.000000   204.976000    1.24215E-02  1.44596E-04  23.630000  8.322230
3  540.000000    115.458000    1320.000000   173.060000    1480.000000   191.689000    9.95149E-03  1.16899E-04  23.472800  8.576430
3  540.000000    115.458000    1360.000000   187.371000    1520.000000   175.987000    8.58982E-03  1.03220E-04  22.136600  9.575450
3  540.000000    115.458000    1400.000000   194.951000    1560.000000   155.051000    9.38670E-03  1.10264E-04  20.601200  8.576430
3  540.000000    115.458000    1440.000000   204.976000    1600.000000   131.871000    1.08867E-02  1.27887E-04  19.636900  8.576470
3  540.000000    115.458000    1480.000000   191.689000    1640.000000   112.857000    1.71784E-02  1.87872E-04  18.591800  6.286850
3  540.000000    115.458000    1520.000000   175.987000    1680.000000   114.145000    2.04304E-02  2.17510E-04  18.608400  6.038220
3  540.000000    115.458000    1560.000000   155.051000    1720.000000   106.756000    1.94921E-02  2.08721E-04  18.103200  5.990340
3  540.000000    115.458000    1600.000000   131.871000    1760.000000   101.140000    2.07790E-02  2.21213E-04  17.615400  6.038190
3  540.000000    115.458000    1640.000000   112.857000    1800.000000   104.339000    1.47725E-02  1.67179E-04  17.414900  6.887930
3  540.000000    115.458000    1680.000000   114.145000    1840.000000   80.146000     1.31353E-02  1.48650E-04  16.631800  6.887890
3  540.000000    115.458000    1720.000000   106.756000    1880.000000   68.179000     1.39744E-02  1.58145E-04  10.930300  6.887970
3  540.000000    115.458000    1760.000000   101.140000    1920.000000   68.761000     1.28342E-02  1.49403E-04  16.910400  8.322180
3  540.000000    115.458000    2040.000000   57.680000     2200.000000   52.831000     5.38033E-03  6.87224E-05  25.904800  12.638800
3  540.000000    115.458000    2080.000000   61.209000     2240.000000   43.386000     3.61808E-03  5.80760E-05  31.000300  18.563000
3  540.000000    115.458000    2120.000000   64.714000     2280.000000   43.553000     4.03891E-03  6.48528E-05  38.004200  18.566000
3  540.000000    115.458000    2160.000000   69.496000     2320.000000   45.377000     4.02077E-03  6.45313E-05  37.865600  18.562400
3  540.000000    115.458000    2000.000000   61.720000     2320.000000   45.377000     8.75199E-03  1.05632E-04  31.882200  9.605150
3  620.000000    114.478000    0.000000      105.852000    40.000000     108.172000    1.12331E-02  1.30761E-04  14.531200  8.322160
3  620.000000    114.478000    280.000000    93.398000     320.000000    95.039000     2.26378E-02  2.47019E-04  16.771800  6.039880
3  620.000000    114.478000    320.000000    95.039000     360.000000    95.756000     2.36989E-02  2.45798E-04  17.090600  5.082640
3  620.000000    114.478000    360.000000    95.756000     400.000000    101.442000    2.70007E-02  2.80065E-04  -5.855360  5.126130
3  620.000000    114.478000    400.000000    101.442000    440.000000    109.091000    3.72356E-02  3.78615E-04  30.571500  4.114690
3  620.000000    114.478000    440.000000    109.091000    480.000000    117.202000    3.91249E-02  3.95647E-04  15.061700  3.851030
3  620.000000    114.478000    480.000000    117.202000    520.000000    118.621000    6.91475E-02  6.94884E-04  13.335400  2.814650
3  620.000000    114.478000    520.000000    118.621000    560.000000    114.524000    1.36790E-01  1.37267E-03  11.640800  2.041380
3  620.000000    114.478000    680.000000    117.505000    720.000000    113.178000    1.85627E-01  1.86110E-03  11.058100  1.816100
3  620.000000    114.478000    720.000000    113.178000    760.000000    100.356000    1.39980E-01  1.40392E-03  10.864900  1.868950
3  620.000000    114.478000    760.000000    100.356000    800.000000    108.602000    6.16783E-02  6.20638E-04  11.154000  3.197950
3  620.000000    114.478000    800.000000    108.602000    840.000000    121.214000    3.51765E-02  3.57541E-04  10.452400  4.112340
3  620.000000    114.478000    840.000000    121.214000    880.000000    124.368000    2.81342E-02  2.88328E-04  12.922500  4.513420
3  620.000000    114.478000    880.000000    124.368000    920.000000    140.952000    2.12007E-02  2.25701E-04  10.973400  6.038850
3  620.000000    114.478000    920.000000    140.952000    960.000000    154.933000    1.75426E-02  1.91851E-04  12.143500  6.287870
3  620.000000    114.478000    1880.000000   68.179000     1920.000000   68.761000     4.40485E-03  7.06956E-05  33.796400  18.569100
3  620.000000    114.478000    2280.000000   43.553000     2320.000000   45.377000     6.54830E-04  2.60879E-05  22.417900  48.651900
3  620.000000    114.478000    0.000000      105.852000    80.000000     108.382000    1.90638E-02  2.04128E-04  13.891100  5.990340
3  620.000000    114.478000    40.000000     108.172000    120.000000    102.908000    1.81940E-02  1.94814E-04  13.119300  5.990330
3  620.000000    114.478000    80.000000     108.382000    160.000000    97.335000     2.19994E-02  2.34206E-04  13.357600  6.038280
3  620.000000    114.478000    120.000000    102.908000    200.000000    92.851000     2.46592E-02  2.55711E-04  13.708300  5.072350
3  620.000000    114.478000    160.000000    97.335000     240.000000    92.290000     2.55381E-02  2.64822E-04  14.960800  5.072310
3  620.000000    114.478000    200.000000    92.851000     280.000000    93.398000     3.03631E-02  3.11182E-04  16.033000  4.513020
3  620.000000    114.478000    960.000000    154.933000    1040.000000   135.603000    2.04420E-02  2.17623E-04  13.460900  6.038630
3  620.000000    114.478000    1000.000000   139.164000    1080.000000   116.772000    1.83495E-02  1.96483E-04  16.555600  5.990870
3  620.000000    114.478000    1040.000000   135.603000    1120.000000   126.923000    1.59611E-02  1.74554E-04  24.461600  6.287020
3  620.000000    114.478000    1080.000000   116.772000    1160.000000   133.280000    2.15967E-02  2.29947E-04  8.779530  6.058910
3  620.000000    114.478000    1120.000000   126.923000    1200.000000   143.288000    1.93677E-02  2.07409E-04  25.660100  5.994490
3  620.000000    114.478000    1160.000000   133.280000    1240.000000   143.282000    1.48310E-02  1.62238E-04  48.436600  6.303750
3  620.000000    114.478000    1200.000000   143.288000    1280.000000   155.645000    1.51990E-02  1.66222E-04  21.617100  6.287010
3  620.000000    114.478000    1240.000000   143.282000    1320.000000   173.060000    1.36661E-02  1.54662E-04  23.126400  6.888120
3  620.000000    114.478000    1800.000000   104.339000    1880.000000   68.179000     8.55624E-03  1.02815E-04  6.855750  9.575450
3  620.000000    114.478000    1840.000000   80.146000     1920.000000   68.761000     8.65982E-03  1.04061E-04  15.897200  9.575460
3  620.000000    114.478000    2200.000000   52.831000     2280.000000   43.553000     2.73902E-03  4.97548E-05  24.417000  22.832400
3  620.000000    114.478000    2240.000000   43.386000     2320.000000   45.377000     2.15930E-03  5.79042E-05  25.706300  29.851100
3  620.000000    114.478000    1280.000000   155.645000    1440.000000   204.976000    1.54032E-02  1.68454E-04  24.291400  6.286910
3  620.000000    114.478000    1320.000000   173.060000    1480.000000   191.689000    1.22345E-02  1.42421E-04  24.261000  8.322270
3  620.000000    114.478000    1360.000000   187.371000    1520.000000   175.987000    1.04550E-02  1.22812E-04  22.946000  8.576450
3  620.000000    114.478000    1400.000000   194.951000    1560.000000   155.051000    1.13042E-02  1.31589E-04  21.234400  8.322210
3  620.000000    114.478000    1440.000000   204.976000    1600.000000   131.871000    1.30726E-02  1.47940E-04  19.967600  6.888080
3  620.000000    114.478000    1480.000000   191.689000    1640.000000   112.857000    2.05329E-02  2.18595E-04  18.714700  6.038340
3  620.000000    114.478000    1520.000000   175.987000    1680.000000   114.145000    2.43234E-02  2.52212E-04  18.629300  5.072490
3  620.000000    114.478000    1560.000000   155.051000    1720.000000   106.756000    2.31083E-02  2.46011E-04  18.063500  6.038320
3  620.000000    114.478000    1600.000000   131.871000    1760.000000   101.140000    2.45613E-02  2.54679E-04  17.402300  5.072420
3  620.000000    114.478000    1640.000000   112.857000    1800.000000   104.339000    1.73860E-02  1.90135E-04  17.052900  6.286850
3  620.000000    114.478000    1680.000000   114.145000    1840.000000   80.146000     1.54113E-02  1.68541E-04  15.911200  6.286900
3  620.000000    114.478000    1720.000000   106.756000    1880.000000   68.179000     1.63906E-02  1.79249E-04  10.890700  6.286870
3  620.000000    114.478000    1760.000000   101.140000    1920.000000   68.761000     1.49530E-02  1.69220E-04  15.845600  6.887860
3  620.000000    114.478000    2040.000000   57.680000     2200.000000   52.831000     6.14370E-03  7.84716E-05  20.195300  12.638600
3  620.000000    114.478000    2080.000000   61.209000     2240.000000   43.386000     4.10796E-03  6.59307E-05  21.758100  18.562400
3  620.000000    114.478000    2120.000000   64.714000     2280.000000   43.553000     4.58303E-03  7.37148E-05  23.740800  18.574200
3  620.000000    114.478000    2160.000000   69.496000     2320.000000   45.377000     4.56263E-03  7.32886E-05  22.562500  18.567600
3  620.000000    114.478000    2000.000000   61.720000     2320.000000   45.377000     9.98154E-03  1.17664E-04  21.752800  8.593160
3  700.000000    113.449000    0.000000      105.852000    40.000000     108.172000    1.00061E-02  1.17539E-04  21.590400  8.576460
3  700.000000    113.449000    360.000000    95.756000     400.000000    101.442000    1.97968E-02  2.11990E-04  -5.736420  6.000840
3  700.000000    113.449000    400.000000    101.442000    440.000000    109.091000    2.58213E-02  2.67751E-04  33.684100  5.081820
3  700.000000    113.449000    440.000000    109.091000    480.000000    117.202000    2.53142E-02  2.62483E-04  16.829500  5.072290
3  700.000000    113.449000    480.000000    117.202000    520.000000    118.621000    4.02631E-02  4.07116E-04  15.136600  3.850070
3  700.000000    113.449000    520.000000    118.621000    560.000000    114.524000    6.64752E-02  6.68893E-04  14.096600  3.197480
3  700.000000    113.449000    560.000000    114.524000    600.000000    110.348000    9.70316E-02  9.73702E-04  14.144200  2.340620
3  700.000000    113.449000    600.000000    110.348000    640.000000    121.240000    1.88160E-01  1.88666E-03  -12.449100  1.875560
3  700.000000    113.449000    760.000000    100.356000    800.000000    108.602000    2.01291E-01  2.01814E-03  8.419370  1.816240
3  700.000000    113.449000    800.000000    108.602000    840.000000    121.214000    7.67474E-02  7.71173E-04  7.851080  2.813440
3  700.000000    113.449000    840.000000    121.214000    880.000000    124.368000    5.36957E-02  5.41011E-04  13.035800  3.398070
3  700.000000    113.449000    880.000000    124.368000    920.000000    140.952000    3.60748E-02  3.66671E-04  9.882250  4.112480
3  700.000000    113.449000    920.000000    140.952000    960.000000    154.933000    2.80674E-02  2.87643E-04  11.104400  4.513970
3  700.000000    113.449000    960.000000    154.933000    1000.000000   139.164000    1.20594E-02  1.40380E-04  8.296390  8.322290
3  700.000000    113.449000    1000.000000   139.164000    1040.000000   135.603000    1.92470E-02  2.06091E-04  14.271100  5.990550
3  700.000000    113.449000    1880.000000   68.179000     1920.000000   68.761000     5.13570E-03  6.55978E-05  44.724000  12.658000
3  700.000000    113.449000    2280.000000   43.553000     2320.000000   45.377000     7.32629E-04  2.91874E-05  51.263500  48.651900
3  700.000000    113.449000    0.000000      105.852000    80.000000     108.382000    1.69042E-02  1.84866E-04  20.281800  6.286980
3  700.000000    113.449000    40.000000     108.172000    120.000000    102.908000    1.59213E-02  1.74117E-04  17.796000  6.286850
3  700.000000    113.449000    80.000000     108.382000    160.000000    97.335000     1.90320E-02  2.03787E-04  17.099700  5.990330
3  700.000000    113.449000    120.000000    102.908000    200.000000    92.851000     2.10147E-02  2.23716E-04  16.742300  6.038210
3  700.000000    113.449000    160.000000    97.335000     240.000000    92.290000     2.13315E-02  2.27089E-04  17.347300  6.038230
3  700.000000    113.449000    200.000000    92.851000     280.000000    93.398000     2.47917E-02  2.57068E-04  17.928100  5.072300
3  700.000000    113.449000    240.000000    92.290000     320.000000    95.039000     3.22859E-02  3.28157E-04  17.802500  4.112050
3  700.000000    113.449000    280.000000    93.398000     360.000000    95.756000     3.59368E-02  3.65265E-04  17.921900  4.112050
3  700.000000    113.449000    1040.000000   135.603000    1120.000000   126.923000    2.21191E-02  2.35476E-04  24.248100  6.038240
3  700.000000    113.449000    1080.000000   116.772000    1160.000000   133.280000    2.89508E-02  2.96696E-04  8.416850  4.530880
3  700.000000    113.449000    1120.000000   126.923000    1200.000000   143.288000    2.54633E-02  2.64075E-04  25.996300  5.072910
3  700.000000    113.449000    1160.000000   133.280000    1240.000000   143.282000    1.92245E-02  2.05850E-04  51.149300  5.999770
3  700.000000    113.449000    1200.000000   143.288000    1280.000000   155.645000    1.93551E-02  2.07249E-04  22.642600  5.990530
3  700.000000    113.449000    1240.000000   143.282000    1320.000000   173.060000    1.72523E-02  1.88676E-04  24.387200  6.287020
3  700.000000    113.449000    1280.000000   155.645000    1360.000000   187.371000    1.14372E-02  1.33138E-04  26.158000  8.322230
3  700.000000    113.449000    1320.000000   173.060000    1400.000000   194.951000    9.82530E-03  1.15416E-04  27.403800  8.576500
3  700.000000    113.449000    1800.000000   104.339000    1880.000000   68.179000     9.93305E-03  1.16681E-04  12.207600  8.576450
3  700.000000    113.449000    1840.000000   80.146000     1920.000000   68.761000     1.00482E-02  1.18037E-04  23.151100  8.576500
3  700.000000    113.449000    2200.000000   52.831000     2280.000000   43.553000     3.05632E-03  5.55627E-05  60.084100  22.839900
3  700.000000    113.449000    2240.000000   43.386000     2320.000000   45.377000     2.41709E-03  4.37092E-05  60.670400  22.810200
3  700.000000    113.449000    1360.000000   187.371000    1520.000000   175.987000    1.27581E-02  1.48513E-04  25.848200  8.322170
3  700.000000    113.449000    1400.000000   194.951000    1560.000000   155.051000    1.36519E-02  1.54496E-04  24.909100  6.887890
3  700.000000    113.449000    1440.000000   204.976000    1600.000000   131.871000    1.56999E-02  1.71699E-04  24.023700  6.286870
3  700.000000    113.449000    1480.000000   191.689000    1640.000000   112.857000    2.45190E-02  2.54240E-04  23.276600  5.072390
3  700.000000    113.449000    1520.000000   175.987000    1680.000000   114.145000    2.89262E-02  2.96444E-04  23.552400  4.513100
3  700.000000    113.449000    1560.000000   155.051000    1720.000000   106.756000    2.73712E-02  2.80511E-04  23.174200  4.513070
3  700.000000    113.449000    1600.000000   131.871000    1760.000000   101.140000    2.89992E-02  2.97190E-04  22.980700  4.513050
3  700.000000    113.449000    1640.000000   112.857000    1800.000000   104.339000    2.04438E-02  2.17641E-04  23.018500  6.038210
3  700.000000    113.449000    1680.000000   114.145000    1840.000000   80.146000     1.80514E-02  1.93287E-04  22.428900  5.990370
3  700.000000    113.449000    1720.000000   106.756000    1880.000000   68.179000     1.91173E-02  2.04700E-04  16.818000  5.990380
3  700.000000    113.449000    1760.000000   101.140000    1920.000000   68.761000     1.73968E-02  1.86281E-04  23.026400  5.990350
3  700.000000    113.449000    2040.000000   57.680000     2200.000000   52.831000     6.96566E-03  8.76252E-05  32.487500  12.119100
3  700.000000    113.449000    2080.000000   61.209000     2240.000000   43.386000     4.60917E-03  7.39772E-05  39.356600  18.562500
3  700.000000    113.449000    2120.000000   64.714000     2280.000000   43.553000     5.12083E-03  6.55907E-05  49.231600  12.644000
3  700.000000    113.449000    2160.000000   69.496000     2320.000000   45.377000     5.09368E-03  6.51191E-05  50.509400  12.638800
3  700.000000    113.449000    2000.000000   61.720000     2320.000000   45.377000     1.12582E-02  1.31401E-04  41.766600  8.334610
3  740.000000    100.177000    0.000000      105.852000    40.000000     108.172000    8.95542E-03  1.07612E-04  14.802400  9.575550
3  740.000000    100.177000    400.000000    101.442000    440.000000    109.091000    1.95909E-02  2.12177E-04  33.553400  5.995070
3  740.000000    100.177000    440.000000    109.091000    480.000000    117.202000    1.87410E-02  2.00671E-04  17.177700  5.990330
3  740.000000    100.177000    480.000000    117.202000    520.000000    118.621000    2.85484E-02  2.92567E-04  15.608100  4.551580
3  740.000000    100.177000    520.000000    118.621000    560.000000    114.524000    4.27620E-02  4.32384E-04  14.888600  3.885310
3  740.000000    100.177000    560.000000    114.524000    600.000000    110.348000    5.51242E-02  5.55398E-04  14.301800  3.399420
3  740.000000    100.177000    600.000000    110.348000    640.000000    121.240000    7.86189E-02  7.90026E-04  -9.955860  14.594900
3  740.000000    100.177000    640.000000    121.240000    680.000000    117.505000    1.50741E-01  1.51183E-03  20.731700  1.931380
3  740.000000    100.177000    800.000000    108.602000    840.000000    121.214000    1.77747E-01  1.80858E-03  5.790690  2.217960
3  740.000000    100.177000    840.000000    121.214000    880.000000    124.368000    1.04681E-01  2.15916E-03  6.746640  10.564700
3  740.000000    100.177000    880.000000    124.368000    920.000000    140.952000    6.18346E-02  1.36600E-03  6.605110  7.573530
3  740.000000    100.177000    920.000000    140.952000    960.000000    154.933000    4.51339E-02  1.54312E-03  8.847050  5.466890
3  740.000000    100.177000    1000.000000   139.164000    1040.000000   135.603000    2.89800E-02  3.40825E-04  13.020400  5.380420
3  740.000000    100.177000    1040.000000   135.603000    1080.000000   116.772000    1.06615E-02  1.25264E-04  18.250600  8.598650
3  740.000000    100.177000    1080.000000   116.772000    1120.000000   126.923000    1.94937E-02  7.41168E-04  29.038100  6.114270
3  740.000000    100.177000    1880.000000   68.179000     1920.000000   68.761000     5.87768E-03  2.09589E-04  61.487600  16.710300
3  740.000000    100.177000    2280.000000   43.553000     2320.000000   45.377000     8.11947E-04  3.23474E-05  49.817700  48.653600
3  740.000000    100.177000    0.000000      105.852000    80.000000     108.382000    1.50879E-02  1.65003E-04  13.881000  6.286910
3  740.000000    100.177000    40.000000     108.172000    120.000000    102.908000    1.41334E-02  1.59945E-04  12.552300  6.887960
3  740.000000    100.177000    80.000000     108.382000    160.000000    97.335000     1.67871E-02  1.83587E-04  12.714200  6.286900
3  740.000000    100.177000    120.000000    102.908000    200.000000    92.851000     1.82849E-02  1.95787E-04  13.027000  5.990390
3  740.000000    100.177000    160.000000    97.335000     240.000000    92.290000     1.82674E-02  1.95600E-04  14.349300  5.990400
3  740.000000    100.177000    200.000000    92.851000     280.000000    93.398000     2.08897E-02  2.22385E-04  15.669500  6.038230
3  740.000000    100.177000    240.000000    92.290000     320.000000    95.039000     2.67049E-02  2.76903E-04  16.073600  5.072300
3  740.000000    100.177000    280.000000    93.398000     360.000000    95.756000     2.90538E-02  2.97746E-04  16.591800  4.513000
3  740.000000    100.177000    320.000000    95.039000     400.000000    101.442000    2.94986E-02  3.02305E-04  4.981470  4.682530
3  740.000000    100.177000    1160.000000   133.280000    1240.000000   143.282000    2.47132E-02  2.56313E-04  55.293500  5.087970
3  740.000000    100.177000    1200.000000   143.288000    1280.000000   155.645000    2.43526E-02  2.52595E-04  26.775800  5.075000
3  740.000000    100.177000    1240.000000   143.282000    1320.000000   173.060000    2.14944E-02  2.28933E-04  28.890200  6.047290
3  740.000000    100.177000    1280.000000   155.645000    1360.000000   187.371000    1.41487E-02  1.60199E-04  31.020100  6.899550
3  740.000000    100.177000    1320.000000   173.060000    1400.000000   194.951000    1.20767E-02  1.40659E-04  32.725500  8.334590
3  740.000000    100.177000    1360.000000   187.371000    1440.000000   204.976000    9.28302E-03  1.09088E-04  33.137900  8.586600
3  740.000000    100.177000    1800.000000   104.339000    1880.000000   68.179000     1.13719E-02  1.33753E-04  15.021200  8.334650
3  740.000000    100.177000    1840.000000   80.146000     1920.000000   68.761000     1.14626E-02  1.33474E-04  31.015300  8.513230
3  740.000000    100.177000    2200.000000   52.831000     2280.000000   43.553000     3.38887E-03  6.13430E-05  57.475700  22.832400
3  740.000000    100.177000    2240.000000   43.386000     2320.000000   45.377000     2.68250E-03  4.85135E-05  57.260900  22.818200
3  740.000000    100.177000    1400.000000   194.951000    1560.000000   155.051000    1.61862E-02  1.77103E-04  32.387100  6.300570
3  740.000000    100.177000    1440.000000   204.976000    1600.000000   131.871000    1.85708E-02  1.98932E-04  31.515700  6.004120
3  740.000000    100.177000    1480.000000   191.689000    1640.000000   112.857000    2.88644E-02  2.96036E-04  30.751300  4.543450
3  740.000000    100.177000    1520.000000   175.987000    1680.000000   114.145000    3.39053E-02  3.44973E-04  31.163800  4.148690
3  740.000000    100.177000    1560.000000   155.051000    1720.000000   106.756000    3.19318E-02  3.27547E-04  31.087800  4.543290
3  740.000000    100.177000    1600.000000   131.871000    1760.000000   101.140000    3.37255E-02  3.43005E-04  30.826900  4.160540
3  740.000000    100.177000    1640.000000   112.857000    1800.000000   104.339000    2.36622E-02  2.47261E-04  31.078700  5.108420
3  740.000000    100.177000    1680.000000   114.145000    1840.000000   80.146000     2.08283E-02  2.23161E-04  30.214000  6.104280
3  740.000000    100.177000    1720.000000   106.756000    1880.000000   68.179000     2.19916E-02  2.41661E-04  21.985400  6.450540
3  740.000000    100.177000    1760.000000   101.140000    1920.000000   68.761000     1.99261E-02  2.14375E-04  30.665900  6.186530
3  740.000000    100.177000    2000.000000   61.720000     2160.000000   69.496000     6.94837E-03  8.73639E-05  39.773900  12.134000
3  740.000000    100.177000    2040.000000   57.680000     2200.000000   52.831000     7.82628E-03  9.40672E-05  37.619400  9.596120
3  740.000000    100.177000    2080.000000   61.209000     2240.000000   43.386000     5.13429E-03  6.56650E-05  42.691800  13.328300
3  740.000000    100.177000    2120.000000   64.714000     2280.000000   43.553000     5.68544E-03  7.26827E-05  49.344800  12.712700
3  740.000000    100.177000    2160.000000   69.496000     2320.000000   45.377000     5.64968E-03  7.21730E-05  49.703500  12.661100
3  780.000000    101.926000    0.000000      105.852000    40.000000     108.172000    8.28310E-03  9.95347E-05  12.985100  9.576990
3  780.000000    101.926000    440.000000    109.091000    480.000000    117.202000    1.48887E-02  1.68491E-04  18.860600  6.887890
3  780.000000    101.926000    480.000000    117.202000    520.000000    118.621000    2.22597E-02  2.36970E-04  17.201100  6.038210
3  780.000000    101.926000    520.000000    118.621000    560.000000    114.524000    3.17622E-02  3.25502E-04  16.829600  4.512980
3  780.000000    101.926000    560.000000    114.524000    600.000000    110.348000    3.77330E-02  3.83522E-04  17.140800  4.112040
3  780.000000    101.926000    600.000000    110.348000    640.000000    121.240000    4.69910E-02  4.75192E-04  -6.785120  3.877700
3  780.000000    101.926000    640.000000    121.240000    680.000000    117.505000    7.19657E-02  7.23126E-04  25.796300  2.817990
3  780.000000    101.926000    680.000000    117.505000    720.000000    113.178000    1.67908E-01  1.68345E-03  10.314700  1.815730
3  780.000000    101.926000    840.000000    121.214000    880.000000    124.368000    2.14002E-01  2.14537E-03  8.946260  1.879840
3  780.000000    101.926000    880.000000    124.368000    920.000000    140.952000    1.05107E-01  1.05474E-03  6.910060  2.344100
3  780.000000    101.926000    920.000000    140.952000    960.000000    154.933000    6.95089E-02  6.98439E-04  8.169720  2.824870
3  780.000000    101.926000    960.000000    154.933000    1000.000000   139.164000    3.30352E-02  3.35773E-04  7.262740  4.112260
3  780.000000    101.926000    1000.000000   139.164000    1040.000000   135.603000    3.73961E-02  3.80098E-04  11.009800  4.113900
3  780.000000    101.926000    1040.000000   135.603000    1080.000000   116.772000    1.49109E-02  1.68742E-04  15.252300  6.887890
3  780.000000    101.926000    1080.000000   116.772000    1120.000000   126.923000    2.45166E-02  2.54213E-04  26.422700  5.072370
3  780.000000    101.926000    1880.000000   68.179000     1920.000000   68.761000     6.54737E-03  8.23234E-05  40.963600  12.132700
3  780.000000    101.926000    2280.000000   43.553000     2320.000000   45.377000     9.00447E-04  3.58731E-05  31.861600  48.651900
3  780.000000    101.926000    0.000000      105.852000    80.000000     108.382000    1.39073E-02  1.57386E-04  12.655900  6.888290
3  780.000000    101.926000    40.000000     108.172000    120.000000    102.908000    1.28917E-02  1.50068E-04  12.560100  8.322170
3  780.000000    101.926000    80.000000     108.382000    160.000000    97.335000     1.51909E-02  1.66131E-04  13.204100  6.286840
3  780.000000    101.926000    120.000000    102.908000    200.000000    92.851000     1.64156E-02  1.79526E-04  13.718500  6.286870
3  780.000000    101.926000    160.000000    97.335000     240.000000    92.290000     1.62294E-02  1.77488E-04  15.312600  6.286920
3  780.000000    101.926000    200.000000    92.851000     280.000000    93.398000     1.83321E-02  1.96293E-04  16.895200  5.990330
3  780.000000    101.926000    240.000000    92.290000     320.000000    95.039000     2.30642E-02  2.45537E-04  17.254500  6.038190
3  780.000000    101.926000    280.000000    93.398000     360.000000    95.756000     2.49204E-02  2.58400E-04  17.801000  5.072340
3  780.000000    101.926000    320.000000    95.039000     400.000000    101.442000    2.50451E-02  2.59693E-04  7.680860  5.072320
3  780.000000    101.926000    360.000000    95.756000     440.000000    109.091000    2.85375E-02  2.92458E-04  17.584000  4.513020
3  780.000000    101.926000    1120.000000   126.923000    1200.000000   143.288000    4.04153E-02  4.08659E-04  24.421800  3.850290
3  780.000000    101.926000    1160.000000   133.280000    1240.000000   143.282000    2.92282E-02  2.99536E-04  25.957300  4.513060
3  780.000000    101.926000    1200.000000   143.288000    1280.000000   155.645000    2.90535E-02  2.97752E-04  21.385800  4.513010
3  780.000000    101.926000    1240.000000   143.282000    1320.000000   173.060000    2.55111E-02  2.64527E-04  23.071200  5.072420
3  780.000000    101.926000    1280.000000   155.645000    1360.000000   187.371000    1.66416E-02  1.81998E-04  24.871600  6.286880
3  780.000000    101.926000    1320.000000   173.060000    1400.000000   194.951000    1.41434E-02  1.60059E-04  26.181900  6.888000
3  780.000000    101.926000    1360.000000   187.371000    1440.000000   204.976000    1.08602E-02  1.27570E-04  25.712100  8.576460
3  780.000000    101.926000    1400.000000   194.951000    1480.000000   191.689000    7.26866E-03  9.13758E-05  24.730300  12.114100
3  780.000000    101.926000    1800.000000   104.339000    1880.000000   68.179000     1.29139E-02  1.50327E-04  9.838200  8.322150
3  780.000000    101.926000    1840.000000   80.146000     1920.000000   68.761000     1.29359E-02  1.46393E-04  20.398600  6.887870
3  780.000000    101.926000    2200.000000   52.831000     2280.000000   43.553000     3.73236E-03  6.00529E-05  36.585100  18.563900
3  780.000000    101.926000    2240.000000   43.386000     2320.000000   45.377000     2.97632E-03  5.38220E-05  35.633100  22.810200
3  780.000000    101.926000    1440.000000   204.976000    1600.000000   131.871000    2.13990E-02  2.27809E-04  22.322100  6.038190
3  780.000000    101.926000    1480.000000   191.689000    1640.000000   112.857000    3.30933E-02  3.36367E-04  21.258200  4.112100
3  780.000000    101.926000    1520.000000   175.987000    1680.000000   114.145000    3.87491E-02  3.91812E-04  21.313600  3.850140
3  780.000000    101.926000    1560.000000   155.051000    1720.000000   106.756000    3.64117E-02  3.70092E-04  20.870000  4.112060
3  780.000000    101.926000    1600.000000   131.871000    1760.000000   101.140000    3.83573E-02  3.87846E-04  20.533300  3.850120
3  780.000000    101.926000    1640.000000   112.857000    1800.000000   104.339000    2.68412E-02  2.78316E-04  20.451800  5.072360
3  780.000000    101.926000    1680.000000   114.145000    1840.000000   80.146000     2.35726E-02  2.44424E-04  19.556400  5.072310
3  780.000000    101.926000    1720.000000   106.756000    1880.000000   68.179000     2.49336E-02  2.58536E-04  14.184000  5.072320
3  780.000000    101.926000    1760.000000   101.140000    1920.000000   68.761000     2.24906E-02  2.39428E-04  20.044400  6.038210
3  780.000000    101.926000    2000.000000   61.720000     2160.000000   69.496000     7.69973E-03  9.25230E-05  27.648100  9.575470
3  780.000000    101.926000    2040.000000   57.680000     2200.000000   52.831000     8.65036E-03  1.03948E-04  26.330100  9.575510
3  780.000000    101.926000    2080.000000   61.209000     2240.000000   43.386000     5.63337E-03  7.21145E-05  30.531200  12.643900
3  780.000000    101.926000    2120.000000   64.714000     2280.000000   43.553000     6.24351E-03  7.88025E-05  33.254700  12.115300
3  780.000000    101.926000    2160.000000   69.496000     2320.000000   45.377000     6.21089E-03  7.94305E-05  32.290100  12.638600
3  820.000000    115.703000    0.000000      105.852000    40.000000     108.172000    7.71189E-03  9.69562E-05  17.991500  12.114200
3  820.000000    115.703000    480.000000    117.202000    520.000000    118.621000    1.81307E-02  1.94136E-04  18.584800  5.990350
3  820.000000    115.703000    520.000000    118.621000    560.000000    114.524000    2.52265E-02  2.61574E-04  18.345100  5.072330
3  820.000000    115.703000    560.000000    114.524000    600.000000    110.348000    2.87981E-02  2.95129E-04  18.442300  4.512980
3  820.000000    115.703000    600.000000    110.348000    640.000000    121.240000    3.38660E-02  3.44224E-04  -2.417450  15.024100
3  820.000000    115.703000    640.000000    121.240000    680.000000    117.505000    4.65915E-02  4.69433E-04  28.169400  3.401750
3  820.000000    115.703000    680.000000    117.505000    720.000000    113.178000    9.51219E-02  9.55024E-04  13.004600  2.592490
3  820.000000    115.703000    720.000000    113.178000    760.000000    100.356000    2.65584E-01  4.78535E-03  -3.509830  13.211100
3  820.000000    115.703000    880.000000    124.368000    920.000000    140.952000    2.25047E-01  2.38624E-03  11.552700  6.265090
3  820.000000    115.703000    920.000000    140.952000    960.000000    154.933000    1.19471E-01  3.29754E-03  17.893600  14.765900
3  820.000000    115.703000    960.000000    154.933000    1000.000000   139.164000    5.92543E-02  5.96235E-04  7.551190  3.197640
3  820.000000    115.703000    1000.000000   139.164000    1040.000000   135.603000    4.92015E-02  4.95730E-04  9.115150  3.397960
3  820.000000    115.703000    1040.000000   135.603000    1080.000000   116.772000    2.08118E-02  2.21558E-04  13.076500  6.038200
3  820.000000    115.703000    1080.000000   116.772000    1120.000000   126.923000    3.05460E-02  1.19438E-03  15.229400  12.483600
3  820.000000    115.703000    1120.000000   126.923000    1160.000000   133.280000    2.84593E-02  2.91657E-04  19.065100  4.513050
3  820.000000    115.703000    1880.000000   68.179000     1920.000000   68.761000     7.23500E-03  9.09534E-05  39.013500  12.118000
3  820.000000    115.703000    2280.000000   43.553000     2320.000000   45.377000     9.78058E-04  3.89650E-05  38.347400  48.651900
3  820.000000    115.703000    0.000000      105.852000    80.000000     108.382000    1.29158E-02  1.50349E-04  17.431700  8.322190
3  820.000000    115.703000    40.000000     108.172000    120.000000    102.908000    1.18743E-02  1.38226E-04  16.585200  8.322230
3  820.000000    115.703000    120.000000    102.908000    200.000000    92.851000     1.49255E-02  1.68909E-04  16.698800  6.888000
3  820.000000    115.703000    160.000000    97.335000     240.000000    92.290000     1.46279E-02  1.65541E-04  17.802700  6.887900
3  820.000000    115.703000    200.000000    92.851000     280.000000    93.398000     1.63573E-02  1.78885E-04  18.955400  6.286890
3  820.000000    115.703000    240.000000    92.290000     320.000000    95.039000     2.04008E-02  2.17183E-04  19.060400  6.038240
3  820.000000    115.703000    280.000000    93.398000     360.000000    95.756000     2.18285E-02  2.32382E-04  19.382400  6.038250
3  820.000000    115.703000    320.000000    95.039000     400.000000    101.442000    2.16791E-02  2.30791E-04  9.632830  6.038330
3  820.000000    115.703000    360.000000    95.756000     440.000000    109.091000    2.42781E-02  2.51740E-04  18.935400  5.072290
3  820.000000    115.703000    400.000000    101.442000    480.000000    117.202000    2.57990E-02  2.67510E-04  27.612700  5.073260
3  820.000000    115.703000    1160.000000   133.280000    1240.000000   143.282000    3.48201E-02  3.53922E-04  25.875000  4.112290
3  820.000000    115.703000    1200.000000   143.288000    1280.000000   155.645000    3.42353E-02  3.47981E-04  21.095000  4.112200
3  820.000000    115.703000    1240.000000   143.282000    1320.000000   173.060000    2.98877E-02  3.06304E-04  22.789700  4.513140
3  820.000000    115.703000    1280.000000   155.645000    1360.000000   187.371000    1.93464E-02  2.07159E-04  24.661000  5.990530
3  820.000000    115.703000    1320.000000   173.060000    1400.000000   194.951000    1.63627E-02  1.78949E-04  26.047500  6.286970
3  820.000000    115.703000    1360.000000   187.371000    1440.000000   204.976000    1.25123E-02  1.45653E-04  25.713700  8.322210
3  820.000000    115.703000    1400.000000   194.951000    1480.000000   191.689000    8.34037E-03  1.00221E-04  24.848800  9.575460
3  820.000000    115.703000    1440.000000   204.976000    1520.000000   175.987000    7.98490E-03  9.59498E-05  23.784600  9.575460
3  820.000000    115.703000    1800.000000   104.339000    1880.000000   68.179000     1.43996E-02  1.62957E-04  11.970100  6.887950
3  820.000000    115.703000    1840.000000   80.146000     1920.000000   68.761000     1.43713E-02  1.62641E-04  21.057600  6.889220
3  820.000000    115.703000    2200.000000   52.831000     2280.000000   43.553000     4.04285E-03  6.49504E-05  42.920800  18.562500
3  820.000000    115.703000    2240.000000   43.386000     2320.000000   45.377000     3.23410E-03  5.84835E-05  43.464600  22.810200
3  820.000000    115.703000    0.000000      105.852000    160.000000    97.335000     2.68166E-02  2.78067E-04  17.030900  5.072440
3  820.000000    115.703000    1480.000000   191.689000    1640.000000   112.857000    3.74125E-02  3.80272E-04  21.570600  4.112210
3  820.000000    115.703000    1520.000000   175.987000    1680.000000   114.145000    4.36909E-02  4.41789E-04  21.674800  3.850250
3  820.000000    115.703000    1560.000000   155.051000    1720.000000   106.756000    4.09767E-02  4.14344E-04  21.286300  3.850300
3  820.000000    115.703000    1600.000000   131.871000    1760.000000   101.140000    4.30622E-02  4.35428E-04  21.001700  3.850220
3  820.000000    115.703000    1640.000000   112.857000    1800.000000   104.339000    3.00647E-02  3.08112E-04  20.995600  4.513040
3  820.000000    115.703000    1680.000000   114.145000    1840.000000   80.146000     2.63282E-02  2.72997E-04  20.204300  5.072290
3  820.000000    115.703000    1720.000000   106.756000    1880.000000   68.179000     2.78212E-02  2.85117E-04  15.591900  4.513060
3  820.000000    115.703000    1760.000000   101.140000    1920.000000   68.761000     2.50155E-02  2.59391E-04  20.742200  5.072790
3  820.000000    115.703000    2000.000000   61.720000     2160.000000   69.496000     8.43735E-03  1.01387E-04  29.964400  9.575470
3  820.000000    115.703000    2040.000000   57.680000     2200.000000   52.831000     9.45685E-03  1.11090E-04  27.185100  8.576540
3  820.000000    115.703000    2080.000000   61.209000     2240.000000   43.386000     6.11486E-03  7.81137E-05  30.720900  12.638900
3  820.000000    115.703000    2120.000000   64.714000     2280.000000   43.553000     6.76170E-03  8.50101E-05  35.746300  12.114800
3  820.000000    115.703000    2160.000000   69.496000     2320.000000   45.377000     6.72467E-03  8.45419E-05  35.726100  12.114900
3  860.000000    123.097000    0.000000      105.852000    40.000000     108.172000    7.19492E-03  9.04502E-05  9.981290  12.116500
3  860.000000    123.097000    520.000000    118.621000    560.000000    114.524000    2.03482E-02  2.16621E-04  20.456600  6.038200
3  860.000000    123.097000    560.000000    114.524000    600.000000    110.348000    2.27081E-02  2.41744E-04  20.563100  6.038190
3  860.000000    123.097000    600.000000    110.348000    640.000000    121.240000    2.62145E-02  2.71831E-04  1.059370  5.080700
3  860.000000    123.097000    640.000000    121.240000    680.000000    117.505000    3.29155E-02  3.34556E-04  31.537500  4.116160
3  860.000000    123.097000    680.000000    117.505000    720.000000    113.178000    6.33007E-02  6.36951E-04  15.997500  3.197480
3  860.000000    123.097000    760.000000    100.356000    800.000000    108.602000    2.78550E-01  2.79096E-03  9.665250  1.549950
3  860.000000    123.097000    920.000000    140.952000    960.000000    154.933000    2.43572E-01  2.44181E-03  6.584120  1.887770
3  860.000000    123.097000    1040.000000   135.603000    1080.000000   116.772000    3.18519E-02  3.26425E-04  10.831600  4.515230
3  860.000000    123.097000    1080.000000   116.772000    1120.000000   126.923000    3.88649E-02  3.92982E-04  26.305100  3.850240
3  860.000000    123.097000    1120.000000   126.923000    1160.000000   133.280000    3.46948E-02  3.52645E-04  17.283800  4.112080
3  860.000000    123.097000    1160.000000   133.280000    1200.000000   143.288000    2.39225E-02  2.48055E-04  28.031600  5.074620
3  860.000000    123.097000    1880.000000   68.179000     1920.000000   68.761000     8.03914E-03  9.66015E-05  27.841900  9.583100
3  860.000000    123.097000    2280.000000   43.553000     2320.000000   45.377000     1.05790E-03  4.21459E-05  8.656720  48.651900
3  860.000000    123.097000    0.000000      105.852000    80.000000     108.382000    1.20178E-02  1.39896E-04  10.054900  8.323200
3  860.000000    123.097000    40.000000     108.172000    120.000000    102.908000    1.09351E-02  1.28457E-04  11.009600  8.576450
3  860.000000    123.097000    160.000000    97.335000     240.000000    92.290000     1.31991E-02  1.49372E-04  16.053200  6.887870
3  860.000000    123.097000    200.000000    92.851000     280.000000    93.398000     1.46171E-02  1.65419E-04  18.276700  6.887860
3  860.000000    123.097000    240.000000    92.290000     320.000000    95.039000     1.80931E-02  1.93734E-04  19.070000  5.990330
3  860.000000    123.097000    280.000000    93.398000     360.000000    95.756000     1.92217E-02  2.05818E-04  19.944700  5.990340
3  860.000000    123.097000    320.000000    95.039000     400.000000    101.442000    1.89833E-02  2.03266E-04  10.817100  5.990390
3  860.000000    123.097000    360.000000    95.756000     440.000000    109.091000    2.08734E-02  2.22212E-04  20.379500  6.038210
3  860.000000    123.097000    400.000000    101.442000    480.000000    117.202000    2.16772E-02  2.30769E-04  29.475700  6.039280
3  860.000000    123.097000    440.000000    109.091000    520.000000    118.621000    2.50861E-02  2.60118E-04  21.146400  5.072280
3  860.000000    123.097000    1200.000000   143.288000    1280.000000   155.645000    4.02013E-02  4.06491E-04  18.056200  3.850070
3  860.000000    123.097000    1240.000000   143.282000    1320.000000   173.060000    3.49036E-02  3.54764E-04  19.367000  4.112060
3  860.000000    123.097000    1280.000000   155.645000    1360.000000   187.371000    2.23519E-02  2.37954E-04  20.781900  6.038190
3  860.000000    123.097000    1320.000000   173.060000    1400.000000   194.951000    1.88009E-02  2.01313E-04  21.796300  5.990330
3  860.000000    123.097000    1360.000000   187.371000    1440.000000   204.976000    1.44022E-02  1.62985E-04  20.938700  6.887870
3  860.000000    123.097000    1400.000000   194.951000    1480.000000   191.689000    9.62325E-03  1.13040E-04  19.459600  8.576430
3  860.000000    123.097000    1440.000000   204.976000    1520.000000   175.987000    9.12345E-03  1.09631E-04  18.006000  9.575450
3  860.000000    123.097000    1480.000000   191.689000    1560.000000   155.051000    1.48438E-02  1.67984E-04  16.893200  6.887870
3  860.000000    123.097000    1800.000000   104.339000    1880.000000   68.179000     1.60140E-02  1.75131E-04  1.985330  6.286820
3  860.000000    123.097000    1840.000000   80.146000     1920.000000   68.761000     1.59860E-02  1.74826E-04  10.716000  6.286830
3  860.000000    123.097000    2200.000000   52.831000     2280.000000   43.553000     4.34153E-03  6.99316E-05  8.762420  18.586900
3  860.000000    123.097000    2240.000000   43.386000     2320.000000   45.377000     3.49310E-03  6.31671E-05  11.348700  22.810200
3  860.000000    123.097000    0.000000      105.852000    160.000000    97.335000     2.47209E-02  2.56338E-04  11.284600  5.072330
3  860.000000    123.097000    40.000000     108.172000    200.000000    92.851000     2.45068E-02  2.54111E-04  12.532300  5.072330
3  860.000000    123.097000    1520.000000   175.987000    1680.000000   114.145000    4.91832E-02  4.95540E-04  14.116900  3.397770
3  860.000000    123.097000    1560.000000   155.051000    1720.000000   106.756000    4.60818E-02  4.65952E-04  13.451200  3.850070
3  860.000000    123.097000    1600.000000   131.871000    1760.000000   101.140000    4.83033E-02  4.86675E-04  12.668800  3.397770
3  860.000000    123.097000    1640.000000   112.857000    1800.000000   104.339000    3.36717E-02  3.42243E-04  12.222400  4.112060
3  860.000000    123.097000    1680.000000   114.145000    1840.000000   80.146000     2.93891E-02  3.01182E-04  10.734900  4.512980
3  860.000000    123.097000    1720.000000   106.756000    1880.000000   68.179000     3.09715E-02  3.17402E-04  5.873560  4.513010
3  860.000000    123.097000    1760.000000   101.140000    1920.000000   68.761000     2.78252E-02  2.85158E-04  10.473000  4.512990
3  860.000000    123.097000    2000.000000   61.720000     2160.000000   69.496000     9.23501E-03  1.10972E-04  12.059200  9.575450
3  860.000000    123.097000    2040.000000   57.680000     2200.000000   52.831000     1.03262E-02  1.21299E-04  9.232030  8.576490
3  860.000000    123.097000    2080.000000   61.209000     2240.000000   43.386000     6.61159E-03  8.31288E-05  7.365510  12.115100
3  860.000000    123.097000    2120.000000   64.714000     2280.000000   43.553000     7.27904E-03  9.16635E-05  7.371770  12.124400
3  860.000000    123.097000    2160.000000   69.496000     2320.000000   45.377000     7.23423E-03  9.09820E-05  5.819110  12.117200
3  900.000000    129.785000    0.000000      105.852000    40.000000     108.172000    6.81765E-03  8.57081E-05  22.561800  12.114100
3  900.000000    129.785000    560.000000    114.524000    600.000000    110.348000    1.90289E-02  2.03754E-04  21.648700  5.990330
3  900.000000    129.785000    600.000000    110.348000    640.000000    121.240000    2.14673E-02  2.28541E-04  3.265690  6.043210
3  900.000000    129.785000    640.000000    121.240000    680.000000    117.505000    2.60177E-02  2.69785E-04  33.283500  5.076810
3  900.000000    129.785000    680.000000    117.505000    720.000000    113.178000    4.75982E-02  4.79571E-04  17.919700  3.397770
3  900.000000    129.785000    720.000000    113.178000    760.000000    100.356000    1.04237E-01  1.04601E-03  13.360700  2.341100
3  900.000000    129.785000    760.000000    100.356000    800.000000    108.602000    1.43596E-01  1.44015E-03  10.269200  1.868910
3  900.000000    129.785000    800.000000    108.602000    840.000000    121.214000    2.56014E-01  2.56654E-03  8.703480  1.879620
3  900.000000    129.785000    960.000000    154.933000    1000.000000   139.164000    2.55884E-01  2.56524E-03  8.681300  1.881030
3  900.000000    129.785000    1040.000000   135.603000    1080.000000   116.772000    4.61585E-02  4.66727E-04  9.638360  3.855810
3  900.000000    129.785000    1080.000000   116.772000    1120.000000   126.923000    4.88018E-02  4.91703E-04  28.559600  3.397900
3  900.000000    129.785000    1120.000000   126.923000    1160.000000   133.280000    4.13830E-02  4.18440E-04  18.955700  3.850120
3  900.000000    129.785000    1160.000000   133.280000    1200.000000   143.288000    2.79935E-02  2.86883E-04  29.092500  4.514840
3  900.000000    129.785000    1200.000000   143.288000    1240.000000   143.282000    2.00308E-02  2.14482E-04  18.701600  5.990340
3  900.000000    129.785000    1880.000000   68.179000     1920.000000   68.761000     8.68691E-03  1.04398E-04  35.602600  9.585440
3  900.000000    129.785000    2280.000000   43.553000     2320.000000   45.377000     1.11850E-03  4.45601E-05  26.711800  48.651900
3  900.000000    129.785000    0.000000      105.852000    80.000000     108.382000    1.13673E-02  1.32323E-04  21.636600  8.322180
3  900.000000    129.785000    40.000000     108.172000    120.000000    102.908000    1.02790E-02  1.20743E-04  19.939200  8.576430
3  900.000000    129.785000    200.000000    92.851000     280.000000    93.398000     1.34348E-02  1.52038E-04  21.237400  6.887870
3  900.000000    129.785000    240.000000    92.290000     320.000000    95.039000     1.65299E-02  1.80774E-04  21.316600  6.286830
3  900.000000    129.785000    280.000000    93.398000     360.000000    95.756000     1.74487E-02  1.90821E-04  21.610700  6.286850
3  900.000000    129.785000    320.000000    95.039000     400.000000    101.442000    1.71108E-02  1.87125E-04  12.026800  6.286870
3  900.000000    129.785000    360.000000    95.756000     440.000000    109.091000    1.85958E-02  1.99116E-04  21.266400  5.990340
3  900.000000    129.785000    400.000000    101.442000    480.000000    117.202000    1.90767E-02  2.04266E-04  30.563700  5.991880
3  900.000000    129.785000    440.000000    109.091000    520.000000    118.621000    2.17946E-02  2.32019E-04  22.188600  6.038220
3  900.000000    129.785000    480.000000    117.202000    560.000000    114.524000    3.02090E-02  3.09585E-04  21.575200  4.512980
3  900.000000    129.785000    1240.000000   143.282000    1320.000000   173.060000    3.97479E-02  4.01907E-04  21.831900  3.850080
3  900.000000    129.785000    1280.000000   155.645000    1360.000000   187.371000    2.52576E-02  2.61896E-04  23.708700  5.072310
3  900.000000    129.785000    1320.000000   173.060000    1400.000000   194.951000    2.11438E-02  2.25091E-04  25.139500  6.038210
3  900.000000    129.785000    1360.000000   187.371000    1440.000000   204.976000    1.61059E-02  1.76136E-04  24.636000  6.286830
3  900.000000    129.785000    1400.000000   194.951000    1480.000000   191.689000    1.06990E-02  1.25677E-04  23.631600  8.576430
3  900.000000    129.785000    1440.000000   204.976000    1520.000000   175.987000    1.01163E-02  1.18833E-04  22.650200  8.576490
3  900.000000    129.785000    1480.000000   191.689000    1560.000000   155.051000    1.64071E-02  1.79430E-04  21.970800  6.286820
3  900.000000    129.785000    1520.000000   175.987000    1600.000000   131.871000    2.02920E-02  2.16023E-04  20.706200  6.038190
3  900.000000    129.785000    1800.000000   104.339000    1880.000000   68.179000     1.73588E-02  1.89839E-04  10.149500  6.286840
3  900.000000    129.785000    1840.000000   80.146000     1920.000000   68.761000     1.72961E-02  1.89152E-04  18.676700  6.286820
3  900.000000    129.785000    2200.000000   52.831000     2280.000000   43.553000     4.57370E-03  7.34157E-05  26.686300  18.564000
3  900.000000    129.785000    2240.000000   43.386000     2320.000000   45.377000     3.68821E-03  5.91936E-05  27.132600  18.562400
3  900.000000    129.785000    0.000000      105.852000    160.000000    97.335000     2.32495E-02  2.47507E-04  20.603800  6.038220
3  900.000000    129.785000    40.000000     108.172000    200.000000    92.851000     2.29182E-02  2.43980E-04  19.612800  6.038200
3  900.000000    129.785000    80.000000     108.382000    240.000000    92.290000     2.41005E-02  2.49898E-04  19.924400  5.072330
3  900.000000    129.785000    1560.000000   155.051000    1720.000000   106.756000    5.04370E-02  5.08173E-04  19.812700  3.397760
3  900.000000    129.785000    1600.000000   131.871000    1760.000000   101.140000    5.27590E-02  5.31568E-04  19.357900  3.397760
3  900.000000    129.785000    1640.000000   112.857000    1800.000000   104.339000    3.66949E-02  3.72971E-04  19.191500  4.112040
3  900.000000    129.785000    1680.000000   114.145000    1840.000000   80.146000     3.19528E-02  3.27459E-04  18.168700  4.512980
3  900.000000    129.785000    1720.000000   106.756000    1880.000000   68.179000     3.36224E-02  3.41741E-04  13.713400  4.112060
3  900.000000    129.785000    1760.000000   101.140000    1920.000000   68.761000     3.01426E-02  3.08904E-04  18.407700  4.513000
3  900.000000    129.785000    2000.000000   61.720000     2160.000000   69.496000     9.88020E-03  1.16059E-04  24.591300  8.576430
3  900.000000    129.785000    2040.000000   57.680000     2200.000000   52.831000     1.10268E-02  1.28360E-04  22.822400  8.322180
3  900.000000    129.785000    2080.000000   61.209000     2240.000000   43.386000     7.01191E-03  8.82561E-05  24.765900  12.118700
3  900.000000    129.785000    2120.000000   64.714000     2280.000000   43.553000     7.68860E-03  9.24016E-05  25.323900  9.576140
3  900.000000    129.785000    2160.000000   69.496000     2320.000000   45.377000     7.63444E-03  9.17385E-05  24.089600  9.575510
3  945.000000    146.199000    0.000000      105.852000    40.000000     108.172000    6.38852E-03  8.03324E-05  20.033000  12.114400
3  945.000000    146.199000    600.000000    110.348000    640.000000    121.240000    1.72803E-02  1.88984E-04  6.925800  6.288730
3  945.000000    146.199000    640.000000    121.240000    680.000000    117.505000    1.98847E-02  2.12919E-04  35.248100  5.994020
3  945.000000    146.199000    680.000000    117.505000    720.000000    113.178000    3.54965E-02  3.60790E-04  20.988200  4.112070
3  945.000000    146.199000    720.000000    113.178000    760.000000    100.356000    7.26239E-02  7.29732E-04  16.699000  2.813490
3  945.000000    146.199000    760.000000    100.356000    800.000000    108.602000    8.86512E-02  8.90058E-04  13.547700  2.592580
3  945.000000    146.199000    800.000000    108.602000    840.000000    121.214000    1.27832E-01  1.28270E-03  13.709200  2.039830
3  945.000000    146.199000    840.000000    121.214000    880.000000    124.368000    2.20015E-01  3.64666E-03  13.395000  17.922800
3  945.000000    146.199000    1040.000000   135.603000    1080.000000   116.772000    9.87783E-02  9.91319E-04  3.609760  2.379020
3  945.000000    146.199000    1080.000000   116.772000    1120.000000   126.923000    7.25825E-02  7.29323E-04  36.156500  2.815570
3  945.000000    146.199000    1120.000000   126.923000    1160.000000   133.280000    5.35281E-02  5.39322E-04  18.069500  3.397960
3  945.000000    146.199000    1160.000000   133.280000    1200.000000   143.288000    3.45222E-02  3.50891E-04  31.528200  4.114450
3  945.000000    146.199000    1200.000000   143.288000    1240.000000   143.282000    2.42828E-02  2.51788E-04  19.371700  5.072300
3  945.000000    146.199000    1240.000000   143.282000    1280.000000   155.645000    3.11724E-02  3.19461E-04  22.142400  4.513040
3  945.000000    146.199000    1880.000000   68.179000     1920.000000   68.761000     9.57645E-03  1.12492E-04  36.684800  8.582630
3  945.000000    146.199000    2080.000000   61.209000     2120.000000   64.714000     2.07158E-03  5.55519E-05  30.225200  29.851100
3  945.000000    146.199000    2280.000000   43.553000     2320.000000   45.377000     1.21009E-03  4.82090E-05  30.813900  48.651900
3  945.000000    146.199000    0.000000      105.852000    80.000000     108.382000    1.06280E-02  1.24859E-04  19.363300  8.576500
3  945.000000    146.199000    40.000000     108.172000    120.000000    102.908000    9.53005E-03  1.11946E-04  18.246600  8.576440
3  945.000000    146.199000    240.000000    92.290000     320.000000    95.039000     1.48213E-02  1.67730E-04  20.908000  6.887890
3  945.000000    146.199000    280.000000    93.398000     360.000000    95.756000     1.55408E-02  1.69956E-04  21.420200  6.286830
3  945.000000    146.199000    320.000000    95.039000     400.000000    101.442000    1.51500E-02  1.65683E-04  12.025000  6.286900
3  945.000000    146.199000    360.000000    95.756000     440.000000    109.091000    1.62310E-02  1.77504E-04  21.576000  6.286830
3  945.000000    146.199000    400.000000    101.442000    480.000000    117.202000    1.63648E-02  1.78967E-04  31.472400  6.287880
3  945.000000    146.199000    440.000000    109.091000    520.000000    118.621000    1.84014E-02  1.97035E-04  23.148900  5.990370
3  945.000000    146.199000    480.000000    117.202000    560.000000    114.524000    2.52214E-02  2.61521E-04  22.757000  5.072310
3  945.000000    146.199000    520.000000    118.621000    600.000000    110.348000    2.99369E-02  3.06796E-04  23.072000  4.512980
3  945.000000    146.199000    1280.000000   155.645000    1360.000000   187.371000    2.96075E-02  3.03421E-04  24.401400  4.513010
3  945.000000    146.199000    1320.000000   173.060000    1400.000000   194.951000    2.45900E-02  2.54974E-04  25.984500  5.072280
3  945.000000    146.199000    1360.000000   187.371000    1440.000000   204.976000    1.86337E-02  1.99522E-04  25.868600  5.990350
3  945.000000    146.199000    1400.000000   194.951000    1480.000000   191.689000    1.23180E-02  1.43390E-04  25.354100  8.322140
3  945.000000    146.199000    1440.000000   204.976000    1520.000000   175.987000    1.15685E-02  1.34665E-04  24.373900  8.322260
3  945.000000    146.199000    1480.000000   191.689000    1560.000000   155.051000    1.86539E-02  1.99738E-04  23.983100  5.990330
3  945.000000    146.199000    1520.000000   175.987000    1600.000000   131.871000    2.29557E-02  2.44379E-04  22.694000  6.038200
3  945.000000    146.199000    1560.000000   155.051000    1640.000000   112.857000    3.37605E-02  3.43145E-04  21.432400  4.112080
3  945.000000    146.199000    1800.000000   104.339000    1880.000000   68.179000     1.92841E-02  2.06486E-04  14.551600  5.990330
3  945.000000    146.199000    1840.000000   80.146000     1920.000000   68.761000     1.91531E-02  2.05086E-04  22.054500  5.990330
3  945.000000    146.199000    2040.000000   57.680000     2120.000000   64.714000     8.65614E-03  1.04016E-04  26.967600  9.575460
3  945.000000    146.199000    2200.000000   52.831000     2280.000000   43.553000     4.92848E-03  6.29692E-05  31.746200  12.640600
3  945.000000    146.199000    2240.000000   43.386000     2320.000000   45.377000     3.98834E-03  6.40105E-05  32.516300  18.562400
3  945.000000    146.199000    0.000000      105.852000    160.000000    97.335000     2.15732E-02  2.29662E-04  18.778200  6.038270
3  945.000000    146.199000    40.000000     108.172000    200.000000    92.851000     2.11172E-02  2.24809E-04  18.225500  6.038200
3  945.000000    146.199000    80.000000     108.382000    240.000000    92.290000     2.20694E-02  2.34944E-04  18.760200  6.038240
3  945.000000    146.199000    120.000000    102.908000    280.000000    93.398000     2.37158E-02  2.45909E-04  19.396600  5.072290
3  945.000000    146.199000    1600.000000   131.871000    1760.000000   101.140000    5.90810E-02  5.94491E-04  21.755200  3.197470
3  945.000000    146.199000    1640.000000   112.857000    1800.000000   104.339000    4.09821E-02  4.14386E-04  21.727500  3.850070
3  945.000000    146.199000    1680.000000   114.145000    1840.000000   80.146000     3.55832E-02  3.61671E-04  21.051200  4.112050
3  945.000000    146.199000    1720.000000   106.756000    1880.000000   68.179000     3.73862E-02  3.79997E-04  17.357700  4.112050
3  945.000000    146.199000    1760.000000   101.140000    1920.000000   68.761000     3.34176E-02  3.39660E-04  21.629900  4.112060
3  945.000000    146.199000    2000.000000   61.720000     2160.000000   69.496000     1.07984E-02  1.26846E-04  28.750900  8.576520
3  945.000000    146.199000    2120.000000   64.714000     2280.000000   43.553000     8.29366E-03  9.96691E-05  29.175200  9.575790
3  945.000000    146.199000    2160.000000   69.496000     2320.000000   45.377000     8.23172E-03  9.89156E-05  28.072700  9.575500
3  973.000000    156.389000    0.000000      105.852000    40.000000     108.172000    6.19750E-03  7.91600E-05  12.770600  12.638600
3  973.000000    156.389000    640.000000    121.240000    680.000000    117.505000    1.73811E-02  1.86113E-04  36.866100  5.995660
3  973.000000    156.389000    680.000000    117.505000    720.000000    113.178000    3.05546E-02  3.13127E-04  22.723600  4.513000
3  973.000000    156.389000    720.000000    113.178000    760.000000    100.356000    6.08044E-02  6.11832E-04  18.571400  3.197550
3  973.000000    156.389000    760.000000    100.356000    800.000000    108.602000    7.09446E-02  7.12858E-04  15.673500  2.813450
3  973.000000    156.389000    800.000000    108.602000    840.000000    121.214000    9.31546E-02  9.35272E-04  15.962400  2.592510
3  973.000000    156.389000    840.000000    121.214000    880.000000    124.368000    1.38562E-01  1.38967E-03  11.793200  1.868460
3  973.000000    156.389000    1040.000000   135.603000    1080.000000   116.772000    1.65568E-01  1.66068E-03  4.552860  1.910080
3  973.000000    156.389000    1080.000000   116.772000    1120.000000   126.923000    9.16851E-02  9.20518E-04  35.788600  2.594810
3  973.000000    156.389000    1120.000000   126.923000    1160.000000   133.280000    6.25508E-02  6.29411E-04  18.616900  3.197670
3  973.000000    156.389000    1160.000000   133.280000    1200.000000   143.288000    3.90513E-02  3.94863E-04  31.767800  3.853390
3  973.000000    156.389000    1200.000000   143.288000    1240.000000   143.282000    2.68515E-02  2.78423E-04  19.834100  5.072340
3  973.000000    156.389000    1240.000000   143.282000    1280.000000   155.645000    3.39147E-02  3.44712E-04  22.372300  4.112150
3  973.000000    156.389000    1280.000000   155.645000    1320.000000   173.060000    1.74707E-02  1.87069E-04  23.199900  5.990380
3  973.000000    156.389000    1880.000000   68.179000     1920.000000   68.761000     1.00383E-02  1.17917E-04  35.291100  8.580480
3  973.000000    156.389000    2280.000000   43.553000     2320.000000   45.377000     1.25710E-03  5.00819E-05  26.559400  48.651900
3  973.000000    156.389000    0.000000      105.852000    80.000000     108.382000    1.02970E-02  1.20959E-04  12.618400  8.576440
3  973.000000    156.389000    40.000000     108.172000    120.000000    102.908000    9.18627E-03  1.10386E-04  12.958200  9.575460
3  973.000000    156.389000    280.000000    93.398000     360.000000    95.756000     1.46709E-02  1.66026E-04  20.442600  6.887880
3  973.000000    156.389000    320.000000    95.039000     400.000000    101.442000    1.42760E-02  1.61559E-04  11.290500  6.887910
3  973.000000    156.389000    360.000000    95.756000     440.000000    109.091000    1.51730E-02  1.65933E-04  21.287000  6.286830
3  973.000000    156.389000    400.000000    101.442000    480.000000    117.202000    1.51313E-02  1.65479E-04  31.721100  6.289100
3  973.000000    156.389000    440.000000    109.091000    520.000000    118.621000    1.68602E-02  1.84385E-04  23.495000  6.286830
3  973.000000    156.389000    480.000000    117.202000    560.000000    114.524000    2.29919E-02  2.44765E-04  23.293000  6.038200
3  973.000000    156.389000    520.000000    118.621000    600.000000    110.348000    2.70918E-02  2.77639E-04  23.768200  4.512990
3  973.000000    156.389000    560.000000    114.524000    640.000000    121.240000    2.94663E-02  3.01977E-04  15.738000  4.513010
3  973.000000    156.389000    1320.000000   173.060000    1400.000000   194.951000    2.64633E-02  2.74398E-04  26.142400  5.072320
3  973.000000    156.389000    1360.000000   187.371000    1440.000000   204.976000    2.00429E-02  2.13371E-04  26.127800  6.038200
3  973.000000    156.389000    1400.000000   194.951000    1480.000000   191.689000    1.32521E-02  1.49971E-04  25.725000  6.887870
3  973.000000    156.389000    1440.000000   204.976000    1520.000000   175.987000    1.23650E-02  1.43937E-04  24.693600  8.322150
3  973.000000    156.389000    1480.000000   191.689000    1560.000000   155.051000    1.98587E-02  2.12639E-04  24.192400  5.990360
3  973.000000    156.389000    1520.000000   175.987000    1600.000000   131.871000    2.43695E-02  2.52687E-04  23.055800  5.072340
3  973.000000    156.389000    1560.000000   155.051000    1640.000000   112.857000    3.57414E-02  3.63279E-04  21.881300  4.112110
3  973.000000    156.389000    1600.000000   131.871000    1680.000000   114.145000    3.99557E-02  4.04008E-04  22.750300  3.850110
3  973.000000    156.389000    1800.000000   104.339000    1880.000000   68.179000     2.03118E-02  2.16233E-04  15.775700  6.038200
3  973.000000    156.389000    1840.000000   80.146000     1920.000000   68.761000     2.01438E-02  2.14445E-04  22.419800  6.038200
3  973.000000    156.389000    2200.000000   52.831000     2280.000000   43.553000     5.10478E-03  6.54070E-05  26.014100  12.655800
3  973.000000    156.389000    2240.000000   43.386000     2320.000000   45.377000     4.14139E-03  6.64668E-05  27.642100  18.562400
3  973.000000    156.389000    0.000000      105.852000    160.000000    97.335000     2.08068E-02  2.21503E-04  13.284300  6.038200
3  973.000000    156.389000    40.000000     108.172000    200.000000    92.851000     2.02864E-02  2.17219E-04  13.968500  5.990360
3  973.000000    156.389000    80.000000     108.382000    240.000000    92.290000     2.11288E-02  2.24933E-04  15.321700  6.038200
3  973.000000    156.389000    120.000000    102.908000    280.000000    93.398000     2.26259E-02  2.40869E-04  16.748500  6.038190
3  973.000000    156.389000    160.000000    97.335000     320.000000    95.039000     2.46542E-02  2.55639E-04  18.299500  5.072300
3  973.000000    156.389000    1640.000000   112.857000    1800.000000   104.339000    4.32838E-02  4.37660E-04  22.311200  3.850080
3  973.000000    156.389000    1680.000000   114.145000    1840.000000   80.146000     3.75078E-02  3.81233E-04  21.409600  4.112050
3  973.000000    156.389000    1720.000000   106.756000    1880.000000   68.179000     3.93769E-02  3.98156E-04  18.156000  3.850070
3  973.000000    156.389000    1760.000000   101.140000    1920.000000   68.761000     3.51519E-02  3.57287E-04  21.969600  4.112050
3  973.000000    156.389000    2000.000000   61.720000     2160.000000   69.496000     1.12691E-02  1.31180E-04  28.148000  8.322160
3  973.000000    156.389000    2040.000000   57.680000     2200.000000   52.831000     1.25383E-02  1.45956E-04  25.870100  8.322180
3  973.000000    156.389000    2080.000000   61.209000     2240.000000   43.386000     7.87968E-03  9.46917E-05  25.548000  9.575830
3  973.000000    156.389000    2120.000000   64.714000     2280.000000   43.553000     8.59740E-03  1.03368E-04  25.292400  9.578340
3  973.000000    156.389000    2160.000000   69.496000     2320.000000   45.377000     8.53091E-03  1.02519E-04  23.653100  9.575800
3  1020.000000   128.241000    0.000000      105.852000    40.000000     108.172000    5.92924E-03  7.45448E-05  29.939000  12.114200
3  1020.000000   128.241000    200.000000    92.851000     240.000000    92.290000     4.65667E-03  7.47391E-05  23.385500  18.562400
3  1020.000000   128.241000    680.000000    117.505000    720.000000    113.178000    2.53227E-02  3.49476E-04  26.006100  5.072290
3  1020.000000   128.241000    720.000000    113.178000    760.000000    100.356000    4.84545E-02  4.96227E-04  22.162200  3.397820
3  1020.000000   128.241000    760.000000    100.356000    800.000000    108.602000    4.74750E-02  4.79426E-04  19.560300  3.397800
3  1020.000000   128.241000    800.000000    108.602000    840.000000    121.214000    5.10866E-02  5.15581E-04  19.238100  3.397790
3  1020.000000   128.241000    840.000000    121.214000    880.000000    124.368000    6.30860E-02  6.35604E-04  17.682400  3.197490
3  1020.000000   128.241000    880.000000    124.368000    920.000000    140.952000    1.02771E-01  1.03220E-03  15.972000  2.340680
3  1020.000000   128.241000    920.000000    140.952000    960.000000    154.933000    1.93611E-01  1.94202E-03  14.472800  1.815720
3  1020.000000   128.241000    1120.000000   126.923000    1160.000000   133.280000    9.25433E-02  9.29135E-04  21.530800  3.289670
3  1020.000000   128.241000    1160.000000   133.280000    1200.000000   143.288000    5.20602E-02  5.24527E-04  27.486400  3.540950
3  1020.000000   128.241000    1200.000000   143.288000    1240.000000   143.282000    3.39787E-02  3.45363E-04  19.761300  4.112060
3  1020.000000   128.241000    1240.000000   143.282000    1280.000000   155.645000    4.15500E-02  4.20129E-04  22.492900  3.850080
3  1020.000000   128.241000    1280.000000   155.645000    1320.000000   173.060000    2.11882E-02  2.25563E-04  23.363000  6.038200
3  1020.000000   128.241000    1320.000000   173.060000    1360.000000   187.371000    1.75329E-02  1.87735E-04  26.730700  5.990340
3  1020.000000   128.241000    1880.000000   68.179000     1920.000000   68.761000     1.09789E-02  1.27802E-04  39.840700  8.327150
3  1020.000000   128.241000    2280.000000   43.553000     2320.000000   45.377000     1.35249E-03  3.62686E-05  41.732800  29.851100
3  1020.000000   128.241000    0.000000      105.852000    80.000000     108.382000    9.84345E-03  2.47768E-04  28.403600  8.576440
3  1020.000000   128.241000    40.000000     108.172000    120.000000    102.908000    8.77171E-03  1.05423E-04  24.920900  9.575460
3  1020.000000   128.241000    200.000000    92.851000     280.000000    93.398000     1.08343E-02  1.27279E-04  23.025500  8.576470
3  1020.000000   128.241000    320.000000    95.039000     400.000000    101.442000    1.31111E-02  1.48697E-04  13.726900  6.887910
3  1020.000000   128.241000    360.000000    95.756000     440.000000    109.091000    1.38642E-02  1.85504E-04  23.283600  6.887880
3  1020.000000   128.241000    400.000000    101.442000    480.000000    117.202000    1.38419E-02  1.64374E-04  33.568700  6.889350
3  1020.000000   128.241000    440.000000    109.091000    520.000000    118.621000    1.53461E-02  1.67960E-04  25.328000  6.286830
3  1020.000000   128.241000    480.000000    117.202000    560.000000    114.524000    2.07111E-02  2.20515E-04  25.146100  6.572790
3  1020.000000   128.241000    520.000000    118.621000    600.000000    110.348000    2.41631E-02  2.50547E-04  25.690200  5.591320
3  1020.000000   128.241000    560.000000    114.524000    640.000000    121.240000    2.56431E-02  2.65893E-04  17.880600  5.527910
3  1020.000000   128.241000    600.000000    110.348000    680.000000    117.505000    2.82457E-02  2.89470E-04  25.997000  4.512990
3  1020.000000   128.241000    1360.000000   187.371000    1440.000000   204.976000    2.33636E-02  2.42257E-04  27.321600  5.072320
3  1020.000000   128.241000    1400.000000   194.951000    1480.000000   191.689000    1.49621E-02  1.63627E-04  27.307200  6.286830
3  1020.000000   128.241000    1440.000000   204.976000    1520.000000   175.987000    1.41344E-02  1.59956E-04  26.351200  6.887910
3  1020.000000   128.241000    1480.000000   191.689000    1560.000000   155.051000    2.27370E-02  2.42051E-04  25.662600  6.038190
3  1020.000000   128.241000    1520.000000   175.987000    1600.000000   131.871000    2.77473E-02  2.84357E-04  24.853200  4.513000
3  1020.000000   128.241000    1560.000000   155.051000    1640.000000   112.857000    4.01391E-02  4.05862E-04  23.991800  3.850090
3  1020.000000   128.241000    1600.000000   131.871000    1680.000000   114.145000    4.46450E-02  4.51423E-04  24.894800  3.850090
3  1020.000000   128.241000    1640.000000   112.857000    1720.000000   106.756000    2.68800E-02  2.78719E-04  25.915800  5.072290
3  1020.000000   128.241000    1800.000000   104.339000    1880.000000   68.179000     2.24408E-02  2.38898E-04  18.205200  6.038200
3  1020.000000   128.241000    1840.000000   80.146000     1920.000000   68.761000     2.20790E-02  2.35049E-04  25.521300  6.038200
3  1020.000000   128.241000    2200.000000   52.831000     2280.000000   43.553000     5.51411E-03  7.04290E-05  43.766200  12.639700
3  1020.000000   128.241000    2240.000000   43.386000     2320.000000   45.377000     4.46423E-03  7.16482E-05  44.400400  18.562400
3  1020.000000   128.241000    0.000000      105.852000    160.000000    97.335000     1.98631E-02  7.29411E-04  25.898700  6.038250
3  1020.000000   128.241000    40.000000     108.172000    200.000000    92.851000     1.93073E-02  2.06741E-04  23.545500  5.990350
3  1020.000000   128.241000    160.000000    97.335000     320.000000    95.039000     2.31550E-02  2.46529E-04  22.910800  6.038190
3  1020.000000   128.241000    200.000000    92.851000     360.000000    95.756000     2.44606E-02  2.53664E-04  23.255600  5.072310
3  1020.000000   128.241000    1680.000000   114.145000    1840.000000   80.146000     4.16201E-02  4.20837E-04  24.089800  3.850070
3  1020.000000   128.241000    1720.000000   106.756000    1880.000000   68.179000     4.36918E-02  4.41785E-04  20.683500  3.850080
3  1020.000000   128.241000    1760.000000   101.140000    1920.000000   68.761000     3.87321E-02  3.91636E-04  24.989800  3.850080
3  1020.000000   128.241000    2000.000000   61.720000     2160.000000   69.496000     1.22418E-02  1.45963E-04  34.627300  8.322180
3  1020.000000   128.241000    2040.000000   57.680000     2200.000000   52.831000     1.35906E-02  1.75067E-04  32.212000  6.887940
3  1020.000000   128.241000    2080.000000   61.209000     2240.000000   43.386000     8.51054E-03  1.09876E-04  35.392600  9.575860
3  1020.000000   128.241000    2120.000000   64.714000     2280.000000   43.553000     9.27858E-03  1.08994E-04  38.667100  8.576780
3  1020.000000   128.241000    2160.000000   69.496000     2320.000000   45.377000     9.20380E-03  1.08114E-04  38.192300  8.576740
3  1060.000000   126.139000    0.000000      105.852000    40.000000     108.172000    5.70490E-03  7.29777E-05  19.698800  12.644200
3  1060.000000   126.139000    720.000000    113.178000    760.000000    100.356000    4.24541E-02  4.29270E-04  23.479100  3.850220
3  1060.000000   126.139000    760.000000    100.356000    800.000000    108.602000    4.01926E-02  4.06403E-04  21.008600  3.850170
3  1060.000000   126.139000    800.000000    108.602000    840.000000    121.214000    4.06226E-02  4.10751E-04  20.936900  3.850120
3  1060.000000   126.139000    840.000000    121.214000    880.000000    124.368000    4.64091E-02  4.67590E-04  20.276900  3.397850
3  1060.000000   126.139000    880.000000    124.368000    920.000000    140.952000    6.26876E-02  6.30781E-04  20.265200  3.197500
3  1060.000000   126.139000    920.000000    140.952000    960.000000    154.933000    9.11346E-02  9.14991E-04  21.357200  2.592610
3  1060.000000   126.139000    1200.000000   143.288000    1240.000000   143.282000    4.00751E-02  1.11333E-03  20.989900  3.850070
3  1060.000000   126.139000    1280.000000   155.645000    1320.000000   173.060000    2.34782E-02  2.43445E-04  24.296400  5.072300
3  1060.000000   126.139000    1320.000000   173.060000    1360.000000   187.371000    1.91873E-02  2.05450E-04  27.831800  5.990370
3  1060.000000   126.139000    1360.000000   187.371000    1400.000000   194.951000    1.54142E-02  1.68571E-04  28.245300  6.286850
3  1060.000000   126.139000    1880.000000   68.179000     1920.000000   68.761000     1.14862E-02  1.33707E-04  43.149300  8.328830
3  1060.000000   126.139000    2280.000000   43.553000     2320.000000   45.377000     1.39630E-03  3.74435E-05  34.252900  29.851100
3  1060.000000   126.139000    0.000000      105.852000    80.000000     108.382000    9.46250E-03  1.11197E-04  20.522100  8.577950
3  1060.000000   126.139000    40.000000     108.172000    120.000000    102.908000    8.40302E-03  1.00974E-04  22.959100  9.575450
3  1060.000000   126.139000    360.000000    95.756000     440.000000    109.091000    1.29845E-02  1.46944E-04  23.708300  6.888240
3  1060.000000   126.139000    400.000000    101.442000    480.000000    117.202000    1.28580E-02  1.45514E-04  34.233800  6.888200
3  1060.000000   126.139000    440.000000    109.091000    520.000000    118.621000    1.41588E-02  1.60232E-04  25.835400  6.887940
3  1060.000000   126.139000    480.000000    117.202000    560.000000    114.524000    1.90477E-02  2.03955E-04  25.562400  5.990450
3  1060.000000   126.139000    520.000000    118.621000    600.000000    110.348000    2.21120E-02  2.35400E-04  26.143300  6.038300
3  1060.000000   126.139000    560.000000    114.524000    640.000000    121.240000    2.33714E-02  2.42338E-04  18.959900  5.072350
3  1060.000000   126.139000    600.000000    110.348000    680.000000    117.505000    2.54636E-02  2.64032E-04  26.591800  5.072310
3  1060.000000   126.139000    640.000000    121.240000    720.000000    113.178000    3.60081E-02  3.65990E-04  31.839400  4.112630
3  1060.000000   126.139000    1400.000000   194.951000    1480.000000   191.689000    1.61270E-02  1.76366E-04  28.756800  6.286820
3  1060.000000   126.139000    1440.000000   204.976000    1520.000000   175.987000    1.51271E-02  1.65431E-04  27.872900  6.286820
3  1060.000000   126.139000    1480.000000   191.689000    1560.000000   155.051000    2.42112E-02  2.51046E-04  27.331200  5.072290
3  1060.000000   126.139000    1520.000000   175.987000    1600.000000   131.871000    2.94304E-02  3.01609E-04  26.674300  4.513040
3  1060.000000   126.139000    1560.000000   155.051000    1640.000000   112.857000    4.26709E-02  4.31463E-04  26.001600  3.850100
3  1060.000000   126.139000    1600.000000   131.871000    1680.000000   114.145000    4.73424E-02  4.76998E-04  26.947000  3.397810
3  1060.000000   126.139000    1640.000000   112.857000    1720.000000   106.756000    2.82942E-02  2.89965E-04  27.947900  4.513000
3  1060.000000   126.139000    1680.000000   114.145000    1760.000000   101.140000    2.62084E-02  2.71755E-04  26.107500  5.072310
3  1060.000000   126.139000    1800.000000   104.339000    1880.000000   68.179000     2.34412E-02  2.43062E-04  19.794200  5.072290
3  1060.000000   126.139000    1840.000000   80.146000     1920.000000   68.761000     2.30634E-02  2.45528E-04  27.605700  6.038240
3  1060.000000   126.139000    2200.000000   52.831000     2280.000000   43.553000     5.68236E-03  7.58652E-05  32.097900  12.879800
3  1060.000000   126.139000    2240.000000   43.386000     2320.000000   45.377000     4.60889E-03  7.39699E-05  32.024800  18.562400
3  1060.000000   126.139000    0.000000      105.852000    160.000000    97.335000     1.90357E-02  2.03830E-04  22.668100  5.990450
3  1060.000000   126.139000    40.000000     108.172000    200.000000    92.851000     1.84514E-02  1.97793E-04  24.191600  6.001220
3  1060.000000   126.139000    80.000000     108.382000    240.000000    92.290000     1.91160E-02  2.05011E-04  24.957400  6.006590
3  1060.000000   126.139000    120.000000    102.908000    280.000000    93.398000     2.03244E-02  2.16754E-04  25.072700  6.054280
3  1060.000000   126.139000    160.000000    97.335000     320.000000    95.039000     2.19575E-02  2.33858E-04  24.886900  6.040680
3  1060.000000   126.139000    200.000000    92.851000     360.000000    95.756000     2.31327E-02  2.46264E-04  24.733000  6.038210
3  1060.000000   126.139000    240.000000    92.290000     400.000000    101.442000    2.47651E-02  2.56789E-04  19.549900  5.072600
3  1060.000000   126.139000    1720.000000   106.756000    1880.000000   68.179000     4.57160E-02  4.62253E-04  22.589800  3.850070
3  1060.000000   126.139000    1760.000000   101.140000    1920.000000   68.761000     4.04914E-02  4.09425E-04  27.150300  3.850080
3  1060.000000   126.139000    2000.000000   61.720000     2160.000000   69.496000     1.26972E-02  1.47804E-04  36.422400  8.322190
3  1060.000000   126.139000    2040.000000   57.680000     2200.000000   52.831000     1.40792E-02  1.59334E-04  33.985500  6.888060
3  1060.000000   126.139000    2080.000000   61.209000     2240.000000   43.386000     8.78235E-03  1.05759E-04  34.334200  9.579030
3  1060.000000   126.139000    2120.000000   64.714000     2280.000000   43.553000     9.56289E-03  1.12768E-04  32.436400  8.597620
3  1060.000000   126.139000    2160.000000   69.496000     2320.000000   45.377000     9.48506E-03  1.11418E-04  30.572700  8.576460
3  1100.000000   120.312000    0.000000      105.852000    40.000000     108.172000    5.42423E-03  6.96797E-05  32.488700  12.669400
3  1100.000000   120.312000    760.000000    100.356000    800.000000    108.602000    3.43843E-02  8.98665E-04  -6.090390  22.708000
3  1100.000000   120.312000    800.000000    108.602000    840.000000    121.214000    3.30396E-02  6.80424E-04  8.103010  14.405900
3  1100.000000   120.312000    840.000000    121.214000    880.000000    124.368000    3.67826E-02  8.74208E-04  7.343290  18.369800
3  1100.000000   120.312000    880.000000    124.368000    920.000000    140.952000    4.49274E-02  1.12548E-03  7.632520  18.568600
3  1100.000000   120.312000    920.000000    140.952000    960.000000    154.933000    5.58373E-02  1.12019E-03  10.796300  17.585300
3  1100.000000   120.312000    1160.000000   133.280000    1200.000000   143.288000    2.06594E-01  2.07133E-03  21.582200  1.881000
3  1100.000000   120.312000    1200.000000   143.288000    1240.000000   143.282000    7.84679E-02  7.88493E-04  21.794700  2.813880
3  1100.000000   120.312000    1240.000000   143.282000    1280.000000   155.645000    7.84730E-02  7.88544E-04  21.772000  2.813740
3  1100.000000   120.312000    1280.000000   155.645000    1320.000000   173.060000    3.44875E-02  3.50545E-04  21.686000  4.112160
3  1100.000000   120.312000    1320.000000   173.060000    1360.000000   187.371000    2.65378E-02  2.75170E-04  25.734900  5.072340
3  1100.000000   120.312000    1360.000000   187.371000    1400.000000   194.951000    2.05160E-02  2.18407E-04  25.667700  6.038190
3  1100.000000   120.312000    1400.000000   194.951000    1440.000000   204.976000    1.30291E-02  1.47448E-04  25.761700  6.887860
3  1100.000000   120.312000    1880.000000   68.179000     1920.000000   68.761000     1.30386E-02  1.47555E-04  38.717400  6.889170
3  1100.000000   120.312000    2280.000000   43.553000     2320.000000   45.377000     1.51888E-03  4.07306E-05  27.627900  29.851100
3  1100.000000   120.312000    0.000000      105.852000    80.000000     108.382000    8.98435E-03  1.07961E-04  30.276300  9.575730
3  1100.000000   120.312000    40.000000     108.172000    120.000000    102.908000    7.93778E-03  9.54439E-05  26.216100  9.578650
3  1100.000000   120.312000    400.000000    101.442000    480.000000    117.202000    1.16763E-02  1.35924E-04  36.654500  8.324050
3  1100.000000   120.312000    440.000000    109.091000    520.000000    118.621000    1.27595E-02  1.48532E-04  27.122300  8.350620
3  1100.000000   120.312000    480.000000    117.202000    560.000000    114.524000    1.70919E-02  1.86931E-04  26.475900  6.288340
3  1100.000000   120.312000    520.000000    118.621000    600.000000    110.348000    1.97395E-02  2.11388E-04  27.124500  5.992470
3  1100.000000   120.312000    560.000000    114.524000    640.000000    121.240000    2.06884E-02  2.20286E-04  18.882500  6.039400
3  1100.000000   120.312000    600.000000    110.348000    680.000000    117.505000    2.24222E-02  2.38767E-04  27.642400  6.040180
3  1100.000000   120.312000    640.000000    121.240000    720.000000    113.178000    3.13921E-02  3.21866E-04  33.576700  4.517740
3  1100.000000   120.312000    680.000000    117.505000    760.000000    100.356000    5.55947E-02  5.63274E-04  25.179000  3.230890
3  1100.000000   120.312000    1440.000000   204.976000    1520.000000   175.987000    1.90413E-02  2.03887E-04  24.669600  5.990360
3  1100.000000   120.312000    1480.000000   191.689000    1560.000000   155.051000    2.98084E-02  3.05482E-04  23.885300  4.513000
3  1100.000000   120.312000    1520.000000   175.987000    1600.000000   131.871000    3.56085E-02  3.61928E-04  22.997300  4.112070
3  1100.000000   120.312000    1560.000000   155.051000    1640.000000   112.857000    5.07728E-02  1.21841E-03  -3.870130  16.599900
3  1100.000000   120.312000    1600.000000   131.871000    1680.000000   114.145000    5.58848E-02  1.13932E-03  -1.418810  14.273000
3  1100.000000   120.312000    1640.000000   112.857000    1720.000000   106.756000    3.31525E-02  3.36972E-04  22.531100  4.125930
3  1100.000000   120.312000    1680.000000   114.145000    1760.000000   101.140000    3.03786E-02  3.11329E-04  21.372200  4.513360
3  1100.000000   120.312000    1720.000000   106.756000    1800.000000   104.339000    2.56561E-02  2.66036E-04  20.541200  5.072840
3  1100.000000   120.312000    1800.000000   104.339000    1880.000000   68.179000     2.67621E-02  2.77499E-04  14.155400  5.072280
3  1100.000000   120.312000    1840.000000   80.146000     1920.000000   68.761000     2.62308E-02  2.71995E-04  22.386600  5.074210
3  1100.000000   120.312000    2200.000000   52.831000     2280.000000   43.553000     6.13399E-03  7.83820E-05  27.628000  12.639700
3  1100.000000   120.312000    2240.000000   43.386000     2320.000000   45.377000     5.00034E-03  6.38698E-05  29.035800  12.638700
3  1100.000000   120.312000    0.000000      105.852000    160.000000    97.335000     1.79935E-02  1.93065E-04  27.822200  6.001480
3  1100.000000   120.312000    40.000000     108.172000    200.000000    92.851000     1.73677E-02  1.89996E-04  25.400900  6.289860
3  1100.000000   120.312000    80.000000     108.382000    240.000000    92.290000     1.79305E-02  1.92018E-04  25.305200  5.991980
3  1100.000000   120.312000    120.000000    102.908000    280.000000    93.398000     1.89942E-02  2.03401E-04  25.333100  5.991540
3  1100.000000   120.312000    160.000000    97.335000     320.000000    95.039000     2.04354E-02  2.17559E-04  25.725000  6.039970
3  1100.000000   120.312000    200.000000    92.851000     360.000000    95.756000     2.14491E-02  2.28351E-04  26.210500  6.041560
3  1100.000000   120.312000    240.000000    92.290000     400.000000    101.442000    2.29005E-02  2.43801E-04  21.186500  6.041170
3  1100.000000   120.312000    280.000000    93.398000     440.000000    109.091000    2.37765E-02  2.46543E-04  26.149400  5.074750
3  1100.000000   120.312000    1760.000000   101.140000    1920.000000   68.761000     4.61946E-02  4.65438E-04  21.920400  3.398660
3  1100.000000   120.312000    2000.000000   61.720000     2160.000000   69.496000     1.41025E-02  1.59608E-04  28.870000  6.887950
3  1100.000000   120.312000    2040.000000   57.680000     2200.000000   52.831000     1.55870E-02  1.70495E-04  26.230200  6.287640
3  1100.000000   120.312000    2080.000000   61.209000     2240.000000   43.386000     9.59688E-03  1.12791E-04  26.259600  8.576460
3  1100.000000   120.312000    2120.000000   64.714000     2280.000000   43.553000     1.03702E-02  1.21839E-04  26.297100  8.578150
3  1100.000000   120.312000    2160.000000   69.496000     2320.000000   45.377000     1.02717E-02  1.20663E-04  24.482000  8.577150
3  1140.000000   125.850000    0.000000      105.852000    40.000000     108.172000    5.20854E-03  6.65261E-05  15.791200  12.638600
3  1140.000000   125.850000    800.000000    108.602000    840.000000    121.214000    2.91668E-02  2.98907E-04  20.822200  4.512990
3  1140.000000   125.850000    840.000000    121.214000    880.000000    124.368000    3.17301E-02  3.25173E-04  20.587800  4.512980
3  1140.000000   125.850000    880.000000    124.368000    920.000000    140.952000    3.76190E-02  3.82363E-04  20.256600  4.112040
3  1140.000000   125.850000    920.000000    140.952000    960.000000    154.933000    4.42181E-02  4.47107E-04  22.219500  3.850120
3  1140.000000   125.850000    960.000000    154.933000    1000.000000   139.164000    3.28719E-02  3.34113E-04  21.415100  4.112190
3  1140.000000   125.850000    1000.000000   139.164000    1040.000000   135.603000    8.31697E-02  8.35024E-04  25.946600  2.593000
3  1140.000000   125.850000    1040.000000   135.603000    1080.000000   116.772000    1.26435E-01  1.26869E-03  34.248000  2.040260
3  1140.000000   125.850000    1240.000000   143.282000    1280.000000   155.645000    1.24507E-01  1.24999E-03  21.202300  2.050350
3  1140.000000   125.850000    1280.000000   155.645000    1320.000000   173.060000    4.76335E-02  4.80122E-04  20.103000  3.403420
3  1140.000000   125.850000    1320.000000   173.060000    1360.000000   187.371000    3.45963E-02  3.51855E-04  25.264000  4.118760
3  1140.000000   125.850000    1360.000000   187.371000    1400.000000   194.951000    2.60263E-02  2.70278E-04  25.088800  5.082160
3  1140.000000   125.850000    1400.000000   194.951000    1440.000000   204.976000    1.63522E-02  1.79519E-04  24.982100  6.301070
3  1140.000000   125.850000    1440.000000   204.976000    1480.000000   191.689000    9.67477E-03  1.14326E-04  25.616900  8.583880
3  1140.000000   125.850000    1880.000000   68.179000     1920.000000   68.761000     1.44045E-02  1.63111E-04  41.781100  6.892450
3  1140.000000   125.850000    2280.000000   43.553000     2320.000000   45.377000     1.62799E-03  4.36565E-05  32.934000  29.851100
3  1140.000000   125.850000    0.000000      105.852000    80.000000     108.382000    8.61994E-03  1.03581E-04  14.575000  9.575480
3  1140.000000   125.850000    40.000000     108.172000    120.000000    102.908000    7.85002E-03  9.49915E-05  -3.511160  20.634600
3  1140.000000   125.850000    440.000000    109.091000    520.000000    118.621000    1.18807E-02  1.38300E-04  24.163900  8.322180
3  1140.000000   125.850000    480.000000    117.202000    560.000000    114.524000    1.58780E-02  1.73645E-04  24.446500  6.286820
3  1140.000000   125.850000    520.000000    118.621000    600.000000    110.348000    1.82847E-02  1.95785E-04  25.352700  5.990360
3  1140.000000   125.850000    560.000000    114.524000    640.000000    121.240000    1.91541E-02  2.05094E-04  18.045800  5.990330
3  1140.000000   125.850000    600.000000    110.348000    680.000000    117.505000    2.06171E-02  2.19486E-04  26.718500  6.038230
3  1140.000000   125.850000    640.000000    121.240000    720.000000    113.178000    2.86498E-02  2.93606E-04  32.741600  4.513570
3  1140.000000   125.850000    680.000000    117.505000    760.000000    100.356000    5.04995E-02  5.08803E-04  25.285600  3.397780
3  1140.000000   125.850000    720.000000    113.178000    800.000000    108.602000    6.26219E-02  6.30120E-04  22.860000  3.197470
3  1140.000000   125.850000    1480.000000   191.689000    1560.000000   155.051000    3.52987E-02  3.61169E-04  24.712300  4.464630
3  1140.000000   125.850000    1520.000000   175.987000    1600.000000   131.871000    4.15285E-02  4.20896E-04  23.839900  3.902520
3  1140.000000   125.850000    1560.000000   155.051000    1640.000000   112.857000    5.78495E-02  5.85015E-04  23.931400  3.500930
3  1140.000000   125.850000    1600.000000   131.871000    1680.000000   114.145000    6.33288E-02  6.49772E-04  25.542200  3.891610
3  1140.000000   125.850000    1640.000000   112.857000    1720.000000   106.756000    3.73706E-02  4.14145E-04  29.018000  5.555410
3  1140.000000   125.850000    1680.000000   114.145000    1760.000000   101.140000    3.38683E-02  3.59078E-04  25.892700  4.854340
3  1140.000000   125.850000    1720.000000   106.756000    1800.000000   104.339000    2.86763E-02  2.94044E-04  21.956200  4.515430
3  1140.000000   125.850000    1760.000000   101.140000    1840.000000   80.146000     2.22118E-02  2.36653E-04  22.799100  6.040420
3  1140.000000   125.850000    1800.000000   104.339000    1880.000000   68.179000     2.96823E-02  3.04600E-04  15.285600  4.518940
3  1140.000000   125.850000    1840.000000   80.146000     1920.000000   68.761000     2.90128E-02  2.97523E-04  24.248600  4.513220
3  1140.000000   125.850000    2200.000000   52.831000     2280.000000   43.553000     6.54532E-03  8.22878E-05  32.466300  12.114600
3  1140.000000   125.850000    2240.000000   43.386000     2320.000000   45.377000     5.35699E-03  6.84227E-05  33.939300  12.638600
3  1140.000000   125.850000    0.000000      105.852000    160.000000    97.335000     1.72343E-02  1.89377E-04  7.901010  8.337010
3  1140.000000   125.850000    40.000000     108.172000    200.000000    92.851000     1.65929E-02  1.81886E-04  6.750000  8.367820
3  1140.000000   125.850000    80.000000     108.382000    240.000000    92.290000     1.70939E-02  1.87019E-04  7.736910  8.091490
3  1140.000000   125.850000    120.000000    102.908000    280.000000    93.398000     1.78108E-02  1.92084E-04  16.212000  7.744380
3  1140.000000   125.850000    160.000000    97.335000     320.000000    95.039000     1.93718E-02  2.07425E-04  16.236100  5.990350
3  1140.000000   125.850000    200.000000    92.851000     360.000000    95.756000     2.02861E-02  2.15960E-04  17.893000  6.038190
3  1140.000000   125.850000    240.000000    92.290000     400.000000    101.442000    2.16213E-02  2.30174E-04  13.828500  6.038210
3  1140.000000   125.850000    280.000000    93.398000     440.000000    109.091000    2.23828E-02  2.38283E-04  19.932200  6.038240
3  1140.000000   125.850000    320.000000    95.039000     480.000000    117.202000    2.16410E-02  2.30386E-04  21.296400  6.038260
3  1140.000000   125.850000    2000.000000   61.720000     2160.000000   69.496000     1.53302E-02  1.67654E-04  31.425500  6.286870
3  1140.000000   125.850000    2040.000000   57.680000     2200.000000   52.831000     1.68911E-02  1.84726E-04  29.061300  6.287200
3  1140.000000   125.850000    2080.000000   61.209000     2240.000000   43.386000     1.03005E-02  1.21000E-04  30.021100  8.576630
3  1140.000000   125.850000    2120.000000   64.714000     2280.000000   43.553000     1.10829E-02  1.29017E-04  30.669300  8.322630
3  1140.000000   125.850000    2160.000000   69.496000     2320.000000   45.377000     1.09704E-02  1.27704E-04  29.208100  8.322250
3  1180.000000   136.572000    0.000000      105.852000    40.000000     108.172000    4.85361E-03  7.78975E-05  16.730100  18.575200
3  1180.000000   136.572000    840.000000    121.214000    880.000000    124.368000    2.58752E-02  2.68300E-04  21.454300  5.072290
3  1180.000000   136.572000    880.000000    124.368000    920.000000    140.952000    2.95369E-02  3.02697E-04  20.845300  4.512980
3  1180.000000   136.572000    920.000000    140.952000    960.000000    154.933000    3.22437E-02  3.27728E-04  22.132900  4.112050
3  1180.000000   136.572000    960.000000    154.933000    1000.000000   139.164000    2.59782E-02  2.69368E-04  24.083000  5.074440
3  1180.000000   136.572000    1000.000000   139.164000    1040.000000   135.603000    4.72339E-02  4.75900E-04  25.125000  3.397760
3  1180.000000   136.572000    1040.000000   135.603000    1080.000000   116.772000    5.28579E-02  5.32570E-04  37.755300  3.406710
3  1180.000000   136.572000    1080.000000   116.772000    1120.000000   126.923000    2.44030E-01  2.44640E-03  18.566000  1.879600
3  1180.000000   136.572000    1240.000000   143.282000    1280.000000   155.645000    3.17321E-01  3.17994E-03  25.092000  1.551510
3  1180.000000   136.572000    1280.000000   155.645000    1320.000000   173.060000    9.08230E-02  9.11917E-04  20.171800  2.592920
3  1180.000000   136.572000    1320.000000   173.060000    1360.000000   187.371000    5.87307E-02  5.90989E-04  26.630200  3.197720
3  1180.000000   136.572000    1360.000000   187.371000    1400.000000   194.951000    4.02272E-02  4.06753E-04  23.723500  3.850090
3  1180.000000   136.572000    1400.000000   194.951000    1440.000000   204.976000    2.45292E-02  2.54343E-04  23.724800  5.072290
3  1180.000000   136.572000    1440.000000   204.976000    1480.000000   191.689000    1.38871E-02  1.57158E-04  23.120800  6.887860
3  1180.000000   136.572000    1480.000000   191.689000    1520.000000   175.987000    1.85883E-02  1.99036E-04  22.706800  5.990380
3  1180.000000   136.572000    1880.000000   68.179000     1920.000000   68.761000     1.71718E-02  1.87798E-04  37.629100  6.288840
3  1180.000000   136.572000    2280.000000   43.553000     2320.000000   45.377000     1.83398E-03  4.91804E-05  23.331600  29.851100
3  1180.000000   136.572000    0.000000      105.852000    80.000000     108.382000    8.02131E-03  9.63873E-05  15.892800  9.585430
3  1180.000000   136.572000    40.000000     108.172000    120.000000    102.908000    7.02664E-03  8.83502E-05  14.695300  12.114200
3  1180.000000   136.572000    480.000000    117.202000    560.000000    114.524000    1.39429E-02  1.57789E-04  26.442000  6.887870
3  1180.000000   136.572000    520.000000    118.621000    600.000000    110.348000    1.59822E-02  1.74783E-04  27.214800  6.286830
3  1180.000000   136.572000    560.000000    114.524000    640.000000    121.240000    1.66769E-02  1.82380E-04  19.877400  6.286830
3  1180.000000   136.572000    600.000000    110.348000    680.000000    117.505000    1.78258E-02  1.90872E-04  28.385700  5.990330
3  1180.000000   136.572000    640.000000    121.240000    720.000000    113.178000    2.45215E-02  2.54263E-04  34.400400  5.072920
3  1180.000000   136.572000    680.000000    117.505000    760.000000    100.356000    4.30446E-02  4.35241E-04  26.850500  3.850080
3  1180.000000   136.572000    720.000000    113.178000    800.000000    108.602000    5.31733E-02  5.35742E-04  24.264700  3.397790
3  1180.000000   136.572000    760.000000    100.356000    840.000000    121.214000    4.93634E-02  4.97356E-04  22.317000  3.397790
3  1180.000000   136.572000    1520.000000   175.987000    1600.000000   131.871000    5.49128E-02  5.53274E-04  21.338300  3.397830
3  1180.000000   136.572000    1560.000000   155.051000    1640.000000   112.857000    7.41985E-02  7.47884E-04  21.929000  3.178980
3  1180.000000   136.572000    1600.000000   131.871000    1680.000000   114.145000    8.01593E-02  1.20225E-03  36.599300  9.053020
3  1180.000000   136.572000    1640.000000   112.857000    1720.000000   106.756000    4.71708E-02  1.18467E-03  46.058600  16.891800
3  1180.000000   136.572000    1680.000000   114.145000    1760.000000   101.140000    4.20550E-02  4.25248E-04  19.832600  3.850200
3  1180.000000   136.572000    1720.000000   106.756000    1800.000000   104.339000    3.49482E-02  3.55227E-04  18.943800  4.112200
3  1180.000000   136.572000    1760.000000   101.140000    1840.000000   80.146000     2.68554E-02  2.78464E-04  19.525300  5.072390
3  1180.000000   136.572000    1800.000000   104.339000    1880.000000   68.179000     3.57218E-02  3.63080E-04  12.122700  4.112100
3  1180.000000   136.572000    1840.000000   80.146000     1920.000000   68.761000     3.47046E-02  3.52741E-04  20.599600  4.114470
3  1180.000000   136.572000    2200.000000   52.831000     2280.000000   43.553000     7.30428E-03  9.18360E-05  21.188700  12.114300
3  1180.000000   136.572000    2240.000000   43.386000     2320.000000   45.377000     6.02035E-03  7.68973E-05  22.879300  12.638700
3  1180.000000   136.572000    0.000000      105.852000    160.000000    97.335000     1.59447E-02  1.74390E-04  15.517700  6.287310
3  1180.000000   136.572000    40.000000     108.172000    200.000000    92.851000     1.52850E-02  1.67163E-04  15.281800  6.286910
3  1180.000000   136.572000    80.000000     108.382000    240.000000    92.290000     1.56885E-02  1.71582E-04  16.396300  6.286920
3  1180.000000   136.572000    120.000000    102.908000    280.000000    93.398000     1.65204E-02  1.80674E-04  17.764800  6.286920
3  1180.000000   136.572000    160.000000    97.335000     320.000000    95.039000     1.76553E-02  1.89046E-04  19.452100  5.990350
3  1180.000000   136.572000    200.000000    92.851000     360.000000    95.756000     1.84141E-02  1.97171E-04  20.970900  5.990330
3  1180.000000   136.572000    240.000000    92.290000     400.000000    101.442000    1.95767E-02  2.09619E-04  16.766700  5.990370
3  1180.000000   136.572000    280.000000    93.398000     440.000000    109.091000    2.01589E-02  2.14606E-04  22.588200  6.038210
3  1180.000000   136.572000    320.000000    95.039000     480.000000    117.202000    1.93764E-02  2.07475E-04  23.747900  5.990410
3  1180.000000   136.572000    360.000000    95.756000     520.000000    118.621000    2.04811E-02  2.18036E-04  24.804100  6.038190
3  1180.000000   136.572000    2000.000000   61.720000     2160.000000   69.496000     1.77466E-02  1.90029E-04  26.021200  5.990480
3  1180.000000   136.572000    2040.000000   57.680000     2200.000000   52.831000     1.94653E-02  2.08438E-04  23.691200  5.990450
3  1180.000000   136.572000    2080.000000   61.209000     2240.000000   43.386000     1.16651E-02  1.35819E-04  23.141300  8.322320
3  1180.000000   136.572000    2120.000000   64.714000     2280.000000   43.553000     1.24314E-02  1.44728E-04  21.690000  8.322320
3  1180.000000   136.572000    2160.000000   69.496000     2320.000000   45.377000     1.22817E-02  1.42968E-04  19.550100  8.322400
3  1220.000000   142.414000    0.000000      105.852000    40.000000     108.172000    4.58541E-03  7.35931E-05  -0.307848  18.562400
3  1220.000000   142.414000    880.000000    124.368000    920.000000    140.952000    2.51954E-02  2.61251E-04  19.624200  5.072330
3  1220.000000   142.414000    920.000000    140.952000    960.000000    154.933000    2.74088E-02  2.80891E-04  20.851500  4.513180
3  1220.000000   142.414000    960.000000    154.933000    1000.000000   139.164000    2.03791E-02  2.16950E-04  23.476200  6.038350
3  1220.000000   142.414000    1000.000000   139.164000    1040.000000   135.603000    3.70090E-02  3.76163E-04  23.307100  4.112130
3  1220.000000   142.414000    1040.000000   135.603000    1080.000000   116.772000    3.52828E-02  3.58657E-04  53.174400  4.143300
3  1220.000000   142.414000    1080.000000   116.772000    1120.000000   126.923000    1.30450E-01  1.30899E-03  13.318300  2.042060
3  1220.000000   142.414000    1120.000000   126.923000    1160.000000   133.280000    3.40900E-01  3.41483E-03  22.561400  1.299800
3  1220.000000   142.414000    1280.000000   155.645000    1320.000000   173.060000    1.87443E-01  1.87930E-03  15.693500  1.815940
3  1220.000000   142.414000    1320.000000   173.060000    1360.000000   187.371000    9.82071E-02  9.85498E-04  23.958200  2.340650
3  1220.000000   142.414000    1360.000000   187.371000    1400.000000   194.951000    6.11902E-02  6.15714E-04  21.878200  3.197480
3  1220.000000   142.414000    1400.000000   194.951000    1440.000000   204.976000    3.57498E-02  3.63365E-04  22.306800  4.112050
3  1220.000000   142.414000    1440.000000   204.976000    1480.000000   191.689000    1.90260E-02  2.03723E-04  22.135000  5.990330
3  1220.000000   142.414000    1480.000000   191.689000    1520.000000   175.987000    2.49870E-02  2.59090E-04  22.234500  5.072280
3  1220.000000   142.414000    1520.000000   175.987000    1560.000000   155.051000    3.78196E-02  3.84402E-04  21.529000  4.112060
3  1220.000000   142.414000    1880.000000   68.179000     1920.000000   68.761000     1.99200E-02  2.12094E-04  40.254800  6.059430
3  1220.000000   142.414000    2280.000000   43.553000     2320.000000   45.377000     2.02789E-03  5.43803E-05  25.909800  29.851100
3  1220.000000   142.414000    0.000000      105.852000    80.000000     108.382000    7.57046E-03  9.77142E-05  -1.130790  12.117700
3  1220.000000   142.414000    40.000000     108.172000    120.000000    102.908000    6.60348E-03  9.11194E-05  -0.926003  12.125700
3  1220.000000   142.414000    160.000000    97.335000     240.000000    92.290000     7.24661E-03  9.12573E-05  7.907080  12.114100
3  1220.000000   142.414000    520.000000    118.621000    600.000000    110.348000    1.44159E-02  1.63142E-04  24.698400  6.887880
3  1220.000000   142.414000    560.000000    114.524000    640.000000    121.240000    1.50174E-02  1.64232E-04  17.373800  6.286890
3  1220.000000   142.414000    600.000000    110.348000    680.000000    117.505000    1.59945E-02  1.74917E-04  26.393900  6.286910
3  1220.000000   142.414000    640.000000    121.240000    720.000000    113.178000    2.18410E-02  2.32515E-04  32.921500  6.039050
3  1220.000000   142.414000    680.000000    117.505000    760.000000    100.356000    3.80870E-02  3.87120E-04  25.366800  4.112050
3  1220.000000   142.414000    720.000000    113.178000    800.000000    108.602000    4.70120E-02  4.73665E-04  22.851400  3.397770
3  1220.000000   142.414000    760.000000    100.356000    840.000000    121.214000    4.35306E-02  4.40155E-04  20.972800  3.850100
3  1220.000000   142.414000    800.000000    108.602000    880.000000    124.368000    4.36188E-02  4.41047E-04  20.351100  3.850080
3  1220.000000   142.414000    1560.000000   155.051000    1640.000000   112.857000    9.19336E-02  9.23013E-04  21.063500  2.592480
3  1220.000000   142.414000    1600.000000   131.871000    1680.000000   114.145000    9.77259E-02  9.80670E-04  21.855900  2.340630
3  1220.000000   142.414000    1640.000000   112.857000    1720.000000   106.756000    5.68080E-02  5.71619E-04  22.925000  3.197480
3  1220.000000   142.414000    1680.000000   114.145000    1760.000000   101.140000    5.01501E-02  5.05282E-04  20.936300  3.397770
3  1220.000000   142.414000    1720.000000   106.756000    1800.000000   104.339000    4.12701E-02  4.17298E-04  20.202500  3.850080
3  1220.000000   142.414000    1760.000000   101.140000    1840.000000   80.146000     3.14800E-02  3.22610E-04  20.879300  4.512980
3  1220.000000   142.414000    1800.000000   104.339000    1880.000000   68.179000     4.16510E-02  4.21150E-04  13.327500  3.850080
3  1220.000000   142.414000    1840.000000   80.146000     1920.000000   68.761000     4.02971E-02  4.07460E-04  22.368300  3.850070
3  1220.000000   142.414000    2200.000000   52.831000     2280.000000   43.553000     8.03252E-03  9.65356E-05  23.243500  9.576020
3  1220.000000   142.414000    2240.000000   43.386000     2320.000000   45.377000     6.65842E-03  8.37043E-05  25.363700  12.114100
3  1220.000000   142.414000    0.000000      105.852000    160.000000    97.335000     1.49933E-02  1.69703E-04  0.262001  6.293330
3  1220.000000   142.414000    40.000000     108.172000    200.000000    92.851000     1.43289E-02  1.69454E-04  1.850190  6.887890
3  1220.000000   142.414000    120.000000    102.908000    280.000000    93.398000     1.54102E-02  1.69155E-04  7.962200  6.286920
3  1220.000000   142.414000    160.000000    97.335000     320.000000    95.039000     1.64240E-02  1.79677E-04  11.274000  6.286820
3  1220.000000   142.414000    200.000000    92.851000     360.000000    95.756000     1.70870E-02  1.86865E-04  14.072300  6.286820
3  1220.000000   142.414000    240.000000    92.290000     400.000000    101.442000    1.81482E-02  1.94324E-04  10.886800  5.990360
3  1220.000000   142.414000    280.000000    93.398000     440.000000    109.091000    1.86154E-02  1.99326E-04  17.467500  5.990430
3  1220.000000   142.414000    320.000000    95.039000     480.000000    117.202000    1.78102E-02  1.90704E-04  19.365700  5.990350
3  1220.000000   142.414000    360.000000    95.756000     520.000000    118.621000    1.87098E-02  2.00337E-04  21.114900  5.990360
3  1220.000000   142.414000    400.000000    101.442000    560.000000    114.524000    2.14535E-02  2.28390E-04  26.719900  6.038860
3  1220.000000   142.414000    2000.000000   61.720000     2160.000000   69.496000     2.00312E-02  2.13246E-04  28.212000  6.038230
3  1220.000000   142.414000    2040.000000   57.680000     2200.000000   52.831000     2.18948E-02  2.33085E-04  25.824500  6.038250
3  1220.000000   142.414000    2080.000000   61.209000     2240.000000   43.386000     1.29441E-02  1.46488E-04  25.151700  6.887950
3  1220.000000   142.414000    2120.000000   64.714000     2280.000000   43.553000     1.37063E-02  1.55111E-04  23.732100  6.887900
3  1220.000000   142.414000    2160.000000   69.496000     2320.000000   45.377000     1.35215E-02  1.53020E-04  21.625600  6.887980
3  1260.000000   144.814000    0.000000      105.852000    40.000000     108.172000    4.33447E-03  6.95860E-05  13.055200  18.562400
3  1260.000000   144.814000    920.000000    140.952000    960.000000    154.933000    2.30517E-02  2.45401E-04  22.226400  6.039080
3  1260.000000   144.814000    960.000000    154.933000    1000.000000   139.164000    1.72228E-02  1.88350E-04  26.707900  6.288200
3  1260.000000   144.814000    1000.000000   139.164000    1040.000000   135.603000    2.95982E-02  3.03328E-04  24.104200  4.512990
3  1260.000000   144.814000    1040.000000   135.603000    1080.000000   116.772000    2.53320E-02  2.62668E-04  43.812000  5.076620
3  1260.000000   144.814000    1080.000000   116.772000    1120.000000   126.923000    8.68211E-02  8.71684E-04  16.669700  2.592840
3  1260.000000   144.814000    1120.000000   126.923000    1160.000000   133.280000    1.76554E-01  1.77013E-03  20.356600  6.619330
3  1260.000000   144.814000    1160.000000   133.280000    1200.000000   143.288000    2.82714E-01  2.83268E-03  25.279400  4.620930
3  1260.000000   144.814000    1320.000000   173.060000    1360.000000   187.371000    1.85689E-01  1.86176E-03  14.552600  1.816160
3  1260.000000   144.814000    1360.000000   187.371000    1400.000000   194.951000    1.03292E-01  1.03655E-03  16.176900  2.341010
3  1260.000000   144.814000    1400.000000   194.951000    1440.000000   204.976000    5.51650E-02  5.55820E-04  16.376500  3.397970
3  1260.000000   144.814000    1440.000000   204.976000    1480.000000   191.689000    2.82930E-02  2.89952E-04  17.063500  4.513010
3  1260.000000   144.814000    1480.000000   191.689000    1520.000000   175.987000    3.60012E-02  3.65920E-04  17.625300  4.112070
3  1260.000000   144.814000    1520.000000   175.987000    1560.000000   155.051000    5.20980E-02  5.24913E-04  17.098600  3.397780
3  1260.000000   144.814000    1560.000000   155.051000    1600.000000   131.871000    4.22398E-02  4.39991E-04  20.151300  4.145280
3  1260.000000   144.814000    1880.000000   68.179000     1920.000000   68.761000     2.34809E-02  2.43476E-04  34.208300  5.073520
3  1260.000000   144.814000    2280.000000   43.553000     2320.000000   45.377000     2.27309E-03  6.09556E-05  29.350600  29.851100
3  1260.000000   144.814000    0.000000      105.852000    80.000000     108.382000    7.14845E-03  8.98696E-05  13.973400  12.114100
3  1260.000000   144.814000    40.000000     108.172000    120.000000    102.908000    6.20908E-03  7.94694E-05  17.498900  12.655900
3  1260.000000   144.814000    560.000000    114.524000    640.000000    121.240000    1.36000E-02  1.53908E-04  23.026000  6.887860
3  1260.000000   144.814000    600.000000    110.348000    680.000000    117.505000    1.43198E-02  1.62054E-04  29.465800  6.887870
3  1260.000000   144.814000    640.000000    121.240000    720.000000    113.178000    1.93298E-02  2.06976E-04  34.423500  5.990800
3  1260.000000   144.814000    680.000000    117.505000    760.000000    100.356000    3.36912E-02  3.42441E-04  28.148600  4.112080
3  1260.000000   144.814000    720.000000    113.178000    800.000000    108.602000    4.14759E-02  4.19379E-04  25.299700  3.850120
3  1260.000000   144.814000    760.000000    100.356000    840.000000    121.214000    3.82275E-02  3.88548E-04  23.057100  4.112120
3  1260.000000   144.814000    800.000000    108.602000    880.000000    124.368000    3.80157E-02  3.86395E-04  22.271500  4.112080
3  1260.000000   144.814000    840.000000    121.214000    920.000000    140.952000    4.11593E-02  4.16178E-04  21.650500  3.850120
3  1260.000000   144.814000    1600.000000   131.871000    1680.000000   114.145000    1.24870E-01  1.28820E-03  19.651000  2.525740
3  1260.000000   144.814000    1640.000000   112.857000    1720.000000   106.756000    7.12097E-02  7.15529E-04  19.225700  2.813470
3  1260.000000   144.814000    1680.000000   114.145000    1760.000000   101.140000    6.17789E-02  6.21656E-04  17.464700  3.197790
3  1260.000000   144.814000    1720.000000   106.756000    1800.000000   104.339000    5.05002E-02  5.08825E-04  16.935500  3.398060
3  1260.000000   144.814000    1760.000000   101.140000    1840.000000   80.146000     3.81142E-02  3.87397E-04  17.619400  4.112140
3  1260.000000   144.814000    1800.000000   104.339000    1880.000000   68.179000     5.01687E-02  5.05475E-04  11.441200  3.397860
3  1260.000000   144.814000    1840.000000   80.146000     1920.000000   68.761000     4.79283E-02  4.82902E-04  18.949300  3.399710
3  1260.000000   144.814000    2200.000000   52.831000     2280.000000   43.553000     8.96167E-03  1.07692E-04  30.328100  9.575540
3  1260.000000   144.814000    2240.000000   43.386000     2320.000000   45.377000     7.45926E-03  9.37718E-05  31.123900  12.114100
3  1260.000000   144.814000    0.000000      105.852000    160.000000    97.335000     1.41045E-02  1.59621E-04  16.733000  6.889010
3  1260.000000   144.814000    40.000000     108.172000    200.000000    92.851000     1.34329E-02  1.52026E-04  18.842900  6.891270
3  1260.000000   144.814000    80.000000     108.382000    240.000000    92.290000     1.37100E-02  1.55193E-04  20.472400  6.893670
3  1260.000000   144.814000    120.000000    102.908000    280.000000    93.398000     1.43572E-02  1.62478E-04  21.449900  6.888180
3  1260.000000   144.814000    160.000000    97.335000     320.000000    95.039000     1.52501E-02  1.66777E-04  22.663200  6.286840
3  1260.000000   144.814000    200.000000    92.851000     360.000000    95.756000     1.58157E-02  1.72962E-04  23.716500  6.286870
3  1260.000000   144.814000    240.000000    92.290000     400.000000    101.442000    1.67659E-02  1.83355E-04  19.425700  6.286940
3  1260.000000   144.814000    280.000000    93.398000     440.000000    109.091000    1.71325E-02  1.87364E-04  24.648700  6.286900
3  1260.000000   144.814000    320.000000    95.039000     480.000000    117.202000    1.63248E-02  1.78530E-04  25.517700  6.286840
3  1260.000000   144.814000    360.000000    95.756000     520.000000    118.621000    1.70590E-02  1.86559E-04  26.348900  6.286820
3  1260.000000   144.814000    400.000000    101.442000    560.000000    114.524000    1.94547E-02  2.08313E-04  31.208900  5.990610
3  1260.000000   144.814000    440.000000    109.091000    600.000000    110.348000    2.15969E-02  2.29916E-04  28.174700  6.038200
3  1260.000000   144.814000    2000.000000   61.720000     2160.000000   69.496000     2.30697E-02  2.39214E-04  26.337200  5.072420
3  1260.000000   144.814000    2040.000000   57.680000     2200.000000   52.831000     2.50940E-02  2.60205E-04  24.045400  5.072350
3  1260.000000   144.814000    2080.000000   61.209000     2240.000000   43.386000     1.46048E-02  1.65287E-04  25.935400  6.888150
3  1260.000000   144.814000    2120.000000   64.714000     2280.000000   43.553000     1.53410E-02  1.67778E-04  27.418900  6.286840
3  1260.000000   144.814000    2160.000000   69.496000     2320.000000   45.377000     1.51062E-02  1.65203E-04  26.043700  6.286880
3  1300.000000   164.990000    0.000000      105.852000    40.000000     108.172000    4.07275E-03  6.53807E-05  22.717900  18.563600
3  1300.000000   164.990000    960.000000    154.933000    1000.000000   139.164000    1.42757E-02  1.61555E-04  27.684900  6.892330
3  1300.000000   164.990000    1000.000000   139.164000    1040.000000   135.603000    2.39548E-02  2.48387E-04  22.826800  5.072350
3  1300.000000   164.990000    1040.000000   135.603000    1080.000000   116.772000    1.90233E-02  2.03694E-04  38.268600  5.990900
3  1300.000000   164.990000    1080.000000   116.772000    1120.000000   126.923000    6.15272E-02  6.19105E-04  18.368300  3.197870
3  1300.000000   164.990000    1120.000000   126.923000    1160.000000   133.280000    1.06321E-01  1.06692E-03  18.298300  2.340730
3  1300.000000   164.990000    1160.000000   133.280000    1200.000000   143.288000    1.30535E-01  1.30983E-03  26.064100  2.040310
3  1300.000000   164.990000    1200.000000   143.288000    1240.000000   143.282000    2.01635E-01  2.02161E-03  9.136000  1.825080
3  1300.000000   164.990000    1360.000000   187.371000    1400.000000   194.951000    1.92253E-01  1.92751E-03  12.889300  1.815750
3  1300.000000   164.990000    1400.000000   194.951000    1440.000000   204.976000    8.96846E-02  9.00433E-04  12.905200  2.592460
3  1300.000000   164.990000    1440.000000   204.976000    1480.000000   191.689000    4.14567E-02  4.19185E-04  14.469100  3.850070
3  1300.000000   164.990000    1480.000000   191.689000    1520.000000   175.987000    5.07718E-02  5.11546E-04  15.595600  3.397770
3  1300.000000   164.990000    1520.000000   175.987000    1560.000000   155.051000    7.05850E-02  7.09245E-04  15.317200  2.813360
3  1300.000000   164.990000    1560.000000   155.051000    1600.000000   131.871000    5.44249E-02  5.48353E-04  16.843100  3.397760
3  1300.000000   164.990000    1600.000000   131.871000    1640.000000   112.857000    9.80126E-02  9.83547E-04  16.408100  2.340620
3  1300.000000   164.990000    1880.000000   68.179000     1920.000000   68.761000     2.75070E-02  2.81919E-04  34.384700  4.526690
3  1300.000000   164.990000    2280.000000   43.553000     2320.000000   45.377000     2.53168E-03  4.57814E-05  30.573100  22.810200
3  1300.000000   164.990000    0.000000      105.852000    80.000000     108.382000    6.70961E-03  8.43478E-05  22.253600  12.114100
3  1300.000000   164.990000    40.000000     108.172000    120.000000    102.908000    5.80460E-03  7.41398E-05  21.922800  12.638700
3  1300.000000   164.990000    600.000000    110.348000    680.000000    117.505000    1.28197E-02  1.49230E-04  27.866600  8.322180
3  1300.000000   164.990000    640.000000    121.240000    720.000000    113.178000    1.72511E-02  1.84718E-04  34.034000  5.991000
3  1300.000000   164.990000    680.000000    117.505000    760.000000    100.356000    2.98126E-02  3.05525E-04  26.872800  4.513020
3  1300.000000   164.990000    720.000000    113.178000    800.000000    108.602000    3.66280E-02  3.72291E-04  23.951600  4.112080
3  1300.000000   164.990000    760.000000    100.356000    840.000000    121.214000    3.36402E-02  3.41922E-04  21.568500  4.112150
3  1300.000000   164.990000    800.000000    108.602000    880.000000    124.368000    3.32376E-02  3.37830E-04  20.845000  4.112090
3  1300.000000   164.990000    840.000000    121.214000    920.000000    140.952000    3.56115E-02  3.61959E-04  20.433000  4.112090
3  1300.000000   164.990000    880.000000    124.368000    960.000000    154.933000    3.80525E-02  3.86769E-04  20.629400  4.112080
3  1300.000000   164.990000    1640.000000   112.857000    1720.000000   106.756000    8.79858E-02  8.83377E-04  18.701600  2.592470
3  1300.000000   164.990000    1680.000000   114.145000    1760.000000   101.140000    7.46455E-02  7.50045E-04  17.301400  2.813360
3  1300.000000   164.990000    1720.000000   106.756000    1800.000000   104.339000    6.05188E-02  6.08958E-04  17.013300  3.197480
3  1300.000000   164.990000    1760.000000   101.140000    1840.000000   80.146000     4.55880E-02  4.60959E-04  17.900600  3.850070
3  1300.000000   164.990000    1800.000000   104.339000    1880.000000   68.179000     5.96595E-02  6.00312E-04  12.300400  3.197480
3  1300.000000   164.990000    1840.000000   80.146000     1920.000000   68.761000     5.64399E-02  5.67915E-04  19.633000  3.197470
3  1300.000000   164.990000    2200.000000   52.831000     2280.000000   43.553000     9.93311E-03  1.16701E-04  30.470500  8.576440
3  1300.000000   164.990000    2240.000000   43.386000     2320.000000   45.377000     8.30041E-03  9.97410E-05  31.438200  9.575460
3  1300.000000   164.990000    0.000000      105.852000    160.000000    97.335000     1.31933E-02  1.49450E-04  22.415600  6.898850
3  1300.000000   164.990000    40.000000     108.172000    200.000000    92.851000     1.25259E-02  1.45848E-04  22.499100  8.323360
3  1300.000000   164.990000    80.000000     108.382000    240.000000    92.290000     1.27528E-02  1.48454E-04  23.204500  8.322170
3  1300.000000   164.990000    120.000000    102.908000    280.000000    93.398000     1.33216E-02  1.50769E-04  23.778000  6.888260
3  1300.000000   164.990000    160.000000    97.335000     320.000000    95.039000     1.41130E-02  1.59732E-04  24.219500  6.888820
3  1300.000000   164.990000    200.000000    92.851000     360.000000    95.756000     1.46004E-02  1.65231E-04  24.441000  6.888280
3  1300.000000   164.990000    240.000000    92.290000     400.000000    101.442000    1.54552E-02  1.69024E-04  19.533700  6.289160
3  1300.000000   164.990000    280.000000    93.398000     440.000000    109.091000    1.57406E-02  1.72141E-04  23.997700  6.286870
3  1300.000000   164.990000    320.000000    95.039000     480.000000    117.202000    1.49397E-02  1.69070E-04  24.507500  6.887890
3  1300.000000   164.990000    360.000000    95.756000     520.000000    118.621000    1.55334E-02  1.69876E-04  25.109500  6.286880
3  1300.000000   164.990000    400.000000    101.442000    560.000000    114.524000    1.76209E-02  1.88679E-04  29.969600  5.990330
3  1300.000000   164.990000    440.000000    109.091000    600.000000    110.348000    1.94868E-02  2.08657E-04  26.838100  5.990350
3  1300.000000   164.990000    480.000000    117.202000    640.000000    121.240000    2.24595E-02  2.39097E-04  22.875400  6.038240
3  1300.000000   164.990000    2000.000000   61.720000     2160.000000   69.496000     2.64046E-02  2.73789E-04  27.870700  5.072370
3  1300.000000   164.990000    2040.000000   57.680000     2200.000000   52.831000     2.85745E-02  2.92837E-04  25.953900  4.513030
3  1300.000000   164.990000    2080.000000   61.209000     2240.000000   43.386000     1.63866E-02  1.79230E-04  27.747500  6.286900
3  1300.000000   164.990000    2120.000000   64.714000     2280.000000   43.553000     1.70698E-02  1.86691E-04  28.671100  6.286840
3  1300.000000   164.990000    2160.000000   69.496000     2320.000000   45.377000     1.67777E-02  1.83483E-04  27.140300  6.286960
3  1340.000000   180.575000    0.000000      105.852000    40.000000     108.172000    3.90059E-03  6.26060E-05  2.258090  18.562500
3  1340.000000   180.575000    1000.000000   139.164000    1040.000000   135.603000    2.12962E-02  2.26715E-04  24.198000  6.038500
3  1340.000000   180.575000    1040.000000   135.603000    1080.000000   116.772000    1.62034E-02  1.77204E-04  39.580100  6.287250
3  1340.000000   180.575000    1080.000000   116.772000    1120.000000   126.923000    5.13225E-02  5.17100E-04  19.377800  3.398670
3  1340.000000   180.575000    1120.000000   126.923000    1160.000000   133.280000    8.38648E-02  8.42003E-04  18.356800  2.593090
3  1340.000000   180.575000    1160.000000   133.280000    1200.000000   143.288000    9.53309E-02  9.56646E-04  27.181700  2.341620
3  1340.000000   180.575000    1200.000000   143.288000    1240.000000   143.282000    1.28626E-01  1.29070E-03  9.919250  2.047840
3  1340.000000   180.575000    1240.000000   143.282000    1280.000000   155.645000    2.98834E-01  2.99423E-03  9.325800  1.551800
3  1340.000000   180.575000    1400.000000   194.951000    1440.000000   204.976000    1.67448E-01  1.67937E-03  10.441700  1.868330
3  1340.000000   180.575000    1440.000000   204.976000    1480.000000   191.689000    6.03890E-02  6.07652E-04  11.724000  3.197470
3  1340.000000   180.575000    1480.000000   191.689000    1520.000000   175.987000    6.76272E-02  6.79525E-04  13.366500  2.813380
3  1340.000000   180.575000    1520.000000   175.987000    1560.000000   155.051000    8.83538E-02  8.87072E-04  13.055800  2.592490
3  1340.000000   180.575000    1560.000000   155.051000    1600.000000   131.871000    6.54329E-02  6.58405E-04  14.935300  3.197470
3  1340.000000   180.575000    1600.000000   131.871000    1640.000000   112.857000    1.14936E-01  1.15330E-03  14.254900  2.040080
3  1340.000000   180.575000    1640.000000   112.857000    1680.000000   114.145000    6.81722E-02  6.85001E-04  17.087100  2.813360
3  1340.000000   180.575000    1880.000000   68.179000     1920.000000   68.761000     3.05875E-02  3.13488E-04  31.681600  4.525630
3  1340.000000   180.575000    2280.000000   43.553000     2320.000000   45.377000     2.72169E-03  4.92174E-05  24.791200  22.810200
3  1340.000000   180.575000    0.000000      105.852000    80.000000     108.382000    6.42255E-03  8.07398E-05  3.000230  12.114200
3  1340.000000   180.575000    40.000000     108.172000    120.000000    102.908000    5.54368E-03  7.08078E-05  5.778910  12.638600
3  1340.000000   180.575000    640.000000    121.240000    720.000000    113.178000    1.59620E-02  1.74564E-04  35.924100  6.288090
3  1340.000000   180.575000    680.000000    117.505000    760.000000    100.356000    2.74604E-02  2.81422E-04  28.453200  4.513250
3  1340.000000   180.575000    720.000000    113.178000    800.000000    108.602000    3.37358E-02  3.42897E-04  25.615400  4.112400
3  1340.000000   180.575000    760.000000    100.356000    840.000000    121.214000    3.09657E-02  3.17343E-04  23.303600  4.513240
3  1340.000000   180.575000    800.000000    108.602000    880.000000    124.368000    3.04977E-02  3.12547E-04  22.547300  4.513150
3  1340.000000   180.575000    840.000000    121.214000    920.000000    140.952000    3.24704E-02  3.30032E-04  22.010500  4.112240
3  1340.000000   180.575000    880.000000    124.368000    960.000000    154.933000    3.44604E-02  3.50262E-04  22.106000  4.112460
3  1340.000000   180.575000    920.000000    140.952000    1000.000000   139.164000    3.00528E-02  3.07987E-04  25.130100  4.513130
3  1340.000000   180.575000    1680.000000   114.145000    1760.000000   101.140000    8.50268E-02  8.53669E-04  14.902200  2.592460
3  1340.000000   180.575000    1720.000000   106.756000    1800.000000   104.339000    6.83558E-02  6.86846E-04  14.538600  2.813360
3  1340.000000   180.575000    1760.000000   101.140000    1840.000000   80.146000     5.12192E-02  5.16054E-04  15.258900  3.397760
3  1340.000000   180.575000    1800.000000   104.339000    1880.000000   68.179000     6.67909E-02  6.71122E-04  9.645560  2.813360
3  1340.000000   180.575000    1840.000000   80.146000     1920.000000   68.761000     6.29082E-02  6.33001E-04  16.925400  3.197480
3  1340.000000   180.575000    2200.000000   52.831000     2280.000000   43.553000     1.06359E-02  1.24945E-04  24.124400  8.576590
3  1340.000000   180.575000    2240.000000   43.386000     2320.000000   45.377000     8.91645E-03  1.07144E-04  25.354400  9.575450
3  1340.000000   180.575000    0.000000      105.852000    160.000000    97.335000     1.26043E-02  1.46743E-04  5.726790  8.322640
3  1340.000000   180.575000    40.000000     108.172000    200.000000    92.851000     1.19472E-02  1.39076E-04  8.654150  8.322520
3  1340.000000   180.575000    80.000000     108.382000    240.000000    92.290000     1.21450E-02  1.41376E-04  11.518300  8.322240
3  1340.000000   180.575000    120.000000    102.908000    280.000000    93.398000     1.26681E-02  1.47466E-04  14.530800  8.322170
3  1340.000000   180.575000    160.000000    97.335000     320.000000    95.039000     1.33976E-02  1.51626E-04  17.450900  6.887940
3  1340.000000   180.575000    200.000000    92.851000     360.000000    95.756000     1.38368E-02  1.56602E-04  19.845900  6.888330
3  1340.000000   180.575000    240.000000    92.290000     400.000000    101.442000    1.46357E-02  1.65651E-04  16.347500  6.887930
3  1340.000000   180.575000    280.000000    93.398000     440.000000    109.091000    1.48701E-02  1.68298E-04  22.461800  6.893040
3  1340.000000   180.575000    320.000000    95.039000     480.000000    117.202000    1.40728E-02  1.59259E-04  23.940500  6.892840
3  1340.000000   180.575000    360.000000    95.756000     520.000000    118.621000    1.45766E-02  1.64960E-04  25.239700  40.866500
3  1340.000000   180.575000    400.000000    101.442000    560.000000    114.524000    1.64709E-02  1.80129E-04  30.633500  6.293390
3  1340.000000   180.575000    440.000000    109.091000    600.000000    110.348000    1.81659E-02  1.94515E-04  27.563300  5.990370
3  1340.000000   180.575000    480.000000    117.202000    640.000000    121.240000    2.09027E-02  2.22528E-04  23.642200  6.038200
3  1340.000000   180.575000    520.000000    118.621000    680.000000    117.505000    2.27883E-02  2.42600E-04  28.710000  6.038300
3  1340.000000   180.575000    2000.000000   61.720000     2160.000000   69.496000     2.88777E-02  2.95944E-04  24.000800  4.513020
3  1340.000000   180.575000    2040.000000   57.680000     2200.000000   52.831000     3.11650E-02  3.19382E-04  22.073500  4.512990
3  1340.000000   180.575000    2080.000000   61.209000     2240.000000   43.386000     1.76961E-02  1.89490E-04  23.190000  5.990470
3  1340.000000   180.575000    2120.000000   64.714000     2280.000000   43.553000     1.83292E-02  1.96264E-04  23.289300  5.990350
3  1340.000000   180.575000    2160.000000   69.496000     2320.000000   45.377000     1.79926E-02  1.92658E-04  21.399100  5.990420
3  1380.000000   191.595000    0.000000      105.852000    40.000000     108.172000    3.77948E-03  6.06588E-05  43.236600  18.562400
3  1380.000000   191.595000    280.000000    93.398000     320.000000    95.039000     3.71913E-03  5.99182E-05  26.034200  18.562600
3  1380.000000   191.595000    1040.000000   135.603000    1080.000000   116.772000    1.42617E-02  1.61398E-04  36.936500  6.888170
3  1380.000000   191.595000    1080.000000   116.772000    1120.000000   126.923000    4.47822E-02  4.52842E-04  22.347800  3.852200
3  1380.000000   191.595000    1120.000000   126.923000    1160.000000   133.280000    7.08886E-02  7.12352E-04  20.195000  2.816590
3  1380.000000   191.595000    1160.000000   133.280000    1200.000000   143.288000    7.73300E-02  7.77066E-04  27.581100  2.818330
3  1380.000000   191.595000    1200.000000   143.288000    1240.000000   143.282000    9.66753E-02  9.70175E-04  11.226500  2.347090
3  1380.000000   191.595000    1240.000000   143.282000    1280.000000   155.645000    2.03005E-01  2.03541E-03  10.309900  1.820730
3  1380.000000   191.595000    1280.000000   155.645000    1320.000000   173.060000    2.08288E-01  2.08811E-03  9.500840  1.880710
3  1380.000000   191.595000    1480.000000   191.689000    1520.000000   175.987000    9.47346E-02  9.51135E-04  10.675400  2.719510
3  1380.000000   191.595000    1520.000000   175.987000    1560.000000   155.051000    1.12187E-01  1.12579E-03  10.556200  2.728550
3  1380.000000   191.595000    1560.000000   155.051000    1600.000000   131.871000    7.92043E-02  7.95861E-04  13.451900  2.846460
3  1380.000000   191.595000    1600.000000   131.871000    1640.000000   112.857000    1.36542E-01  2.91661E-03  25.734800  28.593900
3  1380.000000   191.595000    1680.000000   114.145000    1720.000000   106.756000    3.81416E-02  3.87675E-04  13.178700  4.113580
3  1380.000000   191.595000    1880.000000   68.179000     1920.000000   68.761000     3.37715E-02  3.43260E-04  32.481300  4.116760
3  1380.000000   191.595000    2280.000000   43.553000     2320.000000   45.377000     2.90338E-03  5.25030E-05  23.389700  22.810200
3  1380.000000   191.595000    0.000000      105.852000    80.000000     108.382000    6.21983E-03  7.81994E-05  39.732900  12.114800
3  1380.000000   191.595000    40.000000     108.172000    120.000000    102.908000    5.35576E-03  6.84070E-05  31.140600  12.638900
3  1380.000000   191.595000    280.000000    93.398000     360.000000    95.756000     7.23691E-03  9.11359E-05  26.181700  12.114200
3  1380.000000   191.595000    680.000000    117.505000    760.000000    100.356000    2.55983E-02  2.65449E-04  31.350000  5.073350
3  1380.000000   191.595000    720.000000    113.178000    800.000000    108.602000    3.14528E-02  3.22360E-04  28.309200  4.514520
3  1380.000000   191.595000    760.000000    100.356000    840.000000    121.214000    2.88649E-02  2.95828E-04  25.712800  4.514090
3  1380.000000   191.595000    800.000000    108.602000    880.000000    124.368000    2.83588E-02  2.90638E-04  24.775000  4.513910
3  1380.000000   191.595000    840.000000    121.214000    920.000000    140.952000    3.00376E-02  3.07840E-04  24.166600  4.513920
3  1380.000000   191.595000    880.000000    124.368000    960.000000    154.933000    3.17131E-02  3.25015E-04  24.059700  4.514780
3  1380.000000   191.595000    920.000000    140.952000    1000.000000   139.164000    2.71335E-02  2.78072E-04  26.861200  4.513200
3  1380.000000   191.595000    960.000000    154.933000    1040.000000   135.603000    3.02481E-02  3.09995E-04  27.694400  4.514020
3  1380.000000   191.595000    1720.000000   106.756000    1800.000000   104.339000    7.65650E-02  7.69333E-04  12.813400  2.841270
3  1380.000000   191.595000    1760.000000   101.140000    1840.000000   80.146000     5.67051E-02  5.70584E-04  13.350700  3.213150
3  1380.000000   191.595000    1800.000000   104.339000    1880.000000   68.179000     7.35392E-02  7.38929E-04  6.016980  2.824590
3  1380.000000   191.595000    1840.000000   80.146000     1920.000000   68.761000     6.92095E-02  6.95438E-04  14.490000  2.815640
3  1380.000000   191.595000    2000.000000   61.720000     2080.000000   61.209000     2.19330E-02  2.33510E-04  19.516600  6.038280
3  1380.000000   191.595000    2200.000000   52.831000     2280.000000   43.553000     1.12898E-02  1.31448E-04  23.451900  8.324850
3  1380.000000   191.595000    2240.000000   43.386000     2320.000000   45.377000     9.49740E-03  1.11569E-04  23.969600  8.576890
3  1380.000000   191.595000    0.000000      105.852000    160.000000    97.335000     1.21778E-02  1.41933E-04  32.999400  8.322160
3  1380.000000   191.595000    40.000000     108.172000    200.000000    92.851000     1.15174E-02  1.34656E-04  26.600400  8.340300
3  1380.000000   191.595000    80.000000     108.382000    240.000000    92.290000     1.16864E-02  1.37118E-04  24.823300  8.355690
3  1380.000000   191.595000    120.000000    102.908000    280.000000    93.398000     1.21670E-02  1.46977E-04  24.073900  8.383320
3  1380.000000   191.595000    240.000000    92.290000     400.000000    101.442000    1.39945E-02  1.60118E-04  21.696800  6.888280
3  1380.000000   191.595000    280.000000    93.398000     440.000000    109.091000    1.41843E-02  1.60615E-04  26.619600  6.888020
3  1380.000000   191.595000    320.000000    95.039000     480.000000    117.202000    1.33857E-02  1.51483E-04  27.813500  6.888190
3  1380.000000   191.595000    360.000000    95.756000     520.000000    118.621000    1.38136E-02  1.56324E-04  29.074900  6.888490
3  1380.000000   191.595000    400.000000    101.442000    560.000000    114.524000    1.55494E-02  1.70051E-04  34.301100  6.286950
3  1380.000000   191.595000    440.000000    109.091000    600.000000    110.348000    1.71069E-02  1.87084E-04  31.560400  6.286960
3  1380.000000   191.595000    480.000000    117.202000    640.000000    121.240000    1.96555E-02  2.10465E-04  27.212000  5.990450
3  1380.000000   191.595000    520.000000    118.621000    680.000000    117.505000    2.14078E-02  2.27903E-04  32.298300  6.038310
3  1380.000000   191.595000    560.000000    114.524000    720.000000    113.178000    2.55479E-02  2.64911E-04  32.917300  5.072660
3  1380.000000   191.595000    2040.000000   57.680000     2200.000000   52.831000     3.36525E-02  3.42061E-04  20.603700  4.112810
3  1380.000000   191.595000    2080.000000   61.209000     2240.000000   43.386000     1.89441E-02  2.02905E-04  22.989200  5.991510
3  1380.000000   191.595000    2120.000000   64.714000     2280.000000   43.553000     1.95183E-02  2.09051E-04  23.333800  5.994120
3  1380.000000   191.595000    2160.000000   69.496000     2320.000000   45.377000     1.91375E-02  2.04947E-04  21.352700  5.991400
3  1424.000000   199.133000    0.000000      105.852000    40.000000     108.172000    3.61768E-03  6.54272E-05  18.007100  22.818400
3  1424.000000   199.133000    1080.000000   116.772000    1120.000000   126.923000    3.87407E-02  3.91723E-04  21.260200  3.850370
3  1424.000000   199.133000    1120.000000   126.923000    1160.000000   133.280000    5.96758E-02  6.00476E-04  19.666300  3.197650
3  1424.000000   199.133000    1160.000000   133.280000    1200.000000   143.288000    6.19415E-02  6.23274E-04  27.514100  3.197830
3  1424.000000   199.133000    1200.000000   143.288000    1240.000000   143.282000    7.51246E-02  7.54867E-04  11.514100  2.819130
3  1424.000000   199.133000    1240.000000   143.282000    1280.000000   155.645000    1.49177E-01  1.49614E-03  10.725200  1.871430
3  1424.000000   199.133000    1280.000000   155.645000    1320.000000   173.060000    1.18624E-01  1.19031E-03  10.665600  2.040190
3  1424.000000   199.133000    1320.000000   173.060000    1360.000000   187.371000    1.69615E-01  1.70056E-03  6.221980  1.816540
3  1424.000000   199.133000    1560.000000   155.051000    1600.000000   131.871000    1.04142E-01  1.04505E-03  13.727600  2.340670
3  1424.000000   199.133000    1600.000000   131.871000    1640.000000   112.857000    1.63834E-01  1.64314E-03  11.546500  1.868430
3  1424.000000   199.133000    1640.000000   112.857000    1680.000000   114.145000    9.22739E-02  9.26430E-04  14.413900  2.592460
3  1424.000000   199.133000    1680.000000   114.145000    1720.000000   106.756000    4.39158E-02  4.44050E-04  12.323800  3.850110
3  1424.000000   199.133000    1720.000000   106.756000    1760.000000   101.140000    6.61226E-02  6.65345E-04  12.171500  3.197490
3  1424.000000   199.133000    1880.000000   68.179000     1920.000000   68.761000     3.77198E-02  3.83429E-04  33.577000  4.149920
3  1424.000000   199.133000    2280.000000   43.553000     2320.000000   45.377000     3.12630E-03  5.65341E-05  17.385100  22.810200
3  1424.000000   199.133000    0.000000      105.852000    80.000000     108.382000    5.94973E-03  7.59929E-05  17.195900  12.649300
3  1424.000000   199.133000    40.000000     108.172000    120.000000    102.908000    5.11388E-03  8.21003E-05  16.299900  18.565900
3  1424.000000   199.133000    720.000000    113.178000    800.000000    108.602000    2.92594E-02  2.99856E-04  27.363900  4.513070
3  1424.000000   199.133000    760.000000    100.356000    840.000000    121.214000    2.67924E-02  2.77810E-04  24.861600  5.072380
3  1424.000000   199.133000    800.000000    108.602000    880.000000    124.368000    2.62509E-02  2.72196E-04  23.937600  5.072300
3  1424.000000   199.133000    840.000000    121.214000    920.000000    140.952000    2.77037E-02  2.83913E-04  23.383700  4.513010
3  1424.000000   199.133000    880.000000    124.368000    960.000000    154.933000    2.91163E-02  2.98390E-04  23.206600  4.513060
3  1424.000000   199.133000    920.000000    140.952000    1000.000000   139.164000    2.48050E-02  2.57203E-04  25.878200  5.072450
3  1424.000000   199.133000    960.000000    154.933000    1040.000000   135.603000    2.74189E-02  2.80994E-04  26.815500  4.514580
3  1424.000000   199.133000    1000.000000   139.164000    1080.000000   116.772000    3.01426E-02  3.08904E-04  30.659400  4.513000
3  1424.000000   199.133000    1760.000000   101.140000    1840.000000   80.146000     6.41285E-02  6.45280E-04  12.543800  3.197480
3  1424.000000   199.133000    1800.000000   104.339000    1880.000000   68.179000     8.23517E-02  8.26811E-04  4.921890  2.592460
3  1424.000000   199.133000    1840.000000   80.146000     1920.000000   68.761000     7.71513E-02  7.75224E-04  14.305900  2.813370
3  1424.000000   199.133000    2000.000000   61.720000     2080.000000   61.209000     2.41008E-02  2.49901E-04  18.116900  5.072290
3  1424.000000   199.133000    2040.000000   57.680000     2120.000000   64.714000     2.78951E-02  2.85872E-04  18.392600  4.512980
3  1424.000000   199.133000    2200.000000   52.831000     2280.000000   43.553000     1.21635E-02  1.41597E-04  15.107000  8.322260
3  1424.000000   199.133000    2240.000000   43.386000     2320.000000   45.377000     1.02366E-02  1.20245E-04  16.738400  8.576510
3  1424.000000   199.133000    0.000000      105.852000    160.000000    97.335000     1.16336E-02  1.35423E-04  17.208100  8.322240
3  1424.000000   199.133000    40.000000     108.172000    200.000000    92.851000     1.09878E-02  1.29204E-04  17.360300  8.576460
3  1424.000000   199.133000    80.000000     108.382000    240.000000    92.290000     1.11365E-02  1.31019E-04  18.799000  8.576580
3  1424.000000   199.133000    120.000000    102.908000    280.000000    93.398000     1.15802E-02  1.34930E-04  20.545800  8.322200
3  1424.000000   199.133000    160.000000    97.335000     320.000000    95.039000     1.22058E-02  1.42118E-04  22.395900  8.322160
3  1424.000000   199.133000    200.000000    92.851000     360.000000    95.756000     1.25670E-02  1.46289E-04  24.083600  8.322150
3  1424.000000   199.133000    240.000000    92.290000     400.000000    101.442000    1.32679E-02  1.50151E-04  20.253000  6.887870
3  1424.000000   199.133000    280.000000    93.398000     440.000000    109.091000    1.34289E-02  1.51971E-04  25.762200  6.887930
3  1424.000000   199.133000    320.000000    95.039000     480.000000    117.202000    1.26543E-02  1.47305E-04  26.962900  8.322390
3  1424.000000   199.133000    360.000000    95.756000     520.000000    118.621000    1.30358E-02  1.47524E-04  28.025600  6.887930
3  1424.000000   199.133000    400.000000    101.442000    560.000000    114.524000    1.46470E-02  1.65757E-04  33.226200  6.889440
3  1424.000000   199.133000    440.000000    109.091000    600.000000    110.348000    1.60885E-02  1.75945E-04  30.069100  6.286920
3  1424.000000   199.133000    480.000000    117.202000    640.000000    121.240000    1.84436E-02  1.97487E-04  25.414700  5.990370
3  1424.000000   199.133000    520.000000    118.621000    680.000000    117.505000    2.00780E-02  2.13744E-04  30.942900  6.038210
3  1424.000000   199.133000    560.000000    114.524000    720.000000    113.178000    2.39076E-02  2.47898E-04  31.669000  5.072330
3  1424.000000   199.133000    600.000000    110.348000    760.000000    100.356000    3.43097E-02  3.48727E-04  30.628200  4.112080
3  1424.000000   199.133000    2080.000000   61.209000     2240.000000   43.386000     2.05230E-02  2.18488E-04  18.576500  6.038210
3  1424.000000   199.133000    2120.000000   64.714000     2280.000000   43.553000     2.10489E-02  2.24082E-04  16.816100  6.038200
3  1424.000000   199.133000    2160.000000   69.496000     2320.000000   45.377000     2.06160E-02  2.19474E-04  14.191900  6.038570
3  1460.000000   200.061000    0.000000      105.852000    40.000000     108.172000    3.54711E-03  6.41690E-05  -0.248799  22.813100
3  1460.000000   200.061000    1120.000000   126.923000    1160.000000   133.280000    5.61515E-02  5.65013E-04  17.381100  3.197790
3  1460.000000   200.061000    1160.000000   133.280000    1200.000000   143.288000    5.78448E-02  5.82058E-04  26.116500  3.197720
3  1460.000000   200.061000    1200.000000   143.288000    1240.000000   143.282000    6.94088E-02  6.97434E-04  10.871000  2.816490
3  1460.000000   200.061000    1240.000000   143.282000    1280.000000   155.645000    1.36674E-01  1.37143E-03  10.121900  2.040940
3  1460.000000   200.061000    1280.000000   155.645000    1320.000000   173.060000    1.02071E-01  1.02427E-03  9.917120  2.340730
3  1460.000000   200.061000    1320.000000   173.060000    1360.000000   187.371000    1.26470E-01  1.26904E-03  6.735500  2.039970
3  1460.000000   200.061000    1520.000000   175.987000    1560.000000   155.051000    2.32892E-01  2.33474E-03  6.811120  1.879560
3  1460.000000   200.061000    1560.000000   155.051000    1600.000000   131.871000    1.24512E-01  1.24939E-03  14.310500  2.039780
3  1460.000000   200.061000    1600.000000   131.871000    1640.000000   112.857000    1.84693E-01  1.85173E-03  12.127000  1.815740
3  1460.000000   200.061000    1640.000000   112.857000    1680.000000   114.145000    1.01239E-01  1.01592E-03  15.458400  2.340620
3  1460.000000   200.061000    1680.000000   114.145000    1720.000000   106.756000    4.72029E-02  4.75588E-04  13.601800  3.397760
3  1460.000000   200.061000    1720.000000   106.756000    1760.000000   101.140000    7.13266E-02  7.16697E-04  14.013900  2.813360
3  1460.000000   200.061000    1760.000000   101.140000    1800.000000   104.339000    2.26840E-02  2.41487E-04  13.177700  6.038190
3  1460.000000   200.061000    1880.000000   68.179000     1920.000000   68.761000     3.98174E-02  4.02705E-04  37.791200  3.906990
3  1460.000000   200.061000    2280.000000   43.553000     2320.000000   45.377000     3.23619E-03  5.85213E-05  31.690100  22.810200
3  1460.000000   200.061000    0.000000      105.852000    80.000000     108.382000    5.83693E-03  7.45522E-05  0.105508  12.638600
3  1460.000000   200.061000    40.000000     108.172000    120.000000    102.908000    5.02322E-03  6.41591E-05  3.238050  12.638600
3  1460.000000   200.061000    760.000000    100.356000    840.000000    121.214000    2.60377E-02  2.69985E-04  19.786200  5.072320
3  1460.000000   200.061000    800.000000    108.602000    880.000000    124.368000    2.54785E-02  2.64187E-04  19.137600  5.072330
3  1460.000000   200.061000    840.000000    121.214000    920.000000    140.952000    2.68731E-02  2.78647E-04  18.893100  5.072300
3  1460.000000   200.061000    880.000000    124.368000    960.000000    154.933000    2.82017E-02  2.89017E-04  19.091700  4.513000
3  1460.000000   200.061000    920.000000    140.952000    1000.000000   139.164000    2.42160E-02  2.51096E-04  22.424100  5.072510
3  1460.000000   200.061000    960.000000    154.933000    1040.000000   135.603000    2.66083E-02  2.75901E-04  23.543300  5.073570
3  1460.000000   200.061000    1000.000000   139.164000    1080.000000   116.772000    2.89477E-02  2.96659E-04  27.555300  4.513200
3  1460.000000   200.061000    1040.000000   135.603000    1120.000000   126.923000    4.92856E-02  4.96572E-04  23.384200  3.398140
3  1460.000000   200.061000    1800.000000   104.339000    1880.000000   68.179000     8.76582E-02  8.80088E-04  7.015700  2.592470
3  1460.000000   200.061000    1840.000000   80.146000     1920.000000   68.761000     8.15687E-02  8.18950E-04  17.179600  2.592460
3  1460.000000   200.061000    2000.000000   61.720000     2080.000000   61.209000     2.52403E-02  2.61717E-04  24.305700  5.072300
3  1460.000000   200.061000    2040.000000   57.680000     2120.000000   64.714000     2.91622E-02  2.98860E-04  24.396000  4.512990
3  1460.000000   200.061000    2080.000000   61.209000     2160.000000   69.496000     1.05590E-02  1.24032E-04  32.269100  8.576460
3  1460.000000   200.061000    2200.000000   52.831000     2280.000000   43.553000     1.26130E-02  1.46873E-04  32.610700  8.323670
3  1460.000000   200.061000    2240.000000   43.386000     2320.000000   45.377000     1.06051E-02  1.24574E-04  32.741700  8.576450
3  1460.000000   200.061000    0.000000      105.852000    160.000000    97.335000     1.14221E-02  1.34183E-04  3.639330  8.397060
3  1460.000000   200.061000    40.000000     108.172000    200.000000    92.851000     1.07949E-02  1.27134E-04  7.348350  8.587470
3  1460.000000   200.061000    80.000000     108.382000    240.000000    92.290000     1.09415E-02  1.28612E-04  10.710900  8.577080
3  1460.000000   200.061000    120.000000    102.908000    280.000000    93.398000     1.13748E-02  1.32668E-04  13.859800  8.324010
3  1460.000000   200.061000    160.000000    97.335000     320.000000    95.039000     1.19842E-02  1.39980E-04  16.134200  8.325120
3  1460.000000   200.061000    200.000000    92.851000     360.000000    95.756000     1.23320E-02  1.43695E-04  17.513000  8.323010
3  1460.000000   200.061000    240.000000    92.290000     400.000000    101.442000    1.30097E-02  1.51580E-04  13.444900  8.324780
3  1460.000000   200.061000    280.000000    93.398000     440.000000    109.091000    1.31617E-02  1.48968E-04  18.398100  6.887910
3  1460.000000   200.061000    320.000000    95.039000     480.000000    117.202000    1.23987E-02  1.44330E-04  19.542600  8.322180
3  1460.000000   200.061000    360.000000    95.756000     520.000000    118.621000    1.27702E-02  1.48654E-04  20.729200  8.322160
3  1460.000000   200.061000    400.000000    101.442000    560.000000    114.524000    1.43477E-02  1.62370E-04  26.128800  6.887900
3  1460.000000   200.061000    440.000000    109.091000    600.000000    110.348000    1.57530E-02  1.72278E-04  23.343500  6.286830
3  1460.000000   200.061000    480.000000    117.202000    640.000000    121.240000    1.80303E-02  1.93061E-04  18.584000  5.990350
3  1460.000000   200.061000    520.000000    118.621000    680.000000    117.505000    1.96291E-02  2.10181E-04  24.507200  5.990340
3  1460.000000   200.061000    560.000000    114.524000    720.000000    113.178000    2.33552E-02  2.42170E-04  25.559000  5.072290
3  1460.000000   200.061000    600.000000    110.348000    760.000000    100.356000    3.34869E-02  3.40368E-04  24.927600  4.112050
3  1460.000000   200.061000    640.000000    121.240000    800.000000    108.602000    4.21523E-02  4.26219E-04  25.669900  3.850140
3  1460.000000   200.061000    2120.000000   64.714000     2280.000000   43.553000     2.18287E-02  2.32391E-04  30.923000  6.038310
3  1460.000000   200.061000    2160.000000   69.496000     2320.000000   45.377000     2.13701E-02  2.27500E-04  29.353300  6.038210
3  1500.000000   183.230000    1160.000000   133.280000    1200.000000   143.288000    5.35334E-02  5.39376E-04  27.194400  3.399030
3  1500.000000   183.230000    1200.000000   143.288000    1240.000000   143.282000    6.21875E-02  6.25749E-04  11.478700  3.198080
3  1500.000000   183.230000    1240.000000   143.282000    1280.000000   155.645000    1.20325E-01  1.20739E-03  10.440900  2.040330
3  1500.000000   183.230000    1280.000000   155.645000    1320.000000   173.060000    8.66760E-02  8.70227E-04  9.912410  2.592510
3  1500.000000   183.230000    1320.000000   173.060000    1360.000000   187.371000    1.00948E-01  1.01300E-03  7.793490  2.340700
3  1500.000000   183.230000    1360.000000   187.371000    1400.000000   194.951000    1.26752E-01  1.27187E-03  7.031610  2.039820
3  1500.000000   183.230000    1400.000000   194.951000    1440.000000   204.976000    1.97111E-01  1.97623E-03  6.378910  1.815700
3  1500.000000   183.230000    1560.000000   155.051000    1600.000000   131.871000    1.76629E-01  1.77086E-03  10.586500  1.815680
3  1500.000000   183.230000    1600.000000   131.871000    1640.000000   112.857000    2.28477E-01  2.29048E-03  10.518900  1.879510
3  1500.000000   183.230000    1640.000000   112.857000    1680.000000   114.145000    1.19152E-01  1.19561E-03  14.182200  2.039780
3  1500.000000   183.230000    1680.000000   114.145000    1720.000000   106.756000    5.54256E-02  5.58435E-04  12.050900  3.397770
3  1500.000000   183.230000    1720.000000   106.756000    1760.000000   101.140000    7.89685E-02  7.93483E-04  12.474200  2.813360
3  1500.000000   183.230000    1760.000000   101.140000    1800.000000   104.339000    2.51272E-02  2.60544E-04  11.603700  5.072290
3  1500.000000   183.230000    1800.000000   104.339000    1840.000000   80.146000     5.08069E-02  5.11900E-04  13.937400  3.397760
3  1500.000000   183.230000    1880.000000   68.179000     1920.000000   68.761000     4.34487E-02  4.39327E-04  37.475200  3.850080
3  1500.000000   183.230000    2280.000000   43.553000     2320.000000   45.377000     3.41118E-03  6.16857E-05  21.239200  22.810200
3  1500.000000   183.230000    800.000000    108.602000    880.000000    124.368000    2.43305E-02  2.52288E-04  19.526900  5.072450
3  1500.000000   183.230000    840.000000    121.214000    920.000000    140.952000    2.56102E-02  2.65555E-04  19.354300  5.072460
3  1500.000000   183.230000    880.000000    124.368000    960.000000    154.933000    2.68174E-02  2.78070E-04  19.566600  5.073210
3  1500.000000   183.230000    920.000000    140.952000    1000.000000   139.164000    2.29017E-02  2.43809E-04  22.051000  6.038390
3  1500.000000   183.230000    960.000000    154.933000    1040.000000   135.603000    2.51211E-02  2.60481E-04  23.542900  5.072850
3  1500.000000   183.230000    1000.000000   139.164000    1080.000000   116.772000    2.72894E-02  2.79667E-04  28.080000  4.513400
3  1500.000000   183.230000    1040.000000   135.603000    1120.000000   126.923000    4.59047E-02  4.62513E-04  23.914700  3.398290
3  1500.000000   183.230000    1080.000000   116.772000    1160.000000   133.280000    8.62172E-02  8.65629E-04  18.601600  2.592700
3  1500.000000   183.230000    1840.000000   80.146000     1920.000000   68.761000     8.94952E-02  9.03320E-04  13.989400  2.632130
3  1500.000000   183.230000    2000.000000   61.720000     2080.000000   61.209000     2.70510E-02  2.80492E-04  20.599300  5.072330
3  1500.000000   183.230000    2040.000000   57.680000     2120.000000   64.714000     3.12423E-02  3.20177E-04  20.860200  4.513150
3  1500.000000   183.230000    2080.000000   61.209000     2160.000000   69.496000     1.12667E-02  1.31152E-04  27.619500  8.322230
3  1500.000000   183.230000    2120.000000   64.714000     2200.000000   52.831000     9.75053E-03  1.14537E-04  19.593900  8.577620
3  1500.000000   183.230000    2200.000000   52.831000     2280.000000   43.553000     1.32518E-02  1.49977E-04  20.488000  6.887880
3  1500.000000   183.230000    2240.000000   43.386000     2320.000000   45.377000     1.11689E-02  1.30014E-04  22.154800  8.322160
3  1500.000000   183.230000    80.000000     108.382000    240.000000    92.290000     1.05834E-02  1.24356E-04  -6.485990  8.576650
3  1500.000000   183.230000    120.000000    102.908000    280.000000    93.398000     1.10003E-02  1.28134E-04  -0.602619  8.322580
3  1500.000000   183.230000    160.000000    97.335000     320.000000    95.039000     1.15866E-02  1.34958E-04  3.651220  8.322380
3  1500.000000   183.230000    200.000000    92.851000     360.000000    95.756000     1.19198E-02  1.38767E-04  6.872980  8.322320
3  1500.000000   183.230000    240.000000    92.290000     400.000000    101.442000    1.25718E-02  1.46346E-04  4.250100  8.322170
3  1500.000000   183.230000    280.000000    93.398000     440.000000    109.091000    1.27113E-02  1.47970E-04  10.992500  8.322580
3  1500.000000   183.230000    320.000000    95.039000     480.000000    117.202000    1.19653E-02  1.39284E-04  13.435500  8.322870
3  1500.000000   183.230000    360.000000    95.756000     520.000000    118.621000    1.23108E-02  1.43309E-04  15.875300  8.323090
3  1500.000000   183.230000    400.000000    101.442000    560.000000    114.524000    1.38164E-02  1.56360E-04  22.310000  6.888160
3  1500.000000   183.230000    440.000000    109.091000    600.000000    110.348000    1.51554E-02  1.65746E-04  20.238200  6.286950
3  1500.000000   183.230000    480.000000    117.202000    640.000000    121.240000    1.73169E-02  1.85426E-04  15.833200  5.990580
3  1500.000000   183.230000    520.000000    118.621000    680.000000    117.505000    1.88601E-02  2.01952E-04  22.533600  5.992420
3  1500.000000   183.230000    560.000000    114.524000    720.000000    113.178000    2.24135E-02  2.38614E-04  24.167200  6.039120
3  1500.000000   183.230000    600.000000    110.348000    760.000000    100.356000    3.20883E-02  3.26162E-04  23.983500  4.113200
3  1500.000000   183.230000    640.000000    121.240000    800.000000    108.602000    4.03818E-02  4.08329E-04  25.276300  3.850700
3  1500.000000   183.230000    680.000000    117.505000    840.000000    121.214000    4.71792E-02  4.75363E-04  21.934300  3.397980
3  1500.000000   183.230000    2160.000000   69.496000     2320.000000   45.377000     2.24909E-02  2.39431E-04  17.883400  6.038200
3  1540.000000   165.623000    1200.000000   143.288000    1240.000000   143.282000    5.42643E-02  5.46778E-04  12.233700  3.400040
3  1540.000000   165.623000    1240.000000   143.282000    1280.000000   155.645000    1.03375E-01  3.23493E-03  37.114900  23.414500
3  1540.000000   165.623000    1280.000000   155.645000    1320.000000   173.060000    7.21099E-02  7.26212E-04  11.029900  2.921940
3  1540.000000   165.623000    1320.000000   173.060000    1360.000000   187.371000    7.97739E-02  8.03219E-04  9.058240  2.826620
3  1540.000000   165.623000    1360.000000   187.371000    1400.000000   194.951000    9.16279E-02  9.21410E-04  8.165240  2.600700
3  1540.000000   165.623000    1600.000000   131.871000    1640.000000   112.857000    4.33179E-01  4.33920E-03  8.939490  1.299630
3  1540.000000   165.623000    1640.000000   112.857000    1680.000000   114.145000    1.75580E-01  1.76037E-03  13.590700  1.815740
3  1540.000000   165.623000    1680.000000   114.145000    1720.000000   106.756000    7.64313E-02  7.67989E-04  9.966980  2.813380
3  1540.000000   165.623000    1720.000000   106.756000    1760.000000   101.140000    9.70268E-02  9.73654E-04  11.050500  2.340730
3  1540.000000   165.623000    1760.000000   101.140000    1800.000000   104.339000    3.03822E-02  3.11360E-04  10.061900  4.512980
3  1540.000000   165.623000    1800.000000   104.339000    1840.000000   80.146000     5.99711E-02  6.03447E-04  12.367000  3.197490
3  1540.000000   165.623000    1840.000000   80.146000     1880.000000   68.179000     5.33670E-02  5.37699E-04  -11.232000  3.412770
3  1540.000000   165.623000    1880.000000   68.179000     1920.000000   68.761000     5.09367E-02  5.13610E-04  39.073100  3.559230
3  1540.000000   165.623000    2280.000000   43.553000     2320.000000   45.377000     3.72997E-03  5.98638E-05  11.791100  18.562400
3  1540.000000   165.623000    840.000000    121.214000    920.000000    140.952000    2.37675E-02  2.46913E-04  22.263100  5.072340
3  1540.000000   165.623000    880.000000    124.368000    960.000000    154.933000    2.48087E-02  2.57636E-04  22.064600  5.074040
3  1540.000000   165.623000    920.000000    140.952000    1000.000000   139.164000    2.10626E-02  2.24401E-04  24.736200  6.038690
3  1540.000000   165.623000    960.000000    154.933000    1040.000000   135.603000    2.30583E-02  2.45612E-04  25.723200  6.038710
3  1540.000000   165.623000    1000.000000   139.164000    1080.000000   116.772000    2.48734E-02  2.58034E-04  27.448400  5.072730
3  1540.000000   165.623000    1040.000000   135.603000    1120.000000   126.923000    4.13712E-02  4.18656E-04  25.098500  3.851470
3  1540.000000   165.623000    1080.000000   116.772000    1160.000000   133.280000    7.57340E-02  7.61581E-04  7.252680  2.818900
3  1540.000000   165.623000    1120.000000   126.923000    1200.000000   143.288000    9.32737E-02  9.37177E-04  23.470300  2.595790
3  1540.000000   165.623000    2000.000000   61.720000     2080.000000   61.209000     3.05439E-02  3.13020E-04  17.559000  4.512990
3  1540.000000   165.623000    2040.000000   57.680000     2120.000000   64.714000     3.52217E-02  3.57997E-04  17.312800  4.112050
3  1540.000000   165.623000    2080.000000   61.209000     2160.000000   69.496000     1.26069E-02  1.46754E-04  23.311700  8.322240
3  1540.000000   165.623000    2120.000000   64.714000     2200.000000   52.831000     1.07678E-02  1.26490E-04  21.351000  8.576730
3  1540.000000   165.623000    2160.000000   69.496000     2240.000000   43.386000     1.24220E-02  1.44649E-04  9.499650  8.324030
3  1540.000000   165.623000    2200.000000   52.831000     2280.000000   43.553000     1.44842E-02  1.64507E-04  7.200980  6.919480
3  1540.000000   165.623000    2240.000000   43.386000     2320.000000   45.377000     1.22093E-02  1.42126E-04  10.221900  8.322260
3  1540.000000   165.623000    0.000000      105.852000    160.000000    97.335000     1.05289E-02  2.55858E-04  4.606430  9.069520
3  1540.000000   165.623000    80.000000     108.382000    240.000000    92.290000     1.00540E-02  1.18357E-04  4.516620  8.594090
3  1540.000000   165.623000    120.000000    102.908000    280.000000    93.398000     1.04426E-02  1.23022E-04  9.782900  8.576620
3  1540.000000   165.623000    160.000000    97.335000     320.000000    95.039000     1.10216E-02  1.28686E-04  14.391400  8.354090
3  1540.000000   165.623000    200.000000    92.851000     360.000000    95.756000     1.12997E-02  1.32298E-04  16.791600  8.343440
3  1540.000000   165.623000    240.000000    92.290000     400.000000    101.442000    1.19074E-02  1.39445E-04  14.068000  8.360330
3  1540.000000   165.623000    280.000000    93.398000     440.000000    109.091000    1.20294E-02  1.40454E-04  20.778700  8.322330
3  1540.000000   165.623000    320.000000    95.039000     480.000000    117.202000    1.12761E-02  1.31513E-04  23.353400  8.322150
3  1540.000000   165.623000    360.000000    95.756000     520.000000    118.621000    1.16104E-02  1.35433E-04  25.694500  8.322360
3  1540.000000   165.623000    400.000000    101.442000    560.000000    114.524000    1.30145E-02  1.47664E-04  31.974000  6.890660
3  1540.000000   165.623000    440.000000    109.091000    600.000000    110.348000    1.42487E-02  1.61681E-04  28.844500  6.889930
3  1540.000000   165.623000    480.000000    117.202000    640.000000    121.240000    1.62955E-02  1.78705E-04  23.908900  6.287650
3  1540.000000   165.623000    520.000000    118.621000    680.000000    117.505000    1.77029E-02  1.90044E-04  29.964800  5.990340
3  1540.000000   165.623000    560.000000    114.524000    720.000000    113.178000    2.10016E-02  2.24192E-04  30.698600  6.038250
3  1540.000000   165.623000    600.000000    110.348000    760.000000    100.356000    3.00197E-02  3.09080E-04  29.552200  4.513190
3  1540.000000   165.623000    640.000000    121.240000    800.000000    108.602000    3.77052E-02  3.85106E-04  30.249100  4.112390
3  1540.000000   165.623000    680.000000    117.505000    840.000000    121.214000    4.40187E-02  4.47151E-04  26.374000  3.850170
3  1540.000000   165.623000    720.000000    113.178000    880.000000    124.368000    4.80794E-02  4.86458E-04  24.701100  3.397940
3  1580.000000   144.941000    0.000000      105.852000    40.000000     108.172000    3.15255E-03  5.70176E-05  3.256130  22.810200
3  1580.000000   144.941000    1240.000000   143.282000    1280.000000   155.645000    8.94562E-02  8.98140E-04  11.058300  2.594810
3  1580.000000   144.941000    1280.000000   155.645000    1320.000000   173.060000    6.15008E-02  6.18839E-04  10.167100  3.197720
3  1580.000000   144.941000    1320.000000   173.060000    1360.000000   187.371000    6.61380E-02  6.65500E-04  9.009590  3.197680
3  1580.000000   144.941000    1360.000000   187.371000    1400.000000   194.951000    7.26053E-02  7.29545E-04  8.133400  2.813560
3  1580.000000   144.941000    1400.000000   194.951000    1440.000000   204.976000    8.79463E-02  8.82981E-04  7.095080  2.592690
3  1580.000000   144.941000    1440.000000   204.976000    1480.000000   191.689000    8.03743E-02  8.07609E-04  8.267630  2.813420
3  1580.000000   144.941000    1480.000000   191.689000    1520.000000   175.987000    1.70878E-01  1.71322E-03  7.886080  1.815820
3  1580.000000   144.941000    1640.000000   112.857000    1680.000000   114.145000    2.90398E-01  2.90967E-03  12.413000  1.549970
3  1580.000000   144.941000    1680.000000   114.145000    1720.000000   106.756000    1.02478E-01  1.02836E-03  9.652650  2.340660
3  1580.000000   144.941000    1720.000000   106.756000    1760.000000   101.140000    1.18411E-01  1.18817E-03  11.179600  2.039740
3  1580.000000   144.941000    1760.000000   101.140000    1800.000000   104.339000    3.66372E-02  3.72384E-04  10.110500  4.112050
3  1580.000000   144.941000    1800.000000   104.339000    1840.000000   80.146000     6.97504E-02  7.00859E-04  12.592100  2.813360
3  1580.000000   144.941000    1840.000000   80.146000     1880.000000   68.179000     6.16190E-02  6.20035E-04  -8.569030  3.207000
3  1580.000000   144.941000    1880.000000   68.179000     1920.000000   68.761000     5.75316E-02  5.79125E-04  37.797200  3.322140
3  1580.000000   144.941000    2280.000000   43.553000     2320.000000   45.377000     4.05097E-03  6.50156E-05  23.660000  18.562400
3  1580.000000   144.941000    0.000000      105.852000    80.000000     108.382000    5.18234E-03  6.61914E-05  3.458470  12.638900
3  1580.000000   144.941000    40.000000     108.172000    120.000000    102.908000    4.44300E-03  7.13075E-05  5.027220  18.562400
3  1580.000000   144.941000    880.000000    124.368000    960.000000    154.933000    2.30945E-02  2.45859E-04  19.984600  6.038270
3  1580.000000   144.941000    920.000000    140.952000    1000.000000   139.164000    1.95577E-02  2.09416E-04  22.784000  5.990410
3  1580.000000   144.941000    960.000000    154.933000    1040.000000   135.603000    2.13467E-02  2.27253E-04  23.842100  6.039360
3  1580.000000   144.941000    1000.000000   139.164000    1080.000000   116.772000    2.29638E-02  2.44466E-04  25.849000  6.038200
3  1580.000000   144.941000    1040.000000   135.603000    1120.000000   126.923000    3.78040E-02  3.84244E-04  24.133500  4.112460
3  1580.000000   144.941000    1080.000000   116.772000    1160.000000   133.280000    6.89728E-02  6.93059E-04  4.805940  2.817620
3  1580.000000   144.941000    1120.000000   126.923000    1200.000000   143.288000    8.35270E-02  8.38619E-04  23.071100  2.594110
3  1580.000000   144.941000    1160.000000   133.280000    1240.000000   143.282000    9.05735E-02  9.09367E-04  30.769900  2.596220
3  1580.000000   144.941000    2000.000000   61.720000     2080.000000   61.209000     3.40686E-02  3.46277E-04  20.413700  4.112080
3  1580.000000   144.941000    2040.000000   57.680000     2120.000000   64.714000     3.92349E-02  3.96720E-04  20.016800  3.850150
3  1580.000000   144.941000    2080.000000   61.209000     2160.000000   69.496000     1.39422E-02  1.57781E-04  26.833800  6.887870
3  1580.000000   144.941000    2120.000000   64.714000     2200.000000   52.831000     1.17537E-02  1.36821E-04  26.784100  8.322190
3  1580.000000   144.941000    2160.000000   69.496000     2240.000000   43.386000     1.34526E-02  1.52240E-04  20.691400  6.888020
3  1580.000000   144.941000    2200.000000   52.831000     2280.000000   43.553000     1.56756E-02  1.71431E-04  23.075700  6.286870
3  1580.000000   144.941000    2240.000000   43.386000     2320.000000   45.377000     1.32524E-02  1.49975E-04  24.203500  6.887920
3  1580.000000   144.941000    0.000000      105.852000    160.000000    97.335000     1.01076E-02  1.18817E-04  5.247840  8.581120
3  1580.000000   144.941000    40.000000     108.172000    200.000000    92.851000     9.52124E-03  1.12163E-04  7.304540  8.579620
3  1580.000000   144.941000    80.000000     108.382000    240.000000    92.290000     9.62374E-03  1.13248E-04  9.405830  8.577680
3  1580.000000   144.941000    120.000000    102.908000    280.000000    93.398000     9.97690E-03  1.17635E-04  11.557200  8.576760
3  1580.000000   144.941000    160.000000    97.335000     320.000000    95.039000     1.05117E-02  1.24117E-04  13.626900  8.576840
3  1580.000000   144.941000    200.000000    92.851000     360.000000    95.756000     1.07517E-02  1.26358E-04  15.152600  8.576510
3  1580.000000   144.941000    240.000000    92.290000     400.000000    101.442000    1.13156E-02  1.31765E-04  10.923600  8.323220
3  1580.000000   144.941000    280.000000    93.398000     440.000000    109.091000    1.14147E-02  1.32876E-04  17.049400  8.322260
3  1580.000000   144.941000    320.000000    95.039000     480.000000    117.202000    1.06814E-02  1.25470E-04  18.568000  8.576620
3  1580.000000   144.941000    360.000000    95.756000     520.000000    118.621000    1.09857E-02  1.29045E-04  20.158100  8.576480
3  1580.000000   144.941000    400.000000    101.442000    560.000000    114.524000    1.22961E-02  1.43135E-04  26.395800  8.322150
3  1580.000000   144.941000    440.000000    109.091000    600.000000    110.348000    1.34451E-02  1.52156E-04  23.321600  6.887880
3  1580.000000   144.941000    480.000000    117.202000    640.000000    121.240000    1.53924E-02  1.68334E-04  18.773100  6.286970
3  1580.000000   144.941000    520.000000    118.621000    680.000000    117.505000    1.66741E-02  1.82351E-04  25.284700  6.287070
3  1580.000000   144.941000    560.000000    114.524000    720.000000    113.178000    1.97525E-02  2.11502E-04  26.437000  5.990400
3  1580.000000   144.941000    600.000000    110.348000    760.000000    100.356000    2.81849E-02  2.88844E-04  25.663000  4.513040
3  1580.000000   144.941000    640.000000    121.240000    800.000000    108.602000    3.53339E-02  3.59141E-04  26.590100  4.112430
3  1580.000000   144.941000    680.000000    117.505000    840.000000    121.214000    4.12381E-02  4.16979E-04  22.909300  3.850220
3  1580.000000   144.941000    720.000000    113.178000    880.000000    124.368000    4.49917E-02  4.54929E-04  21.492000  3.850190
3  1580.000000   144.941000    760.000000    100.356000    920.000000    140.952000    4.38712E-02  4.43599E-04  20.262300  3.850220
3  1620.000000   120.635000    1280.000000   155.645000    1320.000000   173.060000    5.02788E-02  5.06604E-04  11.072700  3.399140
3  1620.000000   120.635000    1320.000000   173.060000    1360.000000   187.371000    5.27992E-02  5.31989E-04  8.960970  3.399320
3  1620.000000   120.635000    1360.000000   187.371000    1400.000000   194.951000    5.64040E-02  5.67565E-04  7.806050  3.198700
3  1620.000000   120.635000    1400.000000   194.951000    1440.000000   204.976000    6.47368E-02  6.51414E-04  6.531190  3.198270
3  1620.000000   120.635000    1440.000000   204.976000    1480.000000   191.689000    5.42291E-02  5.46385E-04  7.820410  3.397970
3  1620.000000   120.635000    1480.000000   191.689000    1520.000000   175.987000    1.02049E-01  1.02406E-03  7.760880  2.341060
3  1620.000000   120.635000    1520.000000   175.987000    1560.000000   155.051000    4.28499E-01  4.29236E-03  10.392500  1.300420
3  1620.000000   120.635000    1680.000000   114.145000    1720.000000   106.756000    2.80357E-01  2.80906E-03  6.752360  1.550000
3  1620.000000   120.635000    1720.000000   106.756000    1760.000000   101.140000    1.97919E-01  1.98434E-03  9.603670  1.815680
3  1620.000000   120.635000    1760.000000   101.140000    1800.000000   104.339000    5.58199E-02  5.61677E-04  7.933490  3.197470
3  1620.000000   120.635000    1800.000000   104.339000    1840.000000   80.146000     9.63523E-02  9.66886E-04  11.288000  2.340620
3  1620.000000   120.635000    1840.000000   80.146000     1880.000000   68.179000     8.38270E-02  8.41623E-04  -8.675000  2.599080
3  1620.000000   120.635000    1880.000000   68.179000     1920.000000   68.761000     7.56741E-02  7.60790E-04  35.234800  2.937720
3  1620.000000   120.635000    2280.000000   43.553000     2320.000000   45.377000     4.77290E-03  7.66022E-05  19.831000  18.562400
3  1620.000000   120.635000    920.000000    140.952000    1000.000000   139.164000    1.70479E-02  1.86441E-04  24.038800  6.287250
3  1620.000000   120.635000    960.000000    154.933000    1040.000000   135.603000    1.85933E-02  1.99097E-04  25.457800  5.990990
3  1620.000000   120.635000    1000.000000   139.164000    1080.000000   116.772000    2.00295E-02  2.14474E-04  28.013300  5.991040
3  1620.000000   120.635000    1040.000000   135.603000    1120.000000   126.923000    3.24541E-02  3.29899E-04  25.791200  4.113530
3  1620.000000   120.635000    1080.000000   116.772000    1160.000000   133.280000    5.90880E-02  5.94679E-04  8.396640  3.205670
3  1620.000000   120.635000    1120.000000   126.923000    1200.000000   143.288000    7.09932E-02  7.13524E-04  24.593900  2.827140
3  1620.000000   120.635000    1160.000000   133.280000    1240.000000   143.282000    7.61400E-02  7.65154E-04  30.843300  2.818250
3  1620.000000   120.635000    1200.000000   143.288000    1280.000000   155.645000    1.13380E-01  1.13790E-03  11.987200  2.346840
3  1620.000000   120.635000    2000.000000   61.720000     2080.000000   61.209000     4.20617E-02  4.25303E-04  17.950400  3.850080
3  1620.000000   120.635000    2040.000000   57.680000     2120.000000   64.714000     4.84952E-02  4.88609E-04  17.622700  3.397810
3  1620.000000   120.635000    2080.000000   61.209000     2160.000000   69.496000     1.70531E-02  1.86494E-04  24.668800  6.287090
3  1620.000000   120.635000    2120.000000   64.714000     2200.000000   52.831000     1.39713E-02  1.58110E-04  25.212500  6.888420
3  1620.000000   120.635000    2160.000000   69.496000     2240.000000   43.386000     1.56449E-02  1.71094E-04  17.469300  6.286840
3  1620.000000   120.635000    2200.000000   52.831000     2280.000000   43.553000     1.82246E-02  1.95200E-04  18.129900  5.992320
3  1620.000000   120.635000    2240.000000   43.386000     2320.000000   45.377000     1.55708E-02  1.70284E-04  19.589000  6.286830
3  1620.000000   120.635000    80.000000     108.382000    240.000000    92.290000     8.79655E-03  1.05831E-04  -10.983900  9.584880
3  1620.000000   120.635000    120.000000    102.908000    280.000000    93.398000     9.09575E-03  1.09329E-04  -3.837900  9.576160
3  1620.000000   120.635000    200.000000    92.851000     360.000000    95.756000     9.76070E-03  1.14656E-04  5.197160  8.576840
3  1620.000000   120.635000    240.000000    92.290000     400.000000    101.442000    1.02646E-02  1.20580E-04  2.913120  8.576930
3  1620.000000   120.635000    280.000000    93.398000     440.000000    109.091000    1.03337E-02  1.21396E-04  10.878600  8.578130
3  1620.000000   120.635000    320.000000    95.039000     480.000000    117.202000    9.64688E-03  1.13319E-04  14.121400  8.577250
3  1620.000000   120.635000    360.000000    95.756000     520.000000    118.621000    9.89761E-03  1.16267E-04  17.155100  8.578010
3  1620.000000   120.635000    400.000000    101.442000    560.000000    114.524000    1.10462E-02  1.29756E-04  24.382200  8.576800
3  1620.000000   120.635000    440.000000    109.091000    600.000000    110.348000    1.20568E-02  1.40350E-04  22.148600  8.322180
3  1620.000000   120.635000    480.000000    117.202000    640.000000    121.240000    1.39194E-02  1.57522E-04  23.083300  6.887990
3  1620.000000   120.635000    520.000000    118.621000    680.000000    117.505000    1.49198E-02  1.68844E-04  25.063700  6.887880
3  1620.000000   120.635000    560.000000    114.524000    720.000000    113.178000    1.76387E-02  1.88868E-04  26.869600  5.990370
3  1620.000000   120.635000    600.000000    110.348000    760.000000    100.356000    2.51068E-02  2.60337E-04  26.643600  5.072650
3  1620.000000   120.635000    640.000000    121.240000    800.000000    108.602000    3.13105E-02  3.20883E-04  25.934200  4.513480
3  1620.000000   120.635000    680.000000    117.505000    840.000000    121.214000    3.66543E-02  3.72569E-04  24.724500  4.112640
3  1620.000000   120.635000    720.000000    113.178000    880.000000    124.368000    3.99460E-02  4.03922E-04  23.542800  3.850890
3  1620.000000   120.635000    760.000000    100.356000    920.000000    140.952000    3.88678E-02  3.93023E-04  22.526800  3.850720
3  1620.000000   120.635000    800.000000    108.602000    960.000000    154.933000    3.90856E-02  3.95226E-04  22.255000  3.851200
3  1660.000000   115.433000    1320.000000   173.060000    1360.000000   187.371000    3.48594E-02  3.54318E-04  10.452600  4.112340
3  1660.000000   115.433000    1360.000000   187.371000    1400.000000   194.951000    3.60659E-02  3.66581E-04  9.334150  4.112450
3  1660.000000   115.433000    1400.000000   194.951000    1440.000000   204.976000    3.78758E-02  3.84977E-04  6.254430  4.113220
3  1660.000000   115.433000    1440.000000   204.976000    1480.000000   191.689000    2.98803E-02  3.06219E-04  7.844390  4.513110
3  1660.000000   115.433000    1480.000000   191.689000    1520.000000   175.987000    5.11117E-02  5.14976E-04  7.914680  3.397940
3  1660.000000   115.433000    1520.000000   175.987000    1560.000000   155.051000    1.54169E-01  1.54622E-03  16.683300  4.516420
3  1660.000000   115.433000    1560.000000   155.051000    1600.000000   131.871000    3.06027E-01  3.06630E-03  4.479450  3.329570
3  1660.000000   115.433000    1720.000000   106.756000    1760.000000   101.140000    6.96908E-01  7.02588E-03  9.025770  2.614470
3  1660.000000   115.433000    1760.000000   101.140000    1800.000000   104.339000    1.35940E-01  1.36406E-03  5.060020  2.039740
3  1660.000000   115.433000    1800.000000   104.339000    1840.000000   80.146000     1.94535E-01  1.95041E-03  12.265700  1.815830
3  1660.000000   115.433000    1840.000000   80.146000     1880.000000   68.179000     1.47703E-01  1.48139E-03  -7.054000  1.868380
3  1660.000000   115.433000    1880.000000   68.179000     1920.000000   68.761000     1.20470E-01  1.20886E-03  33.505400  2.039740
3  1660.000000   115.433000    2280.000000   43.553000     2320.000000   45.377000     6.17810E-03  7.89098E-05  20.100900  12.638600
3  1660.000000   115.433000    960.000000    154.933000    1040.000000   135.603000    1.40088E-02  1.58542E-04  25.705200  6.888270
3  1660.000000   115.433000    1000.000000   139.164000    1080.000000   116.772000    1.51930E-02  1.66164E-04  27.800500  6.288640
3  1660.000000   115.433000    1040.000000   135.603000    1120.000000   126.923000    2.39027E-02  2.47876E-04  25.967800  5.074230
3  1660.000000   115.433000    1080.000000   116.772000    1160.000000   133.280000    4.29216E-02  4.34075E-04  9.874690  3.854720
3  1660.000000   115.433000    1120.000000   126.923000    1200.000000   143.288000    5.10338E-02  5.14293E-04  24.618200  3.402180
3  1660.000000   115.433000    1160.000000   133.280000    1240.000000   143.282000    5.36730E-02  5.40809E-04  30.396600  3.398950
3  1660.000000   115.433000    1200.000000   143.288000    1280.000000   155.645000    7.77868E-02  7.81664E-04  12.728500  2.816430
3  1660.000000   115.433000    1240.000000   143.282000    1320.000000   173.060000    8.36977E-02  8.40367E-04  11.917300  2.594330
3  1660.000000   115.433000    2000.000000   61.720000     2080.000000   61.209000     5.93814E-02  5.98695E-04  18.361100  3.223700
3  1660.000000   115.433000    2080.000000   61.209000     2160.000000   69.496000     2.33665E-02  2.42287E-04  24.389900  5.072420
3  1660.000000   115.433000    2120.000000   64.714000     2200.000000   52.831000     1.83707E-02  1.96706E-04  25.367800  5.990460
3  1660.000000   115.433000    2160.000000   69.496000     2240.000000   43.386000     2.00045E-02  2.14200E-04  17.877100  5.990410
3  1660.000000   115.433000    2200.000000   52.831000     2280.000000   43.553000     2.32737E-02  2.41325E-04  19.012500  5.072310
3  1660.000000   115.433000    2240.000000   43.386000     2320.000000   45.377000     2.01232E-02  2.14226E-04  20.185000  6.038200
3  1660.000000   115.433000    40.000000     108.172000    200.000000    92.851000     7.31893E-03  9.73110E-05  -1.220230  12.411700
3  1660.000000   115.433000    80.000000     108.382000    240.000000    92.290000     7.36111E-03  1.03011E-04  9.610080  12.882200
3  1660.000000   115.433000    120.000000    102.908000    280.000000    93.398000     7.59127E-03  1.11667E-04  16.419500  13.484700
3  1660.000000   115.433000    240.000000    92.290000     400.000000    101.442000    8.48679E-03  1.04147E-04  10.276100  9.641290
3  1660.000000   115.433000    280.000000    93.398000     440.000000    109.091000    8.50444E-03  1.02905E-04  14.798000  9.576160
3  1660.000000   115.433000    320.000000    95.039000     480.000000    117.202000    7.89379E-03  9.48644E-05  16.271400  9.575480
3  1660.000000   115.433000    360.000000    95.756000     520.000000    118.621000    8.04380E-03  9.66575E-05  18.495900  9.575700
3  1660.000000   115.433000    400.000000    101.442000    560.000000    114.524000    8.91147E-03  1.07101E-04  25.838900  9.576860
3  1660.000000   115.433000    440.000000    109.091000    600.000000    110.348000    9.67931E-03  1.13716E-04  23.503700  8.577420
3  1660.000000   115.433000    480.000000    117.202000    640.000000    121.240000    1.11543E-02  1.31055E-04  24.206800  8.577350
3  1660.000000   115.433000    520.000000    118.621000    680.000000    117.505000    1.19152E-02  1.38724E-04  26.064600  8.323070
3  1660.000000   115.433000    560.000000    114.524000    720.000000    113.178000    1.40224E-02  1.58728E-04  27.637800  6.888860
3  1660.000000   115.433000    600.000000    110.348000    760.000000    100.356000    1.98486E-02  2.12612E-04  27.230600  5.991960
3  1660.000000   115.433000    640.000000    121.240000    800.000000    108.602000    2.46868E-02  2.56074E-04  26.378500  5.079210
3  1660.000000   115.433000    680.000000    117.505000    840.000000    121.214000    2.88407E-02  2.95669E-04  25.050300  4.525440
3  1660.000000   115.433000    720.000000    113.178000    880.000000    124.368000    3.13615E-02  3.21484E-04  23.661000  14.921000
3  1660.000000   115.433000    760.000000    100.356000    920.000000    140.952000    3.03870E-02  3.11479E-04  22.446900  4.522800
3  1660.000000   115.433000    800.000000    108.602000    960.000000    154.933000    3.04028E-02  3.11623E-04  22.026000  4.518470
3  1660.000000   115.433000    840.000000    121.214000    1000.000000   139.164000    2.80842E-02  2.87829E-04  22.837300  4.513610
3  1660.000000   115.433000    0.000000      105.852000    320.000000    95.039000     1.57576E-02  2.19133E-04  -2.635010  9.013760
3  1660.000000   115.433000    40.000000     108.172000    360.000000    95.756000     1.54042E-02  1.82777E-04  8.103590  7.264480
3  1700.000000   114.563000    0.000000      105.852000    40.000000     108.172000    2.22748E-03  5.97339E-05  24.792100  29.851300
3  1700.000000   114.563000    1360.000000   187.371000    1400.000000   194.951000    2.83736E-02  2.90787E-04  9.954760  4.513970
3  1700.000000   114.563000    1400.000000   194.951000    1440.000000   204.976000    2.99198E-02  3.06630E-04  7.900990  4.513710
3  1700.000000   114.563000    1440.000000   204.976000    1480.000000   191.689000    2.24289E-02  2.38774E-04  7.880250  6.038380
3  1700.000000   114.563000    1480.000000   191.689000    1520.000000   175.987000    3.66598E-02  3.72618E-04  8.507390  4.112520
3  1700.000000   114.563000    1520.000000   175.987000    1560.000000   155.051000    9.52102E-02  9.55958E-04  15.499100  2.594480
3  1700.000000   114.563000    1560.000000   155.051000    1600.000000   131.871000    1.39681E-01  1.40094E-03  4.942390  1.870620
3  1700.000000   114.563000    1600.000000   131.871000    1640.000000   112.857000    6.46378E-01  7.76759E-03  14.103500  10.908600
3  1700.000000   114.563000    1760.000000   101.140000    1800.000000   104.339000    3.04769E-01  3.05366E-03  5.339010  1.549950
3  1700.000000   114.563000    1800.000000   104.339000    1840.000000   80.146000     3.39239E-01  3.39819E-03  9.856650  1.299480
3  1700.000000   114.563000    1840.000000   80.146000     1880.000000   68.179000     2.16000E-01  2.16546E-03  -7.272710  1.889850
3  1700.000000   114.563000    1880.000000   68.179000     1920.000000   68.761000     1.56130E-01  1.56586E-03  9.875810  1.868280
3  1700.000000   114.563000    2280.000000   43.553000     2320.000000   45.377000     6.78128E-03  8.52488E-05  20.713700  12.114100
3  1700.000000   114.563000    0.000000      105.852000    80.000000     108.382000    3.65494E-03  5.86611E-05  22.238600  18.562400
3  1700.000000   114.563000    40.000000     108.172000    120.000000    102.908000    3.11006E-03  5.62420E-05  16.959200  22.810200
3  1700.000000   114.563000    440.000000    109.091000    520.000000    118.621000    3.51091E-03  6.34906E-05  24.592800  22.810500
3  1700.000000   114.563000    1000.000000   139.164000    1080.000000   116.772000    1.30578E-02  1.47783E-04  27.983400  6.890890
3  1700.000000   114.563000    1040.000000   135.603000    1120.000000   126.923000    2.03170E-02  2.16327E-04  26.230600  6.041430
3  1700.000000   114.563000    1080.000000   116.772000    1160.000000   133.280000    3.61350E-02  3.67395E-04  9.715010  4.124400
3  1700.000000   114.563000    1120.000000   126.923000    1200.000000   143.288000    4.25628E-02  4.30463E-04  24.991500  3.863740
3  1700.000000   114.563000    1160.000000   133.280000    1240.000000   143.282000    4.43471E-02  4.48464E-04  31.477300  3.855540
3  1700.000000   114.563000    1200.000000   143.288000    1280.000000   155.645000    6.37735E-02  6.41855E-04  13.435100  3.204960
3  1700.000000   114.563000    1240.000000   143.282000    1320.000000   173.060000    6.81917E-02  6.85320E-04  12.610900  2.820290
3  1700.000000   114.563000    1280.000000   155.645000    1360.000000   187.371000    5.50386E-02  5.54569E-04  11.560100  3.399910
3  1700.000000   114.563000    2040.000000   57.680000     2120.000000   64.714000     7.92184E-02  7.95994E-04  17.052100  2.813380
3  1700.000000   114.563000    2080.000000   61.209000     2160.000000   69.496000     2.65238E-02  2.75025E-04  24.024800  5.072290
3  1700.000000   114.563000    2120.000000   64.714000     2200.000000   52.831000     2.04359E-02  2.17557E-04  25.791000  6.038190
3  1700.000000   114.563000    2160.000000   69.496000     2240.000000   43.386000     2.23017E-02  2.37419E-04  18.953700  6.038280
3  1700.000000   114.563000    2200.000000   52.831000     2280.000000   43.553000     2.58378E-02  2.67912E-04  19.883500  5.072290
3  1700.000000   114.563000    2240.000000   43.386000     2320.000000   45.377000     2.21712E-02  2.36030E-04  20.725300  6.038190
3  1700.000000   114.563000    0.000000      105.852000    160.000000    97.335000     7.08007E-03  8.90390E-05  19.123800  12.122700
3  1700.000000   114.563000    40.000000     108.172000    200.000000    92.851000     6.62691E-03  8.33135E-05  15.915900  43.502300
3  1700.000000   114.563000    80.000000     108.382000    240.000000    92.290000     6.65913E-03  8.37306E-05  15.714300  12.125300
3  1700.000000   114.563000    120.000000    102.908000    280.000000    93.398000     6.86092E-03  8.62623E-05  16.175500  12.122200
3  1700.000000   114.563000    280.000000    93.398000     440.000000    109.091000    7.64295E-03  9.61047E-05  19.530800  12.115000
3  1700.000000   114.563000    320.000000    95.039000     480.000000    117.202000    7.08031E-03  8.90165E-05  20.846800  12.114700
3  1700.000000   114.563000    400.000000    101.442000    560.000000    114.524000    7.97077E-03  9.57919E-05  28.677100  9.577390
3  1700.000000   114.563000    440.000000    109.091000    600.000000    110.348000    8.64003E-03  1.03832E-04  25.425000  9.576700
3  1700.000000   114.563000    480.000000    117.202000    640.000000    121.240000    9.93553E-03  1.16723E-04  25.509100  8.578190
3  1700.000000   114.563000    520.000000    118.621000    680.000000    117.505000    1.05925E-02  1.24440E-04  26.898000  8.578060
3  1700.000000   114.563000    560.000000    114.524000    720.000000    113.178000    1.24327E-02  1.44744E-04  28.160100  8.324030
3  1700.000000   114.563000    600.000000    110.348000    760.000000    100.356000    1.75428E-02  1.87897E-04  27.644800  5.995160
3  1700.000000   114.563000    640.000000    121.240000    800.000000    108.602000    2.17607E-02  2.31738E-04  26.538700  6.043230
3  1700.000000   114.563000    680.000000    117.505000    840.000000    121.214000    2.53664E-02  2.63116E-04  25.028000  5.078020
3  1700.000000   114.563000    720.000000    113.178000    880.000000    124.368000    2.75115E-02  2.82040E-04  23.537000  4.519400
3  1700.000000   114.563000    760.000000    100.356000    920.000000    140.952000    2.65720E-02  2.75591E-04  22.153600  5.076320
3  1700.000000   114.563000    800.000000    108.602000    960.000000    154.933000    2.65068E-02  2.74905E-04  21.814500  5.077060
3  1700.000000   114.563000    840.000000    121.214000    1000.000000   139.164000    2.44917E-02  2.53986E-04  22.802200  5.074080
3  1700.000000   114.563000    880.000000    124.368000    1040.000000   135.603000    2.58177E-02  2.67732E-04  23.617400  5.073900
3  1700.000000   114.563000    0.000000      105.852000    320.000000    95.039000     1.42649E-02  1.62048E-04  18.075500  18.461700
3  1700.000000   114.563000    40.000000     108.172000    360.000000    95.756000     1.39205E-02  1.58220E-04  17.173000  6.921340
3  1700.000000   114.563000    80.000000     108.382000    400.000000    101.442000    1.42982E-02  1.61986E-04  14.671100  6.895120
3  1780.000000   103.229000    0.000000      105.852000    40.000000     108.172000    1.87246E-03  5.02799E-05  -5.851900  29.860700
3  1780.000000   103.229000    1280.000000   155.645000    1320.000000   173.060000    1.85073E-02  5.10215E-04  -1.381730  18.450200
3  1780.000000   103.229000    1440.000000   204.976000    1480.000000   191.689000    1.40020E-02  1.58496E-04  9.528710  6.906990
3  1780.000000   103.229000    1480.000000   191.689000    1520.000000   175.987000    2.28211E-02  2.43348E-04  0.803547  21.667700
3  1780.000000   103.229000    1560.000000   155.051000    1600.000000   131.871000    7.11523E-02  7.25853E-04  0.312548  2.864670
3  1780.000000   103.229000    1600.000000   131.871000    1640.000000   112.857000    2.09378E-01  3.61374E-03  1.206990  10.044000
3  1780.000000   103.229000    1640.000000   112.857000    1680.000000   114.145000    2.92669E-01  3.46912E-03  5.554070  5.941950
3  1780.000000   103.229000    1680.000000   114.145000    1720.000000   106.756000    3.66995E-01  3.67784E-03  5.342580  1.364540
3  1780.000000   103.229000    1880.000000   68.179000     1920.000000   68.761000     3.66670E-01  3.67297E-03  77.791300  1.299460
3  1780.000000   103.229000    2080.000000   61.209000     2120.000000   64.714000     2.47482E-02  2.56614E-04  17.571300  5.072310
3  1780.000000   103.229000    2280.000000   43.553000     2320.000000   45.377000     8.29403E-03  9.96644E-05  18.706500  9.575450
3  1780.000000   103.229000    0.000000      105.852000    80.000000     108.382000    3.06488E-03  5.54838E-05  -5.526550  22.814500
3  1780.000000   103.229000    40.000000     108.172000    120.000000    102.908000    2.58778E-03  4.68342E-05  -3.481320  22.815200
3  1780.000000   103.229000    1080.000000   116.772000    1160.000000   133.280000    2.58685E-02  2.68264E-04  12.796700  5.077330
3  1780.000000   103.229000    1120.000000   126.923000    1200.000000   143.288000    3.02019E-02  3.09515E-04  27.519900  4.523210
3  1780.000000   103.229000    1160.000000   133.280000    1240.000000   143.282000    3.10328E-02  3.18033E-04  34.051800  4.514350
3  1780.000000   103.229000    1280.000000   155.645000    1360.000000   187.371000    3.73006E-02  1.09659E-03  -2.231790  18.428900
3  1780.000000   103.229000    1320.000000   173.060000    1400.000000   194.951000    3.76839E-02  7.46808E-04  -3.078900  18.685100
3  1780.000000   103.229000    1360.000000   187.371000    1440.000000   204.976000    3.81200E-02  3.96463E-04  0.042010  14.885500
3  1780.000000   103.229000    2120.000000   64.714000     2200.000000   52.831000     2.58222E-02  2.67750E-04  24.241800  5.072290
3  1780.000000   103.229000    2160.000000   69.496000     2240.000000   43.386000     2.78014E-02  2.84912E-04  17.095500  4.513010
3  1780.000000   103.229000    2200.000000   52.831000     2280.000000   43.553000     3.18681E-02  3.26587E-04  17.671300  4.512980
3  1780.000000   103.229000    2240.000000   43.386000     2320.000000   45.377000     2.72144E-02  2.78896E-04  18.643700  4.513000
3  1780.000000   103.229000    0.000000      105.852000    160.000000    97.335000     5.89937E-03  7.53615E-05  -2.996340  12.640700
3  1780.000000   103.229000    40.000000     108.172000    200.000000    92.851000     5.48582E-03  7.02114E-05  0.352175  12.660300
3  1780.000000   103.229000    80.000000     108.382000    240.000000    92.290000     5.48641E-03  7.02562E-05  4.390680  12.663300
3  1780.000000   103.229000    120.000000    102.908000    280.000000    93.398000     5.62636E-03  7.19972E-05  9.398500  12.659300
3  1780.000000   103.229000    360.000000    95.756000     520.000000    118.621000    5.74850E-03  7.35963E-05  26.698600  12.657500
3  1780.000000   103.229000    400.000000    101.442000    560.000000    114.524000    6.31756E-03  7.95709E-05  33.001700  12.135100
3  1780.000000   103.229000    440.000000    109.091000    600.000000    110.348000    6.81593E-03  8.58023E-05  29.941000  12.128500
3  1780.000000   103.229000    480.000000    117.202000    640.000000    121.240000    7.81553E-03  9.40396E-05  29.987000  9.591210
3  1780.000000   103.229000    520.000000    118.621000    680.000000    117.505000    8.30106E-03  9.98518E-05  31.194800  9.587410
3  1780.000000   103.229000    560.000000    114.524000    720.000000    113.178000    9.69448E-03  1.13977E-04  32.255000  8.587350
3  1780.000000   103.229000    600.000000    110.348000    760.000000    100.356000    1.35966E-02  1.54039E-04  31.705300  6.903940
3  1780.000000   103.229000    640.000000    121.240000    800.000000    108.602000    1.68034E-02  1.83962E-04  30.530500  6.303280
3  1780.000000   103.229000    680.000000    117.505000    840.000000    121.214000    1.95304E-02  2.09340E-04  28.976600  6.006380
3  1780.000000   103.229000    720.000000    113.178000    880.000000    124.368000    2.11129E-02  2.24964E-04  27.461600  6.052440
3  1780.000000   103.229000    760.000000    100.356000    920.000000    140.952000    2.02943E-02  2.17429E-04  25.940100  6.000420
3  1780.000000   103.229000    800.000000    108.602000    960.000000    154.933000    2.01419E-02  2.15766E-04  25.459900  5.998570
3  1780.000000   103.229000    840.000000    121.214000    1000.000000   139.164000    1.84411E-02  1.97506E-04  26.168300  5.995510
3  1780.000000   103.229000    880.000000    124.368000    1040.000000   135.603000    1.93359E-02  2.07070E-04  26.978300  5.993250
3  1780.000000   103.229000    920.000000    140.952000    1080.000000   116.772000    1.80308E-02  1.93085E-04  29.448700  5.992570
3  1780.000000   103.229000    960.000000    154.933000    1120.000000   126.923000    2.37355E-02  2.46125E-04  29.121500  5.073070
3  1780.000000   103.229000    0.000000      105.852000    320.000000    95.039000     1.17806E-02  1.38089E-04  5.818870  8.350770
3  1780.000000   103.229000    40.000000     108.172000    360.000000    95.756000     1.14124E-02  1.32908E-04  10.143400  8.323060
3  1780.000000   103.229000    80.000000     108.382000    400.000000    101.442000    1.16783E-02  1.35987E-04  10.905700  8.325570
3  1780.000000   103.229000    120.000000    102.908000    440.000000    109.091000    1.17920E-02  1.37431E-04  16.719000  8.335080
3  1780.000000   103.229000    160.000000    97.335000     480.000000    117.202000    1.15472E-02  1.34533E-04  19.891400  8.328150
3  1860.000000   72.265000     1640.000000   112.857000    1680.000000   114.145000    1.29162E-01  3.15104E-03  -4.880050  19.967400
3  1860.000000   72.265000     1680.000000   114.145000    1720.000000   106.756000    1.19101E-01  1.19909E-03  5.199490  7.948350
3  1860.000000   72.265000     1720.000000   106.756000    1760.000000   101.140000    3.72288E-01  4.33943E-03  1.164090  7.867810
3  1860.000000   72.265000     1760.000000   101.140000    1800.000000   104.339000    2.99773E-01  3.01859E-03  5.262700  1.556510
3  1860.000000   72.265000     2080.000000   61.209000     2120.000000   64.714000     3.51859E-02  3.57633E-04  17.825900  4.112110
3  1860.000000   72.265000     2160.000000   69.496000     2200.000000   52.831000     1.84987E-02  1.98077E-04  19.761400  5.990350
3  1860.000000   72.265000     2280.000000   43.553000     2320.000000   45.377000     9.89580E-03  1.16242E-04  20.678800  8.576430
3  1860.000000   72.265000     1160.000000   133.280000    1240.000000   143.282000    2.27391E-02  2.42212E-04  28.675400  6.048310
3  1860.000000   72.265000     1200.000000   143.288000    1280.000000   155.645000    3.09183E-02  3.17073E-04  14.922900  4.530620
3  1860.000000   72.265000     1240.000000   143.282000    1320.000000   173.060000    3.25641E-02  3.31157E-04  14.119200  4.123490
3  1860.000000   72.265000     1280.000000   155.645000    1360.000000   187.371000    2.59008E-02  2.68609E-04  13.187500  5.075890
3  1860.000000   72.265000     1320.000000   173.060000    1400.000000   194.951000    2.59669E-02  2.69279E-04  12.374000  5.074360
3  1860.000000   72.265000     1360.000000   187.371000    1440.000000   204.976000    2.56638E-02  2.66123E-04  10.531600  5.073880
3  1860.000000   72.265000     1400.000000   194.951000    1480.000000   191.689000    2.21242E-02  2.35536E-04  9.378910  6.038700
3  1860.000000   72.265000     1440.000000   204.976000    1520.000000   175.987000    2.44617E-02  2.53648E-04  10.053800  5.072810
3  1860.000000   72.265000     2200.000000   52.831000     2280.000000   43.553000     3.87099E-02  3.91411E-04  20.127100  3.850070
3  1860.000000   72.265000     2240.000000   43.386000     2320.000000   45.377000     3.26579E-02  3.31938E-04  20.985000  4.112050
3  1860.000000   72.265000     80.000000     108.382000    240.000000    92.290000     4.59623E-03  7.39680E-05  -13.785400  18.594200
3  1860.000000   72.265000     120.000000    102.908000    280.000000    93.398000     4.69770E-03  7.57424E-05  -7.519670  18.587300
3  1860.000000   72.265000     440.000000    109.091000    600.000000    110.348000    5.47433E-03  7.02838E-05  19.170100  12.661700
3  1860.000000   72.265000     480.000000    117.202000    640.000000    121.240000    6.25945E-03  8.02774E-05  19.688900  12.659900
3  1860.000000   72.265000     520.000000    118.621000    680.000000    117.505000    6.62338E-03  8.36268E-05  21.508800  12.133500
3  1860.000000   72.265000     560.000000    114.524000    720.000000    113.178000    7.69839E-03  9.69397E-05  22.991700  12.133000
3  1860.000000   72.265000     600.000000    110.348000    760.000000    100.356000    1.07305E-02  1.26427E-04  23.294400  8.614530
3  1860.000000   72.265000     640.000000    121.240000    800.000000    108.602000    1.32123E-02  1.50044E-04  22.348800  6.934050
3  1860.000000   72.265000     680.000000    117.505000    840.000000    121.214000    1.53137E-02  1.68060E-04  20.940200  6.332010
3  1860.000000   72.265000     720.000000    113.178000    880.000000    124.368000    1.64993E-02  1.81007E-04  19.872000  6.325680
3  1860.000000   72.265000     760.000000    100.356000    920.000000    140.952000    1.57894E-02  1.73017E-04  18.528500  6.313910
3  1860.000000   72.265000     800.000000    108.602000    960.000000    154.933000    1.55934E-02  1.70779E-04  18.502900  6.313610
3  1860.000000   72.265000     840.000000    121.214000    1000.000000   139.164000    1.41499E-02  1.60219E-04  19.617300  6.893490
3  1860.000000   72.265000     880.000000    124.368000    1040.000000   135.603000    1.47592E-02  1.67108E-04  21.185500  6.893940
3  1860.000000   72.265000     920.000000    140.952000    1080.000000   116.772000    1.36600E-02  1.54641E-04  23.950400  6.892880
3  1860.000000   72.265000     960.000000    154.933000    1120.000000   126.923000    1.77375E-02  1.90045E-04  25.288400  6.001360
3  1860.000000   72.265000     1000.000000   139.164000    1160.000000   133.280000    2.59919E-02  2.69723E-04  18.749100  5.117330
3  1860.000000   72.265000     1040.000000   135.603000    1200.000000   143.288000    3.29986E-02  3.35761E-04  25.915900  4.135630
3  1860.000000   72.265000     40.000000     108.172000    360.000000    95.756000     9.51974E-03  1.13995E-04  -9.710430  8.687540
3  1860.000000   72.265000     80.000000     108.382000    400.000000    101.442000    9.70982E-03  1.14112E-04  -6.584210  8.577040
3  1860.000000   72.265000     120.000000    102.908000    440.000000    109.091000    9.76489E-03  1.14901E-04  0.437133  8.588270
3  1860.000000   72.265000     160.000000    97.335000     480.000000    117.202000    9.52331E-03  1.14739E-04  4.200850  9.584530
3  1860.000000   72.265000     200.000000    92.851000     520.000000    118.621000    9.57969E-03  1.12674E-04  7.969410  8.582290
3  1860.000000   72.265000     240.000000    92.290000     560.000000    114.524000    1.02122E-02  1.19998E-04  10.881700  8.579000
3  1937.000000   69.020000     1600.000000   131.871000    1640.000000   112.857000    5.05085E-02  5.09873E-04  14.302100  3.453680
3  1937.000000   69.020000     1640.000000   112.857000    1680.000000   114.145000    4.11881E-02  4.16795E-04  15.306600  3.872720
3  1937.000000   69.020000     1720.000000   106.756000    1760.000000   101.140000    7.96211E-02  8.00534E-04  13.284300  2.854930
3  1937.000000   69.020000     1760.000000   101.140000    1800.000000   104.339000    3.80187E-02  3.86449E-04  12.724900  4.114670
3  1937.000000   69.020000     1800.000000   104.339000    1840.000000   80.146000     1.52720E-01  1.53195E-03  12.579000  1.893490
3  1937.000000   69.020000     2080.000000   61.209000     2120.000000   64.714000     6.86936E-02  6.90240E-04  17.249100  2.813540
3  1937.000000   69.020000     2240.000000   43.386000     2280.000000   43.553000     2.84610E-02  2.91671E-04  20.147800  4.512980
3  1937.000000   69.020000     2280.000000   43.553000     2320.000000   45.377000     1.20530E-02  1.40305E-04  20.453900  8.322140
3  1937.000000   69.020000     1240.000000   143.282000    1320.000000   173.060000    1.75043E-02  1.92068E-04  20.286800  6.335990
3  1937.000000   69.020000     1280.000000   155.645000    1360.000000   187.371000    1.37630E-02  1.55944E-04  18.912200  6.908170
3  1937.000000   69.020000     1320.000000   173.060000    1400.000000   194.951000    1.36341E-02  1.54433E-04  17.990400  6.902260
3  1937.000000   69.020000     1360.000000   187.371000    1440.000000   204.976000    1.31308E-02  1.52942E-04  15.972000  8.332130
3  1937.000000   69.020000     1400.000000   194.951000    1480.000000   191.689000    1.10487E-02  1.29826E-04  14.681600  8.582330
3  1937.000000   69.020000     1440.000000   204.976000    1520.000000   175.987000    1.20782E-02  1.40635E-04  15.170300  8.326320
3  1937.000000   69.020000     1480.000000   191.689000    1560.000000   155.051000    2.40273E-02  2.49375E-04  17.489400  5.093580
3  1937.000000   69.020000     1520.000000   175.987000    1600.000000   131.871000    3.76420E-02  3.83083E-04  15.912500  4.146280
3  1937.000000   69.020000     520.000000    118.621000    680.000000    117.505000    4.54140E-03  7.29035E-05  20.247900  18.565200
3  1937.000000   69.020000     560.000000    114.524000    720.000000    113.178000    5.22344E-03  6.67634E-05  22.569300  12.646500
3  1937.000000   69.020000     600.000000    110.348000    760.000000    100.356000    7.18604E-03  9.07424E-05  24.524400  12.160300
3  1937.000000   69.020000     640.000000    121.240000    800.000000    108.602000    8.75977E-03  1.05617E-04  24.266300  9.634300
3  1937.000000   69.020000     680.000000    117.505000    840.000000    121.214000    1.00700E-02  1.18524E-04  23.133800  8.611790
3  1937.000000   69.020000     720.000000    113.178000    880.000000    124.368000    1.07487E-02  1.28028E-04  22.344500  8.796910
3  1937.000000   69.020000     760.000000    100.356000    920.000000    140.952000    1.01733E-02  1.20028E-04  20.953400  8.664190
3  1937.000000   69.020000     800.000000    108.602000    960.000000    154.933000    9.94172E-03  1.17132E-04  21.374400  8.631170
3  1937.000000   69.020000     840.000000    121.214000    1000.000000   139.164000    8.98654E-03  1.08173E-04  22.902300  9.591890
3  1937.000000   69.020000     880.000000    124.368000    1040.000000   135.603000    9.24312E-03  1.11241E-04  25.222900  9.591540
3  1937.000000   69.020000     920.000000    140.952000    1080.000000   116.772000    8.46183E-03  1.01806E-04  28.399500  9.586720
3  1937.000000   69.020000     960.000000    154.933000    1120.000000   126.923000    1.07075E-02  1.25980E-04  30.407100  8.591600
3  1937.000000   69.020000     1000.000000   139.164000    1160.000000   133.280000    1.50089E-02  1.64895E-04  30.635100  6.920850
3  1937.000000   69.020000     1040.000000   135.603000    1200.000000   143.288000    1.90224E-02  2.04632E-04  32.757100  6.190890
3  1937.000000   69.020000     1080.000000   116.772000    1240.000000   143.282000    2.34726E-02  2.44643E-04  29.815900  5.333030
3  1937.000000   69.020000     1120.000000   126.923000    1280.000000   155.645000    2.93198E-02  3.02190E-04  26.545300  4.758780
3  1937.000000   69.020000     160.000000    97.335000     480.000000    117.202000    6.91209E-03  8.69368E-05  -9.388990  12.121900
3  1937.000000   69.020000     200.000000    92.851000     520.000000    118.621000    6.89869E-03  8.78624E-05  -1.177340  12.267300
3  1937.000000   69.020000     240.000000    92.290000     560.000000    114.524000    7.29541E-03  9.19280E-05  3.916700  12.147500
3  1937.000000   69.020000     280.000000    93.398000     600.000000    110.348000    7.46532E-03  9.40503E-05  8.809400  12.115100
3  1937.000000   69.020000     320.000000    95.039000     640.000000    121.240000    7.66064E-03  9.63617E-05  12.431400  12.126100
3  2019.000000   59.719000     1680.000000   114.145000    1720.000000   106.756000    1.57273E-02  1.71997E-04  15.041900  6.301530
3  2019.000000   59.719000     1720.000000   106.756000    1760.000000   101.140000    4.01943E-02  4.06429E-04  15.886400  3.899010
3  2019.000000   59.719000     1760.000000   101.140000    1800.000000   104.339000    1.81353E-02  1.94186E-04  19.256600  5.996050
3  2019.000000   59.719000     1800.000000   104.339000    1840.000000   80.146000     6.21619E-02  6.25498E-04  16.409400  13.288100
3  2019.000000   59.719000     1840.000000   80.146000     1880.000000   68.179000     9.87332E-02  9.90778E-04  14.107800  12.982100
3  2019.000000   59.719000     1880.000000   68.179000     1920.000000   68.761000     1.87950E-01  1.88439E-03  14.280700  1.816600
3  2019.000000   59.719000     2360.000000   47.641000     2400.000000   52.837000     1.38160E-02  1.56352E-04  52.128500  6.887860
3  2019.000000   59.719000     1320.000000   173.060000    1400.000000   194.951000    9.25018E-03  1.11154E-04  16.496000  9.580480
3  2019.000000   59.719000     1360.000000   187.371000    1440.000000   204.976000    9.00705E-03  1.08232E-04  15.026700  9.582750
3  2019.000000   59.719000     1400.000000   194.951000    1480.000000   191.689000    7.60368E-03  9.55874E-05  14.397300  12.117700
3  2019.000000   59.719000     1440.000000   204.976000    1520.000000   175.987000    8.05380E-03  9.67777E-05  14.730400  9.577540
3  2019.000000   59.719000     1480.000000   191.689000    1560.000000   155.051000    1.54966E-02  1.69474E-04  17.437400  6.296730
3  2019.000000   59.719000     1520.000000   175.987000    1600.000000   131.871000    2.34433E-02  2.49573E-04  15.572900  6.052650
3  2019.000000   59.719000     1560.000000   155.051000    1640.000000   112.857000    4.34461E-02  4.39305E-04  13.834700  3.875820
3  2019.000000   59.719000     1600.000000   131.871000    1680.000000   114.145000    5.55385E-02  5.59584E-04  14.841400  3.435380
3  2019.000000   59.719000     600.000000    110.348000    760.000000    100.356000    5.80529E-03  7.41521E-05  22.143800  15.583900
3  2019.000000   59.719000     640.000000    121.240000    800.000000    108.602000    7.00293E-03  8.80387E-05  22.256900  16.474700
3  2019.000000   59.719000     680.000000    117.505000    840.000000    121.214000    7.97989E-03  1.00321E-04  21.337300  16.655200
3  2019.000000   59.719000     720.000000    113.178000    880.000000    124.368000    8.43021E-03  1.01305E-04  21.124500  9.588340
3  2019.000000   59.719000     760.000000    100.356000    920.000000    140.952000    7.88429E-03  9.91174E-05  20.167900  12.207300
3  2019.000000   59.719000     800.000000    108.602000    960.000000    154.933000    7.65060E-03  9.61795E-05  19.715500  12.144100
3  2019.000000   59.719000     840.000000    121.214000    1000.000000   139.164000    7.01062E-03  8.81326E-05  20.874500  12.117900
3  2019.000000   59.719000     880.000000    124.368000    1040.000000   135.603000    7.10888E-03  8.93679E-05  22.751100  12.118300
3  2019.000000   59.719000     920.000000    140.952000    1080.000000   116.772000    6.50297E-03  8.17508E-05  26.216500  12.116600
3  2019.000000   59.719000     960.000000    154.933000    1120.000000   126.923000    8.06585E-03  9.69233E-05  27.731200  9.576830
3  2019.000000   59.719000     1000.000000   139.164000    1160.000000   133.280000    1.08119E-02  1.27067E-04  25.612900  8.701730
3  2019.000000   59.719000     1040.000000   135.603000    1200.000000   143.288000    1.36789E-02  1.54812E-04  29.031700  6.911260
3  2019.000000   59.719000     1080.000000   116.772000    1240.000000   143.282000    1.66453E-02  1.82053E-04  26.558300  6.412980
3  2019.000000   59.719000     1120.000000   126.923000    1280.000000   155.645000    2.05767E-02  2.19072E-04  23.848400  6.146460
3  2019.000000   59.719000     1160.000000   133.280000    1320.000000   173.060000    2.13206E-02  2.26973E-04  23.057900  6.040960
3  2019.000000   59.719000     1200.000000   143.288000    1360.000000   187.371000    2.11278E-02  2.24924E-04  18.850600  6.071300
3  2019.000000   59.719000     160.000000    97.335000     480.000000    117.202000    5.83198E-03  7.45799E-05  12.823600  12.639700
3  2019.000000   59.719000     200.000000    92.851000     520.000000    118.621000    5.80312E-03  7.42405E-05  14.906300  12.640100
3  2019.000000   59.719000     240.000000    92.290000     560.000000    114.524000    6.11483E-03  7.82117E-05  16.327400  12.641500
3  2019.000000   59.719000     280.000000    93.398000     600.000000    110.348000    6.23335E-03  7.96398E-05  17.838400  12.643100
3  2019.000000   59.719000     320.000000    95.039000     640.000000    121.240000    6.35602E-03  8.11823E-05  19.032700  12.648300
3  2019.000000   59.719000     360.000000    95.756000     680.000000    117.505000    6.48636E-03  8.28483E-05  20.273800  12.639800
3  2019.000000   59.719000     400.000000    101.442000    720.000000    113.178000    7.24168E-03  9.10366E-05  23.651900  12.136000
3  2100.000000   58.057000     1640.000000   112.857000    1680.000000   114.145000    1.53163E-02  3.17291E-04  16.570700  17.593400
3  2100.000000   58.057000     1880.000000   68.179000     1920.000000   68.761000     6.08968E-02  2.37960E-03  21.386900  40.097400
3  2100.000000   58.057000     1400.000000   194.951000    1480.000000   191.689000    5.08298E-03  1.28991E-04  15.517700  27.673500
3  2100.000000   58.057000     1440.000000   204.976000    1520.000000   175.987000    5.28107E-03  6.83312E-05  14.906100  12.831200
3  2100.000000   58.057000     1480.000000   191.689000    1560.000000   155.051000    1.02753E-02  1.28566E-04  14.633800  11.519900
3  2100.000000   58.057000     1520.000000   175.987000    1600.000000   131.871000    1.54671E-02  1.69260E-04  14.879600  7.038560
3  2100.000000   58.057000     1560.000000   155.051000    1640.000000   112.857000    2.74105E-02  1.16998E-03  14.865000  44.588700
3  2100.000000   58.057000     1640.000000   112.857000    1720.000000   106.756000    2.41695E-02  2.52883E-04  16.836400  5.191300
3  2100.000000   58.057000     1680.000000   114.145000    1760.000000   101.140000    3.17880E-02  3.34073E-04  16.466600  4.575610
3  2100.000000   58.057000     840.000000    121.214000    1000.000000   139.164000    5.19783E-03  8.34267E-05  16.547700  18.562800
3  2100.000000   58.057000     880.000000    124.368000    1040.000000   135.603000    5.22816E-03  8.39099E-05  16.603600  18.562600
3  2100.000000   58.057000     920.000000    140.952000    1080.000000   116.772000    4.76809E-03  7.65293E-05  14.592500  18.578900
3  2100.000000   58.057000     960.000000    154.933000    1120.000000   126.923000    5.76944E-03  7.38171E-05  23.725200  12.650600
3  2100.000000   58.057000     1000.000000   139.164000    1160.000000   133.280000    7.31554E-03  9.23433E-05  30.179500  12.932000
3  2100.000000   58.057000     1040.000000   135.603000    1200.000000   143.288000    9.43042E-03  1.14215E-04  25.561400  10.016200
3  2100.000000   58.057000     1080.000000   116.772000    1240.000000   143.282000    1.12924E-02  1.36711E-04  26.380200  10.072400
3  2100.000000   58.057000     1120.000000   126.923000    1280.000000   155.645000    1.37605E-02  1.57845E-04  21.827600  7.674980
3  2100.000000   58.057000     1160.000000   133.280000    1320.000000   173.060000    1.44393E-02  1.65483E-04  16.593500  7.008070
3  2100.000000   58.057000     1200.000000   143.288000    1360.000000   187.371000    1.39644E-02  1.60487E-04  17.437800  7.109510
3  2100.000000   58.057000     1240.000000   143.282000    1400.000000   194.951000    1.41426E-02  1.60520E-04  16.409600  7.258250
3  2100.000000   58.057000     1280.000000   155.645000    1440.000000   204.976000    1.22593E-02  1.95988E-04  15.823400  13.267900
3  2180.000000   60.726000     2360.000000   47.641000     2400.000000   52.837000     7.42880E-02  7.46453E-04  52.431600  2.813350
3  2180.000000   60.726000     1480.000000   191.689000    1560.000000   155.051000    6.53136E-03  8.21077E-05  11.940000  12.148500
3  2180.000000   60.726000     1520.000000   175.987000    1600.000000   131.871000    9.51906E-03  1.14386E-04  11.126000  9.620740
3  2180.000000   60.726000     1560.000000   155.051000    1640.000000   112.857000    1.67419E-02  1.83099E-04  11.165800  7.126530
3  2180.000000   60.726000     1600.000000   131.871000    1680.000000   114.145000    2.03326E-02  2.17726E-04  12.849600  6.709840
3  2180.000000   60.726000     1640.000000   112.857000    1720.000000   106.756000    1.33597E-02  1.51192E-04  14.081900  6.916040
3  2180.000000   60.726000     1680.000000   114.145000    1760.000000   101.140000    1.57379E-02  1.72116E-04  13.765200  6.326520
3  2180.000000   60.726000     1720.000000   106.756000    1800.000000   104.339000    1.50987E-02  1.70870E-04  14.548700  6.915780
3  2180.000000   60.726000     1760.000000   101.140000    1840.000000   80.146000     1.59441E-02  1.74369E-04  17.237000  6.307050
3  2180.000000   60.726000     960.000000    154.933000    1120.000000   126.923000    4.60617E-03  7.39286E-05  20.119200  18.588100
3  2180.000000   60.726000     1000.000000   139.164000    1160.000000   133.280000    5.50050E-03  7.08118E-05  38.252300  14.683500
3  2180.000000   60.726000     1040.000000   135.603000    1200.000000   143.288000    7.27316E-03  9.14578E-05  22.296400  12.290200
3  2180.000000   60.726000     1080.000000   116.772000    1240.000000   143.282000    8.57028E-03  1.03027E-04  21.856200  10.620300
3  2180.000000   60.726000     1120.000000   126.923000    1280.000000   155.645000    1.02648E-02  1.20611E-04  19.488000  9.531570
3  2180.000000   60.726000     1200.000000   143.288000    1360.000000   187.371000    1.01549E-02  1.19287E-04  14.822200  8.904810
3  2180.000000   60.726000     1240.000000   143.282000    1400.000000   194.951000    1.01670E-02  1.19430E-04  13.404700  8.658530
3  2180.000000   60.726000     1280.000000   155.645000    1440.000000   204.976000    8.58901E-03  1.03209E-04  12.367000  9.584260
3  2180.000000   60.726000     1320.000000   173.060000    1480.000000   191.689000    7.72395E-03  9.70993E-05  12.167800  12.114100
3  2180.000000   60.726000     1360.000000   187.371000    1520.000000   175.987000    7.62121E-03  9.58078E-05  12.045800  12.141500
3  2260.000000   42.980000     2120.000000   64.714000     2160.000000   69.496000     9.63240E-02  9.66602E-04  15.043000  2.344730
3  2260.000000   42.980000     2160.000000   69.496000     2200.000000   52.831000     3.06524E-01  3.07128E-03  12.665000  1.550020
3  2260.000000   42.980000     1560.000000   155.051000    1640.000000   112.857000    1.02001E-02  1.19882E-04  8.161740  13.120700
3  2260.000000   42.980000     1600.000000   131.871000    1680.000000   114.145000    1.22203E-02  1.42332E-04  10.053600  11.912900
3  2260.000000   42.980000     1640.000000   112.857000    1720.000000   106.756000    7.86781E-03  9.89133E-05  10.269100  12.121300
3  2260.000000   42.980000     1680.000000   114.145000    1760.000000   101.140000    9.00691E-03  1.08238E-04  10.049100  9.583300
3  2260.000000   42.980000     1720.000000   106.756000    1800.000000   104.339000    8.54745E-03  1.02716E-04  10.730200  9.576240
3  2260.000000   42.980000     1760.000000   101.140000    1840.000000   80.146000     8.58872E-03  1.03209E-04  13.563200  9.576040
3  2260.000000   42.980000     1800.000000   104.339000    1880.000000   68.179000     1.31025E-02  1.52533E-04  14.602400  8.347920
3  2260.000000   42.980000     1360.000000   187.371000    1520.000000   175.987000    4.88749E-03  7.84427E-05  7.291460  18.683200
3  2260.000000   42.980000     1400.000000   194.951000    1560.000000   155.051000    6.29553E-03  8.04134E-05  8.019100  12.673100
3  2260.000000   42.980000     1440.000000   204.976000    1600.000000   131.871000    8.16911E-03  1.02700E-04  7.117650  12.164800
3  2340.000000   46.659000     2040.000000   57.680000     2080.000000   61.209000     1.71392E-02  1.87436E-04  18.304800  6.287740
3  2340.000000   46.659000     2120.000000   64.714000     2160.000000   69.496000     2.21350E-02  2.35643E-04  17.909400  6.038370
3  2340.000000   46.659000     2160.000000   69.496000     2200.000000   52.831000     5.32539E-02  5.36554E-04  14.990300  3.398640
3  2340.000000   46.659000     2200.000000   52.831000     2240.000000   43.386000     1.82429E-01  1.82903E-03  11.212900  1.815680
3  2340.000000   46.659000     1760.000000   101.140000    1840.000000   80.146000     5.07927E-03  8.15192E-05  8.434860  18.572600
3  2340.000000   46.659000     1800.000000   104.339000    1880.000000   68.179000     7.64020E-03  9.60526E-05  10.727000  12.136700
3  2420.000000   52.025000     2120.000000   64.714000     2160.000000   69.496000     6.41026E-03  8.05847E-05  18.780400  12.122900
3  2420.000000   52.025000     2160.000000   69.496000     2200.000000   52.831000     1.38490E-02  1.56726E-04  15.179100  6.891220
3  2420.000000   52.025000     2200.000000   52.831000     2240.000000   43.386000     4.60231E-02  4.65358E-04  11.629300  3.853010
3  2420.000000   52.025000     2280.000000   43.553000     2320.000000   45.377000     8.63432E-02  8.66886E-04  4.912990  2.592460
3  2420.000000   52.025000     2000.000000   61.720000     2080.000000   61.209000     8.60986E-03  1.03460E-04  14.380100  9.576580
3  2580.000000   52.581000     2280.000000   43.553000     2320.000000   45.377000     1.43155E-02  1.62004E-04  6.169280  6.888620
3  2580.000000   52.581000     2360.000000   47.641000     2400.000000   52.837000     3.14050E-02  3.21842E-04  25.016300  4.512980
3  2580.000000   52.581000     2040.000000   57.680000     2120.000000   64.714000     5.34509E-03  6.83022E-05  11.217000  13.701500
3  2580.000000   52.581000     2080.000000   61.209000     2160.000000   69.496000     3.18168E-03  5.75356E-05  17.562600  22.810300
3  2740.000000   86.111000     2040.000000   57.680000     2120.000000   64.714000     4.24861E-03  6.83771E-05  12.205300  20.997000
3  2740.000000   86.111000     2080.000000   61.209000     2160.000000   69.496000     2.28417E-03  6.12528E-05  17.779500  29.851300
