1.19514007063630e+02
8.85569599188605e+01
7.00323196709626e+01
8.39340385645809e+01
1.00194232048719e+02
9.60169235677840e+01
1.03985117093972e+02
2.05063863359940e+01
1.55514451998173e+01
1.53453986320972e+02
1.45264532295685e+02
7.19874780874799e+01
6.91650543616712e+01
7.12765000837630e+01
6.46574799497058e+01
5.95599686335217e+01
6.61954538321642e+01
2.38530563566708e+01
6.46859819016723e+01
6.13271069706534e+01
6.25676118672922e+01
7.04446761330451e+01
7.64449485326933e+01
8.27226924769198e+01
8.29543316046286e+01
7.22479400148761e+01
6.67922140435996e+01
6.94160958571244e+01
6.53763193018168e+01
6.94759900387696e+01
7.01033371286476e+01
6.08081233446616e+01
6.73547155698494e+01
6.96039392033461e+01
5.98083883147412e+01
4.06471802778150e+01
2.83015106328498e+01
2.26933831180001e+01
7.43739923639345e+01
8.67515501372319e+01
9.89533905630969e+01
1.10761311404560e+02
1.28334171897127e+02
1.35999878770839e+02
1.44242836524953e+02
1.55186679013549e+02
1.59407742341432e+02
1.50671708176330e+02
1.33450285802179e+02
1.17423211293247e+02
9.50350038166718e+01
8.29392861609702e+01
7.08305473240451e+01
5.21335066553640e+01
3.98644317080045e+01
2.00337204511643e+01
1.30688537092367e+01
9.46686392165447e+00
1.10426663467498e+01
1.57742933326856e+00
6.71692323358379e-01
1.25539002959943e+01
1.24841416841333e+01
1.35416974239730e+01
1.91853288932543e+01
1.74769476326476e+01
8.23622469620231e+00
7.79141905002918e+00
7.91858580678805e+00
8.42698405497278e+00
2.11847252452689e-01
7.15728491560056e+00
7.01500594230318e+00
7.12892135965207e+00
7.07182211661814e+00
6.68787674881332e+00
6.79116604854169e+00
7.61756539860305e+00
8.23925597198832e+00
8.91108976725206e+00
8.97286179628598e+00
7.82184676194342e+00
2.90759721709891e+00
2.31984547715264e+00
1.59447043934368e+00
1.05279913041271e+00
1.06388594698130e+01
1.18655045704980e+01
1.37008402527441e+01
1.44647978400679e+01
1.52886813523414e+01
1.64116544012767e+01
1.68200324596811e+01
1.58721164905630e+01
1.40236082705683e+01
1.23047748998890e+01
9.92821829610699e+00
8.64206454708300e+00
7.35967849788685e+00
5.39879211005708e+00
4.06942475385003e+00
2.74051382766545e+00
1.20512850539367e+01
8.51368318321388e-01
6.41730456482764e-01
5.38452999998776e+00
3.66892592439033e+00
3.25816952351868e+00
3.76479938370331e+00
3.91281815414825e+00
3.88459352696180e+00
4.22893091814058e+00
5.96837107982553e+00
2.10146425372588e+00
2.16570100525828e-01
3.96146674126753e+00
2.40149929641500e+00
2.20707134758457e+00
2.15360289886895e+00
2.11715654381645e+00
2.08644481536588e+00
2.12156672829720e+00
2.10025161376180e+00
1.98567227489024e+00
2.02040848361976e+00
2.27183618449641e+00
2.46238831116599e+00
2.67177980278696e+00
2.70455784594663e+00
2.37533493109007e+00
2.21486012036794e+00
2.35034497534231e+00
2.37463506077732e+00
2.21503697529975e+00
2.24912280595169e+00
6.81162920085042e-02
1.38033720109545e+00
9.37095088887627e-01
8.32074955364418e-01
9.54469618539380e-01
2.78941590508305e-01
7.09402695850074e-02
2.34234015752148e-02
1.02161022572740e+00
1.21497807508782e+00
1.17978259288519e+00
1.09460264382570e+00
9.74375297330949e-01
5.95199179684122e-01
5.51480073355014e-01
5.45699084644855e-01
5.43786064803766e-01
5.40117866522236e-01
5.53430509429761e-01
5.51729352094880e-01
5.26363828071136e-01
5.41499174861386e-01
6.17555323620005e-01
6.79251896730577e-01
2.92862274801364e-01
1.60470176806086e-01
1.06437892101721e-01
7.35737207009562e-01
7.37772241238394e-01
7.16949867621201e-01
7.05105457015822e-01
6.93498565257167e-01
7.15137251072617e-01
7.58555610726027e-01
7.74245990533663e-01
7.50864811527293e-01
7.72052559890166e-01
7.96303758294748e-01
8.37637088772615e-01
9.78007779313709e-01
1.11402433254029e+00
1.23852424502318e+00
1.42251885267790e+00
1.49451547911305e+00
1.57311382342513e+00
1.68194081964050e+00
1.71622632416193e+00
1.61342843618787e+00
1.42151370941244e+00
1.24356898413401e+00
1.00241043254295e+00
8.70282016233966e-01
7.39165529820612e-01
5.42187264664586e-01
4.07780625140878e-01
2.74817487256177e-01
1.77058387701987e-01
3.13323487737019e-02
1.49527495652294e-01
9.35573538960931e-02
1.50543470340648e-01
3.51378016750439e-01
1.30530432331907e-01
3.31320859242998e-02
1.06871575516454e-02
1.00526485085389e-01
1.29322371458328e-01
1.22975712436130e-01
1.13420280531252e-01
7.87609404689164e-02
8.04703431229689e-02
8.80942603643079e-02
9.70825735963192e-02
1.04594437390456e-01
1.14406333732418e-01
1.21247544426523e-01
1.22762663255046e-01
1.34029364368445e-01
1.63516844057455e-01
1.36990477141004e-01
7.47888193676521e-02
4.94736629567650e-02
7.51039536175094e-01
6.61997802631284e-01
5.79034870599785e-01
4.67311071448071e-01
4.05685980492886e-01
3.44426196227737e-01
2.52992396520239e-01
1.90108499783577e-01
1.28132019019591e-01
6.51172477493287e+01
8.15575971639275e+01
1.03865821224851e+02
1.34109387125483e+02
1.35435542522322e+02
1.51807226793486e+02
1.68321515850413e+02
3.12481235639925e+02
1.38963405928825e+01
1.16856122684815e+02
1.15107419296819e+02
1.21054587690168e+02
1.11723677724638e+02
1.03456336446371e+02
1.15896370083285e+02
1.22882594498039e+02
1.14190086491698e+02
1.41676961707633e+01
5.05048270330573e+00
1.13109249569606e+02
1.28056114353286e+02
1.39813108073461e+02
1.52219731637227e+02
1.53533799780840e+02
1.34298231126912e+02
1.24573646039347e+02
1.29696582409467e+02
1.22489076071707e+02
1.30639594882969e+02
1.32292942601945e+02
1.15144921587833e+02
1.27942914135269e+02
1.32641359215898e+02
1.35273847435032e+02
1.43827066586503e+02
5.62032163265838e+01
4.52014978314470e+01
3.15049725804990e+01
2.11912222228570e+01
1.90323330960624e+02
2.13422937528111e+02
2.47751461030729e+02
2.63046837838687e+02
2.79589613500302e+02
3.01457623177702e+02
3.10340853081478e+02
2.94007585381301e+02
2.60962853676761e+02
2.30090496364158e+02
1.86619912889055e+02
1.63213197319589e+02
1.39678309831038e+02
1.03077527377796e+02
7.82048937039488e+01
5.31653799755621e+01
1.80121917156011e+02
1.01591214101088e+02
6.20472434114487e+01
5.72392474130904e+01
9.49536928374385e+01
1.05294105526335e+02
1.26289187733439e+02
1.41129477707680e+02
2.79828232636191e+02
1.14548348318425e+02
1.09649373386543e+02
1.73541799780895e+01
1.23533270981269e+02
1.16567843041301e+02
1.08799278817021e+02
1.22988177419209e+02
1.32988908991247e+02
1.25269144796940e+02
1.17161685479214e+02
1.17216070625487e+02
1.76392719000568e+01
6.28436525939841e+00
1.57504915550452e+02
1.72937390225326e+02
1.76029330025571e+02
1.54840973601563e+02
1.44161408484953e+02
1.50391456196012e+02
1.42387376238979e+02
1.52558066825767e+02
1.55281888948005e+02
1.35714247829595e+02
1.51525418820242e+02
1.57776464917519e+02
1.61710361679673e+02
1.72616718410131e+02
1.62791817047097e+02
1.66986147137567e+02
6.97073990543845e+01
5.61403630172925e+01
3.91868327722382e+01
2.64008319772355e+01
2.99385162087497e+02
3.18493841289742e+02
3.39298193455683e+02
3.66814342964387e+02
3.78639180570945e+02
3.59752886408441e+02
3.20074255689797e+02
2.82797802804542e+02
2.29799644594747e+02
2.01398140330534e+02
1.72692285959675e+02
1.27683783133725e+02
9.70500758934403e+01
6.60642591746236e+01
2.77235315282574e+02
1.57903498836323e+02
1.07950126407629e+02
6.94618666894700e+01
7.18427649593281e+01
6.24598920844918e+01
9.68236653646520e+01
1.00145197949635e+02
2.12249893840504e+02
9.72965688849043e+01
1.00614932270595e+02
1.13125996924262e+02
1.22887472334585e+02
2.00149678403498e+01
1.06355144089409e+02
1.21197247206656e+02
1.32369342085400e+02
1.25764764264844e+02
1.18628965487566e+02
1.19888344861248e+02
1.40575328382851e+02
1.82607565752228e+02
2.02802037954259e+01
7.26791641184202e+00
1.85130030013559e+02
1.63776193604403e+02
1.53233632171574e+02
1.60293690107028e+02
1.52307568604256e+02
1.63837479157722e+02
1.67399900900064e+02
1.46793425943514e+02
1.64643909443451e+02
1.72310411904387e+02
1.77462720130539e+02
1.90302020314813e+02
1.80078181063631e+02
1.85108338118775e+02
2.03402619441919e+02
2.62264592196485e+02
7.97369227740475e+01
6.43003997808130e+01
4.49598663779707e+01
3.03438918570784e+01
3.79718331662121e+02
4.11519258191342e+02
4.25814335755192e+02
4.05482107239407e+02
3.61599583390937e+02
3.20218753297312e+02
2.60795965458829e+02
2.29038051294498e+02
1.96788559396080e+02
1.45780940307993e+02
1.11007973775742e+02
7.56902708256312e+01
1.98486891616009e+02
1.35992237501146e+02
9.41384416376906e+01
1.06099020952602e+02
1.03088517702725e+02
7.24351377166905e+01
6.48131500421507e+01
1.38971980687985e+02
7.99920718826320e+01
1.00011622892593e+02
1.12266720766571e+02
1.27492726386825e+02
1.06286955451844e+02
1.15723099424311e+02
5.25144875454261e+01
1.38683812856069e+02
1.32367162125160e+02
1.25342639946748e+02
1.27623949190612e+02
1.50475860097976e+02
1.96773040336383e+02
2.08927639040256e+02
1.94747685522279e+02
6.08094948778266e+01
1.68412866704376e+02
1.76111905240090e+02
1.67544028608259e+02
1.80836272481767e+02
1.85487844929163e+02
1.63106055761843e+02
1.83924393099578e+02
1.93655499853808e+02
2.00693177957242e+02
2.16412538470541e+02
2.05396624992336e+02
2.11244658769298e+02
2.32171800453309e+02
2.99185447140147e+02
3.99847270649258e+02
4.75305173208485e+02
9.37932807777995e+01
7.57054317380699e+01
5.30067476234040e+01
4.91896852949708e+02
4.69695462834191e+02
4.19965434212997e+02
3.72838367456559e+02
3.04383511149599e+02
2.67942692430871e+02
2.30725850738796e+02
1.71273063745578e+02
1.30667726682136e+02
8.92154592755754e+01
3.97337173519419e+02
2.33436323282046e+02
1.64231878963022e+02
1.19824320813117e+02
1.45006118880703e+02
1.53345755792393e+02
1.28563366836203e+02
1.21821121235158e+02
1.04434198380181e+02
1.08748412370906e+02
1.30834676512516e+02
1.12111887568167e+02
1.21500880325555e+02
1.48097882445328e+02
1.48011193977808e+02
2.80094816522908e+01
1.33772454648220e+02
1.36926219970242e+02
1.61898263152509e+02
2.12999816548308e+02
2.28159948929259e+02
2.13446758549224e+02
2.12306543394527e+02
1.76262728504295e+02
2.81130665414448e+01
1.01150149579701e+01
1.83193408841944e+02
1.98297540803476e+02
2.04253295607577e+02
1.80004159736693e+02
2.04164318107696e+02
2.16378843159770e+02
2.25900077875095e+02
2.45112219751094e+02
2.33240714240431e+02
2.39746055388220e+02
2.63280044413522e+02
3.38660900629025e+02
4.53380326230510e+02
5.40834496285093e+02
6.52372851331464e+02
6.22550708318841e+02
1.09912704248709e+02
8.87979631855403e+01
6.22686046786863e+01
4.21496418572298e+01
4.85336743713409e+02
4.32072813450574e+02
3.53664875376735e+02
3.12158568361557e+02
2.69470889219170e+02
2.00499811626858e+02
1.53294806250816e+02
1.04808724170727e+02
3.84015747557675e+02
1.15717041229084e+02
1.39059044431803e+02
1.49125933451694e+02
1.29313038583167e+02
1.27114904061520e+02
1.30893224354745e+02
1.70979803544348e+02
7.06945343121872e+01
1.14212485443073e+02
1.05046812709946e+02
1.17483279870883e+02
1.49246927381283e+02
1.49376283784274e+02
1.34138245002862e+02
1.37291443084755e+02
3.18364306177750e+01
2.97285390456526e+02
1.88428629388821e+02
1.67368794620174e+02
2.21925155700002e+02
2.39919672208471e+02
2.24860048730205e+02
2.23810532656352e+02
1.85691380400615e+02
1.57757953012136e+02
2.23744773366397e+02
3.17857078255478e+01
1.14047423182525e+01
2.15333202975740e+02
1.90034939098244e+02
2.16657915478676e+02
2.31045339956638e+02
2.42928756256841e+02
2.65221224086106e+02
2.53239714889076e+02
2.60578567399868e+02
2.86367620918541e+02
3.68224496093971e+02
4.94189469812216e+02
5.91726198241215e+02
7.16555185069279e+02
6.86231785711731e+02
6.12092791126544e+02
6.04240394727066e+02
1.24102599156325e+02
1.00364672191367e+02
7.04713020754009e+01
4.77538139447279e+01
3.95728586214837e+02
3.50277685290414e+02
3.03179714292815e+02
2.26114293737460e+02
1.73262326033643e+02
1.18625682965040e+02
4.37116637056688e+02
1.82756122514309e+02
1.63267434559869e+02
1.67278568539590e+02
1.79580299524906e+02
2.60578944128580e+02
9.27775812345702e+01
8.36619117108518e+01
7.15970475894488e+01
5.78232827485544e+01
9.95259679819092e+01
1.43097276786681e+02
1.45170696249946e+02
1.32087338858174e+02
1.40686804831992e+02
1.51904047154093e+02
2.07782527992531e+02
3.30749431729845e+01
3.41751661746533e+02
2.19763290442272e+02
1.58997313016806e+02
1.52947002707494e+02
2.51917685452207e+02
2.32893752361199e+02
2.27535073805304e+02
1.87192442637253e+02
1.58320847214033e+02
2.22461869210561e+02
2.32195190360086e+02
1.84203585614664e+02
3.29056480515758e+01
1.17040707334768e+01
2.10884818493138e+02
2.24604638432636e+02
2.36123640080984e+02
2.57967975920677e+02
2.47260748540422e+02
2.56238642364276e+02
2.83623861275331e+02
3.66928433264604e+02
4.94724632380295e+02
5.93999350411608e+02
7.21302877995266e+02
6.92687696908176e+02
6.19832151812810e+02
6.13999654385953e+02
5.16039140912405e+02
5.01140894141149e+02
1.28273383087754e+02
1.03958960036346e+02
7.31014030460563e+01
4.95616460903361e+01
3.11939906159943e+02
2.33091174252610e+02
1.78993828261397e+02
1.22782796158155e+02
4.93813600304365e+02
2.04926441133820e+02
2.22196151744759e+02
3.31761473553444e+02
1.09557528196738e+02
1.08006051257069e+02
1.64631887653376e+02
1.59598522568819e+02
1.02116835928764e+02
7.31522606951306e+01
9.79765279085144e+01
1.04450909984524e+02
1.27861746212075e+02
1.50182688486685e+02
2.15143876362830e+02
2.81828161320458e+02
2.47646784246492e+02
7.56287721636299e+01
3.46018259065872e+01
3.88744333317990e+02
2.52367577173020e+02
1.84171053506199e+02
1.77864186270308e+02
2.06017865859198e+02
2.05254231538408e+02
2.39060031662584e+02
1.95283446783210e+02
1.63798295447207e+02
2.26993325326753e+02
2.34931820630983e+02
1.83473048815039e+02
1.84787370823078e+02
1.85815777141123e+02
1.21511143190320e+01
2.30958578381119e+02
2.51819970836990e+02
2.41771996486826e+02
2.52122658861216e+02
2.80987165731192e+02
3.65487949570583e+02
4.94899198637085e+02
5.96119204618138e+02
7.26411655635141e+02
6.99925411561810e+02
6.28557498155726e+02
6.24898721742772e+02
5.26751383237855e+02
5.12916906322191e+02
4.71705960175389e+02
3.47124125291026e+02
1.33075123207214e+02
1.08143762692745e+02
7.62162940434696e+01
5.17503883558222e+01
1.85582513139398e+02
1.27599423449030e+02
5.33368169359797e+02
3.84508664919139e+02
1.17503434457609e+02
1.11580187443963e+02
1.87861174881371e+02
2.06830217965176e+02
1.46158079388269e+02
1.15583587217769e+02
9.98474210554389e+01
1.31963992561848e+02
2.56623000354016e+02
3.36910260322113e+02
3.03679190815553e+02
3.02216118317953e+02
2.76566700366658e+02
3.80502322089301e+01
4.22049119743055e+02
2.75981444277063e+02
2.02530738736031e+02
1.95841788644167e+02
2.28639774732405e+02
2.30449025547558e+02
2.27942618210562e+02
2.44409263211908e+02
1.97474553108623e+02
2.66697574567509e+02
2.69490557600414e+02
2.03220053195121e+02
2.01870746286177e+02
2.01161348285816e+02
2.50241021900968e+02
2.72605782057008e+02
3.75815850633900e+01
1.36344165327821e+01
2.49580471629334e+02
2.61219609895701e+02
2.92529803199578e+02
3.81225187354904e+02
5.17379633428524e+02
6.23936256069976e+02
7.61504924503148e+02
7.35185158051649e+02
6.62286472317508e+02
6.60806458706156e+02
5.58915215498936e+02
5.45344057854474e+02
5.02937002645889e+02
3.71034924578946e+02
2.93067329530441e+02
2.02879681635511e+02
1.43808826613949e+02
1.17244364372549e+02
8.29885150069264e+01
5.65746720135205e+01
5.57044359330296e+02
1.26376718751728e+02
1.18236432129495e+02
2.02258901214448e+02
2.40263686763440e+02
1.78173113782637e+02
1.67999769237806e+02
1.68186083334539e+02
1.59597254675091e+02
2.46702068110555e+02
3.43355466409896e+02
3.18853843037507e+02
3.25322538996929e+02
2.99514724460293e+02
1.98790669651036e+02
8.51933233747026e+01
3.95859370201088e+01
4.41646728522411e+02
2.89437975691763e+02
2.13266543631057e+02
2.07415265037335e+02
2.42994163078529e+02
2.46084758506239e+02
2.44916931251682e+02
2.64135153383373e+02
3.53239806609665e+02
2.82549645722522e+02
2.86661476221220e+02
2.13967196339828e+02
2.10436386970585e+02
2.08020733822765e+02
2.57034230276167e+02
2.77677497228060e+02
2.32603802034353e+02
1.42171091338529e+01
2.63009987152048e+02
2.94461009841401e+02
3.83088027101068e+02
5.19953397783916e+02
6.28802818557266e+02
7.70199859091656e+02
7.45864780025994e+02
6.73509144385882e+02
6.73167267472709e+02
5.69980519386101e+02
5.57683967218289e+02
5.15298604455990e+02
3.80800179194998e+02
3.01381540868590e+02
2.08843971045136e+02
1.48317612802866e+02
1.21150183996332e+02
8.59423054763620e+01
5.87193221286575e+01
5.83344877866461e+02
1.28168947633865e+02
2.21493174410754e+02
2.75704473687314e+02
2.13893469723638e+02
2.43970759689919e+02
2.20347957418722e+02
1.23753761720922e+02
2.09350391350899e+02
3.14217834032511e+02
3.06429078372943e+02
3.25558509161915e+02
3.05261312788407e+02
2.04228485589608e+02
2.33334295065348e+02
4.06602701326900e+01
4.63570893402319e+02
3.04919631271625e+02
2.25685093502647e+02
2.20538447054825e+02
2.59423227907540e+02
2.64125491078210e+02
2.64535003897740e+02
2.86965804740945e+02
3.85288442112481e+02
2.80626233553911e+02
2.96764061490574e+02
2.19871757968783e+02
2.15050273417855e+02
2.11540116441719e+02
2.59710286703514e+02
2.78570306637777e+02
2.31953654681070e+02
2.46511690531041e+02
3.99393782642018e+01
1.45337254953739e+01
2.93690730566970e+02
3.81714243797424e+02
5.18387701796818e+02
6.28397798763962e+02
7.72030917568754e+02
7.49618377624716e+02
6.78484634890618e+02
6.79507494112136e+02
5.76172568214314e+02
5.65117478851837e+02
5.23183305029555e+02
3.87244557242687e+02
3.07063868379012e+02
2.13014990171184e+02
1.51508772382820e+02
1.23942463489406e+02
8.80563931874610e+01
6.02308848578500e+01
6.10404083448156e+02
2.40315680462452e+02
3.06560154829021e+02
2.46132292934535e+02
2.66077322604625e+02
3.11308568716509e+02
3.01664051420673e+02
2.30906734567193e+02
2.57760161359152e+02
2.66974861266270e+02
3.00671887076125e+02
2.91302387718084e+02
2.00655124072016e+02
2.33261188088687e+02
3.63987894472892e+02
4.14423883222458e+01
4.86243526505132e+02
3.21207188146222e+02
2.34172854389513e+02
2.76615697652661e+02
2.83132275459217e+02
2.85193732944276e+02
3.10961885935697e+02
4.19202891290419e+02
3.08356417783251e+02
1.44518597937691e+02
2.20683678017164e+02
2.15659094995193e+02
2.11880376269906e+02
2.58443211593178e+02
2.75498161326109e+02
2.28649459734390e+02
2.43235977782018e+02
2.72575826319184e+02
4.05829239885322e+01
1.47493431452991e+01
3.49160505400596e+02
3.77588115867635e+02
5.13312507796671e+02
6.23426332230773e+02
7.67749062695736e+02
7.47110376728853e+02
6.77805245265746e+02
6.80401357190672e+02
5.78026955473793e+02
5.68150888399481e+02
5.27057567799000e+02
3.90757254527228e+02
3.10441870934353e+02
2.15673604378443e+02
1.53630968148837e+02
1.25850957439678e+02
8.95414848634077e+01
6.13002742919746e+01
6.33410002807264e+02
1.47713374076902e+02
3.24863831607774e+02
2.68423407277010e+02
2.92247691599164e+02
3.56159383529284e+02
3.67545274813625e+02
3.04141609504827e+02
2.34838617388389e+02
2.27180305234979e+02
2.72510695728148e+02
2.01203188446101e+02
2.41405055160005e+02
3.74246191794077e+02
2.21315375777128e+02
4.23389305808747e+01
5.05803147136955e+02
3.35711431261406e+02
2.91760035753604e+02
3.00121923509749e+02
3.03646048889797e+02
3.32254708619087e+02
2.06079246032312e+02
2.20034994654945e+02
2.16232729381915e+02
2.60388602799087e+02
2.74982969317779e+02
2.27796865121890e+02
2.42872058400284e+02
2.72848239906217e+02
2.79965932091491e+02
4.13175740339769e+01
1.49427071813268e+01
3.65122475717042e+02
2.86059088721232e+02
5.14331568445823e+02
6.24760790318680e+02
7.69861938217114e+02
7.49759535749634e+02
6.81471166084012e+02
6.85765047805148e+02
5.83893710306303e+02
5.74632039748314e+02
5.34063535626724e+02
3.96481906917334e+02
3.15522262402663e+02
2.19593833893323e+02
1.56607448486852e+02
1.28403082054470e+02
9.14377288049040e+01
6.25832970370820e+01
6.39653483516745e+02
1.65461026277638e+02
2.61031141881916e+02
2.83443739125497e+02
3.51712415755736e+02
3.73379683465449e+02
3.20876940423747e+02
2.58959424932000e+02
2.15006802554876e+02
3.17139857302673e+02
3.12458253115398e+02
2.92939045802761e+02
4.43618638817365e+02
2.57444783864292e+02
2.62847306329824e+02
4.52699331271004e+01
5.11644463606517e+02
3.40535755014525e+02
3.06723754547252e+02
3.10968685410163e+02
3.40526643224204e+02
1.55009270996457e+02
2.00511484857845e+02
2.82905678861621e+02
2.45564213828452e+02
2.88238328878490e+02
2.97815117142157e+02
2.43894244105080e+02
2.59127901639569e+02
2.90468435131961e+02
2.96612271041007e+02
3.33196320262032e+02
4.40409694133282e+01
1.61679873654725e+01
3.70679734675875e+02
2.90700340325613e+02
2.78243767903439e+02
6.54173040719475e+02
8.05326785035946e+02
7.83902583456960e+02
7.13213997840384e+02
7.18957206893129e+02
6.13227557834723e+02
6.04028636557629e+02
5.62265589654985e+02
4.17940933107620e+02
3.33177926460014e+02
2.32369566340955e+02
1.66023580146508e+02
1.36284350544531e+02
9.72863054015794e+01
6.66990746657119e+01
6.43887790934678e+02
2.70248481398680e+02
3.36422030335446e+02
3.59502786795211e+02
3.15108559407403e+02
2.65802842736191e+02
2.27473702873352e+02
2.78579354951786e+02
3.30989303360513e+02
2.71975574463709e+02
3.43434471676349e+02
5.17559741451738e+02
3.00477453777046e+02
3.04236378516434e+02
2.73529072334299e+02
4.84739745608800e+01
5.15737333546535e+02
3.43935308223089e+02
3.17043945596138e+02
3.47474552821376e+02
4.69434921105502e+02
3.49993249724401e+02
1.54981119287670e+02
1.93556861483486e+02
2.69933587162911e+02
2.70413743527080e+02
3.23580621403492e+02
3.27397396636199e+02
2.63949498773373e+02
2.78747125838896e+02
3.11322928719843e+02
3.15110517803180e+02
3.51694213779425e+02
5.54206354022823e+02
4.69730076354962e+01
1.74185619752346e+01
3.74792679341561e+02
2.94375022484142e+02
2.82033633045479e+02
2.86002681457997e+02
8.43040847588889e+02
8.21105047441340e+02
7.48051880873189e+02
7.55268203456548e+02
6.45007448031611e+02
6.36573050449725e+02
5.93662418531065e+02
4.41924768737739e+02
3.52995429338188e+02
2.46527235722581e+02
1.76417641444421e+02
1.44975884569466e+02
1.03731581017140e+02
7.12277332212266e+01
6.45831145559686e+02
3.12832451902014e+02
3.30992355545409e+02
2.91527870812765e+02
2.52428135841103e+02
2.21664244298535e+02
2.79550423754554e+02
3.19498231270439e+02
3.09061513566524e+02
4.07155527014234e+02
6.14031323488827e+02
3.59425139452928e+02
3.62299221652785e+02
3.22183260032571e+02
3.41337178385380e+02
5.21908901366393e+01
5.17832815085807e+02
3.45753572749173e+02
3.52956940805128e+02
4.76323500571669e+02
3.55640542355700e+02
1.54441219485347e+02
1.86745201233964e+02
2.57098207456472e+02
2.55694894597142e+02
2.44122843897682e+02
3.69984015536963e+02
2.92372772952792e+02
3.06201204119275e+02
3.40112501726858e+02
3.39681739903500e+02
3.75145016324166e+02
5.86489200926229e+02
8.75767236987167e+02
5.03267731294879e+01
1.88297557871224e+01
3.77249105942657e+02
2.96710139539903e+02
2.84513594859899e+02
2.89058821115250e+02
3.14270172083264e+02
8.66790949662620e+02
7.90502503227006e+02
7.99158433296289e+02
6.83070947803295e+02
6.75715037386994e+02
6.31391801879558e+02
4.70693901296714e+02
3.76736903166934e+02
2.63336563984763e+02
1.88669863091005e+02
1.55154401208373e+02
1.11260541363774e+02
7.64925065050049e+01
6.58407682962179e+02
3.27680171924836e+02
2.90146789019268e+02
2.57771307192962e+02
2.34553835401090e+02
3.13798993362713e+02
3.90005553044557e+02
3.14542641733629e+02
3.83676712638777e+02
6.07307888076121e+02
3.74206934885208e+02
3.83450450490703e+02
3.41106304650923e+02
3.66807274672802e+02
4.40426112614167e+02
5.45443324416882e+01
5.28484151997555e+02
3.53370069555760e+02
4.95042829800819e+02
3.70782751189459e+02
1.59604502720207e+02
1.89433134743258e+02
2.59595507689896e+02
2.57374610104930e+02
2.45013821449989e+02
2.87169621739467e+02
3.04624689671296e+02
3.17949952361386e+02
3.52759262488287e+02
3.48899437494788e+02
3.82162708969105e+02
5.94361765877267e+02
8.87881354561260e+02
9.04347607396325e+02
5.23231661998381e+01
1.96732946562882e+01
3.86019669129331e+02
3.04283438487779e+02
2.92267807517932e+02
2.97748162796480e+02
3.24626680090127e+02
3.48541451416759e+02
8.07060844747047e+02
8.17589096364447e+02
6.99824331393673e+02
6.94757890907896e+02
6.50892327516208e+02
4.86267023398315e+02
3.90173406625090e+02
2.72954820670845e+02
1.95814318426602e+02
1.61183568950728e+02
1.15837729216408e+02
7.97464887954055e+01
6.79786965309511e+02
3.04739332953206e+02
2.77280302427505e+02
2.60526052255673e+02
3.66594055836079e+02
4.78006950173283e+02
4.34324978456765e+02
4.05725372404467e+02
4.82685069708690e+02
3.29524924596009e+02
3.54321815691184e+02
3.17699099023253e+02
3.55053713203310e+02
4.31017068761936e+02
3.17049534797585e+02
5.49275608802946e+01
5.46350903429970e+02
3.66065906989169e+02
3.94027263511872e+02
1.69680645273854e+02
1.99012443764068e+02
2.72605095186631e+02
2.70341429421007e+02
2.57885867566928e+02
3.02934600662983e+02
3.36611649966256e+02
3.08755517484298e+02
3.44158876132204e+02
3.38689293635992e+02
3.68958770473344e+02
5.73465990196385e+02
8.61244581802943e+02
8.83944154070673e+02
9.07917135553486e+02
5.23386648567282e+01
1.94160560968132e+01
4.00281506267945e+02
3.16547661911590e+02
3.04783449772511e+02
3.11533049768975e+02
3.40756765596770e+02
3.67002774052988e+02
4.46584667715540e+02
8.07611058544781e+02
6.92651133999631e+02
6.91133511621223e+02
6.49743218373239e+02
4.86703766481966e+02
3.91658205188062e+02
2.74067929901253e+02
1.96754541087507e+02
1.62088480446106e+02
1.16607475105419e+02
8.02641784551668e+01
6.99516657416407e+02
2.90121355937809e+02
2.74886106570225e+02
3.80580625360105e+02
5.10601145718098e+02
4.74799142826825e+02
4.86012886072314e+02
2.42650397937320e+02
2.99160677564887e+02
2.92688734764886e+02
3.37895559923101e+02
4.07661000387772e+02
3.02865870808321e+02
2.59888856625691e+02
5.49179402572022e+01
5.63171766689706e+02
3.78713232017688e+02
1.79697456720651e+02
2.08491893708578e+02
2.83010153444721e+02
2.80623532557496e+02
2.65793869982494e+02
3.10354137083386e+02
3.46872667931544e+02
3.33558525776520e+02
3.39387865167848e+02
3.34575509735173e+02
3.65064940987700e+02
5.65319757589532e+02
8.46022571321436e+02
8.63816909978775e+02
8.87513117937121e+02
8.28801824865204e+02
5.19658884402546e+01
1.90185994912462e+01
4.14045356984847e+02
3.28110233195952e+02
3.16681690171917e+02
3.24395032776583e+02
3.55863810345471e+02
3.84375863041636e+02
4.68949693936375e+02
4.12543901668687e+02
6.85660712112568e+02
6.85556392011815e+02
6.46459271558293e+02
4.85221986704718e+02
3.91387651478564e+02
2.74424836143846e+02
1.97100608047191e+02
1.62357800737202e+02
1.16829963541586e+02
8.02487762909454e+01
7.07926341491598e+02
2.70762671366476e+02
3.67904400738914e+02
5.00342028740562e+02
4.67712618788838e+02
5.01619222792978e+02
4.91704139240864e+02
2.82631800009923e+02
2.71979000971598e+02
3.01060117683836e+02
3.57407036407241e+02
4.20413530823071e+02
3.11258626789248e+02
2.70736846126085e+02
3.73116645036191e+02
5.67653977364784e+01
5.70669803381475e+02
3.84740345424871e+02
2.12746474415280e+02
2.85791792186553e+02
2.82594728180392e+02
2.65354745850066e+02
3.06986657119917e+02
3.42793388648862e+02
3.29648648910123e+02
2.98034109753935e+02
3.48792364597718e+02
3.78899993245172e+02
5.79836095146144e+02
8.59439717756894e+02
8.68837386382937e+02
8.90364442428234e+02
8.35838447249316e+02
6.53592762536238e+02
5.34144451565598e+01
1.98574027217867e+01
4.20687855063408e+02
3.33823836579315e+02
3.22847530721310e+02
3.31377247052270e+02
3.64509924497159e+02
3.94783848969510e+02
4.82967218586239e+02
4.26430328049371e+02
3.56947985395030e+02
6.96362150614683e+02
6.58410335873730e+02
4.95234833278301e+02
4.00439526916457e+02
2.81516237356544e+02
2.02465591199593e+02
1.66790629642712e+02
1.20302347117080e+02
8.26746247300318e+01
7.10935500316712e+02
3.51879494024223e+02
4.74104683735382e+02
4.38081384535647e+02
4.67627496079660e+02
4.54000913071132e+02
2.62114223949972e+02
2.30501200427054e+02
2.75384025532319e+02
3.64363898824789e+02
4.33029126034228e+02
3.17349066135754e+02
2.79163062907367e+02
3.88903247778396e+02
3.47388024709657e+02
5.87763575960747e+01
5.73611002186975e+02
3.87283803627055e+02
2.87562893934124e+02
2.83410997572399e+02
2.64825198487150e+02
3.04246647974553e+02
3.36340746844712e+02
3.20748473385537e+02
2.88723923728986e+02
2.68136313244916e+02
3.88526541096309e+02
5.87319893557212e+02
8.66101254720951e+02
8.72355645665878e+02
8.93929262916370e+02
8.42205218801805e+02
6.60403089733524e+02
7.76847630733047e+02
5.49304251166335e+01
2.06652426789985e+01
4.23747740215964e+02
3.36830106113844e+02
3.26358009310867e+02
3.35783290208263e+02
3.70313016901996e+02
4.02108247551718e+02
4.93045752371981e+02
4.36709451379724e+02
3.66383021149384e+02
3.17502977697661e+02
6.71496040463403e+02
5.06331785247146e+02
4.10640166993807e+02
2.89124850178172e+02
2.08192583032768e+02
1.71556608778414e+02
1.24065294117776e+02
8.53381217830636e+01
7.19441349240889e+02
4.78403350428984e+02
4.40156474562081e+02
4.69115955094961e+02
4.55070508801586e+02
2.72154139261325e+02
2.72738849584475e+02
3.75165070023837e+02
3.29175953884389e+02
4.10110259228194e+02
3.00124190050789e+02
2.70649802359977e+02
3.83896003931524e+02
3.45622247757046e+02
3.75048080823214e+02
5.95263997485822e+01
5.81052927451992e+02
3.92979682294548e+02
2.91456658582348e+02
2.72361828467991e+02
3.12433110440343e+02
3.43116805772845e+02
3.25490362940789e+02
2.92831513667105e+02
2.72522682469899e+02
3.16272966543435e+02
5.72654754657024e+02
8.43197158796375e+02
8.49765470560785e+02
8.72823252352646e+02
8.25716911107999e+02
6.49533804109396e+02
7.67862155776717e+02
7.54450574485343e+02
5.52454958906766e+01
2.08988139551554e+01
4.30229308594349e+02
3.42780338635425e+02
3.32841431477222e+02
3.43368872512699e+02
3.79698909096707e+02
4.13441671460607e+02
5.08108252651038e+02
4.51646334278491e+02
3.80121718979586e+02
3.29267846584685e+02
2.51730220547419e+02
5.05819704212763e+02
4.11708948070294e+02
2.90311048367521e+02
2.09384448298840e+02
1.72686046841467e+02
1.25221839062773e+02
8.62194118278963e+01
7.35944011082469e+02
4.69684713205920e+02
5.05401468666531e+02
4.98379972314110e+02
3.08756858330792e+02
3.30764520141921e+02
5.09407455411023e+02
2.74605183499728e+02
3.12110369201078e+02
2.48557817595188e+02
2.39838821859493e+02
3.53728599565092e+02
3.24875995466710e+02
3.55259330446818e+02
3.69820602711590e+02
5.85357430354940e+01
5.95083250898950e+02
4.03402439890499e+02
2.86649107482778e+02
3.29184442184055e+02
3.61578384629155e+02
3.43142166233351e+02
3.09404533623366e+02
2.89086015285996e+02
3.35596857111672e+02
4.51702151151823e+02
7.91080669409814e+02
7.97334701130436e+02
8.22109708064967e+02
7.83289249621847e+02
6.19358680775590e+02
7.36366554226741e+02
7.26966498591818e+02
5.97662879783502e+02
5.39044252613903e+01
2.02713482321966e+01
4.41735770572545e+02
3.52786018978788e+02
3.43343197635888e+02
3.55078375575227e+02
3.93685294184349e+02
4.29857593595960e+02
5.29584519520203e+02
4.72496639909923e+02
3.99139749065720e+02
3.46254147307423e+02
2.64160321838463e+02
2.73770213474066e+02
4.01399216487879e+02
2.83675515260414e+02
2.04971304619835e+02
1.69241725898562e+02
1.22988084222687e+02
8.46748223475555e+01
7.43589454472396e+02
5.08615231694387e+02
5.01206537389464e+02
3.11851013329432e+02
3.36686390938785e+02
5.26209737552616e+02
3.01225605513889e+02
2.76395729372073e+02
1.54252155729465e+02
2.48072426254913e+02
2.20744409079304e+02
2.31476392337334e+02
3.54708128040638e+02
3.30655952176460e+02
3.61473873626013e+02
3.69018425180020e+02
7.32011688436737e+02
5.83902322124077e+01
6.01838213031551e+02
4.08718326852884e+02
3.38883233152811e+02
3.71799437126531e+02
3.52440203897750e+02
3.17738365013182e+02
2.97001884184987e+02
3.43162985058867e+02
4.59381945865003e+02
4.93535354733298e+02
7.70511277521740e+02
7.93390481386810e+02
7.60870121311435e+02
6.03931338793630e+02
7.21164242427069e+02
7.14697463276167e+02
5.88579681582655e+02
5.37884653128527e+02
5.33136092478716e+01
1.99639776303924e+01
4.47689560721144e+02
3.58193914712622e+02
3.49287351816164e+02
3.62015897314058e+02
4.02339953266602e+02
4.40405533169285e+02
5.43877906052229e+02
4.86785524068586e+02
4.12445087886839e+02
3.58081566257086e+02
2.72153352366388e+02
2.81943922124536e+02
3.06083075772948e+02
2.81998246272571e+02
2.04042697620794e+02
1.68555577177596e+02
1.22757425705154e+02
8.44403974712996e+01
7.47844804163373e+02
5.05725107107576e+02
3.16148616603688e+02
3.43604218510459e+02
5.35845837056508e+02
3.05040784058065e+02
2.94012029131188e+02
2.23930956687710e+02
3.00953001449423e+02
4.41814600528758e+02
4.01855807017145e+02
4.23946554347195e+02
4.11824884815925e+02
7.83141075769884e+02
8.42710289326758e+02
5.89482748421602e+01
6.05642316964379e+02
4.11665639365846e+02
3.81631344488768e+02
3.61396839750775e+02
3.26322014179344e+02
3.05795264171057e+02
3.53253415658337e+02
4.71636520202305e+02
5.05067535786065e+02
5.01825067708864e+02
7.97382921554117e+02
7.65884974592112e+02
6.07134363679286e+02
7.26757973467747e+02
7.20979145989260e+02
5.92899637185409e+02
5.43483512991342e+02
3.58057287474365e+02
5.33556509081481e+01
1.98603477756055e+01
4.51202180529061e+02
3.61526592759346e+02
3.53087613542054e+02
3.66726840200174e+02
4.08471331951464e+02
4.48113835915942e+02
5.54690624793305e+02
4.97749842460751e+02
4.22765194306928e+02
3.67464591787847e+02
2.78832193440355e+02
2.89089635031587e+02
3.14472762015297e+02
3.37590235905796e+02
2.06755403422902e+02
1.70685334791504e+02
1.24568420280701e+02
8.54957154577133e+01
7.45883511916845e+02
3.25225595495196e+02
3.65929605625713e+02
5.71837456681465e+02
3.16481013405800e+02
3.06922569717053e+02
2.56067578486412e+02
2.43110345143397e+02
5.71332054696195e+02
5.34548327891814e+02
5.42252764566963e+02
5.09137605149557e+02
9.24495969099360e+02
9.53304404695991e+02
7.76321662979831e+02
6.02410347589232e+01
6.04208340608569e+02
4.10626882905752e+02
3.68777217146788e+02
3.34213747525234e+02
3.15319049744977e+02
3.67287238824777e+02
4.90360248694843e+02
5.22589096085399e+02
5.15252189988397e+02
5.17895416200119e+02
8.25707645662651e+02
6.46228845091183e+02
7.75560867934977e+02
7.66437799711789e+02
6.26976878770203e+02
5.75803921035612e+02
3.77200660553317e+02
2.37636794438650e+02
5.38326224827056e+01
1.91984360636216e+01
4.50595245472817e+02
3.61641699916659e+02
3.53589642332794e+02
3.68060546405450e+02
4.10719868464923e+02
4.51342652962137e+02
5.59569119114860e+02
5.03206224523032e+02
4.28289183991778e+02
3.72915842992741e+02
2.83965264364929e+02
2.95035400738747e+02
3.22792952607407e+02
3.47261827959477e+02
3.56081367870432e+02
1.78174940297895e+02
1.29938352607721e+02
8.84802349122138e+01
7.49777113697062e+02
2.51545270083309e+02
3.99292109938898e+02
6.28056653707274e+02
3.52260993846222e+02
3.50574259388446e+02
3.07469152248337e+02
3.13499258511830e+02
5.11773969501787e+02
5.65867850282240e+02
5.46506230446105e+02
9.91971122368371e+02
1.00375602672719e+03
7.99659205277166e+02
6.00257385752381e+01
6.07721207705605e+02
4.13391029650779e+02
2.27796278484285e+02
2.56929022418811e+02
3.49251231294988e+02
3.31121970791431e+02
3.87269283541743e+02
5.18097666020302e+02
5.52831379506594e+02
5.45376718089845e+02
5.49075068933958e+02
4.36719145816495e+02
6.62199074017866e+02
7.98903020278002e+02
7.89586272832208e+02
6.43518379777607e+02
5.92683574618310e+02
3.87184395319159e+02
2.43193282363827e+02
2.08320824383907e+02
5.29233547581410e+01
1.78755533511930e+01
4.53874859633647e+02
3.64801271365626e+02
3.57065666500597e+02
3.72266332834130e+02
4.16077384311278e+02
4.57887311597530e+02
2.92021752688175e+02
3.04385027239337e+02
3.34367159427483e+02
3.60594845382518e+02
3.69860989360349e+02
3.79675659152044e+02
1.32447218665814e+02
8.93844848089167e+01
7.49504652120766e+02
2.55466542618874e+02
6.62884087278531e+02
3.78140390201018e+02
3.81857699656950e+02
3.38968336025345e+02
3.52110170003516e+02
7.74506190176246e+02
6.80864487806867e+02
2.94697348762690e+02
3.94129683350238e+02
5.30766244910790e+02
5.44738221317538e+02
1.00116104874582e+03
1.00569378246011e+03
7.92376081199166e+02
1.01683362489163e+03
6.49557399411135e+02
5.91554636675222e+01
6.08001360224437e+02
4.14266939741193e+02
2.31590078545474e+02
2.62077392312772e+02
3.44556497816104e+02
4.02817432820936e+02
5.39452773023600e+02
5.77026418078380e+02
5.70226943573949e+02
5.76768870178401e+02
4.61030185003780e+02
3.96531884451205e+02
8.08274777717199e+02
8.01960556288707e+02
6.52178413754986e+02
6.03013407187876e+02
3.93991111055658e+02
2.47075683036493e+02
2.11356066919453e+02
1.98021300257784e+02
5.13676006081275e+01
1.62491852118220e+01
4.54866279959045e+02
3.66058372414922e+02
3.58652064060616e+02
3.74308375060027e+02
4.18904732580663e+02
4.61529910836800e+02
2.98264107021177e+02
3.11871975571974e+02
3.43338204766239e+02
3.70969121931961e+02
3.81113206795858e+02
3.92206844223146e+02
3.88079688074800e+02
8.94729487947406e+01
7.47134112975726e+02
4.02002712877995e+02
4.08301927050847e+02
3.67414081912394e+02
3.82271120339521e+02
8.28529869844004e+02
7.96605751851130e+02
4.86350818559937e+02
4.82485034627914e+02
9.39092190095710e+02
9.78840378992503e+02
7.71443448078261e+02
9.99032876931770e+02
6.33121971565527e+02
6.83451120327217e+02
5.83885311897887e+01
6.06472349365509e+02
4.13689695031477e+02
4.19586877919552e+02
5.62807516310244e+02
6.02473248421054e+02
5.95347601154519e+02
6.02441399758164e+02
4.84134774268859e+02
4.18687795986394e+02
5.88570634934372e+02
8.05105390973678e+02
6.56414549079496e+02
6.10817182608651e+02
3.98929375875592e+02
2.49939053681649e+02
2.13350114402388e+02
2.00353643211363e+02
1.48895235078325e+02
4.99624686975545e+01
1.49504865956772e+01
4.54392911499186e+02
3.66211061075270e+02
3.59164665209711e+02
3.75347171183265e+02
4.20636019541645e+02
4.63989210107892e+02
5.77435002795204e+02
5.22754009661391e+02
4.47974614675733e+02
3.93442851619994e+02
3.03813498448287e+02
3.18650704953547e+02
3.52051218970619e+02
3.81295025690758e+02
3.91963935516888e+02
4.04155300352511e+02
4.00738186554814e+02
3.81385266564477e+02
7.48443595061244e+02
4.48639861150734e+02
4.02415367944544e+02
4.21812560887919e+02
9.14828605216497e+02
9.20845355052085e+02
6.42409719834097e+02
6.28489001513393e+02
3.63235322081497e+02
2.79324392456900e+02
7.35913041621459e+02
8.15651730298502e+02
6.57547075641740e+02
8.77653328207708e+02
5.67556081396447e+02
6.30391875007959e+02
9.00466616793364e+02
5.53530166412725e+01
6.08130734560044e+02
4.15703628167966e+02
5.89450992421216e+02
6.34114134007259e+02
6.29687562837694e+02
6.42121934773490e+02
5.18666450862417e+02
4.47250703741401e+02
6.28892909408371e+02
5.76769506584306e+02
6.23080239296236e+02
5.85923698146275e+02
3.84795731297621e+02
2.41647373834726e+02
2.06509200733209e+02
1.94559659334529e+02
1.43336951481032e+02
4.64279196769820e+01
1.29007360858694e+01
4.56506100000168e+02
3.68473122490969e+02
3.61907624346442e+02
3.78685189404408e+02
4.25018419165990e+02
4.69557212038471e+02
5.85265530583496e+02
5.31083093966147e+02
4.56226928506645e+02
4.01668010976486e+02
3.10791718385562e+02
3.26690097693656e+02
3.61383222167097e+02
3.92213697717178e+02
4.04457920520109e+02
4.18382725482065e+02
4.16391396953566e+02
3.97486508826907e+02
4.16733697212986e+02
7.35684293781213e+02
4.18919307119601e+02
4.42400139647393e+02
9.63930705171387e+02
9.88989002995494e+02
7.37107476328454e+02
7.89460531263121e+02
5.54675811252210e+02
4.10983916957777e+02
5.93638089260454e+02
6.34920981405281e+02
5.19617764215346e+02
7.34480385167616e+02
5.05516155532493e+02
5.79245579488392e+02
8.47982833850858e+02
5.52735426701760e+02
5.40276306178479e+01
5.98366001598762e+02
4.10003142941779e+02
6.48782011965752e+02
6.48358983751052e+02
6.68645677623762e+02
5.41450474335859e+02
4.60651150410028e+02
6.44899829079660e+02
6.00935270096737e+02
4.67521236379715e+02
5.67160758174819e+02
3.77124875047138e+02
2.38490392419694e+02
2.04578328935190e+02
1.93444662437988e+02
1.40771156902915e+02
4.46130631997317e+01
1.23634621514021e+01
4.50010215907910e+02
3.63569910080089e+02
3.57584647362575e+02
3.74484068595699e+02
4.20913170926717e+02
4.65764885706746e+02
5.81613517110772e+02
5.28923881820829e+02
4.55381648515978e+02
4.01815262144582e+02
3.10817799270669e+02
3.27347128687274e+02
3.61847078478796e+02
3.93149121379413e+02
4.07151599434434e+02
4.22703427389371e+02
4.22624381471095e+02
4.04456762200320e+02
4.23252490506219e+02
5.00817999817886e+02
6.99469822635534e+02
4.47390277505785e+02
9.64015428593122e+02
9.89701696309757e+02
7.64290997692209e+02
8.59234772469421e+02
6.47424138785413e+02
5.38950237651958e+02
4.10930366844003e+02
4.68435570883869e+02
5.57683485642213e+02
8.43841361352788e+02
5.54479267239718e+02
6.60631279426356e+02
5.41530785533195e+01
5.69488771544854e+02
3.91152609317296e+02
6.42528465465033e+02
6.68897990701417e+02
5.42597838218327e+02
4.56207725656623e+02
6.36295649264457e+02
6.01333349465595e+02
4.72335163707318e+02
4.47966322965006e+02
3.88895610284148e+02
2.46959821132087e+02
2.12241799581869e+02
2.01319314975143e+02
1.43565020046911e+02
4.35851917091599e+01
1.17612920191581e+01
4.29085803763146e+02
3.47006394733739e+02
3.41754602644507e+02
3.58199891557602e+02
4.46806933344728e+02
5.58885692847699e+02
5.09339703791273e+02
4.39470676329253e+02
3.88584105022653e+02
3.00501898853812e+02
3.17014636586013e+02
3.50174421573613e+02
3.80854126478302e+02
3.95952801735868e+02
4.12404385257349e+02
4.14032666374621e+02
3.97096604991548e+02
4.14769279367146e+02
4.90856970304950e+02
5.48465836832341e+02
4.14719334198705e+02
6.30315739321053e+02
8.70804898336547e+02
8.82233055332684e+02
6.85465069965298e+02
7.76126312993615e+02
5.90642119104227e+02
4.72402232824946e+02
3.67470667352727e+02
4.81244052500588e+02
5.91555342939245e+02
9.10452915745244e+02
6.05609637641003e+02
7.21197440385239e+02
5.27125022467229e+02
6.05289540916940e+01
5.13409360479161e+02
3.52974780958246e+02
6.25509845131996e+02
5.07909465482159e+02
4.22151748318879e+02
5.86427524097763e+02
5.58582943257381e+02
4.39400520624888e+02
4.15033502297960e+02
4.00316705067359e+02
2.78078806044848e+02
2.39280794784122e+02
2.27760289923923e+02
1.59430297159145e+02
4.86679113800040e+01
1.57402592256055e+01
3.87208502747716e+02
3.13203355988204e+02
3.08818999023973e+02
3.24030665218886e+02
5.08504099685616e+02
4.64152828561058e+02
4.01065876943447e+02
3.55094675853192e+02
2.73956183809883e+02
2.89458908026564e+02
3.19638718452028e+02
3.47775960967078e+02
3.62531507160645e+02
3.78569437392736e+02
3.81363740263164e+02
3.66455409051816e+02
3.82217503658987e+02
4.52390667440560e+02
5.06002006774292e+02
5.72019872415227e+02
3.75088861628836e+02
3.64423449143441e+02
5.52829379185540e+02
7.95812240171547e+02
6.25224112266743e+02
7.18019011031215e+02
5.54896165829497e+02
4.59078366333142e+02
3.70743836637368e+02
5.57451377184701e+02
4.76636277679926e+02
6.11806514879942e+02
9.75611155815159e+02
6.55420917404833e+02
7.86882132854455e+02
5.80950468774180e+02
3.52645898862264e+02
6.54586130699837e+01
4.50515612866924e+02
3.10046541440478e+02
4.63419179744263e+02
3.83758103020946e+02
5.33005362268304e+02
5.10600714915279e+02
4.02200926548398e+02
3.80493583587591e+02
3.66979004012027e+02
6.02196953942426e+02
2.66682702694135e+02
2.55313146759445e+02
1.75105587251487e+02
5.15588722363994e+01
1.77110248503046e+01
3.40140388156608e+02
2.75319498083495e+02
2.71779913997755e+02
2.85504095193662e+02
4.11638681799802e+02
3.56246464275570e+02
3.15847295071570e+02
2.43533125864989e+02
2.57690135188866e+02
2.84764191497005e+02
3.10147247723047e+02
3.23962121594173e+02
3.39016222877313e+02
3.42416095349493e+02
3.29679318475998e+02
3.43972106775369e+02
4.07503094630964e+02
4.56491599955250e+02
5.17335092473766e+02
5.54411089453113e+02
3.30315419130700e+02
3.21293937880776e+02
3.70780861416895e+02
3.94633266124078e+02
5.69862179492892e+02
4.52938825674116e+02
4.06410110133949e+02
3.67598139913705e+02
6.41183796359727e+02
8.38646378719434e+02
6.59111343361411e+02
4.93110045507331e+02
2.73904754535147e+02
7.56042821220749e+02
5.77510786610374e+02
7.62067135533554e+02
5.90030096397727e+02
3.71508713210954e+02
2.72307602096593e+02
3.06551606585186e+02
6.63454749359716e+01
3.22013949836634e+02
2.22205101493245e+02
4.09249708550303e+02
3.94798073584045e+02
3.10911472689509e+02
2.95265415106813e+02
2.84804149298950e+02
4.57984022727230e+02
6.01508273693669e+02
5.36550580236236e+02
1.88264990436085e+02
4.77995021694179e+01
1.47519927128810e+01
2.43756722145603e+02
1.97769318671638e+02
1.95707223909859e+02
2.06082901188084e+02
2.31965140324583e+02
1.78874375088509e+02
1.89608948177480e+02
2.09913441626572e+02
2.29188729799079e+02
2.40160265061195e+02
2.52144468657310e+02
2.55621277389500e+02
2.46936261423767e+02
2.58155071802796e+02
3.06440153024293e+02
3.44283986144010e+02
3.91549767584816e+02
4.21371720529347e+02
3.80160785231853e+02
3.56330461797911e+02
2.38001811162940e+02
2.32102924239039e+02
2.68539827835611e+02
2.58361392404875e+02
2.48661883953774e+02
2.64428212972729e+02
3.17154375936661e+02
3.04676216317919e+02
5.69853434214665e+02
7.80810127962600e+02
6.79444124524185e+02
6.96974546651711e+02
3.53974208174798e+02
4.74016020871982e+02
3.25680608398476e+02
2.47845463782264e+02
2.95749268022227e+02
2.50704115815937e+02
1.00532240138382e+02
6.44505186558281e+01
2.16028973182177e+02
1.49467216249636e+02
2.24402372453286e+02
2.13061848967305e+02
2.05014738040895e+02
3.25273887274371e+02
4.26575454973761e+02
3.82581412319405e+02
3.84793573820788e+02
3.75221612797628e+02
1.45995732321611e+01
1.63919618281730e+02
1.33225922919594e+02
1.32159501893432e+02
1.39464846037350e+02
1.30337655044900e+02
1.44305727241267e+02
1.57820730215459e+02
1.66083106927370e+02
1.75005140413596e+02
1.78220940833388e+02
1.72698573157030e+02
1.80577146267326e+02
2.14614315429053e+02
2.41739288046075e+02
2.76109879488522e+02
2.99130181279065e+02
2.71055590829095e+02
2.54350036731136e+02
2.74835079612801e+02
2.50493274992497e+02
1.60838020056788e+02
1.57241728916375e+02
1.82450582198780e+02
1.76000699468245e+02
1.69882790648087e+02
1.67426195104337e+02
1.67697205496964e+02
1.48373570958115e+02
3.53308787660178e+02
4.86992851288834e+02
4.35122026454674e+02
4.83398984404709e+02
2.70676589627959e+02
2.65090727085011e+02
3.99816053982970e+02
3.03007933501207e+02
2.22012394132565e+02
2.89712422122249e+02
2.63510298115279e+02
9.32601224084103e+01
-2.10618756526641e+01
6.58907227517769e+01
1.21260992378752e+02
8.39488993813848e+01
1.18983427158850e+02
1.85397100194770e+02
2.40977237999384e+02
2.15418522756529e+02
2.17564018269477e+02
2.14338156089292e+02
1.89374833755408e+02
1.84168417041901e+02
9.21107947479059e+01
7.49026699626179e+01
7.44252241567517e+01
7.86943459658451e+01
9.05434590863808e+01
9.54982579663083e+01
1.00894625899544e+02
1.03093886229366e+02
1.00160620523094e+02
1.04803013927793e+02
1.24693392119735e+02
1.40674255975276e+02
1.61055665028324e+02
1.75071778393766e+02
1.59000535913829e+02
1.49216083945314e+02
1.60874292513539e+02
1.46465727822235e+02
1.48898801295568e+02
1.43189512820443e+02
9.07034887648988e+01
8.88180228792050e+01
1.03329109871910e+02
9.98718090074175e+01
9.66050124766980e+01
9.54144917215042e+01
9.57071218548440e+01
9.36703321048252e+01
9.14526343479681e+01
8.05973052667414e+01
2.28526592165510e+02
2.60252986043134e+02
1.51076663782851e+02
1.52461780491641e+02
2.24902284820350e+02
1.74642253756561e+02
1.70560292857922e+02
1.02206100474675e+02
1.70425335341572e+02
1.93438082833728e+02
6.25722230201591e+01
-1.86109610711449e+01
5.36288948643068e+01
6.59096139763373e+01
4.56820864749807e+01
1.28630695167392e+02
1.14038547057087e+02
1.14611683652983e+02
1.12495804556718e+02
9.87969830713642e+01
9.66369451440927e+01
1.47663710057287e+02
2.25282857848007e+02
5.01306500608709e+01
4.07903188429104e+01
4.05564427910501e+01
4.29145842498297e+01
5.62594767053925e+01
5.76196825826102e+01
5.60684013755036e+01
5.86392561451039e+01
6.97467039784822e+01
7.86845074742644e+01
9.01079824494189e+01
9.79790542968380e+01
8.89470582486743e+01
8.32971173971231e+01
8.93277210758258e+01
8.10406976269523e+01
8.23002470474129e+01
7.91318165782124e+01
6.83143768962864e+01
8.57160553146867e+01
4.94499717164625e+01
4.84436384342670e+01
5.63978798689544e+01
5.45893462456671e+01
5.28905169058010e+01
5.23503716820484e+01
5.26501229251055e+01
5.16569019596519e+01
5.05278288774848e+01
5.03234967988178e+01
4.67508982486619e+01
1.61651454388414e+01
8.57936035977689e+01
8.91850258993497e+01
1.37824679336001e+02
1.12290749355591e+02
1.25269835574826e+02
8.42169648273513e+01
6.30191225107213e+01
1.14168030663001e+02
1.01442142063710e+01
2.21942271546494e+00
-2.56169819414986e+01
4.67216095499113e+01
2.03802838069044e+01
6.51183439544315e+01
6.33693507752180e+01
5.47933758243669e+01
5.33700634592376e+01
8.12638392929102e+01
1.23182418829629e+02
1.31439280329592e+02
1.35427487097749e+02
2.30576849085477e+01
2.46490775276998e+01
3.37415897317258e+01
3.52536769610298e+01
4.18978634923494e+01
4.72703671799861e+01
5.41627249146624e+01
5.89505625452728e+01
5.35118574655070e+01
5.00350370518328e+01
5.34077295836138e+01
4.83934217543748e+01
4.91772313250079e+01
4.73503593716381e+01
4.08025871865210e+01
5.05262156869505e+01
5.79982479203810e+01
6.23125259276789e+01
3.00207401368662e+01
2.99577938010955e+01
2.78932857516913e+01
2.96713864360480e+01
3.13926470265187e+01
1.49635232445546e+01
6.28245024876434e+01
4.80839600284831e+01
5.42672740504003e+01
3.74734848098325e+01
2.45951027870924e+01
3.83974437946365e+01
4.09092900252835e+01
2.43808832762266e+02
1.33879250454200e+01
3.19995714352131e+01
3.07170501470108e+01
4.58272145533821e+01
6.72805444257482e+01
6.91559689095071e+01
6.88188379426599e+01
5.57392886148214e+01
4.23121899579779e+01
1.53486952738752e+01
1.53104956588042e+01
1.62544377208848e+01
2.74813161145939e+01
3.10286816290945e+01
3.55849337687164e+01
3.87788075809626e+01
3.52396087432582e+01
3.29627353305090e+01
3.51243430761652e+01
3.18072952523164e+01
3.23059600090108e+01
3.10812524965254e+01
2.66116537693234e+01
3.22954319759157e+01
3.63438524947120e+01
3.85595983851539e+01
4.22884669741459e+01
3.86367144375579e+01
1.86939807509880e+01
1.83722077586229e+01
2.14707881603292e+01
2.08601054377677e+01
2.02917913509666e+01
2.01520991810949e+01
2.03063281223216e+01
1.99802650328399e+01
1.95774735617320e+01
1.95269449229139e+01
1.81401906824689e+01
1.93146051581275e+01
2.04626891387857e+01
2.09572889473153e+01
2.20487339933157e+01
1.61143588575156e+01
2.28136089087868e+01
1.46614622579977e+01
7.84021770291838e+00
8.20006077392558e+00
8.51557505018346e+00
1.17281246454100e+02
3.74621958605665e+02
1.31847231232671e+01
9.14306260415845e+00
2.49885300613712e+01
3.63244957789780e+01
3.66356849436821e+01
3.57682884525535e+01
2.88690358125849e+01
2.12459733127996e+01
2.57891399884016e+01
2.50248757501660e+01
1.00507972085163e+01
8.19193335067921e+00
8.18433146798475e+00
8.71227932331571e+00
1.96076558530772e+01
2.14051602618859e+01
1.95031588549679e+01
1.82979557557816e+01
1.95458242010411e+01
1.77212969429187e+01
1.80165369239795e+01
1.73528546485465e+01
1.48117931052598e+01
1.78634996272913e+01
1.99914755252111e+01
2.11487207715951e+01
2.31484929677411e+01
2.11093063069316e+01
1.91943713100481e+01
1.84099353271277e+01
1.00172253679129e+01
9.86140748326462e+00
1.15648253765114e+01
1.12519270534794e+01
1.09604400456089e+01
1.08985120655633e+01
1.09876201701030e+01
1.08179899164991e+01
1.06072912017752e+01
1.05771532275321e+01
9.80293039485433e+00
1.04532605260728e+01
1.10971878694725e+01
1.13874713652746e+01
1.20086420210263e+01
1.36792774846973e+01
1.49555813544193e+01
1.20440830081933e+01
7.25516845322727e+00
7.29544317278250e+00
8.14089933482140e+00
1.06377414626753e+02
4.47168236325337e+02
4.22147507503208e+01
6.80399273878739e+01
9.85404461693208e+00
6.83058570154905e+00
3.10492734122826e+01
3.05134469042750e+01
2.50448319014862e+01
1.86435779651334e+01
2.28627061266645e+01
2.25294219630703e+01
2.00388896861104e+01
1.68592988628661e+01
7.51452860516139e+00
6.12819464812524e+00
6.12988582263313e+00
6.53711913977751e+00
1.51930956258610e+01
1.43109044932648e+01
1.53443462483586e+01
1.39550747786706e+01
1.42237664674760e+01
1.37424706980392e+01
1.17549952410777e+01
1.42054776726923e+01
1.59415489765634e+01
1.69152316708253e+01
1.85938590559029e+01
1.70411033012485e+01
1.56192430552555e+01
1.51158487510229e+01
1.80314579135833e+01
2.31967000774912e+01
7.51091114232206e+00
7.40362017160671e+00
8.69934434975814e+00
8.47521217058151e+00
8.26640428879413e+00
8.23109197749798e+00
8.31171577067099e+00
8.19441282902481e+00
8.04860849491463e+00
8.03575392098860e+00
7.45137707565391e+00
7.95973412532497e+00
8.46793310753902e+00
8.70818450835447e+00
9.20528135532891e+00
1.05116178064920e+01
1.15176148176092e+01
1.25512091301016e+01
1.35426568644589e+01
6.83405480624901e+00
4.77817511636735e+00
4.95601756039380e+00
6.68024249469910e+01
3.14904115410522e+02
3.20634379609138e+01
8.51644966071973e+01
5.59211135994477e+00
3.11387045069780e+00
4.38177011391318e+00
1.58341028769545e+01
1.19001633366319e+01
1.46924839957934e+01
1.46337731609672e+01
1.30932015874623e+01
1.11632774860315e+01
6.70205272531587e+00
4.61015605300324e+00
4.22472989484039e+00
4.65788082104889e+00
9.06470648325345e+00
8.26040476721748e+00
8.43782062827387e+00
8.17548164791506e+00
7.00976374158063e+00
8.49538983252424e+00
9.56238189261747e+00
1.01782440440878e+01
1.12261617323573e+01
1.03160702954868e+01
9.48950715014263e+00
9.22537815784270e+00
1.10432383283754e+01
1.42708006661616e+01
1.63904771940276e+01
1.90340135890653e+01
4.29490857538875e+00
4.59591808718431e+00
4.89880161604094e+00
5.04706734448965e+00
5.34452757871245e+00
6.11448772869689e+00
6.71182293112191e+00
7.32730399925128e+00
7.91983969866726e+00
7.97461615237073e+00
8.12032370802108e+00
2.25081924011591e+00
4.44847283442045e+01
1.83901426677110e+00
1.26957251183368e+00
5.02875692733821e+00
4.33380347744792e+00
2.55507153844048e+00
1.53773668024122e+00
1.40551481529708e+00
1.24530803895452e+01
7.23833497574438e+01
5.79301409608180e+01
1.40098365107052e+00
1.14057316834444e+00
1.14267388160521e+00
1.22343778017050e+00
2.47055943374001e+00
3.02604075807421e+00
3.43992357901689e+00
3.69149507992025e+00
4.10093079175614e+00
3.77159755173944e+00
3.45901582933478e+00
3.35431860341544e+00
3.99013484270789e+00
5.16220744998122e+00
5.96160654945003e+00
6.97577655285378e+00
6.42601489727864e+00
5.60015998487637e+00
5.71690292325282e+00
5.09844758501951e+00
1.40653558988125e+00
1.38826752514745e+00
1.63938749353707e+00
1.60107011331164e+00
1.56564066977013e+00
1.56561937693935e+00
1.58994955956919e+00
1.57459210243525e+00
1.55349882196216e+00
1.55676761605509e+00
1.44604523097975e+00
1.55446748797842e+00
1.66486484086514e+00
1.72139728445706e+00
1.82791785895644e+00
2.09951845317672e+00
2.31267377510529e+00
2.53354723717993e+00
2.74693708204200e+00
2.77573496588295e+00
2.83434434028104e+00
3.14651617880976e+00
3.12361074669668e+00
3.03527040651245e+00
2.91428896527944e+00
9.70064260687640e-01
1.27156301267401e+00
1.26969416289965e+01
7.77030281663654e+01
6.57599747730854e+01
3.65526506877889e+01
9.23020972902231e-01
1.06762763443306e+00
1.21680056014293e+00
3.43935752747707e+00
3.17815300095833e+00
2.92716859791721e+00
2.85140669939130e+00
3.40414929488919e+00
4.43242003018107e+00
5.15535782524165e+00
6.08051238748161e+00
5.65833521554404e+00
4.98471889577989e+00
5.16011462289286e+00
4.66880188513242e+00
4.89467707008387e+00
4.62961107841677e+00
3.48094639733903e+00
2.64293101533765e+00
1.24160049121505e+00
1.21455147231693e+00
1.18959968647850e+00
1.19248092174955e+00
1.21509228316537e+00
1.20650974511183e+00
1.19382186558320e+00
1.19929708466519e+00
1.11582312971526e+00
1.20371168470568e+00
1.29405729365736e+00
1.34234723974428e+00
1.42972455760976e+00
1.64807961699593e+00
1.82111584805613e+00
2.00142547285433e+00
2.17653531251831e+00
2.20718587758265e+00
2.26198769241794e+00
2.51877571643349e+00
2.50673008109438e+00
2.44207574619198e+00
2.35333275122789e+00
2.25812805818439e+00
2.41609685581872e+00
2.64256865552522e+00
2.74276428725303e+00
1.01258980996446e+00
8.26082340580123e-01
5.67540992660785e-01
3.06825356828587e+01
6.28681527841647e-01
5.11685854117294e-01
5.14090225587381e-01
5.53687140626976e-01
2.25497223283748e+00
2.95827185383753e+00
3.45585455536223e+00
4.09304347594085e+00
3.83458143904342e+00
3.40222972666238e+00
3.55976205312001e+00
3.25618882607001e+00
3.44088498692851e+00
3.29201274339239e+00
2.49601224221225e+00
1.90500922050784e+00
1.29062085040165e+00
5.78913652954567e+00
3.43285843419437e+01
3.40714469503242e+01
6.35888956371369e-01
6.29486846248118e-01
7.48014737035625e-01
7.33010348712869e-01
7.19041708187494e-01
7.21941444471579e-01
7.37345074480470e-01
7.33135498197979e-01
7.27194820644010e-01
7.31314297204958e-01
6.79855125730804e-01
7.34803307462529e-01
7.92007182826525e-01
8.23651111545294e-01
8.79788497835329e-01
1.01709929512409e+00
1.12595885792412e+00
1.23980092115947e+00
1.35091423070770e+00
1.37440059061175e+00
1.41423998513547e+00
1.57970548036143e+00
1.57436476325330e+00
1.53628223883840e+00
1.48511954856969e+00
1.42893519373710e+00
1.53180176937023e+00
1.67937000692170e+00
1.74665934080684e+00
1.78769101831971e+00
1.83960576552766e+00
1.86569522640053e+00
1.91368448007370e+00
1.95467824116645e-01
7.13193440084628e+00
6.52929229524240e-01
1.91908800657050e-01
2.07167888088664e-01
5.56219478823578e-01
5.72412639041462e-01
1.45318103718432e+00
1.29308069599065e+00
1.35660870933686e+00
1.24517096592072e+00
1.32094979019807e+00
1.27224716250003e+00
9.71224149393253e-01
7.45918966303451e-01
5.06284515729968e-01
1.37915987641249e+01
1.39422022774143e+01
1.84809659583784e+01
2.37159612381199e-01
2.35502691322461e-01
2.80265847550673e-01
2.75401754541034e-01
2.70878167708374e-01
2.72123424580967e-01
2.77617564468812e-01
2.75929478975114e-01
2.73667713539436e-01
5.59280010041406e-01
5.39118279098693e-01
5.76062743155622e-01
6.29384004368125e-01
6.53131329576677e-01
6.66276728191158e-01
6.85435018419400e-01
6.96107710314946e-01
7.15342590758428e-01
8.35875123040481e-01
9.58154952536544e-01
1.04026192167789e+00
1.17087698502619e+00
3.07530555993560e+01
1.73321825376116e+02
1.06849973207588e+02
1.35819002371905e+02
9.99348571870809e+01
7.95678850025573e+01
1.81274299204128e+02
1.48209772807487e+02
6.38099984927642e+00
1.30168449266757e+02
1.45650083138412e+02
1.84438410899833e+02
1.49469325320461e+02
1.14184593458496e+02
1.26430699524276e+02
9.77327530171677e+01
1.15780036318148e+02
2.28778889074852e+01
1.07179451080895e+01
1.43919712687699e+02
1.45061195202509e+02
1.47885389008417e+02
1.39473202374458e+02
1.23784525716131e+02
1.17748829060583e+02
1.02865748373269e+02
1.06095296651177e+02
1.04820029601598e+02
9.09007656532088e+01
9.71076350511590e+01
9.94522102980888e+01
1.12699295367428e+02
1.33592582200259e+02
1.38573966389940e+02
1.34924295393944e+02
3.12433412667348e+01
2.87173650450786e+01
2.85618765037412e+01
2.22776886156851e+01
1.20925007347262e+02
1.28833463242007e+02
1.51942433448663e+02
1.71549502326303e+02
1.84450182691381e+02
2.24532681073715e+02
2.60805151452972e+02
2.79811658600075e+02
2.91821826494743e+02
2.89998104085261e+02
2.72150550348321e+02
2.41249489697571e+02
2.24230588020688e+02
1.81902120490978e+02
1.39829820977069e+02
1.08466904073793e+02
8.29326020625627e+01
5.90649244077408e+01
4.14370558388529e+01
3.51902641550473e+01
2.82200621062660e+01
1.13674046776164e+01
1.17857424283589e+01
6.68574172003051e+00
8.93366842545193e+00
6.35825639684141e+00
3.38016615744930e-01
7.66376970153374e+00
1.00295445217915e+01
8.32656678990032e+00
7.58198473972291e+00
8.39155977538897e+00
1.04731767617353e+01
8.32542215403943e+00
6.33356815096108e+00
1.19488506494328e+00
5.63324641767541e-01
6.65876786713726e+00
6.23636308254406e+00
6.88725305115149e+00
7.82119472728713e+00
7.86677385547655e+00
7.99453736332520e+00
7.51912093817776e+00
6.65044893331967e+00
6.32041419518741e+00
5.51315750163061e+00
5.70264626421557e+00
5.64198781248799e+00
4.91613125415164e+00
5.25893321023691e+00
5.41694037280975e+00
6.14152514027445e+00
1.63783772605799e+00
1.50380470742106e+00
1.49247455109728e+00
1.16366913167932e+00
6.70646133318986e+00
6.72358199237659e+00
6.49409658178373e+00
6.55670189740132e+00
6.98542878400941e+00
8.22668463113985e+00
9.27487629546546e+00
9.94647785810263e+00
1.20678624495561e+01
1.39823265369373e+01
1.49633661613952e+01
1.55654890485329e+01
1.54298337028932e+01
1.44452905316141e+01
1.27747366770264e+01
1.18443810314238e+01
9.58898258272080e+00
7.35869002217555e+00
5.69907916281555e+00
4.35176604140508e+00
3.09768289488790e+00
2.17392675257983e+00
1.84403803951331e+00
1.47781784548131e+00
7.47413634735336e+00
1.59163297976235e-01
5.91331331117156e+00
4.83250567391446e+00
4.75223966023283e+00
3.42858625926397e+00
4.53437592302289e+00
5.74343478514050e+00
4.69591314793753e+00
4.22808814037774e+00
5.72465584725227e-01
2.67611132797330e-01
4.53943791799031e+00
4.63282299078420e+00
4.07450440676988e+00
3.09566748759888e+00
3.47435986034608e+00
3.24229765981075e+00
3.56544898539079e+00
4.02572786883318e+00
4.03014674231798e+00
4.07846552118242e+00
3.82077579006615e+00
3.36982229940607e+00
3.19968827895122e+00
2.78726911469236e+00
2.88852665088039e+00
2.85601679995108e+00
7.91696497396303e-01
7.25317275709332e-01
7.17813845409948e-01
5.57619375558043e-01
3.03346972201158e+00
3.18847442824807e+00
3.19649621198828e+00
3.36478673722411e+00
3.40484113234243e+00
3.40618516975489e+00
3.28859968604653e+00
3.31737037046433e+00
3.53231959686747e+00
4.15310329213537e+00
4.67391779779199e+00
4.99921108622003e+00
6.04831480786226e+00
6.98831492006437e+00
7.45703848339526e+00
7.73589253093222e+00
7.64747846777784e+00
7.13951966658260e+00
6.29706502346283e+00
5.82311411543090e+00
4.70166453852013e+00
3.59968581642516e+00
2.78145551224862e+00
2.11884369221540e+00
1.50486229382126e+00
1.05380466217344e+00
8.91465398804099e-01
7.12356268831760e-01
4.99351211068189e-02
2.76966302546185e+00
2.14935674362484e+00
1.72563158458323e+00
1.64811894314985e+00
1.16445003456567e+00
1.85689279367369e-01
8.55431297160054e-02
1.51518934614522e+00
1.64049151322610e+00
1.48749429442137e+00
1.53881147279376e+00
1.41667385940206e+00
1.43133307500982e+00
1.24900389727553e+00
9.47456859924641e-01
1.05937631941455e+00
9.89047779830736e-01
1.08754881277045e+00
1.22615692196544e+00
1.22865562680507e+00
1.24564375980807e+00
1.17056204050348e+00
1.03739728841036e+00
2.59526106670911e-01
2.37277156956770e-01
2.34036993210488e-01
1.80898151861308e-01
9.07032125692570e-01
8.66483621503039e-01
9.08202423702070e-01
9.63734270949449e-01
9.93487944800911e-01
1.04829463166082e+00
1.06022449585671e+00
1.12059344822986e+00
1.13414179451217e+00
1.13578154068672e+00
1.10106111215371e+00
1.11337040111992e+00
1.18841056816869e+00
1.39784785642284e+00
1.57351569711352e+00
1.68107250098751e+00
2.03118340176848e+00
2.34274016517609e+00
2.49479147256607e+00
2.58371295949591e+00
2.54966060313048e+00
2.37566623938296e+00
2.09152574886849e+00
1.93028609594040e+00
1.55560341177365e+00
1.18944783935748e+00
9.17818968827397e-01
6.98070901864250e-01
4.95123819415344e-01
3.46421859101446e-01
2.92198639679908e-01
2.32731391219512e-01
1.30612735333949e-02
6.16301728061760e-02
5.64534997437880e-02
2.44347834060606e-02
5.18522941083832e-02
4.50250512914707e-02
5.40472139749271e-02
5.60825208888578e-02
6.16617684199086e-02
7.02685001094230e-02
7.01020680232279e-02
7.92949901458034e-02
7.75721208208023e-02
8.48745508008694e-02
8.12957768886611e-02
7.04992527794831e-02
8.53316258507754e-02
8.93110497033800e-02
1.08021687634806e-01
1.32738363975135e-01
8.07266550572839e-02
7.35606415582960e-02
7.21009508439844e-02
5.49393737870356e-02
1.55819479054566e-01
1.60201162444769e-01
1.73066877007825e-01
1.74476777939003e-01
1.73924299372515e-01
1.79406094058846e-01
2.03665961971472e-01
2.29617625497029e-01
2.53041364378053e-01
2.75574073650527e-01
2.91723223561976e-01
3.16556877468559e-01
3.24755842693370e-01
3.29778276592570e-01
3.26949137724417e-01
3.35592902402645e-01
3.63301109943658e-01
4.30505723546781e-01
4.88042007556569e-01
5.22708672369462e-01
6.32427412348969e-01
7.30927612925024e-01
7.79373066380167e-01
8.08574534251052e-01
7.98985536041492e-01
7.45251725120806e-01
6.56376903308428e-01
6.05305573879818e-01
4.88014271616284e-01
3.73488627436692e-01
2.88152036832627e-01
2.19031635842472e-01
1.55169480587171e-01
1.08540577194389e-01
9.09690427832264e-02
7.18857336536840e-02
8.09055977541437e+01
5.37783317572883e+01
9.76991107222368e+01
9.03646131895964e+01
8.15288016848867e+01
1.92048473827569e+02
1.64156320154431e+02
1.54033121367197e+02
1.52845108378168e+02
1.01839796798879e+01
2.28095584054984e+02
1.89518168588528e+02
1.47658923931486e+02
1.65553841194960e+02
1.30596883523599e+02
1.56748900832798e+02
1.84019744745201e+02
1.90517181675843e+02
3.54281683429092e+01
1.68379227500952e+01
2.04312972901295e+02
1.93812501625857e+02
1.73573705131307e+02
1.66420485335957e+02
1.46451949002916e+02
1.51860362685280e+02
1.50452913221607e+02
1.30790705026583e+02
1.40011683172588e+02
1.43807595211463e+02
1.63632939946878e+02
1.94257462493244e+02
2.01949680026741e+02
1.97032010546031e+02
1.93413995966926e+02
1.62121196368569e+02
4.80215113143534e+01
4.42566624317034e+01
4.40734901934961e+01
3.45035633930689e+01
2.24927223019731e+02
2.54555460799226e+02
2.74481143464689e+02
3.35228039870890e+02
3.89863332922144e+02
4.18746598515051e+02
4.37351110175255e+02
4.35283428729818e+02
4.09030916348705e+02
3.63228059344361e+02
3.38235980896406e+02
2.74825501624703e+02
2.11698596538288e+02
1.64592791498962e+02
1.26135680001829e+02
9.01018870172949e+01
6.34458708736927e+01
5.40183594370548e+01
4.34572075069631e+01
1.16882170615617e+02
1.12810889586336e+02
8.46110219912674e+01
4.35542869428950e+01
5.70808406331100e+01
1.47527918817850e+02
1.34404584239355e+02
1.31800014729483e+02
1.34943625837099e+02
1.88869638212045e+02
2.37727719929580e+02
1.21696780855027e+01
1.42848204710173e+02
1.63613710717861e+02
1.30906213830038e+02
1.58682224469917e+02
1.88579202109470e+02
1.97074088070145e+02
2.21596540899407e+02
2.20801569774225e+02
4.19172493158877e+01
2.00247988132510e+01
1.85732746003208e+02
1.79227801878034e+02
1.58752316767617e+02
1.65375939294214e+02
1.64656319934137e+02
1.43621875538336e+02
1.54311306329374e+02
1.58827962450680e+02
1.81358890970995e+02
2.16132923863236e+02
2.25552799978783e+02
2.20802937865599e+02
2.17427597533748e+02
1.82750723759976e+02
1.75599249166858e+02
1.68137821565758e+02
5.64732716763961e+01
5.21437264435829e+01
5.20152026497020e+01
4.08151502335314e+01
3.12428161970982e+02
3.82560016466797e+02
4.45957065374353e+02
4.80117219414671e+02
5.02618323119703e+02
5.01380161678665e+02
4.72206075649811e+02
4.20223725418579e+02
3.92094353085106e+02
3.19264684410738e+02
2.46418863601493e+02
1.91954492737957e+02
1.47394400065817e+02
1.05493851864234e+02
7.44501247056433e+01
6.35046045134683e+01
5.11944657208387e+01
1.75584744162409e+02
1.56499658259267e+02
1.06484132473925e+02
1.29523326441991e+02
6.75963993400973e+01
7.33409837362593e+01
9.29236608026195e+01
1.02161720706078e+02
1.11255198525000e+02
1.63867282083499e+02
2.17058406235808e+02
9.79765850833185e+01
1.79726438649967e+02
1.40056844118287e+01
1.27181347979633e+02
1.55045524754774e+02
1.87594339589762e+02
1.98751937564610e+02
2.25880175375457e+02
2.27608249247993e+02
2.14126959770402e+02
1.95221636094830e+02
4.81046184335038e+01
2.30242363093960e+01
1.67284249632602e+02
1.74800330932141e+02
1.75146068942091e+02
1.53302275287747e+02
1.65399315357262e+02
1.70240652229969e+02
1.94788230790273e+02
2.33286447722557e+02
2.44537694954605e+02
2.40239193411311e+02
2.37300662697479e+02
1.99979118067327e+02
1.92470683293792e+02
1.84333147315232e+02
1.96722658649828e+02
2.83195717479880e+02
6.44220126959668e+01
5.95744170232693e+01
5.95493936787579e+01
4.68207142127523e+01
4.93660580316423e+02
5.33220127321492e+02
5.59884695825728e+02
5.60102163647457e+02
5.29100599482885e+02
4.72018859994865e+02
4.41380031478443e+02
3.60343895327765e+02
2.78698031842275e+02
2.17493602483703e+02
1.67335306970165e+02
1.19958830265944e+02
8.48001760557012e+01
7.24555179667546e+01
5.85128906336125e+01
2.18506536244193e+02
1.97517970389203e+02
1.31185790716929e+02
1.69305431540320e+02
1.11243925517703e+02
6.52895184172845e+01
8.11887110266111e+01
5.90815613609154e+01
8.94469501252125e+01
1.46576100251249e+02
2.07715537079867e+02
9.86275878931179e+01
1.84704649340265e+02
1.36043268841811e+02
1.30667814654973e+02
1.66371016060299e+01
2.00422628774974e+02
2.13044121593346e+02
2.43260937516189e+02
2.46967195201649e+02
2.33832992092962e+02
2.14273873812912e+02
1.85231370392839e+02
1.97896313251878e+02
5.68985118862071e+01
2.72997802512418e+01
1.95139881799547e+02
1.70807309192796e+02
1.84624994461062e+02
1.89566845981767e+02
2.17199077853072e+02
2.60766277100831e+02
2.74113010012159e+02
2.69716817657727e+02
2.66932971831523e+02
2.25424316564321e+02
2.17549642606220e+02
2.08594949823792e+02
2.22951787922743e+02
3.21797797720986e+02
4.47777262891262e+02
5.56487623631622e+02
7.57877690574157e+01
7.01953670225995e+01
7.02924048575448e+01
5.53709051850645e+01
6.43591414430178e+02
6.45468000774523e+02
6.11275707822886e+02
5.46623622134822e+02
5.12310867889074e+02
4.19213116910954e+02
3.24889217119763e+02
2.54035000569548e+02
1.95827585475010e+02
1.40624405235712e+02
9.95712546525800e+01
8.52252333817428e+01
6.89468223666491e+01
2.66669759998637e+02
2.45545168869747e+02
1.63118789100540e+02
2.14966293033784e+02
1.50477543966936e+02
1.04787332380513e+02
1.87053574775604e+02
1.06189531683258e+02
1.35579532417403e+02
7.29420242524296e+01
1.52724669230157e+02
1.19016853468574e+02
1.18187958531696e+02
1.90174480103094e+02
1.85590155909369e+02
1.85307977437493e+01
2.35854235349999e+02
2.43301774353512e+02
2.32798385138409e+02
2.15381455097000e+02
1.87809867438685e+02
2.01968663370264e+02
1.90994654827648e+02
1.94810641239694e+02
6.32810777222630e+01
3.03982962935081e+01
1.91523696202309e+02
1.96310172224321e+02
2.25409430091384e+02
2.71739709233935e+02
2.86838417729699e+02
2.82991581881848e+02
2.80834388833772e+02
2.37786255400002e+02
2.30133368054412e+02
2.20860805743465e+02
2.36322424186019e+02
3.41975429671910e+02
4.77100968551721e+02
5.94846050962956e+02
6.48182198464291e+02
7.30853517100489e+02
8.38046260880103e+01
7.77454442917315e+01
7.80129899229495e+01
6.15655575176275e+01
6.63045786875619e+02
5.94524029753659e+02
5.58619450748086e+02
4.58321692109283e+02
3.55988526480376e+02
2.78925941373301e+02
2.15460019743348e+02
1.54982969506038e+02
1.09908015370111e+02
9.42402453153029e+01
7.63726926032131e+01
2.86770752112653e+02
2.32689146137400e+02
1.65366077504224e+02
1.19693653941861e+02
2.33279925921899e+02
1.56791362311590e+02
1.22844398111609e+02
9.31166982229513e+01
4.98656895932334e+01
1.29368326115296e+02
1.10644551441704e+02
1.15991485619976e+02
1.92616427983588e+02
1.87777641605887e+02
2.31428340037478e+02
2.55407150164310e+02
2.14724444016057e+01
2.76037097961036e+02
2.16759502259890e+02
2.46784590505439e+02
2.30003624920064e+02
2.02717439411097e+02
2.21383207790997e+02
2.11319329354005e+02
2.12609557084449e+02
2.33137640289407e+02
1.67165627155833e+02
7.28864666391129e+01
3.51262161690820e+01
2.44899743580551e+02
2.95345847235602e+02
3.12349483260626e+02
3.08094251617774e+02
3.06079257039544e+02
2.59581686975883e+02
2.52169724719076e+02
2.42198421534276e+02
2.59565459720229e+02
3.77343886195079e+02
5.27385285867479e+02
6.58591991149974e+02
7.19278367555986e+02
8.13054960585189e+02
8.53662882418121e+02
8.22349093519587e+02
9.59294522906759e+01
8.91791293628340e+01
8.96641463011638e+01
7.09108702708819e+01
6.29417108227831e+02
5.17629622817436e+02
4.03017720805865e+02
3.16552438149581e+02
2.45065893360624e+02
1.76632758854160e+02
1.25492194051063e+02
1.07825666468591e+02
8.75645255937175e+01
3.19211750601573e+02
1.38048571364549e+02
2.80333528080113e+02
1.96041903094648e+02
1.62263744249828e+02
1.37479229129482e+02
1.36481157228181e+02
1.41495015743445e+02
4.89952910302214e+01
8.67004189646841e+01
1.57344931443923e+02
1.63409283783636e+02
2.05799467750183e+02
2.37312012171723e+02
2.37905215792087e+02
2.32697108182171e+02
2.32930332357522e+01
3.08562680119659e+02
2.44130571227093e+02
2.32459730416030e+02
2.20282593914732e+02
1.99676999317714e+02
2.20048445823294e+02
2.13033086335334e+02
2.14695247566295e+02
2.37795267838475e+02
1.70107272953065e+02
1.81064063519287e+02
2.75359962702004e+02
7.87596956558585e+01
3.80457014478549e+01
3.18874563778761e+02
3.14853379594632e+02
3.13250460798677e+02
2.66122778532415e+02
2.59051087521963e+02
2.48546081963495e+02
2.66246229194625e+02
3.87590757586935e+02
5.43075550072734e+02
6.80716063439296e+02
7.46546574817189e+02
8.46358007463015e+02
8.92261726598858e+02
8.62342392499916e+02
8.85855887056813e+02
7.78990825837620e+02
1.02990299635318e+02
9.58898774382921e+01
9.66375479690233e+01
7.66005070637954e+01
4.28439698889269e+02
3.37273458773991e+02
2.61717235602830e+02
1.88977471230046e+02
1.34478670023102e+02
1.15779219555207e+02
9.42122055670250e+01
3.63304998902936e+02
2.51092799504104e+02
2.15134563523773e+02
1.92741058927593e+02
2.14988596225422e+02
2.42950308935081e+02
1.05327587345535e+02
1.46792979190598e+02
9.23465389888592e+01
1.05144851788570e+02
1.43611664744400e+02
1.82095495390706e+02
1.93585634048403e+02
1.97922474173433e+02
1.86135545096208e+02
1.67676296366731e+02
2.45764119267901e+01
3.53367716790409e+02
2.82677739944262e+02
2.70340380659489e+02
2.59902417209314e+02
1.91601834740085e+02
2.65747600428893e+02
2.00739255194069e+02
2.03294180328723e+02
2.28315637697854e+02
1.64132393616030e+02
1.75612838703855e+02
2.67696706868812e+02
3.25573298551536e+02
3.24735627665614e+02
8.30675431169363e+01
4.01516878564109e+01
3.08400524098884e+02
2.62865931439604e+02
2.57108461167748e+02
2.47010717123000e+02
2.65194402370463e+02
3.87621604991566e+02
5.44619960469461e+02
6.84979082944410e+02
7.54192122457939e+02
8.57922355094852e+02
9.07968847145204e+02
8.80750844327056e+02
9.07905026532692e+02
8.01240768130835e+02
6.57918279020696e+02
5.20149224099667e+02
1.07966987906277e+02
1.00683589506322e+02
1.01709944952121e+02
8.07779375878998e+01
2.72841743896609e+02
1.97393688022204e+02
1.40670086168905e+02
1.21367257934487e+02
9.89500754143694e+01
3.89872475536369e+02
2.31267483194425e+02
2.67261402262709e+02
3.25525291460858e+02
1.39247314831971e+02
2.30068440641589e+02
1.44250368851462e+02
9.80050454759520e+01
8.26313993523252e+01
8.25740887467311e+01
1.24253868477840e+02
1.61819547220632e+02
1.80213231372372e+02
1.69701315911893e+02
1.68161633018517e+02
2.56266228741157e+02
1.50900487443388e+02
2.70045517933884e+01
3.82122321800490e+02
3.08578114744051e+02
2.97167703631007e+02
2.89534989268441e+02
2.14721666508899e+02
2.98655707614032e+02
3.38740905641125e+02
2.71769483294960e+02
2.29413940204015e+02
1.67590306522864e+02
1.83204562029248e+02
2.76894631329391e+02
3.34527124842429e+02
3.31124571504754e+02
3.02680288634923e+02
2.97105128307562e+02
9.05136544350898e+01
4.39293518187021e+01
2.66255129055434e+02
2.56792402074048e+02
2.77381775221016e+02
4.09200086945662e+02
5.74545326877120e+02
7.21099369075264e+02
7.93454855791667e+02
9.04143146452266e+02
9.56554674510263e+02
9.30177547690246e+02
9.62921805038799e+02
8.50929780304258e+02
7.00818988731310e+02
5.55751251682356e+02
4.28550699319110e+02
2.89464062571205e+02
1.17072088688873e+02
1.09398586276241e+02
1.10686899801036e+02
8.80718030378917e+01
1.52004554262791e+02
1.31454178759962e+02
1.07405933298525e+02
4.03007579827673e+02
2.91748068802053e+02
3.59128925818868e+02
1.57385688097358e+02
2.65506717407914e+02
1.71141418698517e+02
1.27202036601113e+02
1.40255761703404e+02
1.57297407434320e+02
1.81576589453559e+02
1.67766186343066e+02
1.72121892850257e+02
2.65900539307827e+02
1.55454711785968e+02
2.80285261238798e+02
2.85567776444997e+01
3.95789703351421e+02
3.20642422849450e+02
3.09094051646034e+02
3.02281146325373e+02
2.24892620270401e+02
3.13727136802793e+02
3.58859208510633e+02
2.89584246080909e+02
2.58562902199243e+02
1.71978656402114e+02
1.88872541565294e+02
2.84254187102722e+02
3.42921259522385e+02
3.38736425468783e+02
3.09958979642867e+02
3.03988435552534e+02
3.40482460109104e+02
9.52554109687397e+01
4.63459950888923e+01
2.63196146290161e+02
2.84145823676499e+02
4.20013238182071e+02
5.89820631541431e+02
7.40650832544913e+02
8.16032559700439e+02
9.31019623151950e+02
9.86300883122559e+02
9.60770952790988e+02
9.96575525297748e+02
8.82134837732935e+02
7.27716353048251e+02
5.78076162688206e+02
4.46481615379275e+02
3.02013567422771e+02
1.94560587027916e+02
1.22749386437854e+02
1.14819838800508e+02
1.16321101061264e+02
9.26889586475964e+01
1.37808248115395e+02
1.12745471650709e+02
4.09017685469008e+02
3.69337473920419e+02
1.64895349949640e+02
2.76909573575660e+02
1.81231907148648e+02
1.42301003137763e+02
1.77563064555296e+02
1.56131492889873e+02
2.12842095495701e+02
1.88871953154424e+02
1.92448110719436e+02
2.98269317740396e+02
1.72569646841888e+02
3.09402390475802e+02
1.95623345404894e+02
3.13015280813529e+01
4.01721237319474e+02
3.25583264522257e+02
3.12974966551636e+02
3.06187448951539e+02
2.28043466954593e+02
3.19145911570179e+02
3.66489843519346e+02
2.95861057949072e+02
2.64965961952023e+02
2.81403408377403e+02
2.04941390656384e+02
3.06397786677069e+02
3.69105673348686e+02
3.63840836728931e+02
3.32212183056378e+02
3.24046998566827e+02
3.63096049565737e+02
2.58306374959564e+02
1.03457101299443e+02
5.05736587548806e+01
2.98931742060036e+02
4.40915843718478e+02
6.19474648734952e+02
7.79550208288924e+02
8.61465919991770e+02
9.84197472611100e+02
1.04561791538148e+03
1.02067252947454e+03
1.06046798228200e+03
9.41207974896861e+02
7.77753582905698e+02
6.18987471144428e+02
4.79112817160787e+02
3.24697990883034e+02
2.09499270343415e+02
1.67190123037130e+02
1.32618248601896e+02
1.24170994120522e+02
1.26018349572227e+02
1.00647680175716e+02
1.22056383907406e+02
4.14007997487795e+02
1.71297686981652e+02
2.88094631179415e+02
1.91979369922613e+02
1.56966829732716e+02
2.08651507817436e+02
1.88177819638974e+02
2.49948095566101e+02
2.30735488249154e+02
1.97337868139669e+02
1.91066975507817e+02
2.05197406093140e+02
3.26094404148750e+02
1.87534777863455e+02
3.35849362918727e+02
2.11608063719685e+02
1.91571792280389e+02
3.41192571950155e+01
4.06718545293011e+02
3.29869014161970e+02
3.09723847845400e+02
2.30941302300088e+02
3.23866267518948e+02
3.73270724334253e+02
3.01487182930940e+02
2.70515171732406e+02
2.88534053603604e+02
3.48491481087030e+02
3.27978467358281e+02
3.95304869542647e+02
3.89299706488507e+02
3.55058633533511e+02
3.44748851660162e+02
3.86740905624991e+02
2.75038279484908e+02
2.07338750450335e+02
1.12286638904795e+02
5.50178420963898e+01
3.56546104758117e+02
4.63387456335190e+02
6.51410147966620e+02
8.21466180572348e+02
9.10500625611710e+02
1.04173111380309e+03
1.10987848521165e+03
1.08573230084930e+03
1.13013195467791e+03
1.00568850743925e+03
8.32434087442456e+02
6.63724741633210e+02
5.14791298845157e+02
3.49441632815181e+02
2.25699025992558e+02
1.80351923117040e+02
1.50303264530823e+02
1.43289785516102e+02
1.34262903367824e+02
1.36500540789193e+02
1.09217326448172e+02
4.22579451010641e+02
3.05945102396299e+02
2.06650437464514e+02
1.72432158438936e+02
2.33888815127327e+02
2.10396599275669e+02
2.67102741596055e+02
2.63455558442538e+02
1.48924716986084e+02
1.81819894909382e+02
3.11193780344454e+02
1.80949433826134e+02
3.26940904966316e+02
2.08526409589446e+02
1.93018403240760e+02
2.60589899272341e+02
3.66057170703253e+01
4.15656707909743e+02
3.37727023687385e+02
2.37167650043711e+02
3.33083330943762e+02
3.85850695474274e+02
3.12169725952362e+02
2.80357449975128e+02
2.99791998639541e+02
3.63257974762442e+02
2.76109577294484e+02
4.01822468672634e+02
3.96638309271684e+02
3.63370692496585e+02
3.53047538184689e+02
3.97370093930762e+02
2.83099641852470e+02
2.13349626025035e+02
3.32392956474840e+02
1.19853624593893e+02
5.88856284313629e+01
3.64954560080396e+02
3.26614887137739e+02
6.70976183296677e+02
8.47374025786357e+02
9.41632268956556e+02
1.07939158606853e+03
1.15279287832685e+03
1.13058550823445e+03
1.17998165070208e+03
1.05277354175467e+03
8.73341839248662e+02
6.97966987792194e+02
5.42573217158019e+02
3.69002246401896e+02
2.38661630150115e+02
1.91057853024960e+02
1.59467194276046e+02
1.52203180632326e+02
1.42783314583960e+02
1.45421610048722e+02
1.16574018895134e+02
4.32901760747715e+02
2.19969129900076e+02
1.88056442799423e+02
2.63004398192583e+02
2.36133556907463e+02
3.00426238689848e+02
2.99980400346830e+02
2.15762220767902e+02
2.91740484349754e+02
1.70437144286263e+02
3.14162927169835e+02
2.01621889331181e+02
1.86100936081190e+02
2.55480267289980e+02
4.14986336057334e+02
3.83906891675532e+01
4.25853157320565e+02
3.46262692527627e+02
3.43046091149057e+02
3.98487909807880e+02
3.22675577516206e+02
2.90534624150214e+02
3.11853729709103e+02
3.77942907399914e+02
2.89334197211043e+02
2.62155927692107e+02
3.94810890016228e+02
3.63175199518013e+02
3.52797044363056e+02
3.99126213577715e+02
2.85191407258180e+02
2.13526802142276e+02
3.30852400398861e+02
4.66285282225669e+02
1.24945416096250e+02
6.15895071863937e+01
3.74013860213373e+02
3.34873172989289e+02
2.82853761177549e+02
8.50113412612573e+02
9.49031674888422e+02
1.09062408545381e+03
1.16952515816483e+03
1.15016528098918e+03
1.20290662487065e+03
1.07678644132731e+03
8.95066846108336e+02
7.16859047329852e+02
5.58607474255651e+02
3.80646138192363e+02
2.46590366871516e+02
1.97673389915664e+02
1.65213376044240e+02
1.57796687285655e+02
1.48197904628945e+02
1.51223020491386e+02
1.21484080073617e+02
4.48385545191976e+02
2.10063606654988e+02
3.01254095545763e+02
2.72983857965934e+02
3.51109818806769e+02
3.59713107417185e+02
2.94189769935870e+02
2.53726864839349e+02
1.37156533607710e+02
2.74320481819907e+02
1.78415035545616e+02
1.66088529259137e+02
2.35446602835363e+02
3.87648442308246e+02
3.55803352597233e+02
3.95688270685242e+01
4.41328330697121e+02
3.59486993311743e+02
4.18215312139133e+02
3.39413962802691e+02
3.06596864980064e+02
3.30429839267814e+02
4.01190742663894e+02
3.09650067626348e+02
2.81488834000996e+02
2.87658793277945e+02
3.50042430007933e+02
3.41221289823872e+02
3.89378866587217e+02
2.79669382389048e+02
2.08492538807745e+02
3.22093758580104e+02
4.55650377978468e+02
6.39935961043622e+02
1.28658796801088e+02
6.34764335334430e+01
3.88156428140112e+02
3.48039329862036e+02
2.94573903619360e+02
3.49797538475024e+02
9.39730174523721e+02
1.08373968501517e+03
1.16789429355309e+03
1.15260702068889e+03
1.20883835915411e+03
1.08630675017085e+03
9.05224567998089e+02
7.26818170398053e+02
5.67899484193887e+02
3.87735731796247e+02
2.51524932444543e+02
2.01907372045643e+02
1.68981419525561e+02
1.61557701281365e+02
1.51918089915248e+02
1.55362296469711e+02
1.25045287411862e+02
4.56599524031994e+02
3.11088529135462e+02
2.88164156610830e+02
3.61153250562100e+02
3.79641720135536e+02
3.16874637833170e+02
2.62074395637012e+02
2.44630525298338e+02
1.97054022249566e+02
1.40770237699085e+02
1.51338734159867e+02
2.18613101199692e+02
3.60866397850922e+02
3.82368556582660e+02
4.07594268139070e+01
4.50631060861258e+02
3.68325045895679e+02
3.52540776712739e+02
3.17874804112354e+02
3.41953689370865e+02
4.17454574235155e+02
3.22981184645136e+02
2.94259315523031e+02
3.04200789241347e+02
2.35050343039788e+02
3.30424675393873e+02
3.79653734655701e+02
2.73964054855645e+02
2.07287065397826e+02
3.26323394651614e+02
4.59909667907395e+02
6.42540769177078e+02
9.08235255421230e+02
1.32295425423499e+02
6.53310656897041e+01
3.97887275319841e+02
3.57946714187538e+02
3.03612832365687e+02
3.60568240045837e+02
3.56847216872760e+02
1.08707265784827e+03
1.17090139466109e+03
1.15806376409003e+03
1.21914977771469e+03
1.09670605727443e+03
9.16160192642736e+02
7.37460623789430e+02
5.77147623604724e+02
3.94599703251072e+02
2.56198467883145e+02
2.06098643200069e+02
1.72771017067795e+02
1.65551941406877e+02
1.55923976577786e+02
1.59658539949089e+02
1.28634343344761e+02
4.71986642425592e+02
3.15899184099792e+02
3.94619426562051e+02
4.17583934586412e+02
3.56364963718048e+02
2.94009413636031e+02
2.51055227814128e+02
1.41189630954786e+02
9.81056608233562e+01
1.24014693559138e+02
1.87252028779532e+02
3.13617946640523e+02
2.95196087125138e+02
3.46553811982307e+02
2.52425787299758e+02
4.14566959412080e+01
4.66464831494583e+02
3.82135319805789e+02
3.34652883995906e+02
3.60548132716546e+02
4.41399040550787e+02
3.42909374184236e+02
3.12971266366367e+02
3.26349286446724e+02
2.53432522696665e+02
2.92842990983753e+02
3.56784637178204e+02
2.59718930495313e+02
1.97892233833074e+02
3.14463221841183e+02
4.43471671334995e+02
6.19957219426439e+02
8.78477079463215e+02
1.05153468115168e+03
1.33851399107372e+02
6.62922460112960e+01
4.12849850258564e+02
3.72225450323034e+02
3.16362844971794e+02
3.76270107331174e+02
3.73243545718546e+02
3.77718354993651e+02
1.14303707891507e+03
1.13457627660829e+03
1.19902848104576e+03
1.08209241060352e+03
9.06703115508421e+02
7.32100357135830e+02
5.74528133821158e+02
3.93698242176401e+02
2.56090655190264e+02
2.06455346703563e+02
1.73414045409971e+02
1.66481839169704e+02
1.57097125330701e+02
1.61185415831274e+02
1.30136179506883e+02
4.83249713264438e+02
4.21415888460502e+02
4.50706234946440e+02
3.91743058196426e+02
3.25921263793350e+02
2.79396848296634e+02
1.65285607717211e+02
1.56777054857544e+02
1.43027685903922e+02
1.95705375045078e+02
3.01881432064043e+02
2.80344607173776e+02
3.31897663210935e+02
2.44917931526529e+02
3.67149616273130e+02
4.28162290927142e+01
4.78322560902418e+02
3.92710122468095e+02
3.75494983321921e+02
4.60894919742837e+02
3.58979480270781e+02
3.27844231531741e+02
3.44374127915025e+02
2.67923543309422e+02
3.09803301640335e+02
3.47170719617642e+02
2.56209779485173e+02
1.95559796739618e+02
3.13079395705155e+02
4.39488086545029e+02
6.11769099084345e+02
8.66530915960520e+02
1.03769751202279e+03
9.45343696997866e+02
1.37068122797995e+02
6.81898788525538e+01
4.24354743538303e+02
3.83427884307730e+02
3.26458890926689e+02
3.88768824874417e+02
3.86414711853852e+02
3.91944961430806e+02
4.03350185562430e+02
1.12613178792556e+03
1.19455590878271e+03
1.08077790829396e+03
9.08136554297034e+02
7.35528066885773e+02
5.78674239246025e+02
3.97316625465896e+02
2.58859487531411e+02
2.09131394925667e+02
1.76018378918235e+02
1.69339013633319e+02
1.60147079139593e+02
1.64659381245108e+02
1.33263874155699e+02
4.92666953962103e+02
4.67412433154696e+02
4.13164485495171e+02
3.45130905307371e+02
2.82352835587569e+02
1.79981548399022e+02
1.87531341562578e+02
1.05066769941431e+02
1.74263532940575e+02
1.93762961392914e+02
2.32456559160728e+02
3.11219860808064e+02
2.87300105561924e+02
3.39149424656917e+02
2.45041024261321e+02
3.73158778608631e+02
3.36682067749075e+02
4.49672916261526e+01
4.87283777171868e+02
4.00027166886517e+02
4.73171842714752e+02
3.69559306520193e+02
3.36568514971226e+02
3.54339333649184e+02
2.78977617013641e+02
3.27587201280605e+02
3.67382108882146e+02
4.04763466299453e+02
1.94428128897760e+02
3.03690509683592e+02
4.28243066835808e+02
6.00896582073444e+02
8.54613483446269e+02
1.03004835325066e+03
9.50865792443152e+02
1.06054676706983e+03
1.43102572617628e+02
7.14511776502216e+01
4.32020655605206e+02
3.90231421105766e+02
3.32471117183491e+02
3.96573103111895e+02
3.94548030194167e+02
4.01120098354680e+02
4.13892568900107e+02
3.90303186892036e+02
1.20930775549304e+03
1.10046936650737e+03
9.26973860091847e+02
7.53051788041828e+02
5.94594906102973e+02
4.08983319343452e+02
2.66741409235455e+02
2.15662880846480e+02
1.81769179011157e+02
1.75018271258439e+02
1.65844168794861e+02
1.71134206619408e+02
1.38993053359750e+02
5.13104360467895e+02
4.81116596983775e+02
3.45876850281109e+02
2.33695367355124e+02
2.63163758971574e+02
1.57032324406751e+02
2.96557010490699e+02
2.20354946414098e+02
2.22609267416583e+02
2.78048994532968e+02
3.28475354727159e+02
3.02439747529687e+02
1.53436569517247e+02
4.44984892930279e+01
5.08046699930758e+02
4.18056061994358e+02
3.97809348874181e+02
3.63547765705812e+02
3.85190748297128e+02
3.05464086424305e+02
3.61341963321600e+02
4.08954514138842e+02
4.54007061729364e+02
5.19170844591356e+02
2.79763812321329e+02
3.95900494446283e+02
5.58213743433297e+02
7.97965750465865e+02
9.67323370285805e+02
8.99904736097571e+02
1.00753781432829e+03
1.31276380204596e+03
1.41758663098124e+02
7.07804711718683e+01
4.51509752638950e+02
4.08763409814730e+02
3.49135358081777e+02
4.17309310380862e+02
4.16295134620840e+02
4.24535611052584e+02
4.39541416770301e+02
4.15678077508708e+02
4.50615604296914e+02
1.06055536561781e+03
8.96623146604876e+02
7.31090350040944e+02
5.79238800509068e+02
3.99279348205623e+02
2.60735405885137e+02
2.11194706007807e+02
1.78337098630520e+02
1.72075838029533e+02
1.63400382856544e+02
1.69096718310217e+02
1.37632416879582e+02
5.26176656860549e+02
4.60471689774568e+02
4.00432021450695e+02
2.74640541518610e+02
3.12581231094535e+02
1.80423789652245e+02
3.40191701740543e+02
2.02969967410034e+02
7.97992784618652e+01
1.38318666142025e+02
1.63660300357253e+02
2.28414909234069e+02
1.83389357776667e+02
3.01332634532454e+02
2.82508336572699e+02
1.45641466810382e+02
2.11590517933395e+02
4.47876895501976e+01
5.22011374316737e+02
4.30774220393862e+02
3.84361697478771e+02
4.09832538526127e+02
3.24898012977683e+02
3.83589559029597e+02
4.37647584814187e+02
4.89068018102469e+02
5.65431474171234e+02
5.57202072155884e+02
3.85996166765373e+02
5.39185702307675e+02
7.68802557680386e+02
9.31081489479046e+02
8.65630265227804e+02
9.72754850607395e+02
1.27336750348030e+03
1.15175971794192e+03
1.42145695488077e+02
7.11255479936208e+01
4.65412606944403e+02
4.22559079484666e+02
3.61750120851287e+02
4.33010113925905e+02
4.32994432929800e+02
4.42580259381490e+02
4.59376449618825e+02
4.35134018717076e+02
4.72772503689815e+02
4.25436951325630e+02
8.77874262897436e+02
7.18566912406610e+02
5.70891105746075e+02
3.94247404825055e+02
2.57696276548013e+02
2.09239992968860e+02
1.77072116297196e+02
1.71352247483613e+02
1.63129324418327e+02
1.69223030545827e+02
1.38027799728602e+02
5.36234011188662e+02
4.47537049150537e+02
3.12389773866681e+02
3.62253254017873e+02
2.08016219268645e+02
4.03458120684685e+02
2.48093252506970e+02
1.47468280473722e+02
1.10295250962694e+02
1.23488558145500e+02
2.12028070309200e+02
1.75476099559779e+02
2.98386471193839e+02
2.82551981587129e+02
1.47045486047782e+02
2.20524071571316e+02
3.57041459712239e+02
4.57255740278349e+01
5.32739954263429e+02
4.40579278925599e+02
4.30532781705987e+02
3.41790521721799e+02
4.03887023699926e+02
4.63616997861789e+02
5.20554613376647e+02
6.06398733335673e+02
6.04160174296885e+02
5.39622551580289e+02
5.36042441339904e+02
7.58538848355121e+02
9.15113671157980e+02
8.50418871316905e+02
9.56279853305553e+02
1.25627445125674e+03
1.13861068780911e+03
9.34427479280811e+02
1.44516219051225e+02
7.24855181398042e+01
4.76113623062699e+02
4.33224720835867e+02
3.71583744023535e+02
4.45461338391686e+02
4.46362284782294e+02
4.57236007937220e+02
4.75719251609203e+02
4.51293196304383e+02
4.91154864206736e+02
4.43044123602116e+02
4.70264010316149e+02
7.17495106776462e+02
5.71560426196842e+02
3.95193220220624e+02
2.58310445461890e+02
2.10137039286791e+02
1.78157816069245e+02
1.72844312663227e+02
1.64954618287037e+02
1.71608147809712e+02
1.40326087302185e+02
5.35515056359734e+02
3.27681824351693e+02
3.89807286851563e+02
2.21314820903260e+02
4.15819200082248e+02
2.43015211260190e+02
1.61757413494291e+02
1.55356673344811e+02
1.83892757091441e+02
3.37299844380354e+02
3.24339754699239e+02
1.68813227453413e+02
2.44883159570354e+02
3.85276875139515e+02
4.59464135551977e+02
4.89178667044965e+01
5.31940533419910e+02
4.40031251814026e+02
3.47077125714153e+02
4.12913209026260e+02
4.74205550970718e+02
5.31220769954103e+02
6.17863034912643e+02
6.17134508238120e+02
5.54541980521391e+02
4.84429367749913e+02
8.00749312324478e+02
9.60381003354991e+02
8.98165685010750e+02
1.00149389347076e+03
1.31515832392560e+03
1.19783902412332e+03
9.81400709259257e+02
9.30417275344738e+02
1.54011232394457e+02
7.74364047120972e+01
4.75434659482032e+02
4.32729306352030e+02
3.71446912607299e+02
4.45979586426162e+02
4.47382046585689e+02
4.59134907298891e+02
4.78666802280576e+02
4.54460588307442e+02
4.94456749951359e+02
4.47066511546771e+02
4.74359024611024e+02
4.37989128155013e+02
6.04695105766431e+02
4.17771400058065e+02
2.72289296289694e+02
2.21434633628158e+02
1.87807500790280e+02
1.82360310848847e+02
1.74343174344166e+02
1.82115379564701e+02
1.49436763620358e+02
5.33479420732625e+02
4.13790942359540e+02
2.32877225205460e+02
4.31943350209153e+02
2.51568943321621e+02
1.78595789884501e+02
1.88135905002768e+02
3.24603877854418e+02
1.73925766254672e+02
1.39315594618393e+02
3.42241305028435e+02
3.50372481789328e+02
1.89210773752996e+02
2.76366040996648e+02
4.19168331653539e+02
4.97948235936626e+02
7.60098173837549e+02
5.18786063720969e+01
5.30058706229429e+02
4.38794502030729e+02
4.20374231361668e+02
4.83449139545262e+02
5.41240549496607e+02
6.29968152497798e+02
6.31711884819932e+02
5.70309694463940e+02
4.98313382104171e+02
3.99451622036560e+02
1.00728793427742e+03
9.45850958717428e+02
1.04585834017023e+03
1.37293420424194e+03
1.25504886390575e+03
1.02702413626696e+03
9.75624377666435e+02
8.84775171028937e+02
1.63169689954477e+02
8.21188983393001e+01
4.74082879503069e+02
4.31844864772420e+02
3.71073292145796e+02
4.46186431983624e+02
4.48187448132539e+02
4.60772372295519e+02
4.81258066965002e+02
4.57256602610252e+02
4.97579907215978e+02
4.50796266078602e+02
4.78620523989558e+02
4.42537711164856e+02
3.77373066494814e+02
4.39807791974589e+02
2.85610414475096e+02
2.32194663982792e+02
1.96975041694116e+02
1.91467905938924e+02
1.83352201360759e+02
1.92274026163671e+02
1.58247531319512e+02
5.41566175815948e+02
2.61791564736805e+02
4.83910135284246e+02
2.84496496481935e+02
2.16778970983605e+02
2.45511280104903e+02
4.48043697972262e+02
3.25592428253409e+02
2.76146412265698e+02
1.68879796405591e+02
2.57205967819225e+02
3.87729869012438e+02
4.73616486330670e+02
7.33625303549192e+02
9.14812152743019e+02
5.26762066882748e+01
5.38108430813346e+02
4.45784204038088e+02
5.09153666965628e+02
5.70630543279088e+02
6.65523127201872e+02
6.70564716807936e+02
6.09964289798087e+02
5.34275031864157e+02
4.33617633442328e+02
4.23257654838655e+02
9.31475474291315e+02
1.02720076314095e+03
1.35275360622462e+03
1.24818178905343e+03
1.02191376631007e+03
9.74098578675606e+02
8.88405410252543e+02
5.68633173827344e+02
1.66032800095631e+02
8.35293833917141e+01
4.81593518959850e+02
4.39038175197816e+02
3.77759195124675e+02
4.55062819132415e+02
4.57866307714120e+02
4.71738526959263e+02
4.93820958401537e+02
4.69986680456684e+02
5.12003893307463e+02
4.65257128693188e+02
4.94702809745425e+02
4.58493849015851e+02
3.92595827454942e+02
4.48355923462713e+02
2.87040015226835e+02
2.33394027861670e+02
1.98150417326016e+02
1.92842375569289e+02
1.85016787109593e+02
1.94862692219115e+02
1.60883982865156e+02
5.44125238517206e+02
5.20903176039927e+02
3.08964484821483e+02
2.42847150646763e+02
2.82806470096797e+02
5.21526899115332e+02
4.14353234368853e+02
1.54003766416387e+02
2.59137967418911e+02
3.70137153634734e+02
4.61857824383787e+02
7.23874141867691e+02
8.94962000491427e+02
1.05006662511377e+03
5.38466823239989e+01
5.40859957837076e+02
4.48498419563175e+02
5.92579112411972e+02
6.93156086656273e+02
7.01966302745321e+02
6.41786360084418e+02
5.63784260769749e+02
4.61643755711113e+02
4.55186349869783e+02
3.80034401043779e+02
1.02218072328997e+03
1.34904308192503e+03
1.25422405312342e+03
1.02710271079890e+03
9.82390176071076e+02
9.00473135615462e+02
5.77009775736914e+02
3.30034724226893e+02
1.70040171382786e+02
8.55230514936534e+01
4.84551577916581e+02
4.42222817983284e+02
3.81010909687179e+02
4.59789703207113e+02
4.63400059597527e+02
4.78383777916603e+02
5.01792564491124e+02
4.78221569609067e+02
5.21571151925528e+02
4.75090037025553e+02
5.06062197630206e+02
4.70102196930386e+02
4.03653513502033e+02
4.62392122602620e+02
4.61117641019663e+02
2.36133819624027e+02
2.00538648337311e+02
1.95423065806850e+02
1.87882763026585e+02
1.98779799265726e+02
1.64656524947185e+02
5.45259368760231e+02
3.26190653472704e+02
2.63520064613037e+02
3.10253260568744e+02
5.68593156322892e+02
4.61719362314103e+02
4.36500361680158e+02
2.47646148978422e+02
1.23291190670537e+02
2.59587821245398e+02
3.34931831914436e+02
4.34392578907844e+02
7.01094617494971e+02
8.61991210438400e+02
1.04469135195806e+03
5.50975959918315e+01
5.41995820392565e+02
4.49736732336455e+02
7.17927961559306e+02
7.29710126192676e+02
6.70506861953409e+02
5.89490690771133e+02
4.86561604514615e+02
4.85308123640355e+02
4.07472789613102e+02
4.41941294218232e+02
1.34279816740818e+03
1.26200934729566e+03
1.03227699069466e+03
9.90121236612331e+02
9.12828491867388e+02
5.85663143033826e+02
3.33856362611706e+02
2.90415287964360e+02
1.73953951329705e+02
8.75734799213460e+01
4.85859493030189e+02
4.43748287445549e+02
3.82798929466124e+02
4.62737303825432e+02
4.67097180395486e+02
4.83141619229838e+02
5.07791380234797e+02
4.84635849872016e+02
5.29095174328216e+02
4.83191983427674e+02
5.15407922073464e+02
4.79778820767346e+02
4.13376466275283e+02
4.75213583599962e+02
4.75048433963883e+02
5.50419583252685e+02
2.02802211736244e+02
1.97682340215300e+02
1.90402916300173e+02
2.02393675514818e+02
1.68283510485250e+02
5.53689062032205e+02
3.02710704929104e+02
3.63098538490083e+02
6.70238103932194e+02
5.54246850663896e+02
5.45136584702091e+02
3.34816048699584e+02
3.34736722429888e+02
2.75390572593273e+02
3.84914799493194e+02
6.52118915924225e+02
7.95044625012534e+02
1.02037614441917e+03
7.72063237516799e+02
1.24213345792916e+03
5.56010719964895e+01
5.50089947594038e+02
4.56617978054692e+02
7.73704796448092e+02
7.16348831750756e+02
6.30289023864747e+02
5.25599864868595e+02
5.34554204307959e+02
4.54384219652748e+02
4.87662728366110e+02
4.66898990670588e+02
1.24677375941184e+03
1.01582468796666e+03
9.75852533660742e+02
9.06582644662906e+02
5.82657325289493e+02
3.31531838735500e+02
2.88246934616946e+02
2.41869210765977e+02
1.74797622679139e+02
8.82838571558177e+01
4.93175774573823e+02
4.50600158838608e+02
3.89228409470954e+02
4.71392412013565e+02
4.76620826289776e+02
4.94112883576332e+02
5.20545607449037e+02
4.97865812975670e+02
5.44261172532708e+02
4.98775350278392e+02
5.32690299846284e+02
4.97020207016410e+02
4.30549997766737e+02
4.97637966153250e+02
4.99483766154596e+02
5.81066721095216e+02
6.78913137987521e+02
1.96086057269168e+02
1.89172652897330e+02
2.02092376644426e+02
1.68821063066525e+02
5.69883617910596e+02
4.32742425532445e+02
8.07749663841204e+02
6.90878250951419e+02
7.16086387581851e+02
4.65789623483167e+02
5.15426005901913e+02
4.12495463385756e+02
1.82779054785065e+02
1.20282121084472e+02
2.63987743383784e+02
4.96916483130953e+02
6.28002662071923e+02
8.61599579303942e+02
6.67762381744741e+02
1.07558300240387e+03
1.23545482491767e+03
5.29267473195610e+01
5.66642139545050e+02
4.71173675954546e+02
7.81843729377070e+02
6.93001718622708e+02
5.82098388928226e+02
5.95830234173278e+02
5.10537890495826e+02
5.52927319327678e+02
5.38404571989560e+02
3.83778009275216e+02
9.14268405918534e+02
8.85839705033876e+02
8.31519658098981e+02
5.37440183065070e+02
3.06526878713364e+02
2.67230226048243e+02
2.25104108862101e+02
1.61548504638485e+02
1.66039007728921e+02
8.40352332382577e+01
5.08934918025607e+02
4.65789150944271e+02
4.03075345016791e+02
4.88873777973978e+02
4.95214422376796e+02
5.14380017520774e+02
5.43007829639332e+02
5.20442349702797e+02
5.70200000220997e+02
5.23867459645603e+02
5.60960555591421e+02
5.24908251909077e+02
4.56010359750052e+02
5.28549699737962e+02
5.32380550687701e+02
6.21546807409538e+02
7.29521190974232e+02
7.76113749512684e+02
1.77762704747402e+02
1.90921758845001e+02
1.60200469074553e+02
5.74146540058949e+02
8.87633945520899e+02
7.84582952664863e+02
5.60161445769162e+02
6.58890603975393e+02
5.37045344517725e+02
2.62085830527796e+02
1.34891638448658e+02
1.35060436237637e+02
3.26102972306237e+02
4.53811956404936e+02
6.67770417686519e+02
5.40293527785515e+02
1.05938393661913e+03
8.39685390758149e+02
5.05605682582339e+01
5.72130060878537e+02
4.77121480001312e+02
7.42800992846619e+02
6.25377909382503e+02
6.34007550559171e+02
5.42488831467193e+02
5.96972243220833e+02
5.98076600964584e+02
4.24581802902116e+02
4.35550357348229e+02
7.93639081874993e+02
7.52954027128875e+02
4.90774664226231e+02
2.80793862268719e+02
2.45372858120381e+02
2.07280799842388e+02
1.49923572307616e+02
1.33443690334118e+02
1.57563513579432e+02
8.00651650292764e+01
5.15575635096378e+02
4.73225283017457e+02
4.10317812405858e+02
4.98111720472278e+02
5.05475565478526e+02
5.25708868734554e+02
5.55728497676443e+02
5.33358342967138e+02
5.85719911371262e+02
5.38627635183208e+02
5.78787537682600e+02
5.43130878994305e+02
4.71470256143365e+02
5.46075822882215e+02
5.50832124213571e+02
6.44159677954926e+02
7.61496775493663e+02
8.16132185329379e+02
8.43277752169539e+02
1.80414938896030e+02
1.52079685808946e+02
5.62428864017659e+02
8.46075521171066e+02
9.47037509671542e+02
6.31476774729600e+02
7.87035812147047e+02
6.83913255547029e+02
3.44421090240288e+02
2.15945167159391e+02
3.41477129618730e+02
5.47822477990364e+02
4.66548773325667e+02
8.14566791117221e+02
9.67301314969147e+02
7.77771379314775e+02
7.24957249208153e+02
5.07438934247649e+01
5.61542979188464e+02
4.69508009654017e+02
6.47766366954986e+02
6.51825324575615e+02
5.56936418485739e+02
6.19317896534853e+02
6.34566006349819e+02
4.48727539342869e+02
4.55987751077124e+02
7.38698286707025e+02
7.21822993391691e+02
4.73383366114429e+02
2.70431951051379e+02
2.35634868454138e+02
1.98895270745438e+02
1.44816964938349e+02
1.29784832281793e+02
1.94050685039016e+02
1.55572804473352e+02
7.97493084930761e+01
5.07530082270926e+02
4.67038220709514e+02
4.05669632888430e+02
4.92914154414253e+02
5.01011563991409e+02
5.21698852032209e+02
5.52214006372988e+02
5.30636835025311e+02
5.83903255358319e+02
5.37431978568939e+02
5.79225138424903e+02
5.44874004594429e+02
4.72671737966117e+02
5.47244496992515e+02
5.52669723109855e+02
6.47240060158967e+02
7.69763784681294e+02
8.30214039098068e+02
8.61182991813213e+02
8.31150643760897e+02
1.50245811383881e+02
5.41359611730971e+02
1.01820292874482e+03
6.81604256538901e+02
8.85238793167281e+02
7.96371018875421e+02
4.03763996533129e+02
2.69143982819868e+02
3.24501192729605e+02
4.01920124350119e+02
7.39915827882630e+02
9.01038901683767e+02
7.36956943709362e+02
7.04091334756474e+02
7.78528000955354e+02
5.17432552844573e+01
5.41419097773594e+02
4.53693921316467e+02
6.57217128273070e+02
5.61064714065487e+02
6.28707361926213e+02
6.55850546092900e+02
4.62519536092793e+02
4.66704741837905e+02
7.57615989018414e+02
9.21229493119283e+02
4.68400968148048e+02
2.65559732058823e+02
2.29799435460710e+02
1.93316182050079e+02
1.41504075769083e+02
1.27604823374773e+02
1.92229007108286e+02
2.05476464191538e+02
1.55793213455903e+02
8.06381238813873e+01
4.90594837651063e+02
4.52474165951361e+02
3.93636365551415e+02
4.78776810054693e+02
5.08119989987354e+02
5.38554859326786e+02
5.18136222588426e+02
5.71199246411271e+02
5.26228265858021e+02
5.68641849350333e+02
5.36098850407407e+02
4.64906957979325e+02
5.38298223403110e+02
5.44280047552125e+02
6.38376766692536e+02
7.63202346209524e+02
8.27695856225344e+02
8.61659148670084e+02
8.37093136915157e+02
7.44059417106299e+02
4.88808170086294e+02
5.06700588889017e+02
7.05158738530877e+02
9.45397105972516e+02
8.74577789594771e+02
4.49569912858938e+02
3.14198869897094e+02
4.14588372795495e+02
2.82734281073957e+02
3.88602867569125e+02
3.61467577991623e+02
3.43279687784373e+02
6.89849032589589e+02
8.71517911210575e+02
7.28804685903862e+02
7.18390524810134e+02
8.03844819755126e+02
6.47944065218989e+02
5.36521970150350e+01
5.07565129497160e+02
4.26267545171945e+02
5.48459604450544e+02
6.18602995160453e+02
6.55213604450194e+02
4.61115282237403e+02
4.62763906375051e+02
7.52268600683008e+02
9.26231799822264e+02
9.81534039267312e+02
2.70090901759576e+02
2.30106670467705e+02
1.91685627535901e+02
1.40608350077589e+02
1.27327702912293e+02
1.93928651015985e+02
2.08674752438080e+02
1.59032261526953e+02
8.30070444287317e+01
4.61054790832478e+02
4.26152977703942e+02
3.71313706383512e+02
4.52016102185059e+02
5.10389446779677e+02
4.91613902414304e+02
5.42870049509097e+02
5.00596674700989e+02
5.42228980715427e+02
5.12239543768447e+02
4.44108186095263e+02
5.14289089893900e+02
5.20604904019697e+02
6.11462809266212e+02
7.34438272780354e+02
8.00464370591587e+02
8.36040664544278e+02
8.16979979455571e+02
7.27649700042245e+02
6.94512558432074e+02
4.60906209676162e+02
4.56541383607464e+02
4.44789408752658e+02
8.82498598704144e+02
8.23470053936389e+02
4.21319371107846e+02
3.01240066948044e+02
4.19625082447293e+02
3.36570813976218e+02
4.48397693038708e+02
3.22697434310117e+02
7.03608415721166e+02
9.29908592100412e+02
8.01269822741173e+02
8.19694477543519e+02
9.28127952237291e+02
7.46788243004997e+02
3.17870325507078e+02
6.01654877393000e+01
4.46143420503871e+02
3.75264279591481e+02
5.61356668910931e+02
6.01108437249758e+02
4.21522261678602e+02
4.20095646683065e+02
6.81273358378957e+02
8.44206636366050e+02
9.00960087823672e+02
7.90891415757519e+02
2.50619319597346e+02
2.04240639738465e+02
1.49270745964217e+02
1.35230541882308e+02
2.07555683166251e+02
2.24706488112212e+02
1.72529415274182e+02
9.15992218556952e+01
4.06026789831318e+02
3.75939493122599e+02
3.27924773657555e+02
3.99655730327427e+02
4.36538710255922e+02
4.82702001229211e+02
4.45405161349131e+02
4.83407986648528e+02
4.57411956466273e+02
3.96409725814419e+02
4.59128386002240e+02
4.65023815140877e+02
5.46715127063135e+02
6.59160093391574e+02
7.21368521479909e+02
7.55321566297984e+02
7.41381553883019e+02
6.61240151892930e+02
6.30925221798059e+02
5.36660703227126e+02
4.07069050127261e+02
4.03751158884583e+02
3.97207260315947e+02
3.52355644578048e+02
3.97232399285724e+02
3.05117523525631e+02
4.66603539964188e+02
4.40924356957975e+02
6.92925656148472e+02
7.89566477062126e+02
7.27212477350665e+02
3.51712487926184e+02
5.17401204672053e+02
6.85204313195996e+02
8.84781374138586e+02
7.60073535266476e+02
3.29906009057890e+02
2.81546124006552e+02
1.97710771237123e+02
6.26354212011666e+01
3.54177117918435e+02
2.98832565239716e+02
3.72768212351289e+02
3.71645635719045e+02
6.04606524479913e+02
7.59054990684371e+02
8.21208893513334e+02
7.30412454202836e+02
7.23176971926524e+02
8.06953044112738e+02
1.39860879901031e+02
1.26787141646467e+02
2.01458157399460e+02
2.22788575977201e+02
1.73765412273317e+02
9.39967071384836e+01
3.23444925910758e+02
3.00429824246383e+02
2.62721796911625e+02
3.20881173771998e+02
3.63014340585704e+02
3.95507964682994e+02
3.75598200434986e+02
3.25961491219623e+02
3.78305201666482e+02
3.84223248017979e+02
4.53196247645859e+02
5.49995238351049e+02
6.06229086906557e+02
6.38263319439258e+02
6.31373017560030e+02
5.65807526699317e+02
5.41729029819497e+02
4.62841786140811e+02
4.93830596615052e+02
4.84186484969178e+02
3.26139275733543e+02
3.24354972406368e+02
3.19881599459840e+02
3.39172876125678e+02
3.63928090149140e+02
2.23464377363759e+02
3.25930096468548e+02
3.24736272237627e+02
5.33642639607953e+02
6.67990291028635e+02
7.27053685074621e+02
4.63410288283159e+02
5.88182331677502e+02
2.82792040265305e+02
3.48415036040537e+02
7.15246948753631e+02
7.55458867901876e+02
3.60717643340393e+02
2.96357938024654e+02
2.00618886901991e+02
1.81700022329702e+02
7.68349841712316e+01
6.77698739534689e+01
2.24906317147988e+02
1.90021958473639e+02
4.06464482912776e+02
5.12003364740384e+02
5.53660443310197e+02
4.92405879800654e+02
4.84371473041846e+02
5.38014549105094e+02
3.81006744303743e+02
2.24860595223385e+02
2.00868062142825e+02
2.27980427382950e+02
1.81302517011938e+02
1.00145367150196e+02
2.05765126484553e+02
1.91476253511335e+02
1.67667197285832e+02
2.05297216874271e+02
2.44183230313113e+02
2.12126384585512e+02
2.46727648937279e+02
2.50947678679064e+02
2.96661522945225e+02
3.61474078223841e+02
4.00191505253357e+02
4.22858485684602e+02
4.20054482527407e+02
3.77790513791047e+02
3.62540692610269e+02
3.10371313676327e+02
3.30878510680695e+02
3.25171887548159e+02
2.85082437211217e+02
2.97138962686084e+02
2.08343323832769e+02
2.07603771228194e+02
2.05109840069478e+02
2.17925073149150e+02
2.34274782331376e+02
2.28667967724068e+02
2.47322599351369e+02
1.26362095846105e+02
3.33506552285207e+02
4.28399784297918e+02
4.96581554288376e+02
3.54959230641263e+02
5.77723410492331e+02
5.44706131457164e+02
2.64331656469700e+02
2.25522951554230e+02
1.60272602590338e+02
1.45360481330453e+02
6.43374389095645e+01
1.51570698063528e+02
2.02688224260973e+02
6.69288110136736e+01
1.27367799299642e+02
1.07812667646910e+02
3.32180283033830e+02
2.95492340369596e+02
2.88661468396056e+02
3.19361581238445e+02
2.23614783053109e+02
1.31560623763722e+02
1.62021429869691e+02
1.97110207812940e+02
1.67174229843553e+02
9.61634128130755e+01
1.16786528959103e+02
1.08908719206317e+02
9.55173502350848e+01
1.17193305755559e+02
1.43269466939939e+02
1.45907585702468e+02
1.72802559770710e+02
2.11356428657991e+02
2.34969384677759e+02
2.49089292207348e+02
2.48488719979096e+02
2.24123514939253e+02
2.15450003014620e+02
1.84817559091651e+02
1.96995481812942e+02
1.94242120850685e+02
1.70615890260132e+02
1.78465881318282e+02
2.02009048309606e+02
2.36060613070310e+02
1.18740245067965e+02
1.18550743631416e+02
1.17336760427721e+02
1.24901997131851e+02
1.34516071771842e+02
1.31528039847009e+02
1.42555292641067e+02
1.36909991638676e+02
1.33269568403852e+02
6.94915795021002e+01
2.11770770650884e+02
1.42819877917578e+02
2.30119212524958e+02
2.18473909248647e+02
1.53284204518880e+02
1.11162777624805e+02
9.39542846465824e+01
7.04108163840168e+01
1.45948994392168e+02
1.08906054263207e+02
4.03009647648952e+01
1.12863814081685e+02
1.60702866785167e+02
1.69289398381014e+02
1.03209983476126e+02
5.98974067978257e+01
7.01004073000909e+01
5.93981893130050e+01
1.56483609814495e+02
1.69865107239596e+02
1.15805321527330e+02
6.67656440209377e+01
8.14731563444458e+01
9.87163706540729e+01
1.32439476459472e+02
1.79570634709512e+02
6.43561998793318e+01
6.00927591554693e+01
5.27623171236129e+01
6.48561366193912e+01
9.71568951556851e+01
1.19017821471467e+02
1.32557058465952e+02
1.40794762221009e+02
1.40682807186228e+02
1.27188653069816e+02
1.22468124059220e+02
1.05227074207520e+02
1.11898902953647e+02
1.10234970323132e+02
9.67505818570629e+01
1.01286809210330e+02
1.13683733222484e+02
1.32230233043275e+02
1.62496059721675e+02
1.67048178120959e+02
6.56354799686169e+01
6.56261317810399e+01
6.50468066687700e+01
6.93515061661260e+01
7.47821840745280e+01
7.32391393899271e+01
7.94891230174777e+01
7.64347425029056e+01
7.45102759777781e+01
7.82865418115718e+01
8.23760219737935e+01
5.11522902322527e+01
1.75001495429815e+02
1.64788060190687e+02
1.16290088399770e+02
8.90794235838797e+01
7.95878999328067e+01
7.11394982730812e+01
8.60555861789108e+01
1.26804746183433e+02
-5.77450030015597e+00
-3.34076638466467e+01
9.36845481992623e+01
1.42854298768279e+02
1.51841140750621e+02
9.33851298283034e+01
5.57923573523027e+01
5.16428820751418e+01
4.37959552866623e+01
9.08869224659329e+01
5.26424519805915e+01
6.49626247094540e+01
7.94551730640445e+01
1.06693191699567e+02
1.44004694056807e+02
1.61317995953515e+02
1.35243789216720e+02
4.74680132995057e+01
4.43808879562685e+01
3.90079315394958e+01
4.80547273435620e+01
1.00850553893577e+02
1.07423691106877e+02
1.07637605162661e+02
9.76306958399284e+01
9.43044934504658e+01
8.12837972532117e+01
8.66228460261547e+01
8.55606536932626e+01
7.53328017309942e+01
7.92021044179383e+01
8.90184431406820e+01
1.03848813182025e+02
1.27976770063158e+02
1.32102022414710e+02
1.33753559134815e+02
1.31862625426564e+02
4.85720662953678e+01
4.86412980076208e+01
4.82879417030399e+01
5.15789912344082e+01
5.57103315448966e+01
5.46539197197163e+01
5.94226829884751e+01
5.72312035996224e+01
5.58910217808371e+01
5.88279159946670e+01
6.20111182235603e+01
6.72836191231061e+01
7.31653510181155e+01
3.73669702688262e+01
1.02197950973537e+02
8.24051253943655e+01
7.61553404150077e+01
5.75646660593486e+01
5.01641016767269e+01
9.28275626426959e+01
2.27388272953533e+02
2.40637104551042e+02
2.49145717970547e+02
1.47458148473086e+02
8.87843051888805e+01
3.77451706899253e+01
3.20639325930105e+01
5.29871889710867e+01
6.57506739556223e+01
8.89144746749679e+01
1.21066517548719e+02
1.36194617340517e+02
1.14659640358861e+02
1.24498986453782e+02
1.45509333073889e+02
3.47432520888449e+01
3.25248729958717e+01
2.86322163502548e+01
3.52959961292625e+01
8.10803039790400e+01
7.38048884363836e+01
7.16205142479976e+01
6.20394908925820e+01
6.63815409769029e+01
6.57554061721284e+01
5.81473307146176e+01
6.13975174828582e+01
6.91803834975026e+01
8.09487911188748e+01
9.98837443593619e+01
1.03446984375578e+02
1.04909604798269e+02
1.03531079714293e+02
8.35301012980989e+01
6.98111937903785e+01
3.56414685526133e+01
3.57397803810682e+01
3.55345608352901e+01
3.80132953190802e+01
4.11103065017538e+01
4.04027877742884e+01
4.39736262693364e+01
4.24116441795572e+01
4.14983691224846e+01
4.37638653472102e+01
4.62063210404955e+01
5.02018821485007e+01
5.46431410481892e+01
6.20002445645458e+01
6.53239832468826e+01
2.28279528027140e+01
6.57044525810537e+01
5.04818623385907e+01
4.40822986525817e+01
8.45057577931944e+01
1.77408442065029e+02
3.24258917161189e+02
2.22375447287290e+02
2.50987110573069e+02
1.66600259147879e+02
1.37452439560662e+02
2.30833620719679e+01
1.96246556211964e+01
6.26942092335990e+01
8.63426659758776e+01
9.83604383763871e+01
8.41511070631037e+01
9.25430687173224e+01
1.10554630752532e+02
9.35897169523384e+01
7.34996172989497e+01
2.12746892553943e+01
1.99433335778665e+01
1.75711822541483e+01
2.17089420723825e+01
4.56160702168845e+01
3.96338585270932e+01
4.25709119103152e+01
4.23552599694861e+01
3.76123711088414e+01
3.98990072970444e+01
4.50914495033486e+01
5.29600214808253e+01
6.56484528385182e+01
6.83536486046893e+01
6.96638590752722e+01
6.90883204341498e+01
5.60221640987664e+01
4.72768042194692e+01
4.12372461560203e+01
3.85517494294193e+01
2.18935054481488e+01
2.19873989267490e+01
2.18938046237761e+01
2.34633670445235e+01
2.54175397369573e+01
2.50140347433675e+01
2.72684814818618e+01
2.63353703362964e+01
2.58037682531651e+01
2.72489421471071e+01
2.88132259724073e+01
3.13497168423707e+01
3.41787362734655e+01
3.88693000326290e+01
4.10428017967236e+01
4.37409424449919e+01
4.49215915671554e+01
1.14886534842125e+01
2.71195003545573e+01
5.35055071482824e+01
1.10805222364021e+02
2.17753561145825e+02
1.78584756677104e+02
2.91773353624067e+02
2.23237638809686e+02
1.16214200723746e+01
9.86462712789090e+00
5.63485994832696e+01
4.84682008813558e+01
5.38634391022606e+01
6.52783619260552e+01
5.59308354621590e+01
4.47521733907892e+01
4.13865301842133e+01
3.59327737652786e+01
1.07055113765984e+01
1.00366224855497e+01
8.83827662238700e+00
1.09640114996215e+01
2.22821786453237e+01
2.22008904569393e+01
1.97635890395158e+01
2.10418783659275e+01
2.38569797185964e+01
2.81207880789706e+01
3.49388248469802e+01
3.64904558795174e+01
3.72744569420799e+01
3.70288887461120e+01
3.00689216281449e+01
2.56225811040630e+01
2.25432760058150e+01
2.12783091988762e+01
2.84878425015139e+01
3.85646527643009e+01
1.10468568186782e+01
1.11074715516389e+01
1.10741038710904e+01
1.18941512774093e+01
1.29062607541010e+01
1.27171736381704e+01
1.38848518586202e+01
1.34207584897372e+01
1.31688272593325e+01
1.39284531439843e+01
1.47426892158498e+01
1.60586853977456e+01
1.75321570944801e+01
1.99820134121817e+01
2.11387349422192e+01
2.25700013300217e+01
2.32402111968980e+01
2.41253687149242e+01
2.32104447347395e+01
4.43068241512340e+00
4.84235453058381e+01
9.90992038765333e+01
8.85440692397036e+01
1.67576315136508e+02
1.70661202395221e+02
1.55345972050564e+02
1.20546525666066e+02
4.48221531188003e+00
3.80211017886861e+00
2.29439099638293e+01
2.80529035259432e+01
2.41660569226920e+01
1.96015071503809e+01
1.83737665522188e+01
1.61040976077657e+01
1.29581712257807e+01
1.84776866291084e+01
4.12799666815818e+00
3.87051853983373e+00
3.40857582856682e+00
4.23842022260104e+00
7.87314568009977e+00
8.40485458530739e+00
9.54633528338882e+00
1.12751095642797e+01
1.40044847363577e+01
1.46428405958272e+01
1.49580818134358e+01
1.48577778479343e+01
1.20680088190382e+01
1.03767557338167e+01
9.20587490118977e+00
8.77461290288281e+00
1.18542846536190e+01
1.61506145099484e+01
1.97494430984801e+01
2.05986584608517e+01
4.26770442974444e+00
4.29501969614634e+00
4.28689191048198e+00
4.61206099140973e+00
5.01012190554158e+00
4.94288833112125e+00
5.40089443813768e+00
5.22321667062866e+00
5.13218460816472e+00
5.43594843904451e+00
5.75733332616321e+00
6.27408232810456e+00
6.85171838977668e+00
7.81668557570229e+00
8.28035000066036e+00
8.84989928765127e+00
9.12999499895130e+00
9.49620109850324e+00
9.15894350153977e+00
9.55716404009961e+00
9.16334447066464e+00
1.29456025515376e+00
4.53625403755563e+01
3.91211098284483e+01
2.22125173224076e+01
1.00324364298717e+01
1.31006250759887e+00
1.10805483437078e+00
5.56589972348138e+00
4.81835210336043e+00
3.66370904497685e+00
4.82378472733941e+00
9.23405965708939e+00
1.82256650172755e+01
2.23455514981094e+01
3.25205521170975e+01
1.20491183761977e+00
1.12936473544540e+00
9.93319346969072e-01
1.24254914982551e+00
4.26405189783880e+00
4.46106426179070e+00
4.54869432196600e+00
4.50990514960348e+00
3.65953104060996e+00
3.18245267983615e+00
2.84107069740698e+00
2.73019571110774e+00
3.71788393124701e+00
5.07511149682215e+00
6.19255780595222e+00
6.46052087092932e+00
7.27140474138765e+00
7.63606654617167e+00
7.25684205359281e+00
7.17358606583998e+00
1.24969388028541e+00
1.25953382926489e+00
1.25926707915583e+00
1.35916915804845e+00
1.47931225329155e+00
1.46169288175011e+00
1.59895251107235e+00
1.54630039737331e+00
1.52147206756951e+00
1.61365251280934e+00
1.70887475118968e+00
1.86117289967748e+00
2.03130986564794e+00
2.32062609445307e+00
2.46168655321065e+00
2.63448300067688e+00
2.72574737280833e+00
2.84186784596424e+00
2.74948807035555e+00
2.87425630699013e+00
2.76075435802992e+00
2.58346373240999e+00
2.51949933720329e+00
2.80393350740270e+00
3.09682479642810e+00
8.55476783040232e-01
8.66933767198975e-01
7.33541046046591e-01
1.77514783265743e+01
2.26772858102331e+01
3.44901309304270e+01
4.93727130115003e+01
5.04703852196537e+01
3.75052997927272e+01
2.02274414013466e+01
7.98492648796701e-01
7.49823057597149e-01
6.60273935717196e-01
8.29861184949431e-01
2.43185855659234e+00
2.19128888827784e+00
2.12704222227370e+00
2.92916040393098e+00
4.03616882741990e+00
4.97176305941681e+00
5.24630440266395e+00
5.95787640487140e+00
6.32254619732424e+00
6.08594752594796e+00
6.11071766318011e+00
5.52100712262491e+00
4.69061500073625e+00
4.03054484804370e+00
4.37817004042745e+00
6.30944030383347e+00
8.32820622185302e-01
8.41550476229274e-01
8.43566807322795e-01
9.13508825669494e-01
9.97188928504893e-01
9.87872240129309e-01
1.08379305551927e+00
1.05059272890964e+00
1.03651149216572e+00
1.10224463823607e+00
1.17031495002189e+00
1.27791941476639e+00
1.39875544843846e+00
1.60400337815042e+00
1.70748365333407e+00
1.83442818344556e+00
1.90623682085396e+00
1.99585955544876e+00
1.93943915801342e+00
2.03652656412946e+00
1.96510018126963e+00
1.84799239967865e+00
1.81134755348754e+00
2.02572403102742e+00
2.24905607983564e+00
2.50410932659961e+00
2.65685860048748e+00
2.82222764642267e+00
2.99802233397598e+00
2.93881125388378e+00
5.62597157327129e-01
5.69586914610519e-01
4.81169997661845e-01
4.29195916808807e+01
4.48829317909753e+01
3.40711038888334e+01
1.88657584868026e+01
5.23990796055326e-01
4.91757765039635e-01
4.33018496770847e-01
5.45882517931889e-01
2.10935740450499e+00
2.92860049289882e+00
3.61929761657754e+00
3.83000228656217e+00
4.38008086971531e+00
4.66031311352098e+00
4.51195833874160e+00
4.57733264125136e+00
4.15954115500698e+00
3.56462899722318e+00
3.09188483659376e+00
3.39200850325403e+00
4.94421476499415e+00
9.43263247210064e+00
1.34064074990320e+01
2.25008905332670e+01
5.47598611422032e-01
5.53798109473254e-01
5.55814251672217e-01
6.03064457718790e-01
6.59141635598543e-01
6.54187417012082e-01
7.18451033971128e-01
6.97049866149887e-01
6.89277197167980e-01
7.34841907080817e-01
7.81075899711610e-01
8.53868805023667e-01
9.35479249872829e-01
1.07396089838980e+00
1.14530764828250e+00
1.23127683528975e+00
1.28179261984517e+00
1.34480698541437e+00
1.31043160144942e+00
1.37735736078954e+00
1.33035101935328e+00
1.25483546684474e+00
1.23335262351086e+00
1.38381655239097e+00
1.53853422501687e+00
1.71345674008082e+00
1.82073300460719e+00
1.93789501253605e+00
2.06216015511600e+00
2.02145526696826e+00
1.95504114635146e+00
1.89594141804230e+00
1.87470732216898e+00
2.34964997126908e-01
2.37894875542768e-01
2.01569517905472e-01
9.61280420962216e+00
2.19220179614769e-01
2.05951086753630e-01
1.81710603709789e-01
2.28566112171448e-01
1.64165519873360e+00
1.88197829673870e+00
2.00544553730989e+00
1.94808084331156e+00
1.98711609746419e+00
1.81285145253898e+00
1.56143021253151e+00
1.36197853848368e+00
1.50097526668693e+00
2.20202569753271e+00
4.24625984809537e+00
6.11874190809088e+00
1.04241703590846e+01
1.51373634335413e+01
1.82489403144150e+01
1.85492006800985e+01
2.29191387355300e-01
2.31891711127608e-01
2.32896085278550e-01
2.52717548993413e-01
2.76114825621573e-01
2.74283478362743e-01
3.00904750142804e-01
2.91867260337680e-01
2.88711797112514e-01
3.07745248986264e-01
3.26934055268361e-01
3.56801064386257e-01
3.89867713220952e-01
4.46751145441897e-01
4.76260340322502e-01
5.11746846741726e-01
5.32843150052268e-01
5.59144804139747e-01
5.45798375160556e-01
5.73836600586117e-01
5.54725802418113e-01
5.24308182671683e-01
5.16181072348610e-01
5.79034403575193e-01
6.43285394583936e-01
7.14961162816693e-01
7.59696408784317e-01
8.07862036191583e-01
8.59831839370199e-01
8.43573123273514e-01
8.18314431053971e-01
7.95425687659855e-01
7.89018175676717e-01
8.51773798136582e-01
1.00853406774042e+00
1.14605287092596e+00
8.93739156403284e+01
8.41651083104908e+01
1.37397660036618e+02
1.49688411406490e+02
1.52193733974582e+02
1.30852604356127e+02
1.71358589794268e+02
1.80830602094524e+02
3.20802374827729e+02
1.77871948924552e+01
2.10539017797643e+01
1.33698438041426e+02
1.20568730527595e+02
1.08202579557390e+02
9.77214181239080e+01
1.17319896604974e+02
1.21590011103661e+02
1.11011895793274e+02
9.85144240388030e+01
2.85883858770085e+02
3.01157114629191e+02
7.34203318289533e+01
4.22672962213961e+01
1.47543725287833e+02
1.61271042647187e+02
1.59725375609906e+02
1.30651053971763e+02
1.15523406876911e+02
1.02101266402749e+02
9.37362465680600e+01
8.24926530619860e+01
8.31625360704485e+01
9.86579760487649e+01
1.06116297639995e+02
1.19221738135650e+02
1.31404131765781e+02
1.23629837669012e+02
1.19277694352960e+02
1.16235199950901e+02
2.45201292110224e+02
2.32681862826631e+02
2.54099235819496e+02
2.50232893605823e+02
9.54870229626847e+01
6.03576172687257e+01
5.70164254619809e+01
5.22814784061059e+01
1.09209065232794e+02
1.44206502394688e+02
1.71077871504453e+02
1.86383420750555e+02
2.16458449664813e+02
2.31577750729697e+02
2.58675360908433e+02
2.72573591232569e+02
2.89751783423422e+02
7.70796260012571e+01
2.02678312701654e+01
1.37082600784414e+01
1.70627479429353e+01
1.75831653148334e+01
2.54057968247711e+01
1.36666016848332e+00
1.61133487000020e+00
1.55710063624494e+01
1.55320790238938e+01
1.77155457001114e+01
1.62073945534907e+01
1.26861905503032e+01
1.13150610663759e+01
1.00082317586342e+01
8.99565995197726e+00
2.27783417031149e+01
2.39002115339405e+01
5.68604937237017e+00
3.26086553005262e+00
1.03194174272026e+01
9.90080470415939e+00
9.86020265591061e+00
1.16168872623598e+01
1.28414445927481e+01
1.38787893343581e+01
1.36051072054267e+01
1.10400874057696e+01
9.71666284131554e+00
8.55150512285116e+00
7.83326884591621e+00
6.89248862558255e+00
6.96244240045800e+00
8.24315922183373e+00
8.86056722989301e+00
9.92080331795705e+00
1.96925166875665e+01
1.86374029823940e+01
2.02926580979338e+01
1.99256645558814e+01
7.45097575983082e+00
4.69796873987124e+00
4.42705103843182e+00
4.04860662389379e+00
9.56683105276143e+00
8.78932794233271e+00
8.52396745335345e+00
9.09747069255414e+00
9.00765304344143e+00
1.18728718591406e+01
1.40345738451960e+01
1.52282807561041e+01
1.76095990196497e+01
1.87602702537732e+01
2.08813589407769e+01
2.19272333196862e+01
2.32268047002896e+01
6.00176546249449e+00
1.41211736060391e+01
1.29966193297105e+01
6.84491767066220e-01
8.04045813893745e-01
1.05165145182268e+01
1.13316543766994e+01
1.10314065181343e+01
9.70423331153762e+00
9.49985873295015e+00
1.05935121494028e+01
9.53022987310432e+00
7.36852655464291e+00
1.17254622699528e+01
1.22533234438624e+01
2.86559160324837e+00
1.63822760734798e+00
5.88521367369909e+00
5.85605972719338e+00
5.55809955223693e+00
5.76356082749526e+00
5.48368839886861e+00
5.42906108176349e+00
6.37339120994999e+00
7.00572814690686e+00
7.51274016622896e+00
7.31855043885374e+00
5.90842744344398e+00
5.18393786094389e+00
4.55278451818279e+00
4.16524860412862e+00
3.66773326074159e+00
3.71187793145799e+00
1.01824074112122e+01
9.62461972071985e+00
1.04572636807426e+01
1.02439867454973e+01
3.77237780119992e+00
2.37614638018530e+00
2.23541937572826e+00
2.04064576722313e+00
4.86062902692978e+00
4.94699063559206e+00
5.17825252016804e+00
5.05452378235806e+00
4.63755848565999e+00
4.49219604828996e+00
4.78906685835742e+00
4.74083219589993e+00
6.24258065702880e+00
7.36282953963483e+00
7.96920709402392e+00
9.19276574480536e+00
9.76360967538166e+00
1.08416055384318e+01
1.13564771072236e+01
1.19960334871593e+01
3.03470394699383e+00
3.16742716843470e+00
1.59943596332112e-01
1.87862781293915e-01
3.29834421054071e+00
2.76564370578191e+00
2.89109334722212e+00
2.76150098083516e+00
2.39019341241007e+00
2.86441068145611e+00
2.98949650457604e+00
6.87177544229087e-01
3.90098585240040e-01
2.27890294543547e+00
2.16422838896754e+00
1.91173275218766e+00
1.53332246127855e+00
1.35480274489766e+00
1.34117277072977e+00
1.26749575986037e+00
1.30633053806225e+00
1.23714201017022e+00
1.22400488061360e+00
1.43947156210024e+00
1.58087700053676e+00
1.69266207628949e+00
1.64919321557541e+00
1.33895807518543e+00
1.17975290841709e+00
2.50064065033796e+00
2.36077369448493e+00
2.56063353263601e+00
2.50446839284286e+00
9.09297718019170e-01
5.71812176076441e-01
5.36792503195145e-01
4.88386051986279e-01
1.03883807221350e+00
1.03257295408696e+00
1.03542915950838e+00
1.11244473943622e+00
1.17054942556539e+00
1.19762010188039e+00
1.25628953405561e+00
1.23076913045259e+00
1.13210957290480e+00
1.09895237623548e+00
1.17460788639108e+00
1.16721909423977e+00
1.54024489075911e+00
1.81659274798887e+00
1.96401211727878e+00
2.26349728279758e+00
2.39984992567348e+00
2.66142479569967e+00
2.78557050439607e+00
2.93888286026853e+00
7.29984474375202e-01
8.62504133573706e-01
4.20097630706000e-02
4.89734748327777e-02
8.01465463514821e-02
7.80759939730730e-01
8.15390058637913e-01
1.87737206215867e-01
1.05624634666620e-01
7.51178374625620e-02
7.64724486329600e-02
7.89840695435819e-02
8.20186228554276e-02
8.21660772335825e-02
8.31777329432427e-02
8.03826834833660e-02
7.13457071488011e-02
7.01448256889455e-02
7.60234578222047e-02
7.90523282197415e-02
8.72939808896518e-02
8.95741620413235e-02
9.82826833452196e-02
1.29040125293267e-01
1.54076280102704e-01
6.80225315207141e-01
6.44380093528547e-01
6.99178122615697e-01
6.84078521540442e-01
2.47187819208860e-01
1.56509482342874e-01
1.46755572615938e-01
1.33097387227495e-01
1.63052005311580e-01
1.67452662485190e-01
1.54200926654124e-01
1.58668895808000e-01
1.73807898721269e-01
1.87706992012271e-01
2.01903210914061e-01
2.34060082205403e-01
2.56908461286309e-01
2.72466541334114e-01
2.92020053364664e-01
2.93481915996449e-01
2.75531775119285e-01
2.72162342947182e-01
2.95976771288007e-01
3.00564256679141e-01
4.03241726268938e-01
4.80291513346442e-01
5.22364959221835e-01
6.06384299180796e-01
6.44101317636958e-01
7.16426298027856e-01
7.53165113723871e-01
7.96429149859082e-01
1.98643766817995e-01
1.17724352029834e+02
1.31678574056042e+02
1.24430612654241e+02
1.76332805305729e+02
1.96883606609442e+02
1.68201229068076e+02
1.36877405625381e+02
4.86350592202901e+02
2.73401512592979e+01
3.24507531284720e+01
1.31867901668200e+02
1.21277838746321e+02
1.48214263109096e+02
1.56294881671193e+02
1.44983286097338e+02
1.30293949474306e+02
1.51170265646612e+02
2.35734084990940e+02
4.31680214325838e+02
4.55934670532142e+02
1.12659528654560e+02
6.49524990850921e+01
2.19239305371200e+02
1.80843732617056e+02
1.60986496531491e+02
1.43225738875884e+02
1.32300147113858e+02
1.17057675846588e+02
1.18580969312115e+02
1.41279747194901e+02
1.52572855104824e+02
1.72145183336516e+02
1.90369782114365e+02
1.79743790393049e+02
1.74010118317383e+02
1.70148445169962e+02
1.39707232093507e+02
1.23802756275065e+02
3.68341919035432e+02
3.50130726928284e+02
3.83096937415993e+02
3.78025736764458e+02
1.45984905470248e+02
9.23685418200351e+01
8.73634482625196e+01
8.02041318838478e+01
2.53738364873397e+02
2.77171322288010e+02
3.22707106127767e+02
3.46082104112483e+02
3.87400602554284e+02
4.09082298732378e+02
4.35825050901465e+02
1.17955604897490e+02
1.92391373868760e+02
1.27365341713618e+02
1.09751280766240e+02
6.08226784545083e+01
7.63135326362720e+01
1.32759902075075e+02
1.63767980687859e+02
1.50520761383942e+02
1.27322455487633e+02
1.45599481135667e+02
1.06377927585586e+02
6.10506113503704e+02
3.48144450903152e+01
4.14311088855081e+01
1.52188122997208e+02
1.63996145568060e+02
1.54150010591628e+02
1.40426979281629e+02
1.65335485746622e+02
2.60981589997311e+02
2.89063786767575e+02
2.23011876321935e+02
5.41328965761710e+02
5.72087041258506e+02
1.43343858695964e+02
8.27046738026741e+01
1.83744201035553e+02
1.65186302148616e+02
1.53731393750458e+02
1.37259910997254e+02
1.39851261944468e+02
1.67007790427963e+02
1.80961548199872e+02
2.04781430958325e+02
2.27315970617855e+02
2.15376735828108e+02
2.09309527407356e+02
2.05366337229970e+02
1.69271360995207e+02
1.50829557283590e+02
1.49365305885003e+02
1.86838773681246e+02
4.58201258729537e+02
4.36777890809684e+02
4.78931449075075e+02
4.73474891046102e+02
1.84963976761185e+02
1.17195979953073e+02
1.11004245119306e+02
1.02048116514828e+02
3.99389628717449e+02
4.29178878865596e+02
4.81434700843101e+02
5.09268518043149e+02
5.43441591664919e+02
1.49614485940245e+02
2.37076200818465e+02
1.44620974414222e+02
1.33112016009046e+02
1.17046362572893e+02
9.94894800931175e+01
1.15693732630428e+02
1.26400286686737e+02
1.13714465552914e+02
1.35086958453527e+02
1.01213630716339e+02
1.36615122179374e+02
1.67064619877858e+02
7.25613170560974e+02
4.21979959308698e+01
5.03196341665408e+01
1.56032704837929e+02
1.43526608230835e+02
1.71025234067780e+02
2.72903920363368e+02
3.04786827048657e+02
2.35792428490135e+02
2.06107635260023e+02
1.96170080482283e+02
6.42680951321456e+02
6.79649952702256e+02
1.73110187063623e+02
1.00028285659854e+02
1.68713786241510e+02
1.52175943552592e+02
1.55896168464904e+02
1.86389945663461e+02
2.02504115311937e+02
2.29751329065676e+02
2.55910974659746e+02
2.43326269361201e+02
2.37443939899735e+02
2.33824396457915e+02
1.93519616662332e+02
1.73528683836879e+02
1.72810232877922e+02
2.17114420192290e+02
2.72467326647372e+02
4.73935695232158e+02
5.39039394302069e+02
5.15473760224314e+02
5.66603636900778e+02
5.61339278833388e+02
2.22266432047812e+02
1.41093981502888e+02
1.33860325252842e+02
1.23274592089838e+02
5.65811614712175e+02
5.99671256826265e+02
6.41054614643053e+02
1.80043409439144e+02
1.74580695148100e+02
1.70315643581952e+02
1.58962272062897e+02
1.50964826314237e+02
1.16779417957299e+02
9.31868077972239e+01
1.26258834431389e+02
9.91709876369793e+01
1.35790557937630e+02
1.68482419552738e+02
1.63849179647323e+02
1.51607112538923e+02
8.24535617292453e+02
4.88056927784640e+01
5.83488145281555e+01
1.74127656069482e+02
2.79303516471617e+02
3.14272045690837e+02
2.43835397245355e+02
2.14586392054710e+02
2.05922902370366e+02
1.97487348678986e+02
1.69299861625743e+02
7.27810615119515e+02
7.71374961633795e+02
1.99572237157602e+02
1.15524622399378e+02
1.67094047270592e+02
2.00112082440804e+02
2.17943824105036e+02
2.48158937697499e+02
2.77076585141815e+02
2.64238716058424e+02
2.58713442386637e+02
2.55625625672467e+02
2.12149884079837e+02
1.91062448067925e+02
1.90990188520572e+02
2.40664401960355e+02
3.03003267163101e+02
5.28158187164877e+02
6.77838703487856e+02
7.01491724230691e+02
6.06238025995320e+02
5.81073450724568e+02
6.40160949440298e+02
6.35603935306477e+02
2.55128052395314e+02
1.62172744008956e+02
1.54084172058916e+02
1.42115738388234e+02
7.22277988126592e+02
2.06907598113886e+02
3.08952999540508e+02
1.95495899684486e+02
1.94109784382646e+02
1.80494943812002e+02
1.69723019505786e+02
1.36042047715099e+02
1.60519903373767e+02
1.43265811076494e+02
8.08881977788188e+01
1.25419518214037e+02
1.64535273606829e+02
1.63581185504525e+02
1.53282339047372e+02
1.39762965809902e+02
2.20593297095941e+02
9.23490817872887e+02
5.57798771866240e+01
6.69010257965751e+01
3.19677580295612e+02
2.48723947621113e+02
2.19918054492981e+02
2.12906209115733e+02
2.05616364989659e+02
1.77386022097865e+02
1.62855614115538e+02
1.62590291370521e+02
8.10553235609382e+02
8.62258345941080e+02
2.27175356720624e+02
1.31822323392369e+02
2.29940951819496e+02
2.63159743533902e+02
2.94355785817482e+02
2.81573035407213e+02
2.76605778975060e+02
2.74328879646729e+02
2.28167037476628e+02
2.06251947947137e+02
2.06817194193866e+02
2.61234081251552e+02
3.29893718741753e+02
5.76541714957061e+02
7.42420616450075e+02
7.70849621879474e+02
8.73377639129173e+02
6.70676288912149e+02
6.44209958993911e+02
7.11555692873136e+02
7.08361257302192e+02
2.89025605796007e+02
1.83960076132006e+02
1.75066827756865e+02
1.61741844217618e+02
2.34697722673477e+02
3.58328452503453e+02
2.22620339512126e+02
2.10479716546799e+02
1.68923906446073e+02
2.03698493369776e+02
1.97408211621546e+02
1.52893964524319e+02
1.09894392344813e+02
1.32327465295329e+02
1.45752615192278e+02
1.31206634556044e+02
2.11587082197677e+02
3.42982702569048e+02
2.66503801702628e+02
9.95564404289882e+02
6.13976592987240e+01
7.39539670551117e+01
2.88832597761106e+02
2.34018810980060e+02
2.16271029021156e+02
2.11352251174607e+02
2.06243021480266e+02
1.77841667112966e+02
1.62673462133852e+02
1.63076982062908e+02
1.92239431090042e+02
2.74142917196233e+02
8.65336807652676e+02
9.26476711203480e+02
2.49013552776737e+02
1.44955037037289e+02
2.99943479127625e+02
2.87873452751230e+02
2.83691439972074e+02
2.82588162006136e+02
2.35281998521114e+02
2.13038894609766e+02
2.13888739199457e+02
2.70438948030676e+02
3.42166611231978e+02
6.00097740324615e+02
7.76848174499231e+02
8.10637385396744e+02
9.23167232262523e+02
7.12598699330173e+02
6.85379417317656e+02
7.59158042121994e+02
7.58157283576672e+02
3.15314856961474e+02
2.00865487869414e+02
1.91461211265075e+02
1.77180290721582e+02
2.56344604085090e+02
4.19228185321324e+02
2.14166417854960e+02
2.62496156630296e+02
2.62930105945461e+02
2.14170017745700e+02
1.72912394575228e+02
1.79351716370869e+02
1.10622305590275e+02
1.13615214587707e+02
1.10239749148844e+02
1.88639528980521e+02
3.11362099615478e+02
2.45611247030295e+02
2.01004678933982e+02
2.04445564755482e+02
1.05145439357996e+03
6.61335923813989e+01
8.00602849848817e+01
3.41827872641188e+02
2.81965518821690e+02
2.80533157928602e+02
2.68671518178206e+02
1.99214877120403e+02
1.74383041702457e+02
1.59835035739043e+02
1.60570503030824e+02
1.88820749908862e+02
2.70841113694874e+02
2.80002260799172e+02
2.58364887372349e+02
9.08889901571232e+02
9.76569039646729e+02
2.67938427330075e+02
1.56252381845473e+02
2.83467143675572e+02
2.83565814743190e+02
2.36408157394650e+02
2.15047909443035e+02
2.16705654908427e+02
2.74840880582933e+02
3.49394284576682e+02
6.15038012562686e+02
7.99417104385684e+02
8.37453344665723e+02
9.57410544657254e+02
7.41907955424837e+02
7.15661871565051e+02
7.95164952761922e+02
7.96428279981462e+02
3.37371874168136e+02
2.15203210204874e+02
2.05521763682827e+02
1.90547697909242e+02
2.74622877653622e+02
4.66733397853997e+02
3.05672946626701e+02
2.48376730755241e+02
2.02484050604796e+02
2.17142546737993e+02
1.44584050462349e+02
1.58471063886538e+02
1.40870512788388e+02
1.82227926841482e+02
2.92489584630266e+02
2.29941469564331e+02
1.89157295509712e+02
1.99535441808060e+02
1.96035646289420e+02
2.03756723003331e+02
1.13662066270215e+03
7.32434452547811e+01
8.90451210328022e+01
3.83502188165215e+02
3.19877533596050e+02
3.21758319623249e+02
3.10403898290088e+02
2.74085813236617e+02
2.79718754418551e+02
1.64633445476727e+02
1.65484527558217e+02
1.92618162783212e+02
2.75902287542696e+02
2.85456494093844e+02
2.63737802506409e+02
3.26840611598633e+02
3.29356173567881e+02
9.77660420287963e+02
1.05381606750928e+03
2.95671477514825e+02
1.72834211109076e+02
2.43141573284480e+02
2.22347970279662e+02
2.24945645465122e+02
2.86015388123166e+02
3.65442940365554e+02
6.45261330151216e+02
8.41828507678565e+02
8.85248537877760e+02
1.01578793449304e+03
7.90194948823439e+02
7.64753863988001e+02
8.52515472128617e+02
8.56401884476092e+02
3.69998349351145e+02
2.36430213027101e+02
2.26257065763689e+02
2.10233325857607e+02
3.01646229477447e+02
5.22080265868827e+02
2.52660497197933e+02
2.79738882391823e+02
1.96206542534463e+02
2.35125863713975e+02
2.44252472100409e+02
2.11248303642154e+02
1.76658294758998e+02
1.88829086467548e+02
1.58718977052417e+02
1.82993171608725e+02
1.86280552158971e+02
2.01805386154004e+02
1.50015882486606e+02
1.90237955078048e+02
1.21421232748305e+03
8.01000902267050e+01
9.79185278566859e+01
4.31869502513605e+02
3.64258389114055e+02
3.70696864760301e+02
3.61502324658318e+02
3.22882223285030e+02
3.32226022796781e+02
3.67201247156284e+02
3.33351283260607e+02
1.92915684227067e+02
2.74691877017885e+02
2.84134733684281e+02
2.63002216073368e+02
3.26015280993744e+02
3.30047611542914e+02
2.45485701963904e+02
2.46145301762279e+02
1.03856875668766e+03
1.12349003709180e+03
3.22859441260861e+02
1.89100460188546e+02
2.29632737592965e+02
2.92842142205086e+02
3.76286430045955e+02
6.66533598854986e+02
8.73153631054898e+02
9.22075513224948e+02
1.06241422746127e+03
8.30012572863636e+02
8.06277488338017e+02
9.02185584529230e+02
9.09348075067187e+02
4.01514872684532e+02
2.56940833377558e+02
2.46408621080037e+02
2.29461315128226e+02
3.27806694942248e+02
5.29931712483666e+02
2.85529570547066e+02
2.01426039585396e+02
2.42290714574697e+02
2.53672789165825e+02
2.21234990469842e+02
1.96321002838561e+02
1.69479304187588e+02
1.35065926519716e+02
1.53116898528955e+02
1.53269258515115e+02
2.02611707929821e+02
2.05476707088365e+02
2.30114249782617e+02
1.81761572414468e+02
2.18729688648594e+02
1.62670264379741e+02
1.31334960967560e+03
8.79153746193068e+01
1.07612980221733e+02
4.39139991657615e+02
3.70833283305510e+02
3.77874461859349e+02
3.69018100796778e+02
3.30262168040509e+02
3.39807711161265e+02
3.75735353546619e+02
3.40427855005931e+02
2.80520174321992e+02
2.96858912682853e+02
3.05149651785024e+02
2.81906834169187e+02
3.47806679877796e+02
3.50479841436246e+02
2.60320479963954e+02
2.62158130940629e+02
2.61146783232517e+02
1.12701233167325e+03
1.21641935615900e+03
3.53623645822597e+02
2.07209502058926e+02
3.14746026465509e+02
4.06216039703331e+02
7.18968194482625e+02
9.40697118392013e+02
9.92844189377743e+02
1.14310633060230e+03
8.92803499056531e+02
8.70013834431480e+02
9.75101813100874e+02
9.83685895826726e+02
4.43501556092156e+02
4.38075844282582e+02
2.80799724354968e+02
2.69626692948048e+02
2.51461408946202e+02
5.33080522769606e+02
1.97918092068795e+02
2.38791635492701e+02
2.51018911840126e+02
2.18066583015187e+02
1.86843047997270e+02
1.55393108251751e+02
1.63738251236528e+02
2.09188767233420e+02
2.21354986895629e+02
2.58697307240445e+02
2.13372173872787e+02
2.49228739706434e+02
1.85294850188630e+02
3.03576897526961e+02
1.41995501609859e+03
9.67402257113849e+01
1.18573771013234e+02
4.42531489957585e+02
3.74763984849980e+02
3.83014815454447e+02
3.74557150186931e+02
3.35281758846957e+02
3.44394333524036e+02
3.80624244320228e+02
3.43911620365863e+02
2.81314091735046e+02
2.71240440264828e+02
3.26565788852553e+02
3.00242469554944e+02
3.68386996661040e+02
3.71430812279435e+02
2.75331881031512e+02
2.77576971158716e+02
2.76521739002934e+02
2.26929157977230e+02
1.21407920590265e+03
1.31354109782737e+03
3.87074203127706e+02
2.27325053275778e+02
4.31355324430172e+02
7.63735611242422e+02
1.00123201603596e+03
1.05919592262632e+03
1.22220448397308e+03
9.57063721110896e+02
9.34030993458735e+02
1.04880785228263e+03
1.05982870533147e+03
4.83159045824231e+02
4.77877581770941e+02
3.06653931553822e+02
2.94765361774882e+02
2.75295718060035e+02
5.42264992640624e+02
2.45451366822965e+02
2.61996185669588e+02
2.30398701174308e+02
1.93097998628625e+02
1.66387169316553e+02
1.97819393687880e+02
2.85535462746861e+02
1.84665971924446e+02
1.77100551127603e+02
2.10410500904037e+02
2.64233513615708e+02
2.26335855537080e+02
2.66741493184766e+02
1.97896917340192e+02
3.21243470263691e+02
3.53890022071420e+02
1.50368352282087e+03
1.04094856685982e+02
1.27968537839709e+02
4.51145772469059e+02
3.83957799532247e+02
3.86729533186640e+02
3.46538835068855e+02
3.55759909607771e+02
3.93639432732129e+02
3.55925580433384e+02
2.89994148111812e+02
2.77723792629945e+02
2.40887368397754e+02
3.07305938546854e+02
3.75363621151112e+02
3.81183564305952e+02
2.82114075381127e+02
2.84200646368903e+02
2.83109772131779e+02
2.32088440831022e+02
2.46216862792208e+02
1.27272854582862e+03
1.38631110463869e+03
4.14735585335468e+02
2.44296801911355e+02
4.19735049078164e+02
7.81706331691883e+02
1.03049179297626e+03
1.09608486541366e+03
1.27160325499905e+03
1.00113983486164e+03
9.77305562601170e+02
1.09993898051346e+03
1.11441964483568e+03
5.15767253434975e+02
5.10591880104813e+02
3.27704960632601e+02
3.15287821207384e+02
2.94791611761891e+02
5.56993848044835e+02
2.80160535998304e+02
2.49451787906822e+02
2.10150359411813e+02
1.86158998431748e+02
2.38003547882317e+02
2.69721487545187e+02
2.33281329987264e+02
2.26741328534065e+02
2.65005110558598e+02
1.99564914911694e+02
3.22019069174425e+02
3.47934335497313e+02
3.08975033072100e+02
1.55853445993301e+03
1.09540091940160e+02
1.35157410805004e+02
4.64307052034146e+02
3.96781756077617e+02
3.61447178362648e+02
3.71449935758083e+02
4.11927931600674e+02
3.73192527896221e+02
3.03935058794602e+02
2.90532959626813e+02
2.52542649677943e+02
2.37490826938651e+02
3.68599203040166e+02
3.77258810613173e+02
2.79362919365632e+02
2.82315473792778e+02
2.81937705191033e+02
2.31570369183839e+02
2.46119442414613e+02
4.83340290148114e+02
1.30879700038926e+03
1.43302451486870e+03
4.35590973882810e+02
2.57114600921898e+02
4.34020952213683e+02
3.99943303674668e+02
1.03929319562557e+03
1.11079192356828e+03
1.29485417943526e+03
1.02425855081854e+03
1.00130376780734e+03
1.12995117559911e+03
1.14789318529136e+03
5.39112364799218e+02
5.34439132310154e+02
3.43159025428305e+02
3.30535671647901e+02
3.09425457245117e+02
5.72847696135547e+02
2.67366224107779e+02
2.25882037241472e+02
2.02885427056281e+02
2.69003716057150e+02
4.31437682641010e+02
3.16438250669740e+02
2.30672863373723e+02
2.24039963298759e+02
2.55546252396880e+02
1.97405585598553e+02
3.17196044634172e+02
3.34648989200761e+02
2.97878925793973e+02
2.82207060097961e+02
1.59705979849232e+03
1.14302955224849e+02
1.41485498281596e+02
4.78350522606794e+02
4.10264082420399e+02
3.87803236379918e+02
4.31066865427946e+02
3.91240586808056e+02
3.18527583908424e+02
3.04061760564215e+02
2.64779802291334e+02
2.49438088554042e+02
2.87017491000321e+02
3.66713763294888e+02
2.71822015000959e+02
2.75803327892847e+02
2.76284327959221e+02
2.27509409985166e+02
2.42448876605764e+02
4.77606455478258e+02
6.75280824129200e+02
1.33027996497805e+03
1.46441094824356e+03
4.53002431148771e+02
2.68053776551038e+02
4.49014825029733e+02
4.14991186006060e+02
3.98229945101793e+02
1.11083734035106e+03
1.30164202554256e+03
1.03491956443895e+03
1.01347187065630e+03
1.14703118979689e+03
1.16860001971821e+03
5.57593608986593e+02
5.53587996464187e+02
3.55748965197784e+02
3.43100606414487e+02
3.21642745121390e+02
5.95333598970808e+02
2.48005815246719e+02
2.27897093739661e+02
3.11315995965563e+02
5.14427901105208e+02
3.71405433300468e+02
2.87750820123998e+02
2.37128934861819e+02
1.37487805235208e+02
1.90187905743262e+02
1.70726171740250e+02
3.02839793963073e+02
3.06541896253326e+02
2.75159600713972e+02
2.58197100543864e+02
4.16818279346073e+02
1.61471163009970e+03
1.17899652387315e+02
1.46621106849494e+02
4.98274601609267e+02
4.29619362157427e+02
4.58471705725198e+02
4.17490104225034e+02
3.40181696176775e+02
3.24322032757784e+02
2.83020672536561e+02
2.67692243045361e+02
3.11732448486096e+02
3.08937831657223e+02
2.55706754288424e+02
2.60113911292663e+02
2.61475559009871e+02
2.15411367604761e+02
2.29435633260021e+02
4.54680766121482e+02
6.46388981626864e+02
1.10171707898284e+03
1.32494651504155e+03
1.47317267769661e+03
4.65554174630703e+02
2.76467385056034e+02
4.70446995704776e+02
4.36655680503770e+02
4.20678680866784e+02
4.25179176956912e+02
1.27967885884979e+03
1.02622658013547e+03
1.00585660609826e+03
1.14272911395477e+03
1.16898758448727e+03
5.69928335635081e+02
5.66595429094166e+02
3.64203714862390e+02
3.51718625461501e+02
3.30180434350568e+02
6.17228122118092e+02
2.53359497456793e+02
3.51774764321851e+02
5.90567295907922e+02
4.24082184972035e+02
3.34236238821510e+02
2.96881565880888e+02
2.26730518524278e+02
4.35503713082697e+01
1.32417888205935e+02
2.70402609441336e+02
2.66908421728981e+02
2.43934455252139e+02
2.29312908006890e+02
3.79346106795804e+02
2.33415174950891e+02
1.58851347397418e+03
1.17618228677847e+02
1.46705691791572e+02
5.17369946747910e+02
4.47611395659218e+02
4.41763954175842e+02
3.60783642153474e+02
3.44428918782326e+02
3.01501001617144e+02
2.86469246283231e+02
3.36402320487493e+02
3.36444530500976e+02
2.93750341659947e+02
2.40571086029203e+02
2.43243819343735e+02
2.01036070794832e+02
2.14449442931616e+02
4.27322320364661e+02
6.10510664340329e+02
1.04671259822421e+03
1.38262188321751e+03
1.29001271489291e+03
1.44425869636209e+03
4.63282607186551e+02
2.75772480919642e+02
4.90294445659066e+02
4.56424851645378e+02
4.40963032189439e+02
4.46636994561701e+02
4.55045370698248e+02
9.95162145718853e+02
9.76403176136595e+02
1.11243632391904e+03
1.14148585818295e+03
5.64985664438620e+02
5.62192473052730e+02
3.61479785807787e+02
3.49414256762283e+02
3.28321389577279e+02
6.44428221057455e+02
3.82223662522523e+02
6.03889588260358e+02
4.47551063450962e+02
3.52616467299071e+02
2.94340613802736e+02
2.51789310068603e+02
2.28684945186732e+02
7.45407087501789e+01
1.06231577928792e+02
1.78700913062721e+02
1.95847554609595e+02
1.93033491596441e+02
1.96482146005082e+02
3.22984183558766e+02
2.02505369939823e+02
2.13487983835011e+02
1.54891935352935e+03
1.18082388330347e+02
1.47761300128233e+02
5.40677587098751e+02
4.67619531196068e+02
3.86133496558768e+02
3.71339146833576e+02
3.27553742433500e+02
3.11079571769641e+02
3.63615709137847e+02
3.63363436622667e+02
3.24310189483227e+02
2.88770233641898e+02
2.25233313346613e+02
1.90216442933553e+02
2.08147302344270e+02
4.14941461857892e+02
5.93326314762796e+02
1.01182714880885e+03
1.32319709533968e+03
9.76647408839152e+02
1.26862693405158e+03
1.41192948312374e+03
4.64970325759909e+02
2.76657793696101e+02
5.12326576125934e+02
4.77442262133689e+02
4.62515745492995e+02
4.70192632458121e+02
4.80919865960077e+02
4.64460205453310e+02
9.45657474002473e+02
1.08233568584470e+03
1.11350288446081e+03
5.59146816378940e+02
5.58905527854573e+02
3.60918847450462e+02
3.49928852420770e+02
3.29826210608128e+02
6.71376575201040e+02
6.74493201308885e+02
5.00565339700899e+02
3.93309698885089e+02
3.30727917552756e+02
2.85107432144039e+02
2.50099545563607e+02
9.34111218700007e+01
1.54706562449059e+02
1.15484943921939e+02
1.36176101409734e+02
1.51028992142712e+02
1.63647994180151e+02
2.76118957353161e+02
1.76819294725640e+02
1.91013298730496e+02
2.06338207407446e+02
1.50908517276911e+03
1.18025189488080e+02
1.48217673635653e+02
5.64113095526157e+02
4.89081681725008e+02
3.98535000021448e+02
3.53237262455862e+02
3.36562380213685e+02
3.95073275867905e+02
3.97214705910716e+02
3.57578037542130e+02
3.20222770726582e+02
3.73363572766675e+02
1.75855000120559e+02
1.94649073159082e+02
3.89111372288453e+02
5.58181922367472e+02
9.53035842158720e+02
1.25189986116116e+03
9.29166434585849e+02
9.63058972489424e+02
1.22914156370366e+03
1.37292675014681e+03
4.63283983353205e+02
2.76241180589209e+02
5.35977839062396e+02
5.00773942200180e+02
4.86570498154193e+02
4.96076464238741e+02
5.08920710742831e+02
4.93168260621140e+02
4.71592986647532e+02
1.04384120063945e+03
1.07788247381107e+03
5.51951147629583e+02
5.53198676104422e+02
3.58022685030631e+02
3.47839849912714e+02
3.28569391976540e+02
6.88503424476875e+02
5.37959601452250e+02
4.21490362416085e+02
3.53086036516318e+02
3.05145153843416e+02
2.67596690354912e+02
1.09153185002873e+02
1.46966675302954e+02
7.16914685253911e+01
1.87860057160135e+02
1.87336835063551e+02
1.86235418288085e+02
2.93723563382486e+02
1.83351285872969e+02
1.98423452707955e+02
2.14949393894041e+02
2.09796772304308e+02
1.52624731612634e+03
1.22726256121679e+02
1.54424236642529e+02
5.79091881971836e+02
5.02803552399590e+02
3.71689705073175e+02
3.54804208139580e+02
4.17555882984663e+02
4.21148191571465e+02
3.81701390342534e+02
3.43084150391174e+02
4.00969803674702e+02
6.05477482605968e+02
2.00624924806029e+02
3.95953681660764e+02
5.63643388613855e+02
9.51305601127452e+02
1.24603348776972e+03
9.26021602770288e+02
9.62211635826917e+02
8.94429093573879e+02
1.24102366267036e+03
1.38762127471762e+03
4.78986043412601e+02
2.86285403774136e+02
5.51180614309353e+02
5.15866652636934e+02
5.02361601391433e+02
5.13391585649276e+02
5.27991779958686e+02
5.12987122293736e+02
4.92122521017295e+02
4.64169846585892e+02
1.08579169473897e+03
5.65449420957358e+02
5.68267330674625e+02
3.68734557265986e+02
3.58924524779348e+02
3.39854566737642e+02
7.07169140289580e+02
4.64054034665667e+02
3.94189211863714e+02
3.38714032028906e+02
2.97038962226337e+02
1.35397917932769e+02
1.83879191117435e+02
1.24784238191465e+02
2.40095479174218e+02
1.87708705328680e+02
1.92096321515336e+02
3.00903198828803e+02
1.86471528247138e+02
2.04392073205019e+02
2.22637763548698e+02
2.14324190198487e+02
1.44135064208715e+02
1.54923015595992e+03
1.27432279426271e+02
1.61064290884455e+02
5.95575736428155e+02
5.18544878384064e+02
3.74927192133036e+02
4.43662577304220e+02
4.50098493822165e+02
4.09408838352067e+02
3.70145133865283e+02
4.36317749376113e+02
6.64492796348441e+02
6.83077109699602e+02
3.97458417489010e+02
5.61734136341954e+02
9.38782225021520e+02
1.23638517546653e+03
9.23435465700299e+02
9.59722397499163e+02
8.97863062235473e+02
8.47196231370906e+02
1.24738148244526e+03
1.40376099987447e+03
4.95828451330033e+02
2.97191170888099e+02
5.68577850163902e+02
5.33486417172032e+02
5.20844273579010e+02
5.33422467190083e+02
5.49785339971802e+02
5.35486929849049e+02
5.15103213114489e+02
4.86901509273370e+02
4.18723294207028e+02
5.81170803328706e+02
5.85353341061290e+02
3.80161881890244e+02
3.70605984495424e+02
3.51565012235139e+02
7.14929083468068e+02
4.18002117419933e+02
3.52478586059422e+02
3.06528406231641e+02
1.50313901696516e+02
1.98932860042661e+02
1.40681925451998e+02
2.49943857354510e+02
2.71039207530348e+02
1.51703625999143e+02
3.14603586914909e+02
1.98334867133416e+02
2.23849222155180e+02
2.46380123928985e+02
2.33897063812419e+02
1.56438454791093e+02
2.95686476950794e+02
1.62802119626011e+03
1.36596072528006e+02
1.73492621561590e+02
6.02839333356408e+02
5.26374970842202e+02
4.59924592951262e+02
4.68868049732899e+02
4.26612466564080e+02
3.87329106093549e+02
4.60387556498746e+02
7.06615399909900e+02
7.26954813078553e+02
5.49180691706403e+02
5.84717819577844e+02
9.62162654983014e+02
1.27716828594412e+03
9.58940446323575e+02
9.92860546881074e+02
9.35547546994181e+02
8.79471998168365e+02
1.29362437767723e+03
1.46853612183940e+03
5.29652089393936e+02
3.18568572876597e+02
5.77303709948414e+02
5.42947574260818e+02
5.31238450956963e+02
5.44899858665515e+02
5.62435224231242e+02
5.48737306651106e+02
5.28749561421202e+02
5.00249566395736e+02
4.30585242356465e+02
4.15284272723991e+02
6.17440226952383e+02
6.22995466889980e+02
4.04600645791332e+02
3.94844609042620e+02
3.75158812760131e+02
7.29978534833834e+02
3.91248245321999e+02
3.43566040756026e+02
1.76292151374405e+02
2.35314188361325e+02
1.70169220938074e+02
3.11128615162913e+02
3.49274092717189e+02
2.27694297282112e+02
2.07025105883898e+02
1.58197147676766e+02
2.06622746627596e+02
2.42074199607786e+02
2.32154846998933e+02
1.57943877047106e+02
2.97891003133837e+02
5.64015204220794e+02
1.64922849736316e+03
1.41531319902148e+02
1.80884624180805e+02
6.16211779277410e+02
5.39359700093502e+02
4.95845573818705e+02
4.52683408292756e+02
4.13254594047184e+02
4.95068577400767e+02
7.65591055488623e+02
7.92430611476229e+02
6.00364709097809e+02
4.94866862290195e+02
9.40032222769150e+02
1.25907963050359e+03
9.51736676592124e+02
9.84787327616649e+02
9.35434771128104e+02
8.78576765886105e+02
1.29422532363578e+03
1.48116442069340e+03
5.48117834658143e+02
3.30587428187693e+02
5.91675780181697e+02
5.57701259631237e+02
5.46896003312167e+02
5.62051064808725e+02
5.81289454941174e+02
5.68369321224605e+02
5.48953040540718e+02
5.20383092596597e+02
4.48844369966936e+02
4.33944357716569e+02
4.55542299331738e+02
6.33815052518917e+02
6.41248401535747e+02
4.16687624632303e+02
4.07331449535567e+02
3.87787073739685e+02
7.35772939705794e+02
3.72371282603234e+02
1.94328896121846e+02
2.58128568422196e+02
1.83692510129484e+02
3.38587717817899e+02
3.83831176242747e+02
2.61691843650115e+02
1.31745969007387e+02
9.97641275021150e+01
1.97456472720589e+02
2.54484566664730e+02
2.44612815531217e+02
1.70641451958933e+02
3.17817129211878e+02
5.85078925898180e+02
6.05123468556750e+02
1.69653487195399e+03
1.49402465179529e+02
1.91968530126262e+02
6.21625758387743e+02
5.45064524072867e+02
4.70698861542934e+02
4.31557579325278e+02
5.19948871202972e+02
8.08031780672439e+02
8.40711747891353e+02
6.39058951065513e+02
5.29493818624128e+02
4.54555847873971e+02
1.27157517846032e+03
9.64726757251372e+02
9.95689146221353e+02
9.52752698274195e+02
8.93381489492449e+02
1.31826361165751e+03
1.51817408170186e+03
5.76758405485844e+02
3.48924309210758e+02
5.98078749658486e+02
5.64701312304668e+02
5.54783508653210e+02
5.71150376859896e+02
5.91758421357938e+02
5.79682510416732e+02
5.61026393404993e+02
5.32707964234248e+02
4.60226078259554e+02
4.45803703085397e+02
4.69181849132484e+02
4.70258191556917e+02
6.60786054617861e+02
6.70638279637913e+02
4.36291599181370e+02
4.27278945633812e+02
4.07746213448366e+02
7.41161388357571e+02
2.18486808049076e+02
2.86969464985418e+02
2.10779557449227e+02
3.72494002617033e+02
4.30293218192872e+02
3.05508944163763e+02
2.16666901032145e+02
1.81500136025706e+02
1.11534068949395e+02
2.15065371838995e+02
2.26287195574547e+02
1.61626899984627e+02
3.08242107935472e+02
5.62024560521832e+02
5.82483616196797e+02
1.32920720032544e+03
1.74164744777897e+03
1.56980058872862e+02
2.02965514972461e+02
6.26944338513730e+02
5.51552102065805e+02
4.50877707495007e+02
5.49199826544839e+02
8.62650299796046e+02
8.98577801382871e+02
6.79064341410102e+02
5.66858576522790e+02
4.86665506503049e+02
4.20026666504897e+02
9.69065426547974e+02
9.93052397337889e+02
9.62848921807756e+02
8.95922671677712e+02
1.31720896733991e+03
1.54435957520205e+03
6.02506582424517e+02
3.66571345034028e+02
6.05316823405646e+02
5.72991825170762e+02
5.64108197796340e+02
5.81529622126105e+02
6.03294160163295e+02
5.91910605630500e+02
5.73647300023757e+02
5.45149830492775e+02
4.71317184112880e+02
4.57417302861853e+02
4.83309561313982e+02
4.86664610061917e+02
5.01893021711253e+02
6.86137754134665e+02
6.97662922399769e+02
4.53532148502500e+02
4.44670876496120e+02
4.25058410168909e+02
7.55984051910242e+02
3.33869848258114e+02
2.51587809346728e+02
4.39512814077089e+02
5.22177366643905e+02
3.92012840343123e+02
3.15969148624780e+02
3.32811885980865e+02
1.14153739190720e+02
1.36482491576873e+02
1.75156491023754e+02
1.34405348890147e+02
2.69908207367520e+02
4.94553170448239e+02
5.20943488886667e+02
1.21152627503865e+03
1.10053248158159e+03
1.71059507140143e+03
1.58785027505347e+02
2.06629609656471e+02
6.40252097956141e+02
5.64925029321095e+02
5.89759466397474e+02
9.34725507299518e+02
9.77587215774646e+02
7.39168841545524e+02
6.22757975234709e+02
5.38066016998327e+02
4.66400001673296e+02
3.41289794027522e+02
9.38429672722797e+02
9.23983585972824e+02
8.56221627390486e+02
1.25739739481331e+03
1.50230639713094e+03
6.05832674492155e+02
3.70669105628506e+02
6.20080202404271e+02
5.88402561329481e+02
5.80532899683641e+02
5.99451280793976e+02
6.22929170219159e+02
6.12373218182793e+02
5.94629042188481e+02
5.66054567932536e+02
4.90271217526981e+02
4.77024550603538e+02
5.06019641857422e+02
5.11889877921495e+02
5.29818767731684e+02
5.17772001735747e+02
6.83797343487904e+02
6.97120512178256e+02
4.53290893497703e+02
4.45246466937548e+02
4.26527033714173e+02
7.72979287449229e+02
2.94596473222162e+02
5.14472139257505e+02
6.21633401246325e+02
4.82588159028493e+02
4.08072223613081e+02
4.66855274132901e+02
2.07247214804997e+02
1.28357526737295e+02
1.07404914219039e+02
1.00969291512484e+02
2.22625803963497e+02
4.14986876524545e+02
4.47482275319829e+02
1.06896061039039e+03
1.01509570246337e+03
6.41403009955126e+02
1.64402122934305e+03
1.58063354451386e+02
2.07015153750949e+02
6.55359492493783e+02
5.79678791288221e+02
1.01001423948655e+03
1.06160965380732e+03
8.05516110668014e+02
6.84357721966214e+02
5.95940219117375e+02
5.20187953848211e+02
3.87780069252373e+02
3.43748578853339e+02
8.63493358489620e+02
7.98674930044105e+02
1.17391973184313e+03
1.42973037925751e+03
8.56786218501714e+02
5.99109614533802e+02
3.68633151627839e+02
6.36344708773496e+02
6.05141597941307e+02
5.98260077377297e+02
6.18823821763706e+02
6.44209176370290e+02
6.34578864859624e+02
6.17496853754536e+02
5.89018297704644e+02
5.11280945533198e+02
4.98770684383991e+02
5.30941679348717e+02
5.39266529335721e+02
5.60235047888149e+02
5.50102331708592e+02
5.95264982204414e+02
6.83832455520407e+02
4.45157877502443e+02
4.38299956885318e+02
4.20992744747178e+02
7.91662628320293e+02
6.02960862829260e+02
7.37357270710237e+02
5.86976233529751e+02
5.08171132073410e+02
6.08420565758011e+02
2.85677418686033e+02
1.92172109893371e+02
3.71555509942397e+02
9.12147442491573e+02
9.09388767345678e+02
5.68358125471662e+02
1.02666341824063e+03
1.54452155687405e+03
1.55671587984449e+02
2.05174719243906e+02
6.71900961428640e+02
5.95583966997435e+02
1.15515559579106e+03
8.81608290587575e+02
7.55003820601942e+02
6.63322172002762e+02
5.84261908817217e+02
4.41634810659087e+02
3.95595281878156e+02
3.91575141357093e+02
7.24293061290925e+02
1.06751378286609e+03
1.32847778464806e+03
8.17817543249710e+02
9.65450194787563e+02
5.84329853366786e+02
3.61964654438561e+02
6.53879538061591e+02
6.23067482497239e+02
6.17222124723289e+02
6.39658876077011e+02
6.67242563415215e+02
6.58737553587795e+02
6.42550172138534e+02
6.14409685965662e+02
5.34725934867154e+02
5.23156636877518e+02
5.58815618711545e+02
5.69722911391897e+02
5.94252342804017e+02
5.86125067996889e+02
6.37128843829619e+02
8.42837220583570e+02
4.30449949597742e+02
4.25188598635373e+02
4.09895292089011e+02
8.13700395177569e+02
8.61693987431007e+02
7.02212938546574e+02
6.18931420903274e+02
7.75746090874122e+02
3.89499050684960e+02
2.89960644320407e+02
2.17119685557803e+02
2.50302808768835e+02
2.84880050060060e+02
7.38340259263660e+02
7.76494387048864e+02
4.84546564265602e+02
8.91530486680777e+02
4.09547400140011e+02
1.41409274276626e+03
1.49750809844757e+02
1.98598665948812e+02
6.91119638351420e+02
6.13419768477100e+02
9.56685194900096e+02
8.24220079122500e+02
7.30064232251303e+02
6.48942416875458e+02
4.93913339245293e+02
4.45753796600043e+02
4.43719172477399e+02
5.68010967710457e+02
9.49526391297351e+02
1.20462108406529e+03
7.63525175629496e+02
9.08009435535872e+02
3.93060296774061e+02
5.58065546977581e+02
3.47483670886415e+02
6.73515177921361e+02
6.42679688281569e+02
6.37637821423077e+02
6.61916517617504e+02
6.91689875601223e+02
6.84184647148904e+02
6.68806434421841e+02
6.40979239960992e+02
5.59246707893658e+02
5.48493427641260e+02
5.87323361628625e+02
6.00370621561683e+02
6.28345080008373e+02
6.21766149214144e+02
6.78178339490866e+02
8.99975736746558e+02
1.01317184532507e+03
4.03999243819284e+02
3.90937221414203e+02
8.30301733864881e+02
8.14498794989545e+02
7.14265901468867e+02
9.41840798021918e+02
4.99625279674780e+02
3.97005081195942e+02
3.04803174715111e+02
2.64068948379914e+02
7.57430341233216e+01
2.00555266934156e+02
5.42170612441288e+02
5.95010441188703e+02
3.83874197841779e+02
7.27684246501209e+02
3.42603116781579e+02
7.56899545394024e+02
1.24916907279477e+03
1.43787710070470e+02
1.91967305103231e+02
7.05510739486876e+02
6.26171628080663e+02
8.91476317019340e+02
7.97835843496026e+02
7.18799478415683e+02
5.43243883410288e+02
4.89109003202208e+02
4.84990188372655e+02
6.28748440845579e+02
8.91437468897950e+02
1.05682984932250e+03
6.99452179537224e+02
8.38968622294716e+02
3.66216746816029e+02
2.63905670682558e+02
5.31128986626874e+02
3.32155833164626e+02
6.87597387991784e+02
6.56572400489811e+02
6.52291792851038e+02
6.78500958825379e+02
7.10594657414898e+02
7.04422195932106e+02
6.90440392674696e+02
6.63671099988477e+02
5.80914782806404e+02
5.71143133259453e+02
6.12348526916668e+02
6.26633042525005e+02
6.58416821481180e+02
6.52911695652178e+02
7.14004439089134e+02
9.48166027302250e+02
1.07207509370152e+03
1.11810010828161e+03
3.72126509249724e+02
8.35292969191851e+02
8.04560072134268e+02
1.10631172547786e+03
6.08720265793943e+02
5.03658848730696e+02
3.98302141146794e+02
3.45455543771829e+02
1.26110220042557e+02
1.56766827124972e+02
1.91195067742536e+02
4.35203542573441e+02
4.68798222736998e+02
3.09132499789154e+02
6.02288951095748e+02
2.90628735916051e+02
6.64767078340133e+02
8.10646140127402e+02
1.12099888802798e+03
1.41504211420149e+02
1.90056338033528e+02
7.10027206574572e+02
6.30147050680433e+02
8.55252621468256e+02
7.79857639083867e+02
5.85527604483063e+02
5.25961832367925e+02
5.20269598886845e+02
6.81823874226535e+02
9.85879821502019e+02
9.92799371402548e+02
6.52220620215442e+02
7.89965117413563e+02
3.48209676210575e+02
2.53810354077211e+02
3.90323013854307e+02
5.16600571767972e+02
3.24715858258970e+02
6.92043405798562e+02
6.61255088071971e+02
6.57788632861872e+02
6.85549908276869e+02
7.19501519694318e+02
7.14737854900675e+02
7.02338864834515e+02
6.76986206279931e+02
5.94362236005945e+02
5.85686702621376e+02
6.28639980268057e+02
6.43923838180861e+02
6.79061585877635e+02
6.74724255347688e+02
7.39666001215831e+02
9.82917378174504e+02
1.11581934902937e+03
1.17236856473035e+03
1.13844105620325e+03
8.22022439308509e+02
1.24104405041245e+03
7.00266196876120e+02
5.92965679835195e+02
4.74570483404731e+02
4.13207229404163e+02
1.49255678653274e+02
2.01546273339834e+02
3.72396773392805e+02
2.54140998327472e+02
5.07669949839476e+02
2.50956686774070e+02
6.02715227413215e+02
7.35794854124732e+02
1.02468695010770e+03
1.43593008363955e+02
1.93870241797290e+02
6.98955061633693e+02
6.20141584550518e+02
8.22879531470718e+02
6.13046975607675e+02
5.48513080440555e+02
5.40842879999400e+02
7.15507373867523e+02
1.05416756858745e+03
1.07295866503882e+03
9.29062698502771e+02
6.21363814533891e+02
7.61053568047484e+02
3.39399565661307e+02
2.50859402968365e+02
3.89573409111160e+02
5.16443202486617e+02
3.26435088412181e+02
6.81146039667033e+02
6.51163394029105e+02
6.48505657931703e+02
6.77155140740408e+02
7.12165116625529e+02
7.08865095302911e+02
6.98285325715354e+02
6.74878365089742e+02
5.94216187345284e+02
5.86769003484397e+02
6.30342600308357e+02
6.46074731336213e+02
6.83676559227498e+02
6.80454243679545e+02
7.47591478073851e+02
9.93858436068388e+02
1.13231914010524e+03
1.19818595545962e+03
1.16978521572435e+03
9.96155362541661e+02
7.74683729766428e+02
7.49828838374725e+02
6.46982489307879e+02
5.24104046286976e+02
4.63595122046916e+02
1.68395729822627e+02
2.43048964572759e+02
3.90378506384317e+02
2.63842120266005e+02
4.93993343284772e+02
2.44557686884030e+02
6.11875912004525e+02
7.20471658294843e+02
9.94073670208278e+02
1.53940017085419e+02
2.08612301349161e+02
6.58781580501609e+02
5.84114734434489e+02
6.09480981706095e+02
5.41485537172328e+02
5.30834737524440e+02
7.08575977747714e+02
1.06480525101621e+03
1.09332204603590e+03
9.48106201601347e+02
1.11298394030774e+03
6.20481235341593e+02
7.69738294106594e+02
3.47851269111248e+02
2.61256817473402e+02
4.10102156517551e+02
5.43385860867488e+02
3.45508455686833e+02
6.41700797645590e+02
6.13587425712788e+02
6.11672426044769e+02
6.39859384531470e+02
6.72427516700789e+02
6.63920378375700e+02
6.43250248752186e+02
5.67810571357926e+02
5.61760744784627e+02
6.03860136070512e+02
6.19048055758384e+02
6.57178715374650e+02
6.54937738282736e+02
7.21015240157008e+02
9.58765361629257e+02
1.09583376632342e+03
1.16754233971728e+03
1.14543752171453e+03
9.84827179155191e+02
8.88509249370041e+02
6.59788211657943e+02
6.82445063792608e+02
5.80591861266793e+02
4.67272977868230e+02
3.98222284175571e+02
1.47682839624789e+02
2.13894600450913e+02
3.21091943243818e+02
2.48424100933716e+02
6.37078359481144e+02
3.01216106509742e+02
7.10837952127083e+02
7.95538931711661e+02
1.07721389819436e+03
1.76418683368916e+02
2.38659469680205e+02
5.80479293068727e+02
5.14864640954646e+02
4.93670782290510e+02
4.81865789140654e+02
6.42887155702365e+02
9.72315928000558e+02
9.99497456021173e+02
8.64812874033572e+02
1.01282790665526e+03
9.12779869340575e+02
6.60230249364123e+02
8.31282873905588e+02
3.80796956725938e+02
2.87885459686049e+02
4.52981889930698e+02
6.03325169708220e+02
3.88167281863256e+02
5.65749892263211e+02
5.41270738296353e+02
5.40029373724092e+02
5.65582332822272e+02
5.89089112343600e+02
5.71442950417864e+02
5.04943847583310e+02
5.00248921599883e+02
5.38493875675419e+02
5.52580816214587e+02
5.87763970698112e+02
5.86663107496772e+02
6.47152094987645e+02
8.62147989445769e+02
9.87772928969337e+02
1.05602137901881e+03
1.03898027177946e+03
8.95865059958503e+02
8.10736714942065e+02
6.68834332064304e+02
5.82929919367128e+02
5.71569756428733e+02
6.33495578708410e+02
4.70827127687034e+02
3.96446389279210e+02
1.55248702417225e+02
2.33539831246144e+02
3.59966046255252e+02
2.98807674347459e+02
6.23958710860963e+02
4.72031212789822e+02
5.07184630675397e+02
2.65219912411793e+02
6.45757041118740e+02
7.23246240559530e+02
9.95554068698937e+02
2.63995330429478e+02
1.77630552380483e+02
2.43404146831526e+02
5.39132918118280e+02
4.78671896304549e+02
4.70062528153826e+02
6.28351063935827e+02
9.55212853755855e+02
9.85994421567453e+02
8.56762613432637e+02
1.00686386141382e+03
9.11694205703855e+02
6.23328994876214e+02
7.95044914346524e+02
3.68009166764422e+02
2.80229811534541e+02
4.44612692209018e+02
5.98940832766718e+02
3.89079958214401e+02
5.26023316798141e+02
5.03794783835608e+02
5.03218729746865e+02
5.27662166522154e+02
5.35950337232824e+02
4.74228071065101e+02
4.70486949408201e+02
5.07226222459465e+02
5.21312673534244e+02
5.55590946570750e+02
5.55665031654265e+02
6.14279131229136e+02
8.20142898566291e+02
9.42106032212490e+02
1.01025682404568e+03
9.97006526554612e+02
8.62121014993730e+02
7.82590686640104e+02
6.48040952946766e+02
5.90940115003331e+02
5.43386802161076e+02
5.33428041169827e+02
5.30166955943800e+02
5.34678694893053e+02
1.65287599711623e+02
2.66681684592443e+02
4.39996010107142e+02
3.94614543845966e+02
8.14686373717303e+02
6.04561563251797e+02
3.22599537131802e+02
6.69619156583670e+02
8.53315133958682e+02
2.09285578299508e+02
8.84161203304870e+02
3.92772658170727e+02
1.72725286456361e+02
2.41465051610819e+02
4.55324522038671e+02
4.04694503117874e+02
8.99739742044624e+02
9.38608431196253e+02
8.21702113516983e+02
9.75614090015488e+02
8.96915835815008e+02
6.16989945384003e+02
5.22098618193094e+02
4.35877370820592e+02
2.50806826478699e+02
4.05478116882786e+02
5.57233586441295e+02
3.70770200228667e+02
4.44861757062643e+02
4.26706936915350e+02
4.27050084858000e+02
4.48893847128256e+02
4.06632223843127e+02
4.39545117689210e+02
4.52796542193895e+02
4.84472726815667e+02
4.86187683169121e+02
5.39737409958005e+02
7.23420817735459e+02
8.35024028580068e+02
9.01322697362361e+02
8.94685617186796e+02
7.78846085505951e+02
7.11675656351536e+02
5.91859433889367e+02
5.41829151227863e+02
4.60400288968211e+02
5.18082545494857e+02
4.61696507772992e+02
4.54166351314176e+02
4.52468437033740e+02
4.55466066982757e+02
4.38463559771261e+02
4.29436721613454e+02
4.89152374455307e+02
4.55629255266550e+02
9.50600736800194e+02
7.41658692760811e+02
4.04993345649915e+02
7.58238447393289e+02
2.17067690514611e+02
1.26238834679273e+02
6.30983641107434e+02
3.01845484293803e+02
1.82491175834512e+02
2.28908693238070e+02
1.53117555576070e+02
2.22898332730658e+02
3.65892355611097e+02
3.25250036289249e+02
7.51844723497261e+02
9.05225619677544e+02
8.52852094503958e+02
5.95093408797146e+02
5.11201412173690e+02
4.33637657755545e+02
2.64942561272252e+02
2.33055460408578e+02
4.78504312323712e+02
3.25565943726121e+02
3.57613319963642e+02
3.43386764644160e+02
3.44301705761143e+02
3.62892705538469e+02
3.73804290439223e+02
4.01613757631675e+02
4.04086498345964e+02
4.50175347592065e+02
6.04654545511857e+02
7.01022266864662e+02
7.62659203073787e+02
7.61741182129762e+02
6.69816236186864e+02
6.16752369032440e+02
5.13193722915990e+02
4.71405994551433e+02
3.99084065299000e+02
4.51144777349850e+02
6.08720074477922e+02
6.97229306627451e+02
3.72877881069989e+02
3.67526000550925e+02
3.67103607955694e+02
3.70675538771941e+02
3.58010189159431e+02
3.58358465476590e+02
3.72868377109094e+02
2.72239848640470e+02
7.31565509194549e+02
5.42614239927167e+02
2.78953978760274e+02
4.41689814062780e+02
1.45814033248167e+02
3.73548022087440e+02
2.52143031070445e+02
2.96918004750067e+02
1.66242027208192e+02
2.10170485069688e+02
4.38993538652750e+02
1.53705124012296e+02
2.25612525662975e+02
2.31952166981885e+02
2.06261954528467e+02
5.85758814942084e+02
4.07626924526325e+02
3.52676631469134e+02
2.99422219128880e+02
1.85490653707759e+02
1.67394599434951e+02
2.97853296947425e+02
3.59170058012163e+02
2.26912911182815e+02
2.18020570624500e+02
2.18808801079442e+02
2.31009744578562e+02
2.62070275381021e+02
2.92980391383751e+02
3.95186997410483e+02
4.59611376207368e+02
5.01796572634464e+02
5.02699750448868e+02
4.42664660626944e+02
4.09044703804226e+02
3.41553402313203e+02
3.13796202673032e+02
2.65168551633670e+02
2.99639964986415e+02
4.07289829306505e+02
4.69765993313856e+02
5.27870230103477e+02
6.02467628617671e+02
2.37248725024551e+02
2.34112758557746e+02
2.34142106492682e+02
2.36782312965368e+02
2.29011939356860e+02
2.29680758272498e+02
2.39502569076442e+02
2.41397980958044e+02
2.39963935677889e+02
1.88394012348945e+02
2.60710049472295e+02
3.88445786243882e+02
1.35724666803715e+02
2.54945169077819e+02
2.58339007981603e+02
3.08847738121882e+02
3.78432877674350e+02
2.31027672633262e+02
1.22442910281991e+02
1.49809573064374e+02
3.03303788812257e+02
3.22077777221405e+02
1.19474435642009e+02
1.87427006376572e+02
1.60709909617295e+02
1.43143725695144e+02
2.77180731086180e+02
2.37527011277551e+02
1.50587290855437e+02
1.39516947680345e+02
2.52736462454660e+02
3.13466333720671e+02
4.96922188950917e+02
5.66920466226821e+02
1.57453330640972e+02
1.51546536657457e+02
1.52381444418391e+02
1.61171020577231e+02
2.82888451522980e+02
3.30001224438097e+02
3.61730238623278e+02
3.63839718715146e+02
3.21900776515657e+02
2.98636765213979e+02
2.50464127495952e+02
2.31169263451778e+02
1.96180303599993e+02
2.22444654641959e+02
3.03727165546637e+02
3.52291264622977e+02
3.98908801463006e+02
4.58190792496629e+02
4.23504149724243e+02
3.90109540190222e+02
1.65276800848006e+02
1.63407571528932e+02
1.63781316757278e+02
1.65993851843307e+02
1.60942223858053e+02
1.61752356157604e+02
1.68996717617830e+02
1.70703223902512e+02
1.70114630060178e+02
1.71405772497897e+02
1.89837201372408e+02
1.01476255036060e+02
8.24358389214396e+01
1.62309521555742e+02
1.41194274681157e+02
1.48841571441869e+02
8.78543761577066e+02
2.64762567374424e+03
1.30408647723204e+03
5.39943655641832e+02
4.86182056217061e+02
1.56450696060686e+02
8.65382105121519e+01
7.70615037144200e+01
8.93727323282750e+01
8.38895516968597e+01
1.56110479545683e+02
1.97606275350118e+02
3.18337967491526e+02
3.67843032660153e+02
2.35249064252756e+02
2.15421786401555e+02
8.48231006151389e+01
8.16394443312806e+01
8.21138800857855e+01
8.69616796680702e+01
2.00809821308594e+02
2.02438880968026e+02
1.79214074840649e+02
1.66797109234559e+02
1.40462184787432e+02
1.29712982853758e+02
1.10008448060888e+02
1.24712967238107e+02
1.71222961926820e+02
1.99780590253537e+02
2.27801192946472e+02
2.63074538299962e+02
2.43784896493531e+02
2.25403272275475e+02
2.06803958806816e+02
1.59030149998853e+02
8.91823959389116e+01
8.82343888349704e+01
8.85063710595933e+01
8.98087437920195e+01
8.71646602867623e+01
8.77679534572196e+01
9.19069563451612e+01
9.29597218006058e+01
9.27416803034873e+01
9.36226217356200e+01
1.04002874249766e+02
1.28265924908480e+02
1.46509750409859e+02
7.85093239829338e+01
1.73450952942037e+02
1.92386261331039e+02
1.55018924501221e+02
6.82924762570519e+02
3.21013496718408e+02
1.74333995660303e+03
1.96117546528794e+02
4.05447390079014e+02
1.25172805561534e+02
2.62801531223103e+02
6.71007646628792e+01
5.99457720969500e+01
1.41669466793592e+02
1.82893296619482e+02
2.98785041471100e+02
3.49966143288581e+02
2.30345931807061e+02
2.16466903768590e+02
1.67019255085020e+02
1.41795651500044e+02
6.59311530386621e+01
6.36305554804003e+01
6.41517828913345e+01
6.80195796861980e+01
1.44157778128523e+02
1.34448561020370e+02
1.13833791544713e+02
1.05726012958051e+02
9.04250012817247e+01
1.02948059708384e+02
1.41421937841745e+02
1.65336902006297e+02
1.89182241928143e+02
2.19305046206090e+02
2.04248273726841e+02
1.89898133468469e+02
1.75315164626850e+02
1.35799145034298e+02
1.04623684786412e+02
9.41602224093267e+01
6.95925994292069e+01
6.89986552914545e+01
6.93585368794078e+01
7.04997318287356e+01
6.85712219076447e+01
6.91384413717335e+01
7.24820410569028e+01
7.34635360325169e+01
7.34403756079495e+01
7.42607182068611e+01
8.25405302701780e+01
1.01853004243666e+02
1.16536369481015e+02
1.25233474840488e+02
1.30813844028461e+02
3.16815730075391e+01
4.47866179737779e+01
2.45609085848339e+02
1.23529428255052e+02
2.02754421250263e+02
2.90753631987740e+02
8.41025435077834e+02
2.70159310003256e+01
2.40644328056591e+01
1.39340780099665e+02
1.66190982756518e+02
1.10355607226623e+02
1.04259635809838e+02
8.15439643317608e+01
6.84117756150518e+01
8.51301762501006e+01
8.91781280723270e+01
2.65134191690021e+01
2.55408101099288e+01
2.57276753993228e+01
2.73264717884320e+01
4.78156009510268e+01
4.43335607449359e+01
3.76748350071939e+01
4.29035109302108e+01
5.95492524796252e+01
7.02666068486273e+01
8.11516820970733e+01
9.47564278282345e+01
8.86313879650913e+01
8.28037968901358e+01
7.69505337665102e+01
5.98269858202143e+01
4.63161563766123e+01
4.19119427376211e+01
5.17045361435729e+01
6.20025342213095e+01
2.80039203029858e+01
2.77614091061492e+01
2.79106627764547e+01
2.84037311657704e+01
2.76436021278944e+01
2.79372473843916e+01
2.93726222750691e+01
2.97986364375159e+01
2.98231604008754e+01
3.02228512398902e+01
3.37474276598131e+01
4.18279559511628e+01
4.80071914377877e+01
5.17526043135222e+01
5.42077406616477e+01
5.62472234932472e+01
5.82367845421471e+01
1.25206330402462e+01
2.09880097764955e+01
1.15958825375216e+02
6.14914034626620e+01
9.29513380640159e+01
1.65833072646980e+02
4.54913950529878e+02
1.06809100872708e+01
9.52235941361957e+00
5.03010778138715e+01
4.80474400681123e+01
3.81025082042538e+01
3.24100821097044e+01
4.10859908774621e+01
4.33686852939339e+01
1.04937067243226e+01
1.01168427015500e+01
1.01993513654746e+01
1.08443348951471e+01
1.55070103061968e+01
1.76888854535969e+01
2.45825286141943e+01
2.90705102795999e+01
3.36754991824442e+01
3.94352981924227e+01
3.69791104449101e+01
3.46573881904538e+01
3.23299448010227e+01
2.52360259930785e+01
1.97281064580711e+01
1.80321948739513e+01
2.24618654730224e+01
2.72561359436189e+01
4.71743754507341e+01
5.78246387049970e+01
1.11057973409710e+01
1.10206293599225e+01
1.10912403631714e+01
1.12994930332613e+01
1.10093151394728e+01
1.11419854165210e+01
1.17336758957771e+01
1.19206963436927e+01
1.19439956375990e+01
1.21223387513356e+01
1.35591925216341e+01
1.68348332380464e+01
1.93525333692889e+01
2.08940106226461e+01
2.19242145546642e+01
2.27855994313420e+01
2.36390907222434e+01
2.29214170140230e+01
2.23274020783373e+01
4.30859647571751e+00
8.08762897454457e+00
2.25214061991734e+01
3.11623117735291e+01
6.04725783800520e+01
1.85851787104684e+02
1.74112678356742e+02
6.18756092063798e+01
3.67982237385247e+00
3.28567467280230e+00
1.45681948599838e+01
1.25087132318856e+01
1.60558882708194e+01
1.69676254299979e+01
2.65499334952279e+01
3.61978526138217e+00
3.49379372692899e+00
3.52571172846111e+00
3.75063278881553e+00
8.69205156620450e+00
1.02671577141793e+01
1.18973626763077e+01
1.39390316904852e+01
1.30934676473139e+01
1.23005536624691e+01
1.15055039157196e+01
9.01376494101545e+00
7.10845848438435e+00
6.54801212097714e+00
8.19401957218223e+00
1.00191919036341e+01
1.74026285274763e+01
2.14365114095290e+01
2.08644452345184e+01
2.25197999299304e+01
3.83713449946358e+00
3.81151153968087e+00
3.83993981977146e+00
3.91541309699275e+00
3.81921475412759e+00
3.86847387032665e+00
4.07728714045343e+00
4.14647206326620e+00
4.15748875439728e+00
4.22191884989895e+00
4.72147173832373e+00
5.85903588987833e+00
6.73776218495225e+00
7.27761087187999e+00
7.64285327444507e+00
7.94985126824500e+00
8.25549955561126e+00
8.02743534191248e+00
7.83866996746882e+00
6.84948514918812e+00
7.04718627881520e+00
1.56382845902081e+00
3.11701035607985e+00
6.89492960688127e+01
2.75902670208290e+01
2.76420165285427e+01
1.33550927420424e+00
1.19170923397530e+00
9.94415562897004e+00
1.18967289869625e+01
9.69485759075666e+00
1.63381191649656e+01
4.60993065891796e+01
1.31382728901840e+00
1.26735792457060e+00
1.27870572586986e+00
1.36162043479979e+00
4.91374222828405e+00
4.63200016520297e+00
4.35252482644092e+00
3.42795332915272e+00
2.73233189830557e+00
2.53455612337063e+00
3.18726395551236e+00
3.92189070038288e+00
6.86091490590523e+00
8.51417970121637e+00
8.36734065491157e+00
9.11335722606256e+00
6.72943754622211e+00
6.20146756218582e+00
6.47327475460740e+00
6.36513645165677e+00
1.39360984582297e+00
1.38496565880413e+00
1.39635442576429e+00
1.42549812435906e+00
1.39219471532064e+00
1.41289289029474e+00
1.49257276596227e+00
1.51955315204057e+00
1.52438632231131e+00
1.54933486208603e+00
1.73446275011588e+00
2.15258360162473e+00
2.47733832546073e+00
2.67796174402249e+00
2.81565235932412e+00
2.93309536334003e+00
3.05305497931064e+00
2.98225039787954e+00
2.91910733093603e+00
2.55684988360669e+00
2.62943857548666e+00
2.93735026552258e+00
3.18723746176206e+00
3.37406462756896e+00
3.92623786580593e+00
9.54690271462314e-01
2.08853316103173e+00
2.61663328117264e+01
8.16044795492692e-01
7.29421307967570e-01
6.83632204360554e+00
8.25075380216647e+00
6.74981476756001e+00
1.18848536378365e+01
3.50399348447318e+01
5.37012580952269e+01
3.76963296356598e+01
8.04270596177979e-01
7.76575798890637e-01
7.84089675666430e-01
8.35489585822408e-01
1.76134892907053e+00
1.65065081062096e+00
2.09357723036847e+00
2.60284480997009e+00
4.58823577103257e+00
5.71226192334267e+00
5.64671083084713e+00
6.18485089813969e+00
4.58158720537705e+00
4.31552351726888e+00
4.58736890367049e+00
4.57028344422310e+00
8.54445984148173e-01
8.50060193332126e-01
8.57863713356040e-01
8.76508353395690e-01
8.56825396278397e-01
8.70904651413240e-01
9.21942205683219e-01
9.40159183459342e-01
9.43583498060251e-01
9.60264204474725e-01
1.07632717775540e+00
1.33734393769781e+00
1.54021957751004e+00
1.66536606659341e+00
1.75262630322311e+00
1.82619978486075e+00
1.90370229682448e+00
1.86833871013240e+00
1.83364395999311e+00
1.61221713918080e+00
1.65814014274030e+00
1.85136377230538e+00
2.00788866992472e+00
2.13012375279512e+00
2.47881827812728e+00
2.62622912338459e+00
2.69813684476493e+00
2.78037437640707e+00
2.68319738101754e+00
6.15704648455054e-01
1.64212505274546e+00
2.69589419698600e+01
5.27003255454589e-01
4.72236352492259e-01
5.42921627332790e+00
6.65147709903218e+00
4.82170219704307e+01
3.50140478444249e+01
5.20576565167901e-01
5.03607607278450e-01
5.09286043143133e-01
5.43204427511385e-01
3.29860385403491e+00
4.12726114667561e+00
4.10648474729026e+00
4.52674649907823e+00
3.37414404603523e+00
3.22303055930482e+00
3.46850655551196e+00
3.49365797560798e+00
5.49178379613971e+00
8.51747544175472e+00
1.91988882349916e+01
5.54595302808093e-01
5.52597760554694e-01
5.58468604946541e-01
5.71259954055294e-01
5.59171160543447e-01
5.69084135210063e-01
6.03352433203227e-01
6.16292037418786e-01
6.19232786028208e-01
6.31103153425536e-01
7.08241531092418e-01
8.81111241630634e-01
1.01613739703843e+00
1.10000217044748e+00
1.15950909327923e+00
1.20966923086853e+00
1.26326424526849e+00
1.24429755657042e+00
1.22474330070648e+00
1.08088902606247e+00
1.11369130188318e+00
1.24545654683492e+00
1.35290492512625e+00
1.43974684758650e+00
1.67894573066180e+00
1.78168480955326e+00
1.83473713300243e+00
1.89567032105522e+00
1.83613449138846e+00
1.62281817873455e+00
1.53208793816819e+00
1.66037331161983e+00
1.70214069102756e+00
3.02981128311822e-01
8.39587405255102e-01
1.56278901189396e+01
2.59598444274949e-01
2.32727719801180e-01
2.80474979695662e+00
3.47746608437618e+00
2.56443717269162e-01
2.48286442914905e-01
2.51318567100449e-01
2.68181957684576e-01
2.26957343857128e+00
1.70253989462343e+00
1.62391114395339e+00
1.75185591579797e+00
1.77250299576589e+00
2.86949420780106e+00
4.46860505857609e+00
1.01203237174681e+01
1.66736378973978e+01
1.78954763718956e+01
2.73544426339727e-01
2.72727063067742e-01
2.75905754280813e-01
2.82445884160253e-01
2.76803600321601e-01
2.81718954972519e-01
2.98452326388137e-01
3.04724660201417e-01
3.06265163608167e-01
3.11854698268995e-01
3.49173523627564e-01
4.32886595588162e-01
4.98887492492176e-01
5.40138863119609e-01
5.69445969248851e-01
5.94791286993281e-01
6.21401682505697e-01
6.12386604497720e-01
6.03446336475080e-01
5.33119996848829e-01
5.49172392002762e-01
6.13140025682229e-01
6.65822544843164e-01
7.08029800096924e-01
8.25389159134736e-01
8.78343292106086e-01
9.06392389381987e-01
9.39022793354965e-01
9.11231927925970e-01
8.06453588795224e-01
7.61774593575260e-01
8.25045424677275e-01
8.44460258756132e-01
1.18298393137991e+00
1.39848738067261e+00
1.46413142657981e+00
