1.07162246454074e+02
8.88092436302757e+01
6.64102187410526e+01
7.96680266592560e+01
9.27179319325445e+01
9.26696134600164e+01
9.55082631066777e+01
1.93913135043882e+01
1.22452150704876e+01
1.29508471175677e+02
1.36875018983260e+02
8.77607493966910e+01
6.73875061018329e+01
6.94923206273490e+01
6.45081881442273e+01
5.69566910279889e+01
6.43222283521898e+01
2.15579713771451e+01
6.15376680640198e+01
5.59579036668787e+01
5.54455484119099e+01
6.27624008353349e+01
6.95704730985607e+01
7.66152957286711e+01
7.62651283036366e+01
6.42635780300762e+01
5.89568550012054e+01
6.12927867463301e+01
6.03770565078435e+01
6.62867253452100e+01
6.64770499923696e+01
5.82058757430365e+01
6.41294779942279e+01
6.52591156510488e+01
4.98005884741941e+01
3.41058027404555e+01
2.47656617649226e+01
2.00438430494645e+01
6.36170654434681e+01
7.33891262463116e+01
8.14322464463777e+01
9.42474556585814e+01
1.07843659317433e+02
1.14532113211873e+02
1.25219440537956e+02
1.34583827013657e+02
1.38984323551676e+02
1.31087428830721e+02
1.15953999912210e+02
9.92450653236777e+01
8.24323213413843e+01
7.25548285701456e+01
6.01702717901848e+01
4.63416448012805e+01
2.88594239486469e+01
8.90683358865307e+00
8.11181318508193e+00
4.59438826946367e+00
6.06715954925059e+00
-7.23964292255570e-01
-9.85732687580567e-01
6.90932201636145e+00
7.57925441808116e+00
8.44048504607588e+00
9.57345701351465e+00
9.44318494341200e+00
5.57982410260006e+00
1.77525310228848e+00
2.92208449902983e+00
3.72335402202268e+00
-4.59848077928741e-02
3.86947804339248e+00
3.39416165781025e+00
3.16153578147667e+00
2.50990147674034e+00
1.77536015845162e-01
-1.05757757161119e+00
2.78664868511742e-01
1.71876466144572e+00
3.79809106965992e+00
4.39727776034167e+00
1.34556963730205e+00
-9.01233871317848e-01
-7.28103813782598e-01
1.80883618728819e-01
2.36139613037986e-01
-4.47746727071757e+00
-3.27970933055089e+00
-2.94974573881057e+00
-2.73666196299804e+00
-4.12405266206946e-01
7.96031299408479e-01
1.84921825265446e+00
1.13020722816381e+00
-1.20420380582130e+00
-2.26493179997918e+00
-1.54660229439697e+00
-8.32653917234497e-01
-9.76062351012106e-01
-4.31373034664428e-01
-1.01856519988232e+00
-9.15699387533284e-01
1.21959452807041e+01
-1.88999739554254e+00
1.08639258423950e+00
2.60201889663954e+00
1.99863955717258e+00
1.20086300359631e+00
1.60803514319577e+00
1.59590216434955e+00
2.36564423593999e+00
3.28137778801526e+00
2.92850934979453e+00
2.39010494737003e-01
-3.33438113298060e-01
8.08360488664411e-01
7.06994750024402e-01
-2.61686587591312e-01
-2.64511042094007e-01
1.41477934396127e+00
1.13430037592573e+00
9.30126850529979e-01
3.30744198315575e-01
-1.80353368080390e+00
-2.99287519656611e+00
-1.75408820120211e+00
-4.47250133321135e-01
1.47697188927794e+00
2.09592851317022e+00
-7.93713294602241e-01
-1.27377898575595e+00
2.39108696717373e+00
2.09471708753196e+00
6.30037510399107e-02
1.70181740328811e+00
-1.29103861732670e+00
-1.46774269152103e-01
-2.24369243277761e-01
-7.20856347352446e-01
-5.66539914751847e-01
-3.02413940710880e+00
-4.50841127829402e-01
-3.62455451041656e-01
8.40276597274637e-02
1.26721807434222e-01
5.16767981546222e-01
-6.17704895719710e-02
-1.20604054345613e+00
-5.98337187669001e-01
-1.16065492970329e+00
-1.00458582755388e+00
7.41328989133321e-01
5.70554960605738e-01
3.95056416434630e-01
-1.60186299716025e-01
-2.17130941418262e+00
-3.31132328906752e+00
-2.07290054963997e+00
-8.07513246305524e-01
-2.05350809424620e+00
-5.27336796091804e-01
-2.86759832066465e-01
1.99441122899687e-01
7.45138855968736e-01
5.08656038951062e-02
-3.57110335671571e-01
-5.30308402472750e-01
1.06974068267034e+00
1.70390853624322e+00
5.07846529146828e-01
-1.64821579016532e+00
-4.02595977525061e+00
-5.39078763738451e+00
-6.30375082931887e+00
-7.24798882063710e+00
-9.28095621123718e+00
-8.63595283422853e+00
-9.05099495676787e+00
-9.15800562729509e+00
-7.19533361717927e+00
-6.34784232886322e+00
-5.38572216648666e+00
-5.65490606259099e+00
-7.24526428677533e+00
-7.43168219727978e+00
-5.73681380195015e+00
-4.43827290689018e+00
-3.92578415180171e+00
-2.67399340735821e+00
-2.68276928192205e+00
-2.05394200255480e+00
-1.38208648697577e+00
-1.23623963452695e+00
1.71826019624003e+00
-6.12972154782560e-01
-2.94195732644264e+00
-1.01628211605486e+01
-2.90501246936097e+00
-4.34074670656409e-01
-3.24459496644161e-01
-1.95952867735651e-01
2.27543672779630e-01
-2.70046504703566e-01
-1.30538278147743e+00
-5.55143538982804e-01
-9.80834759309673e-01
-7.43212996683210e-01
1.01046939764267e+00
9.10351621910044e-01
7.61519291316003e-01
2.33099976034636e-01
-1.71390526715123e+00
-2.80149148794995e+00
-1.50372433605400e+00
-1.94297435260984e+00
-4.63364843053016e-01
-2.45057644664923e-01
-5.56968934161629e+00
-7.11391301419453e+00
-7.27847192664322e+00
-5.57681728846946e+00
-4.27963549615873e+00
-3.76723987424880e+00
-2.54978137562035e+00
-2.57222298017676e+00
-1.96235677035701e+00
6.21678908017608e+01
7.68166613209359e+01
1.02016198190784e+02
1.30131775514918e+02
1.37610665198086e+02
1.46446838524003e+02
1.59332746183073e+02
2.66362399512531e+02
1.54127800359038e+01
1.50292344788426e+02
1.19997307912251e+02
1.25463681735213e+02
1.17526736209962e+02
1.05954035593998e+02
1.18852457344277e+02
1.28140063464125e+02
1.16080747378623e+02
2.21257497381317e+01
1.59632902993665e+01
1.10322010767373e+02
1.24289847235057e+02
1.37320330589986e+02
1.50368406741578e+02
1.50067473074091e+02
1.29404477894187e+02
1.19626070718571e+02
1.23615427580541e+02
1.21531619047169e+02
1.31832226454733e+02
1.33016639750139e+02
1.18254591932620e+02
1.27793252804563e+02
1.31320250639046e+02
1.32645350931560e+02
1.38737594451782e+02
5.49155877784594e+01
4.45029798342472e+01
3.48603064374006e+01
2.53582354871364e+01
1.77179826639894e+02
2.03382964481931e+02
2.32302385742180e+02
2.46747092501576e+02
2.67465402700789e+02
2.86716836890052e+02
2.95588542448834e+02
2.80129918208594e+02
2.50816071111773e+02
2.16500235457264e+02
1.79777573098326e+02
1.57928323079434e+02
1.31540662389713e+02
1.01114111504872e+02
7.56113206712653e+01
5.28405983673615e+01
1.71022627499251e+02
9.04974337093544e+01
4.32744745561335e+01
6.96086223331321e+01
9.77974283194238e+01
1.11619765161001e+02
1.25611568906316e+02
1.37361298362479e+02
2.42618649809031e+02
1.69648726049874e+02
1.18304575507363e+02
1.99728707379767e+01
1.30158567769910e+02
1.24486887093648e+02
1.13419037277252e+02
1.28178644073112e+02
1.40852721672478e+02
1.29583572356567e+02
1.16719751567966e+02
1.14910009312022e+02
2.81926111413783e+01
2.03990481052778e+01
1.57184404488111e+02
1.73311475512835e+02
1.74477899798794e+02
1.51769579814071e+02
1.40913216523451e+02
1.45742844930900e+02
1.43561708673416e+02
1.56079862194599e+02
1.58351112456109e+02
1.41669965743149e+02
1.53253565975337e+02
1.58427185685682e+02
1.61322900543724e+02
1.70040796450690e+02
1.55296943870639e+02
1.58947355465626e+02
6.98484319137077e+01
5.66944856324024e+01
4.42820568405479e+01
3.22519213684213e+01
2.87481034246157e+02
3.05864069457207e+02
3.31674794551937e+02
3.56192276003478e+02
3.67936087780667e+02
3.49868428090386e+02
3.14572262690725e+02
2.72419352196770e+02
2.26555931708753e+02
1.99312029287256e+02
1.66415816895562e+02
1.28098917072429e+02
9.61595764192235e+01
6.73555342004287e+01
2.70689676584434e+02
1.57250893203275e+02
1.15302058974339e+02
7.12044958211715e+01
7.06907310052744e+01
5.59718999520350e+01
8.80057379734802e+01
9.62075421154172e+01
1.81816788897855e+02
1.41941298289725e+02
1.04933571685154e+02
1.15479824598858e+02
1.29315777873954e+02
2.30299036188006e+01
1.09222456273996e+02
1.24578324945909e+02
1.38509887073332e+02
1.28621616182971e+02
1.16868671188897e+02
1.16163793809262e+02
1.37799532123032e+02
1.79307615779721e+02
3.22196466314246e+01
2.33662369725037e+01
1.81371796324472e+02
1.58872791879763e+02
1.48274094922455e+02
1.53775860741755e+02
1.52012967770681e+02
1.65846322445867e+02
1.68936568200393e+02
1.51794086499368e+02
1.64795596958562e+02
1.71461220932401e+02
1.75747462440196e+02
1.86443608602737e+02
1.71801995538875e+02
1.76393151224589e+02
1.96275857388575e+02
2.51342886177518e+02
7.95819538418345e+01
6.46787179818366e+01
5.04868192319491e+01
3.68162783374947e+01
3.69316007741061e+02
3.97444371109702e+02
4.11405304726083e+02
3.92159928304549e+02
3.53699256945482e+02
3.07153033573285e+02
2.55965123038333e+02
2.25588690066550e+02
1.88773896738114e+02
1.45551507532190e+02
1.09549270916452e+02
7.68779162674104e+01
1.97559188647996e+02
1.45992962501296e+02
9.57750451193196e+01
1.05089751082107e+02
1.00420142712928e+02
8.25049417438794e+01
7.30587778203067e+01
1.26869454303354e+02
1.23463735292870e+02
1.01529504103111e+02
1.14661214121089e+02
1.32930680534947e+02
1.10504452046968e+02
1.16064919472438e+02
4.82236206276098e+01
1.44980197295183e+02
1.35860575859498e+02
1.24299498965213e+02
1.24464210367870e+02
1.48217687102339e+02
1.93918685339505e+02
2.07743526945687e+02
1.95459384504673e+02
5.83806509308081e+01
1.63741847340079e+02
1.69678422085407e+02
1.67887377383490e+02
1.83609212468477e+02
1.87784863872297e+02
1.69464822766512e+02
1.84621260483418e+02
1.93458856914601e+02
1.99869111983276e+02
2.13617870631611e+02
1.98777451809761e+02
2.04431881079508e+02
2.27186440642880e+02
2.90010674610145e+02
3.83362219476080e+02
4.70437360823458e+02
9.45251792229818e+01
7.69150175407884e+01
5.99891532055404e+01
4.78446344628781e+02
4.57425100758182e+02
4.14044948499126e+02
3.60663661227310e+02
3.01224143287967e+02
2.66024044256987e+02
2.23172011016740e+02
1.72396146920237e+02
1.30140548131647e+02
9.15056841146313e+01
3.85511831262888e+02
2.34750315037294e+02
1.78812517352715e+02
1.24513508231525e+02
1.46372274969733e+02
1.52592884093284e+02
1.39267247124811e+02
1.25592107342595e+02
9.67322457442761e+01
1.09415844537077e+02
1.34709062874698e+02
1.14958665665430e+02
1.19740728855096e+02
1.52282705544933e+02
1.53015751468075e+02
3.30330061071126e+01
1.32175083525619e+02
1.33054912189826e+02
1.58663828506856e+02
2.08782136700527e+02
2.25600768967417e+02
2.13032503090354e+02
2.04286775734987e+02
1.63924441225748e+02
4.52948420821106e+01
3.30619000057109e+01
1.83067860486036e+02
2.00730950987052e+02
2.06188164349445e+02
1.86814492639831e+02
2.04426884978991e+02
2.15841441824310e+02
2.24943062907077e+02
2.42262081368259e+02
2.27220836105288e+02
2.33779114614602e+02
2.59293669251508e+02
3.29769431881824e+02
4.35280964523372e+02
5.35356295296332e+02
6.24967236772627e+02
5.98941955401097e+02
1.11151481578651e+02
9.05568683782763e+01
7.06200885854001e+01
5.16579103605690e+01
4.79300163382200e+02
4.18846842479993e+02
3.50682671964877e+02
3.10478209407500e+02
2.61186255870323e+02
2.02217014975192e+02
1.53113824626116e+02
1.07866317475021e+02
3.61461828578292e+02
1.13973049359937e+02
1.33643684263764e+02
1.41044657968240e+02
1.30047321850560e+02
1.19223659045293e+02
1.14200879206184e+02
1.18778347027999e+02
6.78096106847797e+01
1.20326555466697e+02
1.10065700209085e+02
1.17724424666447e+02
1.54231783032335e+02
1.55466624742620e+02
1.35077164913080e+02
1.35091026448586e+02
3.81066362172986e+01
2.83418555743094e+02
1.89530887950660e+02
1.64950331951284e+02
2.18525606742006e+02
2.37984646693552e+02
2.24941512980300e+02
2.15882026869044e+02
1.73648638609518e+02
1.55850929620264e+02
2.22854623420959e+02
5.18346215162545e+01
3.79581246800449e+01
2.18192060668293e+02
1.98258259113955e+02
2.17824602367179e+02
2.31607623589059e+02
2.43306182801829e+02
2.63918207841786e+02
2.49302781028942e+02
2.56956437291228e+02
2.84971145833867e+02
3.61797074729325e+02
4.77637535740002e+02
5.89101261142359e+02
6.90446598707058e+02
6.64265435122844e+02
6.18543828909843e+02
5.80424332746279e+02
1.26618490895675e+02
1.03313445478078e+02
8.06113473786628e+01
5.90780566138673e+01
3.95197627122730e+02
3.50857166578811e+02
2.96011682384896e+02
2.29746455481197e+02
1.74475628936342e+02
1.23170397382853e+02
4.20366630391354e+02
1.78133088539842e+02
1.69828616832882e+02
1.63998173383051e+02
1.68063438022475e+02
2.16989041955522e+02
1.22126024571137e+02
8.67483936349875e+01
2.13294374359004e+01
5.18706679593591e+01
9.49831143253026e+01
1.42933038948477e+02
1.47991771904169e+02
1.31050100801090e+02
1.36504084398095e+02
1.46058327192364e+02
2.04016914550994e+02
3.92832566479098e+01
3.33139848830161e+02
2.26357114631203e+02
1.66019862089948e+02
1.52612507176494e+02
2.45366368690313e+02
2.28420308871417e+02
2.15242269563139e+02
1.72135440155533e+02
1.54219081201623e+02
2.18802290216249e+02
2.32682162007380e+02
1.90281817277911e+02
5.32898862007338e+01
3.90627417357491e+01
2.09157472636300e+02
2.22284105473153e+02
2.33433777033581e+02
2.53423937492685e+02
2.40249367683394e+02
2.49453772773411e+02
2.78588527503945e+02
3.55821811801223e+02
4.71958757542731e+02
5.83623354469940e+02
6.85856752381977e+02
6.61703273732409e+02
6.18192766223140e+02
5.82160098722024e+02
5.13385794361129e+02
4.96614531837730e+02
1.29361249808954e+02
1.05815670801958e+02
8.27156731206448e+01
6.07230589714568e+01
3.00752361324305e+02
2.33957431800978e+02
1.78097864064351e+02
1.26029779643363e+02
4.77619433505692e+02
2.01723079529563e+02
2.09696542500574e+02
2.82502045621392e+02
1.55634423257448e+02
1.17127588134427e+02
1.69707907556198e+02
1.52895040410432e+02
9.74493199645650e+01
7.76211318561758e+01
1.02743094417391e+02
1.06023325868233e+02
1.27244380972201e+02
1.48306043563619e+02
2.16050628758399e+02
2.75018537312476e+02
2.50271800233513e+02
7.01692190487696e+01
4.12186028329506e+01
3.81275954670036e+02
2.61722346588873e+02
1.93957666946064e+02
1.78985965577787e+02
2.03385125591817e+02
2.08305447174583e+02
2.28408590297912e+02
1.81774349716034e+02
1.61624560732873e+02
2.25718780873743e+02
2.36983484659712e+02
1.90954155196489e+02
1.84651913375499e+02
1.91327735181892e+02
4.09009314610922e+01
2.28900986878575e+02
2.47890744174007e+02
2.35336043591807e+02
2.45971365014054e+02
2.76478702444171e+02
3.54996126878126e+02
4.72870329690919e+02
5.86423979221296e+02
6.91446624001810e+02
6.69330191393959e+02
6.27600922311662e+02
5.93217008200761e+02
5.24687904000899e+02
5.08853144787951e+02
4.50570016103639e+02
3.47625818290351e+02
1.34426177717165e+02
1.10281263657688e+02
8.63818896262851e+01
6.35348544643003e+01
1.84917270874956e+02
1.31193782867595e+02
5.16419278602540e+02
3.25684827948922e+02
1.74211709894998e+02
1.25260995038468e+02
1.93434232374782e+02
1.94363414317906e+02
1.40745437475010e+02
1.05612313006878e+02
8.45944737032263e+01
1.38479996376557e+02
2.66801538211548e+02
3.38046897777004e+02
3.13994243514808e+02
2.98782605758992e+02
2.64073407398851e+02
4.49933654674872e+01
4.14716117067537e+02
2.87232172976513e+02
2.14501788039739e+02
1.98140570790211e+02
2.26460149923844e+02
2.34150673497819e+02
2.30255820552448e+02
2.34076900275541e+02
1.98844089372515e+02
2.69868007830244e+02
2.74671621453602e+02
2.13833467211370e+02
2.03481228041914e+02
2.08462563955114e+02
2.49901127219268e+02
2.64126448794652e+02
6.07063600421004e+01
4.45558409442806e+01
2.44572468741547e+02
2.56640013595235e+02
2.89588763626400e+02
3.72548893373800e+02
4.97505977281514e+02
6.17459595733727e+02
7.29125562620648e+02
7.07111528183950e+02
6.64994782391524e+02
6.30824882021390e+02
5.59684812334651e+02
5.43818681177366e+02
4.82797097093652e+02
3.73352342397953e+02
2.84315875305300e+02
2.00424522100280e+02
1.45609253910126e+02
1.19756503223159e+02
9.39624361763794e+01
6.91937885597676e+01
5.40646182197737e+02
1.90505947111104e+02
1.35604280616230e+02
2.11503151303785e+02
2.27856554476354e+02
1.74166355169941e+02
1.59714757837514e+02
1.63406316023840e+02
1.64082739207602e+02
2.55873761714589e+02
3.41678159988198e+02
3.26360789471792e+02
3.18037795896525e+02
2.83131099313468e+02
1.86660764576710e+02
7.88586625225697e+01
4.65154827188324e+01
4.35094252155181e+02
3.02094606790507e+02
2.26632496856402e+02
2.10612001074670e+02
2.41540799979207e+02
2.50969509987250e+02
2.48400811227825e+02
2.54123761076967e+02
3.12387963500922e+02
2.83503865764632e+02
2.89131404944255e+02
2.23448104162550e+02
2.10501233734305e+02
2.13898384768248e+02
2.54864507819915e+02
2.67674004919194e+02
2.30580896358996e+02
4.60092713210917e+01
2.57446813317516e+02
2.90288577180814e+02
3.72857722474526e+02
4.98128350130674e+02
6.19931904854926e+02
7.34672187918980e+02
7.14694662646646e+02
6.73725422670466e+02
6.40226061004009e+02
5.68638889025008e+02
5.54063540751956e+02
4.92815947006259e+02
3.81785963270833e+02
2.91299604151772e+02
2.05521468709685e+02
1.49539028894342e+02
1.23207370722476e+02
9.68139577049935e+01
7.14162747535248e+01
5.66989920265174e+02
1.48746178228906e+02
2.33586850670544e+02
2.62857319046234e+02
2.10770731720900e+02
2.41408895918240e+02
2.19090863299094e+02
1.25595409601043e+02
2.13970389372402e+02
3.08895259818216e+02
3.09981227385236e+02
3.14456957303698e+02
2.85739389823208e+02
1.90466026834631e+02
2.46363437512268e+02
4.76711422354350e+01
4.57303266225972e+02
3.18569904427177e+02
2.40049708874249e+02
2.24168240213319e+02
2.58200011537777e+02
2.69743304650007e+02
2.68698989332973e+02
2.76620325012568e+02
3.41873519199610e+02
2.90715233958176e+02
2.96263282462033e+02
2.28126079789596e+02
2.13781601858330e+02
2.16081328232115e+02
2.55664677177502e+02
2.67073516622218e+02
2.29052619997750e+02
2.50225029568127e+02
6.40791830436075e+01
4.70938651202401e+01
2.88472328448614e+02
3.70200419160072e+02
4.94943905932481e+02
6.17356756782089e+02
7.33795881898038e+02
7.15775093800258e+02
6.76378429680426e+02
6.44067130887809e+02
5.72892046292127e+02
5.59572223669999e+02
4.98678906587641e+02
3.87017930231833e+02
2.95873174512572e+02
2.09006705745704e+02
1.52308432169381e+02
1.25697489504547e+02
9.89030423328150e+01
7.30597300910295e+01
5.93721628539965e+02
2.54568436888787e+02
2.93109024430644e+02
2.43627107404084e+02
2.57830794549190e+02
3.09739229263577e+02
3.03160339046780e+02
2.33965976065476e+02
2.50653180225837e+02
2.69316895105874e+02
2.89194155084371e+02
2.71874380299394e+02
1.86508585934062e+02
2.45219715188153e+02
3.42486974112351e+02
4.85372991020917e+01
4.79919384873081e+02
3.35566628662934e+02
2.37898853268484e+02
2.75205138539093e+02
2.89039417622603e+02
2.89534248494663e+02
2.99651553566597e+02
3.72379522697716e+02
3.19191969899724e+02
1.92583984251586e+02
2.28203806641466e+02
2.13621744839546e+02
2.15537248737668e+02
2.53186295685003e+02
2.63241273046248e+02
2.25266863199326e+02
2.46390958390054e+02
2.60088660346506e+02
6.51161269139588e+01
4.78960223296351e+01
3.54697608316325e+02
3.65520895165166e+02
4.89286382903195e+02
6.11368209427638e+02
7.28341170806616e+02
7.12024862449556e+02
6.74430886281338e+02
6.43687899984988e+02
5.73640266388265e+02
5.61496686789469e+02
5.01387551953927e+02
3.89825140574058e+02
2.98600066397783e+02
2.11265977903801e+02
1.54191781389859e+02
1.27449643655195e+02
1.00410075783902e+02
7.42587929263235e+01
6.15313265906259e+02
1.71929020582082e+02
3.09583529116096e+02
2.64933848064013e+02
2.82352292086361e+02
3.53332496661442e+02
3.68706783986274e+02
3.06054118937391e+02
2.34578451702734e+02
2.33881495703949e+02
2.65319759881301e+02
1.89135938268897e+02
2.55592868674619e+02
3.53574612418933e+02
2.44841451366154e+02
4.97656413020569e+01
4.98443416280212e+02
3.49906287634299e+02
2.89357179657371e+02
3.05342708170785e+02
3.07093238074510e+02
3.18871615945826e+02
2.24800745373935e+02
2.19071583539198e+02
2.20715249283398e+02
2.55235444129627e+02
2.63153837397837e+02
2.25105365987287e+02
2.46720667274397e+02
2.61014016602288e+02
2.61083783210109e+02
6.66332186945256e+01
4.90513495667917e+01
3.70116593172565e+02
2.94120509638504e+02
4.91179343868673e+02
6.13613492392056e+02
7.31287825214193e+02
7.15428741238859e+02
6.78921756061417e+02
6.49522799844164e+02
5.80115538010899e+02
5.68508918432842e+02
5.08559962376047e+02
3.96008408139648e+02
3.03876602191638e+02
2.15437920228565e+02
1.57455034593116e+02
1.30306083798426e+02
1.02752816858064e+02
7.60245516909221e+01
6.21296085089467e+02
2.52015014645299e+02
2.59311455793844e+02
2.75888708238817e+02
3.52369666379025e+02
3.80442527092387e+02
3.30046955729820e+02
2.64415569887746e+02
2.17457274688253e+02
2.98277626632146e+02
2.91384863363930e+02
3.09312490032842e+02
4.16474284987177e+02
2.83075324283637e+02
2.51886929400775e+02
5.27975811593413e+01
5.04137324790824e+02
3.54893983340392e+02
3.12003637247687e+02
3.14376865930885e+02
3.26663888415481e+02
2.08372114585436e+02
2.20179512798736e+02
2.82136319235677e+02
2.49858141560489e+02
2.80759846610765e+02
2.84091434871984e+02
2.41125557470230e+02
2.63378883232187e+02
2.78071787415010e+02
2.76993690506525e+02
3.37243212512557e+02
7.05615009958500e+01
5.19684914256258e+01
3.75679005671879e+02
2.98873953120402e+02
2.83702569391609e+02
6.42825873812714e+02
7.65336770655746e+02
7.48383692926067e+02
7.10919368773722e+02
6.81300571046013e+02
6.09383100590451e+02
5.97646078479675e+02
5.35383838743146e+02
4.17368536482893e+02
3.20772516588179e+02
2.27803225761005e+02
1.66665671294258e+02
1.38051823708858e+02
1.08917972254252e+02
8.05806103602520e+01
6.22235883169210e+02
2.59839867058275e+02
3.32721315006623e+02
3.61111790616717e+02
3.18868734410920e+02
2.65452527782339e+02
2.24753903264466e+02
2.71962504464848e+02
3.14662063238139e+02
2.65378059445629e+02
3.72308943138604e+02
4.96257061146393e+02
3.36148036093085e+02
2.98189322505772e+02
2.91938107716139e+02
5.66434272787092e+01
5.05495956620333e+02
3.56386183725187e+02
3.18191120675655e+02
3.30771838491541e+02
4.12605575806117e+02
3.56344760696745e+02
2.07432553189160e+02
2.10848764228298e+02
2.66490477354438e+02
2.60963455072250e+02
3.18677276677034e+02
3.16065525315178e+02
2.65161878932096e+02
2.87541990780404e+02
3.02179345836060e+02
2.98223859934776e+02
3.59901531040451e+02
5.58118866480529e+02
7.55200957779965e+01
5.56543829599096e+01
3.77696919925341e+02
3.00842659914215e+02
2.85823301799863e+02
2.88496806667985e+02
8.08505335906308e+02
7.90991043317526e+02
7.52378437780264e+02
7.22081523148544e+02
6.46370056989470e+02
6.34990749635511e+02
5.69756932899134e+02
4.44737806772119e+02
3.42446159621510e+02
2.43468875449325e+02
1.78303196051607e+02
1.47832194542401e+02
1.16701143283761e+02
8.63538240912290e+01
6.19416665179193e+02
3.02473812749698e+02
3.24233448610886e+02
2.86482969007552e+02
2.43986432930289e+02
2.11925668755341e+02
2.62646471181154e+02
2.86072365839496e+02
3.34519982384618e+02
4.69727268995417e+02
6.17599779305474e+02
4.18844339799604e+02
3.70138534279050e+02
3.57590905391329e+02
3.51388201034290e+02
6.14367920231897e+01
5.03695522808505e+02
3.55493076707801e+02
3.32534390250620e+02
4.14127530492908e+02
3.57457869412795e+02
2.05238883424379e+02
2.00726322131356e+02
2.49455142859342e+02
2.42045708401908e+02
2.32001247305429e+02
3.66538734759800e+02
3.02516529644529e+02
3.24539984903911e+02
3.38439541660374e+02
3.29025619054764e+02
3.91516660362852e+02
6.01287018339098e+02
8.32630233289696e+02
8.16995309212571e+01
6.02506208137422e+01
3.77210369980584e+02
3.00818449267871e+02
2.86003949417947e+02
2.89046402856891e+02
3.10086467581205e+02
8.48104544755781e+02
8.07400714691523e+02
7.75601681125767e+02
6.94414143000835e+02
6.83512451835382e+02
6.14250607618318e+02
4.80053940678481e+02
3.70318138631299e+02
2.63449235500969e+02
1.93054774540096e+02
1.60159424863480e+02
1.26478671252230e+02
9.35815321990290e+01
6.35441212334582e+02
3.30919133957570e+02
2.94995433421279e+02
2.58840205096378e+02
2.34872080680072e+02
3.14174507198628e+02
3.83233983553047e+02
3.34322137174425e+02
4.22108136205743e+02
5.89615950210923e+02
4.18981644134271e+02
3.77338393836824e+02
3.65900940771582e+02
3.65654643058498e+02
4.26538434924121e+02
6.34017884541585e+01
5.17324763228079e+02
3.65690772864469e+02
4.34143263584200e+02
3.75779839198654e+02
2.15111897179337e+02
2.07122796033166e+02
2.56500404461276e+02
2.48435434534893e+02
2.38117318476453e+02
2.81609952028931e+02
3.08958797731192e+02
3.30758976238017e+02
3.45006110176773e+02
3.32841238082315e+02
3.93109268152297e+02
6.01575206592745e+02
8.34081785605564e+02
8.89706449899582e+02
8.41158972536840e+01
6.21027108810307e+01
3.88468010184933e+02
3.10565120213137e+02
2.95844964488379e+02
2.99840280474804e+02
3.22620891560999e+02
3.39544767567391e+02
8.15344618413730e+02
7.84793435342153e+02
7.03588145167463e+02
6.95067639068361e+02
6.26204173360004e+02
4.90542670190457e+02
3.79306040871072e+02
2.70063846025769e+02
1.98150199117451e+02
1.64612618197070e+02
1.30182115056929e+02
9.64429768264946e+01
6.58029809212011e+02
3.14124552635839e+02
2.82591380903020e+02
2.65491797977461e+02
3.75250726008681e+02
4.80048776414801e+02
4.69243377264041e+02
4.27345073861082e+02
4.54046523445735e+02
3.60336816010720e+02
3.39318834364750e+02
3.33367990252709e+02
3.46809302793966e+02
4.10881960813529e+02
3.03072303134051e+02
6.39677346646729e+01
5.36303776673582e+02
3.79689470151395e+02
4.00341523727159e+02
2.29251844070303e+02
2.18771480337719e+02
2.71225312776002e+02
2.62883788334620e+02
2.52801907751266e+02
2.99889637308336e+02
3.41215127624082e+02
3.17608243794856e+02
3.33048021938389e+02
3.20173590158037e+02
3.76414812575818e+02
5.76157578178844e+02
8.03290970711755e+02
8.63908269761361e+02
8.95377665857029e+02
8.46164776238773e+01
6.25733313473214e+01
4.03798044726807e+02
3.23765719200981e+02
3.09157606403250e+02
3.14382223278579e+02
3.39391987292860e+02
3.58402656289827e+02
4.12352115803309e+02
7.70288381759988e+02
6.92016073841772e+02
6.87151972557602e+02
6.21162146500747e+02
4.88136542910084e+02
3.78593867158796e+02
2.69817256464836e+02
1.98306064071520e+02
1.65050054479724e+02
1.30783048402088e+02
9.70858197341207e+01
6.73653935546556e+02
2.88899020187739e+02
2.72811995546042e+02
3.78324097587423e+02
4.94639008806793e+02
4.88028362725695e+02
4.74784221682403e+02
2.86354038107202e+02
2.97681310931429e+02
3.17803450895623e+02
3.40191280816970e+02
3.98337506262028e+02
2.97313377929560e+02
2.85311988496188e+02
6.49927647616185e+01
5.49830216667389e+02
3.90424465284841e+02
2.40333884693914e+02
2.26831622876669e+02
2.78641625935404e+02
2.69742255814495e+02
2.57226981634388e+02
3.02744076782764e+02
3.45791265031575e+02
3.35947657314782e+02
3.35084554488377e+02
3.22232278683565e+02
3.78542048369902e+02
5.76375649604942e+02
7.99429594133970e+02
8.54603860533453e+02
8.86031272958117e+02
7.88138791531370e+02
8.57275652646796e+01
6.34956452288025e+01
4.15227490348381e+02
3.33438489319089e+02
3.19081197644084e+02
3.25093453380865e+02
3.51923175417237e+02
3.72660535206104e+02
4.29992429801105e+02
4.04249354829076e+02
6.92360629037946e+02
6.88677807422140e+02
6.24193003040630e+02
4.91584205230799e+02
3.82162890797878e+02
2.73047939218261e+02
2.00929205866413e+02
1.67365790375337e+02
1.32722457182496e+02
9.84992725550566e+01
6.84210179381062e+02
2.74697141986466e+02
3.75152494965886e+02
4.97297948586222e+02
4.94876236171946e+02
5.07610772408704e+02
4.77902051266806e+02
2.69559440850366e+02
2.59263979220999e+02
3.16326405120593e+02
3.50311621369261e+02
4.03651131061390e+02
3.01786022830431e+02
2.93184172403470e+02
3.71466744288351e+02
6.62910111245712e+01
5.59231768002880e+02
3.98233934247545e+02
2.33710871218857e+02
2.84599614723501e+02
2.75046153929785e+02
2.60376006844098e+02
3.03969492481292e+02
3.47489197072444e+02
3.38065220906636e+02
3.04570825641556e+02
3.32697601410733e+02
3.89064919559601e+02
5.86781725280019e+02
8.07135953035620e+02
8.54820292535907e+02
8.84746954252888e+02
7.90493721671999e+02
6.79526029135563e+02
8.72406085588850e+01
6.47130214228099e+01
4.23533136119992e+02
3.40642756421339e+02
3.26657852694399e+02
3.33465935046871e+02
3.61956334724062e+02
3.84354510064088e+02
4.44792512268850e+02
4.19576867598720e+02
3.61610603585769e+02
6.95108337249840e+02
6.31529553411461e+02
4.98376534741536e+02
3.88218928954342e+02
2.77958758026680e+02
2.04695164188470e+02
1.70564783218339e+02
1.35353867740592e+02
1.00398226000551e+02
6.88433803792089e+02
3.62020840895198e+02
4.73631161973442e+02
4.66244932070120e+02
4.77344946285343e+02
4.44589338727686e+02
2.56697003360437e+02
2.47207134167382e+02
2.77894251338321e+02
3.46041416438896e+02
4.07249649920762e+02
3.01864511196663e+02
2.96741567212267e+02
3.80817638830359e+02
3.25007681900625e+02
6.79694605098034e+01
5.63275793595459e+02
4.01831658163847e+02
2.88288891116487e+02
2.77834482764279e+02
2.61852346304534e+02
3.03602132813511e+02
3.43777269835488e+02
3.31605281441285e+02
2.97372558732304e+02
2.74384695484091e+02
3.94402836881430e+02
5.89614687941094e+02
8.08631463394306e+02
8.54721415139082e+02
8.85684223458249e+02
7.93356090415964e+02
6.83377567667641e+02
7.55659580607560e+02
8.92310987941483e+01
6.62936228546534e+01
4.27576329590980e+02
3.44565990300517e+02
3.31042809723589e+02
3.38715807536323e+02
3.68571874914406e+02
3.92383186637146e+02
4.55119440629184e+02
4.30546533311649e+02
3.71939207425875e+02
3.32736977307443e+02
6.41010241665996e+02
5.07241680321144e+02
3.96120942971575e+02
2.83918223325847e+02
2.09240363807188e+02
1.74472549506532e+02
1.38621854854603e+02
1.02863288157545e+02
6.95428141191491e+02
4.72919108173330e+02
4.62119552895145e+02
4.71229645091823e+02
4.36212868721298e+02
2.60344206540832e+02
2.83160947321929e+02
3.55252255749214e+02
3.09250474814615e+02
3.90623225168895e+02
2.88240141049072e+02
2.88772133427642e+02
3.77427109214506e+02
3.24658758074826e+02
3.56925805901817e+02
6.87055727918170e+01
5.69554702363361e+02
4.06968608019581e+02
2.85368368735601e+02
2.68850597024096e+02
3.10942474310682e+02
3.49547136501647e+02
3.35207899103073e+02
3.00256487391872e+02
2.77421989875771e+02
3.22699898971190e+02
5.76477866089228e+02
7.90235221228447e+02
8.36313639599274e+02
8.69068942878263e+02
7.80506709258268e+02
6.73729470458760e+02
7.48704771174852e+02
7.24658645564235e+02
8.99696238795040e+01
6.69508619415572e+01
4.33292692540093e+02
3.49950236744267e+02
3.36910761083325e+02
3.45613792009875e+02
3.77068888272543e+02
4.02541080281220e+02
4.68086566049605e+02
4.44163863003851e+02
3.84778517008129e+02
3.44127335104434e+02
2.82786140294836e+02
5.07694476977918e+02
3.97661531153246e+02
2.85304011697394e+02
2.10499537613477e+02
1.75730137445272e+02
1.39859138596538e+02
1.03887160735418e+02
7.15179289820585e+02
5.05121929375529e+02
5.21691248964194e+02
4.91833989404289e+02
3.05581521852356e+02
3.54776460036424e+02
4.98539428305045e+02
3.26290071709462e+02
2.74693744128668e+02
2.26527840778230e+02
2.42702060167850e+02
3.33361862119837e+02
2.94289531172027e+02
3.27956571392999e+02
3.93240198118720e+02
6.71035700845888e+01
5.86363561920261e+02
4.19825301598975e+02
2.85740934557018e+02
3.30896164729939e+02
3.72383767662882e+02
3.57929607866279e+02
3.21959260048946e+02
2.99150828035776e+02
3.48942033556567e+02
4.61843592184598e+02
7.27188063098086e+02
7.72781034884747e+02
8.07859509136534e+02
7.30289523502773e+02
6.33731218733729e+02
7.08651116313882e+02
6.89159651417681e+02
6.07807930912564e+02
8.76346832793409e+01
6.53375321933357e+01
4.47117952607380e+02
3.61899112398526e+02
3.49189389007472e+02
3.59118913473725e+02
3.92870041820582e+02
4.20638422110132e+02
4.90616704977805e+02
4.67110293461717e+02
4.06040763328602e+02
3.63913030268217e+02
2.99056063114029e+02
2.83196363908879e+02
3.83135849988901e+02
2.75576633835010e+02
2.03809516094250e+02
1.70542070611011e+02
1.36090968660684e+02
1.01284174231543e+02
7.22198037983708e+02
5.21656747450434e+02
4.90989805224840e+02
3.06453184522487e+02
3.58824407265401e+02
5.10226878419609e+02
3.50497815924743e+02
2.90732537671504e+02
2.26383839924716e+02
1.60029710517754e+02
1.93145693533164e+02
2.24794330352263e+02
3.23725276231670e+02
2.91593874843569e+02
3.26590935166634e+02
3.84802955486406e+02
6.72017280981761e+02
6.68648292609251e+01
5.92698468274993e+02
4.25138501373982e+02
3.40398283582222e+02
3.82417715317334e+02
3.67050594494834e+02
3.30035567783524e+02
3.06686056224290e+02
3.55933353097224e+02
4.68080968336558e+02
5.13108172056714e+02
7.41815635209924e+02
7.76869957373489e+02
7.06095310544864e+02
6.14996016900540e+02
6.91018655109709e+02
6.74308574810241e+02
5.96678692172488e+02
5.02494986211346e+02
8.71605856519066e+01
6.50590338288068e+01
4.52894932004291e+02
3.67239930460286e+02
3.55014740925426e+02
3.65888028960303e+02
4.01214424270920e+02
4.30645012952422e+02
5.03562693193524e+02
4.80804513195662e+02
4.19101557014395e+02
3.75987487388978e+02
3.08359299974735e+02
2.91774083955866e+02
3.07105306905607e+02
2.72959583799365e+02
2.02208093806298e+02
1.69475468481053e+02
1.35517430406888e+02
1.00935545639692e+02
7.25606297469936e+02
4.90870820216482e+02
3.07933056520537e+02
3.62845551885135e+02
5.11696693842810e+02
3.50363381726671e+02
2.96463845879426e+02
2.55526282325653e+02
3.02349077598076e+02
4.07976455948664e+02
3.57217415320941e+02
3.84083982691168e+02
4.28054603264902e+02
7.12550559507102e+02
7.55174779568936e+02
6.74880902364085e+01
5.95969949350239e+02
4.28060812287986e+02
3.92731596684363e+02
3.76372851691336e+02
3.38746064521784e+02
3.15426055500630e+02
3.65726994767679e+02
4.78773480967363e+02
5.22015009181097e+02
5.20611847742902e+02
7.82365464351618e+02
7.10566944421106e+02
6.17759071301374e+02
6.96019609082091e+02
6.78961873965890e+02
6.00876120983810e+02
5.07053724689307e+02
3.34753090592034e+02
8.79585010019246e+01
6.56195133149621e+01
4.56213133140428e+02
3.70583281929472e+02
3.58825835231772e+02
3.70563164645183e+02
4.07190030703430e+02
4.38007260124417e+02
5.13272097860190e+02
4.91330281796878e+02
4.29395799223870e+02
3.85832049439115e+02
3.16542677595473e+02
2.99639420845289e+02
3.15944948081349e+02
3.37152553944421e+02
2.04552359048894e+02
1.71572788676255e+02
1.37372572151923e+02
1.02253527280419e+02
7.20618157448440e+02
3.12644328760454e+02
3.82335612598247e+02
5.35873675122661e+02
3.61470627796217e+02
3.05838791137463e+02
2.91034681145514e+02
2.92086550764049e+02
5.68796779095904e+02
5.14990400566997e+02
5.28196494908558e+02
5.66771533279162e+02
8.77337962827848e+02
8.84735611456276e+02
8.51265465270076e+02
7.07542713620280e+01
5.92097451895441e+02
4.25354981442187e+02
3.82464849058713e+02
3.45237379886597e+02
3.23477167835973e+02
3.77955358743496e+02
4.93965467746279e+02
5.35050005711649e+02
5.29231678009073e+02
5.07861880820185e+02
7.85547603138647e+02
6.73448492999256e+02
7.59485455940559e+02
7.35022874098732e+02
6.46910882317111e+02
5.45398697217754e+02
3.58021133525801e+02
2.41373160649562e+02
9.24036006542621e+01
6.86986729923196e+01
4.53812487546074e+02
3.69349650874669e+02
3.58070519049673e+02
3.70567657399588e+02
4.07921218973441e+02
4.39528245331534e+02
5.15747602431648e+02
4.94743670741893e+02
4.33392062308346e+02
3.90207825101118e+02
3.21510604652428e+02
3.04854418709658e+02
3.23181885913431e+02
3.45536869959482e+02
3.60921808159998e+02
1.82570179716102e+02
1.46043720579975e+02
1.08304149608452e+02
7.26400244229546e+02
3.81200240686737e+02
4.22215635594337e+02
5.96311460327543e+02
4.07983669732931e+02
3.55536336363406e+02
3.55593430804537e+02
3.75801576738163e+02
4.67472269659265e+02
5.33179431454423e+02
5.96460416756216e+02
9.22431621980864e+02
9.20711586056519e+02
8.73735610387174e+02
7.16813869372371e+01
5.97172028120279e+02
4.29353109385757e+02
3.09442487866374e+02
2.86015324880391e+02
3.62630001795370e+02
3.41491265551990e+02
4.00854104525180e+02
5.25106064979544e+02
5.69564356261530e+02
5.64371730415718e+02
5.42966130675682e+02
4.23109561503537e+02
6.86658440792768e+02
7.79047219882281e+02
7.52857092813061e+02
6.61580815227575e+02
5.58673580040997e+02
3.66114837622622e+02
2.46592373910354e+02
2.20030271653575e+02
9.36814335870798e+01
6.94970701754549e+01
4.58347646438978e+02
3.73578392575001e+02
3.62586454976718e+02
3.75829376214848e+02
4.14382308839226e+02
4.47174423793410e+02
3.31743052382014e+02
3.15664781276085e+02
3.36033259550837e+02
3.60163477843033e+02
3.76519096181920e+02
3.89829050141357e+02
1.49507838157121e+02
1.10574870462047e+02
7.25592942239007e+02
3.85952911308174e+02
6.27473592481215e+02
4.33236618461143e+02
3.83945169308552e+02
3.83904804121107e+02
4.09677863218001e+02
7.53504253232873e+02
6.52001442048282e+02
3.39891097509865e+02
3.36283639952618e+02
5.03760148413260e+02
5.99074151866418e+02
9.45379899967518e+02
9.34912573784727e+02
8.78095289194640e+02
9.47126537357963e+02
6.49223686460267e+02
7.26072248450805e+01
5.96856637463880e+02
4.29609346668748e+02
3.13746651339844e+02
2.91304999140696e+02
3.54541599121981e+02
4.16030791817735e+02
5.45612059168411e+02
5.92995802596426e+02
5.88681753479074e+02
5.69085791617552e+02
4.45569889531474e+02
4.03477972680055e+02
7.96577250270582e+02
7.71005937376525e+02
6.76528579812413e+02
5.72510690434894e+02
3.75370739715675e+02
2.52789980016892e+02
2.25746269770122e+02
1.98838126778499e+02
9.49468074759262e+01
7.02852846657332e+01
4.58745530587498e+02
3.74248579761597e+02
3.63580145556235e+02
3.77236736174966e+02
4.16491081399069e+02
4.50012271514474e+02
3.38011258490202e+02
3.22748432626948e+02
3.44348058902230e+02
3.69663118507056e+02
3.87142775898723e+02
4.01848182475697e+02
4.00606245925386e+02
1.13016378270717e+02
7.25851993673906e+02
4.64251903567540e+02
4.14915747099215e+02
4.19953286781278e+02
4.50736362533486e+02
8.20069053911359e+02
7.78752331440955e+02
5.55507732543380e+02
5.04583972803850e+02
8.63509516060607e+02
8.96015071434666e+02
8.44326405635393e+02
9.21359085936683e+02
6.26378379219342e+02
7.50110378918628e+02
7.26715321653328e+01
5.97352534693259e+02
4.30290166235214e+02
4.35313378378097e+02
5.71917504239260e+02
6.22017751000222e+02
6.17811606039964e+02
5.97748371832214e+02
4.70610641064771e+02
4.28783290198727e+02
5.82765207520578e+02
7.67464769875954e+02
6.76658828553835e+02
5.75935056478424e+02
3.77670666974121e+02
2.54420917917819e+02
2.27293384202676e+02
2.00920281020762e+02
1.48699455911354e+02
9.50261552403337e+01
7.02433355774114e+01
4.59706689417234e+02
3.75506977215220e+02
3.65184767221651e+02
3.79419482412619e+02
4.19500184738171e+02
4.53865473732926e+02
5.34900162464351e+02
5.16199450996508e+02
4.55316960978188e+02
4.13810697733222e+02
3.45291699983337e+02
3.30810574781054e+02
3.54246182953877e+02
3.81173182941825e+02
3.99599358955139e+02
4.15656597864044e+02
4.15311026850158e+02
3.96129705155010e+02
7.25340456928069e+02
4.50691436738350e+02
4.52164931574583e+02
4.86194456695819e+02
8.88023631007558e+02
8.75310724881285e+02
6.93652388150701e+02
6.65277623236754e+02
4.30127930461479e+02
2.92203934030735e+02
6.78006404226128e+02
7.56801655184936e+02
7.29786311350666e+02
8.19013400346169e+02
5.66839932959262e+02
6.98556408322255e+02
7.91660651375847e+02
7.07630158436345e+01
5.97355092954313e+02
4.30957112257296e+02
5.96268097717074e+02
6.51480933730962e+02
6.50132182496133e+02
6.33813163750105e+02
5.01387882913863e+02
4.55187738589544e+02
6.18616842381486e+02
5.93741027239813e+02
6.47991177014024e+02
5.56600832182788e+02
3.67118680091556e+02
2.48148129746144e+02
2.22352636946712e+02
1.97298244072801e+02
1.45541237962093e+02
9.23229343151328e+01
6.82857646377934e+01
4.60425333561259e+02
3.76531436990332e+02
3.66717690385329e+02
3.81528977517515e+02
4.22541604855158e+02
4.57959170570246e+02
5.40769778962339e+02
5.22969386417950e+02
4.62300062984664e+02
4.21060604920521e+02
3.51760948501182e+02
3.37722277865953e+02
3.62110389606253e+02
3.90372672773954e+02
4.10484339311605e+02
4.28326933469437e+02
4.29555444050313e+02
4.10942933842203e+02
4.30893770364284e+02
7.13341696799782e+02
4.69913375277095e+02
5.07789463741681e+02
9.40038543763719e+02
9.46705741563904e+02
7.95808143950418e+02
8.12456469995553e+02
5.59514960365462e+02
4.14964714166863e+02
3.95437428792501e+02
5.78948073632178e+02
5.78250473021280e+02
6.86150118386339e+02
5.03270736952712e+02
6.40642264208368e+02
7.44226615595400e+02
6.18874802553057e+02
6.89783622417406e+01
5.87964428938625e+02
4.25054628666802e+02
6.67322166004196e+02
6.70362737070486e+02
6.61036575227231e+02
5.24366349907707e+02
4.69842146461602e+02
6.35855447602516e+02
6.18949041295191e+02
4.97875083238737e+02
5.38076982339093e+02
3.58997324837419e+02
2.43958329403340e+02
2.19706806597621e+02
1.95663771852116e+02
1.43195511103926e+02
8.98791717658309e+01
6.64816950492035e+01
4.53944362032868e+02
3.71511855597811e+02
3.62349238396466e+02
3.77339821069407e+02
4.18564297120883e+02
4.54436412124542e+02
5.37728171966337e+02
5.21122435931561e+02
4.61638373520253e+02
4.21341496932932e+02
3.51861196265717e+02
3.38459875394856e+02
3.62677285664558e+02
3.91437493510259e+02
4.13379618308206e+02
4.32939522460537e+02
4.36220737212066e+02
4.18424383352493e+02
4.38018502467895e+02
5.10036547379670e+02
6.80270219608455e+02
5.09134993950092e+02
9.45562589393179e+02
9.56845070516670e+02
8.31123877763357e+02
8.84152971380436e+02
6.50560958483328e+02
5.46624378953234e+02
4.61951080964847e+02
4.61127562256431e+02
6.11023895945713e+02
7.32143012563143e+02
6.17015828687200e+02
6.22250527160446e+02
6.91533210078228e+01
5.61114876377666e+02
4.06404922537046e+02
6.67015539638512e+02
6.64002941674569e+02
5.27590610512853e+02
4.67277077490924e+02
6.30318955592587e+02
6.20833919077575e+02
5.04093127593352e+02
4.76908641242724e+02
3.67268608090862e+02
2.50634030686483e+02
2.26673973394741e+02
2.02478459245182e+02
1.46325322659428e+02
9.02432531884049e+01
6.65899079530062e+01
4.33884856527974e+02
3.55328532314547e+02
3.47039481215735e+02
3.61704270794474e+02
4.36974913060605e+02
5.18052642649573e+02
5.03056484001163e+02
4.46514027450161e+02
4.08338071502092e+02
3.40929437122810e+02
3.28537462126429e+02
3.51873243274446e+02
3.80229668349736e+02
4.03132388555236e+02
4.23602194689374e+02
4.28635421205705e+02
4.12082070778802e+02
4.30668781239740e+02
5.01743543726557e+02
5.67268952527474e+02
4.16116464765066e+02
6.10177615295315e+02
8.47286560484106e+02
8.42800435968414e+02
7.37057011910378e+02
7.88112402080695e+02
5.81923956298393e+02
4.62932500575151e+02
4.30414410708143e+02
4.72896285316357e+02
6.46233372120677e+02
7.98160451566569e+02
6.76850206564577e+02
6.83677053734762e+02
4.96871584706814e+02
7.28783796482406e+01
5.03567032847400e+02
3.65279521650661e+02
6.19911677266278e+02
4.92590461566299e+02
4.32006491948625e+02
5.80890723207002e+02
5.76267650951456e+02
4.69390459602393e+02
4.40728925761128e+02
4.49266733026101e+02
2.79761297823541e+02
2.53131719170341e+02
2.26362066070069e+02
1.60285739292988e+02
9.58690102521623e+01
7.01990530757381e+01
3.89915368822277e+02
3.19514477603865e+02
3.12492123170044e+02
3.25977013234023e+02
4.69112198555854e+02
4.56396296348738e+02
4.05822516302660e+02
3.71675433346020e+02
3.10242971702329e+02
2.99355823680757e+02
3.20533187603767e+02
3.46809415448074e+02
3.68878070765847e+02
3.88613254452264e+02
3.94561152928843e+02
3.79927021031108e+02
3.96442865161902e+02
4.61966376443069e+02
5.22832454138893e+02
5.88111297544494e+02
3.74854441391818e+02
3.61394759077365e+02
5.37168652957687e+02
7.72785418156933e+02
6.82908993559822e+02
7.39510555142368e+02
5.53958184395354e+02
4.57762052915953e+02
4.36465782765237e+02
6.01618605887593e+02
4.57000159441709e+02
6.54577663519160e+02
8.42941350491928e+02
7.23225341967188e+02
7.38128944008120e+02
5.42317424943739e+02
3.30457682498580e+02
7.61197258840205e+01
4.43450703614725e+02
3.21993616540653e+02
4.52795399345087e+02
3.96275861881336e+02
5.33820213428323e+02
5.32787780428341e+02
4.35505332674305e+02
4.09009513759381e+02
4.16402662765124e+02
6.20685016621770e+02
2.78402858721803e+02
2.50145642315898e+02
1.74391769706214e+02
1.01083656986177e+02
7.33516862858585e+01
3.43752765387978e+02
2.81889349610528e+02
2.76068620907245e+02
2.88270381216509e+02
4.06093307140445e+02
3.61691375364744e+02
3.31699970767371e+02
2.77118441235173e+02
2.67769527830159e+02
2.86987211670037e+02
3.11125912704164e+02
3.31766302992240e+02
3.50307741547558e+02
3.56628790458958e+02
3.44001733359782e+02
3.59098944772099e+02
4.19096262501210e+02
4.75222436770138e+02
5.36095196164731e+02
5.63642331360331e+02
3.31313278388495e+02
3.19772473084655e+02
3.54063659966837e+02
3.71544174817767e+02
5.64351521268179e+02
4.32247742624399e+02
3.88624331328231e+02
4.13073899022676e+02
6.32905718548622e+02
7.50074264770881e+02
6.87136710469078e+02
4.44159446544061e+02
3.05514620880326e+02
6.64330477782415e+02
6.55288250503433e+02
7.34968168716808e+02
5.67796819919371e+02
3.58025889664939e+02
3.04729099114893e+02
3.15752647204802e+02
8.00868009928800e+01
3.06647201244704e+02
2.22810732904745e+02
4.00691634382492e+02
4.02529050008873e+02
3.29200918441916e+02
3.09402353105994e+02
3.13797643582687e+02
4.59490379481242e+02
5.68556766932215e+02
5.31258292090045e+02
1.96752178429197e+02
1.07931253921600e+02
7.70570531220113e+01
2.38078966895619e+02
1.95460906690754e+02
1.92004266118955e+02
2.00899583772691e+02
2.34724802057721e+02
1.96484132693630e+02
1.90129851761869e+02
2.04336275320151e+02
2.22733822786625e+02
2.38513274494470e+02
2.52710836981774e+02
2.58202183232231e+02
2.49550690196562e+02
2.60971395965566e+02
3.05978814871583e+02
3.48364623277161e+02
3.94723617903941e+02
4.16892649269677e+02
3.72735639734573e+02
3.51104510091041e+02
2.30653856188107e+02
2.23089149069032e+02
2.47612213474662e+02
2.48145182745083e+02
2.41831453252880e+02
2.43513669823030e+02
2.99893070587185e+02
3.41209199149378e+02
5.58225345571309e+02
7.07654140185741e+02
7.24995227555034e+02
6.56157629304512e+02
3.57196293351916e+02
4.47356982629737e+02
3.05721087143884e+02
2.68884223344173e+02
2.97460189929210e+02
2.40174362375132e+02
1.26301816136310e+02
7.38857876011133e+01
2.00759756328581e+02
1.45863740217679e+02
2.36115406171059e+02
2.21322076539898e+02
2.23245519812693e+02
3.25026579396136e+02
3.99469622766911e+02
3.72626454639699e+02
3.85361758348908e+02
3.59502747551936e+02
7.10204701310371e+01
1.56028928330775e+02
1.28110563724469e+02
1.26264189642068e+02
1.32297135594096e+02
1.27378940636266e+02
1.37150452114741e+02
1.50517933599431e+02
1.62155833622656e+02
1.72504376652189e+02
1.77031247398083e+02
1.71261606733633e+02
1.79069639954585e+02
2.11083949818184e+02
2.41427632092677e+02
2.75155412840094e+02
2.92714402607573e+02
2.61833694975943e+02
2.47011286883779e+02
2.62469101100613e+02
2.51247359828548e+02
1.51839149134703e+02
1.47103624871072e+02
1.63651043839706e+02
1.64434126894901e+02
1.60696709551178e+02
1.59437225954980e+02
1.59425640663927e+02
1.30845069127903e+02
3.50520970407537e+02
4.53133643101563e+02
4.73964300049613e+02
4.54313121280166e+02
2.79319885775490e+02
3.16545248637235e+02
3.73869018818248e+02
2.52747218543734e+02
2.24503938529726e+02
2.79591261052217e+02
2.42053248917834e+02
1.19218463598524e+02
6.34987739464987e+01
6.76048984824511e+01
1.07346767456177e+02
7.75929144653728e+01
1.28247098920040e+02
1.85567454489239e+02
2.22169156369455e+02
2.02713507103338e+02
2.13019410580401e+02
2.00030213038809e+02
1.73898933958128e+02
1.91451787359589e+02
8.32949352605289e+01
6.81981242410152e+01
6.74873186387351e+01
7.07049017659802e+01
8.36492961777219e+01
9.07829551138171e+01
9.69456125516444e+01
9.97829956551224e+01
9.62536407312840e+01
1.00585449945242e+02
1.19799633980302e+02
1.37877525081015e+02
1.58004602466905e+02
1.68731697810553e+02
1.49746757372961e+02
1.41334283477350e+02
1.50966055171395e+02
1.44920454777919e+02
1.49907908950928e+02
1.46168836435954e+02
8.12829372049509e+01
7.87320367109433e+01
8.76532918072226e+01
8.82626039872732e+01
8.64626055610505e+01
8.58090639227219e+01
8.61762426217903e+01
8.43006698050682e+01
8.26844319057893e+01
6.07531131217817e+01
2.33284458245146e+02
2.17399007708433e+02
1.42274090711690e+02
1.68354028480762e+02
1.96929850068780e+02
2.01964571589363e+02
1.87661689493110e+02
1.22338331007707e+02
1.67429386854919e+02
1.73403627232873e+02
8.80914244356107e+01
4.90870923449329e+01
5.17017575136806e+01
4.91307199720364e+01
3.48872298299374e+01
1.03236626948065e+02
8.80307123343360e+01
9.46881999563363e+01
8.72203192285414e+01
7.48709258633617e+01
8.86323160516727e+01
1.39689970089154e+02
2.01720229031417e+02
3.78178577818270e+01
3.06311805718758e+01
3.05096480316041e+01
3.18349749042063e+01
4.77580634447381e+01
4.92249304272138e+01
4.69369066393738e+01
4.88733508777233e+01
5.95041536830123e+01
6.92127065056676e+01
7.98727906388351e+01
8.53485006056775e+01
7.37748473120467e+01
6.93391394718450e+01
7.47950646728080e+01
7.19363466148070e+01
7.56047530846916e+01
7.35665608257698e+01
6.53512340571995e+01
7.87878255633683e+01
3.68603708233282e+01
3.55310472118448e+01
3.94483700427080e+01
3.97745430730872e+01
3.90357797683250e+01
3.86363988862836e+01
3.91806369395223e+01
3.85416949195533e+01
3.80551156394044e+01
3.93094885581335e+01
3.93271966879517e+01
9.94784053044651e+00
7.04985202189449e+01
9.14768730020911e+01
1.10500773382005e+02
1.22961320479329e+02
1.18320811631761e+02
8.02598754044939e+01
6.00564133190899e+01
-5.26113262074789e+00
1.58504804826600e+02
7.23867123421280e+01
3.96864990398442e+01
3.80766100212154e+01
1.11282604812619e+01
4.15147913525401e+01
3.62624255654897e+01
2.96433984228289e+01
4.08648504397492e+01
6.99114226190655e+01
1.04507194247149e+02
1.19474865491616e+02
1.09969531405642e+02
1.47821028691223e+01
1.46491037010048e+01
2.36193285822574e+01
2.44502037517248e+01
3.10588017523899e+01
3.68695936712964e+01
4.31453314331351e+01
4.62374527399332e+01
3.82309948110975e+01
3.57273423982038e+01
3.93812765373390e+01
3.81160820764789e+01
4.11730430232070e+01
3.99738736234928e+01
3.45889692494247e+01
4.19748764421789e+01
4.20986003259058e+01
4.23899098900898e+01
1.71571711585072e+01
1.83426907547716e+01
1.91585230979685e+01
2.01228572596910e+01
2.13817108450019e+01
5.95889429546650e+00
5.02870738748995e+01
5.86157656297054e+01
5.29915633537241e+01
3.46992904267445e+01
2.79740445464450e+01
4.12967454179070e+01
4.99662009837220e+01
2.59852225865526e+02
4.72456876296374e+00
1.08748203736501e+01
2.03765888836465e+01
3.93308449041092e+01
6.07459131698723e+01
6.80992016029476e+01
5.59112788446852e+01
3.92417558547793e+01
3.96051134175533e+01
5.45237138204894e+00
5.71496247350359e+00
5.78773571482714e+00
1.82782162667112e+01
2.23800643625605e+01
2.67556584008859e+01
2.88548983756827e+01
2.26620693514876e+01
2.11405499223821e+01
2.41153413364357e+01
2.36537710960899e+01
2.64061060084847e+01
2.56258837336339e+01
2.15875512535569e+01
2.63998537138066e+01
2.43812261153772e+01
2.28036087184661e+01
2.32182140527143e+01
1.53657562226802e+01
7.08425335388651e+00
6.59817454527648e+00
7.19554148354701e+00
7.30673349587652e+00
7.22410224140931e+00
6.93312759452844e+00
7.50166778954407e+00
7.61346642212305e+00
7.82817660162731e+00
8.94849845289510e+00
1.00798231588620e+01
1.07822748369593e+01
1.16073055481489e+01
1.21614416370001e+01
1.31942568867047e+01
2.84507713936382e-01
2.35293084710631e+01
1.26398897590046e+01
9.42712043809719e+00
7.60333194282463e+00
8.30670136683946e+00
3.89175860259738e+01
7.68103132506815e+01
-1.11892872829055e+00
-2.03473842962733e+00
1.97708953370490e+01
3.45518633015862e+01
3.95848782043438e+01
2.79098774627843e+01
1.69662131161854e+01
1.96216796297984e+01
2.35766700503424e+01
2.73089764146857e+01
-1.51488877154787e+00
-1.88790581677463e+00
-1.54237204073407e+00
-1.85812753467929e+00
1.06890573993524e+01
1.17605684265779e+01
7.28046351271200e+00
6.74776760210269e+00
9.17397784165467e+00
9.57122740201836e+00
1.21009828424135e+01
1.18178411025354e+01
9.31721204896323e+00
1.24653297684396e+01
9.27160591354815e+00
6.74329605871033e+00
5.76289964561246e+00
-6.90832100695461e-01
-2.94128735704195e-01
3.49382555810918e+00
-1.63566608993646e+00
-1.90195593118643e+00
-2.31134378025255e+00
-2.30229293426453e+00
-2.23287840340788e+00
-2.52166363155331e+00
-1.96898240991899e+00
-1.66131291349159e+00
-1.25308294708931e+00
-1.90255755884075e-01
1.27181738383284e+00
1.71786535444688e+00
2.10420313930493e+00
2.48401025970269e+00
2.95934911988377e+00
4.89043867117581e+00
6.30189723522863e+00
-1.94917969771941e+00
1.07435724255591e+01
1.07035227977708e+01
1.45625874668471e+01
7.93342798946552e+01
2.91137825212341e+02
1.44394729935291e+02
7.30863639118964e+01
-2.97648175713512e+00
-3.40683171125764e+00
3.98866344321280e+01
2.92986717580365e+01
1.86464102046184e+01
2.10201893161190e+01
2.53528323744759e+01
2.88691166637824e+01
2.84992223130186e+01
1.99768302281718e+01
-2.97632575108945e+00
-3.10525547268389e+00
-2.75497748360622e+00
-3.13639689946031e+00
5.36243183612603e+00
5.00137240722638e+00
7.38710580396346e+00
7.96003865998256e+00
1.05109484597788e+01
1.03918094416877e+01
8.22902700275790e+00
1.14258243459700e+01
8.53154846155820e+00
6.15477531165156e+00
5.17327064615262e+00
-1.13695129422969e+00
-7.76892898555196e-01
2.90331468258936e+00
9.70038471829881e+00
2.17850970607505e+01
-3.08538738649056e+00
-3.31818422264787e+00
-3.89282818752205e+00
-3.90472563525944e+00
-3.81279820026578e+00
-4.08708118992179e+00
-3.52482298893601e+00
-3.17116506607595e+00
-2.72128698379985e+00
-1.65722491053549e+00
-1.21650351224904e-01
3.07006084343207e-01
6.43567688029077e-01
1.01480042396204e+00
1.42071461326762e+00
3.17572981954226e+00
4.45832266768332e+00
5.24682906876237e+00
5.75336448727870e+00
-6.81192152712612e+00
-2.45620811159567e+00
9.87310808275868e+00
5.09023935916441e+01
2.01259535983374e+02
1.20235286428277e+02
8.68284200020784e+01
-7.03624456166238e+00
-5.18633343018483e+00
-3.53813663088117e+00
1.03087101341357e+01
1.40646724262515e+01
1.75044183501313e+01
2.05986614229883e+01
2.05912384524604e+01
1.37071959277937e+01
8.61432356753389e+00
6.93456102532279e+00
-4.46206238168840e+00
-2.60844912708373e+00
1.33914991603225e+00
2.22546689729052e+00
4.67238469687369e+00
4.74058489805742e+00
3.22397861059034e+00
5.87093937504037e+00
2.61524376878329e+00
-8.48192954339279e-02
-1.60247246283126e+00
-7.45563249759021e+00
-6.70133736323035e+00
-3.03500969416297e+00
2.77503202189199e+00
1.33616603245325e+01
2.09336134915494e+01
2.11249219549778e+01
-3.48082854148041e+00
-3.15901120502633e+00
-3.00476275384950e+00
-2.71794679091756e+00
-2.55139205558218e+00
-1.30794312753825e+00
-4.71247651248422e-01
-7.39135761987508e-02
1.17042529944328e-01
-8.55354353146379e-01
-1.67418378083953e-01
-1.00155917904822e+01
4.35681676180258e+01
-9.72027827394019e+00
-8.42577637897280e+00
1.17357537906246e+01
6.48319510584827e+00
3.79607675371052e+00
2.64876583459734e+00
3.24855033992016e+00
1.15084256510987e+01
4.45709844855159e+01
5.67981781400306e+01
-8.31624843153608e+00
-7.57995219707203e+00
-7.21962764750882e+00
-7.87237450531106e+00
-6.24277581442735e-01
1.65233998449829e+00
-1.70731421358939e+00
-4.62473367898860e+00
-6.64369889677506e+00
-1.22756577662708e+01
-1.14357787077281e+01
-8.04509759968645e+00
-3.31636960393402e+00
5.69560366975790e+00
1.19176064701806e+01
1.13999477846582e+01
9.64001336597262e+00
7.83790068922542e+00
6.21584327668354e+00
9.61617652036259e+00
-8.43523968922763e+00
-8.57494140412544e+00
-9.80437625522471e+00
-9.92833192795333e+00
-9.79143931415177e+00
-1.00993308776704e+01
-9.59077381508046e+00
-9.15112314682017e+00
-8.63069025667219e+00
-7.65740255062046e+00
-5.94199357544637e+00
-5.71921869171480e+00
-5.71871951200697e+00
-5.51142279093511e+00
-5.55105765972522e+00
-4.72735011739491e+00
-4.24624596765100e+00
-4.14979102233523e+00
-4.20119822461810e+00
-5.11302003937166e+00
-4.52850777928997e+00
-3.05779307483034e+00
-2.31239747167542e+00
-2.33537114778085e+00
-2.12349841004583e+00
-6.91430733602991e+00
3.75000977030840e+00
1.31745061791700e+01
5.29618104198109e+01
6.95262107505841e+01
5.75888695515548e+01
-7.35561391533079e+00
-7.96041048914673e+00
-8.80148104001584e+00
-4.87546156395113e+00
-1.06437944775770e+01
-1.01138399404546e+01
-7.02121629565084e+00
-2.36377694283474e+00
6.64215103687897e+00
1.29632137756553e+01
1.28602920018425e+01
1.10616785851607e+01
9.09108676586733e+00
7.37780324820889e+00
1.04430856175745e+01
1.14970793741610e+01
9.56175716835089e+00
7.92295454910230e+00
4.87955524352743e+00
-9.14405834820869e+00
-9.26955805430951e+00
-9.15382207068065e+00
-9.46274077593396e+00
-8.97226253032715e+00
-8.55799942115548e+00
-8.07311246635061e+00
-7.13254897390638e+00
-5.47367751187877e+00
-5.25380435461326e+00
-5.24250770447962e+00
-5.03420256085534e+00
-5.06691997255960e+00
-4.21812977272899e+00
-3.69306220594290e+00
-3.53699334077391e+00
-3.53256845659950e+00
-4.38713849557585e+00
-3.78745808309678e+00
-2.26891952148985e+00
-1.49786966805766e+00
-1.53025542696115e+00
-1.32381388487544e+00
-1.00592068013274e+00
8.43468254850808e-01
2.76353092954561e-01
-1.09936551027640e+00
-8.70259477879688e+00
-8.63550410368151e+00
-7.64535338974844e+00
4.81988064871157e+01
-7.48318823947241e+00
-6.92301015553138e+00
-6.59680388946484e+00
-7.22298991009465e+00
-2.86101267773391e+00
6.01914723977943e+00
1.22102869090769e+01
1.20910579042082e+01
1.03323828380893e+01
8.32967962212268e+00
6.57370670947739e+00
9.58621211927050e+00
1.05550625499834e+01
8.68104098712468e+00
7.22320177773927e+00
4.27652588859493e+00
3.46713100438300e+00
7.11864595353844e+00
2.47212055030322e+01
3.62123140046899e+01
-7.65741747159486e+00
-7.82981852213323e+00
-8.96357910951176e+00
-9.09733500701020e+00
-8.99576908534569e+00
-9.31521145498175e+00
-8.85340842997590e+00
-8.46063922904265e+00
-8.01216033758480e+00
-7.10791479710569e+00
-5.48713152118298e+00
-5.29351930591363e+00
-5.30585840772273e+00
-5.11702132954841e+00
-5.18518820237479e+00
-4.38392319720251e+00
-3.89040151738095e+00
-3.75666354414546e+00
-3.76910025307545e+00
-4.60335087214052e+00
-4.02238812438543e+00
-2.53701295546915e+00
-1.76087572045056e+00
-1.79309438838008e+00
-1.57744800113117e+00
-1.23305832623444e+00
6.27548301974302e-01
1.45969305569028e-01
-1.18680654035524e+00
-2.66346032053006e+00
-4.74758007685136e+00
-5.82841112195945e+00
-5.40496220721585e+00
-6.52106723629677e+00
8.27956558174541e+00
6.71537092303588e-01
-6.68582944919291e+00
-7.32748487456221e+00
-2.36921026858459e+00
-7.08883283054684e-03
8.69508286484641e+00
6.65693663545171e+00
4.78410657422297e+00
7.89714261759253e+00
8.76664487700388e+00
6.90832452032492e+00
5.75909697014646e+00
2.93284741027442e+00
2.22615140683450e+00
9.78634956539205e+00
1.45832362910341e+01
1.84435731771035e+01
-7.74864026446729e+00
-7.93458235035954e+00
-9.08744503793634e+00
-9.23426166362893e+00
-9.14477877790509e+00
-9.48692232276631e+00
-9.04424176506565e+00
-8.66766883154792e+00
-8.24182082698588e+00
-2.27822446793980e+00
-1.90843704138345e+00
-3.04682299738919e-02
-5.20565516264878e-01
-1.90328421899552e+00
-3.45246950544272e+00
-5.60319816129403e+00
-6.73941908163449e+00
-6.40381583641214e+00
-4.93192034364935e+00
-2.69106831698443e+00
8.41640165684728e-01
1.96118994666142e+00
-1.28435331465935e+02
1.35781898168819e+02
1.24842991407581e+02
1.39330181072582e+02
1.11031463279744e+02
9.50263096562000e+01
1.61878214214649e+02
1.46901343544248e+02
1.01571892689770e+01
1.26554342540245e+02
1.42479412698479e+02
1.74328869821759e+02
1.46149880566823e+02
1.12303691031999e+02
1.14486771030336e+02
9.40408550008565e+01
1.11549760839592e+02
2.30795411852129e+01
1.43162183225985e+01
1.37852319838774e+02
1.39829522615220e+02
1.41178596512005e+02
1.31906863826511e+02
1.16475316420591e+02
1.09434866201424e+02
9.73459728293830e+01
1.00935812192199e+02
1.01082248231895e+02
8.99438786507610e+01
9.35554358555106e+01
9.61801673325001e+01
1.09500308749783e+02
1.27213076195891e+02
1.31867842099859e+02
1.26690562936663e+02
3.08608665718530e+01
3.03353996104355e+01
2.96665757519893e+01
2.37876622829674e+01
1.11825526206907e+02
1.18325753769133e+02
1.39419020872375e+02
1.57267744646613e+02
1.70283112724871e+02
2.06987750783180e+02
2.40256745849853e+02
2.57910456361271e+02
2.66979941279397e+02
2.67326387407235e+02
2.48603938515008e+02
2.20524323839987e+02
2.03899276329719e+02
1.64927411382880e+02
1.26520470987116e+02
9.92377222352329e+01
7.56791151399665e+01
5.34274626293908e+01
3.89516796313182e+01
3.38485911114148e+01
2.80546672605255e+01
-3.38865836641233e+01
-1.57220992983145e+01
-1.03337130419885e+01
-1.07234289923521e+01
-6.70664185375613e+00
-2.08730091937585e+00
-5.87596599638140e+00
-6.23161314475502e+00
-5.58144241751249e+00
-5.48931776689888e+00
-6.08944428721576e+00
-5.30766510553814e+00
-4.96100526475691e+00
-5.83780230827191e+00
-1.25754674522279e+00
-1.81169130190354e+00
-4.71913784296597e+00
-4.08555150561203e+00
-2.93868935313016e+00
-2.24462518411382e+00
-2.70544152386366e+00
-2.50608794258278e+00
-3.47595120020588e+00
-4.76258293142498e+00
-4.05106427223921e+00
-4.73491715863757e+00
-2.94475485386392e+00
-1.58619873759943e+00
-2.62935834175646e+00
-2.39237252852724e+00
-1.68332822546635e+00
-1.11356224730489e+00
-3.49985761603548e+00
-1.78452726653757e+00
-1.42974647884034e+00
-1.58588707759260e+00
-2.44106366591215e+00
-3.42865234251766e+00
-5.82823060868173e+00
-6.68590797227836e+00
-8.15070197935678e+00
-9.00249191520024e+00
-1.00220085538882e+01
-1.04589392746774e+01
-1.05158819753688e+01
-1.02766454916287e+01
-1.03002940289848e+01
-1.02833980534960e+01
-9.41006992275164e+00
-9.98347662593686e+00
-9.14686796967309e+00
-8.32854413777448e+00
-6.83019094156384e+00
-6.55129057008387e+00
-5.59397036799865e+00
-4.28736679572103e+00
-4.09639883608947e+00
-2.57785215989072e+00
-2.26090040242797e+00
-1.98840705111837e+00
1.44523004821985e+01
-1.69900504585743e+00
4.73677348162474e+00
3.03271429901105e+00
2.20299189250556e+00
1.66507527676972e+00
2.22105251059116e+00
2.99650594649922e+00
1.98956456437641e+00
1.12675339929541e+00
-4.93334509842771e-01
-1.29980933718517e+00
1.37835100699984e+00
1.39175274331327e+00
9.38606944270957e-01
-1.00435620261075e+00
2.27224944151903e-01
6.29630813568949e-01
2.21334645917198e+00
3.36352242310778e+00
2.91073510836788e+00
3.07720320985128e+00
1.67820154730963e+00
-2.49364411191939e-01
1.76478275696022e-01
-9.25983669248104e-01
9.22587500393055e-01
2.15426541344122e+00
-2.46930824757159e+00
-8.07378719311483e-01
-4.68430266505460e-01
-7.96227322554386e-01
2.38871707539395e+00
2.55101860364188e+00
1.50416915235731e+00
1.48864659500186e+00
1.17618627302665e+00
9.74025625211980e-02
-2.46444795921973e+00
-3.31991639727594e+00
-4.60415344216937e+00
-4.81938762899363e+00
-5.27045661387289e+00
-5.32425804584595e+00
-4.34553430824266e+00
-3.17496599671071e+00
-2.69957005715169e+00
-2.40084524463220e+00
-1.49080426919613e+00
-2.56121649964668e+00
-2.55114475277556e+00
-2.22597916691317e+00
-1.85127736702796e+00
-2.65163313636323e+00
-2.49640873694751e+00
-1.91785044411070e+00
-2.38798280091469e+00
-1.33757681496476e+00
-1.17529702809901e+00
-1.07766947877461e+00
-1.78595277216321e+00
7.71757010471828e+00
2.61885919462790e+00
1.13597583135554e+00
3.23919138541080e-01
-5.15865656209891e-02
-6.96442720656160e-01
-1.42085361598024e+00
-2.14085468961976e-03
-8.67535079879368e-02
-6.09125536523563e-01
-1.62048617306274e-01
-6.53025352750977e-01
-5.92003153291888e-01
-7.48918214730163e-01
-2.24979977004263e+00
-1.11203953331503e+00
-6.37981355349738e-01
8.29612884340159e-01
1.79247951191411e+00
1.33808575200188e+00
1.51413450523583e+00
2.22134109319810e-01
-1.54211218929713e+00
-2.80642529741367e+00
-1.11453813397977e+00
-7.48846615301324e-01
-1.01366405660792e+00
-7.05664966206447e-01
-1.12940441597767e+00
1.81685033971407e-01
1.11779104134464e+00
1.07674407275182e+00
1.11582935027408e+00
2.99753122085241e-03
-1.49905952557108e-01
-5.33448928102472e-01
-1.66313261592002e+00
-4.19021398380987e+00
-5.11016007939466e+00
-6.52392338611378e+00
-7.03339166607765e+00
-7.70234393421907e+00
-7.91410776267672e+00
-7.43441505866215e+00
-6.69501240330918e+00
-6.41754249093681e+00
-6.16775798131863e+00
-5.15409762100994e+00
-5.90314101777236e+00
-5.47044477140133e+00
-4.88189389817830e+00
-3.93498331595067e+00
-4.19965159089227e+00
-3.67522353717135e+00
-2.79781947950116e+00
-3.00139897825380e+00
-1.76884026561189e+00
-1.53857925309352e+00
-1.36721726056601e+00
-1.76944373757904e+00
5.37912625704464e+00
-6.85162133642555e-01
-1.40326482209936e+00
3.36878573537861e-01
-3.70737395351472e-01
-6.70675295591742e-01
-6.72086811034298e-01
-8.31127075273422e-01
-9.10066187626002e-01
-1.33610608944983e+00
-8.05072800265670e-01
-1.21455621377092e+00
-1.08553874300198e+00
-1.12096349272286e+00
-2.45281329695595e+00
-1.33623527606361e+00
-8.34260435031847e-01
6.17617884108579e-01
1.53082205299277e+00
-2.83606151481812e+00
-1.13392704123454e+00
-7.52708487292794e-01
-1.00756608442765e+00
9.42156387696058e-02
-1.95330399202861e-01
-1.01922464115577e-01
-5.62029499051898e-01
-8.75327448166604e-01
-1.28800600330045e+00
-1.29504923986279e-02
8.33636225459633e-01
7.36944515700383e-01
6.98974132631336e-01
-4.69644635581543e-01
-7.01397333043126e-01
-1.13410928364075e+00
-2.30319324870011e+00
-4.81814064874452e+00
-5.76550802505811e+00
-7.21801181955673e+00
-7.80331289127595e+00
-8.50509044049756e+00
-8.74248673683033e+00
-8.40594848436565e+00
-7.79193858945999e+00
-7.55647028722339e+00
-7.28511172216094e+00
-6.19144780835791e+00
-6.80692253807634e+00
-6.23419042574059e+00
-5.55516705467958e+00
-4.42658444081196e+00
-4.52550671532352e+00
-3.89835404027293e+00
-2.95233920039497e+00
-3.09566988537537e+00
-1.82601032099942e+00
-1.57807050818783e+00
-1.38896233709747e+00
1.59860325291094e+01
1.01602137276859e+02
1.13279699333563e+02
1.04681379778904e+02
9.99173904672846e+01
1.83896381951953e+02
1.73946540638165e+02
1.57807291160438e+02
1.62442441539065e+02
1.79988526538632e+01
2.31667457024193e+02
1.98926671419570e+02
1.56321468792445e+02
1.61474024776212e+02
1.35661784999240e+02
1.62248200797808e+02
1.88743206921625e+02
1.99065554994009e+02
3.86284020144908e+01
2.46372295016431e+01
2.09345929030764e+02
1.97401283269533e+02
1.76723370689072e+02
1.67122271087031e+02
1.50201010034924e+02
1.55603182498911e+02
1.55542966654401e+02
1.39364362174444e+02
1.45221925971040e+02
1.49452302691476e+02
1.70531658185733e+02
1.97661972183963e+02
2.05457559874064e+02
1.99521540231520e+02
1.92249719197052e+02
1.63800671803055e+02
5.26144044038831e+01
5.07596472388269e+01
4.94933535252009e+01
4.00005853635967e+01
2.26410320980166e+02
2.56030243869490e+02
2.77864569505049e+02
3.37682735114139e+02
3.91382629620351e+02
4.20236341371797e+02
4.35441886668104e+02
4.36151979070588e+02
4.06863101534061e+02
3.61682581059220e+02
3.34935812749673e+02
2.71317130173510e+02
2.09252162277677e+02
1.64674401850291e+02
1.25770267454515e+02
8.95802244797209e+01
6.51432058188458e+01
5.66963143842684e+01
4.71206084905971e+01
1.42803172255064e+02
9.06634538409407e+01
6.87631745759566e+01
6.60719654669342e+01
7.18724074234300e+01
1.39120496650644e+02
1.40306129553176e+02
1.32400935385261e+02
1.40762612851281e+02
1.92008458376142e+02
2.31666061522890e+02
2.11511087872896e+01
1.47945481741151e+02
1.56292274734640e+02
1.33070765879765e+02
1.61028740947902e+02
1.89667556879251e+02
2.01858643500950e+02
2.22835976061761e+02
2.21503104717233e+02
4.48289003905833e+01
2.87785846862963e+01
1.85860134575359e+02
1.76845000155708e+02
1.59918188146990e+02
1.66303946847929e+02
1.66972890634787e+02
1.50149078587053e+02
1.57025551983388e+02
1.61912345038277e+02
1.85423891960735e+02
2.15773377799920e+02
2.25265720366271e+02
2.19862121055637e+02
2.12670326188530e+02
1.81972821566576e+02
1.72383066655787e+02
1.64535218581195e+02
6.10139538169542e+01
5.87324772052566e+01
5.73126026276030e+01
4.64540182471809e+01
3.11618088666636e+02
3.79472355990211e+02
4.40682016084830e+02
4.74210031411951e+02
4.92451954520925e+02
4.94244194475712e+02
4.62210120593399e+02
4.11769454813867e+02
3.82042967931458e+02
3.10087445508502e+02
2.39726853480254e+02
1.89023549199288e+02
1.44613737380550e+02
1.03298263952533e+02
7.51811318813343e+01
6.55325757654723e+01
5.45615092641977e+01
2.14794066722068e+02
1.38460602141477e+02
1.09692093097474e+02
1.14213910031572e+02
5.92265032581302e+01
6.85188344737900e+01
9.84458999123392e+01
1.03071987094407e+02
1.16551387785918e+02
1.66040224715478e+02
2.11310876615990e+02
1.14725446309309e+02
1.67563037994213e+02
2.44338398786101e+01
1.28578563941893e+02
1.56662551214942e+02
1.87713911865960e+02
2.02469232575666e+02
2.25985355050238e+02
2.27295474483106e+02
2.14542100183190e+02
1.93722845401216e+02
5.12301708946904e+01
3.30802989295977e+01
1.67760143396805e+02
1.74859585346736e+02
1.76596430008783e+02
1.59452507758102e+02
1.67406445704038e+02
1.72592808675808e+02
1.98021088579916e+02
2.31501303877547e+02
2.42794109055784e+02
2.38099314513067e+02
2.31123728919766e+02
1.98542419784650e+02
1.88596690181756e+02
1.80228294373255e+02
2.01773792821897e+02
2.80546563609695e+02
6.95639927825026e+01
6.68540336416991e+01
6.53223621211661e+01
5.31062042783312e+01
4.85845330208650e+02
5.24443708269856e+02
5.46175055470800e+02
5.49600678156735e+02
5.15636382624894e+02
4.60523538601409e+02
4.28180129576156e+02
3.48442282457814e+02
2.70069639176623e+02
2.13378364376913e+02
1.63568963719060e+02
1.17158091950765e+02
8.53603460457534e+01
7.45311023118347e+01
6.21736849082300e+01
2.65905183473173e+02
1.77262788984358e+02
1.40183058864166e+02
1.56057524049327e+02
1.11822661479095e+02
7.53145428997968e+01
6.96255011248100e+01
5.92160610729471e+01
9.28946675865358e+01
1.48536132807158e+02
2.04433740149022e+02
1.14620857953427e+02
1.72891867477794e+02
1.33964237168873e+02
1.37718031280984e+02
2.92780319595184e+01
2.00697912102242e+02
2.17219836256687e+02
2.43868231466224e+02
2.47381984074280e+02
2.34935820769006e+02
2.13284303046394e+02
1.84107839360244e+02
1.92503566850615e+02
6.06967895981099e+01
3.94292351868383e+01
1.96968782442965e+02
1.78037301876834e+02
1.87189285566875e+02
1.92529078506193e+02
2.21088273769491e+02
2.58938540486664e+02
2.72317773391906e+02
2.67847871975481e+02
2.60584062800657e+02
2.24660587946579e+02
2.14267053679342e+02
2.05253039476150e+02
2.30081156135090e+02
3.20246641520335e+02
4.46948658962235e+02
5.54060780919599e+02
8.23265220222544e+01
7.89645026046315e+01
7.72269569888950e+01
6.29608565876213e+01
6.29099261935818e+02
6.34481821631080e+02
5.96917712396421e+02
5.34408486825114e+02
4.97974087573810e+02
4.06162910124917e+02
3.15636185347191e+02
2.49922390100500e+02
1.91943348344869e+02
1.37877773819008e+02
1.00545691397288e+02
8.79355865053639e+01
7.34913439078961e+01
3.24574215403373e+02
2.22328400908682e+02
1.77510066675950e+02
2.01389951585227e+02
1.55591962940441e+02
1.23025544623923e+02
1.71625028688292e+02
1.08359034646857e+02
1.35310613751949e+02
8.28992253384091e+01
1.42214451265721e+02
1.16518796455655e+02
1.24079581264290e+02
1.86088138826585e+02
1.89839548196254e+02
3.27227482730940e+01
2.35426944504938e+02
2.42718500734995e+02
2.33030519065017e+02
2.13759901860119e+02
1.86324132202435e+02
1.95939934879343e+02
1.94432498157524e+02
2.02205219718178e+02
6.73331798282918e+01
4.39235880427379e+01
1.93563872393255e+02
1.98800519430341e+02
2.28733912219979e+02
2.68954776415864e+02
2.84027190105419e+02
2.80321300069365e+02
2.73503679680196e+02
2.36581599488482e+02
2.26375890231875e+02
2.17167123841631e+02
2.43660412544275e+02
3.39745195532356e+02
4.75040634288672e+02
5.90596991152156e+02
6.34542689284896e+02
7.20286074027227e+02
9.09994283711574e+01
8.72618610654246e+01
8.54709506316339e+01
6.98589678815623e+01
6.45381140245089e+02
5.79373639452475e+02
5.41216463065920e+02
4.42604568697480e+02
3.44836836712091e+02
2.73650550592476e+02
2.10612644394888e+02
1.51661307605079e+02
1.10750808499893e+02
9.70366563222427e+01
8.12544457562470e+01
3.47813883395390e+02
2.19537535716935e+02
1.72757514360008e+02
1.41869921106696e+02
2.13552703992229e+02
1.60904642442350e+02
1.20892306514796e+02
9.34206519035801e+01
7.26159981538537e+01
1.18227953694319e+02
1.08222627063617e+02
1.23069425410366e+02
1.89742179876445e+02
1.93326834994121e+02
2.34173611807869e+02
2.53964291797989e+02
3.80774802734633e+01
2.89897057864006e+02
2.14800790045041e+02
2.48391721494048e+02
2.29856772951218e+02
2.02995619220661e+02
2.16389960945797e+02
2.16002397822173e+02
2.21832657011727e+02
2.32413537877943e+02
1.75429619067128e+02
7.76972887248337e+01
5.09161090076822e+01
2.49823325364785e+02
2.93753219395258e+02
3.10733622424379e+02
3.06896655704800e+02
2.99727100662963e+02
2.59857065317810e+02
2.49663087929137e+02
2.39826894321033e+02
2.69396062433436e+02
3.76901347689955e+02
5.27440732214424e+02
6.56541343331186e+02
7.06786244687989e+02
8.04065548015564e+02
8.34388286783218e+02
8.02224895429887e+02
1.04702265108378e+02
1.00369897755685e+02
9.84364922157473e+01
8.06556011321162e+01
6.11762408292453e+02
5.01444633343790e+02
3.91738420824167e+02
3.11659602925160e+02
2.40371163257930e+02
1.73551767341989e+02
1.26895739650084e+02
1.11392848013309e+02
9.34601866668189e+01
3.88368455176539e+02
1.65460788085936e+02
2.58601630983067e+02
2.02711260795422e+02
1.61452699703548e+02
1.38968403584544e+02
1.41362992925163e+02
1.39416281690239e+02
6.93188563536006e+01
9.34744650028919e+01
1.55177282610366e+02
1.68374820964848e+02
2.06989942197969e+02
2.34319632125617e+02
2.39297707215754e+02
2.30484818828384e+02
4.12463218061415e+01
3.25957926738834e+02
2.43363970433171e+02
2.35107129743079e+02
2.20798692087104e+02
1.99136423843850e+02
2.14127581451899e+02
2.16518361679977e+02
2.23257765238958e+02
2.36295369231817e+02
1.78106538659548e+02
1.89313218751068e+02
2.73314391859840e+02
8.37335479758320e+01
5.50408487719006e+01
3.16828976017964e+02
3.13426203819335e+02
3.06548582598053e+02
2.66285381857995e+02
2.56350791373387e+02
2.46046446729750e+02
2.76156464417806e+02
3.86784267761994e+02
5.42481323141207e+02
6.77685978505811e+02
7.32494731479396e+02
8.35598505889039e+02
8.70557017383802e+02
8.39684425819903e+02
8.59805449098863e+02
7.57522553674405e+02
1.12297031560429e+02
1.07706644781709e+02
1.05826239356828e+02
8.69177355656537e+01
4.15663903736531e+02
3.31441514316015e+02
2.56208411653578e+02
1.85373468202129e+02
1.35740207040167e+02
1.19380339938441e+02
1.00355480375443e+02
4.41697163697642e+02
2.59432205363436e+02
2.14051788792389e+02
1.94760963802017e+02
2.19818216654374e+02
2.33553973010111e+02
1.19714838553010e+02
1.37807895398405e+02
8.06049524701821e+01
1.14776347762513e+02
1.46969457503954e+02
1.81348882391238e+02
1.94911894347478e+02
1.96317662812613e+02
1.86275375218232e+02
1.66709746514975e+02
4.37862554971619e+01
3.73582647485142e+02
2.81835403155643e+02
2.74219799581493e+02
2.61051962227970e+02
2.15827546337956e+02
2.65921789265425e+02
2.03729117397388e+02
2.11596936746972e+02
2.26934518108662e+02
1.72061513422178e+02
1.83876758606819e+02
2.66073136235618e+02
3.25898399772704e+02
3.23524491520367e+02
8.84498878902789e+01
5.83142560290639e+01
3.02442956958865e+02
2.63632011751157e+02
2.54979997737023e+02
2.45121742813443e+02
2.75620386100674e+02
3.87464887751786e+02
5.44768966794144e+02
6.82745395692868e+02
7.40754759938992e+02
8.47689359923207e+02
8.86449174307184e+02
8.58088954871182e+02
8.81605134393561e+02
7.79458946495415e+02
6.40671651303115e+02
5.10418518510500e+02
1.18030991291353e+02
1.13307346776107e+02
1.11537438163407e+02
9.18226065083044e+01
2.67343881458009e+02
1.93893262085130e+02
1.42221932655700e+02
1.25349875794360e+02
1.05596131694114e+02
4.73823994895922e+02
2.35091403590243e+02
2.73581279221438e+02
3.12765948921406e+02
1.62595464506759e+02
2.18142727128354e+02
1.38180321441156e+02
9.59553792591789e+01
7.25391200096738e+01
9.03016856963279e+01
1.27459108419971e+02
1.64199504129381e+02
1.78011950758522e+02
1.68658193042327e+02
1.65723037911118e+02
2.42865005954306e+02
1.70275681444269e+02
4.77635851489040e+01
4.04443071470852e+02
3.08292949985900e+02
3.02794383319394e+02
2.91959496335201e+02
2.43085484573464e+02
2.99897622576562e+02
3.30767472229992e+02
2.76255296010610e+02
2.26838700434871e+02
1.74806524609925e+02
1.90971184888689e+02
2.74673510656684e+02
3.34498779210855e+02
3.30028146382652e+02
2.98977821798732e+02
2.97260142493428e+02
9.60514625283345e+01
6.34777954472291e+01
2.64192711878451e+02
2.55061564848774e+02
2.88530040684704e+02
4.09441588708884e+02
5.75313327205171e+02
7.19489674436173e+02
7.79929289562943e+02
8.93875017174150e+02
9.34226393240954e+02
9.06468636478507e+02
9.35102144960187e+02
8.27682801576614e+02
6.82299670326604e+02
5.45153118272124e+02
4.15096372159608e+02
2.73730816701010e+02
1.27852160423553e+02
1.22867037988433e+02
1.21057888737389e+02
9.97982776280812e+01
1.53474250392453e+02
1.35534525631192e+02
1.14371096735613e+02
4.89680924623449e+02
2.98618315944872e+02
3.44815850086565e+02
1.83665045233088e+02
2.52226687002747e+02
1.66097085335486e+02
1.27205727764603e+02
1.33242446232479e+02
1.61869459643178e+02
1.80488692654646e+02
1.67241579659210e+02
1.69477789357021e+02
2.51793973538585e+02
1.75016725434753e+02
2.71420781241512e+02
5.03121223204224e+01
4.19063594530414e+02
3.20531117614426e+02
3.15413578253078e+02
3.05188983608065e+02
2.54934812625204e+02
3.15411748422409e+02
3.50438172635859e+02
2.94572854000671e+02
2.60965502623745e+02
1.78898299385451e+02
1.96348899941012e+02
2.81545375891150e+02
3.42531039964282e+02
3.37618376225881e+02
3.06189764020483e+02
3.04261109700488e+02
3.31748200783905e+02
1.00918536865925e+02
6.67949187624441e+01
2.61603823249135e+02
2.95772689638049e+02
4.20594130585521e+02
5.91111672975404e+02
7.39636168195077e+02
8.02704414601770e+02
9.21016822326976e+02
9.63758725924716e+02
9.36683010117654e+02
9.68110199702231e+02
8.58229778251840e+02
7.08625723128914e+02
5.67117826534192e+02
4.32460990363360e+02
2.85562477216402e+02
1.85980200239638e+02
1.34011254865274e+02
1.28848813301119e+02
1.27066540150778e+02
1.04872700122243e+02
1.41987915282946e+02
1.19942500411514e+02
4.97372129387395e+02
3.55202430704245e+02
1.93573260418132e+02
2.63997398759472e+02
1.77900181186201e+02
1.45485043385779e+02
1.73680273276251e+02
1.55205943230134e+02
2.08075239902583e+02
1.87093498783201e+02
1.88512844140908e+02
2.80791282886425e+02
1.92603898756044e+02
2.96863397380464e+02
1.98257041959101e+02
5.44462385035917e+01
4.25949692652644e+02
3.26123118811530e+02
3.20385506658068e+02
3.10034966867763e+02
2.59435489292669e+02
3.21799981509011e+02
3.58509583911926e+02
3.01798924477385e+02
2.68348739237120e+02
2.88243221377238e+02
2.11073808952839e+02
3.00988036353425e+02
3.66093394167008e+02
3.60903138402912e+02
3.26657978197425e+02
3.23033081806122e+02
3.52488563376818e+02
2.59793697551836e+02
1.08868070226482e+02
7.21982488177735e+01
3.10105541279011e+02
4.40077473556736e+02
6.18922196150778e+02
7.76259645450610e+02
8.44972481120543e+02
9.70838839302343e+02
1.01874711952875e+03
9.92122652620160e+02
1.02702357970550e+03
9.12786871444052e+02
7.54931926296107e+02
6.05239546458846e+02
4.62415300882026e+02
3.05811739847752e+02
1.99398263357985e+02
1.65249279410478e+02
1.44098806831224e+02
1.38573882673354e+02
1.36837495226343e+02
1.13124771326918e+02
1.29101059338329e+02
5.02433018156974e+02
1.99908204724947e+02
2.72313013885503e+02
1.87326310568471e+02
1.60843234756519e+02
2.04938199622449e+02
1.90330664482228e+02
2.47513270495471e+02
2.31484601305853e+02
1.90362636641934e+02
1.90367790946814e+02
2.03174351774353e+02
3.08924808769801e+02
2.10958746339434e+02
3.23120105918778e+02
2.15809623867353e+02
2.03365193848606e+02
5.93861233874488e+01
4.30542631736189e+02
3.29859617669345e+02
3.13209222303828e+02
2.62384955622953e+02
3.26037558819176e+02
3.64146301407563e+02
3.06768706548853e+02
2.73260652155554e+02
2.94441066770328e+02
3.42400379573055e+02
3.22789242448192e+02
3.92746685395031e+02
3.87490443521802e+02
3.50060925172800e+02
3.44559799713603e+02
3.76463795690455e+02
2.77717232646033e+02
2.15418880629225e+02
1.18324476275843e+02
7.86395927480497e+01
3.71139883663980e+02
4.63974625492049e+02
6.52756621807397e+02
8.20480328042092e+02
8.95703634967966e+02
1.03053240314198e+03
1.08434634622452e+03
1.05816745183695e+03
1.09730155213684e+03
9.77786082772853e+02
8.10216362732186e+02
6.50796335440256e+02
4.98193357185182e+02
3.30008195585357e+02
2.15427866701895e+02
1.78760387815153e+02
1.53608252410586e+02
1.56187445516335e+02
1.50182635819409e+02
1.48481343433286e+02
1.22954406675891e+02
5.11080321782473e+02
2.85580952457189e+02
1.99271193890243e+02
1.75377628802146e+02
2.27391817377998e+02
2.11327965613547e+02
2.61680554231655e+02
2.54008068194705e+02
1.51225100810439e+02
1.82161331229154e+02
2.99559945268378e+02
2.05182949597696e+02
3.17149254928040e+02
2.14495518020011e+02
2.06067511711230e+02
2.63708836504003e+02
6.37472976273673e+01
4.38656557823637e+02
3.36690829541809e+02
2.68724352262754e+02
3.34184410536059e+02
3.74699551671973e+02
3.16253052891307e+02
2.81902826554799e+02
3.04110848855697e+02
3.54324117142517e+02
2.82709024938853e+02
4.01222186823169e+02
3.97139697852598e+02
3.60158771963382e+02
3.54681653365263e+02
3.88756409546852e+02
2.87416240044111e+02
2.23049057130835e+02
3.26484934041836e+02
1.26593015167016e+02
8.43041153267915e+01
3.78896184762512e+02
3.27640134610977e+02
6.75747928033747e+02
8.50646371621509e+02
9.30846977105208e+02
1.07284835545910e+03
1.13141559196962e+03
1.10675289291073e+03
1.15061335196405e+03
1.02783229044741e+03
8.53620059910554e+02
6.87236765144278e+02
5.27205180899135e+02
3.49860772765083e+02
2.28703995822376e+02
1.90105495931649e+02
1.63556011633963e+02
1.66565099802845e+02
1.60238826053374e+02
1.58626410937241e+02
1.31565282731183e+02
5.25294547663975e+02
2.14616872690903e+02
1.94078270211915e+02
2.59447421013911e+02
2.42672846456005e+02
3.03683051896373e+02
3.01413033111852e+02
2.31049701280894e+02
2.74383424951087e+02
1.87158966721201e+02
2.99896970837291e+02
2.04244603887190e+02
1.95426422552926e+02
2.54792116997297e+02
3.99351362486025e+02
6.60973086444739e+01
4.51086029596543e+02
3.46635498286640e+02
3.46183378747035e+02
3.89084421994629e+02
3.28992654036872e+02
2.94247599503645e+02
3.18725034256635e+02
3.71464571128733e+02
2.98593785228080e+02
2.66019128967490e+02
3.91825073806224e+02
3.56979900457885e+02
3.51788558367613e+02
3.87660362313771e+02
2.87388546942800e+02
2.21660920854523e+02
3.22879580870630e+02
4.85545185186990e+02
1.30963307690779e+02
8.73506903592490e+01
3.90010318231533e+02
3.37498372704136e+02
3.05476820040478e+02
8.49069495106352e+02
9.33331190646990e+02
1.07846728180175e+03
1.14189677866546e+03
1.12004910279630e+03
1.16675063230430e+03
1.04557671531226e+03
8.70010551327169e+02
7.01838472416692e+02
5.39627152029034e+02
3.58723747933127e+02
2.34828863242340e+02
1.95424787882762e+02
1.68313748678429e+02
1.71550711851227e+02
1.65172709128577e+02
1.63775268671826e+02
1.36067121694496e+02
5.43596686676649e+02
2.16402306067585e+02
2.96162450650892e+02
2.79429783065212e+02
3.54410665848409e+02
3.60688736091107e+02
3.07839227376896e+02
2.64008302513789e+02
1.53543940922835e+02
2.61411324767353e+02
1.81121847436966e+02
1.74473114860766e+02
2.34785555197711e+02
3.73133759940742e+02
3.64932199949002e+02
6.83002922985394e+01
4.67145296983802e+02
3.59514347476715e+02
4.07986754436607e+02
3.45776718749214e+02
3.10296493548096e+02
3.37393526865837e+02
3.93902376614112e+02
3.18858919484384e+02
2.85014341972339e+02
2.74623162055789e+02
3.44131996662091e+02
3.40281514547729e+02
3.78114465047835e+02
2.81891076401453e+02
2.16678025735003e+02
3.14499204976210e+02
4.74702236710893e+02
6.50494910685091e+02
1.34926052733515e+02
9.01725950448882e+01
4.04510699385511e+02
3.50470630395667e+02
3.17831678286954e+02
3.53469631090071e+02
9.24542244890031e+02
1.07200271100130e+03
1.14050888059224e+03
1.12251513481316e+03
1.17246475604743e+03
1.05473397447158e+03
8.79888764447864e+02
7.11640123456856e+02
5.48664602947076e+02
3.65523356847678e+02
2.39703212024404e+02
1.99788178262103e+02
1.72311341524013e+02
1.75845419640933e+02
1.69467023050054e+02
1.68346646406040e+02
1.40145144067668e+02
5.51884142653793e+02
3.02395115769668e+02
2.91193334375577e+02
3.60116772664331e+02
3.74905375814545e+02
3.23504842739603e+02
2.61445230324464e+02
2.41253540319217e+02
1.87069517677572e+02
1.43422496854079e+02
1.59289262302640e+02
2.18753336370315e+02
3.48816709645580e+02
3.66868616238571e+02
7.05864443382183e+01
4.75631877777088e+02
3.67197687146035e+02
3.57696273091539e+02
3.20352405799174e+02
3.47443506554482e+02
4.07593816961951e+02
3.30291723027945e+02
2.95663451058553e+02
2.87698845909031e+02
2.33503871273384e+02
3.30390675097457e+02
3.69459095472746e+02
2.76801959125420e+02
2.16169793375412e+02
3.19654875755249e+02
4.80842631026689e+02
6.55533845028224e+02
8.90921682725802e+02
1.39067454694882e+02
9.30776707989861e+01
4.13487792024598e+02
3.59316382003415e+02
3.26499239291803e+02
3.63166966936351e+02
3.65809796891814e+02
1.07849875878012e+03
1.14657823669019e+03
1.13077582397305e+03
1.18538234700614e+03
1.06736337155919e+03
8.92673486773397e+02
7.23820551808639e+02
5.58965517063388e+02
3.72979775633672e+02
2.44886050430738e+02
2.04574243834816e+02
1.76722714211796e+02
1.80780011293962e+02
1.74443405393778e+02
1.73437033772454e+02
1.44525544979430e+02
5.71451953860135e+02
3.20514204554249e+02
3.95933019371974e+02
4.15911928605185e+02
3.65817637584327e+02
2.95279016095674e+02
2.53050053914774e+02
1.46175851719221e+02
9.54107024345654e+01
1.25808332660498e+02
1.83245122621238e+02
2.99288161992178e+02
2.98234711408709e+02
3.27710901366972e+02
2.57478121038309e+02
7.10245236897606e+01
4.93337028447659e+02
3.81817720593274e+02
3.38481984357997e+02
3.67672087094253e+02
4.32398483730201e+02
3.51758224340438e+02
3.15630704171098e+02
3.09552721555776e+02
2.52739746375319e+02
2.90964268976992e+02
3.43470139637142e+02
2.59412401991453e+02
2.04191686929321e+02
3.05621187026583e+02
4.60876203123365e+02
6.29165012292872e+02
8.57030364744429e+02
1.03514933009372e+03
1.39610216863974e+02
9.35827794905593e+01
4.30058660235136e+02
3.74586049067364e+02
3.41137657841076e+02
3.80080301430072e+02
3.83767694207170e+02
3.82796793389251e+02
1.11258674848462e+03
1.10120908945872e+03
1.15872300899761e+03
1.04658042734399e+03
8.77762814339834e+02
7.13801945364599e+02
5.52697922323393e+02
3.69607109425282e+02
2.43118558387825e+02
2.03526973212475e+02
1.76142628099851e+02
1.80508593706247e+02
1.74508876655720e+02
1.73808079356427e+02
1.45079807501756e+02
5.85402619000122e+02
4.23423412262132e+02
4.50240485036637e+02
4.02045336393731e+02
3.26311243686614e+02
2.79434982328415e+02
1.69239023054027e+02
1.56411555736740e+02
1.39976185256911e+02
1.87979531584260e+02
2.88092168523424e+02
2.81439094085041e+02
3.12486981593604e+02
2.48968491843284e+02
3.52140881557527e+02
7.23651582838358e+01
5.06317676725949e+02
3.92867987216045e+02
3.83782763963391e+02
4.52256271059875e+02
3.68827984417865e+02
3.31318528137570e+02
3.27006582755582e+02
2.67719710757755e+02
3.08287896234880e+02
3.46187178427003e+02
2.54477404015396e+02
2.00634182573653e+02
3.03241423104669e+02
4.56213253778901e+02
6.20552927316725e+02
8.44354040666181e+02
1.01992675276864e+03
9.31313498016171e+02
1.41912115621102e+02
9.52699085233070e+01
4.42613641692322e+02
3.86428098014554e+02
3.52645325699272e+02
3.93401456933099e+02
3.98045511868743e+02
3.97955711719618e+02
4.00888090095862e+02
1.08989940311392e+03
1.15075886975402e+03
1.04160227619435e+03
8.75626297806623e+02
7.14004950147510e+02
5.54121490444300e+02
3.71199131957727e+02
2.44476978377728e+02
2.05054132580572e+02
1.77756271330118e+02
1.82494232915010e+02
1.76784776557963e+02
1.76382187474634e+02
1.47474510394832e+02
5.94919479866998e+02
4.61958191175844e+02
4.17786964471098e+02
3.41023293145989e+02
2.77917982019302e+02
1.80585211105819e+02
1.82047924320024e+02
1.20009936073567e+02
1.67103951240162e+02
1.96646712629817e+02
2.24566812558070e+02
3.04273726217517e+02
2.94918507162099e+02
3.25902977616748e+02
2.53745791708142e+02
3.62867470077742e+02
3.26774254679439e+02
7.58722993227680e+01
5.14273855729144e+02
3.99079680250694e+02
4.62379536050692e+02
3.77986550605122e+02
3.38506833653511e+02
3.34355797953315e+02
2.77146696944319e+02
3.23923485563955e+02
3.63505154350866e+02
4.04895628673012e+02
2.01642514277064e+02
2.96856468788303e+02
4.48856228556881e+02
6.15171381993379e+02
8.39232621000888e+02
1.01999823848194e+03
9.42724064112041e+02
1.05137058055844e+03
1.48298080300406e+02
9.98011636972879e+01
4.49393000843385e+02
3.92220447683060e+02
3.58220892805161e+02
4.00191909823310e+02
4.05265838395401e+02
4.06039731524941e+02
4.10004689827286e+02
3.97212245184669e+02
1.17008917323257e+03
1.06464671268796e+03
8.96863077085683e+02
7.33336424264215e+02
5.71086416464469e+02
3.83291630817971e+02
2.52741220159186e+02
2.12130505964724e+02
1.84089749941287e+02
1.89098678391738e+02
1.83454450552358e+02
1.83593995123829e+02
1.53973467862863e+02
6.21619966166365e+02
4.91664787112074e+02
3.45422284971428e+02
2.38926706752797e+02
2.59354166470191e+02
1.80850474017749e+02
3.02831622008592e+02
2.08855120222887e+02
2.22579409659053e+02
2.61531234009566e+02
3.14155840094394e+02
2.89052033857631e+02
1.64883530537190e+02
7.49487830581185e+01
5.38004574041216e+02
4.18436946810449e+02
4.09010581181033e+02
3.67821082843341e+02
3.65676855769339e+02
3.05439311533163e+02
3.59712074243030e+02
4.07265584883626e+02
4.57534259531990e+02
5.19570255295962e+02
2.70778423237357e+02
4.11678759910200e+02
5.67200330832220e+02
7.77343052829038e+02
9.50373168535340e+02
8.84845604642030e+02
9.90541011329971e+02
1.25358493349413e+03
1.46069934942475e+02
9.84982407648496e+01
4.71286021496186e+02
4.12275335805583e+02
3.77481537485420e+02
4.22776975730815e+02
4.29358663788738e+02
4.31583098505789e+02
4.37342297285305e+02
4.25048049691070e+02
4.48293719618364e+02
1.01741373638650e+03
8.60234862376470e+02
7.06063896662795e+02
5.51893625846753e+02
3.71462616932498e+02
2.45512518062576e+02
2.06542197051437e+02
1.79637969273026e+02
1.84886629577919e+02
1.79766867916721e+02
1.80348547932063e+02
1.51608239692475e+02
6.37377031118800e+02
4.59427093258751e+02
3.99183872079850e+02
2.80698970082708e+02
3.06517399694565e+02
2.07424626233423e+02
3.34372101973597e+02
2.08061675713932e+02
1.10377213766768e+02
1.10601081903314e+02
1.61452894287873e+02
2.14597560007679e+02
1.86978415773535e+02
2.88697944278441e+02
2.70075818464055e+02
1.56107803488908e+02
2.04886006350037e+02
7.51365119577307e+01
5.52804876834237e+02
4.31204060012594e+02
3.89099473417958e+02
3.89129825033270e+02
3.25018413955167e+02
3.81935543719529e+02
4.35595098985448e+02
4.92434865502253e+02
5.65469546059522e+02
5.62702436246483e+02
4.02177599019696e+02
5.49071657651046e+02
7.49611857369840e+02
9.15155520657067e+02
8.50394334593237e+02
9.54974989806047e+02
1.21388974775621e+03
1.08551742515411e+03
1.46014862737880e+02
9.86370960549158e+01
4.85871676238758e+02
4.26270773978565e+02
3.91216459041507e+02
4.38854140115814e+02
4.46774252311316e+02
4.50129175117245e+02
4.57266357443491e+02
4.45198454069698e+02
4.70614186455686e+02
4.36762432504983e+02
8.39934270433547e+02
6.91936589541398e+02
5.42356016596447e+02
3.65830730945972e+02
2.42155532359915e+02
2.04247025210399e+02
1.78023643671733e+02
1.83702307133053e+02
1.79057437524280e+02
1.79983972611258e+02
1.51579897600539e+02
6.51207783127395e+02
4.49147943787874e+02
3.22381105955127e+02
3.57799618114162e+02
2.43252547359781e+02
3.96418933298190e+02
2.56175881998422e+02
1.65209755703349e+02
1.37303386205691e+02
1.04288822438509e+02
1.91547516903909e+02
1.75934950822849e+02
2.81827642564821e+02
2.66360162706973e+02
1.55163667757163e+02
2.10861733475739e+02
3.43696141826986e+02
7.61061980899206e+01
5.65699011685919e+02
4.42319543764335e+02
4.10791297041711e+02
3.43812881429277e+02
4.04369600265779e+02
4.63816945420443e+02
5.26854653472137e+02
6.09860497304071e+02
6.13595248951033e+02
5.47339006723241e+02
5.42837223889601e+02
7.35074704255430e+02
8.94312557555239e+02
8.29644322611839e+02
9.32175470533997e+02
1.18917480437014e+03
1.06561715673298e+03
8.94895789113869e+02
1.47468972650832e+02
9.98083881863439e+01
4.98521360536787e+02
4.38401688443954e+02
4.03197972291357e+02
4.53046362718642e+02
4.62237189303874e+02
4.66766476367493e+02
4.75315833076230e+02
4.63624312350116e+02
4.90998549980460e+02
4.56831789534437e+02
4.70966290653074e+02
6.85673343669653e+02
5.38990529615696e+02
3.64253493312521e+02
2.41374921553823e+02
2.04057574888364e+02
1.78201237999124e+02
1.84295553004714e+02
1.80067379489370e+02
1.81398824378134e+02
1.53094860737685e+02
6.49728314282115e+02
3.38209730488820e+02
3.84728531451919e+02
2.61669140258025e+02
4.09394782722393e+02
2.53167033314257e+02
1.82067582219046e+02
1.71190664646150e+02
1.89163269863220e+02
3.22551221527579e+02
3.08680387126222e+02
1.80582660188185e+02
2.36291415304081e+02
3.75573813113433e+02
5.09649187883665e+02
8.15348685330862e+01
5.64397977748951e+02
4.41548824604965e+02
3.49244419985461e+02
4.13609291122806e+02
4.74419566010637e+02
5.37503819706984e+02
6.20979276270441e+02
6.25789055991887e+02
5.61828237595820e+02
4.86159011191013e+02
7.79532014140915e+02
9.45022886845493e+02
8.81298046853849e+02
9.80625575522023e+02
1.24934694793763e+03
1.12445569407251e+03
9.42279737001926e+02
9.06972586270479e+02
1.57428628922106e+02
1.06818401656356e+02
4.97568479227955e+02
4.37736422227784e+02
4.03009179678441e+02
4.53452190354115e+02
4.63190907571503e+02
4.68591813759629e+02
4.78114374061097e+02
4.66870356831276e+02
4.94336653531327e+02
4.61030433433390e+02
4.75099708009735e+02
4.33377432809472e+02
5.71546425546926e+02
3.86261744411589e+02
2.55598759740092e+02
2.16074856802792e+02
1.88734055317923e+02
1.95263941193897e+02
1.90994759969381e+02
1.92964420565833e+02
1.63346198756597e+02
6.44107036230785e+02
4.02280751897003e+02
2.71862329137965e+02
4.16963112478438e+02
2.56252825002085e+02
1.94450330937865e+02
1.93125063530238e+02
3.00120600389660e+02
1.56299998367883e+02
1.74030928848709e+02
3.43001654452967e+02
3.46433734839519e+02
2.09489744071127e+02
2.75050916175862e+02
4.21451080137440e+02
5.61620814584530e+02
7.31233066066744e+02
8.78309227924214e+01
5.59692374312638e+02
4.38231475637436e+02
4.18565060775404e+02
4.80417582647458e+02
5.43625688550822e+02
6.28010997902983e+02
6.34439572534412e+02
5.72098908422201e+02
4.95253519955136e+02
4.01809372369645e+02
1.01265485177182e+03
9.46904676138583e+02
1.04269516600487e+03
1.32615932020917e+03
1.19669331275501e+03
1.00084989052621e+03
9.64542796789655e+02
8.42540788517062e+02
1.68963723566090e+02
1.14932419339034e+02
4.93846818164911e+02
4.34799290472496e+02
4.00772129052937e+02
4.51509140273062e+02
4.61798576690358e+02
4.67962516502389e+02
4.78285667087257e+02
4.67407009481335e+02
4.94964347633484e+02
4.62485660737490e+02
4.76810364920977e+02
4.35444893144094e+02
3.79716845970028e+02
4.12638420372815e+02
2.72425156342465e+02
2.30290015991951e+02
2.01147928303092e+02
2.08237383331143e+02
2.03855254224741e+02
2.06488269325495e+02
1.75276974401083e+02
6.55073068460817e+02
3.08736536446396e+02
4.72715846271889e+02
2.95015711927013e+02
2.40279727754454e+02
2.56968384096957e+02
4.30668850492319e+02
3.40984266397063e+02
2.67775843533188e+02
1.83166087856711e+02
2.51440981516231e+02
3.87338881468221e+02
5.28996380901794e+02
6.98792917946624e+02
9.28503679561347e+02
8.95073901530469e+01
5.69296086607842e+02
4.46131534358848e+02
5.08205569502571e+02
5.75805011360296e+02
6.66768938809982e+02
6.76751740947739e+02
6.15148592148447e+02
5.34379571974840e+02
4.39261259029762e+02
4.22423964192475e+02
9.25301668414080e+02
1.01654463424047e+03
1.29734224272824e+03
1.18178765786353e+03
9.88733523701667e+02
9.55933184094025e+02
8.39937798976786e+02
5.27602928887551e+02
1.71603322195318e+02
1.17024443471961e+02
5.02734050899429e+02
4.43019997924281e+02
4.08954518350281e+02
4.61606370351931e+02
4.72956377520787e+02
4.80346878380168e+02
4.92092013150056e+02
4.81852596642345e+02
5.10952655208504e+02
4.78925330094199e+02
4.94568495615092e+02
4.52804970941717e+02
3.96634302386199e+02
4.38387018517740e+02
2.73063971748216e+02
2.31109713396977e+02
2.02156198681877e+02
2.09494288356753e+02
2.05491151369795e+02
2.08857645151694e+02
1.77879596170945e+02
6.58121134770295e+02
5.09510573343722e+02
3.21662238081173e+02
2.69879106531195e+02
2.97016398420519e+02
5.03541171871990e+02
4.36802481678363e+02
1.63360149456914e+02
2.48946463535888e+02
3.70839947683580e+02
5.13328156707733e+02
6.84490028671459e+02
9.05376849203798e+02
1.02582450933773e+03
9.23909782600484e+01
5.72196563135209e+02
4.48888901196441e+02
5.98504193343880e+02
6.94940419882947e+02
7.08431910863302e+02
6.47415107503293e+02
5.64460356931207e+02
4.67894671541214e+02
4.54251491389514e+02
4.03655840945249e+02
1.01014452505107e+03
1.29289057128125e+03
1.18694229876242e+03
9.93121626491639e+02
9.63249579887888e+02
8.50852637528178e+02
5.35542178238419e+02
3.23115107580405e+02
1.76438713980001e+02
1.20656337838240e+02
5.05895166878421e+02
4.46317793306369e+02
4.12614282911233e+02
4.66520777385256e+02
4.78811149862322e+02
4.87262241031386e+02
5.00188236644940e+02
4.90526228048812e+02
5.20804135233479e+02
4.89375216995219e+02
5.06283047168422e+02
4.64619896385203e+02
4.08207887249711e+02
4.52472835821607e+02
4.61789586884632e+02
2.34922148447443e+02
2.05685154515846e+02
2.13402915381172e+02
2.09734234319862e+02
2.13902097108448e+02
1.82797192696220e+02
6.59921055791922e+02
3.40049469122604e+02
2.92776563717781e+02
3.26247673710698e+02
5.48339316108061e+02
4.83805507002900e+02
4.22305251063699e+02
2.62728039425626e+02
1.06511341056858e+02
2.30118107892951e+02
3.30183880301204e+02
4.76648520451901e+02
6.54356137839604e+02
8.64548861978927e+02
1.01412830699086e+03
9.50452866050981e+01
5.73783396787300e+02
4.50426452207878e+02
7.20609346430802e+02
7.36783526905300e+02
6.76817928107845e+02
5.90894246944539e+02
4.93401364437990e+02
4.84198234839868e+02
4.32843725068118e+02
4.59617519934483e+02
1.28422544623295e+03
1.19256756816550e+03
9.96481107792891e+02
9.69085331931241e+02
8.61288531060973e+02
5.42982723501251e+02
3.26776720871788e+02
2.76735805870184e+02
1.80806425345903e+02
1.23999807912447e+02
5.07643278380784e+02
4.48190159601358e+02
4.14887197569160e+02
4.69893241382909e+02
4.83035444175992e+02
4.92531912695723e+02
5.06609510883017e+02
4.97594504885028e+02
5.28901473964553e+02
4.98290764576080e+02
5.16252834426157e+02
4.74768623474205e+02
4.18616615358205e+02
4.65594921145880e+02
4.76373276534789e+02
5.54884647021791e+02
2.08512123147811e+02
2.16424871529694e+02
2.13090969783637e+02
2.18167411583453e+02
1.87154902005637e+02
6.69113607471771e+02
3.33910135819809e+02
3.78816854685775e+02
6.40004915977417e+02
5.72236294461256e+02
5.17319906255810e+02
3.46050533794290e+02
3.35796396816746e+02
2.80590774147587e+02
4.25543129764054e+02
6.10985816338738e+02
8.02274816279531e+02
9.96523811202461e+02
7.83579014290533e+02
1.20912994582068e+03
9.61965514755871e+01
5.81465363798908e+02
4.56531623294236e+02
7.79478284727083e+02
7.21400997786790e+02
6.30391886480792e+02
5.31576697383098e+02
5.31419841747896e+02
4.80455113732639e+02
5.05272266501428e+02
4.67371747658341e+02
1.18662520555560e+03
9.86690239981768e+02
9.60494391757855e+02
8.60157116579040e+02
5.42809933422403e+02
3.25640939293237e+02
2.75868636384392e+02
2.22220979600316e+02
1.82330874914842e+02
1.25420488473507e+02
5.14468723928344e+02
4.54342410116509e+02
4.21106551742040e+02
4.77902331101612e+02
4.92080462259227e+02
5.02908032047154e+02
5.18513979516130e+02
5.10376534896525e+02
5.43259279829656e+02
5.13559381147290e+02
5.32752536148199e+02
4.91059650298299e+02
4.35302749182821e+02
4.86732083498248e+02
4.99955026558670e+02
5.84685954449642e+02
6.79320127490186e+02
2.15612492749720e+02
2.12609676506863e+02
2.18668949032719e+02
1.88423708042272e+02
6.88537270068152e+02
4.49692742621922e+02
7.69649898035010e+02
7.11183456053810e+02
6.76450709661913e+02
4.76513122270942e+02
5.04301608426396e+02
3.94948887402518e+02
2.12494288482833e+02
1.60656026055689e+02
2.96042323061550e+02
4.64714288995133e+02
6.34828828991878e+02
8.41903045846600e+02
6.78123179681549e+02
1.04755472217770e+03
1.17619136052449e+03
9.20617086273448e+01
5.98812866730223e+02
4.70850458810517e+02
7.87009864344672e+02
6.92765833237068e+02
5.88437993725654e+02
5.91797857412811e+02
5.38755488013626e+02
5.71988542318198e+02
5.38098133056357e+02
4.09728344836762e+02
8.88887082114846e+02
8.72574235741162e+02
7.89741349378726e+02
5.01306498006225e+02
3.01569905842830e+02
2.56463433779294e+02
2.07498769108808e+02
1.77136375723586e+02
1.73620001792356e+02
1.19852279613608e+02
5.30704145106574e+02
4.69423585596120e+02
4.35805703475357e+02
4.95414566932871e+02
5.11062194817630e+02
5.23332697877726e+02
5.40697888645059e+02
5.33316174948807e+02
5.68972010738569e+02
5.39167681862211e+02
5.60821699777871e+02
5.18407154623044e+02
4.60819302697113e+02
5.16719095599485e+02
5.32560049272643e+02
6.25047429378431e+02
7.29607975317121e+02
7.82132857860089e+02
2.00375873498700e+02
2.07086604955607e+02
1.79250287964461e+02
6.95853816831661e+02
8.52028120462716e+02
8.15552971571922e+02
5.81226185381892e+02
6.53600627193042e+02
5.24641260522489e+02
2.78941147064283e+02
1.15854274434403e+02
1.08660822686807e+02
2.89526751780778e+02
4.48425796474133e+02
6.40731153093633e+02
5.41377589414877e+02
1.00000143524598e+03
7.95017780424686e+02
8.75948690638793e+01
6.06489024288104e+02
4.78207464429967e+02
7.45227678905831e+02
6.34629779604128e+02
6.32170574046652e+02
5.74747772648075e+02
6.20627702322648e+02
6.00875306553272e+02
4.56171752654918e+02
4.66313296721063e+02
7.75644568082217e+02
7.10044913950922e+02
4.54764627597139e+02
2.74735537086074e+02
2.34784302958581e+02
1.90659245953525e+02
1.64072913402664e+02
1.67055619415200e+02
1.64144929697629e+02
1.13757540098774e+02
5.39261562763920e+02
4.78340622385769e+02
4.44931876757831e+02
5.06331624623905e+02
5.23275051587395e+02
5.36544548940166e+02
5.55129156111063e+02
5.48312657090139e+02
5.86379035866120e+02
5.56164820084615e+02
5.80569494390890e+02
5.38202796708579e+02
4.78056903999471e+02
5.35663619241684e+02
5.52889492492955e+02
6.49990640587352e+02
7.64214451903771e+02
8.25337198570441e+02
8.49876044715980e+02
1.95036208332058e+02
1.69533702253402e+02
6.82882192472160e+02
8.85329871407124e+02
9.07641757877901e+02
6.63538471701389e+02
7.90054780424794e+02
6.77729887365113e+02
3.77692596221331e+02
2.24902413561348e+02
3.32921463200270e+02
5.23741185594907e+02
4.67140997900680e+02
7.86979471841719e+02
9.17231707440091e+02
7.39304756206163e+02
7.18127652683682e+02
8.69481287362602e+01
5.96288394730537e+02
4.71296614426355e+02
6.58986357491583e+02
6.51680773221169e+02
5.92194648856333e+02
6.47073469603037e+02
6.40553330987921e+02
4.85034387388373e+02
4.91803493426791e+02
7.32846932422036e+02
6.82884387619061e+02
4.39694026975732e+02
2.64682908257480e+02
2.26177626742609e+02
1.83677120841889e+02
1.58996507844429e+02
1.62771442816146e+02
2.14757858026767e+02
1.61886023777250e+02
1.12637236310868e+02
5.31713668405212e+02
4.72810337995300e+02
4.40546524493032e+02
5.01847895732948e+02
5.19496559567527e+02
5.33332538382719e+02
5.52548243109484e+02
5.46460159744230e+02
5.85633877651182e+02
5.55943794101739e+02
5.82107973299028e+02
5.40967184079802e+02
4.80215441507724e+02
5.37875643705862e+02
5.55896914789431e+02
6.54510495811889e+02
7.74176662411281e+02
8.41359475409558e+02
8.69818816541627e+02
8.38797518429608e+02
1.67300728677124e+02
6.56214036281782e+02
9.68522580423222e+02
7.14092997521382e+02
8.80108673398300e+02
7.81254336303606e+02
4.39325569450047e+02
2.75318658128696e+02
3.02070670906224e+02
4.07633683124539e+02
7.23116375169846e+02
8.64017295362277e+02
7.07747567190162e+02
7.03567162340745e+02
7.59004745395161e+02
8.80316489309125e+01
5.73886589650612e+02
4.54526832232555e+02
6.56290181158464e+02
5.96776588150101e+02
6.57857156990387e+02
6.62464574233620e+02
5.00826387331528e+02
5.04943758891998e+02
7.51486131573434e+02
9.26014597472596e+02
4.38829027249449e+02
2.61929385467688e+02
2.23153756071735e+02
1.80815102605847e+02
1.57216349276315e+02
1.61641884096496e+02
2.14362645349614e+02
2.11304261294964e+02
1.62820170646834e+02
1.13755320497965e+02
5.13013531379817e+02
4.57158340291103e+02
4.26634568786314e+02
4.86489333664168e+02
5.18436516506839e+02
5.37835099356764e+02
5.32582369739461e+02
5.71874947065108e+02
5.43399452740218e+02
5.70488883184340e+02
5.31351773802657e+02
4.71545777706244e+02
5.28216738255247e+02
5.46667700909656e+02
6.44660858262162e+02
7.66439872763167e+02
8.37445423761235e+02
8.68913888287489e+02
8.43476028632964e+02
7.53917562890712e+02
5.08213915119359e+02
6.15213439477713e+02
7.44886547687193e+02
9.42848873794892e+02
8.61311221007340e+02
4.92036237379600e+02
3.22871870727189e+02
3.90943615250037e+02
3.41316999476678e+02
3.80809526436169e+02
3.46085883074885e+02
3.48441627081930e+02
6.74482921512048e+02
8.34960855253792e+02
6.98684735993116e+02
7.15637672817524e+02
7.81173716876608e+02
5.98259991010790e+02
9.04953999515129e+01
5.38750068397685e+02
4.27469905835156e+02
5.86035718267200e+02
6.51385426752527e+02
6.65814653274132e+02
5.02839820445874e+02
5.05068970423170e+02
7.52151594499221e+02
9.36853782345169e+02
9.76108760652202e+02
2.66957850880879e+02
2.25429086937588e+02
1.81423265313614e+02
1.58118843673142e+02
1.62925390694366e+02
2.17120614943975e+02
2.15020642134826e+02
1.66197221650329e+02
1.16624299024664e+02
4.82699067999591e+02
4.30971359256654e+02
4.02785997605486e+02
4.59739812491510e+02
5.10254210906187e+02
5.05886155037350e+02
5.44247154428895e+02
5.17623854868556e+02
5.44782910770246e+02
5.08467708847199e+02
4.51119289372047e+02
5.05496411339135e+02
5.23892236994333e+02
6.18834139003086e+02
7.39235651909074e+02
8.11745922987122e+02
8.45148949744991e+02
8.25342230970931e+02
7.39258571407029e+02
6.97650445208424e+02
4.79724134442550e+02
4.64380713673612e+02
5.35553322527084e+02
8.69639465150227e+02
8.01388204674942e+02
4.55734617167843e+02
3.04847229092979e+02
3.91571749274436e+02
3.82672342372006e+02
4.22359616903047e+02
3.48804248642672e+02
7.12403127093622e+02
9.19405795388034e+02
7.87846603895583e+02
8.34937306758777e+02
9.21698182679551e+02
7.05656891954065e+02
3.13419841044290e+02
9.89304082940675e+01
4.69357314075603e+02
3.72810274531218e+02
5.89114470136871e+02
6.07995232303512e+02
4.57695955751764e+02
4.57490737178917e+02
6.79014533989132e+02
8.48609631132328e+02
8.89848454289248e+02
7.86607033778066e+02
2.50370922658641e+02
1.97601553117718e+02
1.71232139320229e+02
1.75514520979164e+02
2.34478052527828e+02
2.33090699312214e+02
1.80562029136390e+02
1.27187988232981e+02
4.21234462391653e+02
3.76587868478166e+02
3.52367050782568e+02
4.02528860411734e+02
4.44818073132734e+02
4.79355821518960e+02
4.56241316117070e+02
4.81182632187780e+02
4.49868801652870e+02
3.98944003829937e+02
4.47213648200763e+02
4.63993223299494e+02
5.48876030437221e+02
6.58115806705646e+02
7.25450303339092e+02
7.57328603499820e+02
7.42879644714455e+02
6.66211696716086e+02
6.28916706476504e+02
5.56669415193722e+02
4.19688720854157e+02
4.06708774672832e+02
4.05555083703985e+02
4.28450575192845e+02
4.38872416406617e+02
3.15793886453224e+02
4.46373401012519e+02
5.11401542629268e+02
6.79453015503116e+02
8.10673952836446e+02
7.39012287791157e+02
4.00829984561236e+02
4.88300767861041e+02
6.73709121970178e+02
8.52323130622988e+02
7.01856887444960e+02
3.14202715623456e+02
2.84991877633901e+02
1.91350802201116e+02
1.00665870646055e+02
3.75843532496088e+02
2.99007949222289e+02
4.12277548617552e+02
4.13112597584683e+02
6.16205469408725e+02
7.79216441356550e+02
8.28638376415146e+02
7.41737095495095e+02
7.45043315162961e+02
8.04829092506261e+02
1.63865428996736e+02
1.68395038467268e+02
2.28080030441545e+02
2.30261716505265e+02
1.80418428964943e+02
1.28604099774042e+02
3.38226070815349e+02
3.03029702685193e+02
2.84193797355495e+02
3.25335573787392e+02
3.74734727777614e+02
3.96905614956334e+02
3.72497263165692e+02
3.30711939169685e+02
3.71758062905584e+02
3.87085094724622e+02
4.59896206969655e+02
5.55282514732660e+02
6.16511735850078e+02
6.47506236605361e+02
6.40266006557312e+02
5.76861931432862e+02
5.46971044927685e+02
4.86602351801281e+02
5.13849529159480e+02
5.08289275975839e+02
3.38686601815829e+02
3.28944342204525e+02
3.28825739702409e+02
3.46247373437706e+02
3.68859868952283e+02
2.67922540457750e+02
3.11148251052200e+02
3.74010144738709e+02
5.18397840097350e+02
6.86621163972505e+02
7.32491340614343e+02
4.94581455889985e+02
6.28930184711057e+02
3.60045904477400e+02
2.78937193848860e+02
6.60040022625253e+02
6.91042292995089e+02
3.30369540673086e+02
2.95793256678643e+02
1.95865263678787e+02
1.86039873076305e+02
1.35448681893229e+02
1.07010429810516e+02
2.34495640729588e+02
1.86065647343228e+02
4.12201562325757e+02
5.19575760532949e+02
5.50932024897696e+02
4.93008065893985e+02
4.91886703829218e+02
5.30299284469022e+02
3.89887761707638e+02
2.36529707756466e+02
2.29629577576103e+02
2.36464659594448e+02
1.87997982247079e+02
1.35813990532354e+02
2.10980351986797e+02
1.88810361814023e+02
1.77219189274229e+02
2.03182736949858e+02
2.36911960049899e+02
2.10268111349371e+02
2.37330839774444e+02
2.47996900630431e+02
2.96135070534673e+02
3.59142082165279e+02
4.00211060616569e+02
4.22219671982885e+02
4.19142239061375e+02
3.78500794759329e+02
3.60509100682657e+02
3.21827729393707e+02
3.40889583047354e+02
3.38551592776663e+02
3.07365439269057e+02
3.14964678340178e+02
2.11603936020826e+02
2.05589923720599e+02
2.05851442664798e+02
2.17096982317778e+02
2.31983712840222e+02
2.29204748039148e+02
2.41821353935535e+02
1.47480608370734e+02
3.11819778948662e+02
4.28448796490011e+02
4.86809403780738e+02
3.68273497422568e+02
5.90475441345509e+02
5.58975342752814e+02
2.08170752393155e+02
2.12684224065970e+02
1.47790839804271e+02
1.42907689498752e+02
1.09716997083981e+02
1.71689154634841e+02
2.21454689843843e+02
9.93276417871850e+01
1.28255800471584e+02
1.00913540481668e+02
3.16973749307552e+02
2.83017913159505e+02
2.79847561840728e+02
3.02589329924467e+02
2.20934559763360e+02
1.32483767506147e+02
1.52841020082275e+02
2.04191825001175e+02
1.68540087596269e+02
1.24624578691413e+02
1.15027465754776e+02
1.02418887531543e+02
9.60769057238926e+01
1.10285675215532e+02
1.31766456725181e+02
1.38345120789602e+02
1.66510263139716e+02
2.03087696682319e+02
2.27119413419606e+02
2.40819429662111e+02
2.39869251479303e+02
2.16552912815892e+02
2.07271081038535e+02
1.85424351324012e+02
1.97335922144141e+02
1.96803454112863e+02
1.78398492925377e+02
1.83214535049587e+02
2.03741997252441e+02
2.36989981877729e+02
1.15175403679484e+02
1.11711939302898e+02
1.11978167104330e+02
1.18212669459677e+02
1.26873168615299e+02
1.25490916036404e+02
1.32833674224044e+02
1.28275484035270e+02
1.25073661678566e+02
7.67392980896550e+01
1.87644515320417e+02
1.29178415125890e+02
2.04101650751146e+02
1.96726033733134e+02
1.44729164174183e+02
1.22279881326983e+02
1.28616307229060e+02
1.80806002998110e+02
1.48931067854651e+02
1.12129307919593e+02
8.26994169611394e+01
1.25932858784681e+02
1.70790516009956e+02
1.50626552207045e+02
1.20828904354682e+02
8.46920129042273e+01
6.57035439532926e+01
5.05999269847278e+01
1.35261960189538e+02
1.45354663114551e+02
1.03823318492021e+02
5.94424905886545e+01
6.96967685032863e+01
9.38153200002669e+01
1.19221075334590e+02
1.58498868307490e+02
5.83097968882465e+01
5.11751455783495e+01
4.78172733041945e+01
5.49223700702229e+01
8.67908366847691e+01
1.06449231993725e+02
1.19131262623789e+02
1.26998175022139e+02
1.26439681600539e+02
1.13668771241466e+02
1.09602606322353e+02
9.81034795686511e+01
1.05086771875076e+02
1.04817215591393e+02
9.41637435512753e+01
9.65312263071801e+01
1.06646098968554e+02
1.22354145780489e+02
1.44581777459279e+02
1.47132395524142e+02
5.78422471912246e+01
5.57384488725580e+01
5.58629873435274e+01
5.89636818547981e+01
6.37135029617502e+01
6.30258017189220e+01
6.69786936620885e+01
6.47080864026508e+01
6.31769988638645e+01
6.66362765358209e+01
7.08965726754704e+01
5.61766095817181e+01
1.55302518959136e+02
1.46009493943459e+02
1.08181270304321e+02
9.78033947888388e+01
9.86993991793966e+01
8.03246205689375e+01
8.07959375967338e+01
4.90011057416801e+01
1.04737875041403e+02
9.64309156592359e+01
1.06464674675648e+02
1.45626891439495e+02
1.30501642779113e+02
1.06513645461460e+02
7.61846887645060e+01
4.75412413261128e+01
3.60161406094987e+01
8.07148810057503e+01
4.61741163548960e+01
5.56626814259772e+01
7.64875107801671e+01
9.78120738332695e+01
1.30501665933412e+02
1.49381905845579e+02
1.23531164321841e+02
4.18700273390408e+01
3.63508694650948e+01
3.38826427514867e+01
3.89659480891765e+01
8.95084912125322e+01
9.59368914270504e+01
9.56881806119858e+01
8.60054623442550e+01
8.35788238012315e+01
7.50908887680117e+01
8.12170771370118e+01
8.14472709555350e+01
7.32280079678364e+01
7.54566754186009e+01
8.38407089217326e+01
9.63892115249254e+01
1.14325576963986e+02
1.16457635242883e+02
1.15026765809464e+02
1.12498837204189e+02
4.12949733346717e+01
3.96151894871254e+01
3.97300601053486e+01
4.19687921120753e+01
4.56366615300824e+01
4.51899822440321e+01
4.82287131549089e+01
4.66708601896158e+01
4.56720449778520e+01
4.84533907797984e+01
5.18736397173898e+01
5.74831518123915e+01
6.31403504852428e+01
3.77135386459934e+01
9.08226351296796e+01
8.62083000505814e+01
8.75494700725466e+01
5.89037005203369e+01
4.24887614582043e+01
7.12854748338798e+01
4.49517326135673e+01
3.35844148087099e+02
2.60891714917624e+02
2.06625851991230e+02
1.45499015669039e+02
3.11815084082604e+01
2.28172310279750e+01
4.19430216389367e+01
5.97079630071432e+01
7.76237179670255e+01
1.06035009597195e+02
1.23118663414164e+02
1.01704652139917e+02
1.07942286797687e+02
1.24476039517714e+02
2.69944011109473e+01
2.28759008160432e+01
2.11695854819648e+01
2.43587123517098e+01
6.51404730380994e+01
5.83289958074398e+01
5.74241486043232e+01
5.18269839955841e+01
5.70399330756867e+01
5.75746466952512e+01
5.16436290479672e+01
5.35107407262624e+01
6.00018428873838e+01
6.89894745075854e+01
8.20597447370002e+01
8.33811955637257e+01
8.15520795358023e+01
7.99565805146168e+01
6.55763372173260e+01
5.39971546511402e+01
2.61976951887102e+01
2.48461781780360e+01
2.49014979730726e+01
2.62957107672829e+01
2.89109546393647e+01
2.86213206513260e+01
3.07298187762014e+01
2.97551567298316e+01
2.91845989628882e+01
3.12617699943444e+01
3.38009739654117e+01
3.79794946444548e+01
4.18881372615988e+01
4.77268936429504e+01
5.15264631807152e+01
2.16830047226184e+01
8.08227042453014e+01
5.62729372607198e+01
4.57862565939391e+01
8.47353626042787e+01
1.35939417085619e+02
2.42730145627975e+02
1.71837367382301e+02
1.58994327614065e+02
2.39257187622517e+02
2.14742079690114e+02
1.69929219002882e+01
1.13710072262867e+01
5.53544851589287e+01
7.83811962085952e+01
9.35977954213605e+01
7.84107553513871e+01
8.44595985522204e+01
9.99934031067431e+01
8.62164854203554e+01
7.57325287212091e+01
1.40893241058028e+01
1.11836851124518e+01
1.01224657969578e+01
1.16412655903602e+01
3.34876382142667e+01
3.03259530518913e+01
3.44878871428539e+01
3.52499188424069e+01
3.13218054437136e+01
3.26994821496101e+01
3.72872837000768e+01
4.27971052505494e+01
5.13141434985993e+01
5.18439758292072e+01
4.97833526742961e+01
4.92435245512335e+01
4.02228988489458e+01
3.33775434254572e+01
3.08567440198920e+01
3.24358738083399e+01
1.30636768137369e+01
1.19796749848365e+01
1.19522850196132e+01
1.25716548860069e+01
1.42305610660030e+01
1.40411693775190e+01
1.53143654997859e+01
1.48325093031531e+01
1.45971169864619e+01
1.59977112744815e+01
1.77205529792039e+01
2.05986093678574e+01
2.29482444815373e+01
2.64776276980995e+01
2.90946779919806e+01
3.16234739685446e+01
3.21287114375460e+01
9.99565376635678e+00
3.26761313519899e+01
6.00751164466077e+01
9.93712489996653e+01
1.87771343165195e+02
1.74411759824035e+02
3.00885422559338e+02
2.45373776634811e+02
6.64315271403367e+00
3.01341802163643e+00
6.05363785078553e+01
5.03270078781053e+01
5.42853894037943e+01
6.54180853226712e+01
5.72113934136512e+01
5.22593375379561e+01
5.67198224433544e+01
4.85629597028395e+01
4.65556756166663e+00
2.62553539261108e+00
2.02245370169357e+00
2.29930666914648e+00
1.65343959579430e+01
1.72950965648232e+01
1.48589949410873e+01
1.56918866421989e+01
1.85932502444787e+01
2.11072876194062e+01
2.55749842662500e+01
2.51704811584943e+01
2.26682615620604e+01
2.26893452328977e+01
1.80342380984159e+01
1.49735125839468e+01
1.50637957596084e+01
1.72077217221701e+01
2.44949720861533e+01
3.77944861132066e+01
3.42708963866252e+00
2.52309566150763e+00
2.41275213131241e+00
2.43807437979478e+00
3.35466619450309e+00
3.21697447780548e+00
3.83798791138408e+00
3.69589125814848e+00
3.68606635868535e+00
4.54918608028205e+00
5.61639951359496e+00
7.46514309406309e+00
8.59049647311055e+00
1.03035873119295e+01
1.19403555845491e+01
1.33425901633406e+01
1.33984542441736e+01
1.46738795200285e+01
1.47989226518512e+01
1.82617794672653e+00
4.97841524104913e+01
9.26414595034573e+01
9.54775559671900e+01
1.91598449571091e+02
2.06982859975965e+02
1.58933470246219e+02
1.38553786279246e+02
-6.14624841158517e-01
-2.87660189276850e+00
2.49297707331727e+01
3.06400733119699e+01
2.70983704171314e+01
2.71830705208836e+01
3.29981071062813e+01
2.70234714072651e+01
1.72904027074613e+01
2.26555461991240e+01
-1.98234784894097e+00
-3.41869369081693e+00
-3.71337124223959e+00
-4.33219152430713e+00
2.23175877723038e+00
2.55928782088544e+00
4.08096415280227e+00
4.14560275313423e+00
5.37419495797615e+00
4.08505410653642e+00
1.08850185231745e+00
1.50108687974780e+00
2.47336861024698e-01
-6.05885424991536e-02
1.94554060484812e+00
4.30593137808214e+00
8.47696217124316e+00
1.64493133652364e+01
2.25780905454669e+01
2.35181356829412e+01
-3.39379463870367e+00
-4.19210840431570e+00
-4.37988259413071e+00
-4.79903328928487e+00
-4.42618477352637e+00
-4.55137653088356e+00
-4.41357142340703e+00
-4.33267680037459e+00
-4.20693351953054e+00
-3.75694419553810e+00
-3.18381728839289e+00
-2.09738570672197e+00
-1.88696147775785e+00
-1.52811812437702e+00
-6.46414529998342e-01
-1.10088655149632e-01
-4.49836464086633e-01
3.47928303620662e-01
7.36294607327866e-01
1.85677954251090e+00
1.64800954094877e+00
-1.96949666404368e+00
4.52354961267305e+01
3.72672153883236e+01
2.88514752461949e+01
1.70968107863463e+01
-3.99813839521652e+00
-5.64201232781992e+00
1.52181398643682e+01
1.04360311649259e+01
2.82403072046662e+00
2.62698527282456e+00
7.21235500584274e+00
1.15755954609446e+01
1.35192278887680e+01
2.71959219046601e+01
-5.09009382815325e+00
-6.26040845039701e+00
-6.41698245261390e+00
-7.47013468367945e+00
-4.72835856630568e+00
-6.42906993484037e+00
-9.73348590481746e+00
-9.31325784474627e+00
-9.00282233238483e+00
-8.16557828356794e+00
-5.46864585851675e+00
-3.19500337833462e+00
-9.37966622547309e-01
3.76958246369148e+00
7.17864884366150e+00
7.60730275749283e+00
9.08033243047649e+00
8.08173222538439e+00
6.80894408488821e+00
8.84493336269034e+00
-6.60651748711609e+00
-7.37035889563149e+00
-7.60819035367118e+00
-8.25295263587804e+00
-8.15585181242085e+00
-8.29175293133819e+00
-8.39533938855749e+00
-8.21503507986651e+00
-8.04198934495090e+00
-7.81184960138771e+00
-7.49427717643885e+00
-6.79770722130569e+00
-7.04995932932034e+00
-7.36689036744776e+00
-6.89304371272543e+00
-6.80926526259706e+00
-7.36597587302613e+00
-6.84764974604555e+00
-6.37434577279673e+00
-5.53457257356946e+00
-5.48393098697256e+00
-5.20548272118789e+00
-4.93802587283023e+00
-3.60473531206645e+00
-3.89871772225399e+00
-1.12478245567354e+00
-3.25052918352629e+00
-5.04952787810046e+00
1.35797500347571e+01
1.64758964513948e+01
3.18369405316303e+01
4.92858169004456e+01
4.87312554254421e+01
3.83440691144105e+01
2.60264184775437e+01
-4.41804500225452e+00
-5.65839882341528e+00
-5.84866176924151e+00
-6.82190856196700e+00
-6.92062308507465e+00
-4.68510547040519e+00
-2.51121504263053e+00
2.38796458437367e-02
5.08935805420915e+00
8.83948783585948e+00
9.57312282169899e+00
1.15758520083569e+01
1.08360535860700e+01
9.38350038075247e+00
1.09195985027638e+01
1.27006313517962e+01
1.06404769097669e+01
8.93366041560379e+00
6.98422352210733e+00
6.36681880184464e+00
-5.92481686328527e+00
-6.71280765176499e+00
-6.95299099598796e+00
-7.56269503507255e+00
-7.43641680799600e+00
-7.58155186262403e+00
-7.65368409354041e+00
-7.49802470083434e+00
-7.34542243289599e+00
-7.09092615054034e+00
-6.75018032319707e+00
-6.02118619673808e+00
-6.22274203775515e+00
-6.44186795486035e+00
-5.94778374985674e+00
-5.82516653862586e+00
-6.34444478172073e+00
-5.82121648575970e+00
-5.38887679283185e+00
-4.52833370465617e+00
-4.47630292855641e+00
-4.21445867584410e+00
-3.93753693230435e+00
-2.45398728307619e+00
-2.46165234824953e+00
-2.80547028465988e+00
-3.52577530048635e+00
-4.83539638920903e+00
-5.06048111087108e+00
-5.15897661348755e+00
-9.31352834693519e-01
-3.08788246393492e+00
-4.92729318436304e+00
4.31836497195585e+01
4.33209232165797e+01
3.43635408592721e+01
2.35820312239024e+01
-4.27461413176939e+00
-5.53020680151911e+00
-5.72859955848308e+00
-6.69254825008150e+00
-4.00367608186535e-01
4.59363750774473e+00
8.28440532622504e+00
9.07703415038376e+00
1.11695615743581e+01
1.04622068531747e+01
9.03393170025324e+00
1.04630303462393e+01
1.20332113033790e+01
9.94151483206189e+00
8.32240964557714e+00
6.36287354068431e+00
5.45500204224621e+00
7.59615923745614e+00
1.07331586799040e+01
2.00222054049854e+01
-5.78564332551768e+00
-6.58321889095190e+00
-6.82957522714651e+00
-7.44064044524818e+00
-7.31802108592258e+00
-7.47517684177045e+00
-7.54666274816695e+00
-7.39867612650610e+00
-7.26357072698453e+00
-7.02339412058812e+00
-6.68990384175771e+00
-5.97202536364801e+00
-6.18303264824419e+00
-6.40195676383216e+00
-5.93050591009668e+00
-5.81861965536353e+00
-6.34164668849960e+00
-5.84252249730128e+00
-5.43566009295467e+00
-4.59539872208756e+00
-4.53680176429629e+00
-4.27488531611963e+00
-4.00446668085989e+00
-2.52305856782546e+00
-2.48130037566368e+00
-2.79131245327313e+00
-3.46644912382394e+00
-4.74757955274965e+00
-4.99069878951337e+00
-5.10194948008333e+00
-5.58090665687747e+00
-5.87817509017752e+00
-4.68134089402512e+00
-9.21445356290516e-01
-3.12476993485618e+00
-5.01094029405495e+00
1.18554026979532e+01
-4.34273843898022e+00
-5.62961736123396e+00
-5.83768714095793e+00
-6.83124535196292e+00
7.45123372961884e+00
9.42203599453046e+00
8.62382775550424e+00
7.21951884867382e+00
8.57791179266781e+00
1.02307303505786e+01
8.19773711872643e+00
6.70370787573460e+00
4.44567094695606e+00
2.74113400028342e+00
2.76142129036737e+00
3.66166205351367e+00
7.98420944396143e+00
1.22194404085571e+01
1.63200765708932e+01
1.81427859349096e+01
-5.89735127407518e+00
-6.72119471250181e+00
-6.98307731547568e+00
-7.61942892624046e+00
-7.51381023702022e+00
-7.68650513784306e+00
-7.77492153620276e+00
-7.63192292192473e+00
-7.50810919558464e+00
-7.28547020149091e+00
-6.96781637465561e+00
-6.26638007027598e+00
-6.51732100003834e+00
-6.78045548720658e+00
-6.34202394496549e+00
-6.26776383851572e+00
-6.82676149786727e+00
-6.35713215966998e+00
-5.96496221620460e+00
-5.15109062935264e+00
-5.09044664668990e+00
-4.81624381910244e+00
-4.55390996254600e+00
-3.08945188283685e+00
-3.07532953403908e+00
-3.43706612933605e+00
-4.14543766318976e+00
-5.49794719362657e+00
-5.81220296511330e+00
-5.94105745283839e+00
-6.44720900773254e+00
-6.83169059644016e+00
-5.70121559386898e+00
-4.54217271944607e+00
-1.79293615031704e+00
1.03869000653520e+00
-2.79102945304614e+01
7.56494151456457e+01
1.32163798974982e+02
1.30443204899813e+02
1.50039008105680e+02
1.37379929529382e+02
1.49487599947354e+02
1.65811095108961e+02
2.83570069311974e+02
2.45442852255693e+01
1.41287207268433e+01
1.30011076398422e+02
1.16421216327506e+02
1.01924334310715e+02
9.22187493189676e+01
1.04209055238644e+02
1.12005812667539e+02
1.05191577592811e+02
9.30494352576262e+01
2.65563344093778e+02
2.95219039499315e+02
7.61158962856740e+01
4.51686191709080e+01
1.34306670415244e+02
1.46515950783160e+02
1.44786186408761e+02
1.22129903187502e+02
1.05266707040852e+02
8.95316972365935e+01
8.46423131855056e+01
7.48118909538964e+01
7.98937037454817e+01
9.78923220143828e+01
1.00537867618665e+02
1.11760981778596e+02
1.21046470289734e+02
1.14630330906939e+02
1.10888491306435e+02
1.05196565766508e+02
2.25484664429473e+02
2.06611142254564e+02
2.35222806963856e+02
2.35717202197478e+02
7.97172348417790e+01
6.77928719801316e+01
4.28680649943616e+01
5.46842637920416e+01
9.91571665026322e+01
1.28873074512621e+02
1.52865990030477e+02
1.68191873266066e+02
1.94452098960171e+02
2.09664636448857e+02
2.30338984033844e+02
2.50229091261570e+02
2.63443746146164e+02
7.13878922216174e+01
9.93518237774831e+00
4.25775932444494e+00
8.90588052430530e+00
5.81334656626411e+00
1.27151958373686e+01
-3.19457421679531e+00
-4.19388669812133e+00
4.35202877063201e+00
3.34099084668181e+00
3.42614152401915e+00
2.28017309376527e+00
7.08586872267328e-01
3.36809742812616e-01
-7.76743580991049e-02
-7.69662885263971e-01
1.69960796173272e-01
1.74173438784063e+01
6.82117593838295e+00
-3.56188981663346e+00
9.60969946913209e-01
1.08435791395171e+00
9.61290033145147e-01
2.70413406941107e+00
3.87550778314099e+00
5.32584794095835e+00
6.30548764966892e+00
4.07741737617362e+00
1.61333819326201e+00
-9.55703498190806e-01
-3.87322180170914e-01
-1.51511061635573e+00
6.18777979752683e-01
4.65719296747144e+00
3.39777502323950e+00
5.20602683207723e+00
-5.53155304890679e-01
-6.30373415505903e+00
4.25256431542090e-01
2.11733085711619e+00
-6.89020676569831e+00
6.95668209828553e+00
-1.08302808316967e+01
3.22187042031998e+00
3.04928110245361e+00
1.61316269115690e+00
9.14739804759832e-01
-4.94706613325491e-01
-2.62271398872386e+00
-9.07271467796160e-01
-3.10979980353268e-01
-5.59797970552200e-01
2.63845335151198e-01
7.43036255879625e-01
-8.57030064260282e-01
2.36272413715767e+00
4.05541490906714e+00
-1.47835472434204e+00
1.99740751274255e+01
1.20950463229597e+01
-3.06083646982537e+00
-4.08402947941947e+00
1.06406591943336e+01
1.05047244171657e+01
8.48146212850694e+00
7.18377067895035e+00
5.66876010318193e+00
5.43271566868318e+00
4.14761673152550e+00
2.48228129676383e+00
-7.03534327711793e-01
1.66898925359482e+01
6.96134195596803e+00
-3.37834970997415e+00
1.14579234724452e+00
1.03244259739063e+00
1.26638903784189e+00
1.81756919544351e+00
1.78673563740561e+00
1.57999424210865e+00
3.39323014236840e+00
4.59430407703224e+00
5.97904679179361e+00
6.83133102700564e+00
4.44295544258148e+00
1.90166956736427e+00
-7.20559215914547e-01
-6.34804091869172e-02
-1.16558874966382e+00
9.37056568018866e-01
-1.54572520164335e+00
-7.21877047203801e+00
-4.50440549800513e-01
1.40530605353858e+00
-7.04566535835444e+00
7.03108966914378e+00
-1.07576199253240e+01
3.29220795280900e+00
4.98411972539992e+00
3.79611160198728e+00
3.79237362612799e+00
2.72155233293658e+00
1.23596818536457e+00
4.97846921441925e-01
-9.54769954213859e-01
-3.09387565940435e+00
-1.50093723185597e+00
-1.02027055994105e+00
-1.35822916907899e+00
-6.38413041435458e-01
-2.25640280479207e-01
-1.94099467271936e+00
1.27444650631081e+00
3.00280810460243e+00
-1.53165697526726e+00
5.30153139419582e+00
-3.49493773261870e+00
-4.34093073732814e+00
5.17661501767950e+00
2.61782003128089e+00
2.70860101560141e+00
1.77187891479528e+00
1.11634413736871e+00
-7.66961539341124e+00
9.56943834049635e+00
5.61981986576274e+00
-4.20667083954522e+00
-3.98161918879501e-01
-8.63524286526713e-01
-1.27113143178710e+00
-1.67182641722074e+00
-1.97594456404137e+00
-1.96572701060032e+00
-1.64076551322842e+00
-1.14874416595891e+00
-1.14466919278710e+00
-1.37680930462192e+00
1.25842290840493e-01
1.05362461533220e+00
2.15722619978782e+00
3.07742628987625e+00
1.25709018225136e+00
-8.58580458136396e-01
-7.88748027295413e+00
-1.30854482132859e+01
-6.76818789455822e+00
-4.67860185696422e+00
-9.05781448628404e+00
5.78535522833689e+00
-1.17870945079944e+01
2.27001558746625e+00
-6.15167594892207e-01
-8.36787698400169e-01
-7.16880003781309e-01
7.49633767463591e-01
2.15634093500989e+00
8.65404559532151e-01
6.81540662081507e-01
-3.55672636219540e-01
-1.68555325613268e+00
-2.38293392697628e+00
-3.98441163821017e+00
-6.16666391864169e+00
-5.39086843006641e+00
-5.57813234376230e+00
-6.34280278112289e+00
-6.30424960085265e+00
-6.26513537696522e+00
-8.56496222463110e+00
-5.71053428831063e+00
-4.16192913640833e+00
-3.14628460132858e+00
4.64624934766691e+00
-3.37845505600133e+00
-4.25106995615900e+00
1.64099773219545e+00
-8.59019029715342e+00
8.81301543558653e+00
5.77290283401926e+00
-4.04825178157857e+00
9.73807917401037e-02
1.85237744399053e-01
-3.14143369723257e-01
-6.24932084579833e-01
-1.23145191681217e+00
-1.49605967349425e+00
-1.70372430006553e+00
-1.91642695951563e+00
-2.15455810640261e+00
-2.12926422293732e+00
-1.79728210925244e+00
-1.31131254873370e+00
-1.33348194782082e+00
-1.56970221858829e+00
-2.83899186975937e-02
9.08319599730665e-01
-9.01179996524145e+00
-1.40889099894007e+01
-7.70995000551161e+00
-5.44965925321604e+00
-9.23668346852230e+00
5.87148625221138e+00
-1.17457220591409e+01
2.35079158763875e+00
-3.69589642340883e-01
5.70319927949652e-01
-7.70588653332987e-01
-1.06645255118126e+00
-7.65026696926119e-01
-1.01289658793113e+00
-9.30823651401146e-01
4.44953973086117e-01
1.75021448633882e+00
3.71214216402778e-01
9.49603007750515e-02
-9.79906445023241e-01
-2.31585180775394e+00
-3.02203425261155e+00
-4.65730973274164e+00
-6.83361295851988e+00
-6.19196937757283e+00
-6.49394857480150e+00
-7.33149236058923e+00
-7.38879684236016e+00
-7.40245401292807e+00
-9.79902858425646e+00
-6.93057845296214e+00
-5.32660285440189e+00
-3.20441904108383e+00
1.05091018158367e+02
1.38833058226148e+02
1.39116946542347e+02
1.63071968212675e+02
1.92052291226826e+02
1.68483814634974e+02
1.49229491218462e+02
4.54339140267948e+02
4.27193912923810e+01
2.62113960281162e+01
1.32642592513153e+02
1.22651852760955e+02
1.40955830983132e+02
1.53488654448389e+02
1.46199855942959e+02
1.31693320556171e+02
1.51651714458760e+02
2.22980205959847e+02
4.31121957094584e+02
4.69731534672266e+02
1.21233095773338e+02
7.70370573667990e+01
2.10315523921723e+02
1.79479112656523e+02
1.56733574854748e+02
1.35385911566985e+02
1.28519247589109e+02
1.14818033601533e+02
1.22041698242611e+02
1.48116683402539e+02
1.53501594288242e+02
1.70576782555583e+02
1.84886583177052e+02
1.76112114403294e+02
1.71312849721297e+02
1.64070164309509e+02
1.35168812258089e+02
1.21237442758754e+02
3.64572651577756e+02
3.38213568318136e+02
3.81098995824414e+02
3.81632452161791e+02
1.35517266941684e+02
1.07130964537338e+02
7.76936396633703e+01
8.81699607683828e+01
2.43986148722948e+02
2.69285783653250e+02
3.11570849930723e+02
3.36471056707470e+02
3.71454329524127e+02
4.02375630004908e+02
4.23597620890074e+02
1.18468955672695e+02
1.77308922505658e+02
1.09456267047732e+02
8.58044933954469e+01
8.35604426401690e+01
9.56177254818107e+01
1.27589844782684e+02
1.65816366282294e+02
1.55444573213872e+02
1.42936274527341e+02
1.43858296416628e+02
1.17978988263041e+02
5.79706287673526e+02
5.66304123042724e+01
3.55167977614843e+01
1.48353552451168e+02
1.64840990276426e+02
1.59017578563781e+02
1.45340617981578e+02
1.69981362036535e+02
2.52083875252672e+02
2.77383059072227e+02
2.25393248596157e+02
5.52988580003646e+02
5.97922094445734e+02
1.55657404609088e+02
1.01397150948179e+02
1.82903530944726e+02
1.60060803112064e+02
1.52898100610119e+02
1.37999978857239e+02
1.47062147263953e+02
1.78130229795461e+02
1.85547011554202e+02
2.06486850886973e+02
2.24455282492578e+02
2.14709652070692e+02
2.09806992249863e+02
2.02037553706460e+02
1.67910753205971e+02
1.51937242922389e+02
1.51130692956873e+02
1.85200662747095e+02
4.64156639491919e+02
4.33411988684806e+02
4.87286557503506e+02
4.88364983235356e+02
1.77637357134955e+02
1.36907950442458e+02
1.04200802080318e+02
1.13740985754092e+02
3.94476758319624e+02
4.26717089311889e+02
4.72531425327961e+02
5.11843680411788e+02
5.39249688814624e+02
1.54107218829336e+02
2.29620153947937e+02
1.45414009099030e+02
1.34667948610902e+02
9.18276077416562e+01
7.29481350452491e+01
1.26462694050745e+02
1.34926868011706e+02
1.30059849045164e+02
1.34363489365936e+02
1.12760181970240e+02
1.33295228420895e+02
1.64629082087758e+02
6.89207517583352e+02
6.92605296881647e+01
4.39987909638299e+01
1.61774084216900e+02
1.49203493459932e+02
1.76731784932858e+02
2.64897442099561e+02
2.93524074811001e+02
2.39148435740134e+02
2.09688130071870e+02
1.99942635514025e+02
6.59037596611564e+02
7.09839784653413e+02
1.86979662058177e+02
1.23511228551020e+02
1.68383825474255e+02
1.53451319261527e+02
1.64199384247406e+02
1.98891123237692e+02
2.07956222509135e+02
2.31944544911673e+02
2.52968768222429e+02
2.42936262994462e+02
2.38450406024875e+02
2.30688410177192e+02
1.92972635910503e+02
1.75998075204075e+02
1.76137240458930e+02
2.16798312272378e+02
2.83016491189518e+02
4.64653323710054e+02
5.48449537395829e+02
5.14721731446235e+02
5.78728665465155e+02
5.80837691666770e+02
2.15418048029967e+02
1.63802997995101e+02
1.28051323658111e+02
1.37004310168623e+02
5.57867153449463e+02
6.04838840125259e+02
6.38034629476268e+02
1.86209106561675e+02
1.80568090707076e+02
1.77306889074387e+02
1.42413685827890e+02
1.48918957056218e+02
1.21922600480494e+02
1.08961631861701e+02
1.24627501503908e+02
1.09083680780346e+02
1.32219379110848e+02
1.65844631632897e+02
1.70398680373259e+02
1.55141456091522e+02
7.76995463185427e+02
7.98825176715521e+01
5.11904743266297e+01
1.79154690107860e+02
2.70115457651486e+02
3.01172513829376e+02
2.46051440144200e+02
2.17290976226498e+02
2.08737936613982e+02
1.91559691056420e+02
1.52123072438278e+02
7.42082861778370e+02
7.98863407459449e+02
2.13103224621149e+02
1.42070805141925e+02
1.74775694472903e+02
2.12011076341983e+02
2.22393075164753e+02
2.48895899196660e+02
2.72166429576258e+02
2.62230688329965e+02
2.58303573832884e+02
2.50845942872021e+02
2.10692986997405e+02
1.93104567483493e+02
1.93998608759804e+02
2.39471424753234e+02
3.13500205154046e+02
5.14918728314420e+02
6.58565892526541e+02
6.96861719109008e+02
6.13614552906107e+02
5.77829482681407e+02
6.50203787520699e+02
6.53690842906303e+02
2.46599954244310e+02
1.86045137837914e+02
1.47837925213351e+02
1.56388690583798e+02
7.14522238526845e+02
2.12775596475788e+02
3.03503843215386e+02
2.03035447131718e+02
2.02747875992684e+02
1.63350013249722e+02
1.70296384730627e+02
1.45046039342943e+02
1.46520319280067e+02
1.35599566500299e+02
8.74933003708585e+01
1.20188617830648e+02
1.60390356343922e+02
1.68508101380635e+02
1.55256867746347e+02
1.45379718001766e+02
2.21944355104063e+02
8.66599372609454e+02
9.12346558030949e+01
5.89373659180627e+01
3.04861909587446e+02
2.49880471094519e+02
2.21866600065275e+02
2.14866791130823e+02
1.98687748454447e+02
1.58972290651285e+02
1.66978941304264e+02
1.85151673027055e+02
8.24493745316502e+02
8.88898551196545e+02
2.40783001445609e+02
1.61866493976844e+02
2.33876459823620e+02
2.63045490561250e+02
2.88327392050025e+02
2.78766774816675e+02
2.75595229942666e+02
2.68736492132874e+02
2.26484949959286e+02
2.08406658845157e+02
2.10018447203156e+02
2.59856186640950e+02
3.41073130926541e+02
5.60952589122265e+02
7.19715798562557e+02
7.64055406909382e+02
8.39823679271924e+02
6.77586881260926e+02
6.39958489231078e+02
7.21102817836980e+02
7.26579766814948e+02
2.79328133197902e+02
2.09425427427175e+02
1.68686420154811e+02
1.76901842646010e+02
2.40726622309876e+02
3.52908561560310e+02
2.02831033713991e+02
2.12677498993082e+02
1.81764391548901e+02
1.87000710500537e+02
1.89764589534628e+02
1.49205106430524e+02
1.17124777848968e+02
1.30917870963668e+02
1.47616112883592e+02
1.36247034088760e+02
2.12651667845412e+02
3.19354053229026e+02
2.64629757625140e+02
9.29665646739636e+02
1.00171001124071e+02
6.51577479665936e+01
2.91826113329244e+02
2.44873714563610e+02
2.18049578724666e+02
2.12855866791075e+02
1.98874409978474e+02
1.59054568088872e+02
1.66177041504431e+02
1.84970415378412e+02
2.02798873256794e+02
2.71372532004143e+02
8.77043570434547e+02
9.50291069142713e+02
2.62008359873423e+02
1.77368323839407e+02
2.93177278283518e+02
2.84481094750313e+02
2.82188605010763e+02
2.76367612484835e+02
2.33324991709854e+02
2.14985217621951e+02
2.16847578971210e+02
2.68536519277248e+02
3.52996759614446e+02
5.82187163986490e+02
7.50806772528900e+02
8.01026854430998e+02
8.84846109555018e+02
7.17786916862100e+02
6.79103976320729e+02
7.66717668305179e+02
7.74717491514215e+02
3.03996802505649e+02
2.27008916902150e+02
1.84527379590150e+02
1.92570992501321e+02
2.61877377797324e+02
4.14020647744625e+02
2.32109232981002e+02
2.42906790530033e+02
2.55407350105076e+02
2.13178473137159e+02
1.88002028008592e+02
1.73698618860469e+02
1.21317776283850e+02
1.14860986213712e+02
1.14033072340453e+02
1.89641445554710e+02
2.91017220987979e+02
2.44262080141424e+02
2.05576059928863e+02
2.02705116826970e+02
9.76827622289110e+02
1.07902285048485e+02
7.06337397074493e+01
3.46373925770970e+02
2.96068851115584e+02
2.74683027688151e+02
2.60449189151496e+02
1.91980368102377e+02
1.55979342237375e+02
1.63157542269214e+02
1.82048743368380e+02
1.99105436827462e+02
2.67422534978595e+02
2.73823850564560e+02
2.59420128185149e+02
9.17477829433652e+02
9.96397217514278e+02
2.80093007233792e+02
1.90707170071527e+02
2.81518445073728e+02
2.76874883643943e+02
2.34313089207033e+02
2.16791715158537e+02
2.19386024340984e+02
2.72439119943197e+02
3.59628985700838e+02
5.94778918677508e+02
7.69987192562822e+02
8.24642162510798e+02
9.14302732835799e+02
7.44732972063324e+02
7.06932969275777e+02
7.99988223266135e+02
8.10466174734197e+02
3.24424031690846e+02
2.41640154078641e+02
1.98131674142190e+02
2.05983539905513e+02
2.79495050281069e+02
4.60644914241408e+02
2.98578567039788e+02
2.49144507442874e+02
2.21485126139308e+02
2.11118824441409e+02
1.57764477340668e+02
1.52029282173460e+02
1.34669593089764e+02
1.77512006990734e+02
2.73258839209572e+02
2.28983344976519e+02
1.94056457348107e+02
1.97784007232916e+02
2.00938109189803e+02
1.81165688485596e+02
1.05461565753653e+03
1.19506044310241e+02
7.87389333085845e+01
3.88482943488732e+02
3.36028554399187e+02
3.15544545987911e+02
3.01064259420044e+02
2.88372978941873e+02
2.77647379950522e+02
1.68156527750578e+02
1.87910738186613e+02
2.03535965762198e+02
2.72843893063325e+02
2.79715469755644e+02
2.65312534843323e+02
3.18660376771278e+02
3.19690431929938e+02
9.86764887536088e+02
1.07368425817735e+03
3.07875733248379e+02
2.10827377722191e+02
2.41778567434804e+02
2.24747337188340e+02
2.28231016364299e+02
2.84140925186955e+02
3.76748935669872e+02
6.24645013312434e+02
8.11546648653699e+02
8.72369685887562e+02
9.70637755318727e+02
7.93696877193403e+02
7.56126765327533e+02
8.57758131583815e+02
8.71272021602700e+02
3.56021508334298e+02
2.64454546608464e+02
2.18753589036571e+02
2.26573410694622e+02
3.06729430564496e+02
5.15883461046294e+02
2.77882391706071e+02
2.73667744297796e+02
2.15802887736643e+02
2.26417166864107e+02
2.36186247419489e+02
2.16819176699236e+02
1.85147667435018e+02
1.92653478805461e+02
1.65531599396107e+02
1.82518686114514e+02
1.91598900809367e+02
1.79820054959830e+02
1.37160943464168e+02
2.16069310405463e+02
1.12466111404315e+03
1.31099052697085e+02
8.69539140488332e+01
4.38045188456546e+02
3.83285038333104e+02
3.64372057599866e+02
3.51264931548939e+02
3.40581453674249e+02
3.31451298443935e+02
3.52694176570265e+02
3.31961547402148e+02
2.04780267115589e+02
2.72009059248385e+02
2.78737011764435e+02
2.64679407299715e+02
3.17929002284186e+02
3.20304913110567e+02
2.53120558594502e+02
2.44660824571829e+02
1.04745504308011e+03
1.14242901573929e+03
3.35080836414557e+02
2.30832991820668e+02
2.33440496776542e+02
2.91504387813399e+02
3.88395206786508e+02
6.45423620871064e+02
8.41789122503487e+02
9.08560892434941e+02
1.01487224120509e+03
8.33504325632440e+02
7.97306778801700e+02
9.07144160470249e+02
9.24364756930594e+02
3.86628452994780e+02
2.86485111562108e+02
2.39074709347042e+02
2.46747167293509e+02
3.33151155773157e+02
5.19119017893729e+02
2.75433640034029e+02
2.18005017023220e+02
2.29096687137039e+02
2.40091371546151e+02
2.20666744411911e+02
1.95396532568184e+02
1.65567495397794e+02
1.32762735135241e+02
1.94733898919275e+02
1.71931723641984e+02
2.13659462297293e+02
2.21036593115309e+02
2.14782222970989e+02
1.74504889361219e+02
2.56994829068005e+02
1.93021076844717e+02
1.23393946039660e+03
1.46110660104873e+02
9.72940128433366e+01
4.41603988527470e+02
3.86899216807122e+02
3.68299057801172e+02
3.55354953407487e+02
3.45286219690021e+02
3.36128287654073e+02
3.57265952570054e+02
3.35375932057877e+02
2.92440122323219e+02
3.00623955218871e+02
3.05993326017047e+02
2.89318730913836e+02
3.45270693280891e+02
3.45998342437841e+02
2.73510524378261e+02
2.65633948267321e+02
2.53584711141471e+02
1.15373177343623e+03
1.25411403632783e+03
3.71649225019704e+02
2.56943722154514e+02
3.18904984578329e+02
4.26352816235290e+02
7.07232744169855e+02
9.21099799472721e+02
9.93385814105357e+02
1.10860256771732e+03
9.10346864056005e+02
8.73901735552387e+02
9.95167533551292e+02
1.01486811171401e+03
4.45866311728278e+02
4.28798648137805e+02
3.16990874742345e+02
2.66554426816780e+02
2.73956590232860e+02
5.25171383195128e+02
2.19905662409813e+02
2.31579176305315e+02
2.45037202313186e+02
2.26419182239355e+02
1.95912375948308e+02
1.64917956986739e+02
1.74160674694764e+02
2.07615288539252e+02
2.26580142111166e+02
2.32684732404050e+02
1.97354984782063e+02
2.83929572233307e+02
2.10945787241161e+02
3.02659473906428e+02
1.32162495531604e+03
1.58721243350681e+02
1.06062692367824e+02
4.47751901110492e+02
3.93751970689427e+02
3.76191892800357e+02
3.63659644006469e+02
3.53986283646340e+02
3.44582428851489e+02
3.66048921470165e+02
3.43363489282618e+02
2.98030273446159e+02
2.80852703688895e+02
3.21502442240953e+02
3.02820417810213e+02
3.60259348192889e+02
3.61311732850504e+02
2.85382678432061e+02
2.77785117673065e+02
2.65635707566278e+02
2.38731309112885e+02
1.23163979457330e+03
1.34134187682447e+03
4.02067461776081e+02
2.78854217362522e+02
4.48300347753336e+02
7.44347559898204e+02
9.71591026168375e+02
1.05033733622334e+03
1.17491319674126e+03
9.67175394364153e+02
9.30049346282537e+02
1.06074223238944e+03
1.08349255472839e+03
4.81172190256066e+02
4.63489250401808e+02
3.42120602760047e+02
2.88897819263910e+02
2.96452539707075e+02
5.33003219773735e+02
2.37557966172559e+02
2.55205689906029e+02
2.38543844508558e+02
2.00869907762128e+02
1.75632124349750e+02
2.05639604025726e+02
2.65571492663708e+02
1.70069792590320e+02
1.77692012617403e+02
2.17063725731439e+02
2.42192525600880e+02
2.12047801512439e+02
3.06016252795022e+02
2.22636378104988e+02
3.20923484711662e+02
3.50197058020828e+02
1.40154117827962e+03
1.70975239400595e+02
1.14711746459276e+02
4.55540222854862e+02
4.02743646728208e+02
3.74898026764329e+02
3.65519506038185e+02
3.55760781740522e+02
3.78014793781453e+02
3.54923050422560e+02
3.06881340369533e+02
2.87487827266462e+02
2.51050550634121e+02
3.11081663359077e+02
3.68424449790914e+02
3.71779518154242e+02
2.93231231214768e+02
2.85233709763363e+02
2.72931743410591e+02
2.44937618765790e+02
2.76918138432845e+02
1.29350604382597e+03
1.41748508009567e+03
4.30706076689312e+02
3.00042524936544e+02
4.17496462967236e+02
7.63856159502807e+02
1.00257811637387e+03
1.08962920067179e+03
1.22536480323764e+03
1.01399547578298e+03
9.75424628903273e+02
1.11460152154352e+03
1.14136448837864e+03
5.14560962283328e+02
4.96199386453968e+02
3.65550805570722e+02
3.09896101575721e+02
3.17481568854934e+02
5.48074494502737e+02
2.74710590392228e+02
2.60051004756708e+02
2.19701400855845e+02
1.98488489566961e+02
2.49252301609239e+02
2.70211642277875e+02
2.07761064240173e+02
2.07419877144890e+02
3.01537607884378e+02
2.19179024896458e+02
3.17838283758406e+02
3.42035953469726e+02
3.04137943427723e+02
1.44674221481217e+03
1.79572646574189e+02
1.20930575260928e+02
4.69430357821636e+02
4.16858272389542e+02
3.82196335151899e+02
3.72610378924715e+02
3.96702069043203e+02
3.73397766566950e+02
3.22859397197037e+02
3.02302508511324e+02
2.64565756858438e+02
2.44970916834669e+02
3.60235076051791e+02
3.66181908812851e+02
2.89277773657453e+02
2.82288772242493e+02
2.71022636006985e+02
2.43752857719318e+02
2.75981618706849e+02
4.69877132173699e+02
1.32512803344660e+03
1.45914946890165e+03
4.50241744381692e+02
3.14797214065494e+02
4.32389511326854e+02
4.02519293672166e+02
1.00772343142933e+03
1.10045764619262e+03
1.24338993617334e+03
1.03369212453490e+03
9.95930797321098e+02
1.14071811355852e+03
1.17121107988070e+03
5.36039483855416e+02
5.17692572983513e+02
3.81028530917718e+02
3.24169209457993e+02
3.31827108983939e+02
5.62631160338156e+02
2.78318559881283e+02
2.35220233088984e+02
2.15882624755357e+02
2.79900495109470e+02
4.05386488685700e+02
3.15233678288402e+02
2.35268981947045e+02
2.03364820241700e+02
2.94816616802873e+02
2.12530576888443e+02
3.13167398928055e+02
3.30142154301457e+02
2.94167061047122e+02
2.93822129029500e+02
1.48327236066369e+03
1.87294994644461e+02
1.26578834044965e+02
4.82834573310855e+02
4.30442645991344e+02
3.88793216890938e+02
4.14623942791145e+02
3.91056797164320e+02
3.38077581277586e+02
3.16310119774551e+02
2.77224150661950e+02
2.57346774795500e+02
2.80266596106187e+02
3.56910321448887e+02
2.82090056597932e+02
2.76211008518755e+02
2.66213193039654e+02
2.40030648917399e+02
2.72321231939212e+02
4.65145028157964e+02
6.77789562599050e+02
1.34801679447569e+03
1.49192771032272e+03
4.67692917637055e+02
3.28026451329071e+02
4.46696563066271e+02
4.17163897232144e+02
4.06492927964863e+02
1.10262915348108e+03
1.25218045470512e+03
1.04594483269607e+03
1.00938100978646e+03
1.15915229615417e+03
1.19335443122982e+03
5.54514685473823e+02
5.36382066632824e+02
3.94607359276125e+02
3.36634574014367e+02
3.44609097374978e+02
5.83844250172001e+02
2.56386316662496e+02
2.40779570207924e+02
3.20267062405107e+02
4.78182603255548e+02
3.68264081791568e+02
2.93158814182930e+02
2.47872259638899e+02
1.93065378566657e+02
2.38276035511915e+02
1.79225091114297e+02
2.97334352513128e+02
3.02320970567785e+02
2.72237356372819e+02
2.69879211505532e+02
3.90872512336747e+02
1.50032077271595e+03
1.93517833602806e+02
1.31371902435025e+02
5.02221211721280e+02
4.50136782550843e+02
4.40329387722709e+02
4.16646461563389e+02
3.60331189640020e+02
3.36838993750314e+02
2.95657659975705e+02
2.75735036876806e+02
3.03577255808983e+02
3.11426766928833e+02
2.66426440456453e+02
2.61302258573317e+02
2.52831508507032e+02
2.28018446639109e+02
2.58368565321389e+02
4.43793572962534e+02
6.50106379193399e+02
1.07892676506760e+03
1.34365776225273e+03
1.50154249110101e+03
4.80371099622031e+02
3.38504072304440e+02
4.67386283531629e+02
4.38364498838891e+02
4.28798010885830e+02
4.19338419018409e+02
1.23326706830723e+03
1.03866569864877e+03
1.00315236018563e+03
1.15593200917361e+03
1.19472764504144e+03
5.67086914361580e+02
5.49329327194659e+02
4.03814056503554e+02
3.45507383528215e+02
3.53690386598287e+02
6.04325301128612e+02
2.65356461687227e+02
3.58048087495854e+02
5.43147647835072e+02
4.16426356286710e+02
3.36313287876338e+02
3.02094436814279e+02
2.59878964534202e+02
1.40680032907000e+02
1.37384356146529e+02
2.66881568974122e+02
2.64902087836976e+02
2.42849588294185e+02
2.41171091181305e+02
3.57705902363522e+02
2.47942814793704e+02
1.47895149241069e+03
1.93628715577858e+02
1.31819896605696e+02
5.20596598527893e+02
4.68177355407588e+02
4.39817408808645e+02
3.81015376471786e+02
3.56624993528138e+02
3.13825819323127e+02
2.94010157979170e+02
3.26227844239073e+02
3.37368316272289e+02
3.01996193887726e+02
2.42770127605456e+02
2.36236339036953e+02
2.13658956773750e+02
2.42352263074797e+02
4.18425979607273e+02
6.15853638559433e+02
1.02810115143081e+03
1.32483538440720e+03
1.31108283370609e+03
1.47503798053048e+03
4.78836759375953e+02
3.38424149602182e+02
4.86273556895407e+02
4.57393816363199e+02
4.48610523956206e+02
4.39637449537413e+02
4.53731362747128e+02
1.00977113343978e+03
9.76177188393840e+02
1.12784518189256e+03
1.16918035191982e+03
5.63375273819483e+02
5.46256585395058e+02
4.01501227735433e+02
3.44116247817222e+02
3.52364472508308e+02
6.32249686911771e+02
3.90192924305480e+02
5.56703492562039e+02
4.41590023790254e+02
3.56713591801375e+02
2.97115765087225e+02
2.70612158927615e+02
2.18842223905106e+02
5.09411600765832e+01
9.57508845325604e+01
1.70661200942621e+02
1.90403874375263e+02
1.88614297273045e+02
2.04607858480058e+02
3.02539263489220e+02
2.13347884807566e+02
2.17664847080851e+02
1.43442620600807e+03
1.92846597990247e+02
1.31693983316135e+02
5.45147072465385e+02
4.90067087434325e+02
4.08611279622267e+02
3.85502569245198e+02
3.41832267302551e+02
3.20521706086565e+02
3.54096228541162e+02
3.65611266390106e+02
3.34212176840036e+02
3.00337417363382e+02
2.17268800172451e+02
2.00877449905972e+02
2.33679324189196e+02
4.04294777780413e+02
5.96010773540897e+02
9.91271300062453e+02
1.26428403912565e+03
9.89583904167001e+02
1.28280450051431e+03
1.43466559359711e+03
4.76905813747265e+02
3.36826015766889e+02
5.09151773672494e+02
4.79386065632341e+02
4.71389609291009e+02
4.63746243314185e+02
4.80614010641945e+02
4.64281780882454e+02
9.41139282916235e+02
1.09210068492182e+03
1.13478850769202e+03
5.53747566645975e+02
5.39344453285306e+02
3.97861613627108e+02
3.42008507204044e+02
3.51311606740455e+02
6.60058605647573e+02
6.23814554440841e+02
4.96221485365892e+02
3.99933923208646e+02
3.33077299751715e+02
3.00824798621016e+02
2.29786667214048e+02
8.55297479306257e+01
1.12403426158266e+02
7.00526456893428e+01
1.28576472866574e+02
1.44811776523605e+02
1.69304233152801e+02
2.57352802161212e+02
1.85134468233739e+02
1.93264002978460e+02
1.99959324966539e+02
1.39204544062216e+03
1.91408006671952e+02
1.31159750579341e+02
5.69922055053907e+02
5.13544680671737e+02
4.14510360276501e+02
3.69302263117016e+02
3.47757792885797e+02
3.86007316458378e+02
4.00798727255736e+02
3.69364990306862e+02
3.34121401972069e+02
3.86989070510323e+02
1.84764554168742e+02
2.17418529671345e+02
3.77783132551598e+02
5.59129598996730e+02
9.32654267511829e+02
1.19450114622892e+03
9.38886340366613e+02
9.37029580857394e+02
1.23828403901389e+03
1.38988480227914e+03
4.72187258894342e+02
3.34042640622384e+02
5.33710122158308e+02
5.03748932768240e+02
4.96756108608235e+02
4.90163575947822e+02
5.09603748885307e+02
4.93955357278247e+02
4.76221439638992e+02
1.04969077897262e+03
1.09446137455068e+03
5.43569640295996e+02
5.30837659998510e+02
3.92246157309611e+02
3.37738462909695e+02
3.47794566972427e+02
6.76421789873846e+02
5.32002481444934e+02
4.27201973815074e+02
3.53220976965982e+02
3.17308954804721e+02
2.40922202434812e+02
1.02549202907522e+02
1.47790655956280e+02
8.54804505293411e+01
2.27999436264887e+02
1.94496152367313e+02
2.01755815612692e+02
2.83090482109379e+02
1.96434032419462e+02
2.03872978814620e+02
2.10716363018339e+02
2.01481877365967e+02
1.41137146143693e+03
1.97725745134151e+02
1.35937856803210e+02
5.84731465619926e+02
5.27748466085303e+02
3.88951032855144e+02
3.67215352640001e+02
4.08518751402205e+02
4.25500995963195e+02
3.94920577675307e+02
3.58760250257914e+02
4.16120346519594e+02
5.79515118273589e+02
2.25320564399081e+02
3.87232655748125e+02
5.68533151493222e+02
9.39801679775117e+02
1.19928385127673e+03
9.41105184051404e+02
9.40975738030342e+02
9.01453683668633e+02
1.25381990910743e+03
1.40860825558810e+03
4.86889839568109e+02
3.44837033705917e+02
5.48606370708744e+02
5.18746555465487e+02
5.12711344726340e+02
5.07169611576753e+02
5.28667009762898e+02
5.13830743665416e+02
4.96920656813772e+02
4.73646865334126e+02
1.10568660968252e+03
5.56179833072527e+02
5.44706002464599e+02
4.02900504546356e+02
3.47467491945368e+02
3.58689745538619e+02
6.99031442236098e+02
4.80339806104108e+02
4.03654681504172e+02
3.61048368973419e+02
2.75983155870716e+02
1.33404966906033e+02
1.98858505200880e+02
1.51164714929557e+02
3.02808770782876e+02
1.63807426168609e+02
1.94675695456499e+02
2.76089413030026e+02
1.92898316229533e+02
2.03267845185485e+02
2.11925961551506e+02
2.01663032289420e+02
1.78768050124232e+02
1.41439047039487e+03
2.02575698268146e+02
1.39846442254122e+02
6.05118200405326e+02
5.47728302787061e+02
3.91958005382839e+02
4.38631595208445e+02
4.59711489226948e+02
4.28486204422619e+02
3.92013940645350e+02
4.59083045291758e+02
6.44892778584276e+02
6.61669482802103e+02
3.81661227283753e+02
5.57087500684367e+02
9.16085620862864e+02
1.17582351625797e+03
9.26102208584998e+02
9.26514866855718e+02
8.92998177506107e+02
8.54942772835205e+02
1.24384939162305e+03
1.40686532539671e+03
4.96781005858397e+02
3.52939787682051e+02
5.69517480650027e+02
5.39939380055089e+02
5.35068469358129e+02
5.30555495297827e+02
5.54420059953491e+02
5.40337207006606e+02
5.24013776921484e+02
5.00823546921903e+02
4.44665547341269e+02
5.63743082716136e+02
5.53434204050095e+02
4.09398487480600e+02
3.53779434838018e+02
3.65817805264029e+02
7.04312051237505e+02
4.24128998083725e+02
3.70488322333503e+02
2.79535456515653e+02
1.44932631944781e+02
2.10541534098277e+02
1.59589140402549e+02
2.46233030987716e+02
2.48346594252314e+02
1.81109338123502e+02
2.98556156753480e+02
2.12134827424358e+02
2.28670382790139e+02
2.40411334838321e+02
2.26560045025503e+02
1.97612292466203e+02
3.03866237304484e+02
1.50116017600971e+03
2.19840237807211e+02
1.52529556567244e+02
6.10493177935243e+02
5.54253420073597e+02
4.52954104894980e+02
4.76924232808112e+02
4.44667599797327e+02
4.08327173976478e+02
4.81588740843574e+02
6.80993248101445e+02
6.98938782470345e+02
5.56850759723854e+02
5.88298396090002e+02
9.53397500424438e+02
1.23211680646329e+03
9.73810289263355e+02
9.69479095431237e+02
9.39829509701744e+02
8.96900574429959e+02
1.30256804935166e+03
1.48601382750067e+03
5.35459727119513e+02
3.82482779761975e+02
5.76418306128905e+02
5.47818564413659e+02
5.44074778008265e+02
5.40334696834394e+02
5.65486254139364e+02
5.52030971537564e+02
5.36112955460490e+02
5.12914474866858e+02
4.55806416700357e+02
4.33655619859651e+02
6.05059707949889e+02
5.95313103211136e+02
4.39584763503130e+02
3.81378644219078e+02
3.94055326123349e+02
7.17985830158145e+02
4.09758926068872e+02
3.11974271609848e+02
1.70011049228151e+02
2.48559378923635e+02
1.92827047012281e+02
3.02848437228669e+02
3.31234997117892e+02
1.96008982337736e+02
2.09115845909272e+02
1.75593794706684e+02
2.14039961779715e+02
2.38678530906714e+02
2.28480293488256e+02
2.01386597661088e+02
3.08283610744046e+02
5.37811873331557e+02
1.52570692522958e+03
2.29516357115860e+02
1.60030346481246e+02
6.23086916817207e+02
5.67116357920074e+02
5.03863879160277e+02
4.71421462197884e+02
4.35175011102332e+02
5.16923763436624e+02
7.35877110052580e+02
7.59700196999358e+02
6.07679634089403e+02
5.04708844694427e+02
9.39149739857953e+02
1.22329677613533e+03
9.71724390115594e+02
9.66106285865733e+02
9.43112153357159e+02
8.99466963909133e+02
1.30734256761870e+03
1.50368617645051e+03
5.55791488970823e+02
3.98779604978021e+02
5.89910716809569e+02
5.61930520123690e+02
5.59363387536292e+02
5.56641362598417e+02
5.83758067798199e+02
5.71139834629955e+02
5.55923295661480e+02
5.33018763704860e+02
4.74731621256200e+02
4.52840911894074e+02
4.60975900798737e+02
6.23374540619701e+02
6.15091556218434e+02
4.54092126906267e+02
3.95315506192193e+02
4.08781754540541e+02
7.22915765251778e+02
3.38641338228455e+02
1.89176901487778e+02
2.74834427744774e+02
2.11558418215412e+02
3.33195074814238e+02
3.72857154930841e+02
2.53116581435738e+02
1.42718396366088e+02
1.20784056964427e+02
2.02619795409887e+02
2.48010517384486e+02
2.40287588630757e+02
2.15615291635229e+02
3.26494129282412e+02
5.57448616044906e+02
6.53716260527760e+02
1.56905788822503e+03
2.42596442196310e+02
1.69999759656895e+02
6.28007723290362e+02
5.72742521470173e+02
4.90793019003501e+02
4.54929187206131e+02
5.42907550260194e+02
7.75859615437521e+02
8.05231559266991e+02
6.47318296812993e+02
5.40830387692600e+02
4.69101776587730e+02
1.23765262659080e+03
9.84921772011919e+02
9.76851574404949e+02
9.59684306737567e+02
9.14296876323782e+02
1.33057777012539e+03
1.54076119902847e+03
5.84317397651356e+02
4.20947211233763e+02
5.95863238614319e+02
5.68685948915950e+02
5.67221231881142e+02
5.65516307755285e+02
5.94201229874636e+02
5.82523892199885e+02
5.68188692400370e+02
5.45872403287793e+02
4.87185588453743e+02
4.65724748060808e+02
4.75229406582200e+02
4.83090138824869e+02
6.49803434288390e+02
6.43304423195821e+02
4.74918272630659e+02
4.14869117144411e+02
4.29571557614876e+02
7.27219600235078e+02
2.13932149291700e+02
3.05910077424309e+02
2.44905075881481e+02
3.66674548411611e+02
4.16906852218490e+02
2.95696867400801e+02
2.23086460453576e+02
1.63625381385952e+02
1.06892163008270e+02
2.05051741331961e+02
2.20573347267002e+02
2.00520444361428e+02
3.14365487910926e+02
5.36943217652434e+02
6.29531921895421e+02
1.27771261287155e+03
1.61068298551911e+03
2.55356634391156e+02
1.79942599544336e+02
6.32614015670509e+02
5.78968432252605e+02
4.75348073720003e+02
5.73000788719479e+02
8.26889013960117e+02
8.59094738482873e+02
6.87327352644271e+02
5.78740359821771e+02
5.01827049481982e+02
4.09850195236296e+02
9.89005700986258e+02
9.74454041737296e+02
9.69247356927756e+02
9.16817866577167e+02
1.32880540534464e+03
1.56739284231732e+03
6.10151295102278e+02
4.42411929804081e+02
6.02423755100298e+02
5.76510023751387e+02
5.76305853166784e+02
5.75409837894854e+02
6.05448888676295e+02
5.94554974418519e+02
5.80734284495805e+02
5.58557834302466e+02
4.99041841921268e+02
4.78059164076033e+02
4.89679244200292e+02
5.00107270165259e+02
5.10075272785329e+02
6.75008458262613e+02
6.69515391020406e+02
4.93411973408560e+02
4.32036644828738e+02
4.47776986043701e+02
7.41348415586769e+02
3.55690340541288e+02
2.93041876343417e+02
4.33440075209316e+02
5.06129798010589e+02
3.79852573787957e+02
3.27246571534789e+02
3.15353721090876e+02
1.19771073596452e+02
1.17546396304874e+02
1.69644170375989e+02
1.63970667458893e+02
2.74014252526401e+02
4.76379883195764e+02
5.63586576932509e+02
1.16811724906128e+03
1.09625998378571e+03
1.57960067108809e+03
2.58250234226661e+02
1.83018239486473e+02
6.45706993344282e+02
5.92725044316813e+02
6.15482667578603e+02
8.95865028621391e+02
9.34352331471918e+02
7.48354052178378e+02
6.36119805936495e+02
5.54890745716759e+02
4.55548737456653e+02
3.20602763739962e+02
9.20072373804065e+02
9.28820094611380e+02
8.75087165145192e+02
1.26629711468662e+03
1.52282419421862e+03
6.12405038049124e+02
4.46718430847487e+02
6.16820945442867e+02
5.91758490390190e+02
5.92849105401498e+02
5.92955564668078e+02
6.25018337027756e+02
6.15028916355610e+02
6.01907309449822e+02
5.80019483747778e+02
5.19239868825519e+02
4.98783282736700e+02
5.12960320974687e+02
5.26333339545371e+02
5.38715945799495e+02
5.36846427477775e+02
6.71914992022820e+02
6.68122431005365e+02
4.92204473112998e+02
4.32001360625311e+02
4.48633229502247e+02
7.58928612947721e+02
3.44409600913116e+02
5.10059393851884e+02
6.05498980712189e+02
4.70131092858475e+02
4.25158838922112e+02
4.43859394453271e+02
2.19926934562750e+02
1.52832997812665e+02
7.40077676558526e+01
1.18008209566942e+02
2.20708376010377e+02
3.97818474163384e+02
4.79477056302759e+02
1.02344662253510e+03
1.00182084887956e+03
6.75684653244051e+02
1.51085643434161e+03
2.56166886748370e+02
1.82620871002385e+02
6.61738429405520e+02
6.08937512545092e+02
9.70121436611087e+02
1.01675354717222e+03
8.17562062968669e+02
7.00956713976492e+02
6.16111164989611e+02
5.09784317381996e+02
3.65964133053781e+02
3.56965535579585e+02
8.62657838978718e+02
8.11961742367392e+02
1.17581521419331e+03
1.44260055462005e+03
7.62615131531136e+02
6.02966507563723e+02
4.42372779498659e+02
6.33773024521428e+02
6.09343754345274e+02
6.11713919092025e+02
6.12928759275996e+02
6.47288163885300e+02
6.38285078394347e+02
6.26005363826241e+02
6.04555912891057e+02
5.42456657504367e+02
5.22564421449794e+02
5.39373827015410e+02
5.55710084070695e+02
5.70891551544461e+02
5.71634551032757e+02
6.22644148074548e+02
6.52730493390855e+02
4.81161429680516e+02
4.23481204409169e+02
4.40954935191086e+02
7.76351486500088e+02
5.97248053883666e+02
7.16739950059980e+02
5.70442505953776e+02
5.27346523051177e+02
5.72323349683512e+02
2.97891690319436e+02
2.00790269179081e+02
3.97860962148800e+02
8.72031472406734e+02
8.93110223867486e+02
5.96716053531718e+02
9.41853017960770e+02
1.41964053735068e+03
2.51861833049172e+02
1.80798104559945e+02
6.77628654102507e+02
6.24894869940534e+02
1.10534157161319e+03
8.94257547287297e+02
7.72970205278653e+02
6.85315612999089e+02
5.72437300277497e+02
4.16987506454528e+02
4.10531758303250e+02
4.35674565466664e+02
7.36358144893579e+02
1.06871089472464e+03
1.34101467726700e+03
7.29147870825730e+02
9.35151363481837e+02
5.87987340696407e+02
4.34084291067075e+02
6.50468187454330e+02
6.26656707419949e+02
6.30365233066923e+02
6.32860116494498e+02
6.69727828460434e+02
6.61921728425408e+02
6.50761567405284e+02
6.30055852991336e+02
5.66872652008761e+02
5.47748056415536e+02
5.67352699301794e+02
5.86771934350520e+02
6.05204350242502e+02
6.08727233415986e+02
6.66063856034235e+02
8.33133379248053e+02
4.64983187214401e+02
4.10744075811324e+02
4.29204800964710e+02
7.98993707844085e+02
8.40784576978139e+02
6.85335490255379e+02
6.44820729642191e+02
7.31595398014561e+02
4.05153672744458e+02
2.96509261262281e+02
2.14401505557614e+02
2.34289308992274e+02
3.01512819103718e+02
6.98878538466059e+02
7.54047723701342e+02
5.04585319213724e+02
8.13973777390562e+02
5.03614585992917e+02
1.29541421207283e+03
2.41481077841026e+02
1.74428592803143e+02
6.97881344119220e+02
6.44390652286666e+02
9.72126220168450e+02
8.45455316453177e+02
7.55659481647165e+02
6.37155379403709e+02
4.67502529810462e+02
4.63418737735693e+02
4.94257733734113e+02
5.92672086096126e+02
9.46731101682237e+02
1.21212378597322e+03
6.79554203204760e+02
8.77272930945925e+02
4.70215717550755e+02
5.60010876747901e+02
4.15438494495735e+02
6.70835285437406e+02
6.47171562616467e+02
6.52001342501397e+02
6.55690822737861e+02
6.95150305334286e+02
6.88377214321770e+02
6.78222247452143e+02
6.58156447530332e+02
5.93629892528214e+02
5.75060819068204e+02
5.97160381715787e+02
6.19252556999100e+02
6.40880901661662e+02
6.46737543100857e+02
7.10132089084124e+02
8.91107290217574e+02
9.99897903844529e+02
3.89119453374019e+02
4.08214448952081e+02
8.16055654819009e+02
7.96170477388392e+02
7.45052329920187e+02
8.87432196151889e+02
5.19578167767433e+02
4.04600862327624e+02
2.99254843963174e+02
2.40954937412316e+02
9.89307887570013e+01
2.07266281443603e+02
5.08016557456963e+02
5.67634710420332e+02
3.94716999569770e+02
6.61418469171105e+02
4.18590156721049e+02
6.83843819486875e+02
1.14142656681675e+03
2.30670251633726e+02
1.67958648585169e+02
7.13047640528071e+02
6.58352311401238e+02
9.15653994273322e+02
8.26856237213067e+02
7.06764351175439e+02
5.15151029336461e+02
5.09108107009831e+02
5.40635739357861e+02
6.57199082626050e+02
8.77406287373000e+02
1.06089159216887e+03
6.22479157522810e+02
8.09541377834774e+02
4.36326773205000e+02
2.36323059495399e+02
5.31956198868685e+02
3.95918330933635e+02
6.85470819822497e+02
6.61734837115119e+02
6.67554597375101e+02
6.72712302706726e+02
7.14803846986017e+02
7.09398159733260e+02
7.00810289767922e+02
6.82100215438984e+02
6.17210984226405e+02
5.99417973972819e+02
6.23280553142736e+02
6.47057932420037e+02
6.72293845616780e+02
6.79908871715019e+02
7.48528780222242e+02
9.39881518836151e+02
1.05917662875197e+03
1.10802337421630e+03
3.87697612394663e+02
8.21672232443911e+02
8.41250076541258e+02
1.04361032173748e+03
6.37320527665605e+02
5.17481121345236e+02
3.96626209476871e+02
3.28568969333080e+02
1.62212675101955e+02
2.02021983899230e+02
2.15656111752961e+02
4.10555265684102e+02
4.41275171851354e+02
3.14837438332189e+02
5.46354351683544e+02
3.53863604704931e+02
5.99520421989251e+02
8.88332323550880e+02
1.02452153066578e+03
2.26071650050037e+02
1.66059387348364e+02
7.18197386243824e+02
6.63050704963962e+02
8.87595173715385e+02
7.68014734801054e+02
5.56383370827974e+02
5.48385862127540e+02
5.80863629831778e+02
7.14395815458954e+02
9.72302378182133e+02
9.72415474814302e+02
5.83004523608053e+02
7.64189564457299e+02
4.14388224224360e+02
2.27410625584738e+02
3.70564639635353e+02
5.18129865569371e+02
3.87035044003465e+02
6.90468263428765e+02
6.66989302555924e+02
6.73716011813397e+02
6.80267427382183e+02
7.24397781578879e+02
7.20431690698317e+02
7.13527060155909e+02
6.96430579421481e+02
6.32086401294540e+02
6.15306525411652e+02
6.40562469982026e+02
6.65662594402213e+02
6.94159539229845e+02
7.03443285512338e+02
7.76366844264296e+02
9.75483227930791e+02
1.10367208737485e+03
1.16315508102196e+03
1.12937454555366e+03
8.09160130119231e+02
1.17352385450604e+03
7.40102844571073e+02
6.16208360820136e+02
4.79962664323017e+02
4.01094945960592e+02
2.01250601836557e+02
2.27154055190412e+02
3.40083204077966e+02
2.53593130960947e+02
4.57722326147521e+02
3.04083053085360e+02
5.41947409162095e+02
8.06258116586810e+02
9.37409366519842e+02
2.28182597862020e+02
1.69233663124739e+02
7.07444102911414e+02
6.52940109395932e+02
8.11965348537244e+02
5.83915676162771e+02
5.73516165987332e+02
6.06006304978459e+02
7.52624172591084e+02
1.04238994613661e+03
1.05377585311015e+03
9.45063382843007e+02
5.59488289457940e+02
7.39611810604084e+02
4.03784124850630e+02
2.25385612776156e+02
3.71007984893731e+02
5.19653414473688e+02
3.89558639947492e+02
6.80053040384159e+02
6.57272227486299e+02
6.64699815519717e+02
6.72471308188261e+02
7.17620304085314e+02
7.15143929181526e+02
7.10053138511952e+02
6.94935916112321e+02
6.32575988990221e+02
6.17118963733259e+02
6.43031327226107e+02
6.68690947078642e+02
6.99739357651346e+02
7.10330253689225e+02
7.85712485666772e+02
9.87605521384206e+02
1.12143596476408e+03
1.19033140499348e+03
1.16207630320569e+03
1.02582405706231e+03
7.69395484857280e+02
8.16973973975802e+02
6.94586465283452e+02
5.50106508126483e+02
4.71292516295890e+02
2.43292944281787e+02
2.90229961688251e+02
4.13442571070436e+02
2.33968726084425e+02
4.22432414572804e+02
2.81775278039137e+02
5.32426874918480e+02
7.70849166798150e+02
8.92879828699433e+02
2.39797111460146e+02
1.79691894189905e+02
6.72792375516651e+02
6.20660692744680e+02
5.88507458201093e+02
5.75569938355152e+02
6.06806043260292e+02
7.60364407200869e+02
1.07107218548434e+03
1.09272853769731e+03
9.83652320397144e+02
1.11743568677917e+03
5.57598317997926e+02
7.43483260225175e+02
4.08421269558446e+02
2.32716970333861e+02
3.87766369753914e+02
5.42991187476110e+02
4.08198043739292e+02
6.46555457806207e+02
6.25158463143638e+02
6.32953129418763e+02
6.41596858435910e+02
6.85112046413913e+02
6.81900139587023e+02
6.69171474138857e+02
6.10854251681745e+02
5.97112289534646e+02
6.22559389890945e+02
6.47646958580114e+02
6.79973260543768e+02
6.91280381625401e+02
7.66167574998138e+02
9.63153228402535e+02
1.09731237875713e+03
1.17288348246798e+03
1.15100223741447e+03
1.02660949514906e+03
9.06904066050457e+02
6.68509075820338e+02
6.66017258182209e+02
6.14967118868351e+02
4.79132385576470e+02
3.94229013939033e+02
2.05171203173258e+02
2.41083118197221e+02
3.22775984311972e+02
2.95011795937113e+02
5.70803953852281e+02
3.61276533099548e+02
6.40110948700022e+02
8.76719084122464e+02
9.98416366482507e+02
2.76161961475272e+02
2.09090451879853e+02
5.82600465159019e+02
5.37844022549419e+02
5.20447372611043e+02
5.49398959347619e+02
6.86648818255733e+02
9.67890285330947e+02
9.87146562463332e+02
8.87211043035826e+02
1.00440289005533e+03
9.15566209772129e+02
6.15335082779294e+02
8.28451960492676e+02
4.57109298508657e+02
2.64023515087404e+02
4.38883810640837e+02
6.18876058070682e+02
4.68823110837890e+02
5.60391501174247e+02
5.42389890282660e+02
5.49824594415051e+02
5.58077760476609e+02
5.95662346010452e+02
5.85442352715137e+02
5.35223548144708e+02
5.23850339316680e+02
5.46776651186610e+02
5.69492497294415e+02
5.99171078332839e+02
6.10135047355008e+02
6.77407908049285e+02
8.53019642737410e+02
9.74323859427050e+02
1.04507007994470e+03
1.02883054906669e+03
9.21018371292329e+02
8.16201917551208e+02
6.68159122018032e+02
5.81001945907816e+02
5.73013369358570e+02
6.13850744898738e+02
4.75247808857815e+02
3.85520502606276e+02
2.07695155906221e+02
2.51028631698492e+02
3.45770059890409e+02
3.26181948791644e+02
5.98214475252711e+02
4.40557733586328e+02
4.12531745252872e+02
3.26081661702834e+02
5.82954297833271e+02
8.02714159558348e+02
9.28131764465490e+02
3.09025855122122e+02
2.80493667805229e+02
2.15025701981022e+02
5.37210604495873e+02
4.96472441464005e+02
5.35011484665790e+02
6.69629683873762e+02
9.46731382478690e+02
9.68879120718207e+02
8.74366424998141e+02
9.92474339874817e+02
9.07793426426084e+02
6.61176795317627e+02
8.02478461953502e+02
4.45128354106621e+02
2.59755330488066e+02
4.35902701940273e+02
6.20888535552594e+02
4.74431166924074e+02
5.17364883164690e+02
5.01350111623076e+02
5.08886797997024e+02
5.17198572267076e+02
5.45596604998944e+02
4.99511106948011e+02
4.89585980698949e+02
5.11776004526886e+02
5.33932587335774e+02
5.62916957346417e+02
5.74384453573180e+02
6.39079271717318e+02
8.06658173170960e+02
9.23884823505855e+02
9.94019661194127e+02
9.81669821902853e+02
8.81478782586781e+02
7.83591689617963e+02
6.43950610997755e+02
5.98444226138687e+02
5.37920809325474e+02
5.31204814212838e+02
5.34106703065129e+02
5.20815155834880e+02
2.25911773964830e+02
2.89803532808778e+02
4.29038785038313e+02
4.37465600006335e+02
7.93839499664355e+02
6.24260542831854e+02
3.97557520292970e+02
6.34274471264942e+02
7.48853079308010e+02
2.43900716357315e+02
7.92196248514573e+02
5.22631141092759e+02
2.65964795953216e+02
2.10038287796867e+02
4.56098908208863e+02
4.22152580219544e+02
9.04865015905091e+02
9.34366262483676e+02
8.50675900941449e+02
9.75600597010064e+02
9.06601051735321e+02
6.66843299915684e+02
5.46528491637080e+02
4.39734308657354e+02
2.25003426381056e+02
3.96134937291917e+02
5.74544794442226e+02
4.45903190560751e+02
4.40063883554262e+02
4.27338015297850e+02
4.34850728190015e+02
4.43157612382295e+02
4.26872097320352e+02
4.47282700669468e+02
4.67883765883264e+02
4.95352902117785e+02
5.07237676907143e+02
5.66602453587934e+02
7.17892986918439e+02
8.26429675734693e+02
8.95162877733811e+02
8.89598434480859e+02
8.04962425771852e+02
7.20358446197612e+02
5.94956587733065e+02
5.56336215491077e+02
4.90446467919137e+02
5.59946917295402e+02
4.60111259159888e+02
4.55478256072794e+02
4.59247264532148e+02
4.59658064949078e+02
4.53142357828709e+02
4.24296831470277e+02
4.85669946784568e+02
5.13458466939648e+02
9.40201008029663e+02
7.78748047513376e+02
4.87011734039303e+02
7.77133419315335e+02
5.65845464796484e+02
1.63969088162892e+02
5.81872814285824e+02
3.67514716074273e+02
1.30750458841213e+02
2.25326349967129e+02
2.31343322677238e+02
1.89913814169758e+02
3.71658193843244e+02
3.44117515761314e+02
7.95413178852138e+02
9.25069222000556e+02
8.81187594683527e+02
6.58751158064977e+02
5.47430264410573e+02
4.47833278553985e+02
3.07397628882666e+02
2.80262367019761e+02
4.88639633660380e+02
3.83518719010440e+02
3.58882106099711e+02
3.49050743742787e+02
3.56035518401752e+02
3.63938445642172e+02
3.92928946660555e+02
4.17890630577748e+02
4.29090575537656e+02
4.81012195749283e+02
6.11121168952525e+02
7.06950825793753e+02
7.71969781157065e+02
7.72239963433701e+02
7.06220853001450e+02
6.36756650321199e+02
5.26273416622266e+02
4.94883396997664e+02
4.35817971293280e+02
5.00851099728114e+02
6.55711063146963e+02
7.32597265443749e+02
3.77332743104885e+02
3.74395643167170e+02
3.78610695762717e+02
3.80225889649417e+02
3.76137211248757e+02
3.74375392305579e+02
3.84906037427877e+02
2.59421139690106e+02
7.04809928596605e+02
5.49332354154369e+02
3.14560461469552e+02
4.36074203752920e+02
2.23036158286219e+02
3.86409964315122e+02
1.98433820842559e+02
2.67841818809117e+02
8.86947490026904e+01
1.99827176125320e+02
4.61080386527014e+02
2.14202667657346e+02
1.83045127932656e+02
2.27173138039698e+02
2.10707443588620e+02
5.93740627801524e+02
4.43474698490692e+02
3.70460298074944e+02
3.04002820414297e+02
2.12319188766016e+02
1.98756547869697e+02
3.00033239830063e+02
3.73408816749521e+02
2.19940042893933e+02
2.14490018536300e+02
2.19423292424949e+02
2.24836991684347e+02
2.70828977800107e+02
3.04521305870378e+02
3.89182976614189e+02
4.52156077486066e+02
4.95701817056491e+02
4.97849122620565e+02
4.56325303809324e+02
4.12341251805039e+02
3.41668506800926e+02
3.23610108543651e+02
2.86289612910303e+02
3.30619098468290e+02
4.34964514395148e+02
4.86648384253828e+02
5.41796425232007e+02
6.02299832619761e+02
2.32575570064021e+02
2.31287203439832e+02
2.34483308092871e+02
2.36022110394921e+02
2.33946035928266e+02
2.33208176186281e+02
2.40242345195299e+02
2.45992159986752e+02
2.46781504189711e+02
1.71915047257191e+02
2.67933415813973e+02
3.59369388361822e+02
1.68631127754845e+02
2.19347450775082e+02
3.08362495379409e+02
3.61469367981381e+02
2.94295417033328e+02
-2.50391872732063e+02
-3.25027991344322e+01
1.24852392284233e+02
3.07339504744834e+02
3.15319534252355e+02
1.55345482737843e+02
1.43641859190503e+02
1.50436564812968e+02
1.39727457287231e+02
2.79692254221203e+02
2.32084958875402e+02
1.65171546846615e+02
1.58256124179230e+02
2.44987126451419e+02
3.12608910027300e+02
4.79573248838796e+02
5.36897118795670e+02
1.46017386617061e+02
1.42793270228792e+02
1.46545103105747e+02
1.50573107140321e+02
2.69356610113716e+02
3.14376046330049e+02
3.46233633647778e+02
3.49247228909178e+02
3.21163594473047e+02
2.90950965013676e+02
2.41469083931684e+02
2.30628454880463e+02
2.04840289339358e+02
2.37958655997733e+02
3.14970225451999e+02
3.53126682541377e+02
3.95629888144224e+02
4.42216780571896e+02
4.17779945026227e+02
3.90656811631838e+02
1.55380268779619e+02
1.54893864775668e+02
1.57484725820160e+02
1.58943402715356e+02
1.57907266978005e+02
1.57680284200261e+02
1.62796393527644e+02
1.67116113099200e+02
1.68131045999358e+02
1.70490346611304e+02
1.87289289837461e+02
7.34683512719171e+01
9.81135832332578e+01
1.20011315685709e+02
1.71688330315419e+02
1.65243594733417e+02
4.38528010217425e+02
3.73316033140772e+03
1.87904335613573e+03
7.71079918241159e+02
6.44263774106272e+02
2.50171059754981e+02
6.39631281733991e+01
5.95364771369131e+01
8.32192313436341e+01
8.21853071794664e+01
1.31317233462043e+02
1.71499502496084e+02
2.72276302645870e+02
3.09441505568113e+02
2.05477268187551e+02
1.85241369482599e+02
6.24731991669509e+01
6.14995763456566e+01
6.35837307581190e+01
6.56355551644522e+01
1.59409053845270e+02
1.61459323785079e+02
1.48037570246579e+02
1.33638171759037e+02
1.10251311347568e+02
1.07411226509018e+02
9.58807982420156e+01
1.12671328068852e+02
1.50296019217530e+02
1.66785963103201e+02
1.87096907478224e+02
2.09598412042415e+02
1.98147322660170e+02
1.86315305728117e+02
1.69534099969783e+02
1.33955531582782e+02
6.73381827815213e+01
6.73955165789928e+01
6.88650587943964e+01
6.97583962062758e+01
6.94244177702290e+01
6.93115047340103e+01
7.17098112687963e+01
7.38552038998237e+01
7.45413259761405e+01
7.55609318273330e+01
8.32183953383959e+01
1.01044032290855e+02
1.15689147371640e+02
5.74865963630274e+01
2.06987385858885e+02
1.99228192854919e+02
7.61351001001235e+01
2.55034695480181e+02
3.74456525772257e+02
-1.96730003637323e+03
6.22266777239123e+02
6.48723082496724e+02
2.23260395269415e+02
2.13080588582606e+02
4.99359744355305e+01
4.65850124318563e+01
1.25896332798265e+02
1.68293624894248e+02
2.73252383073982e+02
3.15391952010246e+02
2.13789615314992e+02
1.96184573545729e+02
1.61927709416406e+02
1.26501334489909e+02
4.89897767449684e+01
4.84439415931076e+01
5.03302698226677e+01
5.21296769285193e+01
1.23756482947967e+02
1.11761218628181e+02
9.22954592902889e+01
9.08185528941434e+01
8.15323686312070e+01
9.65166128041106e+01
1.29475263708335e+02
1.43605387648315e+02
1.61757059549349e+02
1.82089178973110e+02
1.72795940180676e+02
1.63423470897752e+02
1.49752300444188e+02
1.19225033460404e+02
9.54911486899462e+01
8.79493559319679e+01
5.32770837703813e+01
5.34896637322507e+01
5.48534285732722e+01
5.57281970860353e+01
5.55738074300490e+01
5.55552533813578e+01
5.76248248043062e+01
5.95404739627698e+01
6.02753115074849e+01
6.12018023741488e+01
6.76156749356148e+01
8.27427066651050e+01
9.52157823423449e+01
1.03512793784968e+02
1.08876348688772e+02
5.12536133983272e+00
1.66029005213584e+01
-1.60040041028362e+01
1.76104615145035e+02
-1.57281593947033e+01
-1.44003660096083e+02
8.46614475216051e+02
3.85218920136443e+00
3.70001468018956e+00
9.07334322924393e+01
1.07835043639212e+02
6.86698069971359e+01
6.58515479344022e+01
5.73085493678694e+01
3.61177727740617e+01
6.21509370273923e+01
8.32432763009212e+01
4.29922362215018e+00
4.80976838008052e+00
5.64742649081654e+00
6.21886586786414e+00
1.37127165379851e+01
1.61518773350976e+01
1.45664146824149e+01
1.89638483185487e+01
2.69939777152676e+01
2.68040939949312e+01
2.95646539666985e+01
3.30860724591439e+01
3.06168846367228e+01
2.94179620068769e+01
2.77385212920304e+01
2.29141368428352e+01
1.93498201080868e+01
2.03381261568749e+01
2.74723784319755e+01
3.62290554833438e+01
5.82292491386398e+00
6.15233786158095e+00
6.72228195529290e+00
7.09735939495439e+00
7.12252227762732e+00
6.95348116666702e+00
7.29270757111035e+00
7.76675729739763e+00
8.09177447784866e+00
8.01339737249933e+00
9.02429368475385e+00
1.28745668846292e+01
1.58483059020288e+01
1.75757520716323e+01
1.87578891471849e+01
1.98815464885842e+01
2.00097592669621e+01
-5.54003411184488e+00
1.38037035010556e+01
-2.15766377078272e+01
1.52566748674585e+02
2.86005699373517e+01
8.36214628704929e+01
2.94605116632357e+02
-5.54015461394174e+00
-5.04518819598695e+00
3.53805350740146e+01
3.56637324305328e+01
3.24341455096030e+01
1.58718203247573e+01
3.65915556428303e+01
5.56764299640404e+01
-4.81600247029412e+00
-4.09848688058910e+00
-3.48228143379647e+00
-3.17226142049291e+00
5.55080725199411e-01
2.70710873961430e+00
5.46505839093190e+00
2.29746120251519e+00
1.76493633812185e+00
1.69259014082428e+00
5.42669466327139e-01
8.87901542879545e-01
1.51418204174053e+00
1.98154229853459e+00
2.63598370321743e+00
5.30324765872233e+00
1.01362788277127e+01
1.54836805273854e+01
3.41093832654786e+01
4.32338163985034e+01
-3.87815615991349e+00
-3.53350369588865e+00
-3.13570222029392e+00
-2.87355955116175e+00
-2.81995635775327e+00
-3.02071853712713e+00
-3.03495610845510e+00
-2.85494595133801e+00
-2.61912367563355e+00
-2.89745333119172e+00
-2.99030598267759e+00
-1.47122396483961e+00
-4.70966427628166e-01
-1.13725695042718e-01
1.86362859225271e-01
5.13488984097590e-01
2.92696936336676e-01
-4.77849807112913e-01
1.48297810209249e+00
-1.09380851758714e+01
2.75824769713806e+00
1.04712447225289e+02
-2.24825011329759e+01
2.44761938977216e+01
1.38322630646974e+02
1.45581198300230e+02
6.27311898383222e+01
-1.03050705947304e+01
-9.49558648624401e+00
1.50851425266978e+01
6.45731631731084e-01
1.65593307516390e+01
3.34914979152986e+01
-3.22442380003330e+01
-9.45274563738447e+00
-8.63973852775475e+00
-8.14322050243607e+00
-7.97457871063833e+00
-6.26836181396446e+00
-1.11064678325764e+01
-1.35010278139137e+01
-1.56373185114281e+01
-1.61553506055782e+01
-1.50797967317341e+01
-1.33159201193449e+01
-1.00199807047125e+01
-7.16162674382575e+00
-3.70276955448610e+00
-4.61351725453139e-01
2.54743981622356e+00
1.37712307197847e+01
1.86542967946691e+01
1.78555152637583e+01
2.15144102481816e+01
-8.83206974137169e+00
-8.49029163140171e+00
-8.18941497206599e+00
-7.99440570491957e+00
-7.93591798551077e+00
-8.16432422837971e+00
-8.37254698081361e+00
-8.35614681631820e+00
-8.17595348487221e+00
-8.57242685661590e+00
-9.25500281526592e+00
-8.97005633844348e+00
-9.01990754075957e+00
-9.40037173457321e+00
-9.59068566201857e+00
-9.70982521015584e+00
-1.01515161795380e+01
-1.05916748218686e+01
-8.54240456523528e+00
-8.41444598685047e+00
-8.21112121197632e+00
-1.10528214815539e+01
1.34774175714780e+00
6.49542144420834e+01
3.57949159504204e+01
2.22075537324969e+01
-1.04190724673285e+01
-9.61723720395722e+00
-3.20407127594379e+01
1.88401887335511e+01
2.00300187907004e+01
-1.31157393078855e+01
3.60607447020147e+01
-9.57787690904999e+00
-8.77629062913429e+00
-8.28817597659520e+00
-8.12952995758721e+00
-1.62092075368353e+01
-1.52932469972540e+01
-1.37866023939314e+01
-1.07725802251589e+01
-8.09119394416331e+00
-4.91298834689906e+00
-2.20439697269393e+00
3.32243725043288e-01
1.01138017812231e+01
1.43394010482121e+01
1.39186610910693e+01
1.72029150034768e+01
1.07449605081393e+01
3.94055683850769e+00
1.19990746099285e+01
1.43142386735697e+01
-8.98660613327163e+00
-8.65387118571542e+00
-8.36014402114238e+00
-8.17032295448854e+00
-8.10904381713704e+00
-8.32997986151407e+00
-8.53463776188459e+00
-8.51422875420325e+00
-8.32727588484160e+00
-8.71166011717374e+00
-9.39962560029103e+00
-9.17530077582097e+00
-9.26096007252912e+00
-9.64553486507843e+00
-9.83693364877064e+00
-9.96917223773147e+00
-1.04172190193952e+01
-1.08332349992783e+01
-8.86036734775044e+00
-8.71812093147779e+00
-8.52134913413217e+00
-8.79354628197012e+00
-9.90086720629158e+00
-1.07905991578843e+01
-1.15343900702477e+01
-1.03417221879780e+01
2.05390786302022e+00
2.21445066959086e+01
-9.80862824744436e+00
-9.07628030444069e+00
-2.85083033254697e+01
1.72511223893112e+01
1.83287841892939e+01
-1.42943319488840e+01
3.21012805855517e+01
5.48574884809473e+01
4.22017418509893e+01
-9.00861332776144e+00
-8.23809933672203e+00
-7.74030149667700e+00
-7.56720564933602e+00
-7.46337548424356e+00
-4.68446569762386e+00
-2.24321156207500e+00
1.99499877578447e-01
9.91230529633661e+00
1.41861840924960e+01
1.40219180144345e+01
1.72944860779382e+01
1.07700818165738e+01
4.33339852206734e+00
1.23497816098065e+01
1.43756199246463e+01
-8.39894744434584e+00
-8.07707304114004e+00
-7.77504523351833e+00
-7.57812837232570e+00
-7.51323871612557e+00
-7.72565947686133e+00
-7.90461654746006e+00
-7.86417427510549e+00
-7.66434601140212e+00
-8.02874136278277e+00
-8.64991529639628e+00
-8.32333434170071e+00
-8.30055181882983e+00
-8.58846181805229e+00
-8.71655196589055e+00
-8.79292169739724e+00
-9.21416320842850e+00
-9.66051182330594e+00
-7.76502097211765e+00
-7.73290100616490e+00
-7.50237661533337e+00
-7.62687683114117e+00
-8.56261644320479e+00
-9.30655322032179e+00
-9.77463830848990e+00
-9.95353979986582e+00
-1.15245361938830e+01
-1.17673489301859e+01
-1.12571914232738e+01
-1.00770501170863e+01
2.58845542679741e+00
2.31158468129330e+01
-9.60167174380336e+00
-8.90073724998271e+00
-2.84040039596179e+01
1.72089506679829e+01
5.38725715422965e+01
4.13358998373310e+01
-8.81391268932767e+00
-8.05032062893030e+00
-7.53928388769156e+00
-7.35899382009736e+00
9.46690295422980e+00
1.38060065917380e+01
1.38155893343077e+01
1.72434696289051e+01
1.06290691665200e+01
4.21563571511228e+00
1.26697125802723e+01
1.48108190234900e+01
-2.78637634944308e+00
-1.15472985095516e+00
2.56233817842636e+01
-8.18994466482380e+00
-7.87362652509694e+00
-7.56534410651994e+00
-7.36684042718157e+00
-7.30476893702950e+00
-7.52381108486883e+00
-7.69728956371123e+00
-7.64976099851801e+00
-7.44468163161097e+00
-7.81170207363707e+00
-8.41414566964214e+00
-8.02543301238582e+00
-7.94494560102377e+00
-8.18975761723696e+00
-8.29043663896091e+00
-8.34570266856904e+00
-8.77091826900444e+00
-9.25085405371099e+00
-7.35877781000548e+00
-7.39815473956303e+00
-7.14863820669625e+00
-7.19290239161609e+00
-8.05872470896607e+00
-8.73932413546162e+00
-9.06641567877995e+00
-9.16462764139483e+00
-1.07890146141572e+01
-1.10924055492826e+01
-1.07336767090463e+01
-9.97077539964286e+00
-8.25276574889412e+00
-6.54607945571218e+00
-4.31072473954904e+00
-1.00099006352742e+01
2.08103981572213e+00
1.35617733717144e+01
-9.55469191296433e+00
-8.85436664354165e+00
-2.97810221715930e+01
1.41886956087807e+01
-8.76114787144160e+00
-7.99707674075094e+00
-7.48242033713231e+00
-7.30778026095290e+00
1.54431888257259e+01
9.21223487959860e+00
2.88145836983519e+00
1.13110047545938e+01
1.34853836523498e+01
-5.39388449726385e+00
-4.83323676351931e+00
1.79153358086024e+01
9.16048217575601e+00
2.24927676691049e+01
-8.14203578254790e+00
-7.83152478723553e+00
-7.52683990288948e+00
-7.33737801158331e+00
-7.28530694284208e+00
-7.51461896555535e+00
-7.69104589586268e+00
-7.64430741635257e+00
-7.44620183446815e+00
-7.81902683487893e+00
-8.42377015340720e+00
-8.02383589965088e+00
-7.94197711009836e+00
-8.19099665983985e+00
-8.29647038080487e+00
-8.36865835768874e+00
-8.81252990601992e+00
-9.29902029275501e+00
-7.41176125611316e+00
-7.46910070491884e+00
-7.22498688940416e+00
-7.25266942645513e+00
-8.10971631818594e+00
-8.76948631394602e+00
-9.07522384049904e+00
-9.18538913722768e+00
-1.08857932579369e+01
-1.12685027345476e+01
-1.09997681580513e+01
-1.03027450412371e+01
-8.66793827860581e+00
-7.13243857198482e+00
-5.07847161593525e+00
8.93310041549184e-01
4.22209107474395e+00
5.14332340770071e+00
